Data;Hora;Fuso;Open;High;Low;Close;Volume
2026-07-09;10:00:00;-03:00;10,819999694824219;10,829999923706055;10,770000457763672;10,8100004196167;0
2026-07-09;10:05:00;-03:00;10,819999694824219;10,829999923706055;10,8100004196167;10,8100004196167;47100
2026-07-09;10:10:00;-03:00;10,8100004196167;10,84000015258789;10,8100004196167;10,84000015258789;29400
2026-07-09;10:15:00;-03:00;10,84000015258789;10,84000015258789;10,819999694824219;10,829999923706055;37700
2026-07-09;10:20:00;-03:00;10,84000015258789;10,859999656677246;10,84000015258789;10,859999656677246;29500
2026-07-09;10:25:00;-03:00;10,859999656677246;10,859999656677246;10,84000015258789;10,84000015258789;27700
2026-07-09;10:30:00;-03:00;10,84000015258789;10,84000015258789;10,8100004196167;10,829999923706055;84100
2026-07-09;10:35:00;-03:00;10,829999923706055;10,850000381469727;10,819999694824219;10,829999923706055;81400
2026-07-09;10:40:00;-03:00;10,829999923706055;10,829999923706055;10,8100004196167;10,819999694824219;52100
2026-07-09;10:45:00;-03:00;10,819999694824219;10,819999694824219;10,8100004196167;10,819999694824219;68800
2026-07-09;10:50:00;-03:00;10,819999694824219;10,819999694824219;10,8100004196167;10,8100004196167;17300
2026-07-09;10:55:00;-03:00;10,8100004196167;10,84000015258789;10,8100004196167;10,829999923706055;169000
2026-07-09;11:00:00;-03:00;10,829999923706055;10,880000114440918;10,829999923706055;10,880000114440918;117400
2026-07-09;11:05:00;-03:00;10,880000114440918;10,920000076293945;10,869999885559082;10,90999984741211;159400
2026-07-09;11:10:00;-03:00;10,899999618530273;10,90999984741211;10,880000114440918;10,899999618530273;42800
2026-07-09;11:15:00;-03:00;10,899999618530273;10,930000305175781;10,890000343322754;10,920000076293945;155200
2026-07-09;11:20:00;-03:00;10,920000076293945;10,9399995803833;10,899999618530273;10,9399995803833;156500
2026-07-09;11:25:00;-03:00;10,9399995803833;10,960000038146973;10,9399995803833;10,949999809265137;76300
2026-07-09;11:30:00;-03:00;10,949999809265137;10,960000038146973;10,9399995803833;10,960000038146973;34900
2026-07-09;11:35:00;-03:00;10,960000038146973;10,970000267028809;10,949999809265137;10,970000267028809;78700
2026-07-09;11:40:00;-03:00;10,970000267028809;10,970000267028809;10,960000038146973;10,970000267028809;29400
2026-07-09;11:45:00;-03:00;10,970000267028809;10,970000267028809;10,960000038146973;10,970000267028809;23800
2026-07-09;11:50:00;-03:00;10,970000267028809;10,979999542236328;10,960000038146973;10,970000267028809;147200
2026-07-09;11:55:00;-03:00;10,970000267028809;10,979999542236328;10,960000038146973;10,970000267028809;75600
2026-07-09;12:00:00;-03:00;10,960000038146973;10,979999542236328;10,9399995803833;10,970000267028809;269200
2026-07-09;12:05:00;-03:00;10,970000267028809;10,989999771118164;10,949999809265137;10,979999542236328;320300
2026-07-09;12:10:00;-03:00;10,989999771118164;11,0;10,979999542236328;10,989999771118164;108200
2026-07-09;12:15:00;-03:00;10,989999771118164;10,989999771118164;10,979999542236328;10,989999771118164;53400
2026-07-09;12:20:00;-03:00;10,989999771118164;10,989999771118164;10,979999542236328;10,989999771118164;24900
2026-07-09;12:25:00;-03:00;10,989999771118164;10,989999771118164;10,970000267028809;10,979999542236328;57900
2026-07-09;12:30:00;-03:00;10,979999542236328;10,989999771118164;10,970000267028809;10,989999771118164;40000
2026-07-09;12:35:00;-03:00;10,989999771118164;11,0;10,979999542236328;11,0;62800
2026-07-09;12:40:00;-03:00;11,0;11,0;10,989999771118164;11,0;36900
2026-07-09;12:45:00;-03:00;11,0;11,0;10,989999771118164;11,0;39600
2026-07-09;12:50:00;-03:00;11,0;11,0;10,960000038146973;10,960000038146973;219300
2026-07-09;12:55:00;-03:00;10,949999809265137;10,960000038146973;10,949999809265137;10,960000038146973;49300
2026-07-09;13:00:00;-03:00;10,960000038146973;10,970000267028809;10,949999809265137;10,970000267028809;41600
2026-07-09;13:05:00;-03:00;10,960000038146973;10,970000267028809;10,949999809265137;10,970000267028809;57400
2026-07-09;13:10:00;-03:00;10,970000267028809;10,970000267028809;10,960000038146973;10,970000267028809;52300
2026-07-09;13:15:00;-03:00;10,970000267028809;10,970000267028809;10,960000038146973;10,970000267028809;29400
2026-07-09;13:20:00;-03:00;10,960000038146973;10,970000267028809;10,960000038146973;10,970000267028809;38800
2026-07-09;13:25:00;-03:00;10,960000038146973;10,970000267028809;10,960000038146973;10,960000038146973;30100
2026-07-09;13:30:00;-03:00;10,970000267028809;10,970000267028809;10,960000038146973;10,970000267028809;29400
2026-07-09;13:35:00;-03:00;10,970000267028809;10,970000267028809;10,960000038146973;10,970000267028809;40300
2026-07-09;13:40:00;-03:00;10,960000038146973;10,979999542236328;10,960000038146973;10,979999542236328;82600
2026-07-09;13:45:00;-03:00;10,979999542236328;10,979999542236328;10,960000038146973;10,979999542236328;80800
2026-07-09;13:50:00;-03:00;10,979999542236328;10,979999542236328;10,970000267028809;10,979999542236328;52900
2026-07-09;13:55:00;-03:00;10,979999542236328;10,989999771118164;10,9399995803833;10,9399995803833;242000
2026-07-09;14:00:00;-03:00;10,9399995803833;10,970000267028809;10,9399995803833;10,960000038146973;216600
2026-07-09;14:05:00;-03:00;10,970000267028809;10,970000267028809;10,9399995803833;10,960000038146973;178700
2026-07-09;14:10:00;-03:00;10,960000038146973;10,970000267028809;10,949999809265137;10,960000038146973;52900
2026-07-09;14:15:00;-03:00;10,960000038146973;10,960000038146973;10,949999809265137;10,960000038146973;34600
2026-07-09;14:20:00;-03:00;10,960000038146973;10,970000267028809;10,9399995803833;10,949999809265137;208200
2026-07-09;14:25:00;-03:00;10,949999809265137;10,970000267028809;10,949999809265137;10,970000267028809;164100
2026-07-09;14:30:00;-03:00;10,970000267028809;10,979999542236328;10,960000038146973;10,979999542236328;126600
2026-07-09;14:35:00;-03:00;10,979999542236328;10,989999771118164;10,960000038146973;10,989999771118164;125600
2026-07-09;14:40:00;-03:00;10,989999771118164;11,0;10,979999542236328;11,0;42500
2026-07-09;14:45:00;-03:00;11,0;11,0;10,989999771118164;10,989999771118164;54900
2026-07-09;14:50:00;-03:00;11,0;11,0;10,989999771118164;11,0;50600
2026-07-09;14:55:00;-03:00;11,0;11,0;10,989999771118164;11,0;47200
2026-07-09;15:00:00;-03:00;11,0;11,0;10,979999542236328;10,989999771118164;323600
2026-07-09;15:05:00;-03:00;10,989999771118164;11,0;10,979999542236328;10,989999771118164;93100
2026-07-09;15:10:00;-03:00;10,979999542236328;11,0;10,979999542236328;11,0;43800
2026-07-09;15:15:00;-03:00;11,0;11,0;10,989999771118164;11,0;47900
2026-07-09;15:20:00;-03:00;10,989999771118164;11,0;10,989999771118164;11,0;44200
2026-07-09;15:25:00;-03:00;11,0;11,010000228881836;10,989999771118164;11,010000228881836;160900
2026-07-09;15:30:00;-03:00;11,010000228881836;11,020000457763672;11,0;11,010000228881836;83900
2026-07-09;15:35:00;-03:00;11,010000228881836;11,010000228881836;11,0;11,0;33900
2026-07-09;15:40:00;-03:00;11,010000228881836;11,020000457763672;11,0;11,020000457763672;47200
2026-07-09;15:45:00;-03:00;11,020000457763672;11,020000457763672;11,010000228881836;11,020000457763672;52400
2026-07-09;15:50:00;-03:00;11,020000457763672;11,029999732971191;11,010000228881836;11,020000457763672;162100
2026-07-09;15:55:00;-03:00;11,020000457763672;11,029999732971191;11,010000228881836;11,029999732971191;34800
2026-07-09;16:00:00;-03:00;11,029999732971191;11,029999732971191;11,020000457763672;11,020000457763672;136800
2026-07-09;16:05:00;-03:00;11,029999732971191;11,029999732971191;11,020000457763672;11,029999732971191;68500
2026-07-09;16:10:00;-03:00;11,020000457763672;11,029999732971191;10,989999771118164;11,0;447800
2026-07-09;16:15:00;-03:00;11,010000228881836;11,010000228881836;10,989999771118164;11,0;350100
2026-07-09;16:20:00;-03:00;11,0;11,020000457763672;10,989999771118164;11,010000228881836;390200
2026-07-09;16:25:00;-03:00;11,010000228881836;11,029999732971191;11,0;11,029999732971191;188700
2026-07-09;16:30:00;-03:00;11,020000457763672;11,029999732971191;11,010000228881836;11,020000457763672;96000
2026-07-09;16:35:00;-03:00;11,020000457763672;11,039999961853027;11,010000228881836;11,029999732971191;231900
2026-07-09;16:40:00;-03:00;11,029999732971191;11,050000190734863;11,029999732971191;11,039999961853027;171700
2026-07-09;16:45:00;-03:00;11,029999732971191;11,050000190734863;11,029999732971191;11,050000190734863;66100
2026-07-09;16:50:00;-03:00;11,050000190734863;11,050000190734863;11,029999732971191;11,029999732971191;106500
2026-07-10;10:00:00;-03:00;11,199999809265137;11,239999771118164;11,1899995803833;11,229999542236328;0
2026-07-10;10:05:00;-03:00;11,229999542236328;11,279999732971191;11,220000267028809;11,270000457763672;122900
2026-07-10;10:10:00;-03:00;11,279999732971191;11,319999694824219;11,279999732971191;11,300000190734863;106700
2026-07-10;10:15:00;-03:00;11,3100004196167;11,3100004196167;11,279999732971191;11,279999732971191;89600
2026-07-10;10:20:00;-03:00;11,279999732971191;11,300000190734863;11,260000228881836;11,279999732971191;80500
2026-07-10;10:25:00;-03:00;11,289999961853027;11,319999694824219;11,279999732971191;11,300000190734863;135200
2026-07-10;10:30:00;-03:00;11,300000190734863;11,350000381469727;11,279999732971191;11,350000381469727;138100
2026-07-10;10:35:00;-03:00;11,34000015258789;11,359999656677246;11,319999694824219;11,359999656677246;162700
2026-07-10;10:40:00;-03:00;11,359999656677246;11,369999885559082;11,289999961853027;11,300000190734863;245600
2026-07-10;10:45:00;-03:00;11,289999961853027;11,289999961853027;11,260000228881836;11,289999961853027;169900
2026-07-10;10:50:00;-03:00;11,279999732971191;11,3100004196167;11,279999732971191;11,3100004196167;145000
2026-07-10;10:55:00;-03:00;11,3100004196167;11,319999694824219;11,289999961853027;11,319999694824219;115200
2026-07-10;11:00:00;-03:00;11,319999694824219;11,34000015258789;11,3100004196167;11,329999923706055;158700
2026-07-10;11:05:00;-03:00;11,319999694824219;11,329999923706055;11,289999961853027;11,3100004196167;88300
2026-07-10;11:10:00;-03:00;11,3100004196167;11,3100004196167;11,289999961853027;11,300000190734863;106100
2026-07-10;11:15:00;-03:00;11,300000190734863;11,319999694824219;11,300000190734863;11,319999694824219;80800
2026-07-10;11:20:00;-03:00;11,319999694824219;11,319999694824219;11,300000190734863;11,300000190734863;82500
2026-07-10;11:25:00;-03:00;11,300000190734863;11,34000015258789;11,300000190734863;11,319999694824219;144400
2026-07-10;11:30:00;-03:00;11,329999923706055;11,329999923706055;11,25;11,300000190734863;288300
2026-07-10;11:35:00;-03:00;11,300000190734863;11,3100004196167;11,279999732971191;11,279999732971191;96100
2026-07-10;11:40:00;-03:00;11,279999732971191;11,319999694824219;11,279999732971191;11,319999694824219;168000
2026-07-10;11:45:00;-03:00;11,3100004196167;11,329999923706055;11,3100004196167;11,319999694824219;103900
2026-07-10;11:50:00;-03:00;11,329999923706055;11,34000015258789;11,3100004196167;11,319999694824219;179800
2026-07-10;11:55:00;-03:00;11,319999694824219;11,329999923706055;11,3100004196167;11,319999694824219;58300
2026-07-10;12:00:00;-03:00;11,329999923706055;11,329999923706055;11,300000190734863;11,300000190734863;21400
2026-07-10;12:05:00;-03:00;11,3100004196167;11,3100004196167;11,279999732971191;11,289999961853027;90600
2026-07-10;12:10:00;-03:00;11,289999961853027;11,289999961853027;11,270000457763672;11,289999961853027;71600
2026-07-10;12:15:00;-03:00;11,289999961853027;11,289999961853027;11,279999732971191;11,289999961853027;24500
2026-07-10;12:20:00;-03:00;11,289999961853027;11,289999961853027;11,270000457763672;11,289999961853027;59900
2026-07-10;12:25:00;-03:00;11,289999961853027;11,289999961853027;11,279999732971191;11,289999961853027;54400
2026-07-10;12:30:00;-03:00;11,279999732971191;11,300000190734863;11,270000457763672;11,300000190734863;179700
2026-07-10;12:35:00;-03:00;11,289999961853027;11,300000190734863;11,279999732971191;11,289999961853027;25500
2026-07-10;12:40:00;-03:00;11,279999732971191;11,300000190734863;11,279999732971191;11,289999961853027;39100
2026-07-10;12:45:00;-03:00;11,300000190734863;11,300000190734863;11,279999732971191;11,279999732971191;21300
2026-07-10;12:50:00;-03:00;11,289999961853027;11,3100004196167;11,289999961853027;11,289999961853027;61600
2026-07-10;12:55:00;-03:00;11,300000190734863;11,3100004196167;11,289999961853027;11,300000190734863;48300
2026-07-10;13:00:00;-03:00;11,289999961853027;11,3100004196167;11,289999961853027;11,3100004196167;41400
2026-07-10;13:05:00;-03:00;11,3100004196167;11,319999694824219;11,300000190734863;11,319999694824219;55400
2026-07-10;13:10:00;-03:00;11,319999694824219;11,319999694824219;11,3100004196167;11,3100004196167;88000
2026-07-10;13:15:00;-03:00;11,319999694824219;11,329999923706055;11,3100004196167;11,319999694824219;137100
2026-07-10;13:20:00;-03:00;11,319999694824219;11,329999923706055;11,3100004196167;11,319999694824219;69200
2026-07-10;13:25:00;-03:00;11,319999694824219;11,329999923706055;11,3100004196167;11,329999923706055;73800
2026-07-10;13:30:00;-03:00;11,319999694824219;11,329999923706055;11,319999694824219;11,329999923706055;101600
2026-07-10;13:35:00;-03:00;11,329999923706055;11,34000015258789;11,329999923706055;11,34000015258789;109800
2026-07-10;13:40:00;-03:00;11,34000015258789;11,34000015258789;11,329999923706055;11,329999923706055;178300
2026-07-10;13:45:00;-03:00;11,319999694824219;11,350000381469727;11,319999694824219;11,350000381469727;77000
2026-07-10;13:50:00;-03:00;11,350000381469727;11,350000381469727;11,34000015258789;11,350000381469727;87400
2026-07-10;13:55:00;-03:00;11,350000381469727;11,350000381469727;11,329999923706055;11,329999923706055;105300
2026-07-10;14:00:00;-03:00;11,329999923706055;11,34000015258789;11,319999694824219;11,34000015258789;88000
2026-07-10;14:05:00;-03:00;11,34000015258789;11,34000015258789;11,319999694824219;11,319999694824219;79200
2026-07-10;14:10:00;-03:00;11,329999923706055;11,34000015258789;11,319999694824219;11,34000015258789;36800
2026-07-10;14:15:00;-03:00;11,34000015258789;11,34000015258789;11,319999694824219;11,329999923706055;46500
2026-07-10;14:20:00;-03:00;11,329999923706055;11,329999923706055;11,319999694824219;11,329999923706055;70600
2026-07-10;14:25:00;-03:00;11,319999694824219;11,329999923706055;11,3100004196167;11,319999694824219;76400
2026-07-10;14:30:00;-03:00;11,319999694824219;11,319999694824219;11,3100004196167;11,319999694824219;25500
2026-07-10;14:35:00;-03:00;11,319999694824219;11,329999923706055;11,3100004196167;11,319999694824219;62600
2026-07-10;14:40:00;-03:00;11,319999694824219;11,329999923706055;11,3100004196167;11,319999694824219;168600
2026-07-10;14:45:00;-03:00;11,329999923706055;11,329999923706055;11,3100004196167;11,3100004196167;73000
2026-07-10;14:50:00;-03:00;11,3100004196167;11,329999923706055;11,3100004196167;11,329999923706055;70800
2026-07-10;14:55:00;-03:00;11,319999694824219;11,329999923706055;11,3100004196167;11,319999694824219;49600
2026-07-10;15:00:00;-03:00;11,319999694824219;11,329999923706055;11,279999732971191;11,319999694824219;1020900
2026-07-10;15:05:00;-03:00;11,329999923706055;11,350000381469727;11,329999923706055;11,34000015258789;131300
2026-07-10;15:10:00;-03:00;11,350000381469727;11,359999656677246;11,329999923706055;11,34000015258789;157100
2026-07-10;15:15:00;-03:00;11,329999923706055;11,350000381469727;11,329999923706055;11,350000381469727;85500
2026-07-10;15:20:00;-03:00;11,34000015258789;11,350000381469727;11,329999923706055;11,329999923706055;28000
2026-07-10;15:25:00;-03:00;11,329999923706055;11,350000381469727;11,329999923706055;11,34000015258789;58700
2026-07-10;15:30:00;-03:00;11,34000015258789;11,350000381469727;11,329999923706055;11,350000381469727;137200
2026-07-10;15:35:00;-03:00;11,350000381469727;11,350000381469727;11,329999923706055;11,34000015258789;70100
2026-07-10;15:40:00;-03:00;11,34000015258789;11,34000015258789;11,329999923706055;11,34000015258789;96800
2026-07-10;15:45:00;-03:00;11,34000015258789;11,34000015258789;11,329999923706055;11,329999923706055;92000
2026-07-10;15:50:00;-03:00;11,34000015258789;11,34000015258789;11,329999923706055;11,34000015258789;94400
2026-07-10;15:55:00;-03:00;11,34000015258789;11,34000015258789;11,329999923706055;11,34000015258789;40000
2026-07-10;16:00:00;-03:00;11,34000015258789;11,350000381469727;11,329999923706055;11,350000381469727;178600
2026-07-10;16:05:00;-03:00;11,350000381469727;11,359999656677246;11,34000015258789;11,350000381469727;134300
2026-07-10;16:10:00;-03:00;11,350000381469727;11,350000381469727;11,34000015258789;11,350000381469727;29200
2026-07-10;16:15:00;-03:00;11,350000381469727;11,350000381469727;11,329999923706055;11,329999923706055;295900
2026-07-10;16:20:00;-03:00;11,329999923706055;11,350000381469727;11,319999694824219;11,350000381469727;255200
2026-07-10;16:25:00;-03:00;11,350000381469727;11,359999656677246;11,34000015258789;11,350000381469727;71600
2026-07-10;16:30:00;-03:00;11,34000015258789;11,350000381469727;11,34000015258789;11,350000381469727;103900
2026-07-10;16:35:00;-03:00;11,350000381469727;11,350000381469727;11,34000015258789;11,34000015258789;88800
2026-07-10;16:40:00;-03:00;11,350000381469727;11,369999885559082;11,34000015258789;11,359999656677246;238100
2026-07-10;16:45:00;-03:00;11,359999656677246;11,369999885559082;11,350000381469727;11,369999885559082;152800
2026-07-10;16:50:00;-03:00;11,380000114440918;11,390000343322754;11,359999656677246;11,390000343322754;151800
2026-07-13;10:00:00;-03:00;11,359999656677246;11,380000114440918;11,319999694824219;11,359999656677246;0
2026-07-13;10:05:00;-03:00;11,359999656677246;11,359999656677246;11,3100004196167;11,3100004196167;225700
2026-07-13;10:10:00;-03:00;11,319999694824219;11,380000114440918;11,319999694824219;11,350000381469727;132600
2026-07-13;10:15:00;-03:00;11,350000381469727;11,359999656677246;11,329999923706055;11,329999923706055;47600
2026-07-13;10:20:00;-03:00;11,329999923706055;11,359999656677246;11,329999923706055;11,359999656677246;29000
2026-07-13;10:25:00;-03:00;11,34000015258789;11,34000015258789;11,300000190734863;11,300000190734863;74400
2026-07-13;10:30:00;-03:00;11,319999694824219;11,350000381469727;11,3100004196167;11,34000015258789;66400
2026-07-13;10:35:00;-03:00;11,329999923706055;11,34000015258789;11,25;11,25;314100
2026-07-13;10:40:00;-03:00;11,260000228881836;11,270000457763672;11,239999771118164;11,260000228881836;132900
2026-07-13;10:45:00;-03:00;11,260000228881836;11,279999732971191;11,260000228881836;11,270000457763672;51400
2026-07-13;10:50:00;-03:00;11,270000457763672;11,279999732971191;11,25;11,279999732971191;60900
2026-07-13;10:55:00;-03:00;11,270000457763672;11,279999732971191;11,25;11,270000457763672;54500
2026-07-13;11:00:00;-03:00;11,279999732971191;11,279999732971191;11,25;11,25;23000
2026-07-13;11:05:00;-03:00;11,260000228881836;11,260000228881836;11,220000267028809;11,229999542236328;105000
2026-07-13;11:10:00;-03:00;11,229999542236328;11,25;11,229999542236328;11,229999542236328;42800
2026-07-13;11:15:00;-03:00;11,239999771118164;11,239999771118164;11,199999809265137;11,199999809265137;322900
2026-07-13;11:20:00;-03:00;11,210000038146973;11,220000267028809;11,1899995803833;11,1899995803833;57300
2026-07-13;11:25:00;-03:00;11,199999809265137;11,220000267028809;11,1899995803833;11,210000038146973;61300
2026-07-13;11:30:00;-03:00;11,220000267028809;11,220000267028809;11,199999809265137;11,199999809265137;48500
2026-07-13;11:35:00;-03:00;11,210000038146973;11,210000038146973;11,170000076293945;11,180000305175781;117500
2026-07-13;11:40:00;-03:00;11,180000305175781;11,180000305175781;11,15999984741211;11,15999984741211;52400
2026-07-13;11:45:00;-03:00;11,15999984741211;11,180000305175781;11,15999984741211;11,180000305175781;60000
2026-07-13;11:50:00;-03:00;11,170000076293945;11,180000305175781;11,15999984741211;11,15999984741211;80400
2026-07-13;11:55:00;-03:00;11,15999984741211;11,170000076293945;11,149999618530273;11,149999618530273;120500
2026-07-13;12:00:00;-03:00;11,149999618530273;11,170000076293945;11,140000343322754;11,140000343322754;120900
2026-07-13;12:05:00;-03:00;11,140000343322754;11,15999984741211;11,130000114440918;11,130000114440918;74900
2026-07-13;12:10:00;-03:00;11,130000114440918;11,140000343322754;11,109999656677246;11,119999885559082;73100
2026-07-13;12:15:00;-03:00;11,119999885559082;11,130000114440918;11,109999656677246;11,109999656677246;63700
2026-07-13;12:20:00;-03:00;11,109999656677246;11,130000114440918;11,109999656677246;11,109999656677246;66500
2026-07-13;12:25:00;-03:00;11,109999656677246;11,130000114440918;11,109999656677246;11,119999885559082;77000
2026-07-13;12:30:00;-03:00;11,119999885559082;11,130000114440918;11,109999656677246;11,119999885559082;103800
2026-07-13;12:35:00;-03:00;11,119999885559082;11,130000114440918;11,109999656677246;11,119999885559082;63300
2026-07-13;12:40:00;-03:00;11,130000114440918;11,130000114440918;11,109999656677246;11,119999885559082;21200
2026-07-13;12:45:00;-03:00;11,119999885559082;11,130000114440918;11,109999656677246;11,119999885559082;58300
2026-07-13;12:50:00;-03:00;11,119999885559082;11,140000343322754;11,119999885559082;11,130000114440918;148900
2026-07-13;12:55:00;-03:00;11,130000114440918;11,149999618530273;11,130000114440918;11,149999618530273;142100
2026-07-13;13:00:00;-03:00;11,149999618530273;11,149999618530273;11,140000343322754;11,140000343322754;98300
2026-07-13;13:05:00;-03:00;11,140000343322754;11,149999618530273;11,130000114440918;11,140000343322754;56600
2026-07-13;13:10:00;-03:00;11,140000343322754;11,149999618530273;11,130000114440918;11,130000114440918;49400
2026-07-13;13:15:00;-03:00;11,140000343322754;11,140000343322754;11,130000114440918;11,140000343322754;31000
2026-07-13;13:20:00;-03:00;11,130000114440918;11,140000343322754;11,119999885559082;11,119999885559082;59100
2026-07-13;13:25:00;-03:00;11,130000114440918;11,130000114440918;11,109999656677246;11,109999656677246;271200
2026-07-13;13:30:00;-03:00;11,130000114440918;11,130000114440918;11,09000015258789;11,109999656677246;192100
2026-07-13;13:35:00;-03:00;11,109999656677246;11,109999656677246;11,100000381469727;11,109999656677246;102000
2026-07-13;13:40:00;-03:00;11,109999656677246;11,130000114440918;11,100000381469727;11,109999656677246;109800
2026-07-13;13:45:00;-03:00;11,119999885559082;11,119999885559082;11,079999923706055;11,079999923706055;133000
2026-07-13;13:50:00;-03:00;11,09000015258789;11,09000015258789;11,079999923706055;11,079999923706055;29100
2026-07-13;13:55:00;-03:00;11,079999923706055;11,09000015258789;11,069999694824219;11,069999694824219;42200
2026-07-13;14:00:00;-03:00;11,079999923706055;11,079999923706055;11,0600004196167;11,0600004196167;64200
2026-07-13;14:05:00;-03:00;11,0600004196167;11,079999923706055;11,0600004196167;11,079999923706055;54100
2026-07-13;14:10:00;-03:00;11,069999694824219;11,100000381469727;11,069999694824219;11,09000015258789;97400
2026-07-13;14:15:00;-03:00;11,09000015258789;11,109999656677246;11,09000015258789;11,100000381469727;54100
2026-07-13;14:20:00;-03:00;11,109999656677246;11,109999656677246;11,09000015258789;11,09000015258789;61400
2026-07-13;14:25:00;-03:00;11,09000015258789;11,100000381469727;11,079999923706055;11,09000015258789;183000
2026-07-13;14:30:00;-03:00;11,09000015258789;11,09000015258789;11,079999923706055;11,09000015258789;16400
2026-07-13;14:35:00;-03:00;11,079999923706055;11,09000015258789;11,079999923706055;11,09000015258789;16800
2026-07-13;14:40:00;-03:00;11,079999923706055;11,09000015258789;11,079999923706055;11,09000015258789;110600
2026-07-13;14:45:00;-03:00;11,09000015258789;11,09000015258789;11,079999923706055;11,09000015258789;20100
2026-07-13;14:50:00;-03:00;11,09000015258789;11,09000015258789;11,069999694824219;11,079999923706055;66700
2026-07-13;14:55:00;-03:00;11,09000015258789;11,09000015258789;11,079999923706055;11,079999923706055;8500
2026-07-13;15:00:00;-03:00;11,09000015258789;11,100000381469727;11,079999923706055;11,09000015258789;180100
2026-07-13;15:05:00;-03:00;11,09000015258789;11,09000015258789;11,079999923706055;11,09000015258789;14800
2026-07-13;15:10:00;-03:00;11,09000015258789;11,09000015258789;11,069999694824219;11,079999923706055;137200
2026-07-13;15:15:00;-03:00;11,09000015258789;11,100000381469727;11,079999923706055;11,09000015258789;123000
2026-07-13;15:20:00;-03:00;11,09000015258789;11,09000015258789;11,069999694824219;11,069999694824219;71300
2026-07-13;15:25:00;-03:00;11,069999694824219;11,079999923706055;11,069999694824219;11,079999923706055;37700
2026-07-13;15:30:00;-03:00;11,079999923706055;11,079999923706055;11,069999694824219;11,069999694824219;102300
2026-07-13;15:35:00;-03:00;11,079999923706055;11,09000015258789;11,069999694824219;11,069999694824219;323500
2026-07-13;15:40:00;-03:00;11,069999694824219;11,079999923706055;11,069999694824219;11,079999923706055;91000
2026-07-13;15:45:00;-03:00;11,079999923706055;11,09000015258789;11,069999694824219;11,09000015258789;135500
2026-07-13;15:50:00;-03:00;11,09000015258789;11,09000015258789;11,069999694824219;11,09000015258789;198500
2026-07-13;15:55:00;-03:00;11,079999923706055;11,09000015258789;11,069999694824219;11,09000015258789;237800
2026-07-13;16:00:00;-03:00;11,09000015258789;11,100000381469727;11,079999923706055;11,09000015258789;234000
2026-07-13;16:05:00;-03:00;11,100000381469727;11,100000381469727;11,079999923706055;11,09000015258789;191300
2026-07-13;16:10:00;-03:00;11,09000015258789;11,100000381469727;11,069999694824219;11,079999923706055;215200
2026-07-13;16:15:00;-03:00;11,069999694824219;11,09000015258789;11,069999694824219;11,09000015258789;125500
2026-07-13;16:20:00;-03:00;11,079999923706055;11,09000015258789;11,069999694824219;11,09000015258789;303800
2026-07-13;16:25:00;-03:00;11,079999923706055;11,09000015258789;11,069999694824219;11,079999923706055;129900
2026-07-13;16:30:00;-03:00;11,069999694824219;11,079999923706055;11,069999694824219;11,069999694824219;37000
2026-07-13;16:35:00;-03:00;11,069999694824219;11,079999923706055;11,050000190734863;11,0600004196167;482500
2026-07-13;16:40:00;-03:00;11,0600004196167;11,079999923706055;11,050000190734863;11,0600004196167;126400
2026-07-13;16:45:00;-03:00;11,069999694824219;11,079999923706055;11,0600004196167;11,069999694824219;109900
2026-07-13;16:50:00;-03:00;11,079999923706055;11,09000015258789;11,069999694824219;11,09000015258789;166200
2026-07-14;10:00:00;-03:00;11,149999618530273;11,149999618530273;11,09000015258789;11,130000114440918;0
2026-07-14;10:05:00;-03:00;11,119999885559082;11,149999618530273;11,109999656677246;11,140000343322754;74100
2026-07-14;10:10:00;-03:00;11,140000343322754;11,140000343322754;11,09000015258789;11,109999656677246;189500
2026-07-14;10:15:00;-03:00;11,109999656677246;11,119999885559082;11,09000015258789;11,100000381469727;44300
2026-07-14;10:20:00;-03:00;11,100000381469727;11,119999885559082;11,09000015258789;11,119999885559082;26100
2026-07-14;10:25:00;-03:00;11,119999885559082;11,119999885559082;11,09000015258789;11,100000381469727;46600
2026-07-14;10:30:00;-03:00;11,100000381469727;11,149999618530273;11,09000015258789;11,140000343322754;119900
2026-07-14;10:35:00;-03:00;11,140000343322754;11,140000343322754;11,109999656677246;11,109999656677246;151800
2026-07-14;10:40:00;-03:00;11,109999656677246;11,130000114440918;11,109999656677246;11,119999885559082;76000
2026-07-14;10:45:00;-03:00;11,119999885559082;11,140000343322754;11,109999656677246;11,130000114440918;129600
2026-07-14;10:50:00;-03:00;11,130000114440918;11,140000343322754;11,119999885559082;11,130000114440918;169500
2026-07-14;10:55:00;-03:00;11,140000343322754;11,140000343322754;11,119999885559082;11,130000114440918;268100
2026-07-14;11:00:00;-03:00;11,130000114440918;11,140000343322754;11,119999885559082;11,130000114440918;104800
2026-07-14;11:05:00;-03:00;11,130000114440918;11,140000343322754;11,109999656677246;11,130000114440918;171600
2026-07-14;11:10:00;-03:00;11,130000114440918;11,130000114440918;11,119999885559082;11,130000114440918;129000
2026-07-14;11:15:00;-03:00;11,130000114440918;11,130000114440918;11,109999656677246;11,109999656677246;65000
2026-07-14;11:20:00;-03:00;11,119999885559082;11,140000343322754;11,109999656677246;11,140000343322754;62100
2026-07-14;11:25:00;-03:00;11,130000114440918;11,140000343322754;11,119999885559082;11,140000343322754;116600
2026-07-14;11:30:00;-03:00;11,130000114440918;11,15999984741211;11,130000114440918;11,140000343322754;416000
2026-07-14;11:35:00;-03:00;11,140000343322754;11,149999618530273;11,130000114440918;11,130000114440918;196500
2026-07-14;11:40:00;-03:00;11,130000114440918;11,130000114440918;11,100000381469727;11,109999656677246;31100
2026-07-14;11:45:00;-03:00;11,109999656677246;11,109999656677246;11,09000015258789;11,100000381469727;106900
2026-07-14;11:50:00;-03:00;11,100000381469727;11,109999656677246;11,09000015258789;11,109999656677246;28300
2026-07-14;11:55:00;-03:00;11,109999656677246;11,109999656677246;11,09000015258789;11,100000381469727;43400
2026-07-14;12:00:00;-03:00;11,100000381469727;11,119999885559082;11,09000015258789;11,100000381469727;121700
2026-07-14;12:05:00;-03:00;11,109999656677246;11,109999656677246;11,09000015258789;11,109999656677246;36600
2026-07-14;12:10:00;-03:00;11,109999656677246;11,119999885559082;11,100000381469727;11,119999885559082;31700
2026-07-14;12:15:00;-03:00;11,119999885559082;11,119999885559082;11,109999656677246;11,119999885559082;21100
2026-07-14;12:20:00;-03:00;11,119999885559082;11,119999885559082;11,109999656677246;11,119999885559082;23500
2026-07-14;12:25:00;-03:00;11,119999885559082;11,119999885559082;11,109999656677246;11,119999885559082;21600
2026-07-14;12:30:00;-03:00;11,119999885559082;11,119999885559082;11,100000381469727;11,109999656677246;49500
2026-07-14;12:35:00;-03:00;11,109999656677246;11,119999885559082;11,100000381469727;11,109999656677246;49900
2026-07-14;12:40:00;-03:00;11,109999656677246;11,109999656677246;11,09000015258789;11,109999656677246;31800
2026-07-14;12:45:00;-03:00;11,109999656677246;11,119999885559082;11,100000381469727;11,100000381469727;31800
2026-07-14;12:50:00;-03:00;11,119999885559082;11,119999885559082;11,09000015258789;11,100000381469727;51700
2026-07-14;12:55:00;-03:00;11,100000381469727;11,100000381469727;11,09000015258789;11,100000381469727;26200
2026-07-14;13:00:00;-03:00;11,100000381469727;11,100000381469727;11,079999923706055;11,09000015258789;79600
2026-07-14;13:05:00;-03:00;11,09000015258789;11,100000381469727;11,069999694824219;11,079999923706055;85600
2026-07-14;13:10:00;-03:00;11,09000015258789;11,119999885559082;11,09000015258789;11,119999885559082;117300
2026-07-14;13:15:00;-03:00;11,119999885559082;11,119999885559082;11,109999656677246;11,119999885559082;11900
2026-07-14;13:20:00;-03:00;11,119999885559082;11,119999885559082;11,109999656677246;11,119999885559082;18300
2026-07-14;13:25:00;-03:00;11,119999885559082;11,119999885559082;11,109999656677246;11,119999885559082;17900
2026-07-14;13:30:00;-03:00;11,119999885559082;11,119999885559082;11,109999656677246;11,119999885559082;19300
2026-07-14;13:35:00;-03:00;11,119999885559082;11,130000114440918;11,109999656677246;11,130000114440918;24300
2026-07-14;13:40:00;-03:00;11,119999885559082;11,140000343322754;11,119999885559082;11,130000114440918;39200
2026-07-14;13:45:00;-03:00;11,130000114440918;11,130000114440918;11,109999656677246;11,119999885559082;111100
2026-07-14;13:50:00;-03:00;11,119999885559082;11,119999885559082;11,109999656677246;11,119999885559082;20400
2026-07-14;13:55:00;-03:00;11,119999885559082;11,130000114440918;11,109999656677246;11,130000114440918;29600
2026-07-14;14:00:00;-03:00;11,130000114440918;11,130000114440918;11,109999656677246;11,109999656677246;43000
2026-07-14;14:05:00;-03:00;11,119999885559082;11,119999885559082;11,109999656677246;11,119999885559082;14000
2026-07-14;14:10:00;-03:00;11,119999885559082;11,130000114440918;11,109999656677246;11,130000114440918;69200
2026-07-14;14:15:00;-03:00;11,130000114440918;11,130000114440918;11,119999885559082;11,130000114440918;20500
2026-07-14;14:20:00;-03:00;11,130000114440918;11,130000114440918;11,119999885559082;11,130000114440918;27200
2026-07-14;14:25:00;-03:00;11,119999885559082;11,130000114440918;11,109999656677246;11,119999885559082;75000
2026-07-14;14:30:00;-03:00;11,119999885559082;11,119999885559082;11,109999656677246;11,119999885559082;23700
2026-07-14;14:35:00;-03:00;11,119999885559082;11,119999885559082;11,109999656677246;11,109999656677246;61200
2026-07-14;14:40:00;-03:00;11,109999656677246;11,119999885559082;11,100000381469727;11,109999656677246;45100
2026-07-14;14:45:00;-03:00;11,100000381469727;11,130000114440918;11,100000381469727;11,130000114440918;82100
2026-07-14;14:50:00;-03:00;11,130000114440918;11,130000114440918;11,119999885559082;11,130000114440918;36600
2026-07-14;14:55:00;-03:00;11,130000114440918;11,130000114440918;11,109999656677246;11,119999885559082;90400
2026-07-14;15:00:00;-03:00;11,119999885559082;11,119999885559082;11,109999656677246;11,119999885559082;59400
2026-07-14;15:05:00;-03:00;11,119999885559082;11,119999885559082;11,109999656677246;11,119999885559082;90400
2026-07-14;15:10:00;-03:00;11,119999885559082;11,140000343322754;11,109999656677246;11,140000343322754;170400
2026-07-14;15:15:00;-03:00;11,140000343322754;11,140000343322754;11,130000114440918;11,140000343322754;36900
2026-07-14;15:20:00;-03:00;11,140000343322754;11,140000343322754;11,130000114440918;11,140000343322754;38300
2026-07-14;15:25:00;-03:00;11,140000343322754;11,140000343322754;11,130000114440918;11,140000343322754;47400
2026-07-14;15:30:00;-03:00;11,140000343322754;11,149999618530273;11,130000114440918;11,140000343322754;125500
2026-07-14;15:35:00;-03:00;11,140000343322754;11,149999618530273;11,130000114440918;11,149999618530273;69800
2026-07-14;15:40:00;-03:00;11,149999618530273;11,149999618530273;11,140000343322754;11,140000343322754;38100
2026-07-14;15:45:00;-03:00;11,140000343322754;11,199999809265137;11,140000343322754;11,199999809265137;249600
2026-07-14;15:50:00;-03:00;11,199999809265137;11,199999809265137;11,180000305175781;11,199999809265137;75200
2026-07-14;15:55:00;-03:00;11,199999809265137;11,199999809265137;11,180000305175781;11,199999809265137;126200
2026-07-14;16:00:00;-03:00;11,199999809265137;11,199999809265137;11,1899995803833;11,199999809265137;72200
2026-07-14;16:05:00;-03:00;11,199999809265137;11,199999809265137;11,180000305175781;11,199999809265137;125000
2026-07-14;16:10:00;-03:00;11,199999809265137;11,199999809265137;11,180000305175781;11,1899995803833;77100
2026-07-14;16:15:00;-03:00;11,1899995803833;11,199999809265137;11,180000305175781;11,1899995803833;56400
2026-07-14;16:20:00;-03:00;11,1899995803833;11,1899995803833;11,180000305175781;11,1899995803833;51200
2026-07-14;16:25:00;-03:00;11,1899995803833;11,199999809265137;11,180000305175781;11,1899995803833;124800
2026-07-14;16:30:00;-03:00;11,1899995803833;11,1899995803833;11,170000076293945;11,170000076293945;112000
2026-07-14;16:35:00;-03:00;11,180000305175781;11,1899995803833;11,170000076293945;11,1899995803833;69200
2026-07-14;16:40:00;-03:00;11,180000305175781;11,1899995803833;11,180000305175781;11,1899995803833;73400
2026-07-14;16:45:00;-03:00;11,1899995803833;11,199999809265137;11,180000305175781;11,1899995803833;121400
2026-07-14;16:50:00;-03:00;11,1899995803833;11,199999809265137;11,180000305175781;11,180000305175781;71200
2026-07-15;10:00:00;-03:00;11,140000343322754;11,180000305175781;11,140000343322754;11,15999984741211;103800
2026-07-15;10:05:00;-03:00;11,170000076293945;11,1899995803833;11,170000076293945;11,180000305175781;43300
2026-07-15;10:10:00;-03:00;11,180000305175781;11,1899995803833;11,15999984741211;11,15999984741211;125200
2026-07-15;10:15:00;-03:00;11,149999618530273;11,170000076293945;11,140000343322754;11,15999984741211;50300
2026-07-15;10:20:00;-03:00;11,170000076293945;11,170000076293945;11,149999618530273;11,15999984741211;35200
2026-07-15;10:25:00;-03:00;11,15999984741211;11,15999984741211;11,119999885559082;11,119999885559082;67200
2026-07-15;10:30:00;-03:00;11,119999885559082;11,149999618530273;11,119999885559082;11,130000114440918;50300
2026-07-15;10:35:00;-03:00;11,130000114440918;11,130000114440918;11,109999656677246;11,119999885559082;20700
2026-07-15;10:40:00;-03:00;11,109999656677246;11,130000114440918;11,109999656677246;11,109999656677246;40100
2026-07-15;10:45:00;-03:00;11,109999656677246;11,140000343322754;11,100000381469727;11,130000114440918;63500
2026-07-15;10:50:00;-03:00;11,130000114440918;11,140000343322754;11,100000381469727;11,119999885559082;86300
2026-07-15;10:55:00;-03:00;11,100000381469727;11,140000343322754;11,100000381469727;11,130000114440918;112200
2026-07-15;11:00:00;-03:00;11,130000114440918;11,130000114440918;11,100000381469727;11,109999656677246;98000
2026-07-15;11:05:00;-03:00;11,109999656677246;11,109999656677246;11,100000381469727;11,109999656677246;22900
2026-07-15;11:10:00;-03:00;11,109999656677246;11,119999885559082;11,100000381469727;11,119999885559082;120800
2026-07-15;11:15:00;-03:00;11,109999656677246;11,109999656677246;11,09000015258789;11,09000015258789;92700
2026-07-15;11:20:00;-03:00;11,100000381469727;11,100000381469727;11,0600004196167;11,0600004196167;115000
2026-07-15;11:25:00;-03:00;11,069999694824219;11,079999923706055;11,0600004196167;11,069999694824219;34700
2026-07-15;11:30:00;-03:00;11,079999923706055;11,079999923706055;11,0600004196167;11,079999923706055;46600
2026-07-15;11:35:00;-03:00;11,069999694824219;11,079999923706055;11,0600004196167;11,069999694824219;85200
2026-07-15;11:40:00;-03:00;11,079999923706055;11,109999656677246;11,050000190734863;11,09000015258789;622200
2026-07-15;11:45:00;-03:00;11,09000015258789;11,130000114440918;11,069999694824219;11,130000114440918;664700
2026-07-15;11:50:00;-03:00;11,130000114440918;11,15999984741211;11,130000114440918;11,149999618530273;493500
2026-07-15;11:55:00;-03:00;11,149999618530273;11,170000076293945;11,140000343322754;11,15999984741211;146500
2026-07-15;12:00:00;-03:00;11,149999618530273;11,180000305175781;11,149999618530273;11,180000305175781;172300
2026-07-15;12:05:00;-03:00;11,170000076293945;11,1899995803833;11,149999618530273;11,149999618530273;234100
2026-07-15;12:10:00;-03:00;11,149999618530273;11,15999984741211;11,140000343322754;11,15999984741211;60400
2026-07-15;12:15:00;-03:00;11,149999618530273;11,170000076293945;11,130000114440918;11,15999984741211;110900
2026-07-15;12:20:00;-03:00;11,170000076293945;11,170000076293945;11,140000343322754;11,140000343322754;94900
2026-07-15;12:25:00;-03:00;11,140000343322754;11,15999984741211;11,140000343322754;11,15999984741211;89400
2026-07-15;12:30:00;-03:00;11,140000343322754;11,149999618530273;11,119999885559082;11,130000114440918;91900
2026-07-15;12:35:00;-03:00;11,140000343322754;11,140000343322754;11,130000114440918;11,140000343322754;66800
2026-07-15;12:40:00;-03:00;11,140000343322754;11,149999618530273;11,130000114440918;11,140000343322754;247200
2026-07-15;12:45:00;-03:00;11,149999618530273;11,15999984741211;11,130000114440918;11,15999984741211;256000
2026-07-15;12:50:00;-03:00;11,149999618530273;11,15999984741211;11,140000343322754;11,149999618530273;57800
2026-07-15;12:55:00;-03:00;11,140000343322754;11,149999618530273;11,130000114440918;11,140000343322754;236600
2026-07-15;13:00:00;-03:00;11,149999618530273;11,15999984741211;11,140000343322754;11,140000343322754;65100
2026-07-15;13:05:00;-03:00;11,140000343322754;11,15999984741211;11,140000343322754;11,149999618530273;31400
2026-07-15;13:10:00;-03:00;11,15999984741211;11,170000076293945;11,149999618530273;11,170000076293945;70200
2026-07-15;13:15:00;-03:00;11,15999984741211;11,170000076293945;11,15999984741211;11,15999984741211;24300
2026-07-15;13:20:00;-03:00;11,170000076293945;11,170000076293945;11,15999984741211;11,170000076293945;39300
2026-07-15;13:25:00;-03:00;11,15999984741211;11,170000076293945;11,15999984741211;11,15999984741211;43900
2026-07-15;13:30:00;-03:00;11,170000076293945;11,180000305175781;11,15999984741211;11,15999984741211;78300
2026-07-15;13:35:00;-03:00;11,15999984741211;11,180000305175781;11,15999984741211;11,15999984741211;95200
2026-07-15;13:40:00;-03:00;11,15999984741211;11,180000305175781;11,15999984741211;11,170000076293945;76500
2026-07-15;13:45:00;-03:00;11,170000076293945;11,1899995803833;11,170000076293945;11,180000305175781;125000
2026-07-15;13:50:00;-03:00;11,170000076293945;11,180000305175781;11,15999984741211;11,15999984741211;39200
2026-07-15;13:55:00;-03:00;11,15999984741211;11,170000076293945;11,140000343322754;11,15999984741211;176800
2026-07-15;14:00:00;-03:00;11,149999618530273;11,170000076293945;11,149999618530273;11,15999984741211;48000
2026-07-15;14:05:00;-03:00;11,15999984741211;11,1899995803833;11,15999984741211;11,15999984741211;277300
2026-07-15;14:10:00;-03:00;11,15999984741211;11,170000076293945;11,140000343322754;11,140000343322754;114700
2026-07-15;14:15:00;-03:00;11,140000343322754;11,170000076293945;11,130000114440918;11,15999984741211;258200
2026-07-15;14:20:00;-03:00;11,15999984741211;11,170000076293945;11,149999618530273;11,149999618530273;61500
2026-07-15;14:25:00;-03:00;11,149999618530273;11,170000076293945;11,149999618530273;11,170000076293945;119100
2026-07-15;14:30:00;-03:00;11,15999984741211;11,170000076293945;11,149999618530273;11,149999618530273;75800
2026-07-15;14:35:00;-03:00;11,149999618530273;11,1899995803833;11,149999618530273;11,15999984741211;342500
2026-07-15;14:40:00;-03:00;11,15999984741211;11,170000076293945;11,149999618530273;11,15999984741211;129000
2026-07-15;14:45:00;-03:00;11,15999984741211;11,170000076293945;11,15999984741211;11,15999984741211;140200
2026-07-15;14:50:00;-03:00;11,15999984741211;11,199999809265137;11,15999984741211;11,180000305175781;447400
2026-07-15;14:55:00;-03:00;11,170000076293945;11,180000305175781;11,15999984741211;11,15999984741211;121900
2026-07-15;15:00:00;-03:00;11,15999984741211;11,170000076293945;11,149999618530273;11,170000076293945;132600
2026-07-15;15:05:00;-03:00;11,15999984741211;11,170000076293945;11,149999618530273;11,15999984741211;119400
2026-07-15;15:10:00;-03:00;11,15999984741211;11,170000076293945;11,15999984741211;11,15999984741211;91300
2026-07-15;15:15:00;-03:00;11,15999984741211;11,170000076293945;11,15999984741211;11,170000076293945;136700
2026-07-15;15:20:00;-03:00;11,15999984741211;11,170000076293945;11,149999618530273;11,149999618530273;75900
2026-07-15;15:25:00;-03:00;11,149999618530273;11,170000076293945;11,149999618530273;11,170000076293945;115700
2026-07-15;15:30:00;-03:00;11,15999984741211;11,170000076293945;11,149999618530273;11,15999984741211;108600
2026-07-15;15:35:00;-03:00;11,15999984741211;11,170000076293945;11,149999618530273;11,149999618530273;58400
2026-07-15;15:40:00;-03:00;11,149999618530273;11,170000076293945;11,149999618530273;11,149999618530273;87900
2026-07-15;15:45:00;-03:00;11,149999618530273;11,15999984741211;11,149999618530273;11,149999618530273;53300
2026-07-15;15:50:00;-03:00;11,149999618530273;11,15999984741211;11,149999618530273;11,149999618530273;47400
2026-07-15;15:55:00;-03:00;11,149999618530273;11,15999984741211;11,140000343322754;11,149999618530273;160700
2026-07-15;16:00:00;-03:00;11,149999618530273;11,15999984741211;11,140000343322754;11,149999618530273;92500
2026-07-15;16:05:00;-03:00;11,149999618530273;11,15999984741211;11,149999618530273;11,149999618530273;61300
2026-07-15;16:10:00;-03:00;11,149999618530273;11,170000076293945;11,149999618530273;11,170000076293945;64100
2026-07-15;16:15:00;-03:00;11,15999984741211;11,170000076293945;11,149999618530273;11,170000076293945;171000
2026-07-15;16:20:00;-03:00;11,15999984741211;11,170000076293945;11,15999984741211;11,15999984741211;87200
2026-07-15;16:25:00;-03:00;11,15999984741211;11,170000076293945;11,15999984741211;11,15999984741211;77800
2026-07-15;16:30:00;-03:00;11,15999984741211;11,170000076293945;11,140000343322754;11,149999618530273;182900
2026-07-15;16:35:00;-03:00;11,149999618530273;11,15999984741211;11,149999618530273;11,149999618530273;111100
2026-07-15;16:40:00;-03:00;11,149999618530273;11,15999984741211;11,140000343322754;11,149999618530273;198000
2026-07-15;16:45:00;-03:00;11,140000343322754;11,149999618530273;11,119999885559082;11,119999885559082;243500
2026-07-15;16:50:00;-03:00;11,119999885559082;11,140000343322754;11,119999885559082;11,130000114440918;104400
2026-07-15;16:55:00;-03:00;11,130000114440918;11,130000114440918;11,130000114440918;11,130000114440918;100
2026-07-16;10:00:00;-03:00;11,149999618530273;11,149999618530273;11,119999885559082;11,130000114440918;39900
2026-07-16;10:05:00;-03:00;11,119999885559082;11,130000114440918;11,109999656677246;11,130000114440918;39800
2026-07-16;10:10:00;-03:00;11,130000114440918;11,130000114440918;11,079999923706055;11,09000015258789;41700
2026-07-16;10:15:00;-03:00;11,100000381469727;11,109999656677246;11,09000015258789;11,09000015258789;15200
2026-07-16;10:20:00;-03:00;11,100000381469727;11,100000381469727;11,050000190734863;11,079999923706055;83700
2026-07-16;10:25:00;-03:00;11,079999923706055;11,09000015258789;11,069999694824219;11,079999923706055;26200
2026-07-16;10:30:00;-03:00;11,069999694824219;11,069999694824219;11,020000457763672;11,029999732971191;66700
2026-07-16;10:35:00;-03:00;11,029999732971191;11,050000190734863;11,020000457763672;11,039999961853027;31600
2026-07-16;10:40:00;-03:00;11,039999961853027;11,079999923706055;11,029999732971191;11,069999694824219;42000
2026-07-16;10:45:00;-03:00;11,069999694824219;11,079999923706055;11,039999961853027;11,050000190734863;72900
2026-07-16;10:50:00;-03:00;11,050000190734863;11,069999694824219;11,010000228881836;11,029999732971191;311300
2026-07-16;10:55:00;-03:00;11,029999732971191;11,050000190734863;11,020000457763672;11,050000190734863;66500
2026-07-16;11:00:00;-03:00;11,050000190734863;11,079999923706055;11,039999961853027;11,069999694824219;94900
2026-07-16;11:05:00;-03:00;11,069999694824219;11,069999694824219;11,0600004196167;11,069999694824219;46800
2026-07-16;11:10:00;-03:00;11,069999694824219;11,069999694824219;11,050000190734863;11,0600004196167;44600
2026-07-16;11:15:00;-03:00;11,050000190734863;11,0600004196167;11,029999732971191;11,050000190734863;51200
2026-07-16;11:20:00;-03:00;11,0600004196167;11,0600004196167;11,039999961853027;11,039999961853027;23500
2026-07-16;11:25:00;-03:00;11,050000190734863;11,0600004196167;11,029999732971191;11,029999732971191;46600
2026-07-16;11:30:00;-03:00;11,039999961853027;11,039999961853027;11,0;11,0;117000
2026-07-16;11:35:00;-03:00;11,0;11,010000228881836;11,0;11,010000228881836;145400
2026-07-16;11:40:00;-03:00;11,010000228881836;11,020000457763672;11,0;11,010000228881836;61200
2026-07-16;11:45:00;-03:00;11,010000228881836;11,039999961853027;11,010000228881836;11,029999732971191;26500
2026-07-16;11:50:00;-03:00;11,039999961853027;11,050000190734863;11,029999732971191;11,039999961853027;60000
2026-07-16;11:55:00;-03:00;11,050000190734863;11,050000190734863;11,020000457763672;11,039999961853027;55800
2026-07-16;12:00:00;-03:00;11,029999732971191;11,029999732971191;11,010000228881836;11,020000457763672;76500
2026-07-16;12:05:00;-03:00;11,029999732971191;11,039999961853027;11,010000228881836;11,039999961853027;45300
2026-07-16;12:10:00;-03:00;11,039999961853027;11,039999961853027;11,020000457763672;11,020000457763672;12300
2026-07-16;12:15:00;-03:00;11,020000457763672;11,0600004196167;11,020000457763672;11,050000190734863;66100
2026-07-16;12:20:00;-03:00;11,0600004196167;11,069999694824219;11,039999961853027;11,0600004196167;96800
2026-07-16;12:25:00;-03:00;11,069999694824219;11,079999923706055;11,0600004196167;11,0600004196167;46000
2026-07-16;12:30:00;-03:00;11,069999694824219;11,069999694824219;11,050000190734863;11,050000190734863;117700
2026-07-16;12:35:00;-03:00;11,0600004196167;11,069999694824219;11,050000190734863;11,050000190734863;86500
2026-07-16;12:40:00;-03:00;11,0600004196167;11,0600004196167;11,039999961853027;11,039999961853027;60800
2026-07-16;12:45:00;-03:00;11,050000190734863;11,0600004196167;11,039999961853027;11,050000190734863;28100
2026-07-16;12:50:00;-03:00;11,0600004196167;11,0600004196167;11,050000190734863;11,050000190734863;26300
2026-07-16;12:55:00;-03:00;11,050000190734863;11,0600004196167;11,050000190734863;11,050000190734863;29400
2026-07-16;13:00:00;-03:00;11,050000190734863;11,0600004196167;11,039999961853027;11,039999961853027;34400
2026-07-16;13:05:00;-03:00;11,050000190734863;11,050000190734863;11,029999732971191;11,029999732971191;132800
2026-07-16;13:10:00;-03:00;11,039999961853027;11,039999961853027;11,029999732971191;11,029999732971191;19300
2026-07-16;13:15:00;-03:00;11,029999732971191;11,039999961853027;11,029999732971191;11,029999732971191;60400
2026-07-16;13:20:00;-03:00;11,029999732971191;11,050000190734863;11,020000457763672;11,039999961853027;105500
2026-07-16;13:25:00;-03:00;11,050000190734863;11,050000190734863;11,039999961853027;11,039999961853027;21900
2026-07-16;13:30:00;-03:00;11,050000190734863;11,050000190734863;11,039999961853027;11,050000190734863;29500
2026-07-16;13:35:00;-03:00;11,050000190734863;11,0600004196167;11,039999961853027;11,050000190734863;70300
2026-07-16;13:40:00;-03:00;11,050000190734863;11,050000190734863;11,039999961853027;11,039999961853027;35700
2026-07-16;13:45:00;-03:00;11,039999961853027;11,050000190734863;11,029999732971191;11,039999961853027;94900
2026-07-16;13:50:00;-03:00;11,039999961853027;11,050000190734863;11,029999732971191;11,039999961853027;32300
2026-07-16;13:55:00;-03:00;11,029999732971191;11,050000190734863;11,029999732971191;11,039999961853027;29400
2026-07-16;14:00:00;-03:00;11,029999732971191;11,039999961853027;11,029999732971191;11,039999961853027;39100
2026-07-16;14:05:00;-03:00;11,039999961853027;11,039999961853027;11,010000228881836;11,010000228881836;124600
2026-07-16;14:10:00;-03:00;11,020000457763672;11,029999732971191;11,010000228881836;11,010000228881836;80500
2026-07-16;14:15:00;-03:00;11,010000228881836;11,020000457763672;11,0;11,010000228881836;89100
2026-07-16;14:20:00;-03:00;11,020000457763672;11,029999732971191;11,010000228881836;11,029999732971191;77900
2026-07-16;14:25:00;-03:00;11,029999732971191;11,039999961853027;11,020000457763672;11,029999732971191;57300
2026-07-16;14:30:00;-03:00;11,029999732971191;11,050000190734863;11,020000457763672;11,029999732971191;98100
2026-07-16;14:35:00;-03:00;11,039999961853027;11,039999961853027;11,029999732971191;11,039999961853027;18900
2026-07-16;14:40:00;-03:00;11,039999961853027;11,039999961853027;11,0;11,010000228881836;187800
2026-07-16;14:45:00;-03:00;11,010000228881836;11,020000457763672;11,0;11,020000457763672;78300
2026-07-16;14:50:00;-03:00;11,020000457763672;11,020000457763672;11,0;11,010000228881836;196200
2026-07-16;14:55:00;-03:00;11,010000228881836;11,010000228881836;10,989999771118164;11,0;61600
2026-07-16;15:00:00;-03:00;11,0;11,0;10,989999771118164;11,0;24400
2026-07-16;15:05:00;-03:00;10,989999771118164;11,0;10,979999542236328;11,0;72400
2026-07-16;15:10:00;-03:00;11,0;11,010000228881836;10,989999771118164;11,010000228881836;78700
2026-07-16;15:15:00;-03:00;11,010000228881836;11,010000228881836;10,989999771118164;11,0;102400
2026-07-16;15:20:00;-03:00;10,989999771118164;11,010000228881836;10,989999771118164;10,989999771118164;60300
2026-07-16;15:25:00;-03:00;11,0;11,010000228881836;10,989999771118164;10,989999771118164;32000
2026-07-16;15:30:00;-03:00;10,989999771118164;11,0;10,979999542236328;10,989999771118164;64600
2026-07-16;15:35:00;-03:00;10,979999542236328;10,989999771118164;10,979999542236328;10,989999771118164;19800
2026-07-16;15:40:00;-03:00;10,979999542236328;11,0;10,979999542236328;10,989999771118164;107400
2026-07-16;15:45:00;-03:00;10,989999771118164;11,010000228881836;10,979999542236328;11,010000228881836;96100
2026-07-16;15:50:00;-03:00;11,010000228881836;11,020000457763672;11,0;11,020000457763672;153800
2026-07-16;15:55:00;-03:00;11,020000457763672;11,020000457763672;11,010000228881836;11,010000228881836;107000
2026-07-16;16:00:00;-03:00;11,020000457763672;11,029999732971191;11,0;11,029999732971191;220000
2026-07-16;16:05:00;-03:00;11,029999732971191;11,029999732971191;11,010000228881836;11,010000228881836;64300
2026-07-16;16:10:00;-03:00;11,020000457763672;11,029999732971191;11,010000228881836;11,029999732971191;189700
2026-07-16;16:15:00;-03:00;11,029999732971191;11,039999961853027;11,020000457763672;11,029999732971191;213700
2026-07-16;16:20:00;-03:00;11,029999732971191;11,039999961853027;11,029999732971191;11,039999961853027;101300
2026-07-16;16:25:00;-03:00;11,029999732971191;11,039999961853027;11,020000457763672;11,039999961853027;173400
2026-07-16;16:30:00;-03:00;11,039999961853027;11,039999961853027;11,010000228881836;11,020000457763672;123100
2026-07-16;16:35:00;-03:00;11,029999732971191;11,029999732971191;11,020000457763672;11,029999732971191;132000
2026-07-16;16:40:00;-03:00;11,029999732971191;11,039999961853027;11,020000457763672;11,029999732971191;260600
2026-07-16;16:45:00;-03:00;11,039999961853027;11,039999961853027;11,020000457763672;11,029999732971191;86400
2026-07-16;16:50:00;-03:00;11,029999732971191;11,0600004196167;11,020000457763672;11,0600004196167;155900
2026-07-17;10:00:00;-03:00;11,09000015258789;11,09000015258789;11,050000190734863;11,050000190734863;0
2026-07-17;10:05:00;-03:00;11,069999694824219;11,149999618530273;11,069999694824219;11,109999656677246;119400
2026-07-17;10:10:00;-03:00;11,109999656677246;11,180000305175781;11,109999656677246;11,170000076293945;207000
2026-07-17;10:15:00;-03:00;11,170000076293945;11,199999809265137;11,15999984741211;11,170000076293945;86300
2026-07-17;10:20:00;-03:00;11,15999984741211;11,170000076293945;11,140000343322754;11,140000343322754;67200
2026-07-17;10:25:00;-03:00;11,130000114440918;11,199999809265137;11,130000114440918;11,1899995803833;76000
2026-07-17;10:30:00;-03:00;11,180000305175781;11,260000228881836;11,170000076293945;11,239999771118164;283400
2026-07-17;10:35:00;-03:00;11,229999542236328;11,25;11,220000267028809;11,229999542236328;89700
2026-07-17;10:40:00;-03:00;11,239999771118164;11,279999732971191;11,239999771118164;11,279999732971191;180000
2026-07-17;10:45:00;-03:00;11,270000457763672;11,289999961853027;11,260000228881836;11,279999732971191;128600
2026-07-17;10:50:00;-03:00;11,279999732971191;11,279999732971191;11,210000038146973;11,25;274800
2026-07-17;10:55:00;-03:00;11,25;11,289999961853027;11,25;11,260000228881836;10138500
2026-07-17;11:00:00;-03:00;11,25;11,270000457763672;11,229999542236328;11,260000228881836;437300
2026-07-17;11:05:00;-03:00;11,260000228881836;11,260000228881836;11,229999542236328;11,239999771118164;89100
2026-07-17;11:10:00;-03:00;11,239999771118164;11,260000228881836;11,229999542236328;11,239999771118164;136400
2026-07-17;11:15:00;-03:00;11,25;11,25;11,229999542236328;11,229999542236328;49000
2026-07-17;11:20:00;-03:00;11,239999771118164;11,260000228881836;11,239999771118164;11,25;70300
2026-07-17;11:25:00;-03:00;11,25;11,260000228881836;11,220000267028809;11,229999542236328;80200
2026-07-17;11:30:00;-03:00;11,229999542236328;11,25;11,220000267028809;11,229999542236328;71200
2026-07-17;11:35:00;-03:00;11,229999542236328;11,260000228881836;11,220000267028809;11,260000228881836;49600
2026-07-17;11:40:00;-03:00;11,25;11,25;11,210000038146973;11,220000267028809;142900
2026-07-17;11:45:00;-03:00;11,220000267028809;11,25;11,220000267028809;11,239999771118164;52300
2026-07-17;11:50:00;-03:00;11,239999771118164;11,239999771118164;11,220000267028809;11,239999771118164;74300
2026-07-17;11:55:00;-03:00;11,239999771118164;11,260000228881836;11,239999771118164;11,25;81500
2026-07-17;12:00:00;-03:00;11,25;11,25;11,239999771118164;11,25;42200
2026-07-17;12:05:00;-03:00;11,25;11,260000228881836;11,239999771118164;11,25;121200
2026-07-17;12:10:00;-03:00;11,25;11,260000228881836;11,25;11,25;41900
2026-07-17;12:15:00;-03:00;11,25;11,25;11,210000038146973;11,229999542236328;146600
2026-07-17;12:20:00;-03:00;11,229999542236328;11,229999542236328;11,210000038146973;11,220000267028809;36600
2026-07-17;12:25:00;-03:00;11,220000267028809;11,239999771118164;11,210000038146973;11,239999771118164;109600
2026-07-17;12:30:00;-03:00;11,239999771118164;11,239999771118164;11,220000267028809;11,220000267028809;81900
2026-07-17;12:35:00;-03:00;11,229999542236328;11,229999542236328;11,220000267028809;11,229999542236328;61300
2026-07-17;12:40:00;-03:00;11,229999542236328;11,229999542236328;11,210000038146973;11,220000267028809;31500
2026-07-17;12:45:00;-03:00;11,220000267028809;11,220000267028809;11,199999809265137;11,220000267028809;98200
2026-07-17;12:50:00;-03:00;11,210000038146973;11,220000267028809;11,210000038146973;11,220000267028809;8600
2026-07-17;12:55:00;-03:00;11,220000267028809;11,220000267028809;11,210000038146973;11,220000267028809;24000
2026-07-17;13:00:00;-03:00;11,220000267028809;11,220000267028809;11,199999809265137;11,210000038146973;68100
2026-07-17;13:05:00;-03:00;11,210000038146973;11,220000267028809;11,199999809265137;11,220000267028809;37500
2026-07-17;13:10:00;-03:00;11,220000267028809;11,220000267028809;11,199999809265137;11,210000038146973;18200
2026-07-17;13:15:00;-03:00;11,199999809265137;11,210000038146973;11,199999809265137;11,199999809265137;35700
2026-07-17;13:20:00;-03:00;11,210000038146973;11,210000038146973;11,199999809265137;11,210000038146973;68900
2026-07-17;13:25:00;-03:00;11,210000038146973;11,210000038146973;11,1899995803833;11,199999809265137;21400
2026-07-17;13:30:00;-03:00;11,199999809265137;11,199999809265137;11,170000076293945;11,180000305175781;107700
2026-07-17;13:35:00;-03:00;11,1899995803833;11,1899995803833;11,180000305175781;11,1899995803833;21300
2026-07-17;13:40:00;-03:00;11,180000305175781;11,199999809265137;11,180000305175781;11,1899995803833;28800
2026-07-17;13:45:00;-03:00;11,1899995803833;11,199999809265137;11,180000305175781;11,199999809265137;20400
2026-07-17;13:50:00;-03:00;11,199999809265137;11,199999809265137;11,1899995803833;11,1899995803833;13800
2026-07-17;13:55:00;-03:00;11,199999809265137;11,199999809265137;11,170000076293945;11,180000305175781;77100
2026-07-17;14:00:00;-03:00;11,180000305175781;11,1899995803833;11,170000076293945;11,1899995803833;32500
2026-07-17;14:05:00;-03:00;11,1899995803833;11,199999809265137;11,180000305175781;11,199999809265137;50100
2026-07-17;14:10:00;-03:00;11,199999809265137;11,199999809265137;11,180000305175781;11,180000305175781;39800
2026-07-17;14:15:00;-03:00;11,1899995803833;11,1899995803833;11,170000076293945;11,180000305175781;53000
2026-07-17;14:20:00;-03:00;11,180000305175781;11,180000305175781;11,170000076293945;11,180000305175781;15800
2026-07-17;14:25:00;-03:00;11,180000305175781;11,1899995803833;11,170000076293945;11,180000305175781;29500
2026-07-17;14:30:00;-03:00;11,180000305175781;11,199999809265137;11,170000076293945;11,199999809265137;40000
2026-07-17;14:35:00;-03:00;11,199999809265137;11,199999809265137;11,170000076293945;11,180000305175781;79900
2026-07-17;14:40:00;-03:00;11,180000305175781;11,180000305175781;11,15999984741211;11,170000076293945;47500
2026-07-17;14:45:00;-03:00;11,15999984741211;11,180000305175781;11,15999984741211;11,180000305175781;41400
2026-07-17;14:50:00;-03:00;11,180000305175781;11,180000305175781;11,170000076293945;11,180000305175781;26900
2026-07-17;14:55:00;-03:00;11,180000305175781;11,180000305175781;11,15999984741211;11,15999984741211;90700
2026-07-17;15:00:00;-03:00;11,170000076293945;11,170000076293945;11,149999618530273;11,170000076293945;34500
2026-07-17;15:05:00;-03:00;11,15999984741211;11,170000076293945;11,15999984741211;11,170000076293945;17500
2026-07-17;15:10:00;-03:00;11,170000076293945;11,170000076293945;11,149999618530273;11,15999984741211;79900
2026-07-17;15:15:00;-03:00;11,149999618530273;11,15999984741211;11,149999618530273;11,15999984741211;31000
2026-07-17;15:20:00;-03:00;11,15999984741211;11,1899995803833;11,149999618530273;11,180000305175781;284100
2026-07-17;15:25:00;-03:00;11,170000076293945;11,180000305175781;11,15999984741211;11,170000076293945;28100
2026-07-17;15:30:00;-03:00;11,170000076293945;11,170000076293945;11,15999984741211;11,170000076293945;133500
2026-07-17;15:35:00;-03:00;11,170000076293945;11,180000305175781;11,15999984741211;11,180000305175781;53300
2026-07-17;15:40:00;-03:00;11,180000305175781;11,180000305175781;11,170000076293945;11,180000305175781;15000
2026-07-17;15:45:00;-03:00;11,180000305175781;11,180000305175781;11,170000076293945;11,170000076293945;24000
2026-07-17;15:50:00;-03:00;11,180000305175781;11,1899995803833;11,170000076293945;11,1899995803833;66900
2026-07-17;15:55:00;-03:00;11,1899995803833;11,1899995803833;11,170000076293945;11,180000305175781;113500
2026-07-17;16:00:00;-03:00;11,170000076293945;11,180000305175781;11,170000076293945;11,180000305175781;120300
2026-07-17;16:05:00;-03:00;11,180000305175781;11,1899995803833;11,15999984741211;11,180000305175781;248700
2026-07-17;16:10:00;-03:00;11,180000305175781;11,180000305175781;11,170000076293945;11,180000305175781;53800
2026-07-17;16:15:00;-03:00;11,170000076293945;11,180000305175781;11,15999984741211;11,180000305175781;128000
2026-07-17;16:20:00;-03:00;11,180000305175781;11,180000305175781;11,149999618530273;11,15999984741211;138300
2026-07-17;16:25:00;-03:00;11,15999984741211;11,170000076293945;11,149999618530273;11,170000076293945;54500
2026-07-17;16:30:00;-03:00;11,170000076293945;11,180000305175781;11,15999984741211;11,170000076293945;46800
2026-07-17;16:35:00;-03:00;11,170000076293945;11,180000305175781;11,149999618530273;11,15999984741211;152500
2026-07-17;16:40:00;-03:00;11,149999618530273;11,170000076293945;11,149999618530273;11,170000076293945;98500
2026-07-17;16:45:00;-03:00;11,170000076293945;11,170000076293945;11,15999984741211;11,170000076293945;40400
2026-07-17;16:50:00;-03:00;11,15999984741211;11,180000305175781;11,149999618530273;11,180000305175781;98100
2026-07-20;10:00:00;-03:00;11,149999618530273;11,15999984741211;11,119999885559082;11,149999618530273;0
2026-07-20;10:05:00;-03:00;11,149999618530273;11,1899995803833;11,130000114440918;11,180000305175781;50500
2026-07-20;10:10:00;-03:00;11,180000305175781;11,1899995803833;11,130000114440918;11,140000343322754;105800
2026-07-20;10:15:00;-03:00;11,149999618530273;11,149999618530273;11,109999656677246;11,119999885559082;25500
2026-07-20;10:20:00;-03:00;11,130000114440918;11,140000343322754;11,109999656677246;11,109999656677246;35500
2026-07-20;10:25:00;-03:00;11,109999656677246;11,109999656677246;11,100000381469727;11,100000381469727;20100
2026-07-20;10:30:00;-03:00;11,100000381469727;11,109999656677246;11,069999694824219;11,100000381469727;96300
2026-07-20;10:35:00;-03:00;11,109999656677246;11,15999984741211;11,109999656677246;11,130000114440918;106300
2026-07-20;10:40:00;-03:00;11,130000114440918;11,140000343322754;11,09000015258789;11,09000015258789;98200
2026-07-20;10:45:00;-03:00;11,09000015258789;11,09000015258789;11,050000190734863;11,0600004196167;107500
2026-07-20;10:50:00;-03:00;11,079999923706055;11,09000015258789;11,069999694824219;11,069999694824219;49600
2026-07-20;10:55:00;-03:00;11,069999694824219;11,109999656677246;11,0600004196167;11,09000015258789;169100
2026-07-20;11:00:00;-03:00;11,09000015258789;11,109999656677246;11,079999923706055;11,079999923706055;18600
2026-07-20;11:05:00;-03:00;11,079999923706055;11,100000381469727;11,069999694824219;11,079999923706055;66700
2026-07-20;11:10:00;-03:00;11,079999923706055;11,09000015258789;11,069999694824219;11,069999694824219;36900
2026-07-20;11:15:00;-03:00;11,069999694824219;11,09000015258789;11,069999694824219;11,079999923706055;16800
2026-07-20;11:20:00;-03:00;11,09000015258789;11,09000015258789;11,069999694824219;11,069999694824219;55600
2026-07-20;11:25:00;-03:00;11,069999694824219;11,079999923706055;11,069999694824219;11,069999694824219;26200
2026-07-20;11:30:00;-03:00;11,069999694824219;11,100000381469727;11,069999694824219;11,100000381469727;72200
2026-07-20;11:35:00;-03:00;11,09000015258789;11,09000015258789;11,079999923706055;11,079999923706055;29200
2026-07-20;11:40:00;-03:00;11,079999923706055;11,09000015258789;11,069999694824219;11,079999923706055;78200
2026-07-20;11:45:00;-03:00;11,079999923706055;11,100000381469727;11,079999923706055;11,09000015258789;16500
2026-07-20;11:50:00;-03:00;11,09000015258789;11,109999656677246;11,09000015258789;11,09000015258789;24100
2026-07-20;11:55:00;-03:00;11,09000015258789;11,09000015258789;11,079999923706055;11,09000015258789;53300
2026-07-20;12:00:00;-03:00;11,09000015258789;11,100000381469727;11,079999923706055;11,09000015258789;37400
2026-07-20;12:05:00;-03:00;11,09000015258789;11,100000381469727;11,079999923706055;11,09000015258789;60700
2026-07-20;12:10:00;-03:00;11,09000015258789;11,100000381469727;11,069999694824219;11,069999694824219;37200
2026-07-20;12:15:00;-03:00;11,069999694824219;11,079999923706055;11,0600004196167;11,0600004196167;79600
2026-07-20;12:20:00;-03:00;11,0600004196167;11,069999694824219;11,029999732971191;11,029999732971191;182500
2026-07-20;12:25:00;-03:00;11,039999961853027;11,069999694824219;11,029999732971191;11,0600004196167;170500
2026-07-20;12:30:00;-03:00;11,069999694824219;11,069999694824219;11,0600004196167;11,0600004196167;7700
2026-07-20;12:35:00;-03:00;11,0600004196167;11,069999694824219;11,050000190734863;11,0600004196167;37200
2026-07-20;12:40:00;-03:00;11,050000190734863;11,069999694824219;11,050000190734863;11,069999694824219;18900
2026-07-20;12:45:00;-03:00;11,0600004196167;11,069999694824219;11,050000190734863;11,050000190734863;7900
2026-07-20;12:50:00;-03:00;11,050000190734863;11,0600004196167;11,050000190734863;11,050000190734863;15300
2026-07-20;12:55:00;-03:00;11,050000190734863;11,0600004196167;11,039999961853027;11,039999961853027;138700
2026-07-20;13:00:00;-03:00;11,039999961853027;11,0600004196167;11,039999961853027;11,050000190734863;59300
2026-07-20;13:05:00;-03:00;11,050000190734863;11,0600004196167;11,050000190734863;11,050000190734863;32800
2026-07-20;13:10:00;-03:00;11,050000190734863;11,069999694824219;11,050000190734863;11,0600004196167;128600
2026-07-20;13:15:00;-03:00;11,0600004196167;11,069999694824219;11,050000190734863;11,050000190734863;79000
2026-07-20;13:20:00;-03:00;11,0600004196167;11,069999694824219;11,050000190734863;11,069999694824219;53600
2026-07-20;13:25:00;-03:00;11,069999694824219;11,069999694824219;11,050000190734863;11,0600004196167;23400
2026-07-20;13:30:00;-03:00;11,0600004196167;11,069999694824219;11,039999961853027;11,0600004196167;215000
2026-07-20;13:35:00;-03:00;11,0600004196167;11,069999694824219;11,0600004196167;11,0600004196167;6700
2026-07-20;13:40:00;-03:00;11,069999694824219;11,069999694824219;11,039999961853027;11,050000190734863;75300
2026-07-20;13:45:00;-03:00;11,0600004196167;11,069999694824219;11,050000190734863;11,0600004196167;49600
2026-07-20;13:50:00;-03:00;11,069999694824219;11,069999694824219;11,039999961853027;11,050000190734863;28200
2026-07-20;13:55:00;-03:00;11,039999961853027;11,050000190734863;11,039999961853027;11,039999961853027;25100
2026-07-20;14:00:00;-03:00;11,039999961853027;11,050000190734863;11,039999961853027;11,039999961853027;31800
2026-07-20;14:05:00;-03:00;11,050000190734863;11,050000190734863;11,029999732971191;11,029999732971191;59200
2026-07-20;14:10:00;-03:00;11,029999732971191;11,050000190734863;11,029999732971191;11,039999961853027;36100
2026-07-20;14:15:00;-03:00;11,050000190734863;11,050000190734863;11,029999732971191;11,039999961853027;17700
2026-07-20;14:20:00;-03:00;11,050000190734863;11,050000190734863;11,029999732971191;11,050000190734863;23600
2026-07-20;14:25:00;-03:00;11,039999961853027;11,050000190734863;11,029999732971191;11,029999732971191;36500
2026-07-20;14:30:00;-03:00;11,029999732971191;11,050000190734863;11,029999732971191;11,039999961853027;74000
2026-07-20;14:35:00;-03:00;11,050000190734863;11,050000190734863;11,029999732971191;11,029999732971191;21800
2026-07-20;14:40:00;-03:00;11,029999732971191;11,050000190734863;11,029999732971191;11,050000190734863;49100
2026-07-20;14:45:00;-03:00;11,050000190734863;11,050000190734863;11,029999732971191;11,029999732971191;29200
2026-07-20;14:50:00;-03:00;11,029999732971191;11,050000190734863;11,029999732971191;11,039999961853027;18200
2026-07-20;14:55:00;-03:00;11,039999961853027;11,0600004196167;11,039999961853027;11,050000190734863;65200
2026-07-20;15:00:00;-03:00;11,050000190734863;11,069999694824219;11,050000190734863;11,0600004196167;84200
2026-07-20;15:05:00;-03:00;11,0600004196167;11,069999694824219;11,0600004196167;11,0600004196167;10800
2026-07-20;15:10:00;-03:00;11,0600004196167;11,079999923706055;11,0600004196167;11,069999694824219;117700
2026-07-20;15:15:00;-03:00;11,0600004196167;11,069999694824219;11,0600004196167;11,069999694824219;20300
2026-07-20;15:20:00;-03:00;11,0600004196167;11,079999923706055;11,0600004196167;11,069999694824219;91500
2026-07-20;15:25:00;-03:00;11,069999694824219;11,079999923706055;11,0600004196167;11,079999923706055;17300
2026-07-20;15:30:00;-03:00;11,069999694824219;11,079999923706055;11,069999694824219;11,079999923706055;19800
2026-07-20;15:35:00;-03:00;11,079999923706055;11,079999923706055;11,069999694824219;11,079999923706055;45000
2026-07-20;15:40:00;-03:00;11,079999923706055;11,079999923706055;11,0600004196167;11,069999694824219;167400
2026-07-20;15:45:00;-03:00;11,0600004196167;11,069999694824219;11,0600004196167;11,0600004196167;20500
2026-07-20;15:50:00;-03:00;11,0600004196167;11,069999694824219;11,0600004196167;11,0600004196167;36800
2026-07-20;15:55:00;-03:00;11,0600004196167;11,069999694824219;11,050000190734863;11,069999694824219;51300
2026-07-20;16:00:00;-03:00;11,069999694824219;11,069999694824219;11,050000190734863;11,0600004196167;50700
2026-07-20;16:05:00;-03:00;11,050000190734863;11,0600004196167;11,050000190734863;11,0600004196167;62700
2026-07-20;16:10:00;-03:00;11,050000190734863;11,0600004196167;11,050000190734863;11,0600004196167;48100
2026-07-20;16:15:00;-03:00;11,050000190734863;11,0600004196167;11,039999961853027;11,0600004196167;93300
2026-07-20;16:20:00;-03:00;11,050000190734863;11,0600004196167;11,050000190734863;11,050000190734863;61000
2026-07-20;16:25:00;-03:00;11,050000190734863;11,069999694824219;11,050000190734863;11,069999694824219;91100
2026-07-20;16:30:00;-03:00;11,0600004196167;11,079999923706055;11,050000190734863;11,0600004196167;326200
2026-07-20;16:35:00;-03:00;11,0600004196167;11,069999694824219;11,0600004196167;11,069999694824219;79400
2026-07-20;16:40:00;-03:00;11,0600004196167;11,069999694824219;11,0600004196167;11,0600004196167;54600
2026-07-20;16:45:00;-03:00;11,0600004196167;11,069999694824219;11,0600004196167;11,0600004196167;45800
2026-07-20;16:50:00;-03:00;11,0600004196167;11,079999923706055;11,050000190734863;11,050000190734863;136000
2026-07-21;10:00:00;-03:00;11,069999694824219;11,069999694824219;11,0;11,029999732971191;0
2026-07-21;10:05:00;-03:00;11,010000228881836;11,029999732971191;10,989999771118164;11,0;58200
2026-07-21;10:10:00;-03:00;10,989999771118164;11,020000457763672;10,989999771118164;11,0;22300
2026-07-21;10:15:00;-03:00;11,0;11,020000457763672;10,979999542236328;10,979999542236328;40100
2026-07-21;10:20:00;-03:00;10,979999542236328;10,989999771118164;10,960000038146973;10,970000267028809;83500
2026-07-21;10:25:00;-03:00;10,970000267028809;10,989999771118164;10,970000267028809;10,970000267028809;30000
2026-07-21;10:30:00;-03:00;10,979999542236328;11,020000457763672;10,979999542236328;11,020000457763672;70900
2026-07-21;10:35:00;-03:00;11,0;11,010000228881836;10,970000267028809;10,979999542236328;163600
2026-07-21;10:40:00;-03:00;10,989999771118164;10,989999771118164;10,960000038146973;10,979999542236328;78900
2026-07-21;10:45:00;-03:00;10,979999542236328;10,989999771118164;10,970000267028809;10,989999771118164;91700
2026-07-21;10:50:00;-03:00;10,979999542236328;10,989999771118164;10,949999809265137;10,970000267028809;141600
2026-07-21;10:55:00;-03:00;10,949999809265137;10,960000038146973;10,9399995803833;10,9399995803833;80700
2026-07-21;11:00:00;-03:00;10,949999809265137;10,960000038146973;10,930000305175781;10,949999809265137;87800
2026-07-21;11:05:00;-03:00;10,949999809265137;10,960000038146973;10,9399995803833;10,960000038146973;89100
2026-07-21;11:10:00;-03:00;10,949999809265137;10,970000267028809;10,9399995803833;10,970000267028809;90300
2026-07-21;11:15:00;-03:00;10,960000038146973;10,979999542236328;10,960000038146973;10,960000038146973;74600
2026-07-21;11:20:00;-03:00;10,960000038146973;10,970000267028809;10,949999809265137;10,949999809265137;97100
2026-07-21;11:25:00;-03:00;10,960000038146973;10,960000038146973;10,949999809265137;10,949999809265137;30000
2026-07-21;11:30:00;-03:00;10,949999809265137;10,960000038146973;10,949999809265137;10,960000038146973;32400
2026-07-21;11:35:00;-03:00;10,949999809265137;10,960000038146973;10,920000076293945;10,920000076293945;191500
2026-07-21;11:40:00;-03:00;10,920000076293945;10,970000267028809;10,920000076293945;10,970000267028809;171800
2026-07-21;11:45:00;-03:00;10,970000267028809;10,970000267028809;10,949999809265137;10,970000267028809;118400
2026-07-21;11:50:00;-03:00;10,970000267028809;10,970000267028809;10,949999809265137;10,960000038146973;101900
2026-07-21;11:55:00;-03:00;10,949999809265137;10,970000267028809;10,9399995803833;10,970000267028809;192600
2026-07-21;12:00:00;-03:00;10,960000038146973;10,979999542236328;10,960000038146973;10,979999542236328;120000
2026-07-21;12:05:00;-03:00;10,989999771118164;10,989999771118164;10,960000038146973;10,979999542236328;149500
2026-07-21;12:10:00;-03:00;10,970000267028809;10,989999771118164;10,970000267028809;10,979999542236328;88100
2026-07-21;12:15:00;-03:00;10,989999771118164;11,0;10,979999542236328;10,989999771118164;112400
2026-07-21;12:20:00;-03:00;10,989999771118164;11,0;10,960000038146973;10,979999542236328;135600
2026-07-21;12:25:00;-03:00;10,979999542236328;11,0;10,979999542236328;10,979999542236328;109000
2026-07-21;12:30:00;-03:00;10,989999771118164;11,0;10,979999542236328;11,0;60000
2026-07-21;12:35:00;-03:00;10,989999771118164;11,0;10,979999542236328;10,989999771118164;63500
2026-07-21;12:40:00;-03:00;10,989999771118164;10,989999771118164;10,979999542236328;10,989999771118164;85600
2026-07-21;12:45:00;-03:00;10,989999771118164;10,989999771118164;10,979999542236328;10,989999771118164;59600
2026-07-21;12:50:00;-03:00;10,979999542236328;11,0;10,979999542236328;10,979999542236328;149600
2026-07-21;12:55:00;-03:00;10,989999771118164;11,0;10,979999542236328;10,979999542236328;103500
2026-07-21;13:00:00;-03:00;10,989999771118164;10,989999771118164;10,979999542236328;10,989999771118164;40400
2026-07-21;13:05:00;-03:00;10,979999542236328;10,989999771118164;10,979999542236328;10,979999542236328;86300
2026-07-21;13:10:00;-03:00;10,979999542236328;10,989999771118164;10,970000267028809;10,989999771118164;49400
2026-07-21;13:15:00;-03:00;10,979999542236328;10,989999771118164;10,979999542236328;10,979999542236328;42000
2026-07-21;13:20:00;-03:00;10,989999771118164;11,0;10,979999542236328;11,0;86800
2026-07-21;13:25:00;-03:00;11,0;11,010000228881836;10,989999771118164;11,010000228881836;113000
2026-07-21;13:30:00;-03:00;11,0;11,010000228881836;11,0;11,010000228881836;44600
2026-07-21;13:35:00;-03:00;11,0;11,029999732971191;11,0;11,020000457763672;174300
2026-07-21;13:40:00;-03:00;11,020000457763672;11,020000457763672;11,010000228881836;11,020000457763672;56600
2026-07-21;13:45:00;-03:00;11,010000228881836;11,029999732971191;11,010000228881836;11,029999732971191;101600
2026-07-21;13:50:00;-03:00;11,020000457763672;11,029999732971191;11,020000457763672;11,029999732971191;94700
2026-07-21;13:55:00;-03:00;11,020000457763672;11,029999732971191;11,020000457763672;11,029999732971191;29200
2026-07-21;14:00:00;-03:00;11,020000457763672;11,029999732971191;11,020000457763672;11,020000457763672;32600
2026-07-21;14:05:00;-03:00;11,020000457763672;11,029999732971191;11,020000457763672;11,029999732971191;14700
2026-07-21;14:10:00;-03:00;11,020000457763672;11,029999732971191;11,020000457763672;11,029999732971191;31500
2026-07-21;14:15:00;-03:00;11,029999732971191;11,029999732971191;11,020000457763672;11,029999732971191;38100
2026-07-21;14:20:00;-03:00;11,029999732971191;11,029999732971191;11,020000457763672;11,029999732971191;12900
2026-07-21;14:25:00;-03:00;11,020000457763672;11,039999961853027;11,020000457763672;11,029999732971191;69700
2026-07-21;14:30:00;-03:00;11,039999961853027;11,039999961853027;11,029999732971191;11,039999961853027;13700
2026-07-21;14:35:00;-03:00;11,029999732971191;11,050000190734863;11,029999732971191;11,039999961853027;99100
2026-07-21;14:40:00;-03:00;11,050000190734863;11,050000190734863;11,029999732971191;11,029999732971191;25500
2026-07-21;14:45:00;-03:00;11,029999732971191;11,039999961853027;11,029999732971191;11,039999961853027;31100
2026-07-21;14:50:00;-03:00;11,029999732971191;11,039999961853027;11,029999732971191;11,029999732971191;19900
2026-07-21;14:55:00;-03:00;11,029999732971191;11,050000190734863;11,029999732971191;11,039999961853027;45600
2026-07-21;15:00:00;-03:00;11,039999961853027;11,050000190734863;11,029999732971191;11,039999961853027;104700
2026-07-21;15:05:00;-03:00;11,039999961853027;11,050000190734863;11,029999732971191;11,039999961853027;22200
2026-07-21;15:10:00;-03:00;11,050000190734863;11,0600004196167;11,039999961853027;11,0600004196167;111900
2026-07-21;15:15:00;-03:00;11,0600004196167;11,0600004196167;11,050000190734863;11,0600004196167;20300
2026-07-21;15:20:00;-03:00;11,0600004196167;11,069999694824219;11,050000190734863;11,0600004196167;73900
2026-07-21;15:25:00;-03:00;11,069999694824219;11,079999923706055;11,050000190734863;11,050000190734863;210000
2026-07-21;15:30:00;-03:00;11,0600004196167;11,0600004196167;11,050000190734863;11,0600004196167;46600
2026-07-21;15:35:00;-03:00;11,0600004196167;11,0600004196167;11,050000190734863;11,0600004196167;55500
2026-07-21;15:40:00;-03:00;11,0600004196167;11,0600004196167;11,050000190734863;11,050000190734863;47500
2026-07-21;15:45:00;-03:00;11,050000190734863;11,0600004196167;11,050000190734863;11,0600004196167;36800
2026-07-21;15:50:00;-03:00;11,0600004196167;11,0600004196167;11,050000190734863;11,0600004196167;30100
2026-07-21;15:55:00;-03:00;11,0600004196167;11,0600004196167;11,050000190734863;11,0600004196167;55700
2026-07-21;16:00:00;-03:00;11,050000190734863;11,0600004196167;11,050000190734863;11,0600004196167;33700
2026-07-21;16:05:00;-03:00;11,0600004196167;11,0600004196167;11,050000190734863;11,050000190734863;223000
2026-07-21;16:10:00;-03:00;11,0600004196167;11,0600004196167;11,039999961853027;11,050000190734863;67300
2026-07-21;16:15:00;-03:00;11,050000190734863;11,050000190734863;11,039999961853027;11,050000190734863;52700
2026-07-21;16:20:00;-03:00;11,050000190734863;11,0600004196167;11,039999961853027;11,050000190734863;464200
2026-07-21;16:25:00;-03:00;11,039999961853027;11,050000190734863;11,039999961853027;11,050000190734863;78800
2026-07-21;16:30:00;-03:00;11,050000190734863;11,050000190734863;11,029999732971191;11,039999961853027;269500
2026-07-21;16:35:00;-03:00;11,050000190734863;11,0600004196167;11,039999961853027;11,039999961853027;133400
2026-07-21;16:40:00;-03:00;11,039999961853027;11,0600004196167;11,039999961853027;11,050000190734863;159900
2026-07-21;16:45:00;-03:00;11,050000190734863;11,0600004196167;11,029999732971191;11,029999732971191;89200
2026-07-21;16:50:00;-03:00;11,029999732971191;11,050000190734863;11,029999732971191;11,050000190734863;248500
2026-07-22;10:00:00;-03:00;11,050000190734863;11,050000190734863;11,020000457763672;11,029999732971191;35600
2026-07-22;10:05:00;-03:00;11,029999732971191;11,029999732971191;10,989999771118164;10,989999771118164;29700
2026-07-22;10:10:00;-03:00;10,989999771118164;11,020000457763672;10,960000038146973;11,010000228881836;61000
2026-07-22;10:15:00;-03:00;11,020000457763672;11,020000457763672;11,010000228881836;11,010000228881836;25300
2026-07-22;10:20:00;-03:00;11,010000228881836;11,029999732971191;11,0;11,020000457763672;21700
2026-07-22;10:25:00;-03:00;11,029999732971191;11,029999732971191;11,010000228881836;11,020000457763672;42400
2026-07-22;10:30:00;-03:00;11,020000457763672;11,050000190734863;11,020000457763672;11,050000190734863;62400
2026-07-22;10:35:00;-03:00;11,050000190734863;11,079999923706055;11,029999732971191;11,069999694824219;102600
2026-07-22;10:40:00;-03:00;11,0600004196167;11,15999984741211;11,0600004196167;11,130000114440918;247000
2026-07-22;10:45:00;-03:00;11,140000343322754;11,170000076293945;11,119999885559082;11,15999984741211;185800
2026-07-22;10:50:00;-03:00;11,15999984741211;11,170000076293945;11,130000114440918;11,130000114440918;180700
2026-07-22;10:55:00;-03:00;11,140000343322754;11,15999984741211;11,130000114440918;11,149999618530273;46500
2026-07-22;11:00:00;-03:00;11,140000343322754;11,149999618530273;11,119999885559082;11,119999885559082;61800
2026-07-22;11:05:00;-03:00;11,130000114440918;11,140000343322754;11,100000381469727;11,100000381469727;152300
2026-07-22;11:10:00;-03:00;11,100000381469727;11,100000381469727;11,09000015258789;11,09000015258789;17200
2026-07-22;11:15:00;-03:00;11,100000381469727;11,119999885559082;11,09000015258789;11,109999656677246;77700
2026-07-22;11:20:00;-03:00;11,100000381469727;11,119999885559082;11,09000015258789;11,100000381469727;55500
2026-07-22;11:25:00;-03:00;11,09000015258789;11,119999885559082;11,09000015258789;11,109999656677246;39500
2026-07-22;11:30:00;-03:00;11,109999656677246;11,109999656677246;11,079999923706055;11,09000015258789;67800
2026-07-22;11:35:00;-03:00;11,09000015258789;11,09000015258789;11,0600004196167;11,069999694824219;49000
2026-07-22;11:40:00;-03:00;11,0600004196167;11,100000381469727;11,0600004196167;11,100000381469727;37700
2026-07-22;11:45:00;-03:00;11,09000015258789;11,100000381469727;11,0600004196167;11,069999694824219;85500
2026-07-22;11:50:00;-03:00;11,0600004196167;11,09000015258789;11,0600004196167;11,09000015258789;25300
2026-07-22;11:55:00;-03:00;11,09000015258789;11,100000381469727;11,069999694824219;11,09000015258789;37200
2026-07-22;12:00:00;-03:00;11,09000015258789;11,100000381469727;11,079999923706055;11,100000381469727;57900
2026-07-22;12:05:00;-03:00;11,100000381469727;11,109999656677246;11,09000015258789;11,100000381469727;66800
2026-07-22;12:10:00;-03:00;11,100000381469727;11,100000381469727;11,069999694824219;11,079999923706055;42000
2026-07-22;12:15:00;-03:00;11,069999694824219;11,079999923706055;11,0600004196167;11,069999694824219;125500
2026-07-22;12:20:00;-03:00;11,069999694824219;11,09000015258789;11,0600004196167;11,09000015258789;80600
2026-07-22;12:25:00;-03:00;11,09000015258789;11,09000015258789;11,069999694824219;11,079999923706055;8800
2026-07-22;12:30:00;-03:00;11,079999923706055;11,100000381469727;11,069999694824219;11,100000381469727;49600
2026-07-22;12:35:00;-03:00;11,09000015258789;11,100000381469727;11,079999923706055;11,09000015258789;53200
2026-07-22;12:40:00;-03:00;11,100000381469727;11,119999885559082;11,079999923706055;11,109999656677246;83800
2026-07-22;12:45:00;-03:00;11,109999656677246;11,119999885559082;11,100000381469727;11,119999885559082;35300
2026-07-22;12:50:00;-03:00;11,119999885559082;11,119999885559082;11,100000381469727;11,109999656677246;94500
2026-07-22;12:55:00;-03:00;11,109999656677246;11,119999885559082;11,100000381469727;11,119999885559082;23000
2026-07-22;13:00:00;-03:00;11,119999885559082;11,130000114440918;11,109999656677246;11,130000114440918;41600
2026-07-22;13:05:00;-03:00;11,130000114440918;11,130000114440918;11,109999656677246;11,119999885559082;96300
2026-07-22;13:10:00;-03:00;11,119999885559082;11,119999885559082;11,109999656677246;11,109999656677246;61800
2026-07-22;13:15:00;-03:00;11,119999885559082;11,119999885559082;11,100000381469727;11,100000381469727;33800
2026-07-22;13:20:00;-03:00;11,109999656677246;11,119999885559082;11,100000381469727;11,119999885559082;33400
2026-07-22;13:25:00;-03:00;11,119999885559082;11,119999885559082;11,109999656677246;11,109999656677246;30400
2026-07-22;13:30:00;-03:00;11,119999885559082;11,140000343322754;11,109999656677246;11,130000114440918;62200
2026-07-22;13:35:00;-03:00;11,130000114440918;11,149999618530273;11,130000114440918;11,130000114440918;30900
2026-07-22;13:40:00;-03:00;11,149999618530273;11,149999618530273;11,130000114440918;11,149999618530273;40100
2026-07-22;13:45:00;-03:00;11,149999618530273;11,149999618530273;11,130000114440918;11,140000343322754;60500
2026-07-22;13:50:00;-03:00;11,130000114440918;11,15999984741211;11,130000114440918;11,15999984741211;90000
2026-07-22;13:55:00;-03:00;11,149999618530273;11,15999984741211;11,149999618530273;11,149999618530273;25000
2026-07-22;14:00:00;-03:00;11,149999618530273;11,170000076293945;11,140000343322754;11,15999984741211;72400
2026-07-22;14:05:00;-03:00;11,15999984741211;11,170000076293945;11,149999618530273;11,15999984741211;58700
2026-07-22;14:10:00;-03:00;11,149999618530273;11,180000305175781;11,149999618530273;11,180000305175781;89500
2026-07-22;14:15:00;-03:00;11,180000305175781;11,1899995803833;11,170000076293945;11,180000305175781;89800
2026-07-22;14:20:00;-03:00;11,170000076293945;11,180000305175781;11,170000076293945;11,180000305175781;33600
2026-07-22;14:25:00;-03:00;11,170000076293945;11,199999809265137;11,170000076293945;11,1899995803833;81600
2026-07-22;14:30:00;-03:00;11,1899995803833;11,210000038146973;11,1899995803833;11,199999809265137;86400
2026-07-22;14:35:00;-03:00;11,199999809265137;11,199999809265137;11,1899995803833;11,199999809265137;56500
2026-07-22;14:40:00;-03:00;11,199999809265137;11,199999809265137;11,180000305175781;11,1899995803833;182300
2026-07-22;14:45:00;-03:00;11,1899995803833;11,220000267028809;11,180000305175781;11,220000267028809;131400
2026-07-22;14:50:00;-03:00;11,210000038146973;11,229999542236328;11,210000038146973;11,220000267028809;106200
2026-07-22;14:55:00;-03:00;11,220000267028809;11,239999771118164;11,210000038146973;11,239999771118164;114800
2026-07-22;15:00:00;-03:00;11,239999771118164;11,239999771118164;11,220000267028809;11,229999542236328;159800
2026-07-22;15:05:00;-03:00;11,229999542236328;11,229999542236328;11,199999809265137;11,199999809265137;95800
2026-07-22;15:10:00;-03:00;11,210000038146973;11,220000267028809;11,199999809265137;11,220000267028809;56300
2026-07-22;15:15:00;-03:00;11,210000038146973;11,220000267028809;11,199999809265137;11,199999809265137;82200
2026-07-22;15:20:00;-03:00;11,199999809265137;11,220000267028809;11,199999809265137;11,210000038146973;122100
2026-07-22;15:25:00;-03:00;11,210000038146973;11,220000267028809;11,199999809265137;11,220000267028809;98500
2026-07-22;15:30:00;-03:00;11,210000038146973;11,220000267028809;11,199999809265137;11,210000038146973;72700
2026-07-22;15:35:00;-03:00;11,210000038146973;11,220000267028809;11,199999809265137;11,220000267028809;144300
2026-07-22;15:40:00;-03:00;11,220000267028809;11,220000267028809;11,199999809265137;11,220000267028809;81200
2026-07-22;15:45:00;-03:00;11,210000038146973;11,220000267028809;11,210000038146973;11,220000267028809;50500
2026-07-22;15:50:00;-03:00;11,220000267028809;11,229999542236328;11,210000038146973;11,229999542236328;112400
2026-07-22;15:55:00;-03:00;11,210000038146973;11,229999542236328;11,210000038146973;11,229999542236328;101000
2026-07-22;16:00:00;-03:00;11,220000267028809;11,229999542236328;11,199999809265137;11,199999809265137;112500
2026-07-22;16:05:00;-03:00;11,199999809265137;11,210000038146973;11,199999809265137;11,210000038146973;69300
2026-07-22;16:10:00;-03:00;11,210000038146973;11,210000038146973;11,199999809265137;11,210000038146973;85200
2026-07-22;16:15:00;-03:00;11,210000038146973;11,210000038146973;11,199999809265137;11,199999809265137;149300
2026-07-22;16:20:00;-03:00;11,199999809265137;11,210000038146973;11,1899995803833;11,210000038146973;95300
2026-07-22;16:25:00;-03:00;11,199999809265137;11,220000267028809;11,199999809265137;11,220000267028809;135000
2026-07-22;16:30:00;-03:00;11,210000038146973;11,220000267028809;11,199999809265137;11,220000267028809;48600
2026-07-22;16:35:00;-03:00;11,220000267028809;11,220000267028809;11,210000038146973;11,220000267028809;92500
2026-07-22;16:40:00;-03:00;11,220000267028809;11,229999542236328;11,210000038146973;11,210000038146973;215800
2026-07-22;16:45:00;-03:00;11,220000267028809;11,229999542236328;11,210000038146973;11,229999542236328;131500
2026-07-22;16:50:00;-03:00;11,229999542236328;11,229999542236328;11,199999809265137;11,199999809265137;134700
2026-07-23;10:00:00;-03:00;11,170000076293945;11,180000305175781;11,140000343322754;11,15999984741211;0
2026-07-23;10:05:00;-03:00;11,149999618530273;11,199999809265137;11,109999656677246;11,170000076293945;87500
2026-07-23;10:10:00;-03:00;11,15999984741211;11,199999809265137;11,140000343322754;11,140000343322754;84200
2026-07-23;10:15:00;-03:00;11,140000343322754;11,149999618530273;11,119999885559082;11,130000114440918;24800
2026-07-23;10:20:00;-03:00;11,140000343322754;11,149999618530273;11,119999885559082;11,130000114440918;24800
2026-07-23;10:25:00;-03:00;11,140000343322754;11,149999618530273;11,109999656677246;11,130000114440918;54600
2026-07-23;10:30:00;-03:00;11,130000114440918;11,1899995803833;11,130000114440918;11,1899995803833;153900
2026-07-23;10:35:00;-03:00;11,180000305175781;11,1899995803833;11,140000343322754;11,140000343322754;172600
2026-07-23;10:40:00;-03:00;11,140000343322754;11,180000305175781;11,130000114440918;11,149999618530273;50900
2026-07-23;10:45:00;-03:00;11,149999618530273;11,170000076293945;11,149999618530273;11,149999618530273;69300
2026-07-23;10:50:00;-03:00;11,15999984741211;11,1899995803833;11,149999618530273;11,149999618530273;83800
2026-07-23;10:55:00;-03:00;11,149999618530273;11,170000076293945;11,109999656677246;11,119999885559082;80200
2026-07-23;11:00:00;-03:00;11,109999656677246;11,119999885559082;11,079999923706055;11,100000381469727;164200
2026-07-23;11:05:00;-03:00;11,100000381469727;11,100000381469727;11,069999694824219;11,079999923706055;71000
2026-07-23;11:10:00;-03:00;11,079999923706055;11,119999885559082;11,069999694824219;11,119999885559082;245700
2026-07-23;11:15:00;-03:00;11,130000114440918;11,140000343322754;11,119999885559082;11,140000343322754;58300
2026-07-23;11:20:00;-03:00;11,140000343322754;11,15999984741211;11,130000114440918;11,15999984741211;49300
2026-07-23;11:25:00;-03:00;11,149999618530273;11,199999809265137;11,149999618530273;11,199999809265137;97100
2026-07-23;11:30:00;-03:00;11,199999809265137;11,199999809265137;11,170000076293945;11,170000076293945;77500
2026-07-23;11:35:00;-03:00;11,180000305175781;11,220000267028809;11,170000076293945;11,1899995803833;83900
2026-07-23;11:40:00;-03:00;11,1899995803833;11,220000267028809;11,1899995803833;11,1899995803833;62000
2026-07-23;11:45:00;-03:00;11,199999809265137;11,220000267028809;11,1899995803833;11,199999809265137;111300
2026-07-23;11:50:00;-03:00;11,1899995803833;11,210000038146973;11,1899995803833;11,199999809265137;83000
2026-07-23;11:55:00;-03:00;11,199999809265137;11,229999542236328;11,199999809265137;11,220000267028809;102500
2026-07-23;12:00:00;-03:00;11,220000267028809;11,220000267028809;11,210000038146973;11,220000267028809;17100
2026-07-23;12:05:00;-03:00;11,220000267028809;11,220000267028809;11,1899995803833;11,210000038146973;128900
2026-07-23;12:10:00;-03:00;11,210000038146973;11,210000038146973;11,180000305175781;11,199999809265137;65000
2026-07-23;12:15:00;-03:00;11,199999809265137;11,210000038146973;11,180000305175781;11,199999809265137;36200
2026-07-23;12:20:00;-03:00;11,199999809265137;11,199999809265137;11,15999984741211;11,180000305175781;109300
2026-07-23;12:25:00;-03:00;11,180000305175781;11,180000305175781;11,140000343322754;11,140000343322754;99900
2026-07-23;12:30:00;-03:00;11,140000343322754;11,170000076293945;11,140000343322754;11,15999984741211;82400
2026-07-23;12:35:00;-03:00;11,170000076293945;11,170000076293945;11,140000343322754;11,15999984741211;107800
2026-07-23;12:40:00;-03:00;11,15999984741211;11,15999984741211;11,140000343322754;11,149999618530273;72400
2026-07-23;12:45:00;-03:00;11,149999618530273;11,149999618530273;11,140000343322754;11,140000343322754;138400
2026-07-23;12:50:00;-03:00;11,140000343322754;11,15999984741211;11,140000343322754;11,149999618530273;27100
2026-07-23;12:55:00;-03:00;11,149999618530273;11,15999984741211;11,149999618530273;11,149999618530273;36200
2026-07-23;13:00:00;-03:00;11,15999984741211;11,15999984741211;11,140000343322754;11,140000343322754;26100
2026-07-23;13:05:00;-03:00;11,140000343322754;11,149999618530273;11,130000114440918;11,130000114440918;134400
2026-07-23;13:10:00;-03:00;11,130000114440918;11,15999984741211;11,130000114440918;11,15999984741211;93200
2026-07-23;13:15:00;-03:00;11,149999618530273;11,15999984741211;11,149999618530273;11,149999618530273;19400
2026-07-23;13:20:00;-03:00;11,149999618530273;11,15999984741211;11,149999618530273;11,15999984741211;32200
2026-07-23;13:25:00;-03:00;11,149999618530273;11,15999984741211;11,149999618530273;11,15999984741211;8700
2026-07-23;13:30:00;-03:00;11,149999618530273;11,15999984741211;11,149999618530273;11,15999984741211;74500
2026-07-23;13:35:00;-03:00;11,149999618530273;11,15999984741211;11,149999618530273;11,149999618530273;18100
2026-07-23;13:40:00;-03:00;11,149999618530273;11,15999984741211;11,149999618530273;11,149999618530273;16100
2026-07-23;13:45:00;-03:00;11,15999984741211;11,15999984741211;11,149999618530273;11,15999984741211;35800
2026-07-23;13:50:00;-03:00;11,170000076293945;11,170000076293945;11,149999618530273;11,149999618530273;28900
2026-07-23;13:55:00;-03:00;11,15999984741211;11,170000076293945;11,149999618530273;11,15999984741211;97700
2026-07-23;14:00:00;-03:00;11,15999984741211;11,180000305175781;11,15999984741211;11,15999984741211;84800
2026-07-23;14:05:00;-03:00;11,15999984741211;11,170000076293945;11,15999984741211;11,15999984741211;84300
2026-07-23;14:10:00;-03:00;11,15999984741211;11,170000076293945;11,149999618530273;11,15999984741211;93900
2026-07-23;14:15:00;-03:00;11,15999984741211;11,170000076293945;11,149999618530273;11,15999984741211;41200
2026-07-23;14:20:00;-03:00;11,15999984741211;11,170000076293945;11,149999618530273;11,15999984741211;56500
2026-07-23;14:25:00;-03:00;11,15999984741211;11,170000076293945;11,15999984741211;11,15999984741211;24900
2026-07-23;14:30:00;-03:00;11,170000076293945;11,170000076293945;11,15999984741211;11,15999984741211;21500
2026-07-23;14:35:00;-03:00;11,170000076293945;11,170000076293945;11,15999984741211;11,15999984741211;42200
2026-07-23;14:40:00;-03:00;11,15999984741211;11,170000076293945;11,149999618530273;11,149999618530273;65100
2026-07-23;14:45:00;-03:00;11,149999618530273;11,180000305175781;11,149999618530273;11,180000305175781;82600
2026-07-23;14:50:00;-03:00;11,180000305175781;11,1899995803833;11,15999984741211;11,15999984741211;91700
2026-07-23;14:55:00;-03:00;11,15999984741211;11,170000076293945;11,15999984741211;11,170000076293945;68000
2026-07-23;15:00:00;-03:00;11,15999984741211;11,180000305175781;11,15999984741211;11,170000076293945;107100
2026-07-23;15:05:00;-03:00;11,180000305175781;11,180000305175781;11,170000076293945;11,170000076293945;18000
2026-07-23;15:10:00;-03:00;11,170000076293945;11,180000305175781;11,170000076293945;11,180000305175781;66100
2026-07-23;15:15:00;-03:00;11,170000076293945;11,1899995803833;11,170000076293945;11,1899995803833;31600
2026-07-23;15:20:00;-03:00;11,180000305175781;11,1899995803833;11,180000305175781;11,1899995803833;37800
2026-07-23;15:25:00;-03:00;11,1899995803833;11,1899995803833;11,180000305175781;11,1899995803833;65000
2026-07-23;15:30:00;-03:00;11,1899995803833;11,199999809265137;11,180000305175781;11,199999809265137;76900
2026-07-23;15:35:00;-03:00;11,1899995803833;11,210000038146973;11,1899995803833;11,199999809265137;112300
2026-07-23;15:40:00;-03:00;11,199999809265137;11,210000038146973;11,1899995803833;11,199999809265137;389700
2026-07-23;15:45:00;-03:00;11,1899995803833;11,220000267028809;11,1899995803833;11,220000267028809;75800
2026-07-23;15:50:00;-03:00;11,210000038146973;11,220000267028809;11,210000038146973;11,210000038146973;29400
2026-07-23;15:55:00;-03:00;11,210000038146973;11,220000267028809;11,199999809265137;11,210000038146973;162000
2026-07-23;16:00:00;-03:00;11,210000038146973;11,220000267028809;11,210000038146973;11,220000267028809;34400
2026-07-23;16:05:00;-03:00;11,220000267028809;11,220000267028809;11,199999809265137;11,199999809265137;62500
2026-07-23;16:10:00;-03:00;11,199999809265137;11,210000038146973;11,199999809265137;11,199999809265137;35000
2026-07-23;16:15:00;-03:00;11,199999809265137;11,220000267028809;11,1899995803833;11,1899995803833;188500
2026-07-23;16:20:00;-03:00;11,199999809265137;11,199999809265137;11,170000076293945;11,180000305175781;146900
2026-07-23;16:25:00;-03:00;11,1899995803833;11,1899995803833;11,180000305175781;11,180000305175781;26000
2026-07-23;16:30:00;-03:00;11,1899995803833;11,210000038146973;11,180000305175781;11,210000038146973;154000
2026-07-23;16:35:00;-03:00;11,199999809265137;11,210000038146973;11,199999809265137;11,210000038146973;71600
2026-07-23;16:40:00;-03:00;11,210000038146973;11,210000038146973;11,180000305175781;11,199999809265137;510900
2026-07-23;16:45:00;-03:00;11,1899995803833;11,199999809265137;11,180000305175781;11,1899995803833;84100
2026-07-23;16:50:00;-03:00;11,1899995803833;11,199999809265137;11,170000076293945;11,1899995803833;1225300
2026-07-24;10:00:00;-03:00;11,180000305175781;11,180000305175781;11,119999885559082;11,130000114440918;0
2026-07-24;10:05:00;-03:00;11,140000343322754;11,149999618530273;11,109999656677246;11,109999656677246;55300
2026-07-24;10:10:00;-03:00;11,109999656677246;11,109999656677246;11,0600004196167;11,09000015258789;113600
2026-07-24;10:15:00;-03:00;11,079999923706055;11,09000015258789;11,0600004196167;11,09000015258789;100400
2026-07-24;10:20:00;-03:00;11,09000015258789;11,100000381469727;11,079999923706055;11,079999923706055;69900
2026-07-24;10:25:00;-03:00;11,079999923706055;11,09000015258789;11,069999694824219;11,09000015258789;221700
2026-07-24;10:30:00;-03:00;11,100000381469727;11,130000114440918;11,069999694824219;11,079999923706055;309500
2026-07-24;10:35:00;-03:00;11,09000015258789;11,100000381469727;11,079999923706055;11,079999923706055;414300
2026-07-24;10:40:00;-03:00;11,079999923706055;11,109999656677246;11,079999923706055;11,09000015258789;51300
2026-07-24;10:45:00;-03:00;11,09000015258789;11,119999885559082;11,09000015258789;11,100000381469727;72700
2026-07-24;10:50:00;-03:00;11,100000381469727;11,119999885559082;11,09000015258789;11,119999885559082;78900
2026-07-24;10:55:00;-03:00;11,100000381469727;11,119999885559082;11,100000381469727;11,109999656677246;46700
2026-07-24;11:00:00;-03:00;11,119999885559082;11,130000114440918;11,100000381469727;11,100000381469727;169500
2026-07-24;11:05:00;-03:00;11,100000381469727;11,109999656677246;11,079999923706055;11,079999923706055;35600
2026-07-24;11:10:00;-03:00;11,09000015258789;11,119999885559082;11,079999923706055;11,09000015258789;159700
2026-07-24;11:15:00;-03:00;11,09000015258789;11,109999656677246;11,09000015258789;11,100000381469727;98000
2026-07-24;11:20:00;-03:00;11,09000015258789;11,109999656677246;11,09000015258789;11,100000381469727;52900
2026-07-24;11:25:00;-03:00;11,100000381469727;11,109999656677246;11,100000381469727;11,100000381469727;8900
2026-07-24;11:30:00;-03:00;11,100000381469727;11,109999656677246;11,09000015258789;11,100000381469727;247100
2026-07-24;11:35:00;-03:00;11,09000015258789;11,100000381469727;11,09000015258789;11,09000015258789;58800
2026-07-24;11:40:00;-03:00;11,100000381469727;11,100000381469727;11,09000015258789;11,09000015258789;50100
2026-07-24;11:45:00;-03:00;11,09000015258789;11,100000381469727;11,09000015258789;11,09000015258789;22900
2026-07-24;11:50:00;-03:00;11,09000015258789;11,100000381469727;11,09000015258789;11,09000015258789;91100
2026-07-24;11:55:00;-03:00;11,100000381469727;11,109999656677246;11,09000015258789;11,109999656677246;35800
2026-07-24;12:00:00;-03:00;11,09000015258789;11,109999656677246;11,069999694824219;11,069999694824219;150200
2026-07-24;12:05:00;-03:00;11,069999694824219;11,069999694824219;11,0600004196167;11,0600004196167;109500
2026-07-24;12:10:00;-03:00;11,0600004196167;11,079999923706055;11,0600004196167;11,069999694824219;73800
2026-07-24;12:15:00;-03:00;11,079999923706055;11,100000381469727;11,069999694824219;11,069999694824219;59000
2026-07-24;12:20:00;-03:00;11,079999923706055;11,09000015258789;11,0600004196167;11,0600004196167;52600
2026-07-24;12:25:00;-03:00;11,0600004196167;11,069999694824219;11,020000457763672;11,029999732971191;163200
2026-07-24;12:30:00;-03:00;11,029999732971191;11,0600004196167;11,020000457763672;11,039999961853027;126900
2026-07-24;12:35:00;-03:00;11,050000190734863;11,0600004196167;11,039999961853027;11,050000190734863;17500
2026-07-24;12:40:00;-03:00;11,0600004196167;11,0600004196167;11,039999961853027;11,039999961853027;35800
2026-07-24;12:45:00;-03:00;11,039999961853027;11,050000190734863;11,039999961853027;11,050000190734863;17600
2026-07-24;12:50:00;-03:00;11,050000190734863;11,050000190734863;11,039999961853027;11,039999961853027;15400
2026-07-24;12:55:00;-03:00;11,039999961853027;11,0600004196167;11,039999961853027;11,050000190734863;43800
2026-07-24;13:00:00;-03:00;11,050000190734863;11,0600004196167;11,039999961853027;11,0600004196167;89400
2026-07-24;13:05:00;-03:00;11,050000190734863;11,0600004196167;11,039999961853027;11,039999961853027;14400
2026-07-24;13:10:00;-03:00;11,039999961853027;11,050000190734863;11,029999732971191;11,029999732971191;19800
2026-07-24;13:15:00;-03:00;11,029999732971191;11,050000190734863;11,029999732971191;11,050000190734863;88300
2026-07-24;13:20:00;-03:00;11,050000190734863;11,050000190734863;11,029999732971191;11,039999961853027;31200
2026-07-24;13:25:00;-03:00;11,050000190734863;11,069999694824219;11,050000190734863;11,0600004196167;84000
2026-07-24;13:30:00;-03:00;11,0600004196167;11,069999694824219;11,050000190734863;11,050000190734863;57500
2026-07-24;13:35:00;-03:00;11,050000190734863;11,069999694824219;11,039999961853027;11,0600004196167;171100
2026-07-24;13:40:00;-03:00;11,050000190734863;11,0600004196167;11,050000190734863;11,050000190734863;174700
2026-07-24;13:45:00;-03:00;11,0600004196167;11,0600004196167;11,039999961853027;11,039999961853027;24600
2026-07-24;13:50:00;-03:00;11,050000190734863;11,050000190734863;11,029999732971191;11,039999961853027;57400
2026-07-24;13:55:00;-03:00;11,050000190734863;11,050000190734863;11,029999732971191;11,050000190734863;54200
2026-07-24;14:00:00;-03:00;11,039999961853027;11,0600004196167;11,039999961853027;11,050000190734863;45000
2026-07-24;14:05:00;-03:00;11,050000190734863;11,0600004196167;11,039999961853027;11,039999961853027;28400
2026-07-24;14:10:00;-03:00;11,050000190734863;11,050000190734863;11,039999961853027;11,039999961853027;15700
2026-07-24;14:15:00;-03:00;11,039999961853027;11,050000190734863;11,039999961853027;11,039999961853027;28300
2026-07-24;14:20:00;-03:00;11,039999961853027;11,050000190734863;11,039999961853027;11,039999961853027;12100
2026-07-24;14:25:00;-03:00;11,050000190734863;11,0600004196167;11,039999961853027;11,050000190734863;81300
2026-07-24;14:30:00;-03:00;11,050000190734863;11,0600004196167;11,039999961853027;11,039999961853027;181700
2026-07-24;14:35:00;-03:00;11,050000190734863;11,050000190734863;11,029999732971191;11,039999961853027;145000
2026-07-24;14:40:00;-03:00;11,050000190734863;11,050000190734863;11,029999732971191;11,039999961853027;37100
2026-07-24;14:45:00;-03:00;11,039999961853027;11,050000190734863;11,039999961853027;11,050000190734863;3200
2026-07-24;14:50:00;-03:00;11,039999961853027;11,050000190734863;11,029999732971191;11,029999732971191;51300
2026-07-24;14:55:00;-03:00;11,029999732971191;11,039999961853027;11,029999732971191;11,039999961853027;14100
2026-07-24;15:00:00;-03:00;11,029999732971191;11,039999961853027;11,029999732971191;11,039999961853027;5800
2026-07-24;15:05:00;-03:00;11,039999961853027;11,050000190734863;11,029999732971191;11,050000190734863;98000
2026-07-24;15:10:00;-03:00;11,039999961853027;11,050000190734863;11,039999961853027;11,039999961853027;8000
2026-07-24;15:15:00;-03:00;11,039999961853027;11,050000190734863;11,039999961853027;11,039999961853027;701400
2026-07-24;15:20:00;-03:00;11,039999961853027;11,050000190734863;11,039999961853027;11,039999961853027;26100
2026-07-24;15:25:00;-03:00;11,039999961853027;11,050000190734863;11,039999961853027;11,039999961853027;27700
2026-07-24;15:30:00;-03:00;11,050000190734863;11,050000190734863;11,020000457763672;11,020000457763672;182600
2026-07-24;15:35:00;-03:00;11,020000457763672;11,050000190734863;11,020000457763672;11,039999961853027;206000
2026-07-24;15:40:00;-03:00;11,039999961853027;11,050000190734863;11,039999961853027;11,039999961853027;26100
2026-07-24;15:45:00;-03:00;11,050000190734863;11,050000190734863;11,039999961853027;11,039999961853027;22200
2026-07-24;15:50:00;-03:00;11,039999961853027;11,050000190734863;11,039999961853027;11,039999961853027;31200
2026-07-24;15:55:00;-03:00;11,050000190734863;11,0600004196167;11,039999961853027;11,039999961853027;93400
2026-07-24;16:00:00;-03:00;11,050000190734863;11,050000190734863;11,029999732971191;11,039999961853027;108800
2026-07-24;16:05:00;-03:00;11,039999961853027;11,050000190734863;11,029999732971191;11,029999732971191;70000
2026-07-24;16:10:00;-03:00;11,029999732971191;11,039999961853027;11,020000457763672;11,029999732971191;196600
2026-07-24;16:15:00;-03:00;11,020000457763672;11,039999961853027;11,020000457763672;11,020000457763672;107700
2026-07-24;16:20:00;-03:00;11,029999732971191;11,029999732971191;11,020000457763672;11,020000457763672;35600
2026-07-24;16:25:00;-03:00;11,029999732971191;11,029999732971191;11,020000457763672;11,020000457763672;41900
2026-07-24;16:30:00;-03:00;11,029999732971191;11,029999732971191;11,020000457763672;11,029999732971191;44900
2026-07-24;16:35:00;-03:00;11,020000457763672;11,039999961853027;11,020000457763672;11,020000457763672;269700
2026-07-24;16:40:00;-03:00;11,020000457763672;11,029999732971191;11,0;11,010000228881836;221900
2026-07-24;16:45:00;-03:00;11,010000228881836;11,020000457763672;11,0;11,0;132400
2026-07-24;16:50:00;-03:00;11,0;11,010000228881836;10,989999771118164;10,989999771118164;120700
2026-07-27;10:00:00;-03:00;11,069999694824219;11,069999694824219;11,039999961853027;11,039999961853027;0
2026-07-27;10:05:00;-03:00;11,039999961853027;11,0600004196167;11,020000457763672;11,020000457763672;68000
2026-07-27;10:10:00;-03:00;11,020000457763672;11,0600004196167;11,020000457763672;11,050000190734863;27700
2026-07-27;10:15:00;-03:00;11,039999961853027;11,0600004196167;11,039999961853027;11,0600004196167;15900
2026-07-27;10:20:00;-03:00;11,069999694824219;11,09000015258789;11,050000190734863;11,09000015258789;161600
2026-07-27;10:25:00;-03:00;11,09000015258789;11,109999656677246;11,079999923706055;11,109999656677246;62900
2026-07-27;10:30:00;-03:00;11,109999656677246;11,119999885559082;11,079999923706055;11,100000381469727;76600
2026-07-27;10:35:00;-03:00;11,100000381469727;11,100000381469727;11,0600004196167;11,069999694824219;147500
2026-07-27;10:40:00;-03:00;11,069999694824219;11,100000381469727;11,0600004196167;11,09000015258789;76900
2026-07-27;10:45:00;-03:00;11,09000015258789;11,09000015258789;11,069999694824219;11,09000015258789;29400
2026-07-27;10:50:00;-03:00;11,079999923706055;11,079999923706055;11,050000190734863;11,050000190734863;82300
2026-07-27;10:55:00;-03:00;11,0600004196167;11,09000015258789;11,050000190734863;11,09000015258789;111800
2026-07-27;11:00:00;-03:00;11,079999923706055;11,09000015258789;11,0600004196167;11,079999923706055;100000
2026-07-27;11:05:00;-03:00;11,079999923706055;11,09000015258789;11,050000190734863;11,09000015258789;161900
2026-07-27;11:10:00;-03:00;11,069999694824219;11,09000015258789;11,069999694824219;11,079999923706055;115100
2026-07-27;11:15:00;-03:00;11,079999923706055;11,09000015258789;11,069999694824219;11,079999923706055;101100
2026-07-27;11:20:00;-03:00;11,09000015258789;11,100000381469727;11,069999694824219;11,100000381469727;33400
2026-07-27;11:25:00;-03:00;11,100000381469727;11,100000381469727;11,069999694824219;11,079999923706055;48100
2026-07-27;11:30:00;-03:00;11,079999923706055;11,100000381469727;11,079999923706055;11,100000381469727;27600
2026-07-27;11:35:00;-03:00;11,079999923706055;11,109999656677246;11,079999923706055;11,109999656677246;62700
2026-07-27;11:40:00;-03:00;11,119999885559082;11,119999885559082;11,100000381469727;11,109999656677246;120600
2026-07-27;11:45:00;-03:00;11,119999885559082;11,130000114440918;11,100000381469727;11,109999656677246;45600
2026-07-27;11:50:00;-03:00;11,109999656677246;11,130000114440918;11,109999656677246;11,119999885559082;63700
2026-07-27;11:55:00;-03:00;11,119999885559082;11,149999618530273;11,119999885559082;11,149999618530273;98400
2026-07-27;12:00:00;-03:00;11,140000343322754;11,170000076293945;11,140000343322754;11,15999984741211;142800
2026-07-27;12:05:00;-03:00;11,140000343322754;11,140000343322754;11,109999656677246;11,130000114440918;100700
2026-07-27;12:10:00;-03:00;11,119999885559082;11,119999885559082;11,100000381469727;11,109999656677246;36200
2026-07-27;12:15:00;-03:00;11,119999885559082;11,119999885559082;11,100000381469727;11,109999656677246;21000
2026-07-27;12:20:00;-03:00;11,119999885559082;11,130000114440918;11,109999656677246;11,109999656677246;57700
2026-07-27;12:25:00;-03:00;11,119999885559082;11,119999885559082;11,100000381469727;11,100000381469727;49600
2026-07-27;12:30:00;-03:00;11,100000381469727;11,109999656677246;11,09000015258789;11,100000381469727;98400
2026-07-27;12:35:00;-03:00;11,09000015258789;11,100000381469727;11,079999923706055;11,079999923706055;38100
2026-07-27;12:40:00;-03:00;11,09000015258789;11,09000015258789;11,069999694824219;11,069999694824219;59200
2026-07-27;12:45:00;-03:00;11,069999694824219;11,09000015258789;11,069999694824219;11,09000015258789;53700
2026-07-27;12:50:00;-03:00;11,09000015258789;11,09000015258789;11,079999923706055;11,079999923706055;23000
2026-07-27;12:55:00;-03:00;11,079999923706055;11,09000015258789;11,069999694824219;11,079999923706055;52700
2026-07-27;13:00:00;-03:00;11,079999923706055;11,079999923706055;11,0600004196167;11,069999694824219;42600
2026-07-27;13:05:00;-03:00;11,069999694824219;11,079999923706055;11,0600004196167;11,079999923706055;39000
2026-07-27;13:10:00;-03:00;11,069999694824219;11,079999923706055;11,0600004196167;11,0600004196167;42100
2026-07-27;13:15:00;-03:00;11,0600004196167;11,069999694824219;11,050000190734863;11,050000190734863;71200
2026-07-27;13:20:00;-03:00;11,050000190734863;11,0600004196167;11,039999961853027;11,039999961853027;39500
2026-07-27;13:25:00;-03:00;11,039999961853027;11,069999694824219;11,039999961853027;11,0600004196167;90000
2026-07-27;13:30:00;-03:00;11,0600004196167;11,069999694824219;11,050000190734863;11,069999694824219;84200
2026-07-27;13:35:00;-03:00;11,069999694824219;11,069999694824219;11,050000190734863;11,050000190734863;14800
2026-07-27;13:40:00;-03:00;11,069999694824219;11,069999694824219;11,050000190734863;11,0600004196167;28300
2026-07-27;13:45:00;-03:00;11,050000190734863;11,069999694824219;11,050000190734863;11,050000190734863;21900
2026-07-27;13:50:00;-03:00;11,069999694824219;11,069999694824219;11,039999961853027;11,069999694824219;239600
2026-07-27;13:55:00;-03:00;11,0600004196167;11,069999694824219;11,0600004196167;11,069999694824219;61500
2026-07-27;14:00:00;-03:00;11,069999694824219;11,079999923706055;11,0600004196167;11,069999694824219;61600
2026-07-27;14:05:00;-03:00;11,069999694824219;11,079999923706055;11,069999694824219;11,079999923706055;20500
2026-07-27;14:10:00;-03:00;11,069999694824219;11,09000015258789;11,069999694824219;11,09000015258789;61100
2026-07-27;14:15:00;-03:00;11,09000015258789;11,100000381469727;11,069999694824219;11,100000381469727;159500
2026-07-27;14:20:00;-03:00;11,09000015258789;11,130000114440918;11,09000015258789;11,119999885559082;159200
2026-07-27;14:25:00;-03:00;11,119999885559082;11,170000076293945;11,119999885559082;11,170000076293945;149200
2026-07-27;14:30:00;-03:00;11,170000076293945;11,170000076293945;11,140000343322754;11,140000343322754;61000
2026-07-27;14:35:00;-03:00;11,149999618530273;11,15999984741211;11,140000343322754;11,15999984741211;25300
2026-07-27;14:40:00;-03:00;11,149999618530273;11,15999984741211;11,130000114440918;11,130000114440918;86600
2026-07-27;14:45:00;-03:00;11,130000114440918;11,140000343322754;11,130000114440918;11,130000114440918;38000
2026-07-27;14:50:00;-03:00;11,130000114440918;11,149999618530273;11,130000114440918;11,140000343322754;65700
2026-07-27;14:55:00;-03:00;11,130000114440918;11,149999618530273;11,130000114440918;11,140000343322754;74900
2026-07-27;15:00:00;-03:00;11,130000114440918;11,140000343322754;11,119999885559082;11,119999885559082;44000
2026-07-27;15:05:00;-03:00;11,119999885559082;11,130000114440918;11,119999885559082;11,130000114440918;35000
2026-07-27;15:10:00;-03:00;11,119999885559082;11,130000114440918;11,100000381469727;11,100000381469727;168500
2026-07-27;15:15:00;-03:00;11,100000381469727;11,130000114440918;11,09000015258789;11,119999885559082;236500
2026-07-27;15:20:00;-03:00;11,109999656677246;11,130000114440918;11,109999656677246;11,119999885559082;26500
2026-07-27;15:25:00;-03:00;11,130000114440918;11,130000114440918;11,119999885559082;11,130000114440918;23700
2026-07-27;15:30:00;-03:00;11,119999885559082;11,130000114440918;11,109999656677246;11,109999656677246;47800
2026-07-27;15:35:00;-03:00;11,109999656677246;11,130000114440918;11,109999656677246;11,119999885559082;92500
2026-07-27;15:40:00;-03:00;11,119999885559082;11,140000343322754;11,119999885559082;11,130000114440918;72300
2026-07-27;15:45:00;-03:00;11,119999885559082;11,140000343322754;11,119999885559082;11,130000114440918;23600
2026-07-27;15:50:00;-03:00;11,130000114440918;11,140000343322754;11,119999885559082;11,130000114440918;48400
2026-07-27;15:55:00;-03:00;11,130000114440918;11,149999618530273;11,130000114440918;11,130000114440918;78300
2026-07-27;16:00:00;-03:00;11,130000114440918;11,140000343322754;11,119999885559082;11,119999885559082;49300
2026-07-27;16:05:00;-03:00;11,119999885559082;11,130000114440918;11,119999885559082;11,119999885559082;34900
2026-07-27;16:10:00;-03:00;11,119999885559082;11,130000114440918;11,119999885559082;11,130000114440918;69200
2026-07-27;16:15:00;-03:00;11,130000114440918;11,130000114440918;11,119999885559082;11,119999885559082;30100
2026-07-27;16:20:00;-03:00;11,130000114440918;11,130000114440918;11,119999885559082;11,119999885559082;64300
2026-07-27;16:25:00;-03:00;11,130000114440918;11,130000114440918;11,109999656677246;11,130000114440918;79800
2026-07-27;16:30:00;-03:00;11,130000114440918;11,130000114440918;11,109999656677246;11,130000114440918;141600
2026-07-27;16:35:00;-03:00;11,119999885559082;11,15999984741211;11,119999885559082;11,149999618530273;513800
2026-07-27;16:40:00;-03:00;11,149999618530273;11,15999984741211;11,140000343322754;11,15999984741211;123900
2026-07-27;16:45:00;-03:00;11,149999618530273;11,170000076293945;11,149999618530273;11,170000076293945;101400
2026-07-27;16:50:00;-03:00;11,15999984741211;11,210000038146973;11,15999984741211;11,1899995803833;531400
2026-07-28;10:05:00;-03:00;11,399999618530273;11,420000076293945;11,369999885559082;11,380000114440918;179400
2026-07-28;10:10:00;-03:00;11,380000114440918;11,390000343322754;11,329999923706055;11,350000381469727;142300
2026-07-28;10:15:00;-03:00;11,350000381469727;11,350000381469727;11,329999923706055;11,34000015258789;70400
2026-07-28;10:20:00;-03:00;11,350000381469727;11,359999656677246;11,300000190734863;11,319999694824219;242700
2026-07-28;10:25:00;-03:00;11,319999694824219;11,34000015258789;11,300000190734863;11,319999694824219;36300
2026-07-28;10:30:00;-03:00;11,300000190734863;11,350000381469727;11,289999961853027;11,329999923706055;206200
2026-07-28;10:35:00;-03:00;11,319999694824219;11,350000381469727;11,300000190734863;11,300000190734863;244400
2026-07-28;10:40:00;-03:00;11,300000190734863;11,319999694824219;11,279999732971191;11,300000190734863;139600
2026-07-28;10:45:00;-03:00;11,289999961853027;11,319999694824219;11,289999961853027;11,300000190734863;125600
2026-07-28;10:50:00;-03:00;11,300000190734863;11,34000015258789;11,289999961853027;11,319999694824219;354300
2026-07-28;10:55:00;-03:00;11,319999694824219;11,34000015258789;11,3100004196167;11,319999694824219;831600
2026-07-28;11:00:00;-03:00;11,329999923706055;11,329999923706055;11,279999732971191;11,300000190734863;246700
2026-07-28;11:05:00;-03:00;11,300000190734863;11,350000381469727;11,289999961853027;11,319999694824219;711500
2026-07-28;11:10:00;-03:00;11,329999923706055;11,350000381469727;11,319999694824219;11,34000015258789;65000
2026-07-28;11:15:00;-03:00;11,350000381469727;11,359999656677246;11,3100004196167;11,3100004196167;210900
2026-07-28;11:20:00;-03:00;11,3100004196167;11,329999923706055;11,3100004196167;11,319999694824219;48400
2026-07-28;11:25:00;-03:00;11,329999923706055;11,350000381469727;11,3100004196167;11,319999694824219;100000
2026-07-28;11:30:00;-03:00;11,329999923706055;11,34000015258789;11,319999694824219;11,329999923706055;23100
2026-07-28;11:35:00;-03:00;11,329999923706055;11,34000015258789;11,319999694824219;11,329999923706055;66400
2026-07-28;11:40:00;-03:00;11,329999923706055;11,34000015258789;11,319999694824219;11,329999923706055;71300
2026-07-28;11:45:00;-03:00;11,329999923706055;11,350000381469727;11,329999923706055;11,350000381469727;37200
2026-07-28;11:50:00;-03:00;11,34000015258789;11,34000015258789;11,329999923706055;11,329999923706055;29200
2026-07-28;11:55:00;-03:00;11,34000015258789;11,34000015258789;11,3100004196167;11,319999694824219;71100
2026-07-28;12:00:00;-03:00;11,3100004196167;11,319999694824219;11,300000190734863;11,3100004196167;49100
2026-07-28;12:05:00;-03:00;11,300000190734863;11,319999694824219;11,300000190734863;11,319999694824219;26700
2026-07-28;12:10:00;-03:00;11,3100004196167;11,329999923706055;11,3100004196167;11,329999923706055;82300
2026-07-28;12:15:00;-03:00;11,319999694824219;11,319999694824219;11,300000190734863;11,3100004196167;67800
2026-07-28;12:20:00;-03:00;11,3100004196167;11,319999694824219;11,300000190734863;11,3100004196167;27600
2026-07-28;12:25:00;-03:00;11,3100004196167;11,3100004196167;11,300000190734863;11,3100004196167;20600
2026-07-28;12:30:00;-03:00;11,3100004196167;11,319999694824219;11,300000190734863;11,300000190734863;27500
2026-07-28;12:35:00;-03:00;11,3100004196167;11,3100004196167;11,300000190734863;11,3100004196167;299100
2026-07-28;12:40:00;-03:00;11,300000190734863;11,3100004196167;11,289999961853027;11,3100004196167;53300
2026-07-28;12:45:00;-03:00;11,3100004196167;11,3100004196167;11,300000190734863;11,3100004196167;45500
2026-07-28;12:50:00;-03:00;11,3100004196167;11,3100004196167;11,289999961853027;11,300000190734863;38800
2026-07-28;12:55:00;-03:00;11,3100004196167;11,319999694824219;11,300000190734863;11,319999694824219;58000
2026-07-28;13:00:00;-03:00;11,3100004196167;11,319999694824219;11,300000190734863;11,3100004196167;106000
2026-07-28;13:05:00;-03:00;11,3100004196167;11,319999694824219;11,300000190734863;11,319999694824219;29300
2026-07-28;13:10:00;-03:00;11,3100004196167;11,319999694824219;11,3100004196167;11,319999694824219;66100
2026-07-28;13:15:00;-03:00;11,319999694824219;11,329999923706055;11,3100004196167;11,3100004196167;28600
2026-07-28;13:20:00;-03:00;11,3100004196167;11,319999694824219;11,300000190734863;11,3100004196167;26200
2026-07-28;13:25:00;-03:00;11,300000190734863;11,3100004196167;11,300000190734863;11,300000190734863;44500
2026-07-28;13:30:00;-03:00;11,3100004196167;11,3100004196167;11,300000190734863;11,3100004196167;49500
2026-07-28;13:35:00;-03:00;11,3100004196167;11,319999694824219;11,300000190734863;11,300000190734863;68600
2026-07-28;13:40:00;-03:00;11,300000190734863;11,3100004196167;11,289999961853027;11,289999961853027;42500
2026-07-28;13:45:00;-03:00;11,300000190734863;11,300000190734863;11,279999732971191;11,289999961853027;10500
2026-07-28;13:50:00;-03:00;11,279999732971191;11,279999732971191;11,260000228881836;11,270000457763672;210500
2026-07-28;13:55:00;-03:00;11,270000457763672;11,270000457763672;11,25;11,270000457763672;30100
2026-07-28;14:00:00;-03:00;11,260000228881836;11,279999732971191;11,260000228881836;11,270000457763672;37100
2026-07-28;14:05:00;-03:00;11,279999732971191;11,279999732971191;11,260000228881836;11,270000457763672;37300
2026-07-28;14:10:00;-03:00;11,270000457763672;11,270000457763672;11,25;11,260000228881836;44700
2026-07-28;14:15:00;-03:00;11,270000457763672;11,270000457763672;11,239999771118164;11,239999771118164;51700
2026-07-28;14:20:00;-03:00;11,239999771118164;11,270000457763672;11,239999771118164;11,25;21700
2026-07-28;14:25:00;-03:00;11,25;11,260000228881836;11,25;11,25;8400
2026-07-28;14:30:00;-03:00;11,260000228881836;11,260000228881836;11,239999771118164;11,239999771118164;83800
2026-07-28;14:35:00;-03:00;11,239999771118164;11,260000228881836;11,210000038146973;11,210000038146973;548300
2026-07-28;14:40:00;-03:00;11,229999542236328;11,229999542236328;11,210000038146973;11,220000267028809;45600
2026-07-28;14:45:00;-03:00;11,220000267028809;11,229999542236328;11,210000038146973;11,220000267028809;22600
2026-07-28;14:50:00;-03:00;11,210000038146973;11,239999771118164;11,210000038146973;11,229999542236328;76300
2026-07-28;14:55:00;-03:00;11,220000267028809;11,239999771118164;11,220000267028809;11,229999542236328;29200
2026-07-28;15:00:00;-03:00;11,220000267028809;11,229999542236328;11,210000038146973;11,220000267028809;255900
2026-07-28;15:05:00;-03:00;11,210000038146973;11,220000267028809;11,199999809265137;11,199999809265137;48200
2026-07-28;15:10:00;-03:00;11,210000038146973;11,220000267028809;11,170000076293945;11,170000076293945;152900
2026-07-28;15:15:00;-03:00;11,170000076293945;11,1899995803833;11,170000076293945;11,170000076293945;70300
2026-07-28;15:20:00;-03:00;11,180000305175781;11,1899995803833;11,170000076293945;11,180000305175781;23200
2026-07-28;15:25:00;-03:00;11,1899995803833;11,1899995803833;11,170000076293945;11,170000076293945;29100
2026-07-28;15:30:00;-03:00;11,170000076293945;11,180000305175781;11,170000076293945;11,180000305175781;28200
2026-07-28;15:35:00;-03:00;11,170000076293945;11,180000305175781;11,170000076293945;11,170000076293945;69900
2026-07-28;15:40:00;-03:00;11,170000076293945;11,180000305175781;11,149999618530273;11,15999984741211;195000
2026-07-28;15:45:00;-03:00;11,15999984741211;11,170000076293945;11,149999618530273;11,149999618530273;79500
2026-07-28;15:50:00;-03:00;11,149999618530273;11,15999984741211;11,140000343322754;11,140000343322754;41800
2026-07-28;15:55:00;-03:00;11,140000343322754;11,15999984741211;11,130000114440918;11,149999618530273;185700
2026-07-28;16:00:00;-03:00;11,149999618530273;11,170000076293945;11,140000343322754;11,15999984741211;93200
2026-07-28;16:05:00;-03:00;11,15999984741211;11,170000076293945;11,15999984741211;11,170000076293945;38800
2026-07-28;16:10:00;-03:00;11,170000076293945;11,180000305175781;11,149999618530273;11,15999984741211;229000
2026-07-28;16:15:00;-03:00;11,15999984741211;11,170000076293945;11,149999618530273;11,170000076293945;83000
2026-07-28;16:20:00;-03:00;11,170000076293945;11,220000267028809;11,15999984741211;11,210000038146973;539400
2026-07-28;16:25:00;-03:00;11,220000267028809;11,220000267028809;11,180000305175781;11,1899995803833;607000
2026-07-28;16:30:00;-03:00;11,180000305175781;11,199999809265137;11,170000076293945;11,180000305175781;131600
2026-07-28;16:35:00;-03:00;11,1899995803833;11,1899995803833;11,170000076293945;11,170000076293945;131300
2026-07-28;16:40:00;-03:00;11,180000305175781;11,1899995803833;11,170000076293945;11,170000076293945;214600
2026-07-28;16:45:00;-03:00;11,180000305175781;11,199999809265137;11,170000076293945;11,199999809265137;95900
2026-07-28;16:50:00;-03:00;11,1899995803833;11,199999809265137;11,15999984741211;11,15999984741211;174500
2026-07-29;10:00:00;-03:00;11,199999809265137;11,210000038146973;11,180000305175781;11,199999809265137;0
2026-07-29;10:05:00;-03:00;11,1899995803833;11,1899995803833;11,15999984741211;11,180000305175781;19000
2026-07-29;10:10:00;-03:00;11,180000305175781;11,1899995803833;11,119999885559082;11,130000114440918;55200
2026-07-29;10:15:00;-03:00;11,140000343322754;11,140000343322754;11,119999885559082;11,130000114440918;73400
2026-07-29;10:20:00;-03:00;11,130000114440918;11,130000114440918;11,100000381469727;11,100000381469727;43200
2026-07-29;10:25:00;-03:00;11,109999656677246;11,119999885559082;11,100000381469727;11,119999885559082;35900
2026-07-29;10:30:00;-03:00;11,119999885559082;11,180000305175781;11,100000381469727;11,170000076293945;192900
2026-07-29;10:35:00;-03:00;11,15999984741211;11,210000038146973;11,149999618530273;11,210000038146973;171300
2026-07-29;10:40:00;-03:00;11,199999809265137;11,210000038146973;11,1899995803833;11,1899995803833;127400
2026-07-29;10:45:00;-03:00;11,1899995803833;11,210000038146973;11,15999984741211;11,170000076293945;78600
2026-07-29;10:50:00;-03:00;11,15999984741211;11,170000076293945;11,15999984741211;11,15999984741211;73800
2026-07-29;10:55:00;-03:00;11,15999984741211;11,180000305175781;11,149999618530273;11,180000305175781;53100
2026-07-29;11:00:00;-03:00;11,180000305175781;11,1899995803833;11,15999984741211;11,170000076293945;89300
2026-07-29;11:05:00;-03:00;11,170000076293945;11,180000305175781;11,15999984741211;11,15999984741211;46500
2026-07-29;11:10:00;-03:00;11,15999984741211;11,170000076293945;11,149999618530273;11,15999984741211;82900
2026-07-29;11:15:00;-03:00;11,149999618530273;11,170000076293945;11,149999618530273;11,170000076293945;44700
2026-07-29;11:20:00;-03:00;11,170000076293945;11,170000076293945;11,149999618530273;11,15999984741211;36700
2026-07-29;11:25:00;-03:00;11,149999618530273;11,170000076293945;11,149999618530273;11,149999618530273;26000
2026-07-29;11:30:00;-03:00;11,149999618530273;11,149999618530273;11,130000114440918;11,140000343322754;68100
2026-07-29;11:35:00;-03:00;11,140000343322754;11,149999618530273;11,130000114440918;11,130000114440918;43500
2026-07-29;11:40:00;-03:00;11,130000114440918;11,140000343322754;11,119999885559082;11,140000343322754;73900
2026-07-29;11:45:00;-03:00;11,140000343322754;11,140000343322754;11,119999885559082;11,130000114440918;69400
2026-07-29;11:50:00;-03:00;11,140000343322754;11,140000343322754;11,130000114440918;11,140000343322754;26700
2026-07-29;11:55:00;-03:00;11,140000343322754;11,15999984741211;11,130000114440918;11,15999984741211;71500
2026-07-29;12:00:00;-03:00;11,149999618530273;11,15999984741211;11,140000343322754;11,15999984741211;132400
2026-07-29;12:05:00;-03:00;11,149999618530273;11,180000305175781;11,149999618530273;11,180000305175781;134100
2026-07-29;12:10:00;-03:00;11,180000305175781;11,1899995803833;11,15999984741211;11,15999984741211;280200
2026-07-29;12:15:00;-03:00;11,170000076293945;11,180000305175781;11,149999618530273;11,149999618530273;89500
2026-07-29;12:20:00;-03:00;11,15999984741211;11,15999984741211;11,149999618530273;11,15999984741211;21300
2026-07-29;12:25:00;-03:00;11,15999984741211;11,15999984741211;11,149999618530273;11,15999984741211;32300
2026-07-29;12:30:00;-03:00;11,15999984741211;11,15999984741211;11,149999618530273;11,15999984741211;32400
2026-07-29;12:35:00;-03:00;11,149999618530273;11,170000076293945;11,149999618530273;11,170000076293945;35100
2026-07-29;12:40:00;-03:00;11,15999984741211;11,170000076293945;11,149999618530273;11,15999984741211;84000
2026-07-29;12:45:00;-03:00;11,149999618530273;11,15999984741211;11,149999618530273;11,15999984741211;30200
2026-07-29;12:50:00;-03:00;11,15999984741211;11,15999984741211;11,149999618530273;11,149999618530273;25800
2026-07-29;12:55:00;-03:00;11,149999618530273;11,15999984741211;11,149999618530273;11,149999618530273;31700
2026-07-29;13:00:00;-03:00;11,149999618530273;11,170000076293945;11,149999618530273;11,170000076293945;125100
2026-07-29;13:05:00;-03:00;11,170000076293945;11,170000076293945;11,140000343322754;11,149999618530273;82000
2026-07-29;13:10:00;-03:00;11,149999618530273;11,149999618530273;11,140000343322754;11,149999618530273;43000
2026-07-29;13:15:00;-03:00;11,149999618530273;11,149999618530273;11,130000114440918;11,140000343322754;62100
2026-07-29;13:20:00;-03:00;11,130000114440918;11,140000343322754;11,130000114440918;11,140000343322754;28900
2026-07-29;13:25:00;-03:00;11,140000343322754;11,140000343322754;11,130000114440918;11,140000343322754;52800
2026-07-29;13:30:00;-03:00;11,140000343322754;11,140000343322754;11,130000114440918;11,130000114440918;36300
2026-07-29;13:35:00;-03:00;11,130000114440918;11,140000343322754;11,119999885559082;11,119999885559082;65600
2026-07-29;13:40:00;-03:00;11,119999885559082;11,130000114440918;11,119999885559082;11,119999885559082;37600
2026-07-29;13:45:00;-03:00;11,119999885559082;11,130000114440918;11,119999885559082;11,119999885559082;43200
2026-07-29;13:50:00;-03:00;11,119999885559082;11,130000114440918;11,109999656677246;11,109999656677246;71500
2026-07-29;13:55:00;-03:00;11,119999885559082;11,119999885559082;11,109999656677246;11,109999656677246;39000
2026-07-29;14:00:00;-03:00;11,109999656677246;11,119999885559082;11,100000381469727;11,100000381469727;43200
2026-07-29;14:05:00;-03:00;11,109999656677246;11,109999656677246;11,09000015258789;11,100000381469727;64400
2026-07-29;14:10:00;-03:00;11,09000015258789;11,100000381469727;11,09000015258789;11,100000381469727;63800
2026-07-29;14:15:00;-03:00;11,100000381469727;11,100000381469727;11,09000015258789;11,100000381469727;31300
2026-07-29;14:20:00;-03:00;11,09000015258789;11,100000381469727;11,09000015258789;11,09000015258789;32700
2026-07-29;14:25:00;-03:00;11,100000381469727;11,100000381469727;11,09000015258789;11,09000015258789;34200
2026-07-29;14:30:00;-03:00;11,100000381469727;11,100000381469727;11,069999694824219;11,079999923706055;466100
2026-07-29;14:35:00;-03:00;11,079999923706055;11,09000015258789;11,079999923706055;11,079999923706055;50200
2026-07-29;14:40:00;-03:00;11,09000015258789;11,100000381469727;11,079999923706055;11,100000381469727;49600
2026-07-29;14:45:00;-03:00;11,100000381469727;11,100000381469727;11,09000015258789;11,100000381469727;50700
2026-07-29;14:50:00;-03:00;11,100000381469727;11,100000381469727;11,079999923706055;11,079999923706055;104300
2026-07-29;14:55:00;-03:00;11,079999923706055;11,100000381469727;11,079999923706055;11,100000381469727;64800
2026-07-29;15:00:00;-03:00;11,100000381469727;11,130000114440918;11,09000015258789;11,109999656677246;512900
2026-07-29;15:05:00;-03:00;11,100000381469727;11,109999656677246;11,09000015258789;11,09000015258789;39200
2026-07-29;15:10:00;-03:00;11,100000381469727;11,109999656677246;11,09000015258789;11,09000015258789;102000
2026-07-29;15:15:00;-03:00;11,100000381469727;11,109999656677246;11,069999694824219;11,079999923706055;116600
2026-07-29;15:20:00;-03:00;11,079999923706055;11,09000015258789;11,069999694824219;11,069999694824219;34400
2026-07-29;15:25:00;-03:00;11,069999694824219;11,09000015258789;11,0600004196167;11,09000015258789;79700
2026-07-29;15:30:00;-03:00;11,09000015258789;11,09000015258789;11,0600004196167;11,069999694824219;117600
2026-07-29;15:35:00;-03:00;11,079999923706055;11,09000015258789;11,0600004196167;11,079999923706055;177400
2026-07-29;15:40:00;-03:00;11,079999923706055;11,100000381469727;11,079999923706055;11,09000015258789;85200
2026-07-29;15:45:00;-03:00;11,100000381469727;11,119999885559082;11,09000015258789;11,119999885559082;150400
2026-07-29;15:50:00;-03:00;11,119999885559082;11,119999885559082;11,100000381469727;11,109999656677246;73800
2026-07-29;15:55:00;-03:00;11,109999656677246;11,130000114440918;11,100000381469727;11,109999656677246;106200
2026-07-29;16:00:00;-03:00;11,130000114440918;11,130000114440918;11,09000015258789;11,09000015258789;196500
2026-07-29;16:05:00;-03:00;11,09000015258789;11,100000381469727;11,079999923706055;11,09000015258789;107100
2026-07-29;16:10:00;-03:00;11,079999923706055;11,09000015258789;11,079999923706055;11,079999923706055;80000
2026-07-29;16:15:00;-03:00;11,079999923706055;11,100000381469727;11,079999923706055;11,079999923706055;68700
2026-07-29;16:20:00;-03:00;11,079999923706055;11,09000015258789;11,050000190734863;11,0600004196167;190400
2026-07-29;16:25:00;-03:00;11,050000190734863;11,0600004196167;11,039999961853027;11,039999961853027;165800
2026-07-29;16:30:00;-03:00;11,029999732971191;11,069999694824219;11,029999732971191;11,050000190734863;120100
2026-07-29;16:35:00;-03:00;11,039999961853027;11,069999694824219;11,039999961853027;11,050000190734863;129300
2026-07-29;16:40:00;-03:00;11,050000190734863;11,069999694824219;11,050000190734863;11,050000190734863;163200
2026-07-29;16:45:00;-03:00;11,050000190734863;11,069999694824219;11,039999961853027;11,039999961853027;90700
2026-07-29;16:50:00;-03:00;11,039999961853027;11,050000190734863;11,010000228881836;11,029999732971191;174100
2026-07-30;10:00:00;-03:00;11,069999694824219;11,140000343322754;11,029999732971191;11,109999656677246;0
2026-07-30;10:05:00;-03:00;11,09000015258789;11,149999618530273;11,09000015258789;11,130000114440918;67800
2026-07-30;10:10:00;-03:00;11,119999885559082;11,130000114440918;11,109999656677246;11,130000114440918;28500
2026-07-30;10:15:00;-03:00;11,119999885559082;11,130000114440918;11,109999656677246;11,130000114440918;17800
2026-07-30;10:20:00;-03:00;11,119999885559082;11,149999618530273;11,109999656677246;11,149999618530273;31400
2026-07-30;10:25:00;-03:00;11,140000343322754;11,149999618530273;11,109999656677246;11,119999885559082;58800
2026-07-30;10:30:00;-03:00;11,119999885559082;11,170000076293945;11,119999885559082;11,170000076293945;122800
2026-07-30;10:35:00;-03:00;11,15999984741211;11,170000076293945;11,140000343322754;11,15999984741211;99000
2026-07-30;10:40:00;-03:00;11,15999984741211;11,1899995803833;11,149999618530273;11,170000076293945;120500
2026-07-30;10:45:00;-03:00;11,180000305175781;11,199999809265137;11,15999984741211;11,15999984741211;156700
2026-07-30;10:50:00;-03:00;11,15999984741211;11,170000076293945;11,140000343322754;11,15999984741211;57100
2026-07-30;10:55:00;-03:00;11,149999618530273;11,170000076293945;11,149999618530273;11,170000076293945;7700
2026-07-30;11:00:00;-03:00;11,170000076293945;11,170000076293945;11,149999618530273;11,170000076293945;45700
2026-07-30;11:05:00;-03:00;11,15999984741211;11,180000305175781;11,140000343322754;11,170000076293945;163500
2026-07-30;11:10:00;-03:00;11,15999984741211;11,180000305175781;11,149999618530273;11,170000076293945;16800
2026-07-30;11:15:00;-03:00;11,15999984741211;11,170000076293945;11,149999618530273;11,15999984741211;32300
2026-07-30;11:20:00;-03:00;11,15999984741211;11,180000305175781;11,15999984741211;11,170000076293945;26100
2026-07-30;11:25:00;-03:00;11,170000076293945;11,180000305175781;11,15999984741211;11,170000076293945;106800
2026-07-30;11:30:00;-03:00;11,15999984741211;11,170000076293945;11,15999984741211;11,170000076293945;8600
2026-07-30;11:35:00;-03:00;11,170000076293945;11,199999809265137;11,170000076293945;11,1899995803833;118500
2026-07-30;11:40:00;-03:00;11,1899995803833;11,199999809265137;11,180000305175781;11,1899995803833;31900
2026-07-30;11:45:00;-03:00;11,180000305175781;11,199999809265137;11,180000305175781;11,1899995803833;18500
2026-07-30;11:50:00;-03:00;11,1899995803833;11,199999809265137;11,180000305175781;11,180000305175781;63500
2026-07-30;11:55:00;-03:00;11,180000305175781;11,199999809265137;11,170000076293945;11,1899995803833;95500
2026-07-30;12:00:00;-03:00;11,1899995803833;11,1899995803833;11,140000343322754;11,140000343322754;178900
2026-07-30;12:05:00;-03:00;11,140000343322754;11,170000076293945;11,140000343322754;11,170000076293945;55200
2026-07-30;12:10:00;-03:00;11,170000076293945;11,180000305175781;11,15999984741211;11,170000076293945;45500
2026-07-30;12:15:00;-03:00;11,180000305175781;11,1899995803833;11,170000076293945;11,180000305175781;69500
2026-07-30;12:20:00;-03:00;11,180000305175781;11,1899995803833;11,15999984741211;11,15999984741211;54700
2026-07-30;12:25:00;-03:00;11,15999984741211;11,170000076293945;11,15999984741211;11,170000076293945;39200
2026-07-30;12:30:00;-03:00;11,15999984741211;11,170000076293945;11,149999618530273;11,15999984741211;32400
2026-07-30;12:35:00;-03:00;11,15999984741211;11,180000305175781;11,15999984741211;11,180000305175781;24600
2026-07-30;12:40:00;-03:00;11,170000076293945;11,180000305175781;11,170000076293945;11,170000076293945;17000
2026-07-30;12:45:00;-03:00;11,170000076293945;11,180000305175781;11,15999984741211;11,170000076293945;35700
2026-07-30;12:50:00;-03:00;11,170000076293945;11,1899995803833;11,170000076293945;11,180000305175781;46000
2026-07-30;12:55:00;-03:00;11,1899995803833;11,1899995803833;11,180000305175781;11,180000305175781;15100
2026-07-30;13:00:00;-03:00;11,180000305175781;11,1899995803833;11,170000076293945;11,180000305175781;37900
2026-07-30;13:05:00;-03:00;11,1899995803833;11,1899995803833;11,180000305175781;11,1899995803833;28900
2026-07-30;13:10:00;-03:00;11,1899995803833;11,1899995803833;11,180000305175781;11,180000305175781;21400
2026-07-30;13:15:00;-03:00;11,180000305175781;11,1899995803833;11,180000305175781;11,1899995803833;27300
2026-07-30;13:20:00;-03:00;11,1899995803833;11,1899995803833;11,180000305175781;11,180000305175781;19800
2026-07-30;13:25:00;-03:00;11,1899995803833;11,199999809265137;11,180000305175781;11,180000305175781;40100
2026-07-30;13:30:00;-03:00;11,1899995803833;11,199999809265137;11,1899995803833;11,1899995803833;39700
2026-07-30;13:35:00;-03:00;11,199999809265137;11,199999809265137;11,180000305175781;11,1899995803833;115000
2026-07-30;13:40:00;-03:00;11,199999809265137;11,199999809265137;11,180000305175781;11,180000305175781;40600
2026-07-30;13:45:00;-03:00;11,180000305175781;11,1899995803833;11,180000305175781;11,180000305175781;22000
2026-07-30;13:50:00;-03:00;11,1899995803833;11,199999809265137;11,180000305175781;11,199999809265137;61700
2026-07-30;13:55:00;-03:00;11,199999809265137;11,220000267028809;11,1899995803833;11,199999809265137;71600
2026-07-30;14:00:00;-03:00;11,210000038146973;11,210000038146973;11,1899995803833;11,210000038146973;74700
2026-07-30;14:05:00;-03:00;11,199999809265137;11,210000038146973;11,180000305175781;11,199999809265137;70600
2026-07-30;14:10:00;-03:00;11,199999809265137;11,199999809265137;11,1899995803833;11,1899995803833;43200
2026-07-30;14:15:00;-03:00;11,199999809265137;11,199999809265137;11,180000305175781;11,1899995803833;48300
2026-07-30;14:20:00;-03:00;11,1899995803833;11,1899995803833;11,170000076293945;11,180000305175781;56200
2026-07-30;14:25:00;-03:00;11,180000305175781;11,180000305175781;11,140000343322754;11,149999618530273;186100
2026-07-30;14:30:00;-03:00;11,149999618530273;11,15999984741211;11,140000343322754;11,140000343322754;51100
2026-07-30;14:35:00;-03:00;11,149999618530273;11,15999984741211;11,140000343322754;11,15999984741211;126900
2026-07-30;14:40:00;-03:00;11,15999984741211;11,15999984741211;11,149999618530273;11,15999984741211;43300
2026-07-30;14:45:00;-03:00;11,15999984741211;11,15999984741211;11,149999618530273;11,149999618530273;86400
2026-07-30;14:50:00;-03:00;11,149999618530273;11,15999984741211;11,140000343322754;11,149999618530273;101100
2026-07-30;14:55:00;-03:00;11,149999618530273;11,15999984741211;11,140000343322754;11,140000343322754;44800
2026-07-30;15:00:00;-03:00;11,140000343322754;11,149999618530273;11,140000343322754;11,149999618530273;35300
2026-07-30;15:05:00;-03:00;11,140000343322754;11,15999984741211;11,140000343322754;11,140000343322754;84400
2026-07-30;15:10:00;-03:00;11,140000343322754;11,149999618530273;11,140000343322754;11,149999618530273;56200
2026-07-30;15:15:00;-03:00;11,149999618530273;11,15999984741211;11,140000343322754;11,15999984741211;133100
2026-07-30;15:20:00;-03:00;11,15999984741211;11,170000076293945;11,140000343322754;11,15999984741211;115000
2026-07-30;15:25:00;-03:00;11,15999984741211;11,170000076293945;11,15999984741211;11,15999984741211;84700
2026-07-30;15:30:00;-03:00;11,15999984741211;11,180000305175781;11,15999984741211;11,180000305175781;80800
2026-07-30;15:35:00;-03:00;11,170000076293945;11,180000305175781;11,170000076293945;11,170000076293945;52200
2026-07-30;15:40:00;-03:00;11,180000305175781;11,199999809265137;11,170000076293945;11,1899995803833;163600
2026-07-30;15:45:00;-03:00;11,199999809265137;11,199999809265137;11,1899995803833;11,199999809265137;50000
2026-07-30;15:50:00;-03:00;11,199999809265137;11,199999809265137;11,1899995803833;11,1899995803833;81500
2026-07-30;15:55:00;-03:00;11,199999809265137;11,199999809265137;11,1899995803833;11,1899995803833;49100
2026-07-30;16:00:00;-03:00;11,1899995803833;11,210000038146973;11,1899995803833;11,210000038146973;60400
2026-07-30;16:05:00;-03:00;11,199999809265137;11,220000267028809;11,199999809265137;11,210000038146973;177200
2026-07-30;16:10:00;-03:00;11,210000038146973;11,220000267028809;11,199999809265137;11,199999809265137;111400
2026-07-30;16:15:00;-03:00;11,199999809265137;11,220000267028809;11,199999809265137;11,210000038146973;132100
2026-07-30;16:20:00;-03:00;11,199999809265137;11,220000267028809;11,199999809265137;11,220000267028809;117900
2026-07-30;16:25:00;-03:00;11,220000267028809;11,229999542236328;11,210000038146973;11,210000038146973;134400
2026-07-30;16:30:00;-03:00;11,220000267028809;11,220000267028809;11,199999809265137;11,210000038146973;79500
2026-07-30;16:35:00;-03:00;11,210000038146973;11,220000267028809;11,199999809265137;11,210000038146973;325000
2026-07-30;16:40:00;-03:00;11,210000038146973;11,210000038146973;11,199999809265137;11,210000038146973;99600
2026-07-30;16:45:00;-03:00;11,199999809265137;11,220000267028809;11,199999809265137;11,220000267028809;142400
2026-07-30;16:50:00;-03:00;11,220000267028809;11,229999542236328;11,210000038146973;11,229999542236328;112300
2026-07-31;12:45:00;-03:00;11,300000190734863;11,34000015258789;11,260000228881836;11,260000228881836;40900
2026-07-31;12:50:00;-03:00;11,270000457763672;11,34000015258789;11,260000228881836;11,34000015258789;237500
2026-07-31;12:55:00;-03:00;11,34000015258789;11,359999656677246;11,319999694824219;11,329999923706055;220800
2026-07-31;13:00:00;-03:00;11,3100004196167;11,34000015258789;11,3100004196167;11,329999923706055;199700
2026-07-31;13:05:00;-03:00;11,3100004196167;11,34000015258789;11,3100004196167;11,319999694824219;217700
2026-07-31;13:10:00;-03:00;11,3100004196167;11,319999694824219;11,289999961853027;11,300000190734863;47900
2026-07-31;13:15:00;-03:00;11,300000190734863;11,3100004196167;11,270000457763672;11,279999732971191;67100
2026-07-31;13:20:00;-03:00;11,279999732971191;11,34000015258789;11,270000457763672;11,329999923706055;540700
2026-07-31;13:25:00;-03:00;11,329999923706055;11,34000015258789;11,3100004196167;11,3100004196167;90600
2026-07-31;13:30:00;-03:00;11,3100004196167;11,329999923706055;11,3100004196167;11,319999694824219;78400
2026-07-31;13:35:00;-03:00;11,319999694824219;11,34000015258789;11,3100004196167;11,329999923706055;238800
2026-07-31;13:40:00;-03:00;11,329999923706055;11,329999923706055;11,300000190734863;11,3100004196167;47000
2026-07-31;13:45:00;-03:00;11,3100004196167;11,3100004196167;11,279999732971191;11,300000190734863;54300
2026-07-31;13:50:00;-03:00;11,300000190734863;11,300000190734863;11,270000457763672;11,270000457763672;93200
2026-07-31;13:55:00;-03:00;11,270000457763672;11,279999732971191;11,260000228881836;11,260000228881836;42500
2026-07-31;14:00:00;-03:00;11,260000228881836;11,279999732971191;11,260000228881836;11,270000457763672;30300
2026-07-31;14:05:00;-03:00;11,270000457763672;11,270000457763672;11,25;11,260000228881836;28300
2026-07-31;14:10:00;-03:00;11,25;11,289999961853027;11,25;11,270000457763672;102400
2026-07-31;14:15:00;-03:00;11,289999961853027;11,289999961853027;11,270000457763672;11,270000457763672;34500
2026-07-31;14:20:00;-03:00;11,270000457763672;11,279999732971191;11,270000457763672;11,279999732971191;33900
2026-07-31;14:25:00;-03:00;11,279999732971191;11,279999732971191;11,270000457763672;11,270000457763672;112500
2026-07-31;14:30:00;-03:00;11,279999732971191;11,279999732971191;11,270000457763672;11,270000457763672;183500
2026-07-31;14:35:00;-03:00;11,279999732971191;11,289999961853027;11,270000457763672;11,270000457763672;148100
2026-07-31;14:40:00;-03:00;11,279999732971191;11,289999961853027;11,270000457763672;11,289999961853027;37300
2026-07-31;14:45:00;-03:00;11,279999732971191;11,289999961853027;11,270000457763672;11,279999732971191;43300
2026-07-31;14:50:00;-03:00;11,270000457763672;11,279999732971191;11,270000457763672;11,279999732971191;28700
2026-07-31;14:55:00;-03:00;11,279999732971191;11,289999961853027;11,270000457763672;11,289999961853027;136900
2026-07-31;15:00:00;-03:00;11,289999961853027;11,300000190734863;11,270000457763672;11,300000190734863;226200
2026-07-31;15:05:00;-03:00;11,279999732971191;11,300000190734863;11,279999732971191;11,289999961853027;89800
2026-07-31;15:10:00;-03:00;11,300000190734863;11,34000015258789;11,289999961853027;11,3100004196167;472500
2026-07-31;15:15:00;-03:00;11,319999694824219;11,319999694824219;11,300000190734863;11,300000190734863;46400
2026-07-31;15:20:00;-03:00;11,319999694824219;11,329999923706055;11,300000190734863;11,319999694824219;69600
2026-07-31;15:25:00;-03:00;11,319999694824219;11,329999923706055;11,3100004196167;11,3100004196167;40200
2026-07-31;15:30:00;-03:00;11,319999694824219;11,34000015258789;11,3100004196167;11,34000015258789;141200
2026-07-31;15:35:00;-03:00;11,319999694824219;11,34000015258789;11,319999694824219;11,329999923706055;31800
2026-07-31;15:40:00;-03:00;11,34000015258789;11,350000381469727;11,319999694824219;11,329999923706055;90300
2026-07-31;15:45:00;-03:00;11,329999923706055;11,34000015258789;11,319999694824219;11,34000015258789;134400
2026-07-31;15:50:00;-03:00;11,34000015258789;11,350000381469727;11,329999923706055;11,34000015258789;136900
2026-07-31;15:55:00;-03:00;11,34000015258789;11,34000015258789;11,329999923706055;11,329999923706055;568700
2026-07-31;16:00:00;-03:00;11,329999923706055;11,34000015258789;11,329999923706055;11,34000015258789;298100
2026-07-31;16:05:00;-03:00;11,34000015258789;11,34000015258789;11,319999694824219;11,319999694824219;114500
2026-07-31;16:10:00;-03:00;11,329999923706055;11,34000015258789;11,319999694824219;11,319999694824219;93100
2026-07-31;16:15:00;-03:00;11,329999923706055;11,329999923706055;11,3100004196167;11,319999694824219;164400
2026-07-31;16:20:00;-03:00;11,3100004196167;11,319999694824219;11,300000190734863;11,3100004196167;111100
2026-07-31;16:25:00;-03:00;11,3100004196167;11,319999694824219;11,300000190734863;11,300000190734863;109300
2026-07-31;16:30:00;-03:00;11,300000190734863;11,3100004196167;11,279999732971191;11,300000190734863;204400
2026-07-31;16:35:00;-03:00;11,3100004196167;11,3100004196167;11,289999961853027;11,289999961853027;111300
2026-07-31;16:40:00;-03:00;11,289999961853027;11,319999694824219;11,289999961853027;11,319999694824219;218600
2026-07-31;16:45:00;-03:00;11,300000190734863;11,329999923706055;11,300000190734863;11,329999923706055;169400
2026-07-31;16:50:00;-03:00;11,3100004196167;11,329999923706055;11,279999732971191;11,300000190734863;326400
2026-08-03;10:05:00;-03:00;11,329999923706055;11,390000343322754;11,329999923706055;11,390000343322754;0
2026-08-03;10:10:00;-03:00;11,380000114440918;11,420000076293945;11,350000381469727;11,399999618530273;179900
2026-08-03;10:15:00;-03:00;11,399999618530273;11,399999618530273;11,329999923706055;11,350000381469727;142600
2026-08-03;10:20:00;-03:00;11,34000015258789;11,380000114440918;11,3100004196167;11,319999694824219;182600
2026-08-03;10:25:00;-03:00;11,319999694824219;11,329999923706055;11,25;11,279999732971191;204500
2026-08-03;10:30:00;-03:00;11,279999732971191;11,3100004196167;11,239999771118164;11,239999771118164;246100
2026-08-03;10:35:00;-03:00;11,239999771118164;11,25;11,220000267028809;11,220000267028809;111300
2026-08-03;10:40:00;-03:00;11,229999542236328;11,25;11,220000267028809;11,25;203700
2026-08-03;10:45:00;-03:00;11,239999771118164;11,289999961853027;11,239999771118164;11,270000457763672;353300
2026-08-03;10:50:00;-03:00;11,270000457763672;11,300000190734863;11,260000228881836;11,260000228881836;268000
2026-08-03;10:55:00;-03:00;11,260000228881836;11,260000228881836;11,229999542236328;11,25;185500
2026-08-03;11:00:00;-03:00;11,25;11,270000457763672;11,239999771118164;11,25;184800
2026-08-03;11:05:00;-03:00;11,25;11,25;11,229999542236328;11,229999542236328;184000
2026-08-03;11:10:00;-03:00;11,229999542236328;11,270000457763672;11,229999542236328;11,25;168900
2026-08-03;11:15:00;-03:00;11,25;11,260000228881836;11,239999771118164;11,25;127400
2026-08-03;11:20:00;-03:00;11,260000228881836;11,260000228881836;11,229999542236328;11,239999771118164;100200
2026-08-03;11:25:00;-03:00;11,239999771118164;11,25;11,229999542236328;11,229999542236328;27000
2026-08-03;11:30:00;-03:00;11,229999542236328;11,25;11,229999542236328;11,239999771118164;84100
2026-08-03;11:35:00;-03:00;11,239999771118164;11,260000228881836;11,229999542236328;11,229999542236328;79900
2026-08-03;11:40:00;-03:00;11,239999771118164;11,25;11,220000267028809;11,239999771118164;158100
2026-08-03;11:45:00;-03:00;11,239999771118164;11,25;11,229999542236328;11,229999542236328;31400
2026-08-03;11:50:00;-03:00;11,229999542236328;11,25;11,229999542236328;11,229999542236328;74100
2026-08-03;11:55:00;-03:00;11,239999771118164;11,239999771118164;11,220000267028809;11,220000267028809;19800
2026-08-03;12:00:00;-03:00;11,229999542236328;11,239999771118164;11,210000038146973;11,239999771118164;99900
2026-08-03;12:05:00;-03:00;11,229999542236328;11,239999771118164;11,220000267028809;11,229999542236328;35900
2026-08-03;12:10:00;-03:00;11,229999542236328;11,239999771118164;11,229999542236328;11,229999542236328;25600
2026-08-03;12:15:00;-03:00;11,239999771118164;11,239999771118164;11,229999542236328;11,229999542236328;23300
2026-08-03;12:20:00;-03:00;11,229999542236328;11,239999771118164;11,229999542236328;11,229999542236328;71000
2026-08-03;12:25:00;-03:00;11,229999542236328;11,239999771118164;11,210000038146973;11,210000038146973;157600
2026-08-03;12:30:00;-03:00;11,220000267028809;11,220000267028809;11,180000305175781;11,180000305175781;121900
2026-08-03;12:35:00;-03:00;11,180000305175781;11,1899995803833;11,180000305175781;11,180000305175781;31600
2026-08-03;12:40:00;-03:00;11,1899995803833;11,1899995803833;11,170000076293945;11,180000305175781;61800
2026-08-03;12:45:00;-03:00;11,170000076293945;11,180000305175781;11,170000076293945;11,170000076293945;31200
2026-08-03;12:50:00;-03:00;11,170000076293945;11,170000076293945;11,15999984741211;11,15999984741211;28300
2026-08-03;12:55:00;-03:00;11,170000076293945;11,170000076293945;11,15999984741211;11,15999984741211;34600
2026-08-03;13:00:00;-03:00;11,15999984741211;11,170000076293945;11,15999984741211;11,170000076293945;24300
2026-08-03;13:05:00;-03:00;11,15999984741211;11,170000076293945;11,15999984741211;11,15999984741211;90400
2026-08-03;13:10:00;-03:00;11,15999984741211;11,170000076293945;11,149999618530273;11,149999618530273;85200
2026-08-03;13:15:00;-03:00;11,149999618530273;11,15999984741211;11,130000114440918;11,140000343322754;156300
2026-08-03;13:20:00;-03:00;11,140000343322754;11,149999618530273;11,140000343322754;11,140000343322754;19800
2026-08-03;13:25:00;-03:00;11,140000343322754;11,149999618530273;11,140000343322754;11,140000343322754;28100
2026-08-03;13:30:00;-03:00;11,149999618530273;11,149999618530273;11,130000114440918;11,140000343322754;52300
2026-08-03;13:35:00;-03:00;11,130000114440918;11,140000343322754;11,130000114440918;11,130000114440918;25000
2026-08-03;13:40:00;-03:00;11,140000343322754;11,140000343322754;11,130000114440918;11,140000343322754;64600
2026-08-03;13:45:00;-03:00;11,140000343322754;11,140000343322754;11,119999885559082;11,130000114440918;109700
2026-08-03;13:50:00;-03:00;11,130000114440918;11,149999618530273;11,130000114440918;11,149999618530273;204800
2026-08-03;13:55:00;-03:00;11,149999618530273;11,15999984741211;11,140000343322754;11,140000343322754;79600
2026-08-03;14:00:00;-03:00;11,149999618530273;11,149999618530273;11,140000343322754;11,149999618530273;69800
2026-08-03;14:05:00;-03:00;11,149999618530273;11,149999618530273;11,140000343322754;11,149999618530273;69000
2026-08-03;14:10:00;-03:00;11,149999618530273;11,170000076293945;11,140000343322754;11,140000343322754;176700
2026-08-03;14:15:00;-03:00;11,140000343322754;11,15999984741211;11,140000343322754;11,140000343322754;110800
2026-08-03;14:20:00;-03:00;11,140000343322754;11,149999618530273;11,130000114440918;11,130000114440918;71300
2026-08-03;14:25:00;-03:00;11,140000343322754;11,140000343322754;11,130000114440918;11,140000343322754;151800
2026-08-03;14:30:00;-03:00;11,149999618530273;11,149999618530273;11,119999885559082;11,119999885559082;154800
2026-08-03;14:35:00;-03:00;11,119999885559082;11,140000343322754;11,119999885559082;11,130000114440918;66000
2026-08-03;14:40:00;-03:00;11,140000343322754;11,149999618530273;11,119999885559082;11,140000343322754;156500
2026-08-03;14:45:00;-03:00;11,149999618530273;11,15999984741211;11,140000343322754;11,15999984741211;88600
2026-08-03;14:50:00;-03:00;11,149999618530273;11,15999984741211;11,140000343322754;11,140000343322754;84900
2026-08-03;14:55:00;-03:00;11,140000343322754;11,149999618530273;11,140000343322754;11,149999618530273;92700
2026-08-03;15:00:00;-03:00;11,149999618530273;11,15999984741211;11,140000343322754;11,149999618530273;88800
2026-08-03;15:05:00;-03:00;11,149999618530273;11,15999984741211;11,149999618530273;11,15999984741211;88600
2026-08-03;15:10:00;-03:00;11,15999984741211;11,170000076293945;11,149999618530273;11,15999984741211;164000
2026-08-03;15:15:00;-03:00;11,15999984741211;11,170000076293945;11,15999984741211;11,170000076293945;97500
2026-08-03;15:20:00;-03:00;11,170000076293945;11,170000076293945;11,149999618530273;11,15999984741211;98800
2026-08-03;15:25:00;-03:00;11,15999984741211;11,180000305175781;11,15999984741211;11,170000076293945;119500
2026-08-03;15:30:00;-03:00;11,170000076293945;11,180000305175781;11,149999618530273;11,149999618530273;98300
2026-08-03;15:35:00;-03:00;11,149999618530273;11,15999984741211;11,140000343322754;11,140000343322754;119700
2026-08-03;15:40:00;-03:00;11,149999618530273;11,149999618530273;11,130000114440918;11,140000343322754;152200
2026-08-03;15:45:00;-03:00;11,140000343322754;11,149999618530273;11,140000343322754;11,149999618530273;73800
2026-08-03;15:50:00;-03:00;11,149999618530273;11,15999984741211;11,140000343322754;11,15999984741211;107900
2026-08-03;15:55:00;-03:00;11,15999984741211;11,25;11,149999618530273;11,220000267028809;2082700
2026-08-03;16:00:00;-03:00;11,220000267028809;11,25;11,210000038146973;11,239999771118164;560200
2026-08-03;16:05:00;-03:00;11,239999771118164;11,260000228881836;11,229999542236328;11,25;168800
2026-08-03;16:10:00;-03:00;11,260000228881836;11,279999732971191;11,25;11,260000228881836;518000
2026-08-03;16:15:00;-03:00;11,25;11,270000457763672;11,25;11,260000228881836;114700
2026-08-03;16:20:00;-03:00;11,270000457763672;11,289999961853027;11,270000457763672;11,270000457763672;184700
2026-08-03;16:25:00;-03:00;11,270000457763672;11,289999961853027;11,270000457763672;11,270000457763672;154000
2026-08-03;16:30:00;-03:00;11,279999732971191;11,289999961853027;11,270000457763672;11,279999732971191;310700
2026-08-03;16:35:00;-03:00;11,279999732971191;11,289999961853027;11,260000228881836;11,260000228881836;231000
2026-08-03;16:40:00;-03:00;11,260000228881836;11,279999732971191;11,260000228881836;11,270000457763672;192700
2026-08-03;16:45:00;-03:00;11,279999732971191;11,279999732971191;11,270000457763672;11,279999732971191;62100
2026-08-03;16:50:00;-03:00;11,270000457763672;11,279999732971191;11,25;11,25;552400
2026-08-04;10:00:00;-03:00;11,380000114440918;11,4399995803833;11,359999656677246;11,430000305175781;0
2026-08-04;10:05:00;-03:00;11,430000305175781;11,4399995803833;11,399999618530273;11,420000076293945;112500
2026-08-04;10:10:00;-03:00;11,420000076293945;11,460000038146973;11,40999984741211;11,449999809265137;77600
2026-08-04;10:15:00;-03:00;11,449999809265137;11,460000038146973;11,40999984741211;11,420000076293945;51000
2026-08-04;10:20:00;-03:00;11,40999984741211;11,4399995803833;11,399999618530273;11,40999984741211;101600
2026-08-04;10:25:00;-03:00;11,40999984741211;11,40999984741211;11,350000381469727;11,350000381469727;54700
2026-08-04;10:30:00;-03:00;11,369999885559082;11,369999885559082;11,300000190734863;11,3100004196167;102700
2026-08-04;10:35:00;-03:00;11,319999694824219;11,350000381469727;11,3100004196167;11,350000381469727;43900
2026-08-04;10:40:00;-03:00;11,329999923706055;11,350000381469727;11,289999961853027;11,300000190734863;147300
2026-08-04;10:45:00;-03:00;11,300000190734863;11,3100004196167;11,25;11,260000228881836;161300
2026-08-04;10:50:00;-03:00;11,270000457763672;11,270000457763672;11,25;11,270000457763672;90000
2026-08-04;10:55:00;-03:00;11,270000457763672;11,270000457763672;11,229999542236328;11,239999771118164;117600
2026-08-04;11:00:00;-03:00;11,239999771118164;11,25;11,220000267028809;11,25;50000
2026-08-04;11:05:00;-03:00;11,25;11,25;11,229999542236328;11,25;55000
2026-08-04;11:10:00;-03:00;11,25;11,260000228881836;11,25;11,260000228881836;46200
2026-08-04;11:15:00;-03:00;11,270000457763672;11,270000457763672;11,25;11,260000228881836;94000
2026-08-04;11:20:00;-03:00;11,260000228881836;11,260000228881836;11,25;11,25;85100
2026-08-04;11:25:00;-03:00;11,25;11,260000228881836;11,239999771118164;11,25;115500
2026-08-04;11:30:00;-03:00;11,25;11,260000228881836;11,239999771118164;11,239999771118164;52000
2026-08-04;11:35:00;-03:00;11,239999771118164;11,270000457763672;11,239999771118164;11,25;120300
2026-08-04;11:40:00;-03:00;11,25;11,270000457763672;11,239999771118164;11,260000228881836;105500
2026-08-04;11:45:00;-03:00;11,260000228881836;11,260000228881836;11,239999771118164;11,25;89400
2026-08-04;11:50:00;-03:00;11,25;11,260000228881836;11,239999771118164;11,260000228881836;86000
2026-08-04;11:55:00;-03:00;11,260000228881836;11,260000228881836;11,239999771118164;11,260000228881836;86300
2026-08-04;12:00:00;-03:00;11,25;11,270000457763672;11,25;11,260000228881836;92200
2026-08-04;12:05:00;-03:00;11,270000457763672;11,279999732971191;11,25;11,260000228881836;116800
2026-08-04;12:10:00;-03:00;11,279999732971191;11,279999732971191;11,25;11,260000228881836;46000
2026-08-04;12:15:00;-03:00;11,25;11,300000190734863;11,25;11,289999961853027;133700
2026-08-04;12:20:00;-03:00;11,289999961853027;11,289999961853027;11,270000457763672;11,289999961853027;62600
2026-08-04;12:25:00;-03:00;11,289999961853027;11,300000190734863;11,279999732971191;11,300000190734863;38800
2026-08-04;12:30:00;-03:00;11,300000190734863;11,300000190734863;11,279999732971191;11,279999732971191;96200
2026-08-04;12:35:00;-03:00;11,279999732971191;11,300000190734863;11,279999732971191;11,279999732971191;95400
2026-08-04;12:40:00;-03:00;11,289999961853027;11,289999961853027;11,260000228881836;11,260000228881836;238600
2026-08-04;12:45:00;-03:00;11,260000228881836;11,270000457763672;11,260000228881836;11,260000228881836;28600
2026-08-04;12:50:00;-03:00;11,270000457763672;11,270000457763672;11,260000228881836;11,260000228881836;71700
2026-08-04;12:55:00;-03:00;11,270000457763672;11,270000457763672;11,260000228881836;11,260000228881836;54000
2026-08-04;13:00:00;-03:00;11,270000457763672;11,270000457763672;11,260000228881836;11,270000457763672;53400
2026-08-04;13:05:00;-03:00;11,270000457763672;11,270000457763672;11,260000228881836;11,270000457763672;16800
2026-08-04;13:10:00;-03:00;11,270000457763672;11,270000457763672;11,25;11,25;74100
2026-08-04;13:15:00;-03:00;11,25;11,260000228881836;11,239999771118164;11,260000228881836;31500
2026-08-04;13:20:00;-03:00;11,260000228881836;11,270000457763672;11,25;11,260000228881836;33800
2026-08-04;13:25:00;-03:00;11,260000228881836;11,270000457763672;11,25;11,25;29300
2026-08-04;13:30:00;-03:00;11,239999771118164;11,25;11,229999542236328;11,239999771118164;126600
2026-08-04;13:35:00;-03:00;11,239999771118164;11,25;11,229999542236328;11,25;28900
2026-08-04;13:40:00;-03:00;11,25;11,25;11,239999771118164;11,239999771118164;49600
2026-08-04;13:45:00;-03:00;11,239999771118164;11,260000228881836;11,239999771118164;11,260000228881836;42500
2026-08-04;13:50:00;-03:00;11,25;11,260000228881836;11,25;11,260000228881836;13300
2026-08-04;13:55:00;-03:00;11,25;11,260000228881836;11,25;11,260000228881836;8900
2026-08-04;14:00:00;-03:00;11,25;11,260000228881836;11,25;11,260000228881836;31100
2026-08-04;14:05:00;-03:00;11,260000228881836;11,260000228881836;11,25;11,260000228881836;10900
2026-08-04;14:10:00;-03:00;11,25;11,270000457763672;11,25;11,270000457763672;85400
2026-08-04;14:15:00;-03:00;11,260000228881836;11,270000457763672;11,260000228881836;11,260000228881836;14000
2026-08-04;14:20:00;-03:00;11,270000457763672;11,270000457763672;11,220000267028809;11,229999542236328;374800
2026-08-04;14:25:00;-03:00;11,229999542236328;11,239999771118164;11,220000267028809;11,229999542236328;209800
2026-08-04;14:30:00;-03:00;11,229999542236328;11,239999771118164;11,220000267028809;11,220000267028809;64500
2026-08-04;14:35:00;-03:00;11,229999542236328;11,229999542236328;11,220000267028809;11,220000267028809;85900
2026-08-04;14:40:00;-03:00;11,229999542236328;11,239999771118164;11,220000267028809;11,229999542236328;693800
2026-08-04;14:45:00;-03:00;11,229999542236328;11,239999771118164;11,220000267028809;11,239999771118164;50100
2026-08-04;14:50:00;-03:00;11,239999771118164;11,25;11,220000267028809;11,239999771118164;849400
2026-08-04;14:55:00;-03:00;11,239999771118164;11,25;11,229999542236328;11,239999771118164;80200
2026-08-04;15:00:00;-03:00;11,239999771118164;11,239999771118164;11,229999542236328;11,229999542236328;86500
2026-08-04;15:05:00;-03:00;11,239999771118164;11,239999771118164;11,220000267028809;11,239999771118164;259300
2026-08-04;15:10:00;-03:00;11,239999771118164;11,25;11,220000267028809;11,229999542236328;107900
2026-08-04;15:15:00;-03:00;11,229999542236328;11,239999771118164;11,220000267028809;11,239999771118164;95900
2026-08-04;15:20:00;-03:00;11,239999771118164;11,239999771118164;11,220000267028809;11,229999542236328;254200
2026-08-04;15:25:00;-03:00;11,229999542236328;11,229999542236328;11,210000038146973;11,229999542236328;82100
2026-08-04;15:30:00;-03:00;11,229999542236328;11,239999771118164;11,220000267028809;11,220000267028809;56800
2026-08-04;15:35:00;-03:00;11,220000267028809;11,239999771118164;11,210000038146973;11,220000267028809;68200
2026-08-04;15:40:00;-03:00;11,229999542236328;11,229999542236328;11,210000038146973;11,220000267028809;19700
2026-08-04;15:45:00;-03:00;11,210000038146973;11,229999542236328;11,210000038146973;11,210000038146973;52000
2026-08-04;15:50:00;-03:00;11,210000038146973;11,229999542236328;11,210000038146973;11,229999542236328;47600
2026-08-04;15:55:00;-03:00;11,229999542236328;11,229999542236328;11,210000038146973;11,229999542236328;55200
2026-08-04;16:00:00;-03:00;11,229999542236328;11,229999542236328;11,210000038146973;11,220000267028809;81300
2026-08-04;16:05:00;-03:00;11,229999542236328;11,229999542236328;11,220000267028809;11,220000267028809;73400
2026-08-04;16:10:00;-03:00;11,220000267028809;11,229999542236328;11,210000038146973;11,210000038146973;60200
2026-08-04;16:15:00;-03:00;11,229999542236328;11,229999542236328;11,210000038146973;11,220000267028809;57700
2026-08-04;16:20:00;-03:00;11,220000267028809;11,229999542236328;11,220000267028809;11,229999542236328;88400
2026-08-04;16:25:00;-03:00;11,220000267028809;11,239999771118164;11,210000038146973;11,239999771118164;187400
2026-08-04;16:30:00;-03:00;11,239999771118164;11,25;11,229999542236328;11,239999771118164;119700
2026-08-04;16:35:00;-03:00;11,229999542236328;11,239999771118164;11,220000267028809;11,239999771118164;236000
2026-08-04;16:40:00;-03:00;11,239999771118164;11,25;11,229999542236328;11,239999771118164;210900
2026-08-04;16:45:00;-03:00;11,25;11,25;11,239999771118164;11,239999771118164;55700
2026-08-04;16:50:00;-03:00;11,239999771118164;11,25;11,220000267028809;11,239999771118164;91600
2026-08-05;10:00:00;-03:00;11,319999694824219;11,329999923706055;11,300000190734863;11,319999694824219;0
2026-08-05;10:05:00;-03:00;11,319999694824219;11,329999923706055;11,279999732971191;11,300000190734863;112100
2026-08-05;10:10:00;-03:00;11,300000190734863;11,329999923706055;11,300000190734863;11,319999694824219;54400
2026-08-05;10:15:00;-03:00;11,319999694824219;11,399999618530273;11,319999694824219;11,390000343322754;196400
2026-08-05;10:20:00;-03:00;11,390000343322754;11,399999618530273;11,369999885559082;11,380000114440918;72400
2026-08-05;10:25:00;-03:00;11,380000114440918;11,390000343322754;11,350000381469727;11,350000381469727;58700
2026-08-05;10:30:00;-03:00;11,359999656677246;11,380000114440918;11,319999694824219;11,329999923706055;241100
2026-08-05;10:35:00;-03:00;11,329999923706055;11,350000381469727;11,319999694824219;11,34000015258789;127900
2026-08-05;10:40:00;-03:00;11,34000015258789;11,359999656677246;11,319999694824219;11,329999923706055;308500
2026-08-05;10:45:00;-03:00;11,329999923706055;11,329999923706055;11,300000190734863;11,319999694824219;233400
2026-08-05;10:50:00;-03:00;11,3100004196167;11,329999923706055;11,300000190734863;11,329999923706055;106100
2026-08-05;10:55:00;-03:00;11,329999923706055;11,350000381469727;11,300000190734863;11,319999694824219;181000
2026-08-05;11:00:00;-03:00;11,319999694824219;11,350000381469727;11,300000190734863;11,350000381469727;135400
2026-08-05;11:05:00;-03:00;11,350000381469727;11,359999656677246;11,329999923706055;11,350000381469727;245100
2026-08-05;11:10:00;-03:00;11,359999656677246;11,380000114440918;11,350000381469727;11,380000114440918;253400
2026-08-05;11:15:00;-03:00;11,359999656677246;11,380000114440918;11,359999656677246;11,380000114440918;121600
2026-08-05;11:20:00;-03:00;11,369999885559082;11,369999885559082;11,329999923706055;11,329999923706055;187100
2026-08-05;11:25:00;-03:00;11,329999923706055;11,34000015258789;11,300000190734863;11,300000190734863;250500
2026-08-05;11:30:00;-03:00;11,300000190734863;11,3100004196167;11,289999961853027;11,300000190734863;54000
2026-08-05;11:35:00;-03:00;11,300000190734863;11,319999694824219;11,300000190734863;11,319999694824219;29600
2026-08-05;11:40:00;-03:00;11,3100004196167;11,319999694824219;11,300000190734863;11,3100004196167;43400
2026-08-05;11:45:00;-03:00;11,3100004196167;11,319999694824219;11,300000190734863;11,319999694824219;33500
2026-08-05;11:50:00;-03:00;11,3100004196167;11,319999694824219;11,279999732971191;11,300000190734863;60500
2026-08-05;11:55:00;-03:00;11,300000190734863;11,300000190734863;11,279999732971191;11,300000190734863;22800
2026-08-05;12:00:00;-03:00;11,300000190734863;11,319999694824219;11,289999961853027;11,319999694824219;39200
2026-08-05;12:05:00;-03:00;11,319999694824219;11,319999694824219;11,300000190734863;11,300000190734863;41500
2026-08-05;12:10:00;-03:00;11,300000190734863;11,3100004196167;11,289999961853027;11,3100004196167;45900
2026-08-05;12:15:00;-03:00;11,3100004196167;11,3100004196167;11,289999961853027;11,3100004196167;22200
2026-08-05;12:20:00;-03:00;11,300000190734863;11,319999694824219;11,300000190734863;11,3100004196167;42200
2026-08-05;12:25:00;-03:00;11,300000190734863;11,3100004196167;11,289999961853027;11,300000190734863;67600
2026-08-05;12:30:00;-03:00;11,300000190734863;11,3100004196167;11,289999961853027;11,300000190734863;37400
2026-08-05;12:35:00;-03:00;11,300000190734863;11,3100004196167;11,300000190734863;11,3100004196167;36000
2026-08-05;12:40:00;-03:00;11,3100004196167;11,3100004196167;11,289999961853027;11,289999961853027;70200
2026-08-05;12:45:00;-03:00;11,300000190734863;11,300000190734863;11,289999961853027;11,289999961853027;9400
2026-08-05;12:50:00;-03:00;11,289999961853027;11,300000190734863;11,289999961853027;11,300000190734863;28500
2026-08-05;12:55:00;-03:00;11,300000190734863;11,300000190734863;11,289999961853027;11,300000190734863;15900
2026-08-05;13:00:00;-03:00;11,300000190734863;11,300000190734863;11,289999961853027;11,300000190734863;23800
2026-08-05;13:05:00;-03:00;11,300000190734863;11,300000190734863;11,279999732971191;11,289999961853027;39000
2026-08-05;13:10:00;-03:00;11,279999732971191;11,300000190734863;11,279999732971191;11,289999961853027;36300
2026-08-05;13:15:00;-03:00;11,289999961853027;11,300000190734863;11,279999732971191;11,279999732971191;13500
2026-08-05;13:20:00;-03:00;11,279999732971191;11,300000190734863;11,279999732971191;11,279999732971191;31800
2026-08-05;13:25:00;-03:00;11,289999961853027;11,289999961853027;11,279999732971191;11,289999961853027;9800
2026-08-05;13:30:00;-03:00;11,289999961853027;11,289999961853027;11,279999732971191;11,289999961853027;9700
2026-08-05;13:35:00;-03:00;11,289999961853027;11,289999961853027;11,279999732971191;11,279999732971191;25300
2026-08-05;13:40:00;-03:00;11,279999732971191;11,289999961853027;11,279999732971191;11,289999961853027;29200
2026-08-05;13:45:00;-03:00;11,289999961853027;11,289999961853027;11,279999732971191;11,289999961853027;12200
2026-08-05;13:50:00;-03:00;11,289999961853027;11,289999961853027;11,279999732971191;11,289999961853027;11200
2026-08-05;13:55:00;-03:00;11,289999961853027;11,289999961853027;11,270000457763672;11,279999732971191;22300
2026-08-05;14:00:00;-03:00;11,279999732971191;11,289999961853027;11,270000457763672;11,289999961853027;29800
2026-08-05;14:05:00;-03:00;11,289999961853027;11,289999961853027;11,279999732971191;11,279999732971191;7900
2026-08-05;14:10:00;-03:00;11,289999961853027;11,289999961853027;11,279999732971191;11,289999961853027;21100
2026-08-05;14:15:00;-03:00;11,289999961853027;11,289999961853027;11,270000457763672;11,270000457763672;20600
2026-08-05;14:20:00;-03:00;11,279999732971191;11,279999732971191;11,270000457763672;11,279999732971191;16800
2026-08-05;14:25:00;-03:00;11,270000457763672;11,289999961853027;11,270000457763672;11,279999732971191;23000
2026-08-05;14:30:00;-03:00;11,279999732971191;11,3100004196167;11,279999732971191;11,3100004196167;79700
2026-08-05;14:35:00;-03:00;11,3100004196167;11,3100004196167;11,300000190734863;11,300000190734863;13300
2026-08-05;14:40:00;-03:00;11,3100004196167;11,3100004196167;11,300000190734863;11,300000190734863;14200
2026-08-05;14:45:00;-03:00;11,300000190734863;11,3100004196167;11,289999961853027;11,300000190734863;30800
2026-08-05;14:50:00;-03:00;11,300000190734863;11,3100004196167;11,300000190734863;11,300000190734863;18500
2026-08-05;14:55:00;-03:00;11,3100004196167;11,3100004196167;11,289999961853027;11,289999961853027;33100
2026-08-05;15:00:00;-03:00;11,300000190734863;11,300000190734863;11,289999961853027;11,300000190734863;42000
2026-08-05;15:05:00;-03:00;11,300000190734863;11,3100004196167;11,289999961853027;11,300000190734863;58600
2026-08-05;15:10:00;-03:00;11,300000190734863;11,300000190734863;11,289999961853027;11,300000190734863;215500
2026-08-05;15:15:00;-03:00;11,289999961853027;11,300000190734863;11,289999961853027;11,300000190734863;12200
2026-08-05;15:20:00;-03:00;11,300000190734863;11,300000190734863;11,279999732971191;11,279999732971191;37900
2026-08-05;15:25:00;-03:00;11,289999961853027;11,289999961853027;11,270000457763672;11,270000457763672;65500
2026-08-05;15:30:00;-03:00;11,279999732971191;11,289999961853027;11,260000228881836;11,279999732971191;112200
2026-08-05;15:35:00;-03:00;11,270000457763672;11,279999732971191;11,260000228881836;11,260000228881836;35700
2026-08-05;15:40:00;-03:00;11,260000228881836;11,279999732971191;11,260000228881836;11,260000228881836;31700
2026-08-05;15:45:00;-03:00;11,270000457763672;11,279999732971191;11,270000457763672;11,270000457763672;38000
2026-08-05;15:50:00;-03:00;11,270000457763672;11,279999732971191;11,260000228881836;11,279999732971191;158700
2026-08-05;15:55:00;-03:00;11,270000457763672;11,279999732971191;11,270000457763672;11,279999732971191;58300
2026-08-05;16:00:00;-03:00;11,279999732971191;11,279999732971191;11,260000228881836;11,270000457763672;156600
2026-08-05;16:05:00;-03:00;11,279999732971191;11,279999732971191;11,270000457763672;11,270000457763672;44600
2026-08-05;16:10:00;-03:00;11,270000457763672;11,279999732971191;11,260000228881836;11,279999732971191;87500
2026-08-05;16:15:00;-03:00;11,279999732971191;11,289999961853027;11,270000457763672;11,279999732971191;62300
2026-08-05;16:20:00;-03:00;11,289999961853027;11,289999961853027;11,270000457763672;11,270000457763672;47300
2026-08-05;16:25:00;-03:00;11,289999961853027;11,289999961853027;11,270000457763672;11,270000457763672;53900
2026-08-05;16:30:00;-03:00;11,289999961853027;11,289999961853027;11,260000228881836;11,260000228881836;179000
2026-08-05;16:35:00;-03:00;11,270000457763672;11,279999732971191;11,260000228881836;11,270000457763672;13600
2026-08-05;16:40:00;-03:00;11,260000228881836;11,270000457763672;11,260000228881836;11,260000228881836;105000
2026-08-05;16:45:00;-03:00;11,270000457763672;11,270000457763672;11,25;11,25;149700
2026-08-05;16:50:00;-03:00;11,239999771118164;11,25;11,220000267028809;11,25;165700
2026-08-06;10:00:00;-03:00;11,210000038146973;11,210000038146973;11,149999618530273;11,170000076293945;0
2026-08-06;10:05:00;-03:00;11,170000076293945;11,1899995803833;11,15999984741211;11,170000076293945;29900
2026-08-06;10:10:00;-03:00;11,180000305175781;11,199999809265137;11,149999618530273;11,170000076293945;59400
2026-08-06;10:15:00;-03:00;11,170000076293945;11,220000267028809;11,15999984741211;11,220000267028809;70800
2026-08-06;10:20:00;-03:00;11,199999809265137;11,229999542236328;11,199999809265137;11,210000038146973;57200
2026-08-06;10:25:00;-03:00;11,210000038146973;11,210000038146973;11,170000076293945;11,180000305175781;46300
2026-08-06;10:30:00;-03:00;11,180000305175781;11,199999809265137;11,15999984741211;11,1899995803833;60600
2026-08-06;10:35:00;-03:00;11,180000305175781;11,1899995803833;11,15999984741211;11,180000305175781;55800
2026-08-06;10:40:00;-03:00;11,180000305175781;11,229999542236328;11,180000305175781;11,210000038146973;214200
2026-08-06;10:45:00;-03:00;11,199999809265137;11,220000267028809;11,1899995803833;11,220000267028809;75800
2026-08-06;10:50:00;-03:00;11,220000267028809;11,220000267028809;11,1899995803833;11,199999809265137;25200
2026-08-06;10:55:00;-03:00;11,1899995803833;11,199999809265137;11,15999984741211;11,180000305175781;92200
2026-08-06;11:00:00;-03:00;11,170000076293945;11,220000267028809;11,15999984741211;11,199999809265137;479900
2026-08-06;11:05:00;-03:00;11,199999809265137;11,210000038146973;11,180000305175781;11,1899995803833;127200
2026-08-06;11:10:00;-03:00;11,180000305175781;11,199999809265137;11,180000305175781;11,199999809265137;142700
2026-08-06;11:15:00;-03:00;11,1899995803833;11,210000038146973;11,180000305175781;11,199999809265137;195700
2026-08-06;11:20:00;-03:00;11,1899995803833;11,239999771118164;11,1899995803833;11,220000267028809;377400
2026-08-06;11:25:00;-03:00;11,220000267028809;11,220000267028809;11,199999809265137;11,220000267028809;208800
2026-08-06;11:30:00;-03:00;11,220000267028809;11,229999542236328;11,199999809265137;11,229999542236328;154900
2026-08-06;11:35:00;-03:00;11,229999542236328;11,229999542236328;11,210000038146973;11,229999542236328;203000
2026-08-06;11:40:00;-03:00;11,229999542236328;11,25;11,220000267028809;11,25;196300
2026-08-06;11:45:00;-03:00;11,25;11,260000228881836;11,229999542236328;11,25;131000
2026-08-06;11:50:00;-03:00;11,25;11,260000228881836;11,239999771118164;11,260000228881836;145100
2026-08-06;11:55:00;-03:00;11,25;11,260000228881836;11,239999771118164;11,25;109900
2026-08-06;12:00:00;-03:00;11,239999771118164;11,270000457763672;11,239999771118164;11,270000457763672;134200
2026-08-06;12:05:00;-03:00;11,270000457763672;11,270000457763672;11,239999771118164;11,25;110700
2026-08-06;12:10:00;-03:00;11,239999771118164;11,25;11,229999542236328;11,239999771118164;157100
2026-08-06;12:15:00;-03:00;11,239999771118164;11,239999771118164;11,199999809265137;11,229999542236328;136500
2026-08-06;12:20:00;-03:00;11,229999542236328;11,229999542236328;11,210000038146973;11,220000267028809;76000
2026-08-06;12:25:00;-03:00;11,220000267028809;11,220000267028809;11,210000038146973;11,210000038146973;77200
2026-08-06;12:30:00;-03:00;11,220000267028809;11,220000267028809;11,199999809265137;11,210000038146973;93000
2026-08-06;12:35:00;-03:00;11,199999809265137;11,210000038146973;11,1899995803833;11,199999809265137;232800
2026-08-06;12:40:00;-03:00;11,199999809265137;11,199999809265137;11,180000305175781;11,1899995803833;48800
2026-08-06;12:45:00;-03:00;11,1899995803833;11,1899995803833;11,180000305175781;11,1899995803833;35500
2026-08-06;12:50:00;-03:00;11,180000305175781;11,199999809265137;11,170000076293945;11,180000305175781;86600
2026-08-06;12:55:00;-03:00;11,180000305175781;11,1899995803833;11,170000076293945;11,1899995803833;67100
2026-08-06;13:00:00;-03:00;11,1899995803833;11,1899995803833;11,180000305175781;11,1899995803833;151700
2026-08-06;13:05:00;-03:00;11,1899995803833;11,1899995803833;11,170000076293945;11,1899995803833;52300
2026-08-06;13:10:00;-03:00;11,1899995803833;11,1899995803833;11,170000076293945;11,180000305175781;67400
2026-08-06;13:15:00;-03:00;11,180000305175781;11,1899995803833;11,170000076293945;11,170000076293945;91400
2026-08-06;13:20:00;-03:00;11,1899995803833;11,1899995803833;11,170000076293945;11,180000305175781;44400
2026-08-06;13:25:00;-03:00;11,180000305175781;11,1899995803833;11,170000076293945;11,170000076293945;41900
2026-08-06;13:30:00;-03:00;11,180000305175781;11,1899995803833;11,180000305175781;11,180000305175781;41900
2026-08-06;13:35:00;-03:00;11,1899995803833;11,1899995803833;11,180000305175781;11,1899995803833;40300
2026-08-06;13:40:00;-03:00;11,1899995803833;11,1899995803833;11,170000076293945;11,1899995803833;64800
2026-08-06;13:45:00;-03:00;11,1899995803833;11,1899995803833;11,170000076293945;11,180000305175781;39200
2026-08-06;13:50:00;-03:00;11,180000305175781;11,180000305175781;11,170000076293945;11,170000076293945;35900
2026-08-06;13:55:00;-03:00;11,180000305175781;11,1899995803833;11,170000076293945;11,180000305175781;44500
2026-08-06;14:00:00;-03:00;11,180000305175781;11,180000305175781;11,15999984741211;11,170000076293945;59900
2026-08-06;14:05:00;-03:00;11,170000076293945;11,170000076293945;11,149999618530273;11,15999984741211;174100
2026-08-06;14:10:00;-03:00;11,15999984741211;11,170000076293945;11,149999618530273;11,170000076293945;72500
2026-08-06;14:15:00;-03:00;11,170000076293945;11,170000076293945;11,149999618530273;11,15999984741211;82800
2026-08-06;14:20:00;-03:00;11,15999984741211;11,15999984741211;11,149999618530273;11,15999984741211;75900
2026-08-06;14:25:00;-03:00;11,15999984741211;11,15999984741211;11,149999618530273;11,15999984741211;70700
2026-08-06;14:30:00;-03:00;11,15999984741211;11,15999984741211;11,149999618530273;11,15999984741211;51800
2026-08-06;14:35:00;-03:00;11,149999618530273;11,170000076293945;11,149999618530273;11,15999984741211;84800
2026-08-06;14:40:00;-03:00;11,15999984741211;11,170000076293945;11,15999984741211;11,170000076293945;63400
2026-08-06;14:45:00;-03:00;11,15999984741211;11,170000076293945;11,15999984741211;11,170000076293945;53300
2026-08-06;14:50:00;-03:00;11,170000076293945;11,180000305175781;11,15999984741211;11,180000305175781;63400
2026-08-06;14:55:00;-03:00;11,170000076293945;11,180000305175781;11,170000076293945;11,180000305175781;95800
2026-08-06;15:00:00;-03:00;11,180000305175781;11,180000305175781;11,170000076293945;11,170000076293945;59700
2026-08-06;15:05:00;-03:00;11,180000305175781;11,180000305175781;11,15999984741211;11,170000076293945;56600
2026-08-06;15:10:00;-03:00;11,170000076293945;11,180000305175781;11,15999984741211;11,15999984741211;91500
2026-08-06;15:15:00;-03:00;11,170000076293945;11,170000076293945;11,15999984741211;11,170000076293945;62800
2026-08-06;15:20:00;-03:00;11,170000076293945;11,180000305175781;11,15999984741211;11,170000076293945;86200
2026-08-06;15:25:00;-03:00;11,170000076293945;11,180000305175781;11,15999984741211;11,15999984741211;94700
2026-08-06;15:30:00;-03:00;11,170000076293945;11,180000305175781;11,170000076293945;11,180000305175781;86700
2026-08-06;15:35:00;-03:00;11,180000305175781;11,1899995803833;11,170000076293945;11,1899995803833;83600
2026-08-06;15:40:00;-03:00;11,1899995803833;11,1899995803833;11,15999984741211;11,180000305175781;92100
2026-08-06;15:45:00;-03:00;11,180000305175781;11,1899995803833;11,170000076293945;11,1899995803833;55200
2026-08-06;15:50:00;-03:00;11,180000305175781;11,1899995803833;11,170000076293945;11,180000305175781;88600
2026-08-06;15:55:00;-03:00;11,170000076293945;11,180000305175781;11,15999984741211;11,15999984741211;127500
2026-08-06;16:00:00;-03:00;11,170000076293945;11,170000076293945;11,149999618530273;11,15999984741211;104300
2026-08-06;16:05:00;-03:00;11,15999984741211;11,170000076293945;11,149999618530273;11,170000076293945;89400
2026-08-06;16:10:00;-03:00;11,170000076293945;11,170000076293945;11,149999618530273;11,149999618530273;92600
2026-08-06;16:15:00;-03:00;11,15999984741211;11,170000076293945;11,149999618530273;11,170000076293945;180400
2026-08-06;16:20:00;-03:00;11,170000076293945;11,170000076293945;11,149999618530273;11,15999984741211;73800
2026-08-06;16:25:00;-03:00;11,149999618530273;11,15999984741211;11,140000343322754;11,149999618530273;66600
2026-08-06;16:30:00;-03:00;11,140000343322754;11,149999618530273;11,140000343322754;11,149999618530273;73300
2026-08-06;16:35:00;-03:00;11,149999618530273;11,149999618530273;11,130000114440918;11,149999618530273;109100
2026-08-06;16:40:00;-03:00;11,149999618530273;11,170000076293945;11,140000343322754;11,15999984741211;246000
2026-08-06;16:45:00;-03:00;11,15999984741211;11,170000076293945;11,140000343322754;11,15999984741211;217300
2026-08-06;16:50:00;-03:00;11,140000343322754;11,15999984741211;11,140000343322754;11,15999984741211;129300
2026-08-07;10:00:00;-03:00;11,15999984741211;11,170000076293945;11,119999885559082;11,130000114440918;60900
2026-08-07;10:05:00;-03:00;11,119999885559082;11,130000114440918;11,100000381469727;11,109999656677246;79600
2026-08-07;10:10:00;-03:00;11,109999656677246;11,130000114440918;11,09000015258789;11,130000114440918;41900
2026-08-07;10:15:00;-03:00;11,130000114440918;11,140000343322754;11,119999885559082;11,119999885559082;12600
2026-08-07;10:20:00;-03:00;11,130000114440918;11,140000343322754;11,119999885559082;11,119999885559082;44200
2026-08-07;10:25:00;-03:00;11,119999885559082;11,130000114440918;11,119999885559082;11,130000114440918;74300
2026-08-07;10:30:00;-03:00;11,109999656677246;11,119999885559082;11,09000015258789;11,09000015258789;83500
2026-08-07;10:35:00;-03:00;11,100000381469727;11,109999656677246;11,069999694824219;11,09000015258789;95700
2026-08-07;10:40:00;-03:00;11,09000015258789;11,09000015258789;11,0600004196167;11,069999694824219;103400
2026-08-07;10:45:00;-03:00;11,069999694824219;11,069999694824219;11,050000190734863;11,050000190734863;62200
2026-08-07;10:50:00;-03:00;11,050000190734863;11,0600004196167;11,050000190734863;11,0600004196167;66800
2026-08-07;10:55:00;-03:00;11,050000190734863;11,0600004196167;11,039999961853027;11,0600004196167;64000
2026-08-07;11:00:00;-03:00;11,050000190734863;11,0600004196167;11,029999732971191;11,039999961853027;83300
2026-08-07;11:05:00;-03:00;11,029999732971191;11,039999961853027;11,010000228881836;11,020000457763672;85900
2026-08-07;11:10:00;-03:00;11,010000228881836;11,020000457763672;10,989999771118164;11,0;173400
2026-08-07;11:15:00;-03:00;11,0;11,010000228881836;10,989999771118164;10,989999771118164;109700
2026-08-07;11:20:00;-03:00;11,0;11,010000228881836;10,989999771118164;11,0;124900
2026-08-07;11:25:00;-03:00;10,989999771118164;11,0;10,979999542236328;10,989999771118164;30400
2026-08-07;11:30:00;-03:00;10,989999771118164;11,0;10,979999542236328;10,989999771118164;29600
2026-08-07;11:35:00;-03:00;11,0;11,0;10,979999542236328;11,0;140300
2026-08-07;11:40:00;-03:00;11,0;11,0;10,989999771118164;10,989999771118164;37500
2026-08-07;11:45:00;-03:00;10,989999771118164;11,0;10,979999542236328;10,989999771118164;35700
2026-08-07;11:50:00;-03:00;11,0;11,0;10,979999542236328;11,0;69600
2026-08-07;11:55:00;-03:00;10,989999771118164;11,0;10,979999542236328;11,0;27100
2026-08-07;12:00:00;-03:00;11,0;11,0;10,970000267028809;10,979999542236328;82200
2026-08-07;12:05:00;-03:00;10,979999542236328;10,979999542236328;10,949999809265137;10,960000038146973;93800
2026-08-07;12:10:00;-03:00;10,960000038146973;10,979999542236328;10,949999809265137;10,979999542236328;121600
2026-08-07;12:15:00;-03:00;10,970000267028809;10,970000267028809;10,949999809265137;10,960000038146973;98200
2026-08-07;12:20:00;-03:00;10,970000267028809;10,970000267028809;10,949999809265137;10,949999809265137;103000
2026-08-07;12:25:00;-03:00;10,949999809265137;10,970000267028809;10,949999809265137;10,970000267028809;162000
2026-08-07;12:30:00;-03:00;10,960000038146973;10,970000267028809;10,949999809265137;10,949999809265137;134500
2026-08-07;12:35:00;-03:00;10,970000267028809;10,970000267028809;10,949999809265137;10,960000038146973;83300
2026-08-07;12:40:00;-03:00;10,960000038146973;10,970000267028809;10,949999809265137;10,960000038146973;143000
2026-08-07;12:45:00;-03:00;10,960000038146973;10,979999542236328;10,949999809265137;10,960000038146973;151200
2026-08-07;12:50:00;-03:00;10,949999809265137;10,960000038146973;10,949999809265137;10,949999809265137;96300
2026-08-07;12:55:00;-03:00;10,9399995803833;10,960000038146973;10,9399995803833;10,949999809265137;104400
2026-08-07;13:00:00;-03:00;10,9399995803833;10,960000038146973;10,9399995803833;10,949999809265137;100500
2026-08-07;13:05:00;-03:00;10,960000038146973;10,960000038146973;10,9399995803833;10,949999809265137;29400
2026-08-07;13:10:00;-03:00;10,949999809265137;10,970000267028809;10,9399995803833;10,970000267028809;83100
2026-08-07;13:15:00;-03:00;10,970000267028809;10,979999542236328;10,960000038146973;10,979999542236328;107700
2026-08-07;13:20:00;-03:00;10,979999542236328;10,979999542236328;10,960000038146973;10,960000038146973;122600
2026-08-07;13:25:00;-03:00;10,970000267028809;10,979999542236328;10,949999809265137;10,960000038146973;309800
2026-08-07;13:30:00;-03:00;10,960000038146973;10,960000038146973;10,9399995803833;10,949999809265137;96800
2026-08-07;13:35:00;-03:00;10,949999809265137;10,960000038146973;10,949999809265137;10,960000038146973;36500
2026-08-07;13:40:00;-03:00;10,960000038146973;10,960000038146973;10,949999809265137;10,960000038146973;16500
2026-08-07;13:45:00;-03:00;10,949999809265137;10,960000038146973;10,949999809265137;10,960000038146973;31300
2026-08-07;13:50:00;-03:00;10,949999809265137;10,960000038146973;10,949999809265137;10,960000038146973;36200
2026-08-07;13:55:00;-03:00;10,960000038146973;10,960000038146973;10,930000305175781;10,960000038146973;609300
2026-08-07;14:00:00;-03:00;10,960000038146973;10,960000038146973;10,9399995803833;10,9399995803833;140600
2026-08-07;14:05:00;-03:00;10,9399995803833;10,949999809265137;10,9399995803833;10,949999809265137;64400
2026-08-07;14:10:00;-03:00;10,9399995803833;10,960000038146973;10,9399995803833;10,960000038146973;146200
2026-08-07;14:15:00;-03:00;10,949999809265137;10,960000038146973;10,9399995803833;10,9399995803833;45700
2026-08-07;14:20:00;-03:00;10,960000038146973;10,960000038146973;10,9399995803833;10,960000038146973;141000
2026-08-07;14:25:00;-03:00;10,9399995803833;10,979999542236328;10,9399995803833;10,979999542236328;206000
2026-08-07;14:30:00;-03:00;10,970000267028809;10,979999542236328;10,960000038146973;10,970000267028809;81800
2026-08-07;14:35:00;-03:00;10,960000038146973;10,970000267028809;10,960000038146973;10,960000038146973;82900
2026-08-07;14:40:00;-03:00;10,960000038146973;10,989999771118164;10,960000038146973;10,979999542236328;174200
2026-08-07;14:45:00;-03:00;10,989999771118164;10,989999771118164;10,970000267028809;10,970000267028809;46100
2026-08-07;14:50:00;-03:00;10,989999771118164;10,989999771118164;10,970000267028809;10,989999771118164;63300
2026-08-07;14:55:00;-03:00;10,989999771118164;10,989999771118164;10,970000267028809;10,989999771118164;83100
2026-08-07;15:00:00;-03:00;10,989999771118164;10,989999771118164;10,970000267028809;10,970000267028809;89400
2026-08-07;15:05:00;-03:00;10,979999542236328;10,989999771118164;10,970000267028809;10,989999771118164;109700
2026-08-07;15:10:00;-03:00;10,979999542236328;10,989999771118164;10,970000267028809;10,989999771118164;90800
2026-08-07;15:15:00;-03:00;10,979999542236328;10,989999771118164;10,970000267028809;10,989999771118164;64800
2026-08-07;15:20:00;-03:00;10,970000267028809;10,989999771118164;10,970000267028809;10,989999771118164;48400
2026-08-07;15:25:00;-03:00;10,989999771118164;10,989999771118164;10,970000267028809;10,970000267028809;82600
2026-08-07;15:30:00;-03:00;10,970000267028809;10,979999542236328;10,960000038146973;10,960000038146973;161500
2026-08-07;15:35:00;-03:00;10,970000267028809;10,970000267028809;10,9399995803833;10,949999809265137;277700
2026-08-07;15:40:00;-03:00;10,949999809265137;10,949999809265137;10,9399995803833;10,949999809265137;75200
2026-08-07;15:45:00;-03:00;10,9399995803833;10,949999809265137;10,90999984741211;10,920000076293945;383800
2026-08-07;15:50:00;-03:00;10,920000076293945;10,920000076293945;10,899999618530273;10,90999984741211;173100
2026-08-07;15:55:00;-03:00;10,90999984741211;10,90999984741211;10,880000114440918;10,890000343322754;451200
2026-08-07;16:00:00;-03:00;10,899999618530273;10,920000076293945;10,890000343322754;10,899999618530273;375900
2026-08-07;16:05:00;-03:00;10,899999618530273;10,90999984741211;10,890000343322754;10,90999984741211;660100
2026-08-07;16:10:00;-03:00;10,899999618530273;10,90999984741211;10,899999618530273;10,90999984741211;26300
2026-08-07;16:15:00;-03:00;10,899999618530273;10,90999984741211;10,899999618530273;10,899999618530273;314600
2026-08-07;16:20:00;-03:00;10,90999984741211;10,90999984741211;10,899999618530273;10,899999618530273;223700
2026-08-07;16:25:00;-03:00;10,90999984741211;10,90999984741211;10,890000343322754;10,90999984741211;201500
2026-08-07;16:30:00;-03:00;10,899999618530273;10,90999984741211;10,899999618530273;10,90999984741211;309600
2026-08-07;16:35:00;-03:00;10,899999618530273;10,930000305175781;10,890000343322754;10,920000076293945;757200
2026-08-07;16:40:00;-03:00;10,920000076293945;10,920000076293945;10,899999618530273;10,90999984741211;249700
2026-08-07;16:45:00;-03:00;10,90999984741211;10,90999984741211;10,899999618530273;10,90999984741211;135000
2026-08-07;16:50:00;-03:00;10,899999618530273;10,930000305175781;10,890000343322754;10,920000076293945;1537700
2026-08-10;10:00:00;-03:00;10,920000076293945;10,970000267028809;10,859999656677246;10,859999656677246;0
2026-08-10;10:05:00;-03:00;10,859999656677246;10,859999656677246;10,8100004196167;10,8100004196167;137300
2026-08-10;10:10:00;-03:00;10,8100004196167;10,829999923706055;10,770000457763672;10,779999732971191;321100
2026-08-10;10:15:00;-03:00;10,779999732971191;10,800000190734863;10,720000267028809;10,789999961853027;377000
2026-08-10;10:20:00;-03:00;10,789999961853027;10,819999694824219;10,779999732971191;10,819999694824219;34800
2026-08-10;10:25:00;-03:00;10,819999694824219;10,819999694824219;10,779999732971191;10,789999961853027;115100
2026-08-10;10:30:00;-03:00;10,779999732971191;10,800000190734863;10,760000228881836;10,800000190734863;233300
2026-08-10;10:35:00;-03:00;10,800000190734863;10,8100004196167;10,760000228881836;10,770000457763672;181400
2026-08-10;10:40:00;-03:00;10,760000228881836;10,770000457763672;10,739999771118164;10,75;210400
2026-08-10;10:45:00;-03:00;10,75;10,75;10,720000267028809;10,729999542236328;185400
2026-08-10;10:50:00;-03:00;10,729999542236328;10,729999542236328;10,710000038146973;10,720000267028809;296700
2026-08-10;10:55:00;-03:00;10,720000267028809;10,720000267028809;10,670000076293945;10,6899995803833;553700
2026-08-10;11:00:00;-03:00;10,6899995803833;10,699999809265137;10,670000076293945;10,680000305175781;111700
2026-08-10;11:05:00;-03:00;10,670000076293945;10,699999809265137;10,670000076293945;10,6899995803833;147400
2026-08-10;11:10:00;-03:00;10,6899995803833;10,699999809265137;10,65999984741211;10,670000076293945;322000
2026-08-10;11:15:00;-03:00;10,65999984741211;10,6899995803833;10,649999618530273;10,680000305175781;186900
2026-08-10;11:20:00;-03:00;10,6899995803833;10,6899995803833;10,65999984741211;10,670000076293945;102800
2026-08-10;11:25:00;-03:00;10,670000076293945;10,670000076293945;10,65999984741211;10,65999984741211;57200
2026-08-10;11:30:00;-03:00;10,65999984741211;10,670000076293945;10,649999618530273;10,670000076293945;118300
2026-08-10;11:35:00;-03:00;10,670000076293945;10,670000076293945;10,649999618530273;10,670000076293945;145300
2026-08-10;11:40:00;-03:00;10,670000076293945;10,6899995803833;10,65999984741211;10,6899995803833;128400
2026-08-10;11:45:00;-03:00;10,6899995803833;10,720000267028809;10,680000305175781;10,720000267028809;484000
2026-08-10;11:50:00;-03:00;10,710000038146973;10,720000267028809;10,680000305175781;10,6899995803833;248400
2026-08-10;11:55:00;-03:00;10,680000305175781;10,6899995803833;10,670000076293945;10,680000305175781;176800
2026-08-10;12:00:00;-03:00;10,670000076293945;10,680000305175781;10,65999984741211;10,670000076293945;101300
2026-08-10;12:05:00;-03:00;10,670000076293945;10,680000305175781;10,65999984741211;10,680000305175781;125600
2026-08-10;12:10:00;-03:00;10,670000076293945;10,680000305175781;10,65999984741211;10,680000305175781;145100
2026-08-10;12:15:00;-03:00;10,680000305175781;10,699999809265137;10,670000076293945;10,699999809265137;152600
2026-08-10;12:20:00;-03:00;10,6899995803833;10,699999809265137;10,680000305175781;10,680000305175781;105700
2026-08-10;12:25:00;-03:00;10,680000305175781;10,699999809265137;10,680000305175781;10,699999809265137;180300
2026-08-10;12:30:00;-03:00;10,699999809265137;10,699999809265137;10,670000076293945;10,670000076293945;126600
2026-08-10;12:35:00;-03:00;10,680000305175781;10,6899995803833;10,670000076293945;10,670000076293945;141500
2026-08-10;12:40:00;-03:00;10,6899995803833;10,6899995803833;10,670000076293945;10,680000305175781;246800
2026-08-10;12:45:00;-03:00;10,680000305175781;10,680000305175781;10,670000076293945;10,670000076293945;69900
2026-08-10;12:50:00;-03:00;10,680000305175781;10,680000305175781;10,670000076293945;10,670000076293945;80800
2026-08-10;12:55:00;-03:00;10,680000305175781;10,680000305175781;10,670000076293945;10,680000305175781;61000
2026-08-10;13:00:00;-03:00;10,670000076293945;10,670000076293945;10,65999984741211;10,65999984741211;101200
2026-08-10;13:05:00;-03:00;10,65999984741211;10,680000305175781;10,65999984741211;10,680000305175781;89600
2026-08-10;13:10:00;-03:00;10,670000076293945;10,680000305175781;10,670000076293945;10,680000305175781;89100
2026-08-10;13:15:00;-03:00;10,680000305175781;10,680000305175781;10,65999984741211;10,680000305175781;89400
2026-08-10;13:20:00;-03:00;10,670000076293945;10,680000305175781;10,65999984741211;10,670000076293945;207700
2026-08-10;13:25:00;-03:00;10,670000076293945;10,670000076293945;10,649999618530273;10,65999984741211;281000
2026-08-10;13:30:00;-03:00;10,65999984741211;10,670000076293945;10,649999618530273;10,65999984741211;96700
2026-08-10;13:35:00;-03:00;10,670000076293945;10,670000076293945;10,649999618530273;10,65999984741211;131900
2026-08-10;13:40:00;-03:00;10,649999618530273;10,65999984741211;10,649999618530273;10,65999984741211;155900
2026-08-10;13:45:00;-03:00;10,65999984741211;10,699999809265137;10,649999618530273;10,6899995803833;244600
2026-08-10;13:50:00;-03:00;10,699999809265137;10,699999809265137;10,6899995803833;10,699999809265137;131400
2026-08-10;13:55:00;-03:00;10,6899995803833;10,699999809265137;10,6899995803833;10,699999809265137;31000
2026-08-10;14:00:00;-03:00;10,699999809265137;10,699999809265137;10,680000305175781;10,680000305175781;157800
2026-08-10;14:05:00;-03:00;10,680000305175781;10,6899995803833;10,670000076293945;10,670000076293945;119200
2026-08-10;14:10:00;-03:00;10,670000076293945;10,680000305175781;10,65999984741211;10,670000076293945;72100
2026-08-10;14:15:00;-03:00;10,670000076293945;10,670000076293945;10,649999618530273;10,65999984741211;126100
2026-08-10;14:20:00;-03:00;10,649999618530273;10,65999984741211;10,649999618530273;10,649999618530273;53800
2026-08-10;14:25:00;-03:00;10,649999618530273;10,65999984741211;10,649999618530273;10,65999984741211;53500
2026-08-10;14:30:00;-03:00;10,65999984741211;10,670000076293945;10,649999618530273;10,65999984741211;80900
2026-08-10;14:35:00;-03:00;10,649999618530273;10,65999984741211;10,640000343322754;10,640000343322754;212100
2026-08-10;14:40:00;-03:00;10,649999618530273;10,65999984741211;10,640000343322754;10,649999618530273;38700
2026-08-10;14:45:00;-03:00;10,65999984741211;10,65999984741211;10,649999618530273;10,649999618530273;40100
2026-08-10;14:50:00;-03:00;10,649999618530273;10,65999984741211;10,649999618530273;10,65999984741211;34700
2026-08-10;14:55:00;-03:00;10,649999618530273;10,670000076293945;10,649999618530273;10,65999984741211;203500
2026-08-10;15:00:00;-03:00;10,649999618530273;10,65999984741211;10,649999618530273;10,65999984741211;54400
2026-08-10;15:05:00;-03:00;10,649999618530273;10,65999984741211;10,649999618530273;10,649999618530273;43700
2026-08-10;15:10:00;-03:00;10,649999618530273;10,65999984741211;10,640000343322754;10,65999984741211;128200
2026-08-10;15:15:00;-03:00;10,649999618530273;10,649999618530273;10,640000343322754;10,640000343322754;54100
2026-08-10;15:20:00;-03:00;10,649999618530273;10,649999618530273;10,640000343322754;10,649999618530273;62400
2026-08-10;15:25:00;-03:00;10,649999618530273;10,649999618530273;10,630000114440918;10,640000343322754;216700
2026-08-10;15:30:00;-03:00;10,640000343322754;10,640000343322754;10,630000114440918;10,640000343322754;46400
2026-08-10;15:35:00;-03:00;10,640000343322754;10,649999618530273;10,630000114440918;10,649999618530273;127800
2026-08-10;15:40:00;-03:00;10,649999618530273;10,649999618530273;10,640000343322754;10,640000343322754;55900
2026-08-10;15:45:00;-03:00;10,640000343322754;10,649999618530273;10,640000343322754;10,649999618530273;53000
2026-08-10;15:50:00;-03:00;10,649999618530273;10,649999618530273;10,640000343322754;10,649999618530273;36100
2026-08-10;15:55:00;-03:00;10,649999618530273;10,649999618530273;10,640000343322754;10,649999618530273;121500
2026-08-10;16:00:00;-03:00;10,649999618530273;10,649999618530273;10,640000343322754;10,640000343322754;143500
2026-08-10;16:05:00;-03:00;10,649999618530273;10,649999618530273;10,640000343322754;10,649999618530273;67200
2026-08-10;16:10:00;-03:00;10,649999618530273;10,65999984741211;10,640000343322754;10,649999618530273;140600
2026-08-10;16:15:00;-03:00;10,640000343322754;10,65999984741211;10,640000343322754;10,65999984741211;58400
2026-08-10;16:20:00;-03:00;10,649999618530273;10,65999984741211;10,649999618530273;10,65999984741211;156600
2026-08-10;16:25:00;-03:00;10,65999984741211;10,670000076293945;10,649999618530273;10,65999984741211;72400
2026-08-10;16:30:00;-03:00;10,65999984741211;10,670000076293945;10,649999618530273;10,65999984741211;140400
2026-08-10;16:35:00;-03:00;10,670000076293945;10,670000076293945;10,65999984741211;10,65999984741211;116700
2026-08-10;16:40:00;-03:00;10,670000076293945;10,670000076293945;10,65999984741211;10,670000076293945;290000
2026-08-10;16:45:00;-03:00;10,670000076293945;10,680000305175781;10,65999984741211;10,680000305175781;314000
2026-08-10;16:50:00;-03:00;10,670000076293945;10,6899995803833;10,670000076293945;10,670000076293945;207600
2026-08-11;10:00:00;-03:00;10,699999809265137;10,729999542236328;10,680000305175781;10,710000038146973;0
2026-08-11;10:05:00;-03:00;10,699999809265137;10,710000038146973;10,670000076293945;10,699999809265137;127500
2026-08-11;10:10:00;-03:00;10,710000038146973;10,720000267028809;10,6899995803833;10,710000038146973;49600
2026-08-11;10:15:00;-03:00;10,710000038146973;10,710000038146973;10,6899995803833;10,710000038146973;35500
2026-08-11;10:20:00;-03:00;10,710000038146973;10,720000267028809;10,6899995803833;10,720000267028809;77100
2026-08-11;10:25:00;-03:00;10,720000267028809;10,720000267028809;10,680000305175781;10,6899995803833;76600
2026-08-11;10:30:00;-03:00;10,680000305175781;10,720000267028809;10,670000076293945;10,720000267028809;141100
2026-08-11;10:35:00;-03:00;10,720000267028809;10,739999771118164;10,6899995803833;10,710000038146973;173800
2026-08-11;10:40:00;-03:00;10,699999809265137;10,739999771118164;10,699999809265137;10,729999542236328;200100
2026-08-11;10:45:00;-03:00;10,729999542236328;10,760000228881836;10,720000267028809;10,729999542236328;202900
2026-08-11;10:50:00;-03:00;10,720000267028809;10,729999542236328;10,680000305175781;10,699999809265137;131600
2026-08-11;10:55:00;-03:00;10,699999809265137;10,699999809265137;10,680000305175781;10,699999809265137;103700
2026-08-11;11:00:00;-03:00;10,6899995803833;10,710000038146973;10,65999984741211;10,710000038146973;315800
2026-08-11;11:05:00;-03:00;10,710000038146973;10,710000038146973;10,6899995803833;10,6899995803833;159300
2026-08-11;11:10:00;-03:00;10,699999809265137;10,699999809265137;10,680000305175781;10,680000305175781;59200
2026-08-11;11:15:00;-03:00;10,6899995803833;10,6899995803833;10,65999984741211;10,670000076293945;69500
2026-08-11;11:20:00;-03:00;10,670000076293945;10,6899995803833;10,65999984741211;10,6899995803833;97800
2026-08-11;11:25:00;-03:00;10,6899995803833;10,6899995803833;10,670000076293945;10,670000076293945;115300
2026-08-11;11:30:00;-03:00;10,670000076293945;10,680000305175781;10,65999984741211;10,680000305175781;77700
2026-08-11;11:35:00;-03:00;10,680000305175781;10,6899995803833;10,65999984741211;10,680000305175781;154200
2026-08-11;11:40:00;-03:00;10,680000305175781;10,680000305175781;10,670000076293945;10,670000076293945;34700
2026-08-11;11:45:00;-03:00;10,680000305175781;10,680000305175781;10,65999984741211;10,670000076293945;73800
2026-08-11;11:50:00;-03:00;10,680000305175781;10,680000305175781;10,65999984741211;10,65999984741211;87200
2026-08-11;11:55:00;-03:00;10,65999984741211;10,670000076293945;10,649999618530273;10,65999984741211;204900
2026-08-11;12:00:00;-03:00;10,670000076293945;10,670000076293945;10,630000114440918;10,630000114440918;289400
2026-08-11;12:05:00;-03:00;10,640000343322754;10,640000343322754;10,609999656677246;10,609999656677246;245500
2026-08-11;12:10:00;-03:00;10,609999656677246;10,640000343322754;10,609999656677246;10,640000343322754;260200
2026-08-11;12:15:00;-03:00;10,630000114440918;10,640000343322754;10,619999885559082;10,630000114440918;43800
2026-08-11;12:20:00;-03:00;10,619999885559082;10,630000114440918;10,600000381469727;10,609999656677246;194900
2026-08-11;12:25:00;-03:00;10,609999656677246;10,609999656677246;10,579999923706055;10,59000015258789;202200
2026-08-11;12:30:00;-03:00;10,579999923706055;10,600000381469727;10,579999923706055;10,59000015258789;210000
2026-08-11;12:35:00;-03:00;10,59000015258789;10,59000015258789;10,579999923706055;10,59000015258789;71100
2026-08-11;12:40:00;-03:00;10,59000015258789;10,59000015258789;10,569999694824219;10,579999923706055;182700
2026-08-11;12:45:00;-03:00;10,59000015258789;10,600000381469727;10,579999923706055;10,59000015258789;80500
2026-08-11;12:50:00;-03:00;10,579999923706055;10,59000015258789;10,569999694824219;10,579999923706055;110800
2026-08-11;12:55:00;-03:00;10,579999923706055;10,579999923706055;10,569999694824219;10,579999923706055;82500
2026-08-11;13:00:00;-03:00;10,579999923706055;10,579999923706055;10,569999694824219;10,579999923706055;158100
2026-08-11;13:05:00;-03:00;10,579999923706055;10,59000015258789;10,569999694824219;10,59000015258789;144700
2026-08-11;13:10:00;-03:00;10,59000015258789;10,600000381469727;10,579999923706055;10,600000381469727;149500
2026-08-11;13:15:00;-03:00;10,600000381469727;10,600000381469727;10,579999923706055;10,600000381469727;170200
2026-08-11;13:20:00;-03:00;10,600000381469727;10,600000381469727;10,59000015258789;10,600000381469727;61300
2026-08-11;13:25:00;-03:00;10,600000381469727;10,600000381469727;10,579999923706055;10,59000015258789;168300
2026-08-11;13:30:00;-03:00;10,579999923706055;10,600000381469727;10,579999923706055;10,59000015258789;146400
2026-08-11;13:35:00;-03:00;10,600000381469727;10,600000381469727;10,59000015258789;10,600000381469727;47700
2026-08-11;13:40:00;-03:00;10,600000381469727;10,600000381469727;10,579999923706055;10,579999923706055;150900
2026-08-11;13:45:00;-03:00;10,59000015258789;10,59000015258789;10,579999923706055;10,59000015258789;97000
2026-08-11;13:50:00;-03:00;10,59000015258789;10,59000015258789;10,569999694824219;10,579999923706055;89600
2026-08-11;13:55:00;-03:00;10,569999694824219;10,579999923706055;10,5600004196167;10,5600004196167;135000
2026-08-11;14:00:00;-03:00;10,569999694824219;10,569999694824219;10,5600004196167;10,5600004196167;78400
2026-08-11;14:05:00;-03:00;10,569999694824219;10,569999694824219;10,5600004196167;10,569999694824219;70900
2026-08-11;14:10:00;-03:00;10,569999694824219;10,569999694824219;10,550000190734863;10,550000190734863;100100
2026-08-11;14:15:00;-03:00;10,550000190734863;10,579999923706055;10,550000190734863;10,579999923706055;168400
2026-08-11;14:20:00;-03:00;10,579999923706055;10,579999923706055;10,5600004196167;10,569999694824219;133300
2026-08-11;14:25:00;-03:00;10,569999694824219;10,569999694824219;10,5600004196167;10,5600004196167;314300
2026-08-11;14:30:00;-03:00;10,569999694824219;10,569999694824219;10,550000190734863;10,5600004196167;96500
2026-08-11;14:35:00;-03:00;10,5600004196167;10,579999923706055;10,550000190734863;10,579999923706055;167200
2026-08-11;14:40:00;-03:00;10,579999923706055;10,579999923706055;10,569999694824219;10,579999923706055;48800
2026-08-11;14:45:00;-03:00;10,569999694824219;10,579999923706055;10,539999961853027;10,539999961853027;693200
2026-08-11;14:50:00;-03:00;10,550000190734863;10,550000190734863;10,529999732971191;10,529999732971191;131500
2026-08-11;14:55:00;-03:00;10,539999961853027;10,539999961853027;10,529999732971191;10,529999732971191;88900
2026-08-11;15:00:00;-03:00;10,529999732971191;10,539999961853027;10,520000457763672;10,539999961853027;124000
2026-08-11;15:05:00;-03:00;10,539999961853027;10,539999961853027;10,520000457763672;10,529999732971191;90000
2026-08-11;15:10:00;-03:00;10,529999732971191;10,529999732971191;10,5;10,510000228881836;512000
2026-08-11;15:15:00;-03:00;10,510000228881836;10,510000228881836;10,5;10,510000228881836;103000
2026-08-11;15:20:00;-03:00;10,510000228881836;10,510000228881836;10,5;10,510000228881836;149800
2026-08-11;15:25:00;-03:00;10,510000228881836;10,510000228881836;10,489999771118164;10,489999771118164;260100
2026-08-11;15:30:00;-03:00;10,5;10,5;10,489999771118164;10,5;90300
2026-08-11;15:35:00;-03:00;10,5;10,5;10,479999542236328;10,479999542236328;513800
2026-08-11;15:40:00;-03:00;10,479999542236328;10,489999771118164;10,470000267028809;10,479999542236328;82800
2026-08-11;15:45:00;-03:00;10,479999542236328;10,479999542236328;10,449999809265137;10,449999809265137;288000
2026-08-11;15:50:00;-03:00;10,460000038146973;10,460000038146973;10,4399995803833;10,4399995803833;259700
2026-08-11;15:55:00;-03:00;10,449999809265137;10,449999809265137;10,430000305175781;10,430000305175781;509700
2026-08-11;16:00:00;-03:00;10,430000305175781;10,449999809265137;10,430000305175781;10,449999809265137;121300
2026-08-11;16:05:00;-03:00;10,449999809265137;10,470000267028809;10,4399995803833;10,460000038146973;472400
2026-08-11;16:10:00;-03:00;10,460000038146973;10,460000038146973;10,4399995803833;10,4399995803833;156600
2026-08-11;16:15:00;-03:00;10,449999809265137;10,449999809265137;10,40999984741211;10,420000076293945;480600
2026-08-11;16:20:00;-03:00;10,420000076293945;10,430000305175781;10,40999984741211;10,430000305175781;192100
2026-08-11;16:25:00;-03:00;10,430000305175781;10,430000305175781;10,40999984741211;10,420000076293945;97900
2026-08-11;16:30:00;-03:00;10,420000076293945;10,430000305175781;10,40999984741211;10,420000076293945;171200
2026-08-11;16:35:00;-03:00;10,430000305175781;10,430000305175781;10,399999618530273;10,40999984741211;272400
2026-08-11;16:40:00;-03:00;10,40999984741211;10,40999984741211;10,399999618530273;10,40999984741211;299100
2026-08-11;16:45:00;-03:00;10,40999984741211;10,4399995803833;10,399999618530273;10,4399995803833;186300
2026-08-11;16:50:00;-03:00;10,430000305175781;10,449999809265137;10,40999984741211;10,430000305175781;355700
2026-08-12;10:00:00;-03:00;10,479999542236328;10,489999771118164;10,4399995803833;10,449999809265137;0
2026-08-12;10:05:00;-03:00;10,449999809265137;10,449999809265137;10,399999618530273;10,40999984741211;77200
2026-08-12;10:10:00;-03:00;10,40999984741211;10,420000076293945;10,369999885559082;10,390000343322754;195800
2026-08-12;10:15:00;-03:00;10,399999618530273;10,399999618530273;10,369999885559082;10,380000114440918;80500
2026-08-12;10:20:00;-03:00;10,369999885559082;10,390000343322754;10,359999656677246;10,369999885559082;85600
2026-08-12;10:25:00;-03:00;10,369999885559082;10,430000305175781;10,350000381469727;10,369999885559082;230300
2026-08-12;10:30:00;-03:00;10,369999885559082;10,449999809265137;10,369999885559082;10,449999809265137;197200
2026-08-12;10:35:00;-03:00;10,4399995803833;10,460000038146973;10,399999618530273;10,40999984741211;120500
2026-08-12;10:40:00;-03:00;10,420000076293945;10,4399995803833;10,40999984741211;10,430000305175781;92700
2026-08-12;10:45:00;-03:00;10,430000305175781;10,4399995803833;10,399999618530273;10,399999618530273;116100
2026-08-12;10:50:00;-03:00;10,399999618530273;10,420000076293945;10,380000114440918;10,399999618530273;89800
2026-08-12;10:55:00;-03:00;10,399999618530273;10,40999984741211;10,380000114440918;10,380000114440918;146500
2026-08-12;11:00:00;-03:00;10,390000343322754;10,40999984741211;10,369999885559082;10,40999984741211;221400
2026-08-12;11:05:00;-03:00;10,40999984741211;10,40999984741211;10,390000343322754;10,390000343322754;94700
2026-08-12;11:10:00;-03:00;10,399999618530273;10,40999984741211;10,380000114440918;10,390000343322754;91800
2026-08-12;11:15:00;-03:00;10,380000114440918;10,399999618530273;10,369999885559082;10,390000343322754;59700
2026-08-12;11:20:00;-03:00;10,390000343322754;10,40999984741211;10,380000114440918;10,399999618530273;52600
2026-08-12;11:25:00;-03:00;10,40999984741211;10,40999984741211;10,380000114440918;10,390000343322754;95800
2026-08-12;11:30:00;-03:00;10,399999618530273;10,40999984741211;10,380000114440918;10,390000343322754;82200
2026-08-12;11:35:00;-03:00;10,399999618530273;10,399999618530273;10,380000114440918;10,380000114440918;35500
2026-08-12;11:40:00;-03:00;10,390000343322754;10,390000343322754;10,369999885559082;10,390000343322754;104800
2026-08-12;11:45:00;-03:00;10,390000343322754;10,399999618530273;10,369999885559082;10,369999885559082;95100
2026-08-12;11:50:00;-03:00;10,369999885559082;10,390000343322754;10,359999656677246;10,359999656677246;291200
2026-08-12;11:55:00;-03:00;10,369999885559082;10,380000114440918;10,359999656677246;10,369999885559082;35500
2026-08-12;12:00:00;-03:00;10,369999885559082;10,380000114440918;10,359999656677246;10,359999656677246;161500
2026-08-12;12:05:00;-03:00;10,369999885559082;10,380000114440918;10,359999656677246;10,369999885559082;87100
2026-08-12;12:10:00;-03:00;10,369999885559082;10,380000114440918;10,359999656677246;10,359999656677246;165600
2026-08-12;12:15:00;-03:00;10,359999656677246;10,390000343322754;10,350000381469727;10,390000343322754;173000
2026-08-12;12:20:00;-03:00;10,380000114440918;10,390000343322754;10,359999656677246;10,359999656677246;95900
2026-08-12;12:25:00;-03:00;10,369999885559082;10,380000114440918;10,359999656677246;10,369999885559082;114100
2026-08-12;12:30:00;-03:00;10,369999885559082;10,380000114440918;10,350000381469727;10,350000381469727;61200
2026-08-12;12:35:00;-03:00;10,350000381469727;10,359999656677246;10,350000381469727;10,350000381469727;41600
2026-08-12;12:40:00;-03:00;10,359999656677246;10,369999885559082;10,350000381469727;10,369999885559082;93900
2026-08-12;12:45:00;-03:00;10,369999885559082;10,369999885559082;10,359999656677246;10,359999656677246;31200
2026-08-12;12:50:00;-03:00;10,359999656677246;10,369999885559082;10,359999656677246;10,359999656677246;27800
2026-08-12;12:55:00;-03:00;10,369999885559082;10,369999885559082;10,359999656677246;10,359999656677246;33700
2026-08-12;13:00:00;-03:00;10,369999885559082;10,369999885559082;10,359999656677246;10,359999656677246;59700
2026-08-12;13:05:00;-03:00;10,359999656677246;10,369999885559082;10,359999656677246;10,359999656677246;28200
2026-08-12;13:10:00;-03:00;10,359999656677246;10,380000114440918;10,359999656677246;10,369999885559082;116200
2026-08-12;13:15:00;-03:00;10,380000114440918;10,380000114440918;10,369999885559082;10,380000114440918;30400
2026-08-12;13:20:00;-03:00;10,369999885559082;10,399999618530273;10,369999885559082;10,369999885559082;179200
2026-08-12;13:25:00;-03:00;10,369999885559082;10,380000114440918;10,359999656677246;10,359999656677246;59700
2026-08-12;13:30:00;-03:00;10,359999656677246;10,369999885559082;10,359999656677246;10,369999885559082;25400
2026-08-12;13:35:00;-03:00;10,359999656677246;10,369999885559082;10,359999656677246;10,369999885559082;23900
2026-08-12;13:40:00;-03:00;10,359999656677246;10,369999885559082;10,359999656677246;10,369999885559082;35000
2026-08-12;13:45:00;-03:00;10,359999656677246;10,369999885559082;10,359999656677246;10,359999656677246;65400
2026-08-12;13:50:00;-03:00;10,369999885559082;10,369999885559082;10,350000381469727;10,359999656677246;93900
2026-08-12;13:55:00;-03:00;10,369999885559082;10,380000114440918;10,359999656677246;10,369999885559082;149600
2026-08-12;14:00:00;-03:00;10,380000114440918;10,380000114440918;10,369999885559082;10,369999885559082;80800
2026-08-12;14:05:00;-03:00;10,380000114440918;10,380000114440918;10,359999656677246;10,369999885559082;127800
2026-08-12;14:10:00;-03:00;10,369999885559082;10,390000343322754;10,369999885559082;10,380000114440918;138000
2026-08-12;14:15:00;-03:00;10,390000343322754;10,390000343322754;10,369999885559082;10,369999885559082;146200
2026-08-12;14:20:00;-03:00;10,380000114440918;10,390000343322754;10,359999656677246;10,369999885559082;127100
2026-08-12;14:25:00;-03:00;10,380000114440918;10,380000114440918;10,359999656677246;10,369999885559082;117800
2026-08-12;14:30:00;-03:00;10,380000114440918;10,380000114440918;10,359999656677246;10,369999885559082;68800
2026-08-12;14:35:00;-03:00;10,369999885559082;10,369999885559082;10,359999656677246;10,359999656677246;99400
2026-08-12;14:40:00;-03:00;10,369999885559082;10,369999885559082;10,359999656677246;10,359999656677246;103300
2026-08-12;14:45:00;-03:00;10,359999656677246;10,380000114440918;10,359999656677246;10,359999656677246;155400
2026-08-12;14:50:00;-03:00;10,359999656677246;10,369999885559082;10,359999656677246;10,359999656677246;128200
2026-08-12;14:55:00;-03:00;10,369999885559082;10,369999885559082;10,359999656677246;10,359999656677246;138300
2026-08-12;15:00:00;-03:00;10,369999885559082;10,369999885559082;10,350000381469727;10,359999656677246;88400
2026-08-12;15:05:00;-03:00;10,369999885559082;10,369999885559082;10,350000381469727;10,369999885559082;132600
2026-08-12;15:10:00;-03:00;10,369999885559082;10,369999885559082;10,359999656677246;10,359999656677246;63300
2026-08-12;15:15:00;-03:00;10,369999885559082;10,369999885559082;10,350000381469727;10,350000381469727;87400
2026-08-12;15:20:00;-03:00;10,359999656677246;10,369999885559082;10,350000381469727;10,359999656677246;90800
2026-08-12;15:25:00;-03:00;10,369999885559082;10,399999618530273;10,359999656677246;10,380000114440918;780500
2026-08-12;15:30:00;-03:00;10,380000114440918;10,390000343322754;10,359999656677246;10,369999885559082;209300
2026-08-12;15:35:00;-03:00;10,380000114440918;10,380000114440918;10,359999656677246;10,359999656677246;292400
2026-08-12;15:40:00;-03:00;10,369999885559082;10,380000114440918;10,359999656677246;10,369999885559082;116600
2026-08-12;15:45:00;-03:00;10,369999885559082;10,399999618530273;10,369999885559082;10,380000114440918;451300
2026-08-12;15:50:00;-03:00;10,380000114440918;10,399999618530273;10,369999885559082;10,380000114440918;192700
2026-08-12;15:55:00;-03:00;10,369999885559082;10,380000114440918;10,369999885559082;10,369999885559082;150500
2026-08-12;16:00:00;-03:00;10,380000114440918;10,380000114440918;10,359999656677246;10,369999885559082;281200
2026-08-12;16:05:00;-03:00;10,359999656677246;10,369999885559082;10,359999656677246;10,369999885559082;261900
2026-08-12;16:10:00;-03:00;10,359999656677246;10,369999885559082;10,359999656677246;10,369999885559082;105800
2026-08-12;16:15:00;-03:00;10,359999656677246;10,369999885559082;10,350000381469727;10,359999656677246;442000
2026-08-12;16:20:00;-03:00;10,350000381469727;10,359999656677246;10,329999923706055;10,329999923706055;335700
2026-08-12;16:25:00;-03:00;10,34000015258789;10,34000015258789;10,3100004196167;10,319999694824219;559900
2026-08-12;16:30:00;-03:00;10,329999923706055;10,329999923706055;10,3100004196167;10,3100004196167;91200
2026-08-12;16:35:00;-03:00;10,3100004196167;10,329999923706055;10,3100004196167;10,319999694824219;245700
2026-08-12;16:40:00;-03:00;10,329999923706055;10,329999923706055;10,3100004196167;10,319999694824219;156400
2026-08-12;16:45:00;-03:00;10,319999694824219;10,319999694824219;10,289999961853027;10,300000190734863;541700
2026-08-12;16:50:00;-03:00;10,289999961853027;10,319999694824219;10,279999732971191;10,319999694824219;217000
2026-08-12;16:55:00;-03:00;10,279999732971191;10,279999732971191;10,279999732971191;10,279999732971191;0
2026-08-13;10:00:00;-03:00;10,329999923706055;10,329999923706055;10,270000457763672;10,289999961853027;0
2026-08-13;10:05:00;-03:00;10,289999961853027;10,3100004196167;10,279999732971191;10,289999961853027;86300
2026-08-13;10:10:00;-03:00;10,289999961853027;10,289999961853027;10,229999542236328;10,260000228881836;521600
2026-08-13;10:15:00;-03:00;10,25;10,279999732971191;10,210000038146973;10,229999542236328;176700
2026-08-13;10:20:00;-03:00;10,229999542236328;10,279999732971191;10,220000267028809;10,260000228881836;278100
2026-08-13;10:25:00;-03:00;10,260000228881836;10,3100004196167;10,25;10,3100004196167;143600
2026-08-13;10:30:00;-03:00;10,3100004196167;10,34000015258789;10,300000190734863;10,3100004196167;186300
2026-08-13;10:35:00;-03:00;10,319999694824219;10,329999923706055;10,300000190734863;10,319999694824219;135900
2026-08-13;10:40:00;-03:00;10,329999923706055;10,329999923706055;10,3100004196167;10,329999923706055;173400
2026-08-13;10:45:00;-03:00;10,329999923706055;10,329999923706055;10,300000190734863;10,3100004196167;151300
2026-08-13;10:50:00;-03:00;10,319999694824219;10,319999694824219;10,289999961853027;10,319999694824219;148800
2026-08-13;10:55:00;-03:00;10,319999694824219;10,319999694824219;10,279999732971191;10,289999961853027;142800
2026-08-13;11:00:00;-03:00;10,289999961853027;10,300000190734863;10,270000457763672;10,279999732971191;122200
2026-08-13;11:05:00;-03:00;10,289999961853027;10,300000190734863;10,270000457763672;10,279999732971191;129000
2026-08-13;11:10:00;-03:00;10,289999961853027;10,289999961853027;10,260000228881836;10,279999732971191;113000
2026-08-13;11:15:00;-03:00;10,279999732971191;10,279999732971191;10,229999542236328;10,270000457763672;374100
2026-08-13;11:20:00;-03:00;10,270000457763672;10,270000457763672;10,25;10,260000228881836;81400
2026-08-13;11:25:00;-03:00;10,260000228881836;10,270000457763672;10,25;10,260000228881836;134400
2026-08-13;11:30:00;-03:00;10,260000228881836;10,279999732971191;10,25;10,260000228881836;133300
2026-08-13;11:35:00;-03:00;10,260000228881836;10,260000228881836;10,25;10,25;64800
2026-08-13;11:40:00;-03:00;10,260000228881836;10,270000457763672;10,25;10,260000228881836;266300
2026-08-13;11:45:00;-03:00;10,25;10,260000228881836;10,25;10,260000228881836;76400
2026-08-13;11:50:00;-03:00;10,25;10,279999732971191;10,25;10,260000228881836;90800
2026-08-13;11:55:00;-03:00;10,270000457763672;10,270000457763672;10,239999771118164;10,25;123200
2026-08-13;12:00:00;-03:00;10,239999771118164;10,25;10,239999771118164;10,25;54100
2026-08-13;12:05:00;-03:00;10,25;10,25;10,229999542236328;10,239999771118164;78800
2026-08-13;12:10:00;-03:00;10,239999771118164;10,239999771118164;10,220000267028809;10,239999771118164;89200
2026-08-13;12:15:00;-03:00;10,229999542236328;10,25;10,220000267028809;10,239999771118164;191800
2026-08-13;12:20:00;-03:00;10,229999542236328;10,239999771118164;10,220000267028809;10,220000267028809;63100
2026-08-13;12:25:00;-03:00;10,229999542236328;10,239999771118164;10,220000267028809;10,239999771118164;67700
2026-08-13;12:30:00;-03:00;10,229999542236328;10,239999771118164;10,220000267028809;10,229999542236328;66600
2026-08-13;12:35:00;-03:00;10,229999542236328;10,25;10,220000267028809;10,25;104100
2026-08-13;12:40:00;-03:00;10,239999771118164;10,25;10,239999771118164;10,25;40000
2026-08-13;12:45:00;-03:00;10,25;10,25;10,229999542236328;10,229999542236328;78700
2026-08-13;12:50:00;-03:00;10,239999771118164;10,239999771118164;10,229999542236328;10,239999771118164;56100
2026-08-13;12:55:00;-03:00;10,229999542236328;10,260000228881836;10,229999542236328;10,260000228881836;116100
2026-08-13;13:00:00;-03:00;10,25;10,260000228881836;10,229999542236328;10,25;123200
2026-08-13;13:05:00;-03:00;10,229999542236328;10,25;10,229999542236328;10,229999542236328;51500
2026-08-13;13:10:00;-03:00;10,229999542236328;10,260000228881836;10,229999542236328;10,25;108500
2026-08-13;13:15:00;-03:00;10,25;10,260000228881836;10,239999771118164;10,239999771118164;69600
2026-08-13;13:20:00;-03:00;10,229999542236328;10,25;10,229999542236328;10,25;81500
2026-08-13;13:25:00;-03:00;10,25;10,260000228881836;10,239999771118164;10,25;66400
2026-08-13;13:30:00;-03:00;10,25;10,279999732971191;10,25;10,270000457763672;209200
2026-08-13;13:35:00;-03:00;10,270000457763672;10,270000457763672;10,229999542236328;10,229999542236328;131800
2026-08-13;13:40:00;-03:00;10,229999542236328;10,25;10,229999542236328;10,239999771118164;126200
2026-08-13;13:45:00;-03:00;10,239999771118164;10,25;10,239999771118164;10,239999771118164;56200
2026-08-13;13:50:00;-03:00;10,239999771118164;10,260000228881836;10,239999771118164;10,25;122200
2026-08-13;13:55:00;-03:00;10,25;10,270000457763672;10,239999771118164;10,270000457763672;161300
2026-08-13;14:00:00;-03:00;10,270000457763672;10,279999732971191;10,25;10,25;76000
2026-08-13;14:05:00;-03:00;10,25;10,270000457763672;10,25;10,270000457763672;87600
2026-08-13;14:10:00;-03:00;10,270000457763672;10,270000457763672;10,260000228881836;10,270000457763672;55200
2026-08-13;14:15:00;-03:00;10,260000228881836;10,270000457763672;10,260000228881836;10,260000228881836;74000
2026-08-13;14:20:00;-03:00;10,270000457763672;10,279999732971191;10,260000228881836;10,270000457763672;166900
2026-08-13;14:25:00;-03:00;10,270000457763672;10,279999732971191;10,270000457763672;10,270000457763672;82000
2026-08-13;14:30:00;-03:00;10,270000457763672;10,279999732971191;10,260000228881836;10,260000228881836;134900
2026-08-13;14:35:00;-03:00;10,260000228881836;10,270000457763672;10,260000228881836;10,270000457763672;79800
2026-08-13;14:40:00;-03:00;10,270000457763672;10,270000457763672;10,260000228881836;10,260000228881836;106100
2026-08-13;14:45:00;-03:00;10,270000457763672;10,289999961853027;10,260000228881836;10,279999732971191;90000
2026-08-13;14:50:00;-03:00;10,270000457763672;10,279999732971191;10,260000228881836;10,270000457763672;123700
2026-08-13;14:55:00;-03:00;10,270000457763672;10,279999732971191;10,260000228881836;10,270000457763672;105300
2026-08-13;15:00:00;-03:00;10,279999732971191;10,279999732971191;10,260000228881836;10,260000228881836;100700
2026-08-13;15:05:00;-03:00;10,260000228881836;10,279999732971191;10,260000228881836;10,279999732971191;114500
2026-08-13;15:10:00;-03:00;10,279999732971191;10,289999961853027;10,270000457763672;10,279999732971191;143600
2026-08-13;15:15:00;-03:00;10,289999961853027;10,300000190734863;10,279999732971191;10,300000190734863;225600
2026-08-13;15:20:00;-03:00;10,300000190734863;10,300000190734863;10,279999732971191;10,279999732971191;211300
2026-08-13;15:25:00;-03:00;10,279999732971191;10,289999961853027;10,270000457763672;10,270000457763672;190900
2026-08-13;15:30:00;-03:00;10,270000457763672;10,319999694824219;10,270000457763672;10,3100004196167;608300
2026-08-13;15:35:00;-03:00;10,3100004196167;10,3100004196167;10,279999732971191;10,289999961853027;202800
2026-08-13;15:40:00;-03:00;10,300000190734863;10,300000190734863;10,279999732971191;10,279999732971191;275100
2026-08-13;15:45:00;-03:00;10,279999732971191;10,289999961853027;10,279999732971191;10,289999961853027;136900
2026-08-13;15:50:00;-03:00;10,289999961853027;10,289999961853027;10,279999732971191;10,289999961853027;162300
2026-08-13;15:55:00;-03:00;10,279999732971191;10,289999961853027;10,270000457763672;10,279999732971191;421800
2026-08-13;16:00:00;-03:00;10,270000457763672;10,279999732971191;10,260000228881836;10,260000228881836;176100
2026-08-13;16:05:00;-03:00;10,260000228881836;10,270000457763672;10,260000228881836;10,260000228881836;110200
2026-08-13;16:10:00;-03:00;10,260000228881836;10,279999732971191;10,25;10,270000457763672;338600
2026-08-13;16:15:00;-03:00;10,270000457763672;10,289999961853027;10,270000457763672;10,279999732971191;158500
2026-08-13;16:20:00;-03:00;10,279999732971191;10,289999961853027;10,270000457763672;10,270000457763672;204500
2026-08-13;16:25:00;-03:00;10,270000457763672;10,289999961853027;10,270000457763672;10,289999961853027;188700
2026-08-13;16:30:00;-03:00;10,279999732971191;10,289999961853027;10,260000228881836;10,260000228881836;265100
2026-08-13;16:35:00;-03:00;10,260000228881836;10,279999732971191;10,260000228881836;10,270000457763672;398000
2026-08-13;16:40:00;-03:00;10,279999732971191;10,289999961853027;10,270000457763672;10,270000457763672;282700
2026-08-13;16:45:00;-03:00;10,279999732971191;10,279999732971191;10,260000228881836;10,279999732971191;268800
2026-08-13;16:50:00;-03:00;10,279999732971191;10,289999961853027;10,260000228881836;10,289999961853027;303800
2026-08-14;10:00:00;-03:00;10,430000305175781;10,5;10,40999984741211;10,420000076293945;0
2026-08-14;10:05:00;-03:00;10,430000305175781;10,640000343322754;10,430000305175781;10,600000381469727;814100
2026-08-14;10:10:00;-03:00;10,600000381469727;10,609999656677246;10,520000457763672;10,529999732971191;669000
2026-08-14;10:15:00;-03:00;10,529999732971191;10,59000015258789;10,510000228881836;10,569999694824219;563300
2026-08-14;10:20:00;-03:00;10,5600004196167;10,600000381469727;10,539999961853027;10,59000015258789;245300
2026-08-14;10:25:00;-03:00;10,59000015258789;10,609999656677246;10,539999961853027;10,550000190734863;538700
2026-08-14;10:30:00;-03:00;10,550000190734863;10,550000190734863;10,510000228881836;10,529999732971191;1204600
2026-08-14;10:35:00;-03:00;10,520000457763672;10,520000457763672;10,460000038146973;10,460000038146973;444500
2026-08-14;10:40:00;-03:00;10,470000267028809;10,470000267028809;10,430000305175781;10,460000038146973;562500
2026-08-14;10:45:00;-03:00;10,470000267028809;10,510000228881836;10,460000038146973;10,489999771118164;720400
2026-08-14;10:50:00;-03:00;10,479999542236328;10,520000457763672;10,470000267028809;10,489999771118164;314400
2026-08-14;10:55:00;-03:00;10,479999542236328;10,510000228881836;10,4399995803833;10,5;439300
2026-08-14;11:00:00;-03:00;10,5;10,510000228881836;10,40999984741211;10,40999984741211;382200
2026-08-14;11:05:00;-03:00;10,40999984741211;10,420000076293945;10,369999885559082;10,380000114440918;502900
2026-08-14;11:10:00;-03:00;10,369999885559082;10,380000114440918;10,3100004196167;10,319999694824219;447200
2026-08-14;11:15:00;-03:00;10,3100004196167;10,3100004196167;10,279999732971191;10,289999961853027;289200
2026-08-14;11:20:00;-03:00;10,289999961853027;10,34000015258789;10,289999961853027;10,34000015258789;138400
2026-08-14;11:25:00;-03:00;10,329999923706055;10,34000015258789;10,3100004196167;10,329999923706055;143000
2026-08-14;11:30:00;-03:00;10,329999923706055;10,34000015258789;10,260000228881836;10,260000228881836;546400
2026-08-14;11:35:00;-03:00;10,270000457763672;10,279999732971191;10,25;10,270000457763672;132700
2026-08-14;11:40:00;-03:00;10,260000228881836;10,300000190734863;10,25;10,300000190734863;304700
2026-08-14;11:45:00;-03:00;10,300000190734863;10,300000190734863;10,279999732971191;10,300000190734863;139200
2026-08-14;11:50:00;-03:00;10,289999961853027;10,300000190734863;10,279999732971191;10,279999732971191;97700
2026-08-14;11:55:00;-03:00;10,289999961853027;10,300000190734863;10,270000457763672;10,279999732971191;86700
2026-08-14;12:00:00;-03:00;10,270000457763672;10,300000190734863;10,270000457763672;10,300000190734863;67700
2026-08-14;12:05:00;-03:00;10,300000190734863;10,300000190734863;10,270000457763672;10,270000457763672;190300
2026-08-14;12:10:00;-03:00;10,270000457763672;10,300000190734863;10,260000228881836;10,279999732971191;111600
2026-08-14;12:15:00;-03:00;10,270000457763672;10,279999732971191;10,260000228881836;10,270000457763672;156800
2026-08-14;12:20:00;-03:00;10,260000228881836;10,279999732971191;10,260000228881836;10,270000457763672;87700
2026-08-14;12:25:00;-03:00;10,270000457763672;10,270000457763672;10,239999771118164;10,25;103700
2026-08-14;12:30:00;-03:00;10,25;10,25;10,239999771118164;10,25;148600
2026-08-14;12:35:00;-03:00;10,25;10,260000228881836;10,239999771118164;10,25;143000
2026-08-14;12:40:00;-03:00;10,25;10,25;10,199999809265137;10,199999809265137;976500
2026-08-14;12:45:00;-03:00;10,1899995803833;10,199999809265137;10,1899995803833;10,1899995803833;139000
2026-08-14;12:50:00;-03:00;10,199999809265137;10,210000038146973;10,1899995803833;10,210000038146973;264900
2026-08-14;12:55:00;-03:00;10,210000038146973;10,210000038146973;10,170000076293945;10,180000305175781;250900
2026-08-14;13:00:00;-03:00;10,180000305175781;10,180000305175781;10,15999984741211;10,15999984741211;164800
2026-08-14;13:05:00;-03:00;10,170000076293945;10,180000305175781;10,15999984741211;10,15999984741211;239200
2026-08-14;13:10:00;-03:00;10,180000305175781;10,199999809265137;10,170000076293945;10,1899995803833;239300
2026-08-14;13:15:00;-03:00;10,199999809265137;10,199999809265137;10,170000076293945;10,199999809265137;232800
2026-08-14;13:20:00;-03:00;10,1899995803833;10,220000267028809;10,180000305175781;10,210000038146973;186200
2026-08-14;13:25:00;-03:00;10,210000038146973;10,220000267028809;10,199999809265137;10,220000267028809;138200
2026-08-14;13:30:00;-03:00;10,220000267028809;10,220000267028809;10,210000038146973;10,210000038146973;72100
2026-08-14;13:35:00;-03:00;10,220000267028809;10,229999542236328;10,1899995803833;10,210000038146973;461300
2026-08-14;13:40:00;-03:00;10,210000038146973;10,220000267028809;10,210000038146973;10,210000038146973;67600
2026-08-14;13:45:00;-03:00;10,210000038146973;10,239999771118164;10,210000038146973;10,229999542236328;134700
2026-08-14;13:50:00;-03:00;10,220000267028809;10,229999542236328;10,210000038146973;10,220000267028809;93100
2026-08-14;13:55:00;-03:00;10,220000267028809;10,220000267028809;10,210000038146973;10,210000038146973;122800
2026-08-14;14:00:00;-03:00;10,210000038146973;10,210000038146973;10,199999809265137;10,199999809265137;117200
2026-08-14;14:05:00;-03:00;10,210000038146973;10,220000267028809;10,199999809265137;10,210000038146973;112300
2026-08-14;14:10:00;-03:00;10,210000038146973;10,220000267028809;10,199999809265137;10,220000267028809;166200
2026-08-14;14:15:00;-03:00;10,210000038146973;10,220000267028809;10,199999809265137;10,210000038146973;58300
2026-08-14;14:20:00;-03:00;10,199999809265137;10,210000038146973;10,1899995803833;10,1899995803833;91900
2026-08-14;14:25:00;-03:00;10,199999809265137;10,199999809265137;10,180000305175781;10,180000305175781;177800
2026-08-14;14:30:00;-03:00;10,180000305175781;10,199999809265137;10,180000305175781;10,1899995803833;170900
2026-08-14;14:35:00;-03:00;10,199999809265137;10,210000038146973;10,180000305175781;10,199999809265137;141300
2026-08-14;14:40:00;-03:00;10,1899995803833;10,210000038146973;10,1899995803833;10,1899995803833;117200
2026-08-14;14:45:00;-03:00;10,1899995803833;10,199999809265137;10,180000305175781;10,1899995803833;107100
2026-08-14;14:50:00;-03:00;10,180000305175781;10,210000038146973;10,170000076293945;10,199999809265137;185300
2026-08-14;14:55:00;-03:00;10,199999809265137;10,229999542236328;10,1899995803833;10,229999542236328;405800
2026-08-14;15:00:00;-03:00;10,220000267028809;10,239999771118164;10,220000267028809;10,220000267028809;88600
2026-08-14;15:05:00;-03:00;10,220000267028809;10,260000228881836;10,220000267028809;10,25;221600
2026-08-14;15:10:00;-03:00;10,239999771118164;10,300000190734863;10,239999771118164;10,279999732971191;487700
2026-08-14;15:15:00;-03:00;10,289999961853027;10,300000190734863;10,279999732971191;10,289999961853027;96500
2026-08-14;15:20:00;-03:00;10,279999732971191;10,300000190734863;10,279999732971191;10,300000190734863;116800
2026-08-14;15:25:00;-03:00;10,289999961853027;10,300000190734863;10,279999732971191;10,279999732971191;171200
2026-08-14;15:30:00;-03:00;10,289999961853027;10,300000190734863;10,279999732971191;10,289999961853027;160500
2026-08-14;15:35:00;-03:00;10,289999961853027;10,300000190734863;10,279999732971191;10,300000190734863;107500
2026-08-14;15:40:00;-03:00;10,289999961853027;10,300000190734863;10,279999732971191;10,279999732971191;154700
2026-08-14;15:45:00;-03:00;10,289999961853027;10,300000190734863;10,279999732971191;10,300000190734863;278200
2026-08-14;15:50:00;-03:00;10,279999732971191;10,300000190734863;10,220000267028809;10,220000267028809;441600
2026-08-14;15:55:00;-03:00;10,220000267028809;10,239999771118164;10,1899995803833;10,1899995803833;523600
2026-08-14;16:00:00;-03:00;10,210000038146973;10,210000038146973;10,180000305175781;10,1899995803833;268400
2026-08-14;16:05:00;-03:00;10,1899995803833;10,210000038146973;10,180000305175781;10,210000038146973;341500
2026-08-14;16:10:00;-03:00;10,210000038146973;10,220000267028809;10,180000305175781;10,180000305175781;580400
2026-08-14;16:15:00;-03:00;10,180000305175781;10,1899995803833;10,180000305175781;10,180000305175781;136500
2026-08-14;16:20:00;-03:00;10,1899995803833;10,1899995803833;10,180000305175781;10,1899995803833;650600
2026-08-14;16:25:00;-03:00;10,1899995803833;10,220000267028809;10,180000305175781;10,220000267028809;914100
2026-08-14;16:30:00;-03:00;10,220000267028809;10,229999542236328;10,210000038146973;10,220000267028809;242400
2026-08-14;16:35:00;-03:00;10,210000038146973;10,229999542236328;10,210000038146973;10,220000267028809;169300
2026-08-14;16:40:00;-03:00;10,220000267028809;10,220000267028809;10,199999809265137;10,210000038146973;315300
2026-08-14;16:45:00;-03:00;10,199999809265137;10,239999771118164;10,199999809265137;10,239999771118164;547600
2026-08-14;16:50:00;-03:00;10,229999542236328;10,260000228881836;10,220000267028809;10,239999771118164;495700
2026-08-17;10:05:00;-03:00;10,25;10,270000457763672;10,229999542236328;10,270000457763672;42100
2026-08-17;10:10:00;-03:00;10,270000457763672;10,270000457763672;10,180000305175781;10,1899995803833;179500
2026-08-17;10:15:00;-03:00;10,180000305175781;10,229999542236328;10,170000076293945;10,229999542236328;186400
2026-08-17;10:20:00;-03:00;10,229999542236328;10,25;10,210000038146973;10,229999542236328;144200
2026-08-17;10:25:00;-03:00;10,220000267028809;10,229999542236328;10,1899995803833;10,1899995803833;121700
2026-08-17;10:30:00;-03:00;10,210000038146973;10,210000038146973;10,09000015258789;10,100000381469727;651800
2026-08-17;10:35:00;-03:00;10,100000381469727;10,100000381469727;10,079999923706055;10,09000015258789;271800
2026-08-17;10:40:00;-03:00;10,09000015258789;10,100000381469727;10,069999694824219;10,079999923706055;535500
2026-08-17;10:45:00;-03:00;10,069999694824219;10,100000381469727;10,0600004196167;10,069999694824219;251600
2026-08-17;10:50:00;-03:00;10,069999694824219;10,069999694824219;10,039999961853027;10,050000190734863;202600
2026-08-17;10:55:00;-03:00;10,0600004196167;10,069999694824219;10,050000190734863;10,050000190734863;145100
2026-08-17;11:00:00;-03:00;10,0600004196167;10,130000114440918;10,050000190734863;10,109999656677246;327200
2026-08-17;11:05:00;-03:00;10,119999885559082;10,119999885559082;10,069999694824219;10,079999923706055;134600
2026-08-17;11:10:00;-03:00;10,069999694824219;10,079999923706055;10,0600004196167;10,079999923706055;124500
2026-08-17;11:15:00;-03:00;10,069999694824219;10,079999923706055;10,050000190734863;10,0600004196167;121800
2026-08-17;11:20:00;-03:00;10,0600004196167;10,079999923706055;10,0600004196167;10,069999694824219;90300
2026-08-17;11:25:00;-03:00;10,069999694824219;10,079999923706055;10,029999732971191;10,029999732971191;714900
2026-08-17;11:30:00;-03:00;10,029999732971191;10,069999694824219;10,029999732971191;10,039999961853027;380600
2026-08-17;11:35:00;-03:00;10,039999961853027;10,039999961853027;10,010000228881836;10,010000228881836;274000
2026-08-17;11:40:00;-03:00;10,010000228881836;10,050000190734863;10,010000228881836;10,029999732971191;230800
2026-08-17;11:45:00;-03:00;10,039999961853027;10,050000190734863;10,029999732971191;10,039999961853027;69100
2026-08-17;11:50:00;-03:00;10,039999961853027;10,050000190734863;10,020000457763672;10,039999961853027;276400
2026-08-17;11:55:00;-03:00;10,029999732971191;10,039999961853027;10,029999732971191;10,039999961853027;121700
2026-08-17;12:00:00;-03:00;10,029999732971191;10,029999732971191;10,020000457763672;10,029999732971191;140600
2026-08-17;12:05:00;-03:00;10,020000457763672;10,029999732971191;10,010000228881836;10,020000457763672;141900
2026-08-17;12:10:00;-03:00;10,020000457763672;10,039999961853027;10,010000228881836;10,029999732971191;403200
2026-08-17;12:15:00;-03:00;10,029999732971191;10,039999961853027;10,010000228881836;10,010000228881836;255700
2026-08-17;12:20:00;-03:00;10,010000228881836;10,029999732971191;10,010000228881836;10,020000457763672;60200
2026-08-17;12:25:00;-03:00;10,020000457763672;10,050000190734863;10,020000457763672;10,039999961853027;148700
2026-08-17;12:30:00;-03:00;10,050000190734863;10,0600004196167;10,029999732971191;10,0600004196167;505800
2026-08-17;12:35:00;-03:00;10,050000190734863;10,069999694824219;10,050000190734863;10,050000190734863;43700
2026-08-17;12:40:00;-03:00;10,050000190734863;10,0600004196167;10,050000190734863;10,0600004196167;62000
2026-08-17;12:45:00;-03:00;10,0600004196167;10,079999923706055;10,050000190734863;10,0600004196167;275800
2026-08-17;12:50:00;-03:00;10,069999694824219;10,069999694824219;10,039999961853027;10,050000190734863;257200
2026-08-17;12:55:00;-03:00;10,050000190734863;10,0600004196167;10,050000190734863;10,050000190734863;56500
2026-08-17;13:00:00;-03:00;10,0600004196167;10,069999694824219;10,050000190734863;10,0600004196167;124000
2026-08-17;13:05:00;-03:00;10,069999694824219;10,079999923706055;10,0600004196167;10,069999694824219;55500
2026-08-17;13:10:00;-03:00;10,079999923706055;10,09000015258789;10,069999694824219;10,079999923706055;69300
2026-08-17;13:15:00;-03:00;10,079999923706055;10,09000015258789;10,079999923706055;10,079999923706055;79300
2026-08-17;13:20:00;-03:00;10,09000015258789;10,09000015258789;10,0600004196167;10,069999694824219;214300
2026-08-17;13:25:00;-03:00;10,0600004196167;10,130000114440918;10,0600004196167;10,109999656677246;531000
2026-08-17;13:30:00;-03:00;10,109999656677246;10,1899995803833;10,100000381469727;10,170000076293945;1949100
2026-08-17;13:35:00;-03:00;10,170000076293945;10,199999809265137;10,149999618530273;10,180000305175781;294500
2026-08-17;13:40:00;-03:00;10,1899995803833;10,1899995803833;10,15999984741211;10,170000076293945;259600
2026-08-17;13:45:00;-03:00;10,170000076293945;10,180000305175781;10,15999984741211;10,170000076293945;62100
2026-08-17;13:50:00;-03:00;10,180000305175781;10,180000305175781;10,15999984741211;10,15999984741211;105800
2026-08-17;13:55:00;-03:00;10,15999984741211;10,180000305175781;10,15999984741211;10,170000076293945;65600
2026-08-17;14:00:00;-03:00;10,170000076293945;10,180000305175781;10,170000076293945;10,170000076293945;58900
2026-08-17;14:05:00;-03:00;10,170000076293945;10,199999809265137;10,170000076293945;10,199999809265137;230000
2026-08-17;14:10:00;-03:00;10,199999809265137;10,229999542236328;10,1899995803833;10,220000267028809;269300
2026-08-17;14:15:00;-03:00;10,229999542236328;10,229999542236328;10,210000038146973;10,220000267028809;110800
2026-08-17;14:20:00;-03:00;10,210000038146973;10,220000267028809;10,210000038146973;10,210000038146973;69600
2026-08-17;14:25:00;-03:00;10,210000038146973;10,220000267028809;10,1899995803833;10,1899995803833;215600
2026-08-17;14:30:00;-03:00;10,1899995803833;10,199999809265137;10,170000076293945;10,180000305175781;694600
2026-08-17;14:35:00;-03:00;10,180000305175781;10,1899995803833;10,140000343322754;10,149999618530273;182600
2026-08-17;14:40:00;-03:00;10,149999618530273;10,15999984741211;10,149999618530273;10,149999618530273;143800
2026-08-17;14:45:00;-03:00;10,149999618530273;10,180000305175781;10,149999618530273;10,180000305175781;103100
2026-08-17;14:50:00;-03:00;10,170000076293945;10,1899995803833;10,170000076293945;10,170000076293945;146700
2026-08-17;14:55:00;-03:00;10,180000305175781;10,1899995803833;10,15999984741211;10,15999984741211;524900
2026-08-17;15:00:00;-03:00;10,15999984741211;10,170000076293945;10,15999984741211;10,170000076293945;33200
2026-08-17;15:05:00;-03:00;10,170000076293945;10,170000076293945;10,149999618530273;10,15999984741211;98800
2026-08-17;15:10:00;-03:00;10,149999618530273;10,15999984741211;10,149999618530273;10,149999618530273;7609600
2026-08-17;15:15:00;-03:00;10,15999984741211;10,1899995803833;10,149999618530273;10,170000076293945;149900
2026-08-17;15:20:00;-03:00;10,180000305175781;10,180000305175781;10,170000076293945;10,170000076293945;1092100
2026-08-17;15:25:00;-03:00;10,170000076293945;10,180000305175781;10,170000076293945;10,170000076293945;55200
2026-08-17;15:30:00;-03:00;10,180000305175781;10,180000305175781;10,15999984741211;10,170000076293945;133400
2026-08-17;15:35:00;-03:00;10,15999984741211;10,180000305175781;10,130000114440918;10,149999618530273;2179300
2026-08-17;15:40:00;-03:00;10,140000343322754;10,149999618530273;10,140000343322754;10,140000343322754;42100
2026-08-17;15:45:00;-03:00;10,149999618530273;10,15999984741211;10,140000343322754;10,15999984741211;112000
2026-08-17;15:50:00;-03:00;10,15999984741211;10,180000305175781;10,149999618530273;10,180000305175781;131900
2026-08-17;15:55:00;-03:00;10,170000076293945;10,180000305175781;10,170000076293945;10,170000076293945;63900
2026-08-17;16:00:00;-03:00;10,170000076293945;10,180000305175781;10,149999618530273;10,149999618530273;185800
2026-08-17;16:05:00;-03:00;10,149999618530273;10,15999984741211;10,149999618530273;10,149999618530273;59700
2026-08-17;16:10:00;-03:00;10,149999618530273;10,15999984741211;10,149999618530273;10,15999984741211;57900
2026-08-17;16:15:00;-03:00;10,15999984741211;10,170000076293945;10,149999618530273;10,170000076293945;117400
2026-08-17;16:20:00;-03:00;10,15999984741211;10,170000076293945;10,149999618530273;10,149999618530273;225600
2026-08-17;16:25:00;-03:00;10,149999618530273;10,170000076293945;10,149999618530273;10,149999618530273;299700
2026-08-17;16:30:00;-03:00;10,149999618530273;10,15999984741211;10,149999618530273;10,15999984741211;56600
2026-08-17;16:35:00;-03:00;10,15999984741211;10,210000038146973;10,149999618530273;10,1899995803833;1576500
2026-08-17;16:40:00;-03:00;10,1899995803833;10,220000267028809;10,1899995803833;10,1899995803833;539100
2026-08-17;16:45:00;-03:00;10,1899995803833;10,210000038146973;10,1899995803833;10,199999809265137;238700
2026-08-17;16:50:00;-03:00;10,199999809265137;10,220000267028809;10,1899995803833;10,220000267028809;179800
2026-08-18;10:00:00;-03:00;10,229999542236328;10,260000228881836;10,199999809265137;10,229999542236328;0
2026-08-18;10:05:00;-03:00;10,229999542236328;10,229999542236328;10,199999809265137;10,210000038146973;20500
2026-08-18;10:10:00;-03:00;10,210000038146973;10,220000267028809;10,199999809265137;10,210000038146973;23800
2026-08-18;10:15:00;-03:00;10,210000038146973;10,229999542236328;10,199999809265137;10,210000038146973;36100
2026-08-18;10:20:00;-03:00;10,210000038146973;10,220000267028809;10,1899995803833;10,220000267028809;73500
2026-08-18;10:25:00;-03:00;10,220000267028809;10,239999771118164;10,199999809265137;10,239999771118164;77400
2026-08-18;10:30:00;-03:00;10,220000267028809;10,260000228881836;10,210000038146973;10,260000228881836;81000
2026-08-18;10:35:00;-03:00;10,239999771118164;10,270000457763672;10,239999771118164;10,25;118000
2026-08-18;10:40:00;-03:00;10,270000457763672;10,289999961853027;10,260000228881836;10,279999732971191;141600
2026-08-18;10:45:00;-03:00;10,289999961853027;10,3100004196167;10,270000457763672;10,300000190734863;101300
2026-08-18;10:50:00;-03:00;10,300000190734863;10,3100004196167;10,279999732971191;10,300000190734863;58100
2026-08-18;10:55:00;-03:00;10,300000190734863;10,329999923706055;10,289999961853027;10,329999923706055;286900
2026-08-18;11:00:00;-03:00;10,329999923706055;10,350000381469727;10,260000228881836;10,260000228881836;568500
2026-08-18;11:05:00;-03:00;10,260000228881836;10,270000457763672;10,25;10,260000228881836;74800
2026-08-18;11:10:00;-03:00;10,270000457763672;10,270000457763672;10,25;10,260000228881836;66400
2026-08-18;11:15:00;-03:00;10,260000228881836;10,260000228881836;10,220000267028809;10,229999542236328;290300
2026-08-18;11:20:00;-03:00;10,229999542236328;10,239999771118164;10,199999809265137;10,199999809265137;122300
2026-08-18;11:25:00;-03:00;10,210000038146973;10,220000267028809;10,1899995803833;10,210000038146973;385000
2026-08-18;11:30:00;-03:00;10,210000038146973;10,220000267028809;10,199999809265137;10,210000038146973;58400
2026-08-18;11:35:00;-03:00;10,220000267028809;10,220000267028809;10,199999809265137;10,210000038146973;129000
2026-08-18;11:40:00;-03:00;10,210000038146973;10,229999542236328;10,210000038146973;10,220000267028809;52400
2026-08-18;11:45:00;-03:00;10,210000038146973;10,239999771118164;10,210000038146973;10,229999542236328;79900
2026-08-18;11:50:00;-03:00;10,229999542236328;10,239999771118164;10,199999809265137;10,199999809265137;93700
2026-08-18;11:55:00;-03:00;10,199999809265137;10,210000038146973;10,1899995803833;10,199999809265137;92300
2026-08-18;12:00:00;-03:00;10,1899995803833;10,210000038146973;10,1899995803833;10,1899995803833;79700
2026-08-18;12:05:00;-03:00;10,1899995803833;10,210000038146973;10,1899995803833;10,1899995803833;58900
2026-08-18;12:10:00;-03:00;10,1899995803833;10,210000038146973;10,180000305175781;10,1899995803833;105600
2026-08-18;12:15:00;-03:00;10,1899995803833;10,1899995803833;10,180000305175781;10,1899995803833;80700
2026-08-18;12:20:00;-03:00;10,180000305175781;10,1899995803833;10,170000076293945;10,170000076293945;198600
2026-08-18;12:25:00;-03:00;10,15999984741211;10,170000076293945;10,15999984741211;10,170000076293945;22600
2026-08-18;12:30:00;-03:00;10,170000076293945;10,170000076293945;10,15999984741211;10,170000076293945;24100
2026-08-18;12:35:00;-03:00;10,15999984741211;10,170000076293945;10,149999618530273;10,15999984741211;289200
2026-08-18;12:40:00;-03:00;10,15999984741211;10,170000076293945;10,140000343322754;10,140000343322754;1161500
2026-08-18;12:45:00;-03:00;10,149999618530273;10,149999618530273;10,119999885559082;10,130000114440918;130400
2026-08-18;12:50:00;-03:00;10,130000114440918;10,130000114440918;10,109999656677246;10,119999885559082;48100
2026-08-18;12:55:00;-03:00;10,119999885559082;10,130000114440918;10,109999656677246;10,119999885559082;77200
2026-08-18;13:00:00;-03:00;10,119999885559082;10,130000114440918;10,109999656677246;10,109999656677246;33600
2026-08-18;13:05:00;-03:00;10,119999885559082;10,119999885559082;10,100000381469727;10,109999656677246;103600
2026-08-18;13:10:00;-03:00;10,100000381469727;10,119999885559082;10,100000381469727;10,119999885559082;45500
2026-08-18;13:15:00;-03:00;10,109999656677246;10,119999885559082;10,109999656677246;10,119999885559082;32400
2026-08-18;13:20:00;-03:00;10,119999885559082;10,119999885559082;10,109999656677246;10,119999885559082;35000
2026-08-18;13:25:00;-03:00;10,119999885559082;10,119999885559082;10,109999656677246;10,119999885559082;34600
2026-08-18;13:30:00;-03:00;10,119999885559082;10,119999885559082;10,100000381469727;10,100000381469727;47900
2026-08-18;13:35:00;-03:00;10,100000381469727;10,109999656677246;10,100000381469727;10,100000381469727;47200
2026-08-18;13:40:00;-03:00;10,109999656677246;10,109999656677246;10,100000381469727;10,109999656677246;118400
2026-08-18;13:45:00;-03:00;10,100000381469727;10,109999656677246;10,09000015258789;10,109999656677246;82900
2026-08-18;13:50:00;-03:00;10,109999656677246;10,119999885559082;10,100000381469727;10,119999885559082;44700
2026-08-18;13:55:00;-03:00;10,109999656677246;10,119999885559082;10,100000381469727;10,109999656677246;44600
2026-08-18;14:00:00;-03:00;10,109999656677246;10,130000114440918;10,109999656677246;10,119999885559082;35300
2026-08-18;14:05:00;-03:00;10,119999885559082;10,130000114440918;10,109999656677246;10,130000114440918;69200
2026-08-18;14:10:00;-03:00;10,130000114440918;10,140000343322754;10,119999885559082;10,130000114440918;90600
2026-08-18;14:15:00;-03:00;10,119999885559082;10,130000114440918;10,119999885559082;10,130000114440918;32500
2026-08-18;14:20:00;-03:00;10,130000114440918;10,140000343322754;10,119999885559082;10,119999885559082;78600
2026-08-18;14:25:00;-03:00;10,130000114440918;10,130000114440918;10,109999656677246;10,130000114440918;68700
2026-08-18;14:30:00;-03:00;10,119999885559082;10,140000343322754;10,119999885559082;10,140000343322754;40900
2026-08-18;14:35:00;-03:00;10,140000343322754;10,140000343322754;10,109999656677246;10,130000114440918;131700
2026-08-18;14:40:00;-03:00;10,130000114440918;10,130000114440918;10,119999885559082;10,119999885559082;12600
2026-08-18;14:45:00;-03:00;10,130000114440918;10,140000343322754;10,119999885559082;10,140000343322754;63100
2026-08-18;14:50:00;-03:00;10,130000114440918;10,140000343322754;10,130000114440918;10,140000343322754;22700
2026-08-18;14:55:00;-03:00;10,140000343322754;10,140000343322754;10,119999885559082;10,130000114440918;108400
2026-08-18;15:00:00;-03:00;10,119999885559082;10,130000114440918;10,119999885559082;10,130000114440918;30100
2026-08-18;15:05:00;-03:00;10,119999885559082;10,140000343322754;10,119999885559082;10,130000114440918;33300
2026-08-18;15:10:00;-03:00;10,140000343322754;10,149999618530273;10,130000114440918;10,149999618530273;57500
2026-08-18;15:15:00;-03:00;10,149999618530273;10,170000076293945;10,140000343322754;10,15999984741211;251300
2026-08-18;15:20:00;-03:00;10,15999984741211;10,170000076293945;10,149999618530273;10,170000076293945;337100
2026-08-18;15:25:00;-03:00;10,170000076293945;10,170000076293945;10,15999984741211;10,170000076293945;688600
2026-08-18;15:30:00;-03:00;10,170000076293945;10,180000305175781;10,15999984741211;10,180000305175781;231100
2026-08-18;15:35:00;-03:00;10,180000305175781;10,180000305175781;10,15999984741211;10,170000076293945;208100
2026-08-18;15:40:00;-03:00;10,170000076293945;10,180000305175781;10,15999984741211;10,15999984741211;124000
2026-08-18;15:45:00;-03:00;10,170000076293945;10,170000076293945;10,15999984741211;10,15999984741211;150000
2026-08-18;15:50:00;-03:00;10,15999984741211;10,170000076293945;10,149999618530273;10,15999984741211;386700
2026-08-18;15:55:00;-03:00;10,15999984741211;10,170000076293945;10,149999618530273;10,15999984741211;706900
2026-08-18;16:00:00;-03:00;10,15999984741211;10,170000076293945;10,15999984741211;10,15999984741211;188300
2026-08-18;16:05:00;-03:00;10,15999984741211;10,170000076293945;10,149999618530273;10,15999984741211;226100
2026-08-18;16:10:00;-03:00;10,15999984741211;10,170000076293945;10,149999618530273;10,149999618530273;9796600
2026-08-18;16:15:00;-03:00;10,149999618530273;10,15999984741211;10,140000343322754;10,140000343322754;74500
2026-08-18;16:20:00;-03:00;10,140000343322754;10,149999618530273;10,140000343322754;10,140000343322754;65100
2026-08-18;16:25:00;-03:00;10,140000343322754;10,15999984741211;10,140000343322754;10,140000343322754;125600
2026-08-18;16:30:00;-03:00;10,140000343322754;10,149999618530273;10,140000343322754;10,140000343322754;95200
2026-08-18;16:35:00;-03:00;10,149999618530273;10,15999984741211;10,140000343322754;10,149999618530273;96600
2026-08-18;16:40:00;-03:00;10,15999984741211;10,15999984741211;10,149999618530273;10,15999984741211;128100
2026-08-18;16:45:00;-03:00;10,149999618530273;10,170000076293945;10,149999618530273;10,15999984741211;260900
2026-08-18;16:50:00;-03:00;10,15999984741211;10,15999984741211;10,140000343322754;10,15999984741211;256000
2026-08-19;10:00:00;-03:00;10,300000190734863;10,319999694824219;10,270000457763672;10,319999694824219;0
2026-08-19;10:05:00;-03:00;10,319999694824219;10,34000015258789;10,279999732971191;10,279999732971191;134500
2026-08-19;10:10:00;-03:00;10,279999732971191;10,289999961853027;10,220000267028809;10,239999771118164;52900
2026-08-19;10:15:00;-03:00;10,229999542236328;10,25;10,210000038146973;10,239999771118164;55700
2026-08-19;10:20:00;-03:00;10,239999771118164;10,25;10,1899995803833;10,199999809265137;164500
2026-08-19;10:25:00;-03:00;10,199999809265137;10,229999542236328;10,180000305175781;10,210000038146973;111200
2026-08-19;10:30:00;-03:00;10,210000038146973;10,220000267028809;10,149999618530273;10,199999809265137;188600
2026-08-19;10:35:00;-03:00;10,199999809265137;10,199999809265137;10,15999984741211;10,180000305175781;211100
2026-08-19;10:40:00;-03:00;10,180000305175781;10,1899995803833;10,15999984741211;10,1899995803833;333800
2026-08-19;10:45:00;-03:00;10,1899995803833;10,220000267028809;10,180000305175781;10,199999809265137;273200
2026-08-19;10:50:00;-03:00;10,210000038146973;10,210000038146973;10,180000305175781;10,210000038146973;222600
2026-08-19;10:55:00;-03:00;10,210000038146973;10,25;10,199999809265137;10,229999542236328;416100
2026-08-19;11:00:00;-03:00;10,239999771118164;10,25;10,210000038146973;10,239999771118164;174100
2026-08-19;11:05:00;-03:00;10,239999771118164;10,260000228881836;10,220000267028809;10,220000267028809;232700
2026-08-19;11:10:00;-03:00;10,239999771118164;10,25;10,220000267028809;10,25;178100
2026-08-19;11:15:00;-03:00;10,25;10,270000457763672;10,239999771118164;10,260000228881836;129000
2026-08-19;11:20:00;-03:00;10,260000228881836;10,260000228881836;10,239999771118164;10,25;166700
2026-08-19;11:25:00;-03:00;10,260000228881836;10,289999961853027;10,25;10,279999732971191;1196500
2026-08-19;11:30:00;-03:00;10,279999732971191;10,300000190734863;10,270000457763672;10,300000190734863;180000
2026-08-19;11:35:00;-03:00;10,300000190734863;10,300000190734863;10,270000457763672;10,270000457763672;189700
2026-08-19;11:40:00;-03:00;10,279999732971191;10,279999732971191;10,25;10,270000457763672;158800
2026-08-19;11:45:00;-03:00;10,270000457763672;10,270000457763672;10,239999771118164;10,25;71600
2026-08-19;11:50:00;-03:00;10,239999771118164;10,260000228881836;10,229999542236328;10,260000228881836;167900
2026-08-19;11:55:00;-03:00;10,260000228881836;10,279999732971191;10,25;10,260000228881836;168500
2026-08-19;12:00:00;-03:00;10,260000228881836;10,260000228881836;10,239999771118164;10,239999771118164;113500
2026-08-19;12:05:00;-03:00;10,239999771118164;10,25;10,239999771118164;10,25;44400
2026-08-19;12:10:00;-03:00;10,239999771118164;10,25;10,229999542236328;10,239999771118164;194000
2026-08-19;12:15:00;-03:00;10,239999771118164;10,25;10,220000267028809;10,220000267028809;114700
2026-08-19;12:20:00;-03:00;10,229999542236328;10,239999771118164;10,210000038146973;10,239999771118164;153500
2026-08-19;12:25:00;-03:00;10,239999771118164;10,239999771118164;10,229999542236328;10,229999542236328;50400
2026-08-19;12:30:00;-03:00;10,229999542236328;10,25;10,229999542236328;10,229999542236328;125900
2026-08-19;12:35:00;-03:00;10,229999542236328;10,239999771118164;10,220000267028809;10,220000267028809;94400
2026-08-19;12:40:00;-03:00;10,220000267028809;10,229999542236328;10,220000267028809;10,220000267028809;67700
2026-08-19;12:45:00;-03:00;10,220000267028809;10,220000267028809;10,199999809265137;10,210000038146973;104200
2026-08-19;12:50:00;-03:00;10,199999809265137;10,210000038146973;10,199999809265137;10,210000038146973;67400
2026-08-19;12:55:00;-03:00;10,199999809265137;10,210000038146973;10,1899995803833;10,199999809265137;153700
2026-08-19;13:00:00;-03:00;10,199999809265137;10,199999809265137;10,180000305175781;10,1899995803833;70000
2026-08-19;13:05:00;-03:00;10,180000305175781;10,1899995803833;10,180000305175781;10,180000305175781;89500
2026-08-19;13:10:00;-03:00;10,180000305175781;10,1899995803833;10,180000305175781;10,180000305175781;66200
2026-08-19;13:15:00;-03:00;10,1899995803833;10,1899995803833;10,170000076293945;10,170000076293945;100100
2026-08-19;13:20:00;-03:00;10,180000305175781;10,1899995803833;10,170000076293945;10,170000076293945;118100
2026-08-19;13:25:00;-03:00;10,170000076293945;10,180000305175781;10,15999984741211;10,15999984741211;122200
2026-08-19;13:30:00;-03:00;10,170000076293945;10,180000305175781;10,15999984741211;10,170000076293945;95500
2026-08-19;13:35:00;-03:00;10,170000076293945;10,180000305175781;10,15999984741211;10,15999984741211;92500
2026-08-19;13:40:00;-03:00;10,15999984741211;10,199999809265137;10,15999984741211;10,1899995803833;162500
2026-08-19;13:45:00;-03:00;10,1899995803833;10,199999809265137;10,180000305175781;10,199999809265137;124800
2026-08-19;13:50:00;-03:00;10,199999809265137;10,199999809265137;10,1899995803833;10,1899995803833;52600
2026-08-19;13:55:00;-03:00;10,1899995803833;10,210000038146973;10,1899995803833;10,1899995803833;128000
2026-08-19;14:00:00;-03:00;10,1899995803833;10,210000038146973;10,1899995803833;10,199999809265137;44800
2026-08-19;14:05:00;-03:00;10,199999809265137;10,199999809265137;10,180000305175781;10,180000305175781;159900
2026-08-19;14:10:00;-03:00;10,180000305175781;10,199999809265137;10,180000305175781;10,1899995803833;76400
2026-08-19;14:15:00;-03:00;10,1899995803833;10,199999809265137;10,180000305175781;10,1899995803833;119600
2026-08-19;14:20:00;-03:00;10,1899995803833;10,199999809265137;10,180000305175781;10,180000305175781;94300
2026-08-19;14:25:00;-03:00;10,180000305175781;10,1899995803833;10,15999984741211;10,15999984741211;207700
2026-08-19;14:30:00;-03:00;10,170000076293945;10,180000305175781;10,15999984741211;10,170000076293945;99900
2026-08-19;14:35:00;-03:00;10,170000076293945;10,180000305175781;10,170000076293945;10,170000076293945;47000
2026-08-19;14:40:00;-03:00;10,170000076293945;10,1899995803833;10,170000076293945;10,180000305175781;78200
2026-08-19;14:45:00;-03:00;10,1899995803833;10,1899995803833;10,170000076293945;10,170000076293945;97700
2026-08-19;14:50:00;-03:00;10,170000076293945;10,180000305175781;10,170000076293945;10,170000076293945;29100
2026-08-19;14:55:00;-03:00;10,170000076293945;10,180000305175781;10,170000076293945;10,170000076293945;135900
2026-08-19;15:00:00;-03:00;10,170000076293945;10,180000305175781;10,170000076293945;10,170000076293945;40000
2026-08-19;15:05:00;-03:00;10,170000076293945;10,180000305175781;10,170000076293945;10,180000305175781;41800
2026-08-19;15:10:00;-03:00;10,170000076293945;10,1899995803833;10,170000076293945;10,180000305175781;101700
2026-08-19;15:15:00;-03:00;10,1899995803833;10,1899995803833;10,180000305175781;10,1899995803833;60600
2026-08-19;15:20:00;-03:00;10,180000305175781;10,1899995803833;10,170000076293945;10,170000076293945;98800
2026-08-19;15:25:00;-03:00;10,170000076293945;10,180000305175781;10,170000076293945;10,170000076293945;95000
2026-08-19;15:30:00;-03:00;10,180000305175781;10,1899995803833;10,170000076293945;10,180000305175781;257300
2026-08-19;15:35:00;-03:00;10,180000305175781;10,180000305175781;10,170000076293945;10,170000076293945;85300
2026-08-19;15:40:00;-03:00;10,180000305175781;10,1899995803833;10,170000076293945;10,180000305175781;106100
2026-08-19;15:45:00;-03:00;10,180000305175781;10,1899995803833;10,180000305175781;10,180000305175781;75400
2026-08-19;15:50:00;-03:00;10,180000305175781;10,1899995803833;10,170000076293945;10,170000076293945;144200
2026-08-19;15:55:00;-03:00;10,170000076293945;10,180000305175781;10,15999984741211;10,15999984741211;116600
2026-08-19;16:00:00;-03:00;10,15999984741211;10,15999984741211;10,149999618530273;10,15999984741211;182800
2026-08-19;16:05:00;-03:00;10,149999618530273;10,15999984741211;10,149999618530273;10,15999984741211;94500
2026-08-19;16:10:00;-03:00;10,149999618530273;10,170000076293945;10,149999618530273;10,170000076293945;166000
2026-08-19;16:15:00;-03:00;10,15999984741211;10,180000305175781;10,15999984741211;10,15999984741211;195000
2026-08-19;16:20:00;-03:00;10,15999984741211;10,170000076293945;10,15999984741211;10,15999984741211;108700
2026-08-19;16:25:00;-03:00;10,15999984741211;10,180000305175781;10,15999984741211;10,170000076293945;96300
2026-08-19;16:30:00;-03:00;10,15999984741211;10,170000076293945;10,15999984741211;10,15999984741211;76800
2026-08-19;16:35:00;-03:00;10,170000076293945;10,180000305175781;10,15999984741211;10,170000076293945;109500
2026-08-19;16:40:00;-03:00;10,15999984741211;10,180000305175781;10,15999984741211;10,170000076293945;120100
2026-08-19;16:45:00;-03:00;10,180000305175781;10,1899995803833;10,170000076293945;10,180000305175781;140800
2026-08-19;16:50:00;-03:00;10,1899995803833;10,1899995803833;10,170000076293945;10,1899995803833;270700
2026-08-20;10:00:00;-03:00;10,140000343322754;10,140000343322754;10,069999694824219;10,069999694824219;0
2026-08-20;10:05:00;-03:00;10,079999923706055;10,09000015258789;10,010000228881836;10,020000457763672;531000
2026-08-20;10:10:00;-03:00;10,010000228881836;10,039999961853027;9,989999771118164;10,0;998800
2026-08-20;10:15:00;-03:00;10,0;10,039999961853027;10,0;10,029999732971191;78500
2026-08-20;10:20:00;-03:00;10,039999961853027;10,069999694824219;10,020000457763672;10,039999961853027;198600
2026-08-20;10:25:00;-03:00;10,029999732971191;10,0600004196167;10,010000228881836;10,050000190734863;414600
2026-08-20;10:30:00;-03:00;10,0600004196167;10,140000343322754;10,050000190734863;10,109999656677246;736900
2026-08-20;10:35:00;-03:00;10,109999656677246;10,15999984741211;10,100000381469727;10,140000343322754;127400
2026-08-20;10:40:00;-03:00;10,149999618530273;10,170000076293945;10,140000343322754;10,149999618530273;136200
2026-08-20;10:45:00;-03:00;10,149999618530273;10,1899995803833;10,149999618530273;10,15999984741211;328900
2026-08-20;10:50:00;-03:00;10,15999984741211;10,170000076293945;10,149999618530273;10,15999984741211;77100
2026-08-20;10:55:00;-03:00;10,170000076293945;10,180000305175781;10,15999984741211;10,15999984741211;65700
2026-08-20;11:00:00;-03:00;10,170000076293945;10,1899995803833;10,15999984741211;10,170000076293945;163000
2026-08-20;11:05:00;-03:00;10,15999984741211;10,170000076293945;10,15999984741211;10,170000076293945;37100
2026-08-20;11:10:00;-03:00;10,15999984741211;10,1899995803833;10,15999984741211;10,1899995803833;112800
2026-08-20;11:15:00;-03:00;10,1899995803833;10,1899995803833;10,130000114440918;10,130000114440918;199600
2026-08-20;11:20:00;-03:00;10,140000343322754;10,140000343322754;10,119999885559082;10,140000343322754;90800
2026-08-20;11:25:00;-03:00;10,140000343322754;10,149999618530273;10,130000114440918;10,140000343322754;80100
2026-08-20;11:30:00;-03:00;10,140000343322754;10,149999618530273;10,119999885559082;10,140000343322754;102300
2026-08-20;11:35:00;-03:00;10,149999618530273;10,149999618530273;10,119999885559082;10,140000343322754;153900
2026-08-20;11:40:00;-03:00;10,149999618530273;10,1899995803833;10,130000114440918;10,180000305175781;172200
2026-08-20;11:45:00;-03:00;10,1899995803833;10,1899995803833;10,15999984741211;10,180000305175781;54000
2026-08-20;11:50:00;-03:00;10,180000305175781;10,1899995803833;10,170000076293945;10,1899995803833;38100
2026-08-20;11:55:00;-03:00;10,180000305175781;10,1899995803833;10,180000305175781;10,1899995803833;28700
2026-08-20;12:00:00;-03:00;10,1899995803833;10,220000267028809;10,180000305175781;10,210000038146973;146500
2026-08-20;12:05:00;-03:00;10,199999809265137;10,210000038146973;10,170000076293945;10,180000305175781;75500
2026-08-20;12:10:00;-03:00;10,1899995803833;10,1899995803833;10,170000076293945;10,180000305175781;95300
2026-08-20;12:15:00;-03:00;10,170000076293945;10,1899995803833;10,170000076293945;10,180000305175781;63100
2026-08-20;12:20:00;-03:00;10,170000076293945;10,1899995803833;10,15999984741211;10,170000076293945;126800
2026-08-20;12:25:00;-03:00;10,15999984741211;10,180000305175781;10,15999984741211;10,180000305175781;113000
2026-08-20;12:30:00;-03:00;10,180000305175781;10,180000305175781;10,15999984741211;10,170000076293945;128000
2026-08-20;12:35:00;-03:00;10,15999984741211;10,170000076293945;10,130000114440918;10,140000343322754;135400
2026-08-20;12:40:00;-03:00;10,130000114440918;10,15999984741211;10,130000114440918;10,15999984741211;152600
2026-08-20;12:45:00;-03:00;10,149999618530273;10,170000076293945;10,140000343322754;10,140000343322754;240300
2026-08-20;12:50:00;-03:00;10,140000343322754;10,149999618530273;10,130000114440918;10,130000114440918;57100
2026-08-20;12:55:00;-03:00;10,140000343322754;10,140000343322754;10,130000114440918;10,140000343322754;79200
2026-08-20;13:00:00;-03:00;10,140000343322754;10,15999984741211;10,130000114440918;10,140000343322754;125600
2026-08-20;13:05:00;-03:00;10,149999618530273;10,149999618530273;10,119999885559082;10,149999618530273;229500
2026-08-20;13:10:00;-03:00;10,140000343322754;10,149999618530273;10,130000114440918;10,140000343322754;51600
2026-08-20;13:15:00;-03:00;10,130000114440918;10,140000343322754;10,130000114440918;10,140000343322754;18400
2026-08-20;13:20:00;-03:00;10,130000114440918;10,140000343322754;10,119999885559082;10,140000343322754;102800
2026-08-20;13:25:00;-03:00;10,130000114440918;10,140000343322754;10,119999885559082;10,130000114440918;141000
2026-08-20;13:30:00;-03:00;10,119999885559082;10,140000343322754;10,119999885559082;10,130000114440918;51900
2026-08-20;13:35:00;-03:00;10,140000343322754;10,140000343322754;10,130000114440918;10,140000343322754;31000
2026-08-20;13:40:00;-03:00;10,130000114440918;10,140000343322754;10,119999885559082;10,130000114440918;59200
2026-08-20;13:45:00;-03:00;10,130000114440918;10,140000343322754;10,119999885559082;10,130000114440918;76400
2026-08-20;13:50:00;-03:00;10,130000114440918;10,130000114440918;10,109999656677246;10,109999656677246;214400
2026-08-20;13:55:00;-03:00;10,119999885559082;10,119999885559082;10,09000015258789;10,09000015258789;136100
2026-08-20;14:00:00;-03:00;10,09000015258789;10,109999656677246;10,079999923706055;10,079999923706055;135300
2026-08-20;14:05:00;-03:00;10,079999923706055;10,09000015258789;10,079999923706055;10,079999923706055;230800
2026-08-20;14:10:00;-03:00;10,079999923706055;10,09000015258789;10,069999694824219;10,079999923706055;82700
2026-08-20;14:15:00;-03:00;10,09000015258789;10,09000015258789;10,039999961853027;10,050000190734863;487000
2026-08-20;14:20:00;-03:00;10,050000190734863;10,0600004196167;10,050000190734863;10,050000190734863;46700
2026-08-20;14:25:00;-03:00;10,0600004196167;10,0600004196167;10,0;10,0;547200
2026-08-20;14:30:00;-03:00;10,0;10,010000228881836;9,890000343322754;9,920000076293945;2647900
2026-08-20;14:35:00;-03:00;9,920000076293945;9,930000305175781;9,90999984741211;9,930000305175781;247700
2026-08-20;14:40:00;-03:00;9,920000076293945;9,960000038146973;9,920000076293945;9,960000038146973;191800
2026-08-20;14:45:00;-03:00;9,960000038146973;9,960000038146973;9,9399995803833;9,949999809265137;247000
2026-08-20;14:50:00;-03:00;9,960000038146973;9,989999771118164;9,949999809265137;9,989999771118164;117900
2026-08-20;14:55:00;-03:00;9,989999771118164;9,989999771118164;9,960000038146973;9,960000038146973;254400
2026-08-20;15:00:00;-03:00;9,970000267028809;9,979999542236328;9,960000038146973;9,979999542236328;399700
2026-08-20;15:05:00;-03:00;9,979999542236328;9,979999542236328;9,9399995803833;9,9399995803833;513800
2026-08-20;15:10:00;-03:00;9,9399995803833;9,9399995803833;9,869999885559082;9,899999618530273;1498300
2026-08-20;15:15:00;-03:00;9,890000343322754;9,920000076293945;9,890000343322754;9,899999618530273;385800
2026-08-20;15:20:00;-03:00;9,90999984741211;9,920000076293945;9,899999618530273;9,90999984741211;85300
2026-08-20;15:25:00;-03:00;9,90999984741211;9,920000076293945;9,90999984741211;9,90999984741211;123900
2026-08-20;15:30:00;-03:00;9,920000076293945;9,930000305175781;9,90999984741211;9,920000076293945;111200
2026-08-20;15:35:00;-03:00;9,930000305175781;9,949999809265137;9,920000076293945;9,949999809265137;431300
2026-08-20;15:40:00;-03:00;9,9399995803833;9,949999809265137;9,920000076293945;9,930000305175781;1013500
2026-08-20;15:45:00;-03:00;9,920000076293945;9,930000305175781;9,920000076293945;9,920000076293945;133000
2026-08-20;15:50:00;-03:00;9,930000305175781;9,930000305175781;9,920000076293945;9,930000305175781;229200
2026-08-20;15:55:00;-03:00;9,920000076293945;9,960000038146973;9,920000076293945;9,9399995803833;1132500
2026-08-20;16:00:00;-03:00;9,930000305175781;9,9399995803833;9,899999618530273;9,920000076293945;697200
2026-08-20;16:05:00;-03:00;9,920000076293945;9,930000305175781;9,890000343322754;9,90999984741211;835100
2026-08-20;16:10:00;-03:00;9,90999984741211;9,90999984741211;9,890000343322754;9,890000343322754;448100
2026-08-20;16:15:00;-03:00;9,890000343322754;9,90999984741211;9,890000343322754;9,899999618530273;408000
2026-08-20;16:20:00;-03:00;9,899999618530273;9,899999618530273;9,880000114440918;9,899999618530273;733000
2026-08-20;16:25:00;-03:00;9,890000343322754;9,920000076293945;9,890000343322754;9,90999984741211;664900
2026-08-20;16:30:00;-03:00;9,90999984741211;9,90999984741211;9,880000114440918;9,890000343322754;570600
2026-08-20;16:35:00;-03:00;9,890000343322754;9,899999618530273;9,880000114440918;9,890000343322754;563200
2026-08-20;16:40:00;-03:00;9,890000343322754;9,899999618530273;9,880000114440918;9,899999618530273;357100
2026-08-20;16:45:00;-03:00;9,899999618530273;9,90999984741211;9,890000343322754;9,899999618530273;312200
2026-08-20;16:50:00;-03:00;9,90999984741211;9,920000076293945;9,890000343322754;9,920000076293945;642800
2026-08-21;10:00:00;-03:00;10,010000228881836;10,029999732971191;9,979999542236328;10,0;0
2026-08-21;10:05:00;-03:00;10,0;10,020000457763672;9,989999771118164;10,0;121400
2026-08-21;10:10:00;-03:00;10,0;10,010000228881836;9,970000267028809;9,979999542236328;73000
2026-08-21;10:15:00;-03:00;9,979999542236328;9,989999771118164;9,9399995803833;9,9399995803833;135000
2026-08-21;10:20:00;-03:00;9,949999809265137;9,989999771118164;9,9399995803833;9,989999771118164;72900
2026-08-21;10:25:00;-03:00;9,989999771118164;10,0;9,970000267028809;9,989999771118164;77500
2026-08-21;10:30:00;-03:00;10,0;10,039999961853027;10,0;10,039999961853027;102200
2026-08-21;10:35:00;-03:00;10,050000190734863;10,079999923706055;10,029999732971191;10,069999694824219;241200
2026-08-21;10:40:00;-03:00;10,069999694824219;10,100000381469727;10,0600004196167;10,079999923706055;108300
2026-08-21;10:45:00;-03:00;10,09000015258789;10,100000381469727;10,050000190734863;10,069999694824219;228200
2026-08-21;10:50:00;-03:00;10,079999923706055;10,109999656677246;10,039999961853027;10,069999694824219;227800
2026-08-21;10:55:00;-03:00;10,069999694824219;10,079999923706055;10,0600004196167;10,0600004196167;370900
2026-08-21;11:00:00;-03:00;10,069999694824219;10,069999694824219;10,039999961853027;10,050000190734863;178700
2026-08-21;11:05:00;-03:00;10,050000190734863;10,069999694824219;10,050000190734863;10,069999694824219;71400
2026-08-21;11:10:00;-03:00;10,0600004196167;10,109999656677246;10,0600004196167;10,079999923706055;302100
2026-08-21;11:15:00;-03:00;10,079999923706055;10,109999656677246;10,079999923706055;10,100000381469727;463400
2026-08-21;11:20:00;-03:00;10,100000381469727;10,109999656677246;10,079999923706055;10,100000381469727;148800
2026-08-21;11:25:00;-03:00;10,100000381469727;10,119999885559082;10,09000015258789;10,119999885559082;128400
2026-08-21;11:30:00;-03:00;10,119999885559082;10,119999885559082;10,100000381469727;10,100000381469727;204700
2026-08-21;11:35:00;-03:00;10,100000381469727;10,100000381469727;10,069999694824219;10,069999694824219;169600
2026-08-21;11:40:00;-03:00;10,09000015258789;10,140000343322754;10,079999923706055;10,130000114440918;248000
2026-08-21;11:45:00;-03:00;10,140000343322754;10,149999618530273;10,119999885559082;10,119999885559082;179900
2026-08-21;11:50:00;-03:00;10,130000114440918;10,149999618530273;10,109999656677246;10,119999885559082;104700
2026-08-21;11:55:00;-03:00;10,109999656677246;10,119999885559082;10,079999923706055;10,09000015258789;135100
2026-08-21;12:00:00;-03:00;10,09000015258789;10,109999656677246;10,079999923706055;10,09000015258789;153600
2026-08-21;12:05:00;-03:00;10,100000381469727;10,109999656677246;10,09000015258789;10,09000015258789;181000
2026-08-21;12:10:00;-03:00;10,100000381469727;10,100000381469727;10,09000015258789;10,100000381469727;61800
2026-08-21;12:15:00;-03:00;10,100000381469727;10,100000381469727;10,079999923706055;10,09000015258789;118400
2026-08-21;12:20:00;-03:00;10,100000381469727;10,119999885559082;10,09000015258789;10,109999656677246;148300
2026-08-21;12:25:00;-03:00;10,119999885559082;10,130000114440918;10,109999656677246;10,119999885559082;115900
2026-08-21;12:30:00;-03:00;10,130000114440918;10,140000343322754;10,119999885559082;10,130000114440918;150400
2026-08-21;12:35:00;-03:00;10,140000343322754;10,170000076293945;10,119999885559082;10,15999984741211;251900
2026-08-21;12:40:00;-03:00;10,170000076293945;10,170000076293945;10,149999618530273;10,170000076293945;212400
2026-08-21;12:45:00;-03:00;10,15999984741211;10,170000076293945;10,149999618530273;10,149999618530273;130600
2026-08-21;12:50:00;-03:00;10,149999618530273;10,15999984741211;10,130000114440918;10,140000343322754;113000
2026-08-21;12:55:00;-03:00;10,140000343322754;10,149999618530273;10,130000114440918;10,130000114440918;82500
2026-08-21;13:00:00;-03:00;10,130000114440918;10,149999618530273;10,130000114440918;10,140000343322754;75000
2026-08-21;13:05:00;-03:00;10,140000343322754;10,149999618530273;10,130000114440918;10,140000343322754;103300
2026-08-21;13:10:00;-03:00;10,140000343322754;10,149999618530273;10,130000114440918;10,130000114440918;74200
2026-08-21;13:15:00;-03:00;10,130000114440918;10,140000343322754;10,119999885559082;10,119999885559082;103100
2026-08-21;13:20:00;-03:00;10,130000114440918;10,140000343322754;10,109999656677246;10,119999885559082;122900
2026-08-21;13:25:00;-03:00;10,130000114440918;10,130000114440918;10,100000381469727;10,119999885559082;214200
2026-08-21;13:30:00;-03:00;10,109999656677246;10,119999885559082;10,109999656677246;10,109999656677246;75800
2026-08-21;13:35:00;-03:00;10,119999885559082;10,130000114440918;10,109999656677246;10,109999656677246;180900
2026-08-21;13:40:00;-03:00;10,119999885559082;10,130000114440918;10,109999656677246;10,109999656677246;77700
2026-08-21;13:45:00;-03:00;10,109999656677246;10,130000114440918;10,109999656677246;10,119999885559082;69000
2026-08-21;13:50:00;-03:00;10,130000114440918;10,130000114440918;10,109999656677246;10,119999885559082;64200
2026-08-21;13:55:00;-03:00;10,130000114440918;10,130000114440918;10,079999923706055;10,079999923706055;538200
2026-08-21;14:00:00;-03:00;10,09000015258789;10,100000381469727;10,079999923706055;10,09000015258789;91500
2026-08-21;14:05:00;-03:00;10,09000015258789;10,100000381469727;10,09000015258789;10,09000015258789;55600
2026-08-21;14:10:00;-03:00;10,09000015258789;10,100000381469727;10,079999923706055;10,079999923706055;98700
2026-08-21;14:15:00;-03:00;10,079999923706055;10,09000015258789;10,079999923706055;10,079999923706055;91400
2026-08-21;14:20:00;-03:00;10,079999923706055;10,09000015258789;10,079999923706055;10,079999923706055;107000
2026-08-21;14:25:00;-03:00;10,079999923706055;10,100000381469727;10,079999923706055;10,100000381469727;215400
2026-08-21;14:30:00;-03:00;10,100000381469727;10,100000381469727;10,09000015258789;10,09000015258789;82900
2026-08-21;14:35:00;-03:00;10,100000381469727;10,109999656677246;10,09000015258789;10,100000381469727;282100
2026-08-21;14:40:00;-03:00;10,109999656677246;10,109999656677246;10,09000015258789;10,100000381469727;103500
2026-08-21;14:45:00;-03:00;10,100000381469727;10,119999885559082;10,09000015258789;10,109999656677246;252400
2026-08-21;14:50:00;-03:00;10,119999885559082;10,119999885559082;10,100000381469727;10,100000381469727;116700
2026-08-21;14:55:00;-03:00;10,109999656677246;10,119999885559082;10,109999656677246;10,119999885559082;67900
2026-08-21;15:00:00;-03:00;10,109999656677246;10,140000343322754;10,109999656677246;10,130000114440918;203700
2026-08-21;15:05:00;-03:00;10,119999885559082;10,130000114440918;10,109999656677246;10,119999885559082;117400
2026-08-21;15:10:00;-03:00;10,109999656677246;10,130000114440918;10,109999656677246;10,130000114440918;101400
2026-08-21;15:15:00;-03:00;10,119999885559082;10,130000114440918;10,109999656677246;10,109999656677246;166500
2026-08-21;15:20:00;-03:00;10,109999656677246;10,119999885559082;10,09000015258789;10,109999656677246;219100
2026-08-21;15:25:00;-03:00;10,100000381469727;10,109999656677246;10,079999923706055;10,100000381469727;333300
2026-08-21;15:30:00;-03:00;10,109999656677246;10,109999656677246;10,09000015258789;10,100000381469727;121000
2026-08-21;15:35:00;-03:00;10,100000381469727;10,109999656677246;10,09000015258789;10,09000015258789;69000
2026-08-21;15:40:00;-03:00;10,09000015258789;10,100000381469727;10,079999923706055;10,079999923706055;58800
2026-08-21;15:45:00;-03:00;10,079999923706055;10,100000381469727;10,079999923706055;10,079999923706055;137400
2026-08-21;15:50:00;-03:00;10,09000015258789;10,09000015258789;10,079999923706055;10,079999923706055;127700
2026-08-21;15:55:00;-03:00;10,09000015258789;10,09000015258789;10,069999694824219;10,09000015258789;149400
2026-08-21;16:00:00;-03:00;10,079999923706055;10,100000381469727;10,069999694824219;10,09000015258789;320400
2026-08-21;16:05:00;-03:00;10,100000381469727;10,100000381469727;10,09000015258789;10,100000381469727;57800
2026-08-21;16:10:00;-03:00;10,100000381469727;10,100000381469727;10,09000015258789;10,100000381469727;47700
2026-08-21;16:15:00;-03:00;10,09000015258789;10,100000381469727;10,09000015258789;10,09000015258789;53700
2026-08-21;16:20:00;-03:00;10,100000381469727;10,100000381469727;10,09000015258789;10,100000381469727;43100
2026-08-21;16:25:00;-03:00;10,09000015258789;10,100000381469727;10,079999923706055;10,09000015258789;157400
2026-08-21;16:30:00;-03:00;10,079999923706055;10,09000015258789;10,0600004196167;10,069999694824219;223400
2026-08-21;16:35:00;-03:00;10,069999694824219;10,079999923706055;10,0600004196167;10,069999694824219;198900
2026-08-21;16:40:00;-03:00;10,069999694824219;10,09000015258789;10,069999694824219;10,09000015258789;244200
2026-08-21;16:45:00;-03:00;10,09000015258789;10,100000381469727;10,079999923706055;10,09000015258789;201100
2026-08-21;16:50:00;-03:00;10,100000381469727;10,109999656677246;10,0600004196167;10,09000015258789;380600
2026-08-24;10:00:00;-03:00;9,949999809265137;9,970000267028809;9,890000343322754;9,90999984741211;0
2026-08-24;10:05:00;-03:00;9,90999984741211;9,949999809265137;9,899999618530273;9,9399995803833;160200
2026-08-24;10:10:00;-03:00;9,9399995803833;9,949999809265137;9,920000076293945;9,930000305175781;78400
2026-08-24;10:15:00;-03:00;9,930000305175781;9,989999771118164;9,920000076293945;9,979999542236328;415400
2026-08-24;10:20:00;-03:00;9,989999771118164;10,0;9,970000267028809;9,989999771118164;56800
2026-08-24;10:25:00;-03:00;9,989999771118164;10,0;9,899999618530273;9,960000038146973;686900
2026-08-24;10:30:00;-03:00;9,949999809265137;10,039999961853027;9,949999809265137;10,010000228881836;257400
2026-08-24;10:35:00;-03:00;10,010000228881836;10,039999961853027;10,0;10,029999732971191;127900
2026-08-24;10:40:00;-03:00;10,029999732971191;10,039999961853027;10,0;10,020000457763672;102000
2026-08-24;10:45:00;-03:00;10,020000457763672;10,029999732971191;9,989999771118164;10,010000228881836;185700
2026-08-24;10:50:00;-03:00;10,010000228881836;10,069999694824219;10,0;10,069999694824219;236600
2026-08-24;10:55:00;-03:00;10,069999694824219;10,109999656677246;10,0600004196167;10,100000381469727;93900
2026-08-24;11:00:00;-03:00;10,109999656677246;10,130000114440918;10,079999923706055;10,079999923706055;290100
2026-08-24;11:05:00;-03:00;10,079999923706055;10,09000015258789;10,069999694824219;10,079999923706055;56500
2026-08-24;11:10:00;-03:00;10,069999694824219;10,09000015258789;10,069999694824219;10,079999923706055;111200
2026-08-24;11:15:00;-03:00;10,09000015258789;10,100000381469727;10,069999694824219;10,079999923706055;113800
2026-08-24;11:20:00;-03:00;10,069999694824219;10,09000015258789;10,0600004196167;10,09000015258789;120700
2026-08-24;11:25:00;-03:00;10,09000015258789;10,100000381469727;10,079999923706055;10,079999923706055;90500
2026-08-24;11:30:00;-03:00;10,069999694824219;10,100000381469727;10,069999694824219;10,100000381469727;44000
2026-08-24;11:35:00;-03:00;10,09000015258789;10,109999656677246;10,09000015258789;10,100000381469727;84000
2026-08-24;11:40:00;-03:00;10,100000381469727;10,119999885559082;10,100000381469727;10,119999885559082;55600
2026-08-24;11:45:00;-03:00;10,119999885559082;10,140000343322754;10,109999656677246;10,130000114440918;162200
2026-08-24;11:50:00;-03:00;10,130000114440918;10,15999984741211;10,119999885559082;10,15999984741211;175100
2026-08-24;11:55:00;-03:00;10,15999984741211;10,170000076293945;10,15999984741211;10,15999984741211;41300
2026-08-24;12:00:00;-03:00;10,170000076293945;10,180000305175781;10,140000343322754;10,149999618530273;269700
2026-08-24;12:05:00;-03:00;10,149999618530273;10,15999984741211;10,140000343322754;10,15999984741211;23900
2026-08-24;12:10:00;-03:00;10,149999618530273;10,170000076293945;10,149999618530273;10,170000076293945;46600
2026-08-24;12:15:00;-03:00;10,170000076293945;10,1899995803833;10,15999984741211;10,1899995803833;124000
2026-08-24;12:20:00;-03:00;10,1899995803833;10,199999809265137;10,170000076293945;10,199999809265137;72800
2026-08-24;12:25:00;-03:00;10,199999809265137;10,220000267028809;10,1899995803833;10,210000038146973;250500
2026-08-24;12:30:00;-03:00;10,210000038146973;10,210000038146973;10,180000305175781;10,1899995803833;81500
2026-08-24;12:35:00;-03:00;10,199999809265137;10,199999809265137;10,180000305175781;10,180000305175781;30900
2026-08-24;12:40:00;-03:00;10,180000305175781;10,1899995803833;10,170000076293945;10,170000076293945;71800
2026-08-24;12:45:00;-03:00;10,180000305175781;10,210000038146973;10,170000076293945;10,210000038146973;188000
2026-08-24;12:50:00;-03:00;10,199999809265137;10,210000038146973;10,199999809265137;10,199999809265137;70200
2026-08-24;12:55:00;-03:00;10,199999809265137;10,220000267028809;10,1899995803833;10,199999809265137;182800
2026-08-24;13:00:00;-03:00;10,199999809265137;10,229999542236328;10,199999809265137;10,229999542236328;61500
2026-08-24;13:05:00;-03:00;10,220000267028809;10,229999542236328;10,220000267028809;10,229999542236328;53900
2026-08-24;13:10:00;-03:00;10,220000267028809;10,229999542236328;10,199999809265137;10,210000038146973;215200
2026-08-24;13:15:00;-03:00;10,210000038146973;10,220000267028809;10,210000038146973;10,210000038146973;20000
2026-08-24;13:20:00;-03:00;10,210000038146973;10,220000267028809;10,1899995803833;10,210000038146973;208600
2026-08-24;13:25:00;-03:00;10,210000038146973;10,220000267028809;10,199999809265137;10,210000038146973;57000
2026-08-24;13:30:00;-03:00;10,210000038146973;10,229999542236328;10,199999809265137;10,199999809265137;150700
2026-08-24;13:35:00;-03:00;10,210000038146973;10,210000038146973;10,199999809265137;10,199999809265137;19000
2026-08-24;13:40:00;-03:00;10,199999809265137;10,210000038146973;10,1899995803833;10,1899995803833;63400
2026-08-24;13:45:00;-03:00;10,199999809265137;10,199999809265137;10,180000305175781;10,180000305175781;113200
2026-08-24;13:50:00;-03:00;10,180000305175781;10,199999809265137;10,180000305175781;10,1899995803833;149700
2026-08-24;13:55:00;-03:00;10,1899995803833;10,199999809265137;10,180000305175781;10,180000305175781;77200
2026-08-24;14:00:00;-03:00;10,180000305175781;10,199999809265137;10,180000305175781;10,1899995803833;87100
2026-08-24;14:05:00;-03:00;10,1899995803833;10,210000038146973;10,180000305175781;10,199999809265137;123600
2026-08-24;14:10:00;-03:00;10,210000038146973;10,210000038146973;10,199999809265137;10,210000038146973;56000
2026-08-24;14:15:00;-03:00;10,210000038146973;10,220000267028809;10,199999809265137;10,210000038146973;50800
2026-08-24;14:20:00;-03:00;10,220000267028809;10,220000267028809;10,1899995803833;10,199999809265137;116000
2026-08-24;14:25:00;-03:00;10,1899995803833;10,210000038146973;10,1899995803833;10,199999809265137;68900
2026-08-24;14:30:00;-03:00;10,199999809265137;10,210000038146973;10,1899995803833;10,1899995803833;95600
2026-08-24;14:35:00;-03:00;10,1899995803833;10,199999809265137;10,180000305175781;10,1899995803833;119900
2026-08-24;14:40:00;-03:00;10,1899995803833;10,199999809265137;10,1899995803833;10,1899995803833;51700
2026-08-24;14:45:00;-03:00;10,1899995803833;10,199999809265137;10,180000305175781;10,180000305175781;93900
2026-08-24;14:50:00;-03:00;10,180000305175781;10,199999809265137;10,180000305175781;10,1899995803833;60500
2026-08-24;14:55:00;-03:00;10,1899995803833;10,199999809265137;10,1899995803833;10,1899995803833;52800
2026-08-24;15:00:00;-03:00;10,1899995803833;10,199999809265137;10,1899995803833;10,1899995803833;50200
2026-08-24;15:05:00;-03:00;10,1899995803833;10,199999809265137;10,180000305175781;10,180000305175781;118100
2026-08-24;15:10:00;-03:00;10,1899995803833;10,1899995803833;10,180000305175781;10,180000305175781;22500
2026-08-24;15:15:00;-03:00;10,180000305175781;10,210000038146973;10,180000305175781;10,199999809265137;194900
2026-08-24;15:20:00;-03:00;10,210000038146973;10,210000038146973;10,1899995803833;10,1899995803833;71700
2026-08-24;15:25:00;-03:00;10,1899995803833;10,210000038146973;10,1899995803833;10,199999809265137;64400
2026-08-24;15:30:00;-03:00;10,1899995803833;10,199999809265137;10,180000305175781;10,180000305175781;98200
2026-08-24;15:35:00;-03:00;10,180000305175781;10,199999809265137;10,180000305175781;10,1899995803833;101200
2026-08-24;15:40:00;-03:00;10,1899995803833;10,199999809265137;10,1899995803833;10,1899995803833;41000
2026-08-24;15:45:00;-03:00;10,1899995803833;10,199999809265137;10,1899995803833;10,1899995803833;50700
2026-08-24;15:50:00;-03:00;10,1899995803833;10,199999809265137;10,1899995803833;10,1899995803833;38800
2026-08-24;15:55:00;-03:00;10,199999809265137;10,199999809265137;10,1899995803833;10,199999809265137;60200
2026-08-24;16:00:00;-03:00;10,1899995803833;10,210000038146973;10,1899995803833;10,210000038146973;114800
2026-08-24;16:05:00;-03:00;10,199999809265137;10,210000038146973;10,199999809265137;10,199999809265137;53900
2026-08-24;16:10:00;-03:00;10,199999809265137;10,210000038146973;10,199999809265137;10,199999809265137;39200
2026-08-24;16:15:00;-03:00;10,210000038146973;10,210000038146973;10,199999809265137;10,199999809265137;53400
2026-08-24;16:20:00;-03:00;10,199999809265137;10,210000038146973;10,1899995803833;10,1899995803833;61800
2026-08-24;16:25:00;-03:00;10,1899995803833;10,199999809265137;10,1899995803833;10,1899995803833;69300
2026-08-24;16:30:00;-03:00;10,1899995803833;10,199999809265137;10,180000305175781;10,1899995803833;132900
2026-08-24;16:35:00;-03:00;10,1899995803833;10,199999809265137;10,1899995803833;10,1899995803833;94500
2026-08-24;16:40:00;-03:00;10,1899995803833;10,199999809265137;10,180000305175781;10,180000305175781;198200
2026-08-24;16:45:00;-03:00;10,180000305175781;10,1899995803833;10,170000076293945;10,170000076293945;133100
2026-08-24;16:50:00;-03:00;10,170000076293945;10,199999809265137;10,170000076293945;10,199999809265137;248500
2026-08-25;10:00:00;-03:00;10,210000038146973;10,25;10,210000038146973;10,220000267028809;78000
2026-08-25;10:05:00;-03:00;10,220000267028809;10,239999771118164;10,210000038146973;10,210000038146973;50100
2026-08-25;10:10:00;-03:00;10,210000038146973;10,229999542236328;10,210000038146973;10,220000267028809;30300
2026-08-25;10:15:00;-03:00;10,220000267028809;10,229999542236328;10,199999809265137;10,229999542236328;26500
2026-08-25;10:20:00;-03:00;10,239999771118164;10,279999732971191;10,229999542236328;10,239999771118164;110000
2026-08-25;10:25:00;-03:00;10,25;10,279999732971191;10,239999771118164;10,279999732971191;63900
2026-08-25;10:30:00;-03:00;10,279999732971191;10,279999732971191;10,220000267028809;10,25;100600
2026-08-25;10:35:00;-03:00;10,25;10,260000228881836;10,229999542236328;10,239999771118164;34400
2026-08-25;10:40:00;-03:00;10,25;10,25;10,220000267028809;10,229999542236328;50800
2026-08-25;10:45:00;-03:00;10,229999542236328;10,270000457763672;10,220000267028809;10,239999771118164;40400
2026-08-25;10:50:00;-03:00;10,239999771118164;10,25;10,229999542236328;10,239999771118164;40700
2026-08-25;10:55:00;-03:00;10,239999771118164;10,260000228881836;10,239999771118164;10,260000228881836;29100
2026-08-25;11:00:00;-03:00;10,260000228881836;10,270000457763672;10,239999771118164;10,260000228881836;139700
2026-08-25;11:05:00;-03:00;10,270000457763672;10,3100004196167;10,25;10,300000190734863;292100
2026-08-25;11:10:00;-03:00;10,289999961853027;10,300000190734863;10,279999732971191;10,300000190734863;68000
2026-08-25;11:15:00;-03:00;10,289999961853027;10,3100004196167;10,289999961853027;10,300000190734863;95200
2026-08-25;11:20:00;-03:00;10,289999961853027;10,300000190734863;10,279999732971191;10,279999732971191;68900
2026-08-25;11:25:00;-03:00;10,279999732971191;10,300000190734863;10,279999732971191;10,279999732971191;59400
2026-08-25;11:30:00;-03:00;10,279999732971191;10,289999961853027;10,25;10,260000228881836;199100
2026-08-25;11:35:00;-03:00;10,260000228881836;10,270000457763672;10,25;10,25;50600
2026-08-25;11:40:00;-03:00;10,25;10,279999732971191;10,229999542236328;10,279999732971191;166700
2026-08-25;11:45:00;-03:00;10,279999732971191;10,289999961853027;10,270000457763672;10,270000457763672;62000
2026-08-25;11:50:00;-03:00;10,279999732971191;10,279999732971191;10,270000457763672;10,279999732971191;19600
2026-08-25;11:55:00;-03:00;10,270000457763672;10,279999732971191;10,270000457763672;10,279999732971191;20500
2026-08-25;12:00:00;-03:00;10,279999732971191;10,3100004196167;10,270000457763672;10,289999961853027;87200
2026-08-25;12:05:00;-03:00;10,289999961853027;10,300000190734863;10,289999961853027;10,289999961853027;14300
2026-08-25;12:10:00;-03:00;10,289999961853027;10,319999694824219;10,289999961853027;10,3100004196167;74400
2026-08-25;12:15:00;-03:00;10,319999694824219;10,329999923706055;10,3100004196167;10,329999923706055;68600
2026-08-25;12:20:00;-03:00;10,329999923706055;10,34000015258789;10,319999694824219;10,319999694824219;179000
2026-08-25;12:25:00;-03:00;10,319999694824219;10,350000381469727;10,319999694824219;10,34000015258789;14800
2026-08-25;12:30:00;-03:00;10,34000015258789;10,369999885559082;10,34000015258789;10,34000015258789;201200
2026-08-25;12:35:00;-03:00;10,359999656677246;10,369999885559082;10,34000015258789;10,359999656677246;105100
2026-08-25;12:40:00;-03:00;10,369999885559082;10,380000114440918;10,359999656677246;10,359999656677246;83600
2026-08-25;12:45:00;-03:00;10,359999656677246;10,369999885559082;10,359999656677246;10,359999656677246;28300
2026-08-25;12:50:00;-03:00;10,359999656677246;10,369999885559082;10,350000381469727;10,369999885559082;84600
2026-08-25;12:55:00;-03:00;10,369999885559082;10,390000343322754;10,369999885559082;10,380000114440918;137100
2026-08-25;13:00:00;-03:00;10,390000343322754;10,399999618530273;10,369999885559082;10,369999885559082;66800
2026-08-25;13:05:00;-03:00;10,369999885559082;10,380000114440918;10,359999656677246;10,380000114440918;76900
2026-08-25;13:10:00;-03:00;10,380000114440918;10,40999984741211;10,369999885559082;10,399999618530273;146300
2026-08-25;13:15:00;-03:00;10,399999618530273;10,399999618530273;10,390000343322754;10,399999618530273;20500
2026-08-25;13:20:00;-03:00;10,399999618530273;10,40999984741211;10,390000343322754;10,399999618530273;45400
2026-08-25;13:25:00;-03:00;10,40999984741211;10,40999984741211;10,399999618530273;10,40999984741211;31400
2026-08-25;13:30:00;-03:00;10,40999984741211;10,420000076293945;10,399999618530273;10,420000076293945;106000
2026-08-25;13:35:00;-03:00;10,420000076293945;10,420000076293945;10,40999984741211;10,420000076293945;40600
2026-08-25;13:40:00;-03:00;10,420000076293945;10,420000076293945;10,40999984741211;10,420000076293945;23200
2026-08-25;13:45:00;-03:00;10,420000076293945;10,430000305175781;10,40999984741211;10,420000076293945;67900
2026-08-25;13:50:00;-03:00;10,420000076293945;10,420000076293945;10,40999984741211;10,420000076293945;17100
2026-08-25;13:55:00;-03:00;10,420000076293945;10,430000305175781;10,40999984741211;10,430000305175781;57400
2026-08-25;14:00:00;-03:00;10,430000305175781;10,430000305175781;10,420000076293945;10,430000305175781;34700
2026-08-25;14:05:00;-03:00;10,430000305175781;10,430000305175781;10,40999984741211;10,420000076293945;66400
2026-08-25;14:10:00;-03:00;10,420000076293945;10,420000076293945;10,40999984741211;10,420000076293945;15100
2026-08-25;14:15:00;-03:00;10,420000076293945;10,420000076293945;10,40999984741211;10,40999984741211;25700
2026-08-25;14:20:00;-03:00;10,420000076293945;10,430000305175781;10,40999984741211;10,420000076293945;79400
2026-08-25;14:25:00;-03:00;10,430000305175781;10,430000305175781;10,420000076293945;10,430000305175781;43300
2026-08-25;14:30:00;-03:00;10,430000305175781;10,4399995803833;10,420000076293945;10,4399995803833;92400
2026-08-25;14:35:00;-03:00;10,4399995803833;10,449999809265137;10,430000305175781;10,4399995803833;121100
2026-08-25;14:40:00;-03:00;10,4399995803833;10,449999809265137;10,430000305175781;10,4399995803833;84600
2026-08-25;14:45:00;-03:00;10,4399995803833;10,449999809265137;10,430000305175781;10,449999809265137;40700
2026-08-25;14:50:00;-03:00;10,4399995803833;10,460000038146973;10,4399995803833;10,4399995803833;222500
2026-08-25;14:55:00;-03:00;10,449999809265137;10,460000038146973;10,4399995803833;10,449999809265137;74700
2026-08-25;15:00:00;-03:00;10,449999809265137;10,449999809265137;10,430000305175781;10,430000305175781;182400
2026-08-25;15:05:00;-03:00;10,430000305175781;10,4399995803833;10,430000305175781;10,430000305175781;52000
2026-08-25;15:10:00;-03:00;10,420000076293945;10,430000305175781;10,420000076293945;10,420000076293945;27200
2026-08-25;15:15:00;-03:00;10,430000305175781;10,430000305175781;10,420000076293945;10,420000076293945;53900
2026-08-25;15:20:00;-03:00;10,420000076293945;10,430000305175781;10,420000076293945;10,430000305175781;50200
2026-08-25;15:25:00;-03:00;10,430000305175781;10,430000305175781;10,40999984741211;10,40999984741211;72100
2026-08-25;15:30:00;-03:00;10,40999984741211;10,420000076293945;10,390000343322754;10,399999618530273;108600
2026-08-25;15:35:00;-03:00;10,399999618530273;10,40999984741211;10,390000343322754;10,390000343322754;76100
2026-08-25;15:40:00;-03:00;10,399999618530273;10,40999984741211;10,390000343322754;10,399999618530273;84100
2026-08-25;15:45:00;-03:00;10,40999984741211;10,420000076293945;10,399999618530273;10,420000076293945;83300
2026-08-25;15:50:00;-03:00;10,420000076293945;10,430000305175781;10,40999984741211;10,420000076293945;179400
2026-08-25;15:55:00;-03:00;10,420000076293945;10,430000305175781;10,40999984741211;10,40999984741211;73900
2026-08-25;16:00:00;-03:00;10,420000076293945;10,420000076293945;10,40999984741211;10,40999984741211;50200
2026-08-25;16:05:00;-03:00;10,420000076293945;10,449999809265137;10,420000076293945;10,4399995803833;189000
2026-08-25;16:10:00;-03:00;10,4399995803833;10,479999542236328;10,4399995803833;10,470000267028809;221900
2026-08-25;16:15:00;-03:00;10,460000038146973;10,479999542236328;10,460000038146973;10,479999542236328;148500
2026-08-25;16:20:00;-03:00;10,470000267028809;10,5;10,470000267028809;10,479999542236328;322000
2026-08-25;16:25:00;-03:00;10,489999771118164;10,510000228881836;10,479999542236328;10,5;391600
2026-08-25;16:30:00;-03:00;10,5;10,510000228881836;10,489999771118164;10,5;230700
2026-08-25;16:35:00;-03:00;10,5;10,520000457763672;10,5;10,5;165600
2026-08-25;16:40:00;-03:00;10,510000228881836;10,510000228881836;10,5;10,510000228881836;227800
2026-08-25;16:45:00;-03:00;10,5;10,510000228881836;10,479999542236328;10,5;537000
2026-08-25;16:50:00;-03:00;10,5;10,510000228881836;10,479999542236328;10,510000228881836;405300
2026-08-26;10:00:00;-03:00;10,510000228881836;10,520000457763672;10,489999771118164;10,520000457763672;0
2026-08-26;10:05:00;-03:00;10,529999732971191;10,550000190734863;10,529999732971191;10,539999961853027;67400
2026-08-26;10:10:00;-03:00;10,539999961853027;10,569999694824219;10,539999961853027;10,569999694824219;123400
2026-08-26;10:15:00;-03:00;10,569999694824219;10,59000015258789;10,550000190734863;10,569999694824219;115100
2026-08-26;10:20:00;-03:00;10,579999923706055;10,619999885559082;10,579999923706055;10,619999885559082;135600
2026-08-26;10:25:00;-03:00;10,619999885559082;10,630000114440918;10,59000015258789;10,59000015258789;87200
2026-08-26;10:30:00;-03:00;10,600000381469727;10,600000381469727;10,529999732971191;10,539999961853027;109600
2026-08-26;10:35:00;-03:00;10,550000190734863;10,5600004196167;10,529999732971191;10,550000190734863;80500
2026-08-26;10:40:00;-03:00;10,550000190734863;10,569999694824219;10,529999732971191;10,550000190734863;54000
2026-08-26;10:45:00;-03:00;10,529999732971191;10,59000015258789;10,529999732971191;10,569999694824219;92000
2026-08-26;10:50:00;-03:00;10,579999923706055;10,579999923706055;10,5600004196167;10,569999694824219;44700
2026-08-26;10:55:00;-03:00;10,569999694824219;10,579999923706055;10,5600004196167;10,5600004196167;61200
2026-08-26;11:00:00;-03:00;10,5600004196167;10,59000015258789;10,5600004196167;10,59000015258789;55200
2026-08-26;11:05:00;-03:00;10,59000015258789;10,59000015258789;10,569999694824219;10,59000015258789;62300
2026-08-26;11:10:00;-03:00;10,579999923706055;10,59000015258789;10,5600004196167;10,569999694824219;63600
2026-08-26;11:15:00;-03:00;10,569999694824219;10,59000015258789;10,569999694824219;10,569999694824219;171100
2026-08-26;11:20:00;-03:00;10,569999694824219;10,579999923706055;10,550000190734863;10,579999923706055;158700
2026-08-26;11:25:00;-03:00;10,579999923706055;10,579999923706055;10,5600004196167;10,5600004196167;96400
2026-08-26;11:30:00;-03:00;10,569999694824219;10,619999885559082;10,5600004196167;10,600000381469727;282200
2026-08-26;11:35:00;-03:00;10,609999656677246;10,619999885559082;10,59000015258789;10,609999656677246;106000
2026-08-26;11:40:00;-03:00;10,609999656677246;10,609999656677246;10,59000015258789;10,600000381469727;72300
2026-08-26;11:45:00;-03:00;10,59000015258789;10,59000015258789;10,579999923706055;10,59000015258789;66600
2026-08-26;11:50:00;-03:00;10,579999923706055;10,600000381469727;10,579999923706055;10,59000015258789;99200
2026-08-26;11:55:00;-03:00;10,59000015258789;10,600000381469727;10,579999923706055;10,59000015258789;147200
2026-08-26;12:00:00;-03:00;10,579999923706055;10,59000015258789;10,569999694824219;10,579999923706055;119100
2026-08-26;12:05:00;-03:00;10,579999923706055;10,579999923706055;10,5600004196167;10,5600004196167;152700
2026-08-26;12:10:00;-03:00;10,569999694824219;10,579999923706055;10,5600004196167;10,579999923706055;111900
2026-08-26;12:15:00;-03:00;10,579999923706055;10,579999923706055;10,569999694824219;10,579999923706055;19400
2026-08-26;12:20:00;-03:00;10,579999923706055;10,579999923706055;10,569999694824219;10,579999923706055;131700
2026-08-26;12:25:00;-03:00;10,579999923706055;10,579999923706055;10,5600004196167;10,5600004196167;61500
2026-08-26;12:30:00;-03:00;10,5600004196167;10,569999694824219;10,5600004196167;10,5600004196167;36100
2026-08-26;12:35:00;-03:00;10,569999694824219;10,569999694824219;10,550000190734863;10,569999694824219;109300
2026-08-26;12:40:00;-03:00;10,5600004196167;10,579999923706055;10,5600004196167;10,579999923706055;28900
2026-08-26;12:45:00;-03:00;10,569999694824219;10,579999923706055;10,550000190734863;10,550000190734863;122800
2026-08-26;12:50:00;-03:00;10,550000190734863;10,5600004196167;10,539999961853027;10,539999961853027;62800
2026-08-26;12:55:00;-03:00;10,550000190734863;10,5600004196167;10,539999961853027;10,539999961853027;96600
2026-08-26;13:00:00;-03:00;10,550000190734863;10,550000190734863;10,520000457763672;10,529999732971191;122900
2026-08-26;13:05:00;-03:00;10,529999732971191;10,539999961853027;10,529999732971191;10,529999732971191;44700
2026-08-26;13:10:00;-03:00;10,529999732971191;10,539999961853027;10,529999732971191;10,529999732971191;42900
2026-08-26;13:15:00;-03:00;10,539999961853027;10,539999961853027;10,529999732971191;10,529999732971191;20300
2026-08-26;13:20:00;-03:00;10,539999961853027;10,539999961853027;10,520000457763672;10,529999732971191;130000
2026-08-26;13:25:00;-03:00;10,529999732971191;10,529999732971191;10,520000457763672;10,529999732971191;261400
2026-08-26;13:30:00;-03:00;10,529999732971191;10,529999732971191;10,510000228881836;10,510000228881836;296400
2026-08-26;13:35:00;-03:00;10,510000228881836;10,510000228881836;10,489999771118164;10,5;302100
2026-08-26;13:40:00;-03:00;10,510000228881836;10,520000457763672;10,470000267028809;10,479999542236328;143000
2026-08-26;13:45:00;-03:00;10,479999542236328;10,479999542236328;10,460000038146973;10,470000267028809;407900
2026-08-26;13:50:00;-03:00;10,470000267028809;10,5;10,460000038146973;10,489999771118164;265200
2026-08-26;13:55:00;-03:00;10,489999771118164;10,510000228881836;10,489999771118164;10,510000228881836;38500
2026-08-26;14:00:00;-03:00;10,5;10,520000457763672;10,470000267028809;10,520000457763672;344800
2026-08-26;14:05:00;-03:00;10,520000457763672;10,520000457763672;10,489999771118164;10,489999771118164;119900
2026-08-26;14:10:00;-03:00;10,5;10,5;10,470000267028809;10,489999771118164;235100
2026-08-26;14:15:00;-03:00;10,479999542236328;10,489999771118164;10,479999542236328;10,489999771118164;22200
2026-08-26;14:20:00;-03:00;10,479999542236328;10,510000228881836;10,479999542236328;10,489999771118164;286000
2026-08-26;14:25:00;-03:00;10,5;10,5;10,479999542236328;10,479999542236328;109800
2026-08-26;14:30:00;-03:00;10,479999542236328;10,489999771118164;10,479999542236328;10,489999771118164;31000
2026-08-26;14:35:00;-03:00;10,489999771118164;10,5;10,479999542236328;10,5;133500
2026-08-26;14:40:00;-03:00;10,5;10,5;10,470000267028809;10,479999542236328;104700
2026-08-26;14:45:00;-03:00;10,470000267028809;10,479999542236328;10,470000267028809;10,470000267028809;97800
2026-08-26;14:50:00;-03:00;10,470000267028809;10,489999771118164;10,470000267028809;10,470000267028809;136600
2026-08-26;14:55:00;-03:00;10,479999542236328;10,479999542236328;10,470000267028809;10,479999542236328;54200
2026-08-26;15:00:00;-03:00;10,479999542236328;10,5;10,470000267028809;10,489999771118164;235700
2026-08-26;15:05:00;-03:00;10,479999542236328;10,489999771118164;10,470000267028809;10,479999542236328;74800
2026-08-26;15:10:00;-03:00;10,470000267028809;10,489999771118164;10,470000267028809;10,489999771118164;154100
2026-08-26;15:15:00;-03:00;10,489999771118164;10,5;10,470000267028809;10,470000267028809;219700
2026-08-26;15:20:00;-03:00;10,479999542236328;10,489999771118164;10,470000267028809;10,470000267028809;97200
2026-08-26;15:25:00;-03:00;10,470000267028809;10,479999542236328;10,470000267028809;10,470000267028809;62400
2026-08-26;15:30:00;-03:00;10,470000267028809;10,479999542236328;10,449999809265137;10,470000267028809;154500
2026-08-26;15:35:00;-03:00;10,470000267028809;10,470000267028809;10,449999809265137;10,460000038146973;306500
2026-08-26;15:40:00;-03:00;10,449999809265137;10,460000038146973;10,449999809265137;10,449999809265137;92900
2026-08-26;15:45:00;-03:00;10,460000038146973;10,460000038146973;10,449999809265137;10,460000038146973;87400
2026-08-26;15:50:00;-03:00;10,460000038146973;10,479999542236328;10,449999809265137;10,470000267028809;163000
2026-08-26;15:55:00;-03:00;10,470000267028809;10,479999542236328;10,470000267028809;10,479999542236328;132300
2026-08-26;16:00:00;-03:00;10,470000267028809;10,5;10,470000267028809;10,489999771118164;351400
2026-08-26;16:05:00;-03:00;10,489999771118164;10,5;10,479999542236328;10,5;120900
2026-08-26;16:10:00;-03:00;10,5;10,5;10,479999542236328;10,489999771118164;289300
2026-08-26;16:15:00;-03:00;10,479999542236328;10,489999771118164;10,479999542236328;10,479999542236328;73000
2026-08-26;16:20:00;-03:00;10,489999771118164;10,5;10,479999542236328;10,5;133500
2026-08-26;16:25:00;-03:00;10,5;10,5;10,479999542236328;10,479999542236328;201000
2026-08-26;16:30:00;-03:00;10,489999771118164;10,510000228881836;10,479999542236328;10,489999771118164;137300
2026-08-26;16:35:00;-03:00;10,5;10,510000228881836;10,489999771118164;10,5;308100
2026-08-26;16:40:00;-03:00;10,489999771118164;10,510000228881836;10,479999542236328;10,479999542236328;251400
2026-08-26;16:45:00;-03:00;10,479999542236328;10,489999771118164;10,479999542236328;10,489999771118164;112900
2026-08-26;16:50:00;-03:00;10,489999771118164;10,5;10,479999542236328;10,5;318700
2026-08-27;10:05:00;-03:00;10,359999656677246;10,420000076293945;10,300000190734863;10,359999656677246;79600
2026-08-27;10:10:00;-03:00;10,359999656677246;10,4399995803833;10,300000190734863;10,420000076293945;475700
2026-08-27;10:15:00;-03:00;10,420000076293945;10,4399995803833;10,380000114440918;10,380000114440918;184700
2026-08-27;10:20:00;-03:00;10,380000114440918;10,4399995803833;10,369999885559082;10,4399995803833;263900
2026-08-27;10:25:00;-03:00;10,4399995803833;10,4399995803833;10,359999656677246;10,369999885559082;223800
2026-08-27;10:30:00;-03:00;10,369999885559082;10,399999618530273;10,350000381469727;10,359999656677246;245000
2026-08-27;10:35:00;-03:00;10,350000381469727;10,399999618530273;10,329999923706055;10,34000015258789;240300
2026-08-27;10:40:00;-03:00;10,34000015258789;10,34000015258789;10,3100004196167;10,3100004196167;95100
2026-08-27;10:45:00;-03:00;10,319999694824219;10,350000381469727;10,3100004196167;10,34000015258789;124700
2026-08-27;10:50:00;-03:00;10,34000015258789;10,34000015258789;10,319999694824219;10,329999923706055;57300
2026-08-27;10:55:00;-03:00;10,329999923706055;10,34000015258789;10,300000190734863;10,319999694824219;138000
2026-08-27;11:00:00;-03:00;10,3100004196167;10,350000381469727;10,3100004196167;10,34000015258789;48300
2026-08-27;11:05:00;-03:00;10,350000381469727;10,369999885559082;10,319999694824219;10,350000381469727;196600
2026-08-27;11:10:00;-03:00;10,350000381469727;10,359999656677246;10,329999923706055;10,350000381469727;53200
2026-08-27;11:15:00;-03:00;10,34000015258789;10,359999656677246;10,34000015258789;10,359999656677246;55600
2026-08-27;11:20:00;-03:00;10,350000381469727;10,359999656677246;10,329999923706055;10,34000015258789;71500
2026-08-27;11:25:00;-03:00;10,34000015258789;10,34000015258789;10,3100004196167;10,329999923706055;206800
2026-08-27;11:30:00;-03:00;10,319999694824219;10,34000015258789;10,279999732971191;10,300000190734863;373100
2026-08-27;11:35:00;-03:00;10,300000190734863;10,329999923706055;10,289999961853027;10,329999923706055;142800
2026-08-27;11:40:00;-03:00;10,319999694824219;10,34000015258789;10,3100004196167;10,329999923706055;101200
2026-08-27;11:45:00;-03:00;10,34000015258789;10,380000114440918;10,34000015258789;10,359999656677246;275700
2026-08-27;11:50:00;-03:00;10,359999656677246;10,40999984741211;10,359999656677246;10,390000343322754;301700
2026-08-27;11:55:00;-03:00;10,399999618530273;10,399999618530273;10,34000015258789;10,34000015258789;207100
2026-08-27;12:00:00;-03:00;10,350000381469727;10,359999656677246;10,329999923706055;10,359999656677246;248200
2026-08-27;12:05:00;-03:00;10,359999656677246;10,359999656677246;10,34000015258789;10,359999656677246;45100
2026-08-27;12:10:00;-03:00;10,359999656677246;10,390000343322754;10,350000381469727;10,390000343322754;235700
2026-08-27;12:15:00;-03:00;10,380000114440918;10,40999984741211;10,380000114440918;10,399999618530273;153900
2026-08-27;12:20:00;-03:00;10,390000343322754;10,399999618530273;10,390000343322754;10,399999618530273;44400
2026-08-27;12:25:00;-03:00;10,399999618530273;10,399999618530273;10,390000343322754;10,399999618530273;50300
2026-08-27;12:30:00;-03:00;10,390000343322754;10,399999618530273;10,390000343322754;10,390000343322754;37600
2026-08-27;12:35:00;-03:00;10,399999618530273;10,40999984741211;10,390000343322754;10,390000343322754;238500
2026-08-27;12:40:00;-03:00;10,399999618530273;10,40999984741211;10,390000343322754;10,399999618530273;74600
2026-08-27;12:45:00;-03:00;10,399999618530273;10,399999618530273;10,380000114440918;10,399999618530273;156800
2026-08-27;12:50:00;-03:00;10,390000343322754;10,399999618530273;10,369999885559082;10,369999885559082;114600
2026-08-27;12:55:00;-03:00;10,380000114440918;10,390000343322754;10,359999656677246;10,359999656677246;153600
2026-08-27;13:00:00;-03:00;10,369999885559082;10,369999885559082;10,359999656677246;10,369999885559082;29800
2026-08-27;13:05:00;-03:00;10,369999885559082;10,369999885559082;10,350000381469727;10,350000381469727;47200
2026-08-27;13:10:00;-03:00;10,359999656677246;10,40999984741211;10,350000381469727;10,399999618530273;504800
2026-08-27;13:15:00;-03:00;10,399999618530273;10,399999618530273;10,390000343322754;10,399999618530273;33000
2026-08-27;13:20:00;-03:00;10,399999618530273;10,399999618530273;10,390000343322754;10,399999618530273;41200
2026-08-27;13:25:00;-03:00;10,399999618530273;10,399999618530273;10,390000343322754;10,390000343322754;60300
2026-08-27;13:30:00;-03:00;10,399999618530273;10,399999618530273;10,380000114440918;10,399999618530273;205200
2026-08-27;13:35:00;-03:00;10,399999618530273;10,40999984741211;10,380000114440918;10,399999618530273;133600
2026-08-27;13:40:00;-03:00;10,399999618530273;10,399999618530273;10,390000343322754;10,390000343322754;58300
2026-08-27;13:45:00;-03:00;10,399999618530273;10,399999618530273;10,390000343322754;10,399999618530273;49400
2026-08-27;13:50:00;-03:00;10,399999618530273;10,430000305175781;10,390000343322754;10,40999984741211;263000
2026-08-27;13:55:00;-03:00;10,40999984741211;10,40999984741211;10,390000343322754;10,40999984741211;165500
2026-08-27;14:00:00;-03:00;10,40999984741211;10,40999984741211;10,399999618530273;10,40999984741211;152800
2026-08-27;14:05:00;-03:00;10,40999984741211;10,430000305175781;10,399999618530273;10,420000076293945;184100
2026-08-27;14:10:00;-03:00;10,420000076293945;10,4399995803833;10,40999984741211;10,430000305175781;50900
2026-08-27;14:15:00;-03:00;10,4399995803833;10,4399995803833;10,420000076293945;10,430000305175781;68100
2026-08-27;14:20:00;-03:00;10,430000305175781;10,430000305175781;10,399999618530273;10,399999618530273;116100
2026-08-27;14:25:00;-03:00;10,399999618530273;10,40999984741211;10,399999618530273;10,40999984741211;52500
2026-08-27;14:30:00;-03:00;10,40999984741211;10,420000076293945;10,399999618530273;10,420000076293945;102100
2026-08-27;14:35:00;-03:00;10,420000076293945;10,420000076293945;10,399999618530273;10,40999984741211;78800
2026-08-27;14:40:00;-03:00;10,40999984741211;10,40999984741211;10,399999618530273;10,399999618530273;28700
2026-08-27;14:45:00;-03:00;10,40999984741211;10,40999984741211;10,399999618530273;10,399999618530273;59900
2026-08-27;14:50:00;-03:00;10,40999984741211;10,420000076293945;10,390000343322754;10,399999618530273;317600
2026-08-27;14:55:00;-03:00;10,399999618530273;10,399999618530273;10,380000114440918;10,380000114440918;76000
2026-08-27;15:00:00;-03:00;10,390000343322754;10,399999618530273;10,369999885559082;10,380000114440918;82400
2026-08-27;15:05:00;-03:00;10,380000114440918;10,399999618530273;10,369999885559082;10,399999618530273;95300
2026-08-27;15:10:00;-03:00;10,390000343322754;10,399999618530273;10,390000343322754;10,399999618530273;63400
2026-08-27;15:15:00;-03:00;10,399999618530273;10,420000076293945;10,390000343322754;10,40999984741211;140000
2026-08-27;15:20:00;-03:00;10,420000076293945;10,420000076293945;10,40999984741211;10,420000076293945;62600
2026-08-27;15:25:00;-03:00;10,420000076293945;10,420000076293945;10,399999618530273;10,40999984741211;153000
2026-08-27;15:30:00;-03:00;10,420000076293945;10,420000076293945;10,399999618530273;10,40999984741211;155600
2026-08-27;15:35:00;-03:00;10,420000076293945;10,420000076293945;10,399999618530273;10,40999984741211;133000
2026-08-27;15:40:00;-03:00;10,40999984741211;10,40999984741211;10,399999618530273;10,40999984741211;64800
2026-08-27;15:45:00;-03:00;10,399999618530273;10,40999984741211;10,399999618530273;10,40999984741211;73000
2026-08-27;15:50:00;-03:00;10,399999618530273;10,40999984741211;10,399999618530273;10,399999618530273;94000
2026-08-27;15:55:00;-03:00;10,40999984741211;10,420000076293945;10,399999618530273;10,40999984741211;291300
2026-08-27;16:00:00;-03:00;10,420000076293945;10,420000076293945;10,40999984741211;10,40999984741211;49500
2026-08-27;16:05:00;-03:00;10,420000076293945;10,420000076293945;10,40999984741211;10,420000076293945;64400
2026-08-27;16:10:00;-03:00;10,40999984741211;10,420000076293945;10,40999984741211;10,40999984741211;171000
2026-08-27;16:15:00;-03:00;10,40999984741211;10,420000076293945;10,390000343322754;10,399999618530273;315700
2026-08-27;16:20:00;-03:00;10,399999618530273;10,399999618530273;10,380000114440918;10,380000114440918;286500
2026-08-27;16:25:00;-03:00;10,380000114440918;10,40999984741211;10,380000114440918;10,399999618530273;197500
2026-08-27;16:30:00;-03:00;10,40999984741211;10,420000076293945;10,399999618530273;10,399999618530273;154800
2026-08-27;16:35:00;-03:00;10,399999618530273;10,420000076293945;10,399999618530273;10,399999618530273;269400
2026-08-27;16:40:00;-03:00;10,399999618530273;10,40999984741211;10,399999618530273;10,399999618530273;82600
2026-08-27;16:45:00;-03:00;10,40999984741211;10,40999984741211;10,399999618530273;10,399999618530273;49500
2026-08-27;16:50:00;-03:00;10,399999618530273;10,40999984741211;10,390000343322754;10,390000343322754;125000
2026-08-28;10:10:00;-03:00;10,479999542236328;10,479999542236328;10,430000305175781;10,479999542236328;33200
2026-08-28;10:15:00;-03:00;10,470000267028809;10,479999542236328;10,4399995803833;10,470000267028809;35800
2026-08-28;10:20:00;-03:00;10,460000038146973;10,470000267028809;10,4399995803833;10,4399995803833;60600
2026-08-28;10:25:00;-03:00;10,449999809265137;10,479999542236328;10,449999809265137;10,470000267028809;200700
2026-08-28;10:30:00;-03:00;10,460000038146973;10,479999542236328;10,4399995803833;10,479999542236328;239700
2026-08-28;10:35:00;-03:00;10,479999542236328;10,479999542236328;10,4399995803833;10,449999809265137;126300
2026-08-28;10:40:00;-03:00;10,449999809265137;10,449999809265137;10,420000076293945;10,430000305175781;160400
2026-08-28;10:45:00;-03:00;10,430000305175781;10,449999809265137;10,430000305175781;10,449999809265137;21300
2026-08-28;10:50:00;-03:00;10,449999809265137;10,479999542236328;10,4399995803833;10,449999809265137;266500
2026-08-28;10:55:00;-03:00;10,449999809265137;10,479999542236328;10,4399995803833;10,4399995803833;151900
2026-08-28;11:00:00;-03:00;10,4399995803833;10,470000267028809;10,430000305175781;10,4399995803833;113500
2026-08-28;11:05:00;-03:00;10,449999809265137;10,460000038146973;10,420000076293945;10,449999809265137;193300
2026-08-28;11:10:00;-03:00;10,460000038146973;10,470000267028809;10,4399995803833;10,4399995803833;123800
2026-08-28;11:15:00;-03:00;10,449999809265137;10,449999809265137;10,420000076293945;10,430000305175781;105800
2026-08-28;11:20:00;-03:00;10,420000076293945;10,460000038146973;10,40999984741211;10,4399995803833;178300
2026-08-28;11:25:00;-03:00;10,449999809265137;10,460000038146973;10,4399995803833;10,449999809265137;61800
2026-08-28;11:30:00;-03:00;10,460000038146973;10,470000267028809;10,4399995803833;10,449999809265137;151900
2026-08-28;11:35:00;-03:00;10,449999809265137;10,460000038146973;10,4399995803833;10,449999809265137;58800
2026-08-28;11:40:00;-03:00;10,4399995803833;10,460000038146973;10,430000305175781;10,4399995803833;55100
2026-08-28;11:45:00;-03:00;10,4399995803833;10,4399995803833;10,399999618530273;10,399999618530273;116800
2026-08-28;11:50:00;-03:00;10,40999984741211;10,420000076293945;10,390000343322754;10,390000343322754;267800
2026-08-28;11:55:00;-03:00;10,399999618530273;10,399999618530273;10,390000343322754;10,390000343322754;15700
2026-08-28;12:00:00;-03:00;10,399999618530273;10,399999618530273;10,390000343322754;10,390000343322754;15100
2026-08-28;12:05:00;-03:00;10,390000343322754;10,399999618530273;10,390000343322754;10,399999618530273;63900
2026-08-28;12:10:00;-03:00;10,390000343322754;10,399999618530273;10,380000114440918;10,380000114440918;39000
2026-08-28;12:15:00;-03:00;10,390000343322754;10,40999984741211;10,369999885559082;10,380000114440918;313200
2026-08-28;12:20:00;-03:00;10,380000114440918;10,390000343322754;10,380000114440918;10,390000343322754;0
2026-08-28;12:25:00;-03:00;10,390000343322754;10,399999618530273;10,380000114440918;10,380000114440918;95700
2026-08-28;12:30:00;-03:00;10,380000114440918;10,390000343322754;10,380000114440918;10,390000343322754;109900
2026-08-28;12:35:00;-03:00;10,390000343322754;10,390000343322754;10,359999656677246;10,359999656677246;123700
2026-08-28;12:40:00;-03:00;10,359999656677246;10,380000114440918;10,350000381469727;10,380000114440918;95800
2026-08-28;12:45:00;-03:00;10,369999885559082;10,390000343322754;10,369999885559082;10,390000343322754;27200
2026-08-28;12:50:00;-03:00;10,390000343322754;10,399999618530273;10,380000114440918;10,390000343322754;77700
2026-08-28;12:55:00;-03:00;10,390000343322754;10,390000343322754;10,369999885559082;10,380000114440918;54300
2026-08-28;13:00:00;-03:00;10,380000114440918;10,380000114440918;10,350000381469727;10,350000381469727;73100
2026-08-28;13:05:00;-03:00;10,350000381469727;10,359999656677246;10,350000381469727;10,359999656677246;24000
2026-08-28;13:10:00;-03:00;10,359999656677246;10,359999656677246;10,350000381469727;10,359999656677246;23300
2026-08-28;13:15:00;-03:00;10,359999656677246;10,359999656677246;10,350000381469727;10,359999656677246;28500
2026-08-28;13:20:00;-03:00;10,359999656677246;10,359999656677246;10,350000381469727;10,359999656677246;35000
2026-08-28;13:25:00;-03:00;10,359999656677246;10,369999885559082;10,350000381469727;10,359999656677246;98300
2026-08-28;13:30:00;-03:00;10,359999656677246;10,380000114440918;10,359999656677246;10,369999885559082;87300
2026-08-28;13:35:00;-03:00;10,369999885559082;10,390000343322754;10,359999656677246;10,390000343322754;38100
2026-08-28;13:40:00;-03:00;10,390000343322754;10,390000343322754;10,359999656677246;10,359999656677246;173000
2026-08-28;13:45:00;-03:00;10,369999885559082;10,390000343322754;10,359999656677246;10,369999885559082;61800
2026-08-28;13:50:00;-03:00;10,380000114440918;10,380000114440918;10,369999885559082;10,369999885559082;27600
2026-08-28;13:55:00;-03:00;10,380000114440918;10,380000114440918;10,369999885559082;10,380000114440918;49500
2026-08-28;14:00:00;-03:00;10,380000114440918;10,399999618530273;10,380000114440918;10,399999618530273;113800
2026-08-28;14:05:00;-03:00;10,399999618530273;10,399999618530273;10,390000343322754;10,399999618530273;34800
2026-08-28;14:10:00;-03:00;10,399999618530273;10,399999618530273;10,390000343322754;10,399999618530273;31200
2026-08-28;14:15:00;-03:00;10,399999618530273;10,40999984741211;10,390000343322754;10,40999984741211;120000
2026-08-28;14:20:00;-03:00;10,399999618530273;10,40999984741211;10,399999618530273;10,40999984741211;22600
2026-08-28;14:25:00;-03:00;10,40999984741211;10,40999984741211;10,399999618530273;10,40999984741211;47000
2026-08-28;14:30:00;-03:00;10,40999984741211;10,40999984741211;10,399999618530273;10,40999984741211;30700
2026-08-28;14:35:00;-03:00;10,40999984741211;10,420000076293945;10,399999618530273;10,420000076293945;36500
2026-08-28;14:40:00;-03:00;10,420000076293945;10,420000076293945;10,40999984741211;10,40999984741211;53100
2026-08-28;14:45:00;-03:00;10,420000076293945;10,430000305175781;10,40999984741211;10,430000305175781;61100
2026-08-28;14:50:00;-03:00;10,420000076293945;10,430000305175781;10,420000076293945;10,430000305175781;42800
2026-08-28;14:55:00;-03:00;10,430000305175781;10,4399995803833;10,420000076293945;10,430000305175781;247400
2026-08-28;15:00:00;-03:00;10,430000305175781;10,430000305175781;10,40999984741211;10,420000076293945;297900
2026-08-28;15:05:00;-03:00;10,420000076293945;10,430000305175781;10,40999984741211;10,420000076293945;40500
2026-08-28;15:10:00;-03:00;10,420000076293945;10,430000305175781;10,40999984741211;10,430000305175781;90500
2026-08-28;15:15:00;-03:00;10,420000076293945;10,430000305175781;10,420000076293945;10,430000305175781;38400
2026-08-28;15:20:00;-03:00;10,430000305175781;10,430000305175781;10,40999984741211;10,420000076293945;180400
2026-08-28;15:25:00;-03:00;10,40999984741211;10,420000076293945;10,40999984741211;10,420000076293945;24800
2026-08-28;15:30:00;-03:00;10,420000076293945;10,430000305175781;10,40999984741211;10,40999984741211;263300
2026-08-28;15:35:00;-03:00;10,40999984741211;10,430000305175781;10,40999984741211;10,430000305175781;61400
2026-08-28;15:40:00;-03:00;10,430000305175781;10,430000305175781;10,420000076293945;10,430000305175781;41600
2026-08-28;15:45:00;-03:00;10,430000305175781;10,4399995803833;10,420000076293945;10,430000305175781;59200
2026-08-28;15:50:00;-03:00;10,430000305175781;10,4399995803833;10,430000305175781;10,4399995803833;84200
2026-08-28;15:55:00;-03:00;10,4399995803833;10,449999809265137;10,430000305175781;10,449999809265137;137000
2026-08-28;16:00:00;-03:00;10,449999809265137;10,470000267028809;10,4399995803833;10,460000038146973;476100
2026-08-28;16:05:00;-03:00;10,470000267028809;10,470000267028809;10,460000038146973;10,470000267028809;75400
2026-08-28;16:10:00;-03:00;10,470000267028809;10,470000267028809;10,449999809265137;10,460000038146973;113200
2026-08-28;16:15:00;-03:00;10,460000038146973;10,470000267028809;10,449999809265137;10,470000267028809;129300
2026-08-28;16:20:00;-03:00;10,470000267028809;10,470000267028809;10,460000038146973;10,470000267028809;69500
2026-08-28;16:25:00;-03:00;10,470000267028809;10,479999542236328;10,460000038146973;10,470000267028809;462700
2026-08-28;16:30:00;-03:00;10,479999542236328;10,5;10,470000267028809;10,5;189700
2026-08-28;16:35:00;-03:00;10,489999771118164;10,510000228881836;10,479999542236328;10,5;260800
2026-08-28;16:40:00;-03:00;10,510000228881836;10,510000228881836;10,489999771118164;10,510000228881836;72800
2026-08-28;16:45:00;-03:00;10,5;10,510000228881836;10,5;10,510000228881836;73400
2026-08-28;16:50:00;-03:00;10,510000228881836;10,510000228881836;10,479999542236328;10,5;352200
2026-08-31;10:00:00;-03:00;10,600000381469727;10,65999984741211;10,600000381469727;10,649999618530273;0
2026-08-31;10:05:00;-03:00;10,649999618530273;10,680000305175781;10,640000343322754;10,649999618530273;135500
2026-08-31;10:10:00;-03:00;10,649999618530273;10,680000305175781;10,649999618530273;10,670000076293945;48000
2026-08-31;10:15:00;-03:00;10,670000076293945;10,670000076293945;10,630000114440918;10,649999618530273;69000
2026-08-31;10:20:00;-03:00;10,640000343322754;10,65999984741211;10,640000343322754;10,65999984741211;50800
2026-08-31;10:25:00;-03:00;10,649999618530273;10,65999984741211;10,630000114440918;10,640000343322754;114800
2026-08-31;10:30:00;-03:00;10,640000343322754;10,649999618530273;10,600000381469727;10,619999885559082;123500
2026-08-31;10:35:00;-03:00;10,630000114440918;10,640000343322754;10,609999656677246;10,640000343322754;72500
2026-08-31;10:40:00;-03:00;10,640000343322754;10,649999618530273;10,609999656677246;10,619999885559082;65200
2026-08-31;10:45:00;-03:00;10,619999885559082;10,65999984741211;10,609999656677246;10,640000343322754;222200
2026-08-31;10:50:00;-03:00;10,649999618530273;10,65999984741211;10,640000343322754;10,649999618530273;109400
2026-08-31;10:55:00;-03:00;10,65999984741211;10,670000076293945;10,640000343322754;10,649999618530273;443300
2026-08-31;11:00:00;-03:00;10,649999618530273;10,649999618530273;10,619999885559082;10,630000114440918;82400
2026-08-31;11:05:00;-03:00;10,619999885559082;10,640000343322754;10,600000381469727;10,609999656677246;160600
2026-08-31;11:10:00;-03:00;10,609999656677246;10,609999656677246;10,569999694824219;10,579999923706055;159800
2026-08-31;11:15:00;-03:00;10,579999923706055;10,600000381469727;10,569999694824219;10,600000381469727;112700
2026-08-31;11:20:00;-03:00;10,600000381469727;10,609999656677246;10,59000015258789;10,59000015258789;62200
2026-08-31;11:25:00;-03:00;10,600000381469727;10,600000381469727;10,579999923706055;10,600000381469727;44400
2026-08-31;11:30:00;-03:00;10,59000015258789;10,600000381469727;10,569999694824219;10,600000381469727;146800
2026-08-31;11:35:00;-03:00;10,600000381469727;10,609999656677246;10,59000015258789;10,609999656677246;106900
2026-08-31;11:40:00;-03:00;10,609999656677246;10,609999656677246;10,59000015258789;10,609999656677246;34000
2026-08-31;11:45:00;-03:00;10,600000381469727;10,609999656677246;10,59000015258789;10,600000381469727;34500
2026-08-31;11:50:00;-03:00;10,600000381469727;10,600000381469727;10,59000015258789;10,600000381469727;17600
2026-08-31;11:55:00;-03:00;10,59000015258789;10,619999885559082;10,59000015258789;10,619999885559082;91700
2026-08-31;12:00:00;-03:00;10,619999885559082;10,630000114440918;10,579999923706055;10,600000381469727;132700
2026-08-31;12:05:00;-03:00;10,600000381469727;10,609999656677246;10,59000015258789;10,600000381469727;60700
2026-08-31;12:10:00;-03:00;10,600000381469727;10,609999656677246;10,59000015258789;10,609999656677246;49800
2026-08-31;12:15:00;-03:00;10,609999656677246;10,619999885559082;10,600000381469727;10,619999885559082;104700
2026-08-31;12:20:00;-03:00;10,609999656677246;10,619999885559082;10,609999656677246;10,619999885559082;38700
2026-08-31;12:25:00;-03:00;10,619999885559082;10,630000114440918;10,609999656677246;10,619999885559082;55600
2026-08-31;12:30:00;-03:00;10,619999885559082;10,649999618530273;10,609999656677246;10,640000343322754;263100
2026-08-31;12:35:00;-03:00;10,649999618530273;10,649999618530273;10,640000343322754;10,649999618530273;27500
2026-08-31;12:40:00;-03:00;10,649999618530273;10,65999984741211;10,640000343322754;10,649999618530273;64300
2026-08-31;12:45:00;-03:00;10,640000343322754;10,65999984741211;10,640000343322754;10,649999618530273;68400
2026-08-31;12:50:00;-03:00;10,649999618530273;10,65999984741211;10,640000343322754;10,65999984741211;78200
2026-08-31;12:55:00;-03:00;10,65999984741211;10,65999984741211;10,640000343322754;10,65999984741211;71500
2026-08-31;13:00:00;-03:00;10,649999618530273;10,670000076293945;10,649999618530273;10,670000076293945;40200
2026-08-31;13:05:00;-03:00;10,670000076293945;10,680000305175781;10,65999984741211;10,670000076293945;64200
2026-08-31;13:10:00;-03:00;10,670000076293945;10,670000076293945;10,65999984741211;10,670000076293945;41300
2026-08-31;13:15:00;-03:00;10,670000076293945;10,680000305175781;10,65999984741211;10,680000305175781;84200
2026-08-31;13:20:00;-03:00;10,680000305175781;10,680000305175781;10,649999618530273;10,65999984741211;116200
2026-08-31;13:25:00;-03:00;10,65999984741211;10,65999984741211;10,640000343322754;10,65999984741211;76900
2026-08-31;13:30:00;-03:00;10,65999984741211;10,670000076293945;10,649999618530273;10,670000076293945;44700
2026-08-31;13:35:00;-03:00;10,65999984741211;10,670000076293945;10,649999618530273;10,65999984741211;44700
2026-08-31;13:40:00;-03:00;10,65999984741211;10,670000076293945;10,649999618530273;10,670000076293945;68600
2026-08-31;13:45:00;-03:00;10,649999618530273;10,680000305175781;10,649999618530273;10,680000305175781;82900
2026-08-31;13:50:00;-03:00;10,680000305175781;10,6899995803833;10,670000076293945;10,670000076293945;104000
2026-08-31;13:55:00;-03:00;10,680000305175781;10,680000305175781;10,649999618530273;10,670000076293945;85700
2026-08-31;14:00:00;-03:00;10,670000076293945;10,680000305175781;10,65999984741211;10,670000076293945;75200
2026-08-31;14:05:00;-03:00;10,670000076293945;10,680000305175781;10,65999984741211;10,670000076293945;90200
2026-08-31;14:10:00;-03:00;10,670000076293945;10,670000076293945;10,65999984741211;10,670000076293945;65800
2026-08-31;14:15:00;-03:00;10,65999984741211;10,670000076293945;10,649999618530273;10,649999618530273;35900
2026-08-31;14:20:00;-03:00;10,65999984741211;10,65999984741211;10,640000343322754;10,65999984741211;196200
2026-08-31;14:25:00;-03:00;10,649999618530273;10,65999984741211;10,609999656677246;10,619999885559082;441200
2026-08-31;14:30:00;-03:00;10,619999885559082;10,619999885559082;10,609999656677246;10,619999885559082;47300
2026-08-31;14:35:00;-03:00;10,630000114440918;10,630000114440918;10,619999885559082;10,630000114440918;33500
2026-08-31;14:40:00;-03:00;10,630000114440918;10,649999618530273;10,619999885559082;10,649999618530273;164800
2026-08-31;14:45:00;-03:00;10,649999618530273;10,65999984741211;10,640000343322754;10,649999618530273;69000
2026-08-31;14:50:00;-03:00;10,640000343322754;10,65999984741211;10,640000343322754;10,649999618530273;84900
2026-08-31;14:55:00;-03:00;10,649999618530273;10,65999984741211;10,640000343322754;10,65999984741211;156400
2026-08-31;15:00:00;-03:00;10,65999984741211;10,65999984741211;10,640000343322754;10,649999618530273;52700
2026-08-31;15:05:00;-03:00;10,65999984741211;10,65999984741211;10,640000343322754;10,649999618530273;56900
2026-08-31;15:10:00;-03:00;10,640000343322754;10,649999618530273;10,640000343322754;10,649999618530273;120500
2026-08-31;15:15:00;-03:00;10,649999618530273;10,649999618530273;10,630000114440918;10,640000343322754;59100
2026-08-31;15:20:00;-03:00;10,630000114440918;10,670000076293945;10,630000114440918;10,65999984741211;229000
2026-08-31;15:25:00;-03:00;10,670000076293945;10,670000076293945;10,649999618530273;10,649999618530273;95400
2026-08-31;15:30:00;-03:00;10,649999618530273;10,670000076293945;10,649999618530273;10,65999984741211;93500
2026-08-31;15:35:00;-03:00;10,65999984741211;10,670000076293945;10,649999618530273;10,649999618530273;110300
2026-08-31;15:40:00;-03:00;10,65999984741211;10,670000076293945;10,649999618530273;10,670000076293945;48800
2026-08-31;15:45:00;-03:00;10,670000076293945;10,670000076293945;10,65999984741211;10,65999984741211;26700
2026-08-31;15:50:00;-03:00;10,670000076293945;10,680000305175781;10,65999984741211;10,670000076293945;79900
2026-08-31;15:55:00;-03:00;10,680000305175781;10,6899995803833;10,670000076293945;10,6899995803833;235000
2026-08-31;16:00:00;-03:00;10,680000305175781;10,6899995803833;10,680000305175781;10,6899995803833;84400
2026-08-31;16:05:00;-03:00;10,6899995803833;10,699999809265137;10,680000305175781;10,699999809265137;81200
2026-08-31;16:10:00;-03:00;10,699999809265137;10,699999809265137;10,6899995803833;10,699999809265137;78600
2026-08-31;16:15:00;-03:00;10,699999809265137;10,710000038146973;10,6899995803833;10,6899995803833;160400
2026-08-31;16:20:00;-03:00;10,699999809265137;10,710000038146973;10,6899995803833;10,699999809265137;249700
2026-08-31;16:25:00;-03:00;10,699999809265137;10,729999542236328;10,699999809265137;10,729999542236328;284500
2026-08-31;16:30:00;-03:00;10,729999542236328;10,729999542236328;10,699999809265137;10,699999809265137;193300
2026-08-31;16:35:00;-03:00;10,710000038146973;10,710000038146973;10,6899995803833;10,699999809265137;229600
2026-08-31;16:40:00;-03:00;10,710000038146973;10,710000038146973;10,680000305175781;10,6899995803833;444400
2026-08-31;16:45:00;-03:00;10,6899995803833;10,6899995803833;10,65999984741211;10,670000076293945;517100
2026-09-01;10:00:00;-03:00;10,779999732971191;10,800000190734863;10,75;10,75;0
2026-09-01;10:05:00;-03:00;10,760000228881836;10,760000228881836;10,699999809265137;10,710000038146973;85600
2026-09-01;10:10:00;-03:00;10,720000267028809;10,770000457763672;10,699999809265137;10,770000457763672;98100
2026-09-01;10:15:00;-03:00;10,760000228881836;10,770000457763672;10,720000267028809;10,729999542236328;79100
2026-09-01;10:20:00;-03:00;10,729999542236328;10,729999542236328;10,670000076293945;10,6899995803833;364600
2026-09-01;10:25:00;-03:00;10,699999809265137;10,729999542236328;10,699999809265137;10,729999542236328;52400
2026-09-01;10:30:00;-03:00;10,729999542236328;10,850000381469727;10,720000267028809;10,84000015258789;378900
2026-09-01;10:35:00;-03:00;10,829999923706055;10,859999656677246;10,829999923706055;10,850000381469727;276500
2026-09-01;10:40:00;-03:00;10,850000381469727;10,859999656677246;10,819999694824219;10,829999923706055;328200
2026-09-01;10:45:00;-03:00;10,829999923706055;10,84000015258789;10,789999961853027;10,819999694824219;124500
2026-09-01;10:50:00;-03:00;10,819999694824219;10,859999656677246;10,819999694824219;10,84000015258789;178100
2026-09-01;10:55:00;-03:00;10,850000381469727;10,880000114440918;10,850000381469727;10,880000114440918;95900
2026-09-01;11:00:00;-03:00;10,869999885559082;10,949999809265137;10,859999656677246;10,949999809265137;321100
2026-09-01;11:05:00;-03:00;10,949999809265137;10,970000267028809;10,930000305175781;10,9399995803833;236000
2026-09-01;11:10:00;-03:00;10,949999809265137;10,970000267028809;10,930000305175781;10,9399995803833;259200
2026-09-01;11:15:00;-03:00;10,9399995803833;10,949999809265137;10,899999618530273;10,930000305175781;259400
2026-09-01;11:20:00;-03:00;10,930000305175781;10,949999809265137;10,920000076293945;10,930000305175781;186900
2026-09-01;11:25:00;-03:00;10,9399995803833;10,949999809265137;10,930000305175781;10,949999809265137;123300
2026-09-01;11:30:00;-03:00;10,949999809265137;10,979999542236328;10,930000305175781;10,979999542236328;243600
2026-09-01;11:35:00;-03:00;10,979999542236328;10,989999771118164;10,960000038146973;10,970000267028809;216000
2026-09-01;11:40:00;-03:00;10,960000038146973;10,970000267028809;10,9399995803833;10,949999809265137;139700
2026-09-01;11:45:00;-03:00;10,949999809265137;10,970000267028809;10,920000076293945;10,920000076293945;308200
2026-09-01;11:50:00;-03:00;10,920000076293945;10,9399995803833;10,920000076293945;10,920000076293945;107800
2026-09-01;11:55:00;-03:00;10,930000305175781;10,9399995803833;10,90999984741211;10,930000305175781;147000
2026-09-01;12:00:00;-03:00;10,9399995803833;10,949999809265137;10,90999984741211;10,90999984741211;159700
2026-09-01;12:05:00;-03:00;10,930000305175781;10,930000305175781;10,899999618530273;10,90999984741211;146600
2026-09-01;12:10:00;-03:00;10,920000076293945;10,930000305175781;10,90999984741211;10,920000076293945;59500
2026-09-01;12:15:00;-03:00;10,930000305175781;10,930000305175781;10,869999885559082;10,899999618530273;432300
2026-09-01;12:20:00;-03:00;10,890000343322754;10,899999618530273;10,880000114440918;10,880000114440918;187100
2026-09-01;12:25:00;-03:00;10,880000114440918;10,880000114440918;10,850000381469727;10,859999656677246;202800
2026-09-01;12:30:00;-03:00;10,869999885559082;10,869999885559082;10,850000381469727;10,859999656677246;121000
2026-09-01;12:35:00;-03:00;10,869999885559082;10,869999885559082;10,84000015258789;10,850000381469727;95900
2026-09-01;12:40:00;-03:00;10,859999656677246;10,880000114440918;10,850000381469727;10,880000114440918;72700
2026-09-01;12:45:00;-03:00;10,859999656677246;10,880000114440918;10,859999656677246;10,880000114440918;102700
2026-09-01;12:50:00;-03:00;10,869999885559082;10,880000114440918;10,859999656677246;10,859999656677246;55100
2026-09-01;12:55:00;-03:00;10,859999656677246;10,880000114440918;10,859999656677246;10,869999885559082;44700
2026-09-01;13:00:00;-03:00;10,880000114440918;10,899999618530273;10,869999885559082;10,890000343322754;65000
2026-09-01;13:05:00;-03:00;10,899999618530273;10,90999984741211;10,890000343322754;10,890000343322754;109800
2026-09-01;13:10:00;-03:00;10,890000343322754;10,90999984741211;10,880000114440918;10,899999618530273;162000
2026-09-01;13:15:00;-03:00;10,899999618530273;10,90999984741211;10,869999885559082;10,869999885559082;107500
2026-09-01;13:20:00;-03:00;10,869999885559082;10,880000114440918;10,829999923706055;10,850000381469727;364300
2026-09-01;13:25:00;-03:00;10,850000381469727;10,869999885559082;10,850000381469727;10,859999656677246;111800
2026-09-01;13:30:00;-03:00;10,859999656677246;10,869999885559082;10,850000381469727;10,850000381469727;64700
2026-09-01;13:35:00;-03:00;10,850000381469727;10,880000114440918;10,850000381469727;10,880000114440918;57000
2026-09-01;13:40:00;-03:00;10,880000114440918;10,880000114440918;10,850000381469727;10,859999656677246;96100
2026-09-01;13:45:00;-03:00;10,869999885559082;10,880000114440918;10,859999656677246;10,880000114440918;51100
2026-09-01;13:50:00;-03:00;10,869999885559082;10,880000114440918;10,869999885559082;10,869999885559082;44100
2026-09-01;13:55:00;-03:00;10,869999885559082;10,880000114440918;10,869999885559082;10,869999885559082;28400
2026-09-01;14:00:00;-03:00;10,880000114440918;10,880000114440918;10,859999656677246;10,859999656677246;170000
2026-09-01;14:05:00;-03:00;10,869999885559082;10,869999885559082;10,850000381469727;10,869999885559082;87300
2026-09-01;14:10:00;-03:00;10,859999656677246;10,880000114440918;10,859999656677246;10,869999885559082;188700
2026-09-01;14:15:00;-03:00;10,869999885559082;10,880000114440918;10,859999656677246;10,869999885559082;71500
2026-09-01;14:20:00;-03:00;10,869999885559082;10,869999885559082;10,859999656677246;10,859999656677246;54500
2026-09-01;14:25:00;-03:00;10,869999885559082;10,890000343322754;10,850000381469727;10,880000114440918;536200
2026-09-01;14:30:00;-03:00;10,880000114440918;10,920000076293945;10,880000114440918;10,880000114440918;293800
2026-09-01;14:35:00;-03:00;10,890000343322754;10,899999618530273;10,880000114440918;10,880000114440918;115000
2026-09-01;14:40:00;-03:00;10,890000343322754;10,890000343322754;10,880000114440918;10,880000114440918;32100
2026-09-01;14:45:00;-03:00;10,890000343322754;10,890000343322754;10,880000114440918;10,890000343322754;49700
2026-09-01;14:50:00;-03:00;10,890000343322754;10,890000343322754;10,880000114440918;10,890000343322754;48300
2026-09-01;14:55:00;-03:00;10,880000114440918;10,890000343322754;10,869999885559082;10,880000114440918;355300
2026-09-01;15:00:00;-03:00;10,880000114440918;10,899999618530273;10,869999885559082;10,899999618530273;132000
2026-09-01;15:05:00;-03:00;10,899999618530273;10,899999618530273;10,880000114440918;10,880000114440918;41900
2026-09-01;15:10:00;-03:00;10,880000114440918;10,90999984741211;10,880000114440918;10,90999984741211;167500
2026-09-01;15:15:00;-03:00;10,899999618530273;10,90999984741211;10,880000114440918;10,890000343322754;205100
2026-09-01;15:20:00;-03:00;10,890000343322754;10,899999618530273;10,880000114440918;10,880000114440918;86300
2026-09-01;15:25:00;-03:00;10,880000114440918;10,890000343322754;10,869999885559082;10,869999885559082;202900
2026-09-01;15:30:00;-03:00;10,880000114440918;10,890000343322754;10,869999885559082;10,880000114440918;112000
2026-09-01;15:35:00;-03:00;10,869999885559082;10,880000114440918;10,850000381469727;10,850000381469727;100000
2026-09-01;15:40:00;-03:00;10,859999656677246;10,859999656677246;10,850000381469727;10,850000381469727;54400
2026-09-01;15:45:00;-03:00;10,859999656677246;10,869999885559082;10,850000381469727;10,850000381469727;123500
2026-09-01;15:50:00;-03:00;10,850000381469727;10,859999656677246;10,850000381469727;10,859999656677246;39300
2026-09-01;15:55:00;-03:00;10,850000381469727;10,869999885559082;10,850000381469727;10,869999885559082;77200
2026-09-01;16:00:00;-03:00;10,869999885559082;10,880000114440918;10,859999656677246;10,869999885559082;215300
2026-09-01;16:05:00;-03:00;10,880000114440918;10,880000114440918;10,869999885559082;10,869999885559082;32700
2026-09-01;16:10:00;-03:00;10,869999885559082;10,880000114440918;10,850000381469727;10,859999656677246;228500
2026-09-01;16:15:00;-03:00;10,859999656677246;10,869999885559082;10,850000381469727;10,859999656677246;152400
2026-09-01;16:20:00;-03:00;10,859999656677246;10,869999885559082;10,850000381469727;10,850000381469727;133800
2026-09-01;16:25:00;-03:00;10,850000381469727;10,859999656677246;10,829999923706055;10,84000015258789;312700
2026-09-01;16:30:00;-03:00;10,829999923706055;10,84000015258789;10,789999961853027;10,789999961853027;344300
2026-09-01;16:35:00;-03:00;10,789999961853027;10,800000190734863;10,779999732971191;10,779999732971191;419200
2026-09-01;16:40:00;-03:00;10,779999732971191;10,8100004196167;10,779999732971191;10,789999961853027;761700
2026-09-01;16:45:00;-03:00;10,800000190734863;10,800000190734863;10,779999732971191;10,789999961853027;134500
2026-09-01;16:50:00;-03:00;10,779999732971191;10,800000190734863;10,770000457763672;10,789999961853027;252000
2026-09-02;10:00:00;-03:00;10,890000343322754;10,890000343322754;10,84000015258789;10,859999656677246;0
2026-09-02;10:05:00;-03:00;10,869999885559082;10,880000114440918;10,829999923706055;10,829999923706055;64000
2026-09-02;10:10:00;-03:00;10,829999923706055;10,850000381469727;10,8100004196167;10,8100004196167;97500
2026-09-02;10:15:00;-03:00;10,819999694824219;10,829999923706055;10,800000190734863;10,8100004196167;91900
2026-09-02;10:20:00;-03:00;10,8100004196167;10,850000381469727;10,779999732971191;10,850000381469727;154000
2026-09-02;10:25:00;-03:00;10,859999656677246;10,930000305175781;10,850000381469727;10,920000076293945;381100
2026-09-02;10:30:00;-03:00;10,930000305175781;10,930000305175781;10,880000114440918;10,890000343322754;366800
2026-09-02;10:35:00;-03:00;10,899999618530273;10,90999984741211;10,869999885559082;10,890000343322754;266000
2026-09-02;10:40:00;-03:00;10,890000343322754;10,960000038146973;10,880000114440918;10,949999809265137;497500
2026-09-02;10:45:00;-03:00;10,9399995803833;10,9399995803833;10,890000343322754;10,890000343322754;153700
2026-09-02;10:50:00;-03:00;10,899999618530273;10,930000305175781;10,890000343322754;10,90999984741211;193400
2026-09-02;10:55:00;-03:00;10,899999618530273;10,949999809265137;10,890000343322754;10,90999984741211;879200
2026-09-02;11:00:00;-03:00;10,90999984741211;10,9399995803833;10,890000343322754;10,920000076293945;459200
2026-09-02;11:05:00;-03:00;10,90999984741211;10,920000076293945;10,890000343322754;10,890000343322754;203900
2026-09-02;11:10:00;-03:00;10,890000343322754;10,890000343322754;10,859999656677246;10,890000343322754;291400
2026-09-02;11:15:00;-03:00;10,880000114440918;10,90999984741211;10,880000114440918;10,890000343322754;751400
2026-09-02;11:20:00;-03:00;10,899999618530273;10,949999809265137;10,890000343322754;10,9399995803833;1063000
2026-09-02;11:25:00;-03:00;10,949999809265137;10,949999809265137;10,920000076293945;10,920000076293945;212500
2026-09-02;11:30:00;-03:00;10,930000305175781;10,9399995803833;10,920000076293945;10,930000305175781;246300
2026-09-02;11:35:00;-03:00;10,930000305175781;10,949999809265137;10,920000076293945;10,930000305175781;185400
2026-09-02;11:40:00;-03:00;10,930000305175781;10,989999771118164;10,920000076293945;10,960000038146973;3161200
2026-09-02;11:45:00;-03:00;10,960000038146973;10,979999542236328;10,960000038146973;10,970000267028809;178600
2026-09-02;11:50:00;-03:00;10,970000267028809;10,979999542236328;10,949999809265137;10,979999542236328;127600
2026-09-02;11:55:00;-03:00;10,970000267028809;10,979999542236328;10,960000038146973;10,970000267028809;107300
2026-09-02;12:00:00;-03:00;10,970000267028809;11,0600004196167;10,960000038146973;11,029999732971191;471900
2026-09-02;12:05:00;-03:00;11,020000457763672;11,069999694824219;11,020000457763672;11,029999732971191;395300
2026-09-02;12:10:00;-03:00;11,039999961853027;11,0600004196167;11,020000457763672;11,050000190734863;160500
2026-09-02;12:15:00;-03:00;11,050000190734863;11,0600004196167;11,0;11,0;247300
2026-09-02;12:20:00;-03:00;11,0;11,010000228881836;10,979999542236328;10,989999771118164;147800
2026-09-02;12:25:00;-03:00;11,0;11,010000228881836;10,989999771118164;11,0;105400
2026-09-02;12:30:00;-03:00;11,0;11,020000457763672;11,0;11,020000457763672;80700
2026-09-02;12:35:00;-03:00;11,010000228881836;11,029999732971191;11,010000228881836;11,020000457763672;76500
2026-09-02;12:40:00;-03:00;11,029999732971191;11,029999732971191;11,0;11,0;147700
2026-09-02;12:45:00;-03:00;11,010000228881836;11,020000457763672;10,989999771118164;11,0;118800
2026-09-02;12:50:00;-03:00;11,010000228881836;11,010000228881836;10,989999771118164;10,989999771118164;135400
2026-09-02;12:55:00;-03:00;11,0;11,0;10,970000267028809;10,970000267028809;1434400
2026-09-02;13:00:00;-03:00;10,979999542236328;10,979999542236328;10,960000038146973;10,970000267028809;169800
2026-09-02;13:05:00;-03:00;10,979999542236328;10,989999771118164;10,960000038146973;10,989999771118164;77200
2026-09-02;13:10:00;-03:00;10,989999771118164;10,989999771118164;10,970000267028809;10,979999542236328;122300
2026-09-02;13:15:00;-03:00;10,979999542236328;10,989999771118164;10,970000267028809;10,979999542236328;122700
2026-09-02;13:20:00;-03:00;10,979999542236328;11,0;10,970000267028809;10,989999771118164;97500
2026-09-02;13:25:00;-03:00;11,0;11,0;10,989999771118164;11,0;48300
2026-09-02;13:30:00;-03:00;11,0;11,020000457763672;10,970000267028809;10,970000267028809;358900
2026-09-02;13:35:00;-03:00;10,970000267028809;11,010000228881836;10,970000267028809;11,0;242100
2026-09-02;13:40:00;-03:00;11,010000228881836;11,010000228881836;11,0;11,0;97000
2026-09-02;13:45:00;-03:00;11,010000228881836;11,020000457763672;10,989999771118164;10,989999771118164;133100
2026-09-02;13:50:00;-03:00;10,989999771118164;11,029999732971191;10,989999771118164;11,029999732971191;215100
2026-09-02;13:55:00;-03:00;11,029999732971191;11,039999961853027;11,020000457763672;11,020000457763672;105900
2026-09-02;14:00:00;-03:00;11,029999732971191;11,039999961853027;11,020000457763672;11,020000457763672;107000
2026-09-02;14:05:00;-03:00;11,029999732971191;11,029999732971191;11,0;11,010000228881836;98000
2026-09-02;14:10:00;-03:00;11,0;11,010000228881836;11,0;11,0;70500
2026-09-02;14:15:00;-03:00;11,0;11,010000228881836;10,989999771118164;10,989999771118164;114800
2026-09-02;14:20:00;-03:00;11,010000228881836;11,029999732971191;10,989999771118164;11,010000228881836;204800
2026-09-02;14:25:00;-03:00;11,020000457763672;11,020000457763672;11,0;11,020000457763672;202400
2026-09-02;14:30:00;-03:00;11,029999732971191;11,029999732971191;11,010000228881836;11,020000457763672;101400
2026-09-02;14:35:00;-03:00;11,020000457763672;11,029999732971191;11,010000228881836;11,010000228881836;252400
2026-09-02;14:40:00;-03:00;11,020000457763672;11,020000457763672;11,010000228881836;11,020000457763672;103300
2026-09-02;14:45:00;-03:00;11,020000457763672;11,029999732971191;11,010000228881836;11,020000457763672;83600
2026-09-02;14:50:00;-03:00;11,020000457763672;11,020000457763672;11,0;11,0;169500
2026-09-02;14:55:00;-03:00;11,010000228881836;11,029999732971191;11,0;11,010000228881836;151000
2026-09-02;15:00:00;-03:00;11,010000228881836;11,029999732971191;11,010000228881836;11,020000457763672;147500
2026-09-02;15:05:00;-03:00;11,020000457763672;11,029999732971191;11,010000228881836;11,010000228881836;139700
2026-09-02;15:10:00;-03:00;11,020000457763672;11,020000457763672;11,010000228881836;11,020000457763672;140000
2026-09-02;15:15:00;-03:00;11,020000457763672;11,039999961853027;11,010000228881836;11,020000457763672;267500
2026-09-02;15:20:00;-03:00;11,020000457763672;11,039999961853027;11,010000228881836;11,020000457763672;140800
2026-09-02;15:25:00;-03:00;11,010000228881836;11,029999732971191;11,0;11,0;297800
2026-09-02;15:30:00;-03:00;11,0;11,020000457763672;11,0;11,0;223700
2026-09-02;15:35:00;-03:00;11,010000228881836;11,010000228881836;11,0;11,0;130500
2026-09-02;15:40:00;-03:00;11,010000228881836;11,020000457763672;11,0;11,0;173600
2026-09-02;15:45:00;-03:00;11,0;11,020000457763672;11,0;11,020000457763672;159300
2026-09-02;15:50:00;-03:00;11,010000228881836;11,039999961853027;11,010000228881836;11,020000457763672;386800
2026-09-02;15:55:00;-03:00;11,029999732971191;11,029999732971191;10,989999771118164;11,0;516000
2026-09-02;16:00:00;-03:00;11,010000228881836;11,020000457763672;11,0;11,020000457763672;174800
2026-09-02;16:05:00;-03:00;11,010000228881836;11,029999732971191;11,010000228881836;11,020000457763672;192200
2026-09-02;16:10:00;-03:00;11,029999732971191;11,029999732971191;11,020000457763672;11,020000457763672;219500
2026-09-02;16:15:00;-03:00;11,029999732971191;11,039999961853027;11,020000457763672;11,029999732971191;171300
2026-09-02;16:20:00;-03:00;11,029999732971191;11,039999961853027;11,010000228881836;11,010000228881836;216100
2026-09-02;16:25:00;-03:00;11,020000457763672;11,020000457763672;11,0;11,0;277500
2026-09-02;16:30:00;-03:00;11,0;11,020000457763672;11,0;11,010000228881836;252500
2026-09-02;16:35:00;-03:00;11,010000228881836;11,020000457763672;11,010000228881836;11,010000228881836;346900
2026-09-02;16:40:00;-03:00;11,020000457763672;11,029999732971191;11,010000228881836;11,020000457763672;316800
2026-09-02;16:45:00;-03:00;11,029999732971191;11,029999732971191;11,010000228881836;11,029999732971191;339400
2026-09-02;16:50:00;-03:00;11,029999732971191;11,039999961853027;10,989999771118164;10,989999771118164;623400
2026-09-03;10:00:00;-03:00;11,100000381469727;11,199999809265137;11,100000381469727;11,180000305175781;0
2026-09-03;10:05:00;-03:00;11,170000076293945;11,199999809265137;11,149999618530273;11,1899995803833;167900
2026-09-03;10:10:00;-03:00;11,1899995803833;11,220000267028809;11,170000076293945;11,210000038146973;178600
2026-09-03;10:15:00;-03:00;11,210000038146973;11,260000228881836;11,210000038146973;11,229999542236328;283100
2026-09-03;10:20:00;-03:00;11,229999542236328;11,25;11,220000267028809;11,220000267028809;338100
2026-09-03;10:25:00;-03:00;11,229999542236328;11,300000190734863;11,210000038146973;11,289999961853027;326500
2026-09-03;10:30:00;-03:00;11,300000190734863;11,3100004196167;11,229999542236328;11,260000228881836;366500
2026-09-03;10:35:00;-03:00;11,260000228881836;11,300000190734863;11,25;11,270000457763672;330900
2026-09-03;10:40:00;-03:00;11,270000457763672;11,279999732971191;11,239999771118164;11,260000228881836;555500
2026-09-03;10:45:00;-03:00;11,260000228881836;11,270000457763672;11,199999809265137;11,220000267028809;388400
2026-09-03;10:50:00;-03:00;11,220000267028809;11,25;11,210000038146973;11,229999542236328;219100
2026-09-03;10:55:00;-03:00;11,239999771118164;11,25;11,220000267028809;11,220000267028809;209400
2026-09-03;11:00:00;-03:00;11,220000267028809;11,239999771118164;11,199999809265137;11,210000038146973;333200
2026-09-03;11:05:00;-03:00;11,210000038146973;11,220000267028809;11,180000305175781;11,1899995803833;171600
2026-09-03;11:10:00;-03:00;11,1899995803833;11,199999809265137;11,170000076293945;11,1899995803833;132300
2026-09-03;11:15:00;-03:00;11,1899995803833;11,210000038146973;11,170000076293945;11,180000305175781;338600
2026-09-03;11:20:00;-03:00;11,170000076293945;11,180000305175781;11,170000076293945;11,170000076293945;110700
2026-09-03;11:25:00;-03:00;11,180000305175781;11,180000305175781;11,149999618530273;11,15999984741211;300700
2026-09-03;11:30:00;-03:00;11,149999618530273;11,15999984741211;11,130000114440918;11,140000343322754;169200
2026-09-03;11:35:00;-03:00;11,140000343322754;11,15999984741211;11,130000114440918;11,149999618530273;213400
2026-09-03;11:40:00;-03:00;11,140000343322754;11,15999984741211;11,140000343322754;11,149999618530273;151800
2026-09-03;11:45:00;-03:00;11,15999984741211;11,170000076293945;11,149999618530273;11,15999984741211;170600
2026-09-03;11:50:00;-03:00;11,170000076293945;11,1899995803833;11,15999984741211;11,170000076293945;170100
2026-09-03;11:55:00;-03:00;11,180000305175781;11,1899995803833;11,15999984741211;11,170000076293945;303200
2026-09-03;12:00:00;-03:00;11,180000305175781;11,1899995803833;11,170000076293945;11,170000076293945;273300
2026-09-03;12:05:00;-03:00;11,170000076293945;11,1899995803833;11,149999618530273;11,149999618530273;170000
2026-09-03;12:10:00;-03:00;11,15999984741211;11,170000076293945;11,149999618530273;11,170000076293945;166300
2026-09-03;12:15:00;-03:00;11,15999984741211;11,170000076293945;11,149999618530273;11,15999984741211;190400
2026-09-03;12:20:00;-03:00;11,170000076293945;11,170000076293945;11,149999618530273;11,149999618530273;115200
2026-09-03;12:25:00;-03:00;11,15999984741211;11,170000076293945;11,140000343322754;11,170000076293945;242300
2026-09-03;12:30:00;-03:00;11,170000076293945;11,180000305175781;11,15999984741211;11,170000076293945;106500
2026-09-03;12:35:00;-03:00;11,180000305175781;11,1899995803833;11,15999984741211;11,170000076293945;94400
2026-09-03;12:40:00;-03:00;11,180000305175781;11,180000305175781;11,15999984741211;11,15999984741211;84500
2026-09-03;12:45:00;-03:00;11,170000076293945;11,180000305175781;11,15999984741211;11,170000076293945;110300
2026-09-03;12:50:00;-03:00;11,180000305175781;11,180000305175781;11,15999984741211;11,15999984741211;138000
2026-09-03;12:55:00;-03:00;11,170000076293945;11,170000076293945;11,149999618530273;11,149999618530273;123800
2026-09-03;13:00:00;-03:00;11,15999984741211;11,170000076293945;11,130000114440918;11,140000343322754;192300
2026-09-03;13:05:00;-03:00;11,149999618530273;11,149999618530273;11,130000114440918;11,130000114440918;120200
2026-09-03;13:10:00;-03:00;11,130000114440918;11,140000343322754;11,119999885559082;11,130000114440918;126700
2026-09-03;13:15:00;-03:00;11,130000114440918;11,140000343322754;11,130000114440918;11,130000114440918;99100
2026-09-03;13:20:00;-03:00;11,140000343322754;11,140000343322754;11,119999885559082;11,140000343322754;102900
2026-09-03;13:25:00;-03:00;11,140000343322754;11,149999618530273;11,130000114440918;11,130000114440918;88700
2026-09-03;13:30:00;-03:00;11,130000114440918;11,140000343322754;11,109999656677246;11,130000114440918;117500
2026-09-03;13:35:00;-03:00;11,140000343322754;11,140000343322754;11,119999885559082;11,119999885559082;100300
2026-09-03;13:40:00;-03:00;11,130000114440918;11,140000343322754;11,119999885559082;11,140000343322754;120400
2026-09-03;13:45:00;-03:00;11,130000114440918;11,140000343322754;11,130000114440918;11,130000114440918;82700
2026-09-03;13:50:00;-03:00;11,140000343322754;11,140000343322754;11,119999885559082;11,119999885559082;120600
2026-09-03;13:55:00;-03:00;11,119999885559082;11,130000114440918;11,119999885559082;11,119999885559082;132500
2026-09-03;14:00:00;-03:00;11,130000114440918;11,140000343322754;11,109999656677246;11,119999885559082;170900
2026-09-03;14:05:00;-03:00;11,130000114440918;11,149999618530273;11,119999885559082;11,140000343322754;93100
2026-09-03;14:10:00;-03:00;11,149999618530273;11,15999984741211;11,140000343322754;11,140000343322754;62300
2026-09-03;14:15:00;-03:00;11,140000343322754;11,149999618530273;11,130000114440918;11,130000114440918;97400
2026-09-03;14:20:00;-03:00;11,140000343322754;11,149999618530273;11,130000114440918;11,130000114440918;79400
2026-09-03;14:25:00;-03:00;11,130000114440918;11,149999618530273;11,130000114440918;11,149999618530273;99200
2026-09-03;14:30:00;-03:00;11,149999618530273;11,149999618530273;11,119999885559082;11,130000114440918;269600
2026-09-03;14:35:00;-03:00;11,130000114440918;11,149999618530273;11,130000114440918;11,140000343322754;69600
2026-09-03;14:40:00;-03:00;11,140000343322754;11,15999984741211;11,130000114440918;11,149999618530273;312000
2026-09-03;14:45:00;-03:00;11,149999618530273;11,170000076293945;11,149999618530273;11,170000076293945;65100
2026-09-03;14:50:00;-03:00;11,15999984741211;11,180000305175781;11,149999618530273;11,149999618530273;143100
2026-09-03;14:55:00;-03:00;11,15999984741211;11,15999984741211;11,149999618530273;11,15999984741211;87000
2026-09-03;15:00:00;-03:00;11,149999618530273;11,15999984741211;11,140000343322754;11,15999984741211;144600
2026-09-03;15:05:00;-03:00;11,15999984741211;11,170000076293945;11,149999618530273;11,170000076293945;74700
2026-09-03;15:10:00;-03:00;11,15999984741211;11,1899995803833;11,15999984741211;11,180000305175781;167900
2026-09-03;15:15:00;-03:00;11,180000305175781;11,1899995803833;11,170000076293945;11,180000305175781;77300
2026-09-03;15:20:00;-03:00;11,180000305175781;11,1899995803833;11,170000076293945;11,180000305175781;160900
2026-09-03;15:25:00;-03:00;11,180000305175781;11,180000305175781;11,170000076293945;11,170000076293945;74300
2026-09-03;15:30:00;-03:00;11,180000305175781;11,180000305175781;11,15999984741211;11,170000076293945;127700
2026-09-03;15:35:00;-03:00;11,15999984741211;11,180000305175781;11,15999984741211;11,15999984741211;89200
2026-09-03;15:40:00;-03:00;11,170000076293945;11,180000305175781;11,15999984741211;11,180000305175781;72500
2026-09-03;15:45:00;-03:00;11,170000076293945;11,180000305175781;11,15999984741211;11,180000305175781;81800
2026-09-03;15:50:00;-03:00;11,180000305175781;11,1899995803833;11,170000076293945;11,170000076293945;65400
2026-09-03;15:55:00;-03:00;11,180000305175781;11,180000305175781;11,15999984741211;11,170000076293945;222400
2026-09-03;16:00:00;-03:00;11,170000076293945;11,170000076293945;11,149999618530273;11,15999984741211;156000
2026-09-03;16:05:00;-03:00;11,15999984741211;11,180000305175781;11,15999984741211;11,170000076293945;69100
2026-09-03;16:10:00;-03:00;11,170000076293945;11,180000305175781;11,15999984741211;11,180000305175781;71200
2026-09-03;16:15:00;-03:00;11,180000305175781;11,180000305175781;11,15999984741211;11,180000305175781;101900
2026-09-03;16:20:00;-03:00;11,180000305175781;11,1899995803833;11,170000076293945;11,180000305175781;170800
2026-09-03;16:25:00;-03:00;11,170000076293945;11,1899995803833;11,15999984741211;11,170000076293945;230300
2026-09-03;16:30:00;-03:00;11,1899995803833;11,199999809265137;11,180000305175781;11,1899995803833;147300
2026-09-03;16:35:00;-03:00;11,1899995803833;11,199999809265137;11,180000305175781;11,1899995803833;119100
2026-09-03;16:40:00;-03:00;11,1899995803833;11,199999809265137;11,180000305175781;11,1899995803833;218800
2026-09-03;16:45:00;-03:00;11,199999809265137;11,199999809265137;11,180000305175781;11,1899995803833;1174200
2026-09-03;16:50:00;-03:00;11,1899995803833;11,199999809265137;11,180000305175781;11,199999809265137;210900
2026-09-04;10:00:00;-03:00;11,199999809265137;11,220000267028809;11,170000076293945;11,180000305175781;0
2026-09-04;10:05:00;-03:00;11,170000076293945;11,1899995803833;11,140000343322754;11,149999618530273;286100
2026-09-04;10:10:00;-03:00;11,149999618530273;11,149999618530273;11,119999885559082;11,140000343322754;40100
2026-09-04;10:15:00;-03:00;11,140000343322754;11,15999984741211;11,109999656677246;11,140000343322754;27000
2026-09-04;10:20:00;-03:00;11,130000114440918;11,140000343322754;11,109999656677246;11,119999885559082;160300
2026-09-04;10:25:00;-03:00;11,119999885559082;11,119999885559082;11,0600004196167;11,079999923706055;82700
2026-09-04;10:30:00;-03:00;11,069999694824219;11,119999885559082;11,069999694824219;11,119999885559082;86500
2026-09-04;10:35:00;-03:00;11,109999656677246;11,140000343322754;11,100000381469727;11,109999656677246;270600
2026-09-04;10:40:00;-03:00;11,109999656677246;11,15999984741211;11,109999656677246;11,140000343322754;121600
2026-09-04;10:45:00;-03:00;11,149999618530273;11,170000076293945;11,149999618530273;11,15999984741211;78100
2026-09-04;10:50:00;-03:00;11,149999618530273;11,149999618530273;11,119999885559082;11,130000114440918;63900
2026-09-04;10:55:00;-03:00;11,130000114440918;11,140000343322754;11,119999885559082;11,140000343322754;66900
2026-09-04;11:00:00;-03:00;11,130000114440918;11,15999984741211;11,130000114440918;11,149999618530273;73700
2026-09-04;11:05:00;-03:00;11,15999984741211;11,199999809265137;11,15999984741211;11,199999809265137;150500
2026-09-04;11:10:00;-03:00;11,199999809265137;11,220000267028809;11,1899995803833;11,199999809265137;243800
2026-09-04;11:15:00;-03:00;11,210000038146973;11,239999771118164;11,199999809265137;11,210000038146973;186300
2026-09-04;11:20:00;-03:00;11,220000267028809;11,229999542236328;11,199999809265137;11,199999809265137;100400
2026-09-04;11:25:00;-03:00;11,199999809265137;11,220000267028809;11,199999809265137;11,220000267028809;123800
2026-09-04;11:30:00;-03:00;11,210000038146973;11,210000038146973;11,1899995803833;11,199999809265137;65800
2026-09-04;11:35:00;-03:00;11,210000038146973;11,229999542236328;11,199999809265137;11,210000038146973;103200
2026-09-04;11:40:00;-03:00;11,210000038146973;11,229999542236328;11,199999809265137;11,220000267028809;75200
2026-09-04;11:45:00;-03:00;11,229999542236328;11,239999771118164;11,180000305175781;11,1899995803833;337900
2026-09-04;11:50:00;-03:00;11,180000305175781;11,199999809265137;11,180000305175781;11,180000305175781;69300
2026-09-04;11:55:00;-03:00;11,180000305175781;11,220000267028809;11,180000305175781;11,199999809265137;199700
2026-09-04;12:00:00;-03:00;11,210000038146973;11,25;11,199999809265137;11,25;312200
2026-09-04;12:05:00;-03:00;11,25;11,25;11,229999542236328;11,229999542236328;125800
2026-09-04;12:10:00;-03:00;11,239999771118164;11,25;11,229999542236328;11,229999542236328;137800
2026-09-04;12:15:00;-03:00;11,229999542236328;11,239999771118164;11,229999542236328;11,229999542236328;69300
2026-09-04;12:20:00;-03:00;11,239999771118164;11,260000228881836;11,229999542236328;11,239999771118164;175700
2026-09-04;12:25:00;-03:00;11,239999771118164;11,25;11,229999542236328;11,229999542236328;82600
2026-09-04;12:30:00;-03:00;11,229999542236328;11,25;11,229999542236328;11,239999771118164;90600
2026-09-04;12:35:00;-03:00;11,25;11,25;11,229999542236328;11,229999542236328;99600
2026-09-04;12:40:00;-03:00;11,229999542236328;11,25;11,229999542236328;11,229999542236328;121600
2026-09-04;12:45:00;-03:00;11,229999542236328;11,25;11,229999542236328;11,25;96000
2026-09-04;12:50:00;-03:00;11,239999771118164;11,25;11,239999771118164;11,239999771118164;73900
2026-09-04;12:55:00;-03:00;11,239999771118164;11,270000457763672;11,239999771118164;11,25;223200
2026-09-04;13:00:00;-03:00;11,25;11,260000228881836;11,239999771118164;11,25;107000
2026-09-04;13:05:00;-03:00;11,25;11,270000457763672;11,25;11,25;324100
2026-09-04;13:10:00;-03:00;11,25;11,270000457763672;11,25;11,25;104200
2026-09-04;13:15:00;-03:00;11,25;11,279999732971191;11,25;11,270000457763672;252400
2026-09-04;13:20:00;-03:00;11,270000457763672;11,289999961853027;11,270000457763672;11,279999732971191;80900
2026-09-04;13:25:00;-03:00;11,279999732971191;11,289999961853027;11,279999732971191;11,279999732971191;192600
2026-09-04;13:30:00;-03:00;11,279999732971191;11,289999961853027;11,279999732971191;11,289999961853027;88500
2026-09-04;13:35:00;-03:00;11,279999732971191;11,289999961853027;11,279999732971191;11,279999732971191;73600
2026-09-04;13:40:00;-03:00;11,289999961853027;11,289999961853027;11,260000228881836;11,260000228881836;223300
2026-09-04;13:45:00;-03:00;11,260000228881836;11,279999732971191;11,260000228881836;11,260000228881836;157200
2026-09-04;13:50:00;-03:00;11,260000228881836;11,279999732971191;11,260000228881836;11,260000228881836;83800
2026-09-04;13:55:00;-03:00;11,260000228881836;11,270000457763672;11,239999771118164;11,239999771118164;124200
2026-09-04;14:00:00;-03:00;11,239999771118164;11,260000228881836;11,239999771118164;11,239999771118164;95300
2026-09-04;14:05:00;-03:00;11,239999771118164;11,25;11,229999542236328;11,239999771118164;111700
2026-09-04;14:10:00;-03:00;11,239999771118164;11,25;11,239999771118164;11,239999771118164;94000
2026-09-04;14:15:00;-03:00;11,239999771118164;11,270000457763672;11,239999771118164;11,25;113200
2026-09-04;14:20:00;-03:00;11,25;11,270000457763672;11,239999771118164;11,25;97700
2026-09-04;14:25:00;-03:00;11,25;11,260000228881836;11,239999771118164;11,25;115000
2026-09-04;14:30:00;-03:00;11,25;11,260000228881836;11,239999771118164;11,260000228881836;153000
2026-09-04;14:35:00;-03:00;11,260000228881836;11,270000457763672;11,239999771118164;11,260000228881836;169900
2026-09-04;14:40:00;-03:00;11,270000457763672;11,270000457763672;11,239999771118164;11,25;80700
2026-09-04;14:45:00;-03:00;11,239999771118164;11,25;11,239999771118164;11,239999771118164;75800
2026-09-04;14:50:00;-03:00;11,25;11,260000228881836;11,239999771118164;11,25;118900
2026-09-04;14:55:00;-03:00;11,25;11,260000228881836;11,239999771118164;11,260000228881836;122600
2026-09-04;15:00:00;-03:00;11,25;11,270000457763672;11,25;11,25;93600
2026-09-04;15:05:00;-03:00;11,260000228881836;11,260000228881836;11,239999771118164;11,239999771118164;97200
2026-09-04;15:10:00;-03:00;11,25;11,260000228881836;11,239999771118164;11,25;120000
2026-09-04;15:15:00;-03:00;11,25;11,270000457763672;11,25;11,260000228881836;176000
2026-09-04;15:20:00;-03:00;11,260000228881836;11,270000457763672;11,25;11,260000228881836;99900
2026-09-04;15:25:00;-03:00;11,260000228881836;11,270000457763672;11,25;11,260000228881836;69900
2026-09-04;15:30:00;-03:00;11,25;11,260000228881836;11,239999771118164;11,25;84600
2026-09-04;15:35:00;-03:00;11,25;11,260000228881836;11,25;11,25;55600
2026-09-04;15:40:00;-03:00;11,25;11,260000228881836;11,25;11,25;66700
2026-09-04;15:45:00;-03:00;11,25;11,260000228881836;11,25;11,260000228881836;152300
2026-09-04;15:50:00;-03:00;11,260000228881836;11,270000457763672;11,239999771118164;11,270000457763672;208700
2026-09-04;15:55:00;-03:00;11,270000457763672;11,270000457763672;11,260000228881836;11,260000228881836;67800
2026-09-04;16:00:00;-03:00;11,260000228881836;11,279999732971191;11,229999542236328;11,229999542236328;253300
2026-09-04;16:05:00;-03:00;11,229999542236328;11,239999771118164;11,229999542236328;11,239999771118164;216300
2026-09-04;16:10:00;-03:00;11,239999771118164;11,25;11,229999542236328;11,239999771118164;200800
2026-09-04;16:15:00;-03:00;11,239999771118164;11,25;11,229999542236328;11,25;345900
2026-09-04;16:20:00;-03:00;11,25;11,260000228881836;11,239999771118164;11,25;215100
2026-09-04;16:25:00;-03:00;11,239999771118164;11,25;11,229999542236328;11,239999771118164;201500
2026-09-04;16:30:00;-03:00;11,229999542236328;11,229999542236328;11,199999809265137;11,220000267028809;243200
2026-09-04;16:35:00;-03:00;11,220000267028809;11,220000267028809;11,199999809265137;11,220000267028809;232800
2026-09-04;16:40:00;-03:00;11,220000267028809;11,229999542236328;11,210000038146973;11,220000267028809;250000
2026-09-04;16:45:00;-03:00;11,229999542236328;11,25;11,220000267028809;11,25;152500
2026-09-08;10:00:00;-03:00;11,380000114440918;11,460000038146973;11,359999656677246;11,420000076293945;0
2026-09-08;10:05:00;-03:00;11,40999984741211;11,59000015258789;11,40999984741211;11,579999923706055;706900
2026-09-08;10:10:00;-03:00;11,579999923706055;11,609999656677246;11,510000228881836;11,520000457763672;289800
2026-09-08;10:15:00;-03:00;11,520000457763672;11,550000190734863;11,479999542236328;11,489999771118164;123200
2026-09-08;10:20:00;-03:00;11,489999771118164;11,510000228881836;11,460000038146973;11,460000038146973;183800
2026-09-08;10:25:00;-03:00;11,470000267028809;11,479999542236328;11,449999809265137;11,460000038146973;106700
2026-09-08;10:30:00;-03:00;11,460000038146973;11,460000038146973;11,420000076293945;11,4399995803833;153400
2026-09-08;10:35:00;-03:00;11,449999809265137;11,470000267028809;11,430000305175781;11,470000267028809;160700
2026-09-08;10:40:00;-03:00;11,460000038146973;11,569999694824219;11,460000038146973;11,5600004196167;612300
2026-09-08;10:45:00;-03:00;11,5600004196167;11,579999923706055;11,539999961853027;11,5600004196167;444200
2026-09-08;10:50:00;-03:00;11,5600004196167;11,59000015258789;11,550000190734863;11,550000190734863;530500
2026-09-08;10:55:00;-03:00;11,5600004196167;11,5600004196167;11,520000457763672;11,5600004196167;243500
2026-09-08;11:00:00;-03:00;11,5600004196167;11,579999923706055;11,539999961853027;11,569999694824219;289400
2026-09-08;11:05:00;-03:00;11,5600004196167;11,579999923706055;11,5600004196167;11,579999923706055;168400
2026-09-08;11:10:00;-03:00;11,579999923706055;11,59000015258789;11,550000190734863;11,579999923706055;185200
2026-09-08;11:15:00;-03:00;11,569999694824219;11,579999923706055;11,520000457763672;11,5600004196167;388900
2026-09-08;11:20:00;-03:00;11,5600004196167;11,59000015258789;11,550000190734863;11,579999923706055;183400
2026-09-08;11:25:00;-03:00;11,59000015258789;11,600000381469727;11,569999694824219;11,579999923706055;112800
2026-09-08;11:30:00;-03:00;11,579999923706055;11,619999885559082;11,569999694824219;11,609999656677246;156400
2026-09-08;11:35:00;-03:00;11,609999656677246;11,619999885559082;11,579999923706055;11,59000015258789;150000
2026-09-08;11:40:00;-03:00;11,59000015258789;11,619999885559082;11,569999694824219;11,619999885559082;236800
2026-09-08;11:45:00;-03:00;11,619999885559082;11,649999618530273;11,609999656677246;11,640000343322754;256300
2026-09-08;11:50:00;-03:00;11,640000343322754;11,649999618530273;11,600000381469727;11,640000343322754;311300
2026-09-08;11:55:00;-03:00;11,649999618530273;11,649999618530273;11,59000015258789;11,600000381469727;99600
2026-09-08;12:00:00;-03:00;11,59000015258789;11,600000381469727;11,569999694824219;11,569999694824219;82000
2026-09-08;12:05:00;-03:00;11,569999694824219;11,600000381469727;11,5600004196167;11,600000381469727;232600
2026-09-08;12:10:00;-03:00;11,600000381469727;11,600000381469727;11,569999694824219;11,569999694824219;159600
2026-09-08;12:15:00;-03:00;11,569999694824219;11,579999923706055;11,529999732971191;11,539999961853027;99800
2026-09-08;12:20:00;-03:00;11,529999732971191;11,5600004196167;11,529999732971191;11,550000190734863;127400
2026-09-08;12:25:00;-03:00;11,5600004196167;11,569999694824219;11,550000190734863;11,569999694824219;60200
2026-09-08;12:30:00;-03:00;11,569999694824219;11,569999694824219;11,550000190734863;11,5600004196167;113500
2026-09-08;12:35:00;-03:00;11,569999694824219;11,569999694824219;11,5600004196167;11,569999694824219;26400
2026-09-08;12:40:00;-03:00;11,5600004196167;11,569999694824219;11,5600004196167;11,569999694824219;44600
2026-09-08;12:45:00;-03:00;11,5600004196167;11,579999923706055;11,550000190734863;11,569999694824219;222300
2026-09-08;12:50:00;-03:00;11,569999694824219;11,579999923706055;11,5600004196167;11,569999694824219;63300
2026-09-08;12:55:00;-03:00;11,5600004196167;11,5600004196167;11,510000228881836;11,529999732971191;238500
2026-09-08;13:00:00;-03:00;11,529999732971191;11,539999961853027;11,520000457763672;11,529999732971191;52800
2026-09-08;13:05:00;-03:00;11,520000457763672;11,550000190734863;11,520000457763672;11,550000190734863;72200
2026-09-08;13:10:00;-03:00;11,550000190734863;11,5600004196167;11,539999961853027;11,5600004196167;138100
2026-09-08;13:15:00;-03:00;11,5600004196167;11,5600004196167;11,550000190734863;11,550000190734863;22700
2026-09-08;13:20:00;-03:00;11,550000190734863;11,569999694824219;11,539999961853027;11,550000190734863;113300
2026-09-08;13:25:00;-03:00;11,539999961853027;11,5600004196167;11,539999961853027;11,5600004196167;34400
2026-09-08;13:30:00;-03:00;11,5600004196167;11,579999923706055;11,550000190734863;11,579999923706055;72800
2026-09-08;13:35:00;-03:00;11,579999923706055;11,579999923706055;11,569999694824219;11,579999923706055;43400
2026-09-08;13:40:00;-03:00;11,579999923706055;11,59000015258789;11,569999694824219;11,59000015258789;236400
2026-09-08;13:45:00;-03:00;11,579999923706055;11,59000015258789;11,569999694824219;11,569999694824219;84100
2026-09-08;13:50:00;-03:00;11,569999694824219;11,579999923706055;11,569999694824219;11,569999694824219;41800
2026-09-08;13:55:00;-03:00;11,579999923706055;11,609999656677246;11,569999694824219;11,600000381469727;342700
2026-09-08;14:00:00;-03:00;11,600000381469727;11,609999656677246;11,579999923706055;11,600000381469727;99500
2026-09-08;14:05:00;-03:00;11,59000015258789;11,619999885559082;11,59000015258789;11,619999885559082;84700
2026-09-08;14:10:00;-03:00;11,609999656677246;11,630000114440918;11,609999656677246;11,630000114440918;101100
2026-09-08;14:15:00;-03:00;11,619999885559082;11,640000343322754;11,619999885559082;11,640000343322754;74600
2026-09-08;14:20:00;-03:00;11,630000114440918;11,640000343322754;11,630000114440918;11,630000114440918;80600
2026-09-08;14:25:00;-03:00;11,630000114440918;11,649999618530273;11,630000114440918;11,649999618530273;133900
2026-09-08;14:30:00;-03:00;11,649999618530273;11,65999984741211;11,630000114440918;11,630000114440918;296400
2026-09-08;14:35:00;-03:00;11,640000343322754;11,640000343322754;11,630000114440918;11,640000343322754;42400
2026-09-08;14:40:00;-03:00;11,640000343322754;11,649999618530273;11,619999885559082;11,640000343322754;124600
2026-09-08;14:45:00;-03:00;11,640000343322754;11,670000076293945;11,640000343322754;11,65999984741211;245700
2026-09-08;14:50:00;-03:00;11,649999618530273;11,680000305175781;11,649999618530273;11,680000305175781;151200
2026-09-08;14:55:00;-03:00;11,670000076293945;11,6899995803833;11,65999984741211;11,680000305175781;269100
2026-09-08;15:00:00;-03:00;11,6899995803833;11,710000038146973;11,680000305175781;11,6899995803833;246900
2026-09-08;15:05:00;-03:00;11,6899995803833;11,729999542236328;11,6899995803833;11,729999542236328;178300
2026-09-08;15:10:00;-03:00;11,729999542236328;11,739999771118164;11,720000267028809;11,729999542236328;180200
2026-09-08;15:15:00;-03:00;11,739999771118164;11,739999771118164;11,729999542236328;11,739999771118164;90200
2026-09-08;15:20:00;-03:00;11,729999542236328;11,75;11,720000267028809;11,75;220600
2026-09-08;15:25:00;-03:00;11,739999771118164;11,75;11,720000267028809;11,739999771118164;157000
2026-09-08;15:30:00;-03:00;11,729999542236328;11,75;11,729999542236328;11,75;163100
2026-09-08;15:35:00;-03:00;11,739999771118164;11,779999732971191;11,739999771118164;11,779999732971191;325900
2026-09-08;15:40:00;-03:00;11,779999732971191;11,789999961853027;11,770000457763672;11,779999732971191;216500
2026-09-08;15:45:00;-03:00;11,779999732971191;11,779999732971191;11,720000267028809;11,720000267028809;683700
2026-09-08;15:50:00;-03:00;11,729999542236328;11,739999771118164;11,699999809265137;11,720000267028809;453500
2026-09-08;15:55:00;-03:00;11,720000267028809;11,729999542236328;11,710000038146973;11,729999542236328;149600
2026-09-08;16:00:00;-03:00;11,729999542236328;11,739999771118164;11,720000267028809;11,729999542236328;162400
2026-09-08;16:05:00;-03:00;11,729999542236328;11,729999542236328;11,699999809265137;11,699999809265137;227100
2026-09-08;16:10:00;-03:00;11,710000038146973;11,710000038146973;11,65999984741211;11,65999984741211;354600
2026-09-08;16:15:00;-03:00;11,65999984741211;11,680000305175781;11,649999618530273;11,65999984741211;215800
2026-09-08;16:20:00;-03:00;11,649999618530273;11,670000076293945;11,640000343322754;11,670000076293945;262800
2026-09-08;16:25:00;-03:00;11,670000076293945;11,670000076293945;11,649999618530273;11,65999984741211;214000
2026-09-08;16:30:00;-03:00;11,649999618530273;11,649999618530273;11,630000114440918;11,649999618530273;426400
2026-09-08;16:35:00;-03:00;11,649999618530273;11,680000305175781;11,640000343322754;11,670000076293945;284500
2026-09-08;16:40:00;-03:00;11,680000305175781;11,680000305175781;11,65999984741211;11,680000305175781;232600
2026-09-08;16:45:00;-03:00;11,680000305175781;11,680000305175781;11,65999984741211;11,65999984741211;206900
2026-09-08;16:50:00;-03:00;11,65999984741211;11,670000076293945;11,649999618530273;11,65999984741211;264200
2026-09-09;10:00:00;-03:00;11,630000114440918;11,630000114440918;11,569999694824219;11,600000381469727;0
2026-09-09;10:05:00;-03:00;11,609999656677246;11,699999809265137;11,609999656677246;11,680000305175781;297900
2026-09-09;10:10:00;-03:00;11,6899995803833;11,6899995803833;11,579999923706055;11,619999885559082;274200
2026-09-09;10:15:00;-03:00;11,609999656677246;11,630000114440918;11,569999694824219;11,569999694824219;118500
2026-09-09;10:20:00;-03:00;11,569999694824219;11,59000015258789;11,550000190734863;11,550000190734863;111000
2026-09-09;10:25:00;-03:00;11,550000190734863;11,579999923706055;11,550000190734863;11,569999694824219;101900
2026-09-09;10:30:00;-03:00;11,579999923706055;11,619999885559082;11,579999923706055;11,600000381469727;190300
2026-09-09;10:35:00;-03:00;11,59000015258789;11,600000381469727;11,550000190734863;11,59000015258789;200400
2026-09-09;10:40:00;-03:00;11,59000015258789;11,59000015258789;11,569999694824219;11,569999694824219;253500
2026-09-09;10:45:00;-03:00;11,579999923706055;11,600000381469727;11,5600004196167;11,59000015258789;148800
2026-09-09;10:50:00;-03:00;11,59000015258789;11,600000381469727;11,550000190734863;11,550000190734863;118700
2026-09-09;10:55:00;-03:00;11,5600004196167;11,5600004196167;11,529999732971191;11,539999961853027;210700
2026-09-09;11:00:00;-03:00;11,539999961853027;11,550000190734863;11,470000267028809;11,470000267028809;658800
2026-09-09;11:05:00;-03:00;11,479999542236328;11,489999771118164;11,449999809265137;11,489999771118164;208100
2026-09-09;11:10:00;-03:00;11,479999542236328;11,489999771118164;11,470000267028809;11,489999771118164;234600
2026-09-09;11:15:00;-03:00;11,479999542236328;11,5;11,470000267028809;11,479999542236328;189700
2026-09-09;11:20:00;-03:00;11,479999542236328;11,489999771118164;11,479999542236328;11,479999542236328;24400
2026-09-09;11:25:00;-03:00;11,489999771118164;11,489999771118164;11,449999809265137;11,460000038146973;184400
2026-09-09;11:30:00;-03:00;11,460000038146973;11,470000267028809;11,420000076293945;11,430000305175781;228600
2026-09-09;11:35:00;-03:00;11,430000305175781;11,460000038146973;11,430000305175781;11,4399995803833;157800
2026-09-09;11:40:00;-03:00;11,4399995803833;11,4399995803833;11,40999984741211;11,420000076293945;306100
2026-09-09;11:45:00;-03:00;11,420000076293945;11,430000305175781;11,399999618530273;11,420000076293945;208800
2026-09-09;11:50:00;-03:00;11,430000305175781;11,4399995803833;11,40999984741211;11,40999984741211;39100
2026-09-09;11:55:00;-03:00;11,420000076293945;11,430000305175781;11,40999984741211;11,40999984741211;51600
2026-09-09;12:00:00;-03:00;11,40999984741211;11,4399995803833;11,380000114440918;11,390000343322754;171700
2026-09-09;12:05:00;-03:00;11,390000343322754;11,399999618530273;11,359999656677246;11,380000114440918;146600
2026-09-09;12:10:00;-03:00;11,390000343322754;11,390000343322754;11,369999885559082;11,380000114440918;47700
2026-09-09;12:15:00;-03:00;11,369999885559082;11,380000114440918;11,329999923706055;11,329999923706055;294800
2026-09-09;12:20:00;-03:00;11,329999923706055;11,34000015258789;11,319999694824219;11,329999923706055;229300
2026-09-09;12:25:00;-03:00;11,329999923706055;11,380000114440918;11,319999694824219;11,369999885559082;363100
2026-09-09;12:30:00;-03:00;11,369999885559082;11,390000343322754;11,359999656677246;11,359999656677246;257900
2026-09-09;12:35:00;-03:00;11,369999885559082;11,390000343322754;11,359999656677246;11,390000343322754;165700
2026-09-09;12:40:00;-03:00;11,390000343322754;11,399999618530273;11,380000114440918;11,380000114440918;310800
2026-09-09;12:45:00;-03:00;11,380000114440918;11,390000343322754;11,369999885559082;11,369999885559082;85300
2026-09-09;12:50:00;-03:00;11,369999885559082;11,380000114440918;11,350000381469727;11,350000381469727;56800
2026-09-09;12:55:00;-03:00;11,350000381469727;11,380000114440918;11,34000015258789;11,359999656677246;64000
2026-09-09;13:00:00;-03:00;11,359999656677246;11,369999885559082;11,34000015258789;11,34000015258789;151200
2026-09-09;13:05:00;-03:00;11,34000015258789;11,350000381469727;11,34000015258789;11,350000381469727;44000
2026-09-09;13:10:00;-03:00;11,34000015258789;11,380000114440918;11,34000015258789;11,369999885559082;374700
2026-09-09;13:15:00;-03:00;11,369999885559082;11,380000114440918;11,359999656677246;11,359999656677246;70200
2026-09-09;13:20:00;-03:00;11,359999656677246;11,369999885559082;11,359999656677246;11,359999656677246;29600
2026-09-09;13:25:00;-03:00;11,359999656677246;11,369999885559082;11,329999923706055;11,34000015258789;180100
2026-09-09;13:30:00;-03:00;11,34000015258789;11,359999656677246;11,34000015258789;11,350000381469727;55400
2026-09-09;13:35:00;-03:00;11,350000381469727;11,369999885559082;11,350000381469727;11,359999656677246;93000
2026-09-09;13:40:00;-03:00;11,359999656677246;11,390000343322754;11,359999656677246;11,369999885559082;116100
2026-09-09;13:45:00;-03:00;11,369999885559082;11,390000343322754;11,359999656677246;11,390000343322754;479600
2026-09-09;13:50:00;-03:00;11,390000343322754;11,390000343322754;11,359999656677246;11,369999885559082;428300
2026-09-09;13:55:00;-03:00;11,369999885559082;11,380000114440918;11,350000381469727;11,350000381469727;153000
2026-09-09;14:00:00;-03:00;11,350000381469727;11,359999656677246;11,34000015258789;11,350000381469727;167300
2026-09-09;14:05:00;-03:00;11,359999656677246;11,369999885559082;11,350000381469727;11,350000381469727;70300
2026-09-09;14:10:00;-03:00;11,350000381469727;11,359999656677246;11,350000381469727;11,350000381469727;46700
2026-09-09;14:15:00;-03:00;11,350000381469727;11,369999885559082;11,350000381469727;11,359999656677246;64500
2026-09-09;14:20:00;-03:00;11,359999656677246;11,369999885559082;11,350000381469727;11,350000381469727;44500
2026-09-09;14:25:00;-03:00;11,359999656677246;11,359999656677246;11,34000015258789;11,34000015258789;118200
2026-09-09;14:30:00;-03:00;11,350000381469727;11,350000381469727;11,34000015258789;11,34000015258789;36500
2026-09-09;14:35:00;-03:00;11,34000015258789;11,350000381469727;11,329999923706055;11,34000015258789;103500
2026-09-09;14:40:00;-03:00;11,329999923706055;11,350000381469727;11,319999694824219;11,319999694824219;104300
2026-09-09;14:45:00;-03:00;11,319999694824219;11,34000015258789;11,3100004196167;11,319999694824219;691100
2026-09-09;14:50:00;-03:00;11,329999923706055;11,350000381469727;11,329999923706055;11,34000015258789;336000
2026-09-09;14:55:00;-03:00;11,34000015258789;11,350000381469727;11,329999923706055;11,329999923706055;110500
2026-09-09;15:00:00;-03:00;11,329999923706055;11,350000381469727;11,329999923706055;11,34000015258789;67100
2026-09-09;15:05:00;-03:00;11,34000015258789;11,350000381469727;11,319999694824219;11,329999923706055;134900
2026-09-09;15:10:00;-03:00;11,329999923706055;11,350000381469727;11,319999694824219;11,350000381469727;189300
2026-09-09;15:15:00;-03:00;11,350000381469727;11,359999656677246;11,34000015258789;11,350000381469727;79200
2026-09-09;15:20:00;-03:00;11,350000381469727;11,369999885559082;11,350000381469727;11,350000381469727;129900
2026-09-09;15:25:00;-03:00;11,350000381469727;11,380000114440918;11,350000381469727;11,350000381469727;165600
2026-09-09;15:30:00;-03:00;11,350000381469727;11,380000114440918;11,350000381469727;11,369999885559082;85700
2026-09-09;15:35:00;-03:00;11,369999885559082;11,380000114440918;11,359999656677246;11,359999656677246;46100
2026-09-09;15:40:00;-03:00;11,359999656677246;11,369999885559082;11,34000015258789;11,350000381469727;169300
2026-09-09;15:45:00;-03:00;11,350000381469727;11,359999656677246;11,329999923706055;11,34000015258789;137700
2026-09-09;15:50:00;-03:00;11,34000015258789;11,350000381469727;11,329999923706055;11,34000015258789;423600
2026-09-09;15:55:00;-03:00;11,350000381469727;11,350000381469727;11,329999923706055;11,329999923706055;58200
2026-09-09;16:00:00;-03:00;11,34000015258789;11,34000015258789;11,319999694824219;11,329999923706055;67400
2026-09-09;16:05:00;-03:00;11,329999923706055;11,34000015258789;11,319999694824219;11,319999694824219;66200
2026-09-09;16:10:00;-03:00;11,329999923706055;11,329999923706055;11,319999694824219;11,319999694824219;69100
2026-09-09;16:15:00;-03:00;11,319999694824219;11,329999923706055;11,319999694824219;11,329999923706055;112800
2026-09-09;16:20:00;-03:00;11,319999694824219;11,350000381469727;11,319999694824219;11,329999923706055;179300
2026-09-09;16:25:00;-03:00;11,329999923706055;11,350000381469727;11,329999923706055;11,350000381469727;134700
2026-09-09;16:30:00;-03:00;11,34000015258789;11,359999656677246;11,329999923706055;11,359999656677246;196600
2026-09-09;16:35:00;-03:00;11,350000381469727;11,369999885559082;11,350000381469727;11,350000381469727;138400
2026-09-09;16:40:00;-03:00;11,350000381469727;11,369999885559082;11,350000381469727;11,359999656677246;119600
2026-09-09;16:45:00;-03:00;11,359999656677246;11,369999885559082;11,350000381469727;11,359999656677246;143600
2026-09-09;16:50:00;-03:00;11,359999656677246;11,369999885559082;11,329999923706055;11,329999923706055;434200
2026-09-10;10:00:00;-03:00;11,329999923706055;11,359999656677246;11,289999961853027;11,3100004196167;0
2026-09-10;10:05:00;-03:00;11,3100004196167;11,350000381469727;11,3100004196167;11,34000015258789;45800
2026-09-10;10:10:00;-03:00;11,329999923706055;11,34000015258789;11,3100004196167;11,3100004196167;63400
2026-09-10;10:15:00;-03:00;11,329999923706055;11,399999618530273;11,3100004196167;11,399999618530273;654500
2026-09-10;10:20:00;-03:00;11,390000343322754;11,390000343322754;11,329999923706055;11,34000015258789;258300
2026-09-10;10:25:00;-03:00;11,34000015258789;11,399999618530273;11,319999694824219;11,359999656677246;1129300
2026-09-10;10:30:00;-03:00;11,369999885559082;11,390000343322754;11,34000015258789;11,350000381469727;1241800
2026-09-10;10:35:00;-03:00;11,350000381469727;11,359999656677246;11,329999923706055;11,359999656677246;219500
2026-09-10;10:40:00;-03:00;11,369999885559082;11,369999885559082;11,34000015258789;11,34000015258789;902700
2026-09-10;10:45:00;-03:00;11,34000015258789;11,34000015258789;11,300000190734863;11,3100004196167;94500
2026-09-10;10:50:00;-03:00;11,3100004196167;11,34000015258789;11,300000190734863;11,34000015258789;172100
2026-09-10;10:55:00;-03:00;11,34000015258789;11,34000015258789;11,300000190734863;11,300000190734863;136800
2026-09-10;11:00:00;-03:00;11,300000190734863;11,319999694824219;11,300000190734863;11,3100004196167;112700
2026-09-10;11:05:00;-03:00;11,3100004196167;11,319999694824219;11,270000457763672;11,279999732971191;426900
2026-09-10;11:10:00;-03:00;11,289999961853027;11,3100004196167;11,270000457763672;11,289999961853027;179200
2026-09-10;11:15:00;-03:00;11,289999961853027;11,3100004196167;11,289999961853027;11,289999961853027;157700
2026-09-10;11:20:00;-03:00;11,289999961853027;11,329999923706055;11,289999961853027;11,319999694824219;580100
2026-09-10;11:25:00;-03:00;11,329999923706055;11,350000381469727;11,3100004196167;11,350000381469727;377300
2026-09-10;11:30:00;-03:00;11,350000381469727;11,380000114440918;11,34000015258789;11,380000114440918;99900
2026-09-10;11:35:00;-03:00;11,380000114440918;11,430000305175781;11,380000114440918;11,40999984741211;356100
2026-09-10;11:40:00;-03:00;11,40999984741211;11,430000305175781;11,399999618530273;11,420000076293945;282100
2026-09-10;11:45:00;-03:00;11,420000076293945;11,460000038146973;11,420000076293945;11,460000038146973;96400
2026-09-10;11:50:00;-03:00;11,449999809265137;11,479999542236328;11,449999809265137;11,479999542236328;60500
2026-09-10;11:55:00;-03:00;11,479999542236328;11,479999542236328;11,449999809265137;11,470000267028809;310200
2026-09-10;12:00:00;-03:00;11,470000267028809;11,479999542236328;11,4399995803833;11,449999809265137;154600
2026-09-10;12:05:00;-03:00;11,449999809265137;11,460000038146973;11,430000305175781;11,449999809265137;192400
2026-09-10;12:10:00;-03:00;11,449999809265137;11,470000267028809;11,4399995803833;11,470000267028809;100800
2026-09-10;12:15:00;-03:00;11,470000267028809;11,489999771118164;11,460000038146973;11,489999771118164;75600
2026-09-10;12:20:00;-03:00;11,489999771118164;11,5;11,460000038146973;11,470000267028809;505100
2026-09-10;12:25:00;-03:00;11,470000267028809;11,479999542236328;11,449999809265137;11,449999809265137;66500
2026-09-10;12:30:00;-03:00;11,449999809265137;11,460000038146973;11,4399995803833;11,4399995803833;74200
2026-09-10;12:35:00;-03:00;11,4399995803833;11,4399995803833;11,399999618530273;11,420000076293945;198400
2026-09-10;12:40:00;-03:00;11,420000076293945;11,420000076293945;11,399999618530273;11,399999618530273;36400
2026-09-10;12:45:00;-03:00;11,399999618530273;11,40999984741211;11,380000114440918;11,390000343322754;139700
2026-09-10;12:50:00;-03:00;11,399999618530273;11,420000076293945;11,369999885559082;11,40999984741211;516300
2026-09-10;12:55:00;-03:00;11,40999984741211;11,40999984741211;11,399999618530273;11,399999618530273;29100
2026-09-10;13:00:00;-03:00;11,40999984741211;11,4399995803833;11,399999618530273;11,430000305175781;115600
2026-09-10;13:05:00;-03:00;11,430000305175781;11,430000305175781;11,40999984741211;11,420000076293945;40500
2026-09-10;13:10:00;-03:00;11,420000076293945;11,4399995803833;11,420000076293945;11,420000076293945;24100
2026-09-10;13:15:00;-03:00;11,430000305175781;11,430000305175781;11,40999984741211;11,420000076293945;45400
2026-09-10;13:20:00;-03:00;11,420000076293945;11,449999809265137;11,420000076293945;11,449999809265137;43800
2026-09-10;13:25:00;-03:00;11,4399995803833;11,460000038146973;11,4399995803833;11,460000038146973;26200
2026-09-10;13:30:00;-03:00;11,460000038146973;11,479999542236328;11,449999809265137;11,449999809265137;100200
2026-09-10;13:35:00;-03:00;11,449999809265137;11,5;11,449999809265137;11,489999771118164;1216300
2026-09-10;13:40:00;-03:00;11,489999771118164;11,520000457763672;11,479999542236328;11,510000228881836;367300
2026-09-10;13:45:00;-03:00;11,5;11,520000457763672;11,489999771118164;11,489999771118164;107900
2026-09-10;13:50:00;-03:00;11,489999771118164;11,5;11,470000267028809;11,470000267028809;38500
2026-09-10;13:55:00;-03:00;11,479999542236328;11,489999771118164;11,470000267028809;11,479999542236328;22500
2026-09-10;14:00:00;-03:00;11,479999542236328;11,479999542236328;11,460000038146973;11,470000267028809;324900
2026-09-10;14:05:00;-03:00;11,470000267028809;11,479999542236328;11,460000038146973;11,479999542236328;91000
2026-09-10;14:10:00;-03:00;11,479999542236328;11,479999542236328;11,460000038146973;11,460000038146973;46000
2026-09-10;14:15:00;-03:00;11,470000267028809;11,5;11,460000038146973;11,489999771118164;203400
2026-09-10;14:20:00;-03:00;11,489999771118164;11,5;11,489999771118164;11,489999771118164;44000
2026-09-10;14:25:00;-03:00;11,5;11,5;11,479999542236328;11,479999542236328;132000
2026-09-10;14:30:00;-03:00;11,489999771118164;11,5;11,479999542236328;11,489999771118164;82700
2026-09-10;14:35:00;-03:00;11,5;11,5;11,460000038146973;11,460000038146973;142500
2026-09-10;14:40:00;-03:00;11,460000038146973;11,470000267028809;11,449999809265137;11,460000038146973;57000
2026-09-10;14:45:00;-03:00;11,460000038146973;11,470000267028809;11,449999809265137;11,460000038146973;51000
2026-09-10;14:50:00;-03:00;11,460000038146973;11,460000038146973;11,4399995803833;11,449999809265137;60200
2026-09-10;14:55:00;-03:00;11,4399995803833;11,460000038146973;11,4399995803833;11,460000038146973;58300
2026-09-10;15:00:00;-03:00;11,449999809265137;11,479999542236328;11,449999809265137;11,470000267028809;90100
2026-09-10;15:05:00;-03:00;11,470000267028809;11,479999542236328;11,460000038146973;11,479999542236328;62400
2026-09-10;15:10:00;-03:00;11,479999542236328;11,479999542236328;11,460000038146973;11,460000038146973;50600
2026-09-10;15:15:00;-03:00;11,460000038146973;11,470000267028809;11,449999809265137;11,470000267028809;87600
2026-09-10;15:20:00;-03:00;11,460000038146973;11,489999771118164;11,460000038146973;11,479999542236328;87600
2026-09-10;15:25:00;-03:00;11,489999771118164;11,489999771118164;11,470000267028809;11,489999771118164;120800
2026-09-10;15:30:00;-03:00;11,479999542236328;11,489999771118164;11,470000267028809;11,489999771118164;83000
2026-09-10;15:35:00;-03:00;11,489999771118164;11,489999771118164;11,470000267028809;11,479999542236328;154200
2026-09-10;15:40:00;-03:00;11,479999542236328;11,5;11,479999542236328;11,489999771118164;200900
2026-09-10;15:45:00;-03:00;11,489999771118164;11,5;11,479999542236328;11,479999542236328;260000
2026-09-10;15:50:00;-03:00;11,479999542236328;11,510000228881836;11,479999542236328;11,5;203900
2026-09-10;15:55:00;-03:00;11,5;11,520000457763672;11,5;11,5;73300
2026-09-10;16:00:00;-03:00;11,5;11,539999961853027;11,489999771118164;11,520000457763672;459200
2026-09-10;16:05:00;-03:00;11,520000457763672;11,529999732971191;11,510000228881836;11,520000457763672;128100
2026-09-10;16:10:00;-03:00;11,520000457763672;11,529999732971191;11,5;11,5;94600
2026-09-10;16:15:00;-03:00;11,5;11,520000457763672;11,5;11,510000228881836;153000
2026-09-10;16:20:00;-03:00;11,510000228881836;11,520000457763672;11,510000228881836;11,510000228881836;70400
2026-09-10;16:25:00;-03:00;11,510000228881836;11,520000457763672;11,510000228881836;11,520000457763672;145400
2026-09-10;16:30:00;-03:00;11,510000228881836;11,510000228881836;11,479999542236328;11,489999771118164;225200
2026-09-10;16:35:00;-03:00;11,5;11,510000228881836;11,489999771118164;11,489999771118164;149200
2026-09-10;16:40:00;-03:00;11,5;11,510000228881836;11,489999771118164;11,5;239800
2026-09-10;16:45:00;-03:00;11,5;11,520000457763672;11,479999542236328;11,520000457763672;578400
2026-09-10;16:50:00;-03:00;11,510000228881836;11,520000457763672;11,470000267028809;11,479999542236328;775400
2026-09-11;10:05:00;-03:00;11,479999542236328;11,479999542236328;11,449999809265137;11,470000267028809;0
2026-09-11;10:10:00;-03:00;11,470000267028809;11,479999542236328;11,449999809265137;11,460000038146973;67000
2026-09-11;10:15:00;-03:00;11,470000267028809;11,479999542236328;11,420000076293945;11,470000267028809;39300
2026-09-11;10:20:00;-03:00;11,489999771118164;11,5;11,460000038146973;11,5;61600
2026-09-11;10:25:00;-03:00;11,479999542236328;11,510000228881836;11,479999542236328;11,489999771118164;50600
2026-09-11;10:30:00;-03:00;11,479999542236328;11,529999732971191;11,460000038146973;11,520000457763672;231700
2026-09-11;10:35:00;-03:00;11,539999961853027;11,539999961853027;11,489999771118164;11,489999771118164;303700
2026-09-11;10:40:00;-03:00;11,5;11,520000457763672;11,460000038146973;11,460000038146973;150800
2026-09-11;10:45:00;-03:00;11,479999542236328;11,510000228881836;11,470000267028809;11,479999542236328;225700
2026-09-11;10:50:00;-03:00;11,479999542236328;11,489999771118164;11,460000038146973;11,479999542236328;191500
2026-09-11;10:55:00;-03:00;11,479999542236328;11,5;11,449999809265137;11,460000038146973;139400
2026-09-11;11:00:00;-03:00;11,460000038146973;11,470000267028809;11,40999984741211;11,420000076293945;288600
2026-09-11;11:05:00;-03:00;11,420000076293945;11,4399995803833;11,40999984741211;11,4399995803833;147400
2026-09-11;11:10:00;-03:00;11,430000305175781;11,449999809265137;11,40999984741211;11,430000305175781;120500
2026-09-11;11:15:00;-03:00;11,420000076293945;11,4399995803833;11,420000076293945;11,4399995803833;107700
2026-09-11;11:20:00;-03:00;11,449999809265137;11,470000267028809;11,430000305175781;11,4399995803833;141000
2026-09-11;11:25:00;-03:00;11,4399995803833;11,460000038146973;11,420000076293945;11,460000038146973;206400
2026-09-11;11:30:00;-03:00;11,449999809265137;11,479999542236328;11,449999809265137;11,449999809265137;201700
2026-09-11;11:35:00;-03:00;11,449999809265137;11,470000267028809;11,4399995803833;11,449999809265137;78000
2026-09-11;11:40:00;-03:00;11,449999809265137;11,479999542236328;11,449999809265137;11,470000267028809;63400
2026-09-11;11:45:00;-03:00;11,479999542236328;11,510000228881836;11,470000267028809;11,5;113300
2026-09-11;11:50:00;-03:00;11,5;11,510000228881836;11,479999542236328;11,510000228881836;109600
2026-09-11;11:55:00;-03:00;11,510000228881836;11,520000457763672;11,5;11,510000228881836;57700
2026-09-11;12:00:00;-03:00;11,510000228881836;11,529999732971191;11,5;11,5;106900
2026-09-11;12:05:00;-03:00;11,5;11,520000457763672;11,5;11,5;55600
2026-09-11;12:10:00;-03:00;11,5;11,510000228881836;11,470000267028809;11,489999771118164;139000
2026-09-11;12:15:00;-03:00;11,479999542236328;11,5;11,479999542236328;11,489999771118164;102500
2026-09-11;12:20:00;-03:00;11,489999771118164;11,5;11,470000267028809;11,470000267028809;80600
2026-09-11;12:25:00;-03:00;11,479999542236328;11,489999771118164;11,470000267028809;11,489999771118164;82900
2026-09-11;12:30:00;-03:00;11,489999771118164;11,489999771118164;11,479999542236328;11,479999542236328;64000
2026-09-11;12:35:00;-03:00;11,489999771118164;11,489999771118164;11,460000038146973;11,460000038146973;85100
2026-09-11;12:40:00;-03:00;11,460000038146973;11,479999542236328;11,460000038146973;11,479999542236328;66400
2026-09-11;12:45:00;-03:00;11,470000267028809;11,489999771118164;11,460000038146973;11,479999542236328;144300
2026-09-11;12:50:00;-03:00;11,489999771118164;11,489999771118164;11,449999809265137;11,460000038146973;86000
2026-09-11;12:55:00;-03:00;11,449999809265137;11,470000267028809;11,4399995803833;11,470000267028809;144300
2026-09-11;13:00:00;-03:00;11,470000267028809;11,489999771118164;11,460000038146973;11,479999542236328;91700
2026-09-11;13:05:00;-03:00;11,489999771118164;11,489999771118164;11,470000267028809;11,489999771118164;82800
2026-09-11;13:10:00;-03:00;11,489999771118164;11,489999771118164;11,479999542236328;11,479999542236328;52700
2026-09-11;13:15:00;-03:00;11,479999542236328;11,5;11,470000267028809;11,470000267028809;162700
2026-09-11;13:20:00;-03:00;11,470000267028809;11,479999542236328;11,470000267028809;11,470000267028809;53300
2026-09-11;13:25:00;-03:00;11,479999542236328;11,479999542236328;11,470000267028809;11,470000267028809;131900
2026-09-11;13:30:00;-03:00;11,479999542236328;11,5;11,470000267028809;11,5;109500
2026-09-11;13:35:00;-03:00;11,489999771118164;11,5;11,470000267028809;11,470000267028809;97800
2026-09-11;13:40:00;-03:00;11,470000267028809;11,489999771118164;11,460000038146973;11,470000267028809;108000
2026-09-11;13:45:00;-03:00;11,460000038146973;11,470000267028809;11,449999809265137;11,449999809265137;76600
2026-09-11;13:50:00;-03:00;11,460000038146973;11,460000038146973;11,4399995803833;11,4399995803833;90200
2026-09-11;13:55:00;-03:00;11,4399995803833;11,460000038146973;11,4399995803833;11,449999809265137;102300
2026-09-11;14:00:00;-03:00;11,449999809265137;11,460000038146973;11,4399995803833;11,449999809265137;63100
2026-09-11;14:05:00;-03:00;11,460000038146973;11,460000038146973;11,449999809265137;11,460000038146973;47500
2026-09-11;14:10:00;-03:00;11,460000038146973;11,460000038146973;11,449999809265137;11,460000038146973;55700
2026-09-11;14:15:00;-03:00;11,460000038146973;11,460000038146973;11,449999809265137;11,460000038146973;37100
2026-09-11;14:20:00;-03:00;11,460000038146973;11,460000038146973;11,449999809265137;11,460000038146973;75800
2026-09-11;14:25:00;-03:00;11,449999809265137;11,470000267028809;11,449999809265137;11,460000038146973;134100
2026-09-11;14:30:00;-03:00;11,460000038146973;11,460000038146973;11,430000305175781;11,449999809265137;143500
2026-09-11;14:35:00;-03:00;11,449999809265137;11,449999809265137;11,430000305175781;11,449999809265137;83800
2026-09-11;14:40:00;-03:00;11,4399995803833;11,449999809265137;11,40999984741211;11,430000305175781;123300
2026-09-11;14:45:00;-03:00;11,430000305175781;11,430000305175781;11,399999618530273;11,420000076293945;96600
2026-09-11;14:50:00;-03:00;11,420000076293945;11,4399995803833;11,40999984741211;11,4399995803833;82200
2026-09-11;14:55:00;-03:00;11,4399995803833;11,4399995803833;11,40999984741211;11,420000076293945;125100
2026-09-11;15:00:00;-03:00;11,40999984741211;11,430000305175781;11,399999618530273;11,430000305175781;165000
2026-09-11;15:05:00;-03:00;11,430000305175781;11,430000305175781;11,40999984741211;11,430000305175781;106100
2026-09-11;15:10:00;-03:00;11,430000305175781;11,4399995803833;11,420000076293945;11,430000305175781;198900
2026-09-11;15:15:00;-03:00;11,430000305175781;11,430000305175781;11,420000076293945;11,430000305175781;103200
2026-09-11;15:20:00;-03:00;11,420000076293945;11,430000305175781;11,390000343322754;11,40999984741211;280600
2026-09-11;15:25:00;-03:00;11,40999984741211;11,420000076293945;11,390000343322754;11,399999618530273;161100
2026-09-11;15:30:00;-03:00;11,399999618530273;11,399999618530273;11,369999885559082;11,390000343322754;137900
2026-09-11;15:35:00;-03:00;11,390000343322754;11,399999618530273;11,380000114440918;11,399999618530273;115000
2026-09-11;15:40:00;-03:00;11,399999618530273;11,399999618530273;11,390000343322754;11,399999618530273;72300
2026-09-11;15:45:00;-03:00;11,390000343322754;11,40999984741211;11,390000343322754;11,40999984741211;125300
2026-09-11;15:50:00;-03:00;11,40999984741211;11,40999984741211;11,369999885559082;11,380000114440918;272400
2026-09-11;15:55:00;-03:00;11,369999885559082;11,390000343322754;11,369999885559082;11,390000343322754;383200
2026-09-11;16:00:00;-03:00;11,380000114440918;11,399999618530273;11,380000114440918;11,399999618530273;237600
2026-09-11;16:05:00;-03:00;11,390000343322754;11,399999618530273;11,369999885559082;11,390000343322754;284300
2026-09-11;16:10:00;-03:00;11,390000343322754;11,399999618530273;11,380000114440918;11,399999618530273;257300
2026-09-11;16:15:00;-03:00;11,399999618530273;11,40999984741211;11,390000343322754;11,399999618530273;453200
2026-09-11;16:20:00;-03:00;11,399999618530273;11,40999984741211;11,390000343322754;11,399999618530273;230500
2026-09-11;16:25:00;-03:00;11,399999618530273;11,420000076293945;11,390000343322754;11,40999984741211;362500
2026-09-11;16:30:00;-03:00;11,40999984741211;11,420000076293945;11,40999984741211;11,420000076293945;256800
2026-09-11;16:35:00;-03:00;11,40999984741211;11,420000076293945;11,390000343322754;11,40999984741211;395700
2026-09-11;16:40:00;-03:00;11,399999618530273;11,40999984741211;11,399999618530273;11,40999984741211;387800
2026-09-11;16:45:00;-03:00;11,40999984741211;11,420000076293945;11,390000343322754;11,420000076293945;439500
2026-09-11;16:50:00;-03:00;11,40999984741211;11,4399995803833;11,40999984741211;11,4399995803833;336100
2026-09-14;10:10:00;-03:00;11,210000038146973;11,229999542236328;11,15999984741211;11,199999809265137;65100
2026-09-14;10:15:00;-03:00;11,199999809265137;11,300000190734863;11,180000305175781;11,260000228881836;382600
2026-09-14;10:20:00;-03:00;11,260000228881836;11,260000228881836;11,199999809265137;11,229999542236328;93000
2026-09-14;10:25:00;-03:00;11,220000267028809;11,260000228881836;11,199999809265137;11,199999809265137;179500
2026-09-14;10:30:00;-03:00;11,199999809265137;11,229999542236328;11,1899995803833;11,1899995803833;161000
2026-09-14;10:35:00;-03:00;11,1899995803833;11,220000267028809;11,180000305175781;11,180000305175781;168900
2026-09-14;10:40:00;-03:00;11,180000305175781;11,199999809265137;11,15999984741211;11,180000305175781;152200
2026-09-14;10:45:00;-03:00;11,180000305175781;11,210000038146973;11,170000076293945;11,210000038146973;138600
2026-09-14;10:50:00;-03:00;11,199999809265137;11,220000267028809;11,170000076293945;11,1899995803833;315600
2026-09-14;10:55:00;-03:00;11,199999809265137;11,210000038146973;11,1899995803833;11,199999809265137;115200
2026-09-14;11:00:00;-03:00;11,199999809265137;11,229999542236328;11,180000305175781;11,199999809265137;144000
2026-09-14;11:05:00;-03:00;11,1899995803833;11,199999809265137;11,15999984741211;11,15999984741211;191000
2026-09-14;11:10:00;-03:00;11,15999984741211;11,180000305175781;11,15999984741211;11,170000076293945;72900
2026-09-14;11:15:00;-03:00;11,15999984741211;11,180000305175781;11,149999618530273;11,15999984741211;120400
2026-09-14;11:20:00;-03:00;11,170000076293945;11,170000076293945;11,130000114440918;11,140000343322754;98700
2026-09-14;11:25:00;-03:00;11,130000114440918;11,180000305175781;11,130000114440918;11,180000305175781;352600
2026-09-14;11:30:00;-03:00;11,180000305175781;11,180000305175781;11,140000343322754;11,170000076293945;161000
2026-09-14;11:35:00;-03:00;11,170000076293945;11,199999809265137;11,170000076293945;11,199999809265137;106800
2026-09-14;11:40:00;-03:00;11,199999809265137;11,210000038146973;11,180000305175781;11,199999809265137;48500
2026-09-14;11:45:00;-03:00;11,199999809265137;11,239999771118164;11,199999809265137;11,210000038146973;194800
2026-09-14;11:50:00;-03:00;11,220000267028809;11,220000267028809;11,180000305175781;11,1899995803833;58100
2026-09-14;11:55:00;-03:00;11,1899995803833;11,1899995803833;11,170000076293945;11,180000305175781;166500
2026-09-14;12:00:00;-03:00;11,180000305175781;11,199999809265137;11,170000076293945;11,199999809265137;37800
2026-09-14;12:05:00;-03:00;11,199999809265137;11,25;11,199999809265137;11,239999771118164;397900
2026-09-14;12:10:00;-03:00;11,239999771118164;11,239999771118164;11,199999809265137;11,199999809265137;50200
2026-09-14;12:15:00;-03:00;11,199999809265137;11,210000038146973;11,1899995803833;11,199999809265137;31800
2026-09-14;12:20:00;-03:00;11,199999809265137;11,220000267028809;11,1899995803833;11,210000038146973;165300
2026-09-14;12:25:00;-03:00;11,210000038146973;11,210000038146973;11,180000305175781;11,199999809265137;35000
2026-09-14;12:30:00;-03:00;11,199999809265137;11,210000038146973;11,1899995803833;11,210000038146973;94800
2026-09-14;12:35:00;-03:00;11,199999809265137;11,220000267028809;11,1899995803833;11,210000038146973;47400
2026-09-14;12:40:00;-03:00;11,210000038146973;11,239999771118164;11,210000038146973;11,220000267028809;59800
2026-09-14;12:45:00;-03:00;11,229999542236328;11,229999542236328;11,210000038146973;11,220000267028809;195400
2026-09-14;12:50:00;-03:00;11,220000267028809;11,220000267028809;11,199999809265137;11,210000038146973;50500
2026-09-14;12:55:00;-03:00;11,210000038146973;11,229999542236328;11,210000038146973;11,210000038146973;122600
2026-09-14;13:00:00;-03:00;11,220000267028809;11,220000267028809;11,210000038146973;11,220000267028809;23600
2026-09-14;13:05:00;-03:00;11,220000267028809;11,229999542236328;11,210000038146973;11,220000267028809;21100
2026-09-14;13:10:00;-03:00;11,229999542236328;11,239999771118164;11,220000267028809;11,239999771118164;81700
2026-09-14;13:15:00;-03:00;11,239999771118164;11,239999771118164;11,229999542236328;11,229999542236328;10200
2026-09-14;13:20:00;-03:00;11,239999771118164;11,25;11,229999542236328;11,239999771118164;51300
2026-09-14;13:25:00;-03:00;11,239999771118164;11,25;11,229999542236328;11,229999542236328;188300
2026-09-14;13:30:00;-03:00;11,239999771118164;11,260000228881836;11,239999771118164;11,25;101800
2026-09-14;13:35:00;-03:00;11,25;11,270000457763672;11,239999771118164;11,270000457763672;67600
2026-09-14;13:40:00;-03:00;11,260000228881836;11,270000457763672;11,260000228881836;11,260000228881836;47900
2026-09-14;13:45:00;-03:00;11,270000457763672;11,279999732971191;11,25;11,260000228881836;72400
2026-09-14;13:50:00;-03:00;11,260000228881836;11,270000457763672;11,25;11,270000457763672;77400
2026-09-14;13:55:00;-03:00;11,270000457763672;11,270000457763672;11,239999771118164;11,25;70600
2026-09-14;14:00:00;-03:00;11,25;11,260000228881836;11,239999771118164;11,25;94400
2026-09-14;14:05:00;-03:00;11,239999771118164;11,260000228881836;11,239999771118164;11,25;117500
2026-09-14;14:10:00;-03:00;11,25;11,25;11,239999771118164;11,239999771118164;13100
2026-09-14;14:15:00;-03:00;11,25;11,25;11,229999542236328;11,229999542236328;76700
2026-09-14;14:20:00;-03:00;11,239999771118164;11,239999771118164;11,220000267028809;11,220000267028809;337100
2026-09-14;14:25:00;-03:00;11,229999542236328;11,239999771118164;11,220000267028809;11,229999542236328;51000
2026-09-14;14:30:00;-03:00;11,229999542236328;11,239999771118164;11,220000267028809;11,239999771118164;67900
2026-09-14;14:35:00;-03:00;11,239999771118164;11,25;11,220000267028809;11,25;129400
2026-09-14;14:40:00;-03:00;11,239999771118164;11,25;11,229999542236328;11,229999542236328;17800
2026-09-14;14:45:00;-03:00;11,229999542236328;11,25;11,220000267028809;11,25;135100
2026-09-14;14:50:00;-03:00;11,25;11,260000228881836;11,239999771118164;11,260000228881836;88000
2026-09-14;14:55:00;-03:00;11,260000228881836;11,260000228881836;11,229999542236328;11,25;118400
2026-09-14;15:00:00;-03:00;11,25;11,25;11,229999542236328;11,239999771118164;68500
2026-09-14;15:05:00;-03:00;11,239999771118164;11,260000228881836;11,229999542236328;11,25;103400
2026-09-14;15:10:00;-03:00;11,239999771118164;11,260000228881836;11,239999771118164;11,260000228881836;119100
2026-09-14;15:15:00;-03:00;11,25;11,260000228881836;11,25;11,260000228881836;65000
2026-09-14;15:20:00;-03:00;11,25;11,260000228881836;11,25;11,260000228881836;137300
2026-09-14;15:25:00;-03:00;11,25;11,260000228881836;11,239999771118164;11,239999771118164;100500
2026-09-14;15:30:00;-03:00;11,239999771118164;11,260000228881836;11,239999771118164;11,25;72700
2026-09-14;15:35:00;-03:00;11,25;11,260000228881836;11,239999771118164;11,239999771118164;66600
2026-09-14;15:40:00;-03:00;11,239999771118164;11,25;11,239999771118164;11,239999771118164;70200
2026-09-14;15:45:00;-03:00;11,239999771118164;11,25;11,229999542236328;11,239999771118164;298300
2026-09-14;15:50:00;-03:00;11,239999771118164;11,25;11,229999542236328;11,229999542236328;69300
2026-09-14;15:55:00;-03:00;11,229999542236328;11,25;11,229999542236328;11,25;233300
2026-09-14;16:00:00;-03:00;11,239999771118164;11,25;11,229999542236328;11,239999771118164;69200
2026-09-14;16:05:00;-03:00;11,239999771118164;11,260000228881836;11,239999771118164;11,25;152000
2026-09-14;16:10:00;-03:00;11,260000228881836;11,260000228881836;11,25;11,260000228881836;34800
2026-09-14;16:15:00;-03:00;11,25;11,260000228881836;11,25;11,260000228881836;32300
2026-09-14;16:20:00;-03:00;11,25;11,260000228881836;11,25;11,25;121800
2026-09-14;16:25:00;-03:00;11,25;11,270000457763672;11,25;11,270000457763672;74400
2026-09-14;16:30:00;-03:00;11,260000228881836;11,319999694824219;11,260000228881836;11,289999961853027;415600
2026-09-14;16:35:00;-03:00;11,289999961853027;11,300000190734863;11,289999961853027;11,289999961853027;178800
2026-09-14;16:40:00;-03:00;11,289999961853027;11,319999694824219;11,289999961853027;11,3100004196167;167000
2026-09-14;16:45:00;-03:00;11,300000190734863;11,300000190734863;11,279999732971191;11,279999732971191;173600
2026-09-14;16:50:00;-03:00;11,279999732971191;11,3100004196167;11,270000457763672;11,3100004196167;97300
2026-09-15;10:00:00;-03:00;11,319999694824219;11,329999923706055;11,300000190734863;11,3100004196167;0
2026-09-15;10:05:00;-03:00;11,300000190734863;11,300000190734863;11,270000457763672;11,270000457763672;30800
2026-09-15;10:10:00;-03:00;11,270000457763672;11,279999732971191;11,229999542236328;11,270000457763672;36000
2026-09-15;10:15:00;-03:00;11,270000457763672;11,270000457763672;11,220000267028809;11,229999542236328;20500
2026-09-15;10:20:00;-03:00;11,220000267028809;11,220000267028809;11,1899995803833;11,220000267028809;89700
2026-09-15;10:25:00;-03:00;11,220000267028809;11,229999542236328;11,1899995803833;11,199999809265137;36900
2026-09-15;10:30:00;-03:00;11,199999809265137;11,260000228881836;11,199999809265137;11,239999771118164;79300
2026-09-15;10:35:00;-03:00;11,239999771118164;11,25;11,229999542236328;11,239999771118164;38500
2026-09-15;10:40:00;-03:00;11,229999542236328;11,260000228881836;11,229999542236328;11,25;74100
2026-09-15;10:45:00;-03:00;11,25;11,270000457763672;11,239999771118164;11,260000228881836;86900
2026-09-15;10:50:00;-03:00;11,260000228881836;11,260000228881836;11,199999809265137;11,229999542236328;276800
2026-09-15;10:55:00;-03:00;11,220000267028809;11,239999771118164;11,210000038146973;11,220000267028809;76100
2026-09-15;11:00:00;-03:00;11,220000267028809;11,229999542236328;11,199999809265137;11,210000038146973;144200
2026-09-15;11:05:00;-03:00;11,220000267028809;11,220000267028809;11,199999809265137;11,199999809265137;130400
2026-09-15;11:10:00;-03:00;11,210000038146973;11,229999542236328;11,199999809265137;11,220000267028809;134900
2026-09-15;11:15:00;-03:00;11,220000267028809;11,229999542236328;11,199999809265137;11,220000267028809;56700
2026-09-15;11:20:00;-03:00;11,220000267028809;11,229999542236328;11,210000038146973;11,220000267028809;34000
2026-09-15;11:25:00;-03:00;11,229999542236328;11,229999542236328;11,1899995803833;11,1899995803833;83400
2026-09-15;11:30:00;-03:00;11,199999809265137;11,229999542236328;11,1899995803833;11,220000267028809;120500
2026-09-15;11:35:00;-03:00;11,220000267028809;11,229999542236328;11,210000038146973;11,229999542236328;49500
2026-09-15;11:40:00;-03:00;11,220000267028809;11,229999542236328;11,210000038146973;11,220000267028809;148100
2026-09-15;11:45:00;-03:00;11,220000267028809;11,220000267028809;11,199999809265137;11,220000267028809;91800
2026-09-15;11:50:00;-03:00;11,220000267028809;11,220000267028809;11,1899995803833;11,210000038146973;148800
2026-09-15;11:55:00;-03:00;11,210000038146973;11,210000038146973;11,180000305175781;11,1899995803833;99200
2026-09-15;12:00:00;-03:00;11,1899995803833;11,210000038146973;11,170000076293945;11,199999809265137;150600
2026-09-15;12:05:00;-03:00;11,199999809265137;11,210000038146973;11,1899995803833;11,199999809265137;62800
2026-09-15;12:10:00;-03:00;11,199999809265137;11,220000267028809;11,1899995803833;11,220000267028809;137100
2026-09-15;12:15:00;-03:00;11,220000267028809;11,25;11,210000038146973;11,229999542236328;194000
2026-09-15;12:20:00;-03:00;11,239999771118164;11,270000457763672;11,229999542236328;11,260000228881836;178500
2026-09-15;12:25:00;-03:00;11,260000228881836;11,270000457763672;11,25;11,260000228881836;65800
2026-09-15;12:30:00;-03:00;11,260000228881836;11,270000457763672;11,239999771118164;11,260000228881836;235700
2026-09-15;12:35:00;-03:00;11,260000228881836;11,260000228881836;11,239999771118164;11,260000228881836;52000
2026-09-15;12:40:00;-03:00;11,25;11,260000228881836;11,25;11,260000228881836;22400
2026-09-15;12:45:00;-03:00;11,260000228881836;11,260000228881836;11,220000267028809;11,220000267028809;194500
2026-09-15;12:50:00;-03:00;11,220000267028809;11,239999771118164;11,199999809265137;11,210000038146973;129300
2026-09-15;12:55:00;-03:00;11,199999809265137;11,210000038146973;11,1899995803833;11,1899995803833;79600
2026-09-15;13:00:00;-03:00;11,1899995803833;11,199999809265137;11,180000305175781;11,1899995803833;51400
2026-09-15;13:05:00;-03:00;11,180000305175781;11,199999809265137;11,170000076293945;11,180000305175781;90300
2026-09-15;13:10:00;-03:00;11,180000305175781;11,180000305175781;11,170000076293945;11,170000076293945;21200
2026-09-15;13:15:00;-03:00;11,170000076293945;11,180000305175781;11,15999984741211;11,170000076293945;54700
2026-09-15;13:20:00;-03:00;11,15999984741211;11,180000305175781;11,15999984741211;11,180000305175781;80200
2026-09-15;13:25:00;-03:00;11,180000305175781;11,180000305175781;11,15999984741211;11,15999984741211;54600
2026-09-15;13:30:00;-03:00;11,170000076293945;11,180000305175781;11,170000076293945;11,180000305175781;97200
2026-09-15;13:35:00;-03:00;11,170000076293945;11,180000305175781;11,170000076293945;11,180000305175781;50100
2026-09-15;13:40:00;-03:00;11,170000076293945;11,1899995803833;11,170000076293945;11,180000305175781;69000
2026-09-15;13:45:00;-03:00;11,180000305175781;11,199999809265137;11,170000076293945;11,1899995803833;94600
2026-09-15;13:50:00;-03:00;11,199999809265137;11,210000038146973;11,1899995803833;11,210000038146973;47500
2026-09-15;13:55:00;-03:00;11,199999809265137;11,210000038146973;11,199999809265137;11,210000038146973;56800
2026-09-15;14:00:00;-03:00;11,210000038146973;11,220000267028809;11,180000305175781;11,1899995803833;107200
2026-09-15;14:05:00;-03:00;11,180000305175781;11,1899995803833;11,15999984741211;11,15999984741211;117800
2026-09-15;14:10:00;-03:00;11,170000076293945;11,180000305175781;11,15999984741211;11,170000076293945;127000
2026-09-15;14:15:00;-03:00;11,180000305175781;11,180000305175781;11,140000343322754;11,140000343322754;195300
2026-09-15;14:20:00;-03:00;11,140000343322754;11,149999618530273;11,140000343322754;11,149999618530273;173400
2026-09-15;14:25:00;-03:00;11,140000343322754;11,149999618530273;11,130000114440918;11,140000343322754;118200
2026-09-15;14:30:00;-03:00;11,140000343322754;11,15999984741211;11,140000343322754;11,149999618530273;349800
2026-09-15;14:35:00;-03:00;11,149999618530273;11,15999984741211;11,149999618530273;11,149999618530273;37300
2026-09-15;14:40:00;-03:00;11,15999984741211;11,15999984741211;11,140000343322754;11,149999618530273;148400
2026-09-15;14:45:00;-03:00;11,149999618530273;11,149999618530273;11,119999885559082;11,149999618530273;226800
2026-09-15;14:50:00;-03:00;11,140000343322754;11,149999618530273;11,130000114440918;11,140000343322754;120700
2026-09-15;14:55:00;-03:00;11,149999618530273;11,15999984741211;11,140000343322754;11,140000343322754;104500
2026-09-15;15:00:00;-03:00;11,149999618530273;11,180000305175781;11,140000343322754;11,170000076293945;231500
2026-09-15;15:05:00;-03:00;11,170000076293945;11,170000076293945;11,149999618530273;11,170000076293945;111500
2026-09-15;15:10:00;-03:00;11,170000076293945;11,170000076293945;11,15999984741211;11,15999984741211;41300
2026-09-15;15:15:00;-03:00;11,170000076293945;11,170000076293945;11,149999618530273;11,15999984741211;196800
2026-09-15;15:20:00;-03:00;11,15999984741211;11,170000076293945;11,149999618530273;11,149999618530273;140300
2026-09-15;15:25:00;-03:00;11,15999984741211;11,15999984741211;11,149999618530273;11,149999618530273;40600
2026-09-15;15:30:00;-03:00;11,149999618530273;11,149999618530273;11,100000381469727;11,109999656677246;431000
2026-09-15;15:35:00;-03:00;11,109999656677246;11,119999885559082;11,0600004196167;11,0600004196167;479300
2026-09-15;15:40:00;-03:00;11,0600004196167;11,079999923706055;11,0600004196167;11,0600004196167;169200
2026-09-15;15:45:00;-03:00;11,0600004196167;11,069999694824219;11,050000190734863;11,0600004196167;135200
2026-09-15;15:50:00;-03:00;11,0600004196167;11,069999694824219;11,050000190734863;11,0600004196167;101700
2026-09-15;15:55:00;-03:00;11,0600004196167;11,079999923706055;11,0600004196167;11,0600004196167;158000
2026-09-15;16:00:00;-03:00;11,0600004196167;11,09000015258789;11,0600004196167;11,0600004196167;437100
2026-09-15;16:05:00;-03:00;11,0600004196167;11,079999923706055;11,0600004196167;11,069999694824219;606100
2026-09-15;16:10:00;-03:00;11,069999694824219;11,079999923706055;11,0600004196167;11,079999923706055;232800
2026-09-15;16:15:00;-03:00;11,069999694824219;11,079999923706055;11,0600004196167;11,069999694824219;256600
2026-09-15;16:20:00;-03:00;11,069999694824219;11,079999923706055;11,0600004196167;11,0600004196167;134800
2026-09-15;16:25:00;-03:00;11,0600004196167;11,069999694824219;11,0600004196167;11,0600004196167;139800
2026-09-15;16:30:00;-03:00;11,0600004196167;11,069999694824219;11,0600004196167;11,0600004196167;198400
2026-09-15;16:35:00;-03:00;11,0600004196167;11,079999923706055;11,050000190734863;11,069999694824219;536700
2026-09-15;16:40:00;-03:00;11,069999694824219;11,109999656677246;11,069999694824219;11,100000381469727;406800
2026-09-15;16:45:00;-03:00;11,100000381469727;11,130000114440918;11,09000015258789;11,109999656677246;526000
2026-09-15;16:50:00;-03:00;11,109999656677246;11,119999885559082;11,079999923706055;11,079999923706055;232000
2026-09-16;10:00:00;-03:00;11,100000381469727;11,119999885559082;11,069999694824219;11,119999885559082;0
2026-09-16;10:05:00;-03:00;11,109999656677246;11,140000343322754;11,109999656677246;11,140000343322754;73900
2026-09-16;10:10:00;-03:00;11,130000114440918;11,15999984741211;11,109999656677246;11,140000343322754;118100
2026-09-16;10:15:00;-03:00;11,140000343322754;11,149999618530273;11,109999656677246;11,130000114440918;56200
2026-09-16;10:20:00;-03:00;11,130000114440918;11,130000114440918;11,079999923706055;11,09000015258789;136200
2026-09-16;10:25:00;-03:00;11,079999923706055;11,109999656677246;11,0600004196167;11,09000015258789;126800
2026-09-16;10:30:00;-03:00;11,09000015258789;11,119999885559082;11,0600004196167;11,069999694824219;292600
2026-09-16;10:35:00;-03:00;11,069999694824219;11,09000015258789;11,0600004196167;11,079999923706055;53000
2026-09-16;10:40:00;-03:00;11,079999923706055;11,09000015258789;11,069999694824219;11,09000015258789;80200
2026-09-16;10:45:00;-03:00;11,09000015258789;11,100000381469727;11,079999923706055;11,079999923706055;80900
2026-09-16;10:50:00;-03:00;11,079999923706055;11,09000015258789;11,069999694824219;11,079999923706055;22700
2026-09-16;10:55:00;-03:00;11,09000015258789;11,09000015258789;11,069999694824219;11,079999923706055;72300
2026-09-16;11:00:00;-03:00;11,079999923706055;11,09000015258789;11,069999694824219;11,069999694824219;59100
2026-09-16;11:05:00;-03:00;11,079999923706055;11,09000015258789;11,0600004196167;11,079999923706055;39400
2026-09-16;11:10:00;-03:00;11,079999923706055;11,130000114440918;11,079999923706055;11,119999885559082;53300
2026-09-16;11:15:00;-03:00;11,130000114440918;11,15999984741211;11,119999885559082;11,140000343322754;168500
2026-09-16;11:20:00;-03:00;11,140000343322754;11,15999984741211;11,140000343322754;11,149999618530273;82400
2026-09-16;11:25:00;-03:00;11,140000343322754;11,170000076293945;11,140000343322754;11,170000076293945;99800
2026-09-16;11:30:00;-03:00;11,170000076293945;11,180000305175781;11,149999618530273;11,149999618530273;83900
2026-09-16;11:35:00;-03:00;11,15999984741211;11,170000076293945;11,149999618530273;11,15999984741211;217400
2026-09-16;11:40:00;-03:00;11,149999618530273;11,1899995803833;11,149999618530273;11,180000305175781;128500
2026-09-16;11:45:00;-03:00;11,180000305175781;11,1899995803833;11,180000305175781;11,1899995803833;43900
2026-09-16;11:50:00;-03:00;11,1899995803833;11,199999809265137;11,170000076293945;11,1899995803833;88300
2026-09-16;11:55:00;-03:00;11,199999809265137;11,220000267028809;11,1899995803833;11,220000267028809;171500
2026-09-16;12:00:00;-03:00;11,220000267028809;11,229999542236328;11,210000038146973;11,220000267028809;101400
2026-09-16;12:05:00;-03:00;11,210000038146973;11,239999771118164;11,199999809265137;11,229999542236328;208600
2026-09-16;12:10:00;-03:00;11,220000267028809;11,239999771118164;11,220000267028809;11,229999542236328;76400
2026-09-16;12:15:00;-03:00;11,229999542236328;11,25;11,210000038146973;11,220000267028809;74300
2026-09-16;12:20:00;-03:00;11,220000267028809;11,229999542236328;11,210000038146973;11,210000038146973;69600
2026-09-16;12:25:00;-03:00;11,220000267028809;11,229999542236328;11,220000267028809;11,220000267028809;38900
2026-09-16;12:30:00;-03:00;11,229999542236328;11,25;11,220000267028809;11,239999771118164;53500
2026-09-16;12:35:00;-03:00;11,229999542236328;11,260000228881836;11,229999542236328;11,25;83000
2026-09-16;12:40:00;-03:00;11,25;11,270000457763672;11,239999771118164;11,270000457763672;125700
2026-09-16;12:45:00;-03:00;11,25;11,260000228881836;11,199999809265137;11,220000267028809;417600
2026-09-16;12:50:00;-03:00;11,220000267028809;11,220000267028809;11,199999809265137;11,210000038146973;55700
2026-09-16;12:55:00;-03:00;11,210000038146973;11,229999542236328;11,210000038146973;11,220000267028809;104200
2026-09-16;13:00:00;-03:00;11,210000038146973;11,229999542236328;11,210000038146973;11,210000038146973;13100
2026-09-16;13:05:00;-03:00;11,220000267028809;11,229999542236328;11,210000038146973;11,220000267028809;53000
2026-09-16;13:10:00;-03:00;11,220000267028809;11,229999542236328;11,220000267028809;11,229999542236328;27400
2026-09-16;13:15:00;-03:00;11,229999542236328;11,229999542236328;11,220000267028809;11,229999542236328;22200
2026-09-16;13:20:00;-03:00;11,220000267028809;11,239999771118164;11,220000267028809;11,229999542236328;66500
2026-09-16;13:25:00;-03:00;11,239999771118164;11,260000228881836;11,229999542236328;11,260000228881836;124400
2026-09-16;13:30:00;-03:00;11,260000228881836;11,289999961853027;11,25;11,289999961853027;251400
2026-09-16;13:35:00;-03:00;11,279999732971191;11,289999961853027;11,270000457763672;11,289999961853027;148800
2026-09-16;13:40:00;-03:00;11,289999961853027;11,300000190734863;11,260000228881836;11,279999732971191;192300
2026-09-16;13:45:00;-03:00;11,279999732971191;11,279999732971191;11,260000228881836;11,270000457763672;20300
2026-09-16;13:50:00;-03:00;11,260000228881836;11,279999732971191;11,260000228881836;11,270000457763672;144300
2026-09-16;13:55:00;-03:00;11,260000228881836;11,300000190734863;11,25;11,289999961853027;1180900
2026-09-16;14:00:00;-03:00;11,279999732971191;11,289999961853027;11,270000457763672;11,279999732971191;104800
2026-09-16;14:05:00;-03:00;11,270000457763672;11,279999732971191;11,260000228881836;11,270000457763672;74900
2026-09-16;14:10:00;-03:00;11,270000457763672;11,279999732971191;11,270000457763672;11,270000457763672;49500
2026-09-16;14:15:00;-03:00;11,270000457763672;11,329999923706055;11,270000457763672;11,319999694824219;496300
2026-09-16;14:20:00;-03:00;11,3100004196167;11,329999923706055;11,3100004196167;11,329999923706055;119700
2026-09-16;14:25:00;-03:00;11,319999694824219;11,329999923706055;11,3100004196167;11,319999694824219;137900
2026-09-16;14:30:00;-03:00;11,3100004196167;11,34000015258789;11,3100004196167;11,329999923706055;203700
2026-09-16;14:35:00;-03:00;11,319999694824219;11,34000015258789;11,319999694824219;11,329999923706055;68300
2026-09-16;14:40:00;-03:00;11,319999694824219;11,329999923706055;11,3100004196167;11,319999694824219;102100
2026-09-16;14:45:00;-03:00;11,3100004196167;11,34000015258789;11,3100004196167;11,3100004196167;564600
2026-09-16;14:50:00;-03:00;11,3100004196167;11,319999694824219;11,300000190734863;11,300000190734863;88400
2026-09-16;14:55:00;-03:00;11,300000190734863;11,329999923706055;11,300000190734863;11,329999923706055;90100
2026-09-16;15:00:00;-03:00;11,319999694824219;11,329999923706055;11,289999961853027;11,300000190734863;240100
2026-09-16;15:05:00;-03:00;11,289999961853027;11,319999694824219;11,289999961853027;11,3100004196167;172000
2026-09-16;15:10:00;-03:00;11,300000190734863;11,3100004196167;11,279999732971191;11,289999961853027;113200
2026-09-16;15:15:00;-03:00;11,289999961853027;11,319999694824219;11,289999961853027;11,3100004196167;137200
2026-09-16;15:20:00;-03:00;11,300000190734863;11,350000381469727;11,300000190734863;11,329999923706055;496000
2026-09-16;15:25:00;-03:00;11,329999923706055;11,34000015258789;11,3100004196167;11,34000015258789;202500
2026-09-16;15:30:00;-03:00;11,329999923706055;11,34000015258789;11,300000190734863;11,3100004196167;208000
2026-09-16;15:35:00;-03:00;11,300000190734863;11,34000015258789;11,289999961853027;11,34000015258789;266700
2026-09-16;15:40:00;-03:00;11,329999923706055;11,350000381469727;11,329999923706055;11,34000015258789;123200
2026-09-16;15:45:00;-03:00;11,329999923706055;11,34000015258789;11,319999694824219;11,329999923706055;114500
2026-09-16;15:50:00;-03:00;11,319999694824219;11,329999923706055;11,239999771118164;11,25;787500
2026-09-16;15:55:00;-03:00;11,239999771118164;11,260000228881836;11,220000267028809;11,239999771118164;444000
2026-09-16;16:00:00;-03:00;11,229999542236328;11,279999732971191;11,229999542236328;11,270000457763672;187600
2026-09-16;16:05:00;-03:00;11,270000457763672;11,300000190734863;11,270000457763672;11,289999961853027;193900
2026-09-16;16:10:00;-03:00;11,289999961853027;11,300000190734863;11,279999732971191;11,289999961853027;151600
2026-09-16;16:15:00;-03:00;11,289999961853027;11,3100004196167;11,289999961853027;11,3100004196167;167400
2026-09-16;16:20:00;-03:00;11,300000190734863;11,3100004196167;11,289999961853027;11,300000190734863;154000
2026-09-16;16:25:00;-03:00;11,300000190734863;11,319999694824219;11,289999961853027;11,319999694824219;160200
2026-09-16;16:30:00;-03:00;11,3100004196167;11,329999923706055;11,3100004196167;11,329999923706055;220400
2026-09-16;16:35:00;-03:00;11,319999694824219;11,34000015258789;11,319999694824219;11,319999694824219;545700
2026-09-16;16:40:00;-03:00;11,319999694824219;11,329999923706055;11,289999961853027;11,300000190734863;976600
2026-09-16;16:45:00;-03:00;11,289999961853027;11,300000190734863;11,279999732971191;11,289999961853027;878000
2026-09-16;16:50:00;-03:00;11,279999732971191;11,329999923706055;11,270000457763672;11,329999923706055;1220500
2026-09-16;16:55:00;-03:00;11,270000457763672;11,270000457763672;11,260000228881836;11,260000228881836;100
2026-09-17;10:00:00;-03:00;11,380000114440918;11,399999618530273;11,359999656677246;11,380000114440918;0
2026-09-17;10:05:00;-03:00;11,380000114440918;11,390000343322754;11,300000190734863;11,319999694824219;249600
2026-09-17;10:10:00;-03:00;11,3100004196167;11,3100004196167;11,199999809265137;11,220000267028809;679800
2026-09-17;10:15:00;-03:00;11,210000038146973;11,239999771118164;11,199999809265137;11,239999771118164;741100
2026-09-17;10:20:00;-03:00;11,25;11,25;11,210000038146973;11,220000267028809;2711700
2026-09-17;10:25:00;-03:00;11,210000038146973;11,239999771118164;11,199999809265137;11,229999542236328;595800
2026-09-17;10:30:00;-03:00;11,220000267028809;11,239999771118164;11,100000381469727;11,100000381469727;1284600
2026-09-17;10:35:00;-03:00;11,109999656677246;11,130000114440918;11,09000015258789;11,100000381469727;230300
2026-09-17;10:40:00;-03:00;11,09000015258789;11,09000015258789;10,989999771118164;11,010000228881836;1173800
2026-09-17;10:45:00;-03:00;11,0;11,0600004196167;11,0;11,020000457763672;440900
2026-09-17;10:50:00;-03:00;11,010000228881836;11,119999885559082;11,010000228881836;11,109999656677246;660100
2026-09-17;10:55:00;-03:00;11,109999656677246;11,130000114440918;11,09000015258789;11,130000114440918;192800
2026-09-17;11:00:00;-03:00;11,130000114440918;11,15999984741211;11,109999656677246;11,15999984741211;232000
2026-09-17;11:05:00;-03:00;11,15999984741211;11,180000305175781;11,15999984741211;11,170000076293945;323000
2026-09-17;11:10:00;-03:00;11,170000076293945;11,180000305175781;11,130000114440918;11,140000343322754;137100
2026-09-17;11:15:00;-03:00;11,140000343322754;11,140000343322754;11,100000381469727;11,130000114440918;222900
2026-09-17;11:20:00;-03:00;11,119999885559082;11,140000343322754;11,109999656677246;11,130000114440918;174700
2026-09-17;11:25:00;-03:00;11,130000114440918;11,149999618530273;11,130000114440918;11,149999618530273;91700
2026-09-17;11:30:00;-03:00;11,149999618530273;11,180000305175781;11,140000343322754;11,170000076293945;115200
2026-09-17;11:35:00;-03:00;11,170000076293945;11,180000305175781;11,15999984741211;11,170000076293945;64500
2026-09-17;11:40:00;-03:00;11,170000076293945;11,210000038146973;11,170000076293945;11,210000038146973;107500
2026-09-17;11:45:00;-03:00;11,210000038146973;11,210000038146973;11,170000076293945;11,210000038146973;215800
2026-09-17;11:50:00;-03:00;11,210000038146973;11,210000038146973;11,199999809265137;11,199999809265137;40300
2026-09-17;11:55:00;-03:00;11,210000038146973;11,229999542236328;11,199999809265137;11,199999809265137;121000
2026-09-17;12:00:00;-03:00;11,199999809265137;11,229999542236328;11,1899995803833;11,220000267028809;97000
2026-09-17;12:05:00;-03:00;11,220000267028809;11,229999542236328;11,210000038146973;11,229999542236328;34200
2026-09-17;12:10:00;-03:00;11,220000267028809;11,239999771118164;11,220000267028809;11,220000267028809;33200
2026-09-17;12:15:00;-03:00;11,220000267028809;11,260000228881836;11,210000038146973;11,239999771118164;87100
2026-09-17;12:20:00;-03:00;11,239999771118164;11,25;11,220000267028809;11,220000267028809;17400
2026-09-17;12:25:00;-03:00;11,220000267028809;11,270000457763672;11,220000267028809;11,260000228881836;101700
2026-09-17;12:30:00;-03:00;11,270000457763672;11,270000457763672;11,25;11,25;59400
2026-09-17;12:35:00;-03:00;11,25;11,279999732971191;11,25;11,279999732971191;63600
2026-09-17;12:40:00;-03:00;11,270000457763672;11,279999732971191;11,260000228881836;11,279999732971191;87900
2026-09-17;12:45:00;-03:00;11,270000457763672;11,279999732971191;11,25;11,25;48900
2026-09-17;12:50:00;-03:00;11,25;11,260000228881836;11,239999771118164;11,25;58700
2026-09-17;12:55:00;-03:00;11,25;11,270000457763672;11,25;11,270000457763672;40000
2026-09-17;13:00:00;-03:00;11,260000228881836;11,279999732971191;11,260000228881836;11,270000457763672;42000
2026-09-17;13:05:00;-03:00;11,270000457763672;11,270000457763672;11,260000228881836;11,260000228881836;22700
2026-09-17;13:10:00;-03:00;11,270000457763672;11,270000457763672;11,260000228881836;11,260000228881836;40500
2026-09-17;13:15:00;-03:00;11,260000228881836;11,300000190734863;11,260000228881836;11,279999732971191;127100
2026-09-17;13:20:00;-03:00;11,279999732971191;11,289999961853027;11,279999732971191;11,289999961853027;19400
2026-09-17;13:25:00;-03:00;11,289999961853027;11,300000190734863;11,279999732971191;11,279999732971191;118800
2026-09-17;13:30:00;-03:00;11,279999732971191;11,289999961853027;11,270000457763672;11,279999732971191;38900
2026-09-17;13:35:00;-03:00;11,270000457763672;11,279999732971191;11,270000457763672;11,270000457763672;26600
2026-09-17;13:40:00;-03:00;11,279999732971191;11,289999961853027;11,270000457763672;11,270000457763672;32300
2026-09-17;13:45:00;-03:00;11,270000457763672;11,279999732971191;11,260000228881836;11,260000228881836;92000
2026-09-17;13:50:00;-03:00;11,260000228881836;11,270000457763672;11,260000228881836;11,270000457763672;15400
2026-09-17;13:55:00;-03:00;11,260000228881836;11,270000457763672;11,25;11,25;93500
2026-09-17;14:00:00;-03:00;11,25;11,270000457763672;11,25;11,260000228881836;75700
2026-09-17;14:05:00;-03:00;11,260000228881836;11,270000457763672;11,260000228881836;11,260000228881836;48600
2026-09-17;14:10:00;-03:00;11,260000228881836;11,260000228881836;11,239999771118164;11,260000228881836;50800
2026-09-17;14:15:00;-03:00;11,25;11,260000228881836;11,239999771118164;11,239999771118164;57400
2026-09-17;14:20:00;-03:00;11,239999771118164;11,25;11,229999542236328;11,229999542236328;99500
2026-09-17;14:25:00;-03:00;11,239999771118164;11,25;11,229999542236328;11,25;69800
2026-09-17;14:30:00;-03:00;11,25;11,25;11,239999771118164;11,239999771118164;34800
2026-09-17;14:35:00;-03:00;11,25;11,260000228881836;11,25;11,25;44300
2026-09-17;14:40:00;-03:00;11,25;11,260000228881836;11,25;11,260000228881836;46400
2026-09-17;14:45:00;-03:00;11,25;11,270000457763672;11,25;11,270000457763672;84700
2026-09-17;14:50:00;-03:00;11,270000457763672;11,279999732971191;11,270000457763672;11,270000457763672;40600
2026-09-17;14:55:00;-03:00;11,279999732971191;11,289999961853027;11,270000457763672;11,289999961853027;105900
2026-09-17;15:00:00;-03:00;11,289999961853027;11,289999961853027;11,270000457763672;11,270000457763672;83900
2026-09-17;15:05:00;-03:00;11,279999732971191;11,279999732971191;11,25;11,25;95000
2026-09-17;15:10:00;-03:00;11,25;11,260000228881836;11,25;11,260000228881836;55600
2026-09-17;15:15:00;-03:00;11,260000228881836;11,260000228881836;11,239999771118164;11,25;230700
2026-09-17;15:20:00;-03:00;11,25;11,25;11,239999771118164;11,25;39900
2026-09-17;15:25:00;-03:00;11,239999771118164;11,25;11,239999771118164;11,239999771118164;47300
2026-09-17;15:30:00;-03:00;11,25;11,260000228881836;11,239999771118164;11,25;108800
2026-09-17;15:35:00;-03:00;11,25;11,25;11,239999771118164;11,25;40500
2026-09-17;15:40:00;-03:00;11,25;11,260000228881836;11,239999771118164;11,260000228881836;71100
2026-09-17;15:45:00;-03:00;11,25;11,260000228881836;11,239999771118164;11,25;194300
2026-09-17;15:50:00;-03:00;11,260000228881836;11,279999732971191;11,25;11,260000228881836;77900
2026-09-17;15:55:00;-03:00;11,270000457763672;11,279999732971191;11,25;11,279999732971191;133400
2026-09-17;16:00:00;-03:00;11,270000457763672;11,300000190734863;11,270000457763672;11,289999961853027;324000
2026-09-17;16:05:00;-03:00;11,289999961853027;11,289999961853027;11,279999732971191;11,289999961853027;84800
2026-09-17;16:10:00;-03:00;11,289999961853027;11,289999961853027;11,279999732971191;11,279999732971191;89500
2026-09-17;16:15:00;-03:00;11,289999961853027;11,289999961853027;11,260000228881836;11,270000457763672;194300
2026-09-17;16:20:00;-03:00;11,270000457763672;11,270000457763672;11,25;11,260000228881836;155200
2026-09-17;16:25:00;-03:00;11,260000228881836;11,260000228881836;11,25;11,260000228881836;88200
2026-09-17;16:30:00;-03:00;11,25;11,260000228881836;11,25;11,260000228881836;118100
2026-09-17;16:35:00;-03:00;11,25;11,260000228881836;11,239999771118164;11,25;338900
2026-09-17;16:40:00;-03:00;11,25;11,279999732971191;11,239999771118164;11,260000228881836;558400
2026-09-17;16:45:00;-03:00;11,270000457763672;11,270000457763672;11,239999771118164;11,239999771118164;244600
2026-09-17;16:50:00;-03:00;11,25;11,25;11,229999542236328;11,25;268500
2026-09-18;10:00:00;-03:00;11,199999809265137;11,199999809265137;11,15999984741211;11,199999809265137;0
2026-09-18;10:05:00;-03:00;11,199999809265137;11,199999809265137;11,180000305175781;11,1899995803833;29500
2026-09-18;10:10:00;-03:00;11,1899995803833;11,199999809265137;11,180000305175781;11,199999809265137;54300
2026-09-18;10:15:00;-03:00;11,1899995803833;11,210000038146973;11,1899995803833;11,1899995803833;11200
2026-09-18;10:20:00;-03:00;11,1899995803833;11,210000038146973;11,1899995803833;11,1899995803833;41600
2026-09-18;10:25:00;-03:00;11,1899995803833;11,199999809265137;11,170000076293945;11,170000076293945;41800
2026-09-18;10:30:00;-03:00;11,180000305175781;11,210000038146973;11,15999984741211;11,199999809265137;109600
2026-09-18;10:35:00;-03:00;11,199999809265137;11,210000038146973;11,180000305175781;11,1899995803833;68700
2026-09-18;10:40:00;-03:00;11,1899995803833;11,199999809265137;11,180000305175781;11,1899995803833;46300
2026-09-18;10:45:00;-03:00;11,180000305175781;11,199999809265137;11,180000305175781;11,180000305175781;65800
2026-09-18;10:50:00;-03:00;11,180000305175781;11,199999809265137;11,15999984741211;11,15999984741211;196000
2026-09-18;10:55:00;-03:00;11,15999984741211;11,1899995803833;11,149999618530273;11,15999984741211;161800
2026-09-18;11:00:00;-03:00;11,149999618530273;11,170000076293945;11,119999885559082;11,119999885559082;308500
2026-09-18;11:05:00;-03:00;11,119999885559082;11,15999984741211;11,09000015258789;11,149999618530273;586200
2026-09-18;11:10:00;-03:00;11,149999618530273;11,149999618530273;11,119999885559082;11,119999885559082;85100
2026-09-18;11:15:00;-03:00;11,130000114440918;11,149999618530273;11,130000114440918;11,140000343322754;78000
2026-09-18;11:20:00;-03:00;11,140000343322754;11,140000343322754;11,119999885559082;11,130000114440918;86200
2026-09-18;11:25:00;-03:00;11,119999885559082;11,140000343322754;11,109999656677246;11,119999885559082;108300
2026-09-18;11:30:00;-03:00;11,119999885559082;11,119999885559082;11,09000015258789;11,09000015258789;71000
2026-09-18;11:35:00;-03:00;11,09000015258789;11,109999656677246;11,09000015258789;11,109999656677246;113500
2026-09-18;11:40:00;-03:00;11,109999656677246;11,109999656677246;11,09000015258789;11,100000381469727;49600
2026-09-18;11:45:00;-03:00;11,109999656677246;11,119999885559082;11,100000381469727;11,109999656677246;71700
2026-09-18;11:50:00;-03:00;11,100000381469727;11,119999885559082;11,100000381469727;11,109999656677246;60100
2026-09-18;11:55:00;-03:00;11,109999656677246;11,140000343322754;11,109999656677246;11,140000343322754;81800
2026-09-18;12:00:00;-03:00;11,140000343322754;11,149999618530273;11,130000114440918;11,140000343322754;73600
2026-09-18;12:05:00;-03:00;11,140000343322754;11,140000343322754;11,119999885559082;11,119999885559082;38000
2026-09-18;12:10:00;-03:00;11,119999885559082;11,170000076293945;11,119999885559082;11,170000076293945;75400
2026-09-18;12:15:00;-03:00;11,170000076293945;11,180000305175781;11,149999618530273;11,15999984741211;75500
2026-09-18;12:20:00;-03:00;11,15999984741211;11,15999984741211;11,149999618530273;11,15999984741211;30900
2026-09-18;12:25:00;-03:00;11,15999984741211;11,15999984741211;11,140000343322754;11,149999618530273;80600
2026-09-18;12:30:00;-03:00;11,140000343322754;11,170000076293945;11,140000343322754;11,15999984741211;251800
2026-09-18;12:35:00;-03:00;11,15999984741211;11,180000305175781;11,15999984741211;11,170000076293945;52100
2026-09-18;12:40:00;-03:00;11,180000305175781;11,180000305175781;11,15999984741211;11,170000076293945;151800
2026-09-18;12:45:00;-03:00;11,180000305175781;11,1899995803833;11,170000076293945;11,1899995803833;82800
2026-09-18;12:50:00;-03:00;11,1899995803833;11,199999809265137;11,180000305175781;11,180000305175781;57000
2026-09-18;12:55:00;-03:00;11,1899995803833;11,1899995803833;11,170000076293945;11,170000076293945;164100
2026-09-18;13:00:00;-03:00;11,180000305175781;11,180000305175781;11,140000343322754;11,149999618530273;157200
2026-09-18;13:05:00;-03:00;11,15999984741211;11,180000305175781;11,149999618530273;11,180000305175781;106800
2026-09-18;13:10:00;-03:00;11,180000305175781;11,210000038146973;11,180000305175781;11,199999809265137;451500
2026-09-18;13:15:00;-03:00;11,1899995803833;11,210000038146973;11,1899995803833;11,1899995803833;123500
2026-09-18;13:20:00;-03:00;11,1899995803833;11,220000267028809;11,1899995803833;11,210000038146973;164600
2026-09-18;13:25:00;-03:00;11,199999809265137;11,210000038146973;11,1899995803833;11,210000038146973;169400
2026-09-18;13:30:00;-03:00;11,210000038146973;11,229999542236328;11,199999809265137;11,229999542236328;203000
2026-09-18;13:35:00;-03:00;11,229999542236328;11,229999542236328;11,1899995803833;11,1899995803833;275000
2026-09-18;13:40:00;-03:00;11,199999809265137;11,199999809265137;11,1899995803833;11,1899995803833;42400
2026-09-18;13:45:00;-03:00;11,1899995803833;11,1899995803833;11,180000305175781;11,180000305175781;67500
2026-09-18;13:50:00;-03:00;11,1899995803833;11,199999809265137;11,180000305175781;11,199999809265137;87900
2026-09-18;13:55:00;-03:00;11,1899995803833;11,210000038146973;11,1899995803833;11,1899995803833;85700
2026-09-18;14:00:00;-03:00;11,199999809265137;11,199999809265137;11,1899995803833;11,199999809265137;22500
2026-09-18;14:05:00;-03:00;11,1899995803833;11,199999809265137;11,180000305175781;11,180000305175781;40400
2026-09-18;14:10:00;-03:00;11,1899995803833;11,199999809265137;11,180000305175781;11,199999809265137;84600
2026-09-18;14:15:00;-03:00;11,199999809265137;11,210000038146973;11,180000305175781;11,180000305175781;96900
2026-09-18;14:20:00;-03:00;11,1899995803833;11,199999809265137;11,180000305175781;11,180000305175781;112600
2026-09-18;14:25:00;-03:00;11,1899995803833;11,1899995803833;11,170000076293945;11,170000076293945;50500
2026-09-18;14:30:00;-03:00;11,170000076293945;11,180000305175781;11,140000343322754;11,170000076293945;245800
2026-09-18;14:35:00;-03:00;11,170000076293945;11,170000076293945;11,15999984741211;11,15999984741211;40100
2026-09-18;14:40:00;-03:00;11,170000076293945;11,180000305175781;11,15999984741211;11,170000076293945;67700
2026-09-18;14:45:00;-03:00;11,180000305175781;11,1899995803833;11,170000076293945;11,1899995803833;84100
2026-09-18;14:50:00;-03:00;11,180000305175781;11,199999809265137;11,180000305175781;11,1899995803833;175700
2026-09-18;14:55:00;-03:00;11,1899995803833;11,199999809265137;11,180000305175781;11,180000305175781;66400
2026-09-18;15:00:00;-03:00;11,1899995803833;11,199999809265137;11,180000305175781;11,1899995803833;63600
2026-09-18;15:05:00;-03:00;11,199999809265137;11,199999809265137;11,180000305175781;11,180000305175781;90300
2026-09-18;15:10:00;-03:00;11,1899995803833;11,199999809265137;11,180000305175781;11,199999809265137;34400
2026-09-18;15:15:00;-03:00;11,199999809265137;11,199999809265137;11,180000305175781;11,180000305175781;60100
2026-09-18;15:20:00;-03:00;11,180000305175781;11,1899995803833;11,180000305175781;11,1899995803833;102300
2026-09-18;15:25:00;-03:00;11,1899995803833;11,199999809265137;11,1899995803833;11,1899995803833;24100
2026-09-18;15:30:00;-03:00;11,199999809265137;11,199999809265137;11,1899995803833;11,199999809265137;37500
2026-09-18;15:35:00;-03:00;11,1899995803833;11,199999809265137;11,1899995803833;11,1899995803833;28500
2026-09-18;15:40:00;-03:00;11,199999809265137;11,199999809265137;11,1899995803833;11,199999809265137;89900
2026-09-18;15:45:00;-03:00;11,199999809265137;11,210000038146973;11,1899995803833;11,199999809265137;87200
2026-09-18;15:50:00;-03:00;11,199999809265137;11,210000038146973;11,1899995803833;11,1899995803833;94700
2026-09-18;15:55:00;-03:00;11,199999809265137;11,199999809265137;11,180000305175781;11,180000305175781;105700
2026-09-18;16:00:00;-03:00;11,1899995803833;11,1899995803833;11,180000305175781;11,180000305175781;142400
2026-09-18;16:05:00;-03:00;11,1899995803833;11,1899995803833;11,180000305175781;11,180000305175781;33300
2026-09-18;16:10:00;-03:00;11,1899995803833;11,199999809265137;11,180000305175781;11,199999809265137;44600
2026-09-18;16:15:00;-03:00;11,199999809265137;11,220000267028809;11,180000305175781;11,210000038146973;448800
2026-09-18;16:20:00;-03:00;11,210000038146973;11,220000267028809;11,199999809265137;11,210000038146973;422400
2026-09-18;16:25:00;-03:00;11,210000038146973;11,229999542236328;11,210000038146973;11,220000267028809;75200
2026-09-18;16:30:00;-03:00;11,229999542236328;11,25;11,220000267028809;11,239999771118164;360000
2026-09-18;16:35:00;-03:00;11,25;11,260000228881836;11,239999771118164;11,25;36700
2026-09-18;16:40:00;-03:00;11,239999771118164;11,260000228881836;11,239999771118164;11,25;150100
2026-09-18;16:45:00;-03:00;11,260000228881836;11,270000457763672;11,25;11,270000457763672;195300
2026-09-21;10:00:00;-03:00;11,300000190734863;11,350000381469727;11,260000228881836;11,3100004196167;100700
2026-09-21;10:05:00;-03:00;11,300000190734863;11,319999694824219;11,300000190734863;11,3100004196167;58100
2026-09-21;10:10:00;-03:00;11,300000190734863;11,329999923706055;11,300000190734863;11,3100004196167;80400
2026-09-21;10:15:00;-03:00;11,3100004196167;11,34000015258789;11,289999961853027;11,319999694824219;66300
2026-09-21;10:20:00;-03:00;11,3100004196167;11,329999923706055;11,300000190734863;11,319999694824219;62700
2026-09-21;10:25:00;-03:00;11,319999694824219;11,34000015258789;11,3100004196167;11,34000015258789;59500
2026-09-21;10:30:00;-03:00;11,34000015258789;11,369999885559082;11,329999923706055;11,350000381469727;160900
2026-09-21;10:35:00;-03:00;11,34000015258789;11,369999885559082;11,329999923706055;11,369999885559082;157200
2026-09-21;10:40:00;-03:00;11,359999656677246;11,390000343322754;11,329999923706055;11,359999656677246;259700
2026-09-21;10:45:00;-03:00;11,350000381469727;11,350000381469727;11,319999694824219;11,319999694824219;81200
2026-09-21;10:50:00;-03:00;11,3100004196167;11,319999694824219;11,279999732971191;11,289999961853027;83500
2026-09-21;10:55:00;-03:00;11,289999961853027;11,3100004196167;11,289999961853027;11,300000190734863;138300
2026-09-21;11:00:00;-03:00;11,3100004196167;11,3100004196167;11,270000457763672;11,279999732971191;122100
2026-09-21;11:05:00;-03:00;11,279999732971191;11,300000190734863;11,270000457763672;11,289999961853027;215600
2026-09-21;11:10:00;-03:00;11,279999732971191;11,3100004196167;11,279999732971191;11,3100004196167;129300
2026-09-21;11:15:00;-03:00;11,3100004196167;11,3100004196167;11,270000457763672;11,279999732971191;194400
2026-09-21;11:20:00;-03:00;11,279999732971191;11,279999732971191;11,260000228881836;11,270000457763672;28600
2026-09-21;11:25:00;-03:00;11,270000457763672;11,270000457763672;11,25;11,270000457763672;105300
2026-09-21;11:30:00;-03:00;11,270000457763672;11,270000457763672;11,239999771118164;11,260000228881836;153900
2026-09-21;11:35:00;-03:00;11,260000228881836;11,270000457763672;11,25;11,270000457763672;73000
2026-09-21;11:40:00;-03:00;11,260000228881836;11,289999961853027;11,260000228881836;11,279999732971191;78400
2026-09-21;11:45:00;-03:00;11,279999732971191;11,279999732971191;11,270000457763672;11,270000457763672;59600
2026-09-21;11:50:00;-03:00;11,270000457763672;11,279999732971191;11,260000228881836;11,270000457763672;98300
2026-09-21;11:55:00;-03:00;11,270000457763672;11,279999732971191;11,260000228881836;11,270000457763672;27500
2026-09-21;12:00:00;-03:00;11,260000228881836;11,300000190734863;11,260000228881836;11,300000190734863;138500
2026-09-21;12:05:00;-03:00;11,300000190734863;11,3100004196167;11,289999961853027;11,289999961853027;117300
2026-09-21;12:10:00;-03:00;11,289999961853027;11,289999961853027;11,260000228881836;11,279999732971191;130800
2026-09-21;12:15:00;-03:00;11,270000457763672;11,289999961853027;11,270000457763672;11,270000457763672;197700
2026-09-21;12:20:00;-03:00;11,270000457763672;11,300000190734863;11,270000457763672;11,270000457763672;90700
2026-09-21;12:25:00;-03:00;11,270000457763672;11,279999732971191;11,260000228881836;11,270000457763672;56200
2026-09-21;12:30:00;-03:00;11,260000228881836;11,270000457763672;11,260000228881836;11,260000228881836;51300
2026-09-21;12:35:00;-03:00;11,260000228881836;11,270000457763672;11,25;11,260000228881836;56000
2026-09-21;12:40:00;-03:00;11,270000457763672;11,270000457763672;11,25;11,25;59200
2026-09-21;12:45:00;-03:00;11,25;11,270000457763672;11,25;11,260000228881836;107100
2026-09-21;12:50:00;-03:00;11,270000457763672;11,289999961853027;11,260000228881836;11,270000457763672;95500
2026-09-21;12:55:00;-03:00;11,270000457763672;11,279999732971191;11,260000228881836;11,260000228881836;153500
2026-09-21;13:00:00;-03:00;11,270000457763672;11,279999732971191;11,25;11,279999732971191;315700
2026-09-21;13:05:00;-03:00;11,270000457763672;11,289999961853027;11,260000228881836;11,279999732971191;159300
2026-09-21;13:10:00;-03:00;11,279999732971191;11,289999961853027;11,270000457763672;11,279999732971191;80900
2026-09-21;13:15:00;-03:00;11,289999961853027;11,300000190734863;11,279999732971191;11,289999961853027;167000
2026-09-21;13:20:00;-03:00;11,289999961853027;11,300000190734863;11,270000457763672;11,270000457763672;127100
2026-09-21;13:25:00;-03:00;11,279999732971191;11,279999732971191;11,260000228881836;11,260000228881836;57900
2026-09-21;13:30:00;-03:00;11,260000228881836;11,279999732971191;11,260000228881836;11,270000457763672;83300
2026-09-21;13:35:00;-03:00;11,270000457763672;11,279999732971191;11,260000228881836;11,260000228881836;72700
2026-09-21;13:40:00;-03:00;11,260000228881836;11,270000457763672;11,25;11,25;126400
2026-09-21;13:45:00;-03:00;11,25;11,270000457763672;11,239999771118164;11,25;233600
2026-09-21;13:50:00;-03:00;11,25;11,270000457763672;11,25;11,260000228881836;78600
2026-09-21;13:55:00;-03:00;11,270000457763672;11,3100004196167;11,260000228881836;11,300000190734863;432200
2026-09-21;14:00:00;-03:00;11,289999961853027;11,300000190734863;11,289999961853027;11,289999961853027;39300
2026-09-21;14:05:00;-03:00;11,289999961853027;11,3100004196167;11,289999961853027;11,3100004196167;154400
2026-09-21;14:10:00;-03:00;11,3100004196167;11,319999694824219;11,300000190734863;11,319999694824219;192400
2026-09-21;14:15:00;-03:00;11,319999694824219;11,329999923706055;11,3100004196167;11,319999694824219;146600
2026-09-21;14:20:00;-03:00;11,319999694824219;11,329999923706055;11,3100004196167;11,319999694824219;118000
2026-09-21;14:25:00;-03:00;11,319999694824219;11,319999694824219;11,300000190734863;11,3100004196167;135100
2026-09-21;14:30:00;-03:00;11,300000190734863;11,3100004196167;11,289999961853027;11,289999961853027;117100
2026-09-21;14:35:00;-03:00;11,300000190734863;11,300000190734863;11,270000457763672;11,279999732971191;127000
2026-09-21;14:40:00;-03:00;11,279999732971191;11,279999732971191;11,270000457763672;11,270000457763672;103000
2026-09-21;14:45:00;-03:00;11,270000457763672;11,279999732971191;11,260000228881836;11,260000228881836;97100
2026-09-21;14:50:00;-03:00;11,270000457763672;11,270000457763672;11,260000228881836;11,260000228881836;92900
2026-09-21;14:55:00;-03:00;11,270000457763672;11,270000457763672;11,25;11,260000228881836;136700
2026-09-21;15:00:00;-03:00;11,25;11,270000457763672;11,25;11,25;68800
2026-09-21;15:05:00;-03:00;11,25;11,260000228881836;11,25;11,25;59300
2026-09-21;15:10:00;-03:00;11,260000228881836;11,279999732971191;11,25;11,260000228881836;287800
2026-09-21;15:15:00;-03:00;11,260000228881836;11,270000457763672;11,260000228881836;11,260000228881836;45000
2026-09-21;15:20:00;-03:00;11,270000457763672;11,270000457763672;11,260000228881836;11,270000457763672;64200
2026-09-21;15:25:00;-03:00;11,260000228881836;11,270000457763672;11,260000228881836;11,260000228881836;74400
2026-09-21;15:30:00;-03:00;11,260000228881836;11,270000457763672;11,260000228881836;11,270000457763672;148000
2026-09-21;15:35:00;-03:00;11,270000457763672;11,279999732971191;11,260000228881836;11,279999732971191;129800
2026-09-21;15:40:00;-03:00;11,279999732971191;11,289999961853027;11,270000457763672;11,279999732971191;116800
2026-09-21;15:45:00;-03:00;11,279999732971191;11,289999961853027;11,279999732971191;11,289999961853027;123100
2026-09-21;15:50:00;-03:00;11,289999961853027;11,300000190734863;11,270000457763672;11,279999732971191;192200
2026-09-21;15:55:00;-03:00;11,279999732971191;11,289999961853027;11,270000457763672;11,279999732971191;157500
2026-09-21;16:00:00;-03:00;11,279999732971191;11,289999961853027;11,270000457763672;11,279999732971191;401000
2026-09-21;16:05:00;-03:00;11,279999732971191;11,289999961853027;11,260000228881836;11,260000228881836;400600
2026-09-21;16:10:00;-03:00;11,260000228881836;11,289999961853027;11,25;11,289999961853027;431000
2026-09-21;16:15:00;-03:00;11,279999732971191;11,289999961853027;11,279999732971191;11,289999961853027;97800
2026-09-21;16:20:00;-03:00;11,289999961853027;11,300000190734863;11,279999732971191;11,279999732971191;203800
2026-09-21;16:25:00;-03:00;11,289999961853027;11,3100004196167;11,279999732971191;11,300000190734863;190400
2026-09-21;16:30:00;-03:00;11,3100004196167;11,3100004196167;11,279999732971191;11,289999961853027;383500
2026-09-21;16:35:00;-03:00;11,289999961853027;11,289999961853027;11,270000457763672;11,279999732971191;360700
2026-09-21;16:40:00;-03:00;11,289999961853027;11,289999961853027;11,25;11,270000457763672;498800
2026-09-21;16:45:00;-03:00;11,260000228881836;11,260000228881836;11,239999771118164;11,25;340200
2026-09-21;16:50:00;-03:00;11,25;11,260000228881836;11,229999542236328;11,260000228881836;375000
2026-09-22;10:00:00;-03:00;11,229999542236328;11,229999542236328;11,180000305175781;11,210000038146973;0
2026-09-22;10:05:00;-03:00;11,199999809265137;11,220000267028809;11,199999809265137;11,220000267028809;134300
2026-09-22;10:10:00;-03:00;11,229999542236328;11,229999542236328;11,199999809265137;11,199999809265137;37000
2026-09-22;10:15:00;-03:00;11,210000038146973;11,239999771118164;11,199999809265137;11,229999542236328;93900
2026-09-22;10:20:00;-03:00;11,220000267028809;11,239999771118164;11,199999809265137;11,220000267028809;104400
2026-09-22;10:25:00;-03:00;11,210000038146973;11,220000267028809;11,1899995803833;11,199999809265137;39700
2026-09-22;10:30:00;-03:00;11,210000038146973;11,260000228881836;11,210000038146973;11,260000228881836;74900
2026-09-22;10:35:00;-03:00;11,25;11,260000228881836;11,229999542236328;11,229999542236328;83800
2026-09-22;10:40:00;-03:00;11,229999542236328;11,239999771118164;11,220000267028809;11,229999542236328;27100
2026-09-22;10:45:00;-03:00;11,229999542236328;11,25;11,229999542236328;11,229999542236328;26800
2026-09-22;10:50:00;-03:00;11,229999542236328;11,239999771118164;11,199999809265137;11,199999809265137;84500
2026-09-22;10:55:00;-03:00;11,199999809265137;11,210000038146973;11,1899995803833;11,210000038146973;73800
2026-09-22;11:00:00;-03:00;11,210000038146973;11,239999771118164;11,210000038146973;11,210000038146973;123800
2026-09-22;11:05:00;-03:00;11,210000038146973;11,220000267028809;11,180000305175781;11,180000305175781;98900
2026-09-22;11:10:00;-03:00;11,180000305175781;11,210000038146973;11,180000305175781;11,199999809265137;49900
2026-09-22;11:15:00;-03:00;11,199999809265137;11,220000267028809;11,1899995803833;11,220000267028809;82600
2026-09-22;11:20:00;-03:00;11,229999542236328;11,239999771118164;11,220000267028809;11,220000267028809;121600
2026-09-22;11:25:00;-03:00;11,220000267028809;11,229999542236328;11,199999809265137;11,210000038146973;98200
2026-09-22;11:30:00;-03:00;11,220000267028809;11,239999771118164;11,210000038146973;11,239999771118164;88800
2026-09-22;11:35:00;-03:00;11,239999771118164;11,289999961853027;11,220000267028809;11,270000457763672;372600
2026-09-22;11:40:00;-03:00;11,260000228881836;11,270000457763672;11,239999771118164;11,25;118600
2026-09-22;11:45:00;-03:00;11,260000228881836;11,279999732971191;11,25;11,270000457763672;191300
2026-09-22;11:50:00;-03:00;11,270000457763672;11,279999732971191;11,25;11,260000228881836;144900
2026-09-22;11:55:00;-03:00;11,270000457763672;11,270000457763672;11,239999771118164;11,260000228881836;99200
2026-09-22;12:00:00;-03:00;11,270000457763672;11,270000457763672;11,239999771118164;11,25;53900
2026-09-22;12:05:00;-03:00;11,260000228881836;11,279999732971191;11,25;11,25;61800
2026-09-22;12:10:00;-03:00;11,25;11,260000228881836;11,239999771118164;11,239999771118164;57700
2026-09-22;12:15:00;-03:00;11,25;11,260000228881836;11,239999771118164;11,260000228881836;44900
2026-09-22;12:20:00;-03:00;11,25;11,260000228881836;11,239999771118164;11,25;94100
2026-09-22;12:25:00;-03:00;11,25;11,260000228881836;11,25;11,25;21600
2026-09-22;12:30:00;-03:00;11,260000228881836;11,260000228881836;11,239999771118164;11,25;55900
2026-09-22;12:35:00;-03:00;11,260000228881836;11,260000228881836;11,239999771118164;11,25;35400
2026-09-22;12:40:00;-03:00;11,25;11,260000228881836;11,239999771118164;11,260000228881836;35300
2026-09-22;12:45:00;-03:00;11,25;11,260000228881836;11,25;11,260000228881836;22400
2026-09-22;12:50:00;-03:00;11,25;11,270000457763672;11,239999771118164;11,260000228881836;75900
2026-09-22;12:55:00;-03:00;11,25;11,270000457763672;11,25;11,260000228881836;55500
2026-09-22;13:00:00;-03:00;11,25;11,270000457763672;11,25;11,270000457763672;47800
2026-09-22;13:05:00;-03:00;11,260000228881836;11,270000457763672;11,25;11,25;57800
2026-09-22;13:10:00;-03:00;11,260000228881836;11,270000457763672;11,25;11,260000228881836;47300
2026-09-22;13:15:00;-03:00;11,260000228881836;11,270000457763672;11,25;11,260000228881836;48200
2026-09-22;13:20:00;-03:00;11,270000457763672;11,270000457763672;11,260000228881836;11,270000457763672;26100
2026-09-22;13:25:00;-03:00;11,270000457763672;11,279999732971191;11,260000228881836;11,270000457763672;69900
2026-09-22;13:30:00;-03:00;11,270000457763672;11,279999732971191;11,260000228881836;11,270000457763672;156400
2026-09-22;13:35:00;-03:00;11,270000457763672;11,289999961853027;11,260000228881836;11,289999961853027;146500
2026-09-22;13:40:00;-03:00;11,289999961853027;11,289999961853027;11,270000457763672;11,270000457763672;83000
2026-09-22;13:45:00;-03:00;11,270000457763672;11,270000457763672;11,25;11,260000228881836;177200
2026-09-22;13:50:00;-03:00;11,260000228881836;11,279999732971191;11,260000228881836;11,270000457763672;70700
2026-09-22;13:55:00;-03:00;11,270000457763672;11,270000457763672;11,25;11,260000228881836;45000
2026-09-22;14:00:00;-03:00;11,260000228881836;11,270000457763672;11,239999771118164;11,260000228881836;145600
2026-09-22;14:05:00;-03:00;11,25;11,260000228881836;11,239999771118164;11,25;28200
2026-09-22;14:10:00;-03:00;11,239999771118164;11,25;11,239999771118164;11,25;26300
2026-09-22;14:15:00;-03:00;11,239999771118164;11,25;11,220000267028809;11,220000267028809;97600
2026-09-22;14:20:00;-03:00;11,220000267028809;11,239999771118164;11,220000267028809;11,239999771118164;126100
2026-09-22;14:25:00;-03:00;11,239999771118164;11,25;11,229999542236328;11,25;98900
2026-09-22;14:30:00;-03:00;11,239999771118164;11,25;11,229999542236328;11,229999542236328;42500
2026-09-22;14:35:00;-03:00;11,229999542236328;11,25;11,229999542236328;11,229999542236328;53000
2026-09-22;14:40:00;-03:00;11,239999771118164;11,25;11,229999542236328;11,239999771118164;66000
2026-09-22;14:45:00;-03:00;11,25;11,25;11,239999771118164;11,239999771118164;37700
2026-09-22;14:50:00;-03:00;11,25;11,279999732971191;11,239999771118164;11,270000457763672;182100
2026-09-22;14:55:00;-03:00;11,270000457763672;11,279999732971191;11,260000228881836;11,279999732971191;128300
2026-09-22;15:00:00;-03:00;11,270000457763672;11,270000457763672;11,25;11,25;137400
2026-09-22;15:05:00;-03:00;11,260000228881836;11,279999732971191;11,25;11,270000457763672;206200
2026-09-22;15:10:00;-03:00;11,279999732971191;11,289999961853027;11,270000457763672;11,279999732971191;103200
2026-09-22;15:15:00;-03:00;11,289999961853027;11,289999961853027;11,270000457763672;11,289999961853027;140200
2026-09-22;15:20:00;-03:00;11,279999732971191;11,289999961853027;11,270000457763672;11,270000457763672;26500
2026-09-22;15:25:00;-03:00;11,279999732971191;11,289999961853027;11,270000457763672;11,279999732971191;53300
2026-09-22;15:30:00;-03:00;11,279999732971191;11,289999961853027;11,270000457763672;11,270000457763672;48200
2026-09-22;15:35:00;-03:00;11,279999732971191;11,289999961853027;11,270000457763672;11,279999732971191;62900
2026-09-22;15:40:00;-03:00;11,279999732971191;11,279999732971191;11,270000457763672;11,279999732971191;35300
2026-09-22;15:45:00;-03:00;11,270000457763672;11,289999961853027;11,270000457763672;11,270000457763672;60000
2026-09-22;15:50:00;-03:00;11,270000457763672;11,289999961853027;11,270000457763672;11,279999732971191;40800
2026-09-22;15:55:00;-03:00;11,279999732971191;11,300000190734863;11,279999732971191;11,289999961853027;86800
2026-09-22;16:00:00;-03:00;11,300000190734863;11,3100004196167;11,289999961853027;11,300000190734863;172500
2026-09-22;16:05:00;-03:00;11,3100004196167;11,3100004196167;11,289999961853027;11,289999961853027;109900
2026-09-22;16:10:00;-03:00;11,300000190734863;11,3100004196167;11,289999961853027;11,3100004196167;144900
2026-09-22;16:15:00;-03:00;11,3100004196167;11,329999923706055;11,300000190734863;11,329999923706055;109400
2026-09-22;16:20:00;-03:00;11,329999923706055;11,329999923706055;11,3100004196167;11,3100004196167;86700
2026-09-22;16:25:00;-03:00;11,3100004196167;11,34000015258789;11,3100004196167;11,329999923706055;169100
2026-09-22;16:30:00;-03:00;11,34000015258789;11,350000381469727;11,329999923706055;11,350000381469727;333300
2026-09-22;16:35:00;-03:00;11,350000381469727;11,359999656677246;11,34000015258789;11,350000381469727;317700
2026-09-22;16:40:00;-03:00;11,359999656677246;11,369999885559082;11,350000381469727;11,369999885559082;156500
2026-09-22;16:45:00;-03:00;11,359999656677246;11,369999885559082;11,359999656677246;11,369999885559082;117500
2026-09-22;16:50:00;-03:00;11,369999885559082;11,369999885559082;11,350000381469727;11,350000381469727;241900
2026-09-23;10:00:00;-03:00;;;;;0
2026-09-23;10:05:00;-03:00;11,199999809265137;11,229999542236328;11,15999984741211;11,15999984741211;207900
2026-09-23;10:10:00;-03:00;11,170000076293945;11,180000305175781;11,149999618530273;11,170000076293945;106300
2026-09-23;10:15:00;-03:00;11,15999984741211;11,199999809265137;11,109999656677246;11,180000305175781;152200
2026-09-23;10:20:00;-03:00;11,1899995803833;11,229999542236328;11,180000305175781;11,1899995803833;174400
2026-09-23;10:25:00;-03:00;11,1899995803833;11,220000267028809;11,170000076293945;11,220000267028809;198600
2026-09-23;10:30:00;-03:00;11,220000267028809;11,25;11,170000076293945;11,1899995803833;449700
2026-09-23;10:35:00;-03:00;11,1899995803833;11,210000038146973;11,170000076293945;11,210000038146973;67500
2026-09-23;10:40:00;-03:00;11,199999809265137;11,210000038146973;11,170000076293945;11,170000076293945;201200
2026-09-23;10:45:00;-03:00;11,170000076293945;11,180000305175781;11,130000114440918;11,130000114440918;663500
2026-09-23;10:50:00;-03:00;11,130000114440918;11,15999984741211;11,130000114440918;11,149999618530273;63500
2026-09-23;10:55:00;-03:00;11,15999984741211;11,15999984741211;11,140000343322754;11,15999984741211;128700
2026-09-23;11:00:00;-03:00;11,15999984741211;11,199999809265137;11,15999984741211;11,180000305175781;465400
2026-09-23;11:05:00;-03:00;11,180000305175781;11,199999809265137;11,170000076293945;11,180000305175781;159000
2026-09-23;11:10:00;-03:00;11,170000076293945;11,180000305175781;11,15999984741211;11,15999984741211;281500
2026-09-23;11:15:00;-03:00;11,15999984741211;11,180000305175781;11,119999885559082;11,130000114440918;596200
2026-09-23;11:20:00;-03:00;11,130000114440918;11,140000343322754;11,109999656677246;11,130000114440918;193500
2026-09-23;11:25:00;-03:00;11,140000343322754;11,149999618530273;11,119999885559082;11,130000114440918;157600
2026-09-23;11:30:00;-03:00;11,130000114440918;11,140000343322754;11,119999885559082;11,130000114440918;39400
2026-09-23;11:35:00;-03:00;11,140000343322754;11,140000343322754;11,09000015258789;11,100000381469727;369600
2026-09-23;11:40:00;-03:00;11,109999656677246;11,130000114440918;11,100000381469727;11,109999656677246;165300
2026-09-23;11:45:00;-03:00;11,119999885559082;11,119999885559082;11,09000015258789;11,100000381469727;81800
2026-09-23;11:50:00;-03:00;11,100000381469727;11,109999656677246;11,079999923706055;11,09000015258789;183400
2026-09-23;11:55:00;-03:00;11,079999923706055;11,100000381469727;11,069999694824219;11,079999923706055;171400
2026-09-23;12:00:00;-03:00;11,09000015258789;11,100000381469727;11,079999923706055;11,079999923706055;81900
2026-09-23;12:05:00;-03:00;11,09000015258789;11,100000381469727;11,079999923706055;11,079999923706055;36600
2026-09-23;12:10:00;-03:00;11,09000015258789;11,100000381469727;11,079999923706055;11,100000381469727;58100
2026-09-23;12:15:00;-03:00;11,100000381469727;11,100000381469727;11,079999923706055;11,09000015258789;104700
2026-09-23;12:20:00;-03:00;11,079999923706055;11,09000015258789;11,069999694824219;11,079999923706055;71200
2026-09-23;12:25:00;-03:00;11,069999694824219;11,09000015258789;11,069999694824219;11,09000015258789;38000
2026-09-23;12:30:00;-03:00;11,079999923706055;11,100000381469727;11,069999694824219;11,079999923706055;133400
2026-09-23;12:35:00;-03:00;11,09000015258789;11,100000381469727;11,079999923706055;11,100000381469727;79700
2026-09-23;12:40:00;-03:00;11,09000015258789;11,109999656677246;11,09000015258789;11,109999656677246;44500
2026-09-23;12:45:00;-03:00;11,100000381469727;11,109999656677246;11,079999923706055;11,079999923706055;129700
2026-09-23;12:50:00;-03:00;11,079999923706055;11,100000381469727;11,079999923706055;11,09000015258789;90600
2026-09-23;12:55:00;-03:00;11,09000015258789;11,09000015258789;11,069999694824219;11,069999694824219;240400
2026-09-23;13:00:00;-03:00;11,079999923706055;11,079999923706055;11,050000190734863;11,069999694824219;158500
2026-09-23;13:05:00;-03:00;11,069999694824219;11,079999923706055;11,0600004196167;11,069999694824219;57600
2026-09-23;13:10:00;-03:00;11,0600004196167;11,079999923706055;11,0600004196167;11,079999923706055;45800
2026-09-23;13:15:00;-03:00;11,069999694824219;11,09000015258789;11,069999694824219;11,079999923706055;27100
2026-09-23;13:20:00;-03:00;11,09000015258789;11,100000381469727;11,069999694824219;11,069999694824219;86800
2026-09-23;13:25:00;-03:00;11,079999923706055;11,100000381469727;11,079999923706055;11,100000381469727;60300
2026-09-23;13:30:00;-03:00;11,100000381469727;11,100000381469727;11,069999694824219;11,069999694824219;50200
2026-09-23;13:35:00;-03:00;11,069999694824219;11,079999923706055;11,069999694824219;11,079999923706055;40600
2026-09-23;13:40:00;-03:00;11,069999694824219;11,079999923706055;11,069999694824219;11,069999694824219;8600
2026-09-23;13:45:00;-03:00;11,069999694824219;11,079999923706055;11,050000190734863;11,050000190734863;111200
2026-09-23;13:50:00;-03:00;11,050000190734863;11,069999694824219;11,029999732971191;11,050000190734863;133900
2026-09-23;13:55:00;-03:00;11,039999961853027;11,0600004196167;11,029999732971191;11,050000190734863;123600
2026-09-23;14:00:00;-03:00;11,050000190734863;11,050000190734863;11,029999732971191;11,039999961853027;66300
2026-09-23;14:05:00;-03:00;11,039999961853027;11,050000190734863;11,029999732971191;11,029999732971191;90800
2026-09-23;14:10:00;-03:00;11,029999732971191;11,050000190734863;11,029999732971191;11,050000190734863;25200
2026-09-23;14:15:00;-03:00;11,050000190734863;11,050000190734863;11,029999732971191;11,039999961853027;180400
2026-09-23;14:20:00;-03:00;11,029999732971191;11,050000190734863;11,029999732971191;11,029999732971191;81800
2026-09-23;14:25:00;-03:00;11,039999961853027;11,039999961853027;11,010000228881836;11,029999732971191;150300
2026-09-23;14:30:00;-03:00;11,020000457763672;11,020000457763672;11,010000228881836;11,010000228881836;34800
2026-09-23;14:35:00;-03:00;11,010000228881836;11,020000457763672;10,989999771118164;11,0;263100
2026-09-23;14:40:00;-03:00;11,010000228881836;11,029999732971191;11,0;11,020000457763672;112800
2026-09-23;14:45:00;-03:00;11,020000457763672;11,069999694824219;11,020000457763672;11,0600004196167;149700
2026-09-23;14:50:00;-03:00;11,069999694824219;11,09000015258789;11,0600004196167;11,0600004196167;296800
2026-09-23;14:55:00;-03:00;11,069999694824219;11,079999923706055;11,0600004196167;11,069999694824219;32300
2026-09-23;15:00:00;-03:00;11,069999694824219;11,079999923706055;11,0600004196167;11,0600004196167;54000
2026-09-23;15:05:00;-03:00;11,069999694824219;11,069999694824219;11,0600004196167;11,069999694824219;50700
2026-09-23;15:10:00;-03:00;11,069999694824219;11,079999923706055;11,0600004196167;11,079999923706055;75200
2026-09-23;15:15:00;-03:00;11,069999694824219;11,079999923706055;11,0600004196167;11,069999694824219;110900
2026-09-23;15:20:00;-03:00;11,079999923706055;11,079999923706055;11,0600004196167;11,069999694824219;127900
2026-09-23;15:25:00;-03:00;11,069999694824219;11,069999694824219;11,050000190734863;11,050000190734863;105300
2026-09-23;15:30:00;-03:00;11,050000190734863;11,0600004196167;11,029999732971191;11,039999961853027;140400
2026-09-23;15:35:00;-03:00;11,039999961853027;11,039999961853027;11,029999732971191;11,029999732971191;32000
2026-09-23;15:40:00;-03:00;11,039999961853027;11,039999961853027;11,029999732971191;11,029999732971191;52500
2026-09-23;15:45:00;-03:00;11,039999961853027;11,0600004196167;11,029999732971191;11,0600004196167;172300
2026-09-23;15:50:00;-03:00;11,039999961853027;11,0600004196167;11,029999732971191;11,050000190734863;251000
2026-09-23;15:55:00;-03:00;11,039999961853027;11,050000190734863;11,029999732971191;11,050000190734863;128900
2026-09-23;16:00:00;-03:00;11,039999961853027;11,050000190734863;11,039999961853027;11,039999961853027;22200
2026-09-23;16:05:00;-03:00;11,039999961853027;11,050000190734863;11,029999732971191;11,029999732971191;62900
2026-09-23;16:10:00;-03:00;11,039999961853027;11,050000190734863;11,029999732971191;11,039999961853027;152400
2026-09-23;16:15:00;-03:00;11,029999732971191;11,039999961853027;11,020000457763672;11,020000457763672;72400
2026-09-23;16:20:00;-03:00;11,020000457763672;11,039999961853027;11,020000457763672;11,029999732971191;86800
2026-09-23;16:25:00;-03:00;11,029999732971191;11,039999961853027;11,020000457763672;11,020000457763672;185200
2026-09-23;16:30:00;-03:00;11,020000457763672;11,039999961853027;11,020000457763672;11,029999732971191;56400
2026-09-23;16:35:00;-03:00;11,029999732971191;11,039999961853027;11,020000457763672;11,029999732971191;203100
2026-09-23;16:40:00;-03:00;11,029999732971191;11,029999732971191;11,020000457763672;11,020000457763672;72600
2026-09-23;16:45:00;-03:00;11,029999732971191;11,039999961853027;11,020000457763672;11,029999732971191;96000
2026-09-23;16:50:00;-03:00;11,020000457763672;11,029999732971191;11,020000457763672;11,029999732971191;294200
2026-09-24;10:00:00;-03:00;11,0;11,050000190734863;10,989999771118164;11,050000190734863;139700
2026-09-24;10:05:00;-03:00;11,039999961853027;11,039999961853027;11,0;11,010000228881836;84600
2026-09-24;10:10:00;-03:00;11,010000228881836;11,050000190734863;11,010000228881836;11,039999961853027;112900
2026-09-24;10:15:00;-03:00;11,039999961853027;11,0600004196167;11,029999732971191;11,029999732971191;45500
2026-09-24;10:20:00;-03:00;11,039999961853027;11,050000190734863;11,010000228881836;11,010000228881836;53300
2026-09-24;10:25:00;-03:00;11,0;11,029999732971191;11,0;11,029999732971191;29700
2026-09-24;10:30:00;-03:00;11,029999732971191;11,050000190734863;11,020000457763672;11,029999732971191;79200
2026-09-24;10:35:00;-03:00;11,029999732971191;11,039999961853027;11,020000457763672;11,020000457763672;35900
2026-09-24;10:40:00;-03:00;11,020000457763672;11,039999961853027;11,010000228881836;11,020000457763672;72400
2026-09-24;10:45:00;-03:00;11,029999732971191;11,029999732971191;11,010000228881836;11,020000457763672;38800
2026-09-24;10:50:00;-03:00;11,020000457763672;11,050000190734863;11,010000228881836;11,039999961853027;88400
2026-09-24;10:55:00;-03:00;11,039999961853027;11,069999694824219;11,039999961853027;11,050000190734863;82600
2026-09-24;11:00:00;-03:00;11,050000190734863;11,0600004196167;11,029999732971191;11,039999961853027;117200
2026-09-24;11:05:00;-03:00;11,050000190734863;11,050000190734863;11,039999961853027;11,039999961853027;10700
2026-09-24;11:10:00;-03:00;11,039999961853027;11,050000190734863;11,029999732971191;11,050000190734863;39200
2026-09-24;11:15:00;-03:00;11,039999961853027;11,050000190734863;11,020000457763672;11,039999961853027;84800
2026-09-24;11:20:00;-03:00;11,029999732971191;11,050000190734863;11,020000457763672;11,039999961853027;93100
2026-09-24;11:25:00;-03:00;11,050000190734863;11,050000190734863;11,039999961853027;11,050000190734863;17700
2026-09-24;11:30:00;-03:00;11,039999961853027;11,0600004196167;11,039999961853027;11,050000190734863;27300
2026-09-24;11:35:00;-03:00;11,039999961853027;11,0600004196167;11,029999732971191;11,050000190734863;90900
2026-09-24;11:40:00;-03:00;11,039999961853027;11,039999961853027;11,010000228881836;11,010000228881836;44000
2026-09-24;11:45:00;-03:00;11,010000228881836;11,020000457763672;11,0;11,020000457763672;110900
2026-09-24;11:50:00;-03:00;11,010000228881836;11,029999732971191;11,010000228881836;11,010000228881836;34900
2026-09-24;11:55:00;-03:00;11,010000228881836;11,020000457763672;11,0;11,020000457763672;63100
2026-09-24;12:00:00;-03:00;11,010000228881836;11,020000457763672;10,989999771118164;10,989999771118164;163900
2026-09-24;12:05:00;-03:00;10,989999771118164;11,0;10,979999542236328;10,979999542236328;94200
2026-09-24;12:10:00;-03:00;10,989999771118164;11,0;10,949999809265137;10,949999809265137;168300
2026-09-24;12:15:00;-03:00;10,949999809265137;10,970000267028809;10,949999809265137;10,960000038146973;36500
2026-09-24;12:20:00;-03:00;10,960000038146973;10,970000267028809;10,949999809265137;10,960000038146973;52000
2026-09-24;12:25:00;-03:00;10,949999809265137;10,970000267028809;10,9399995803833;10,949999809265137;71100
2026-09-24;12:30:00;-03:00;10,960000038146973;10,970000267028809;10,949999809265137;10,949999809265137;47100
2026-09-24;12:35:00;-03:00;10,949999809265137;10,970000267028809;10,949999809265137;10,960000038146973;41400
2026-09-24;12:40:00;-03:00;10,960000038146973;10,970000267028809;10,949999809265137;10,949999809265137;64700
2026-09-24;12:45:00;-03:00;10,949999809265137;10,970000267028809;10,930000305175781;10,9399995803833;119500
2026-09-24;12:50:00;-03:00;10,9399995803833;10,960000038146973;10,930000305175781;10,9399995803833;98100
2026-09-24;12:55:00;-03:00;10,9399995803833;10,949999809265137;10,9399995803833;10,9399995803833;28800
2026-09-24;13:00:00;-03:00;10,9399995803833;10,949999809265137;10,930000305175781;10,930000305175781;53600
2026-09-24;13:05:00;-03:00;10,9399995803833;10,949999809265137;10,930000305175781;10,9399995803833;29100
2026-09-24;13:10:00;-03:00;10,9399995803833;10,949999809265137;10,930000305175781;10,949999809265137;72300
2026-09-24;13:15:00;-03:00;10,949999809265137;11,029999732971191;10,949999809265137;10,989999771118164;250500
2026-09-24;13:20:00;-03:00;10,989999771118164;11,0;10,979999542236328;10,989999771118164;36300
2026-09-24;13:25:00;-03:00;10,989999771118164;11,010000228881836;10,979999542236328;11,0;102500
2026-09-24;13:30:00;-03:00;11,010000228881836;11,020000457763672;10,989999771118164;11,010000228881836;91800
2026-09-24;13:35:00;-03:00;11,010000228881836;11,039999961853027;11,0;11,010000228881836;176000
2026-09-24;13:40:00;-03:00;11,010000228881836;11,029999732971191;11,0;11,0;102400
2026-09-24;13:45:00;-03:00;11,0;11,010000228881836;10,989999771118164;11,0;38800
2026-09-24;13:50:00;-03:00;11,010000228881836;11,010000228881836;10,979999542236328;10,979999542236328;91900
2026-09-24;13:55:00;-03:00;10,989999771118164;10,989999771118164;10,970000267028809;10,979999542236328;57400
2026-09-24;14:00:00;-03:00;10,970000267028809;10,989999771118164;10,970000267028809;10,979999542236328;53000
2026-09-24;14:05:00;-03:00;10,979999542236328;10,979999542236328;10,949999809265137;10,949999809265137;190800
2026-09-24;14:10:00;-03:00;10,949999809265137;10,949999809265137;10,9399995803833;10,9399995803833;149800
2026-09-24;14:15:00;-03:00;10,949999809265137;10,949999809265137;10,930000305175781;10,9399995803833;72300
2026-09-24;14:20:00;-03:00;10,9399995803833;10,949999809265137;10,920000076293945;10,920000076293945;66500
2026-09-24;14:25:00;-03:00;10,920000076293945;10,930000305175781;10,90999984741211;10,920000076293945;126300
2026-09-24;14:30:00;-03:00;10,930000305175781;10,9399995803833;10,920000076293945;10,920000076293945;90700
2026-09-24;14:35:00;-03:00;10,920000076293945;10,930000305175781;10,899999618530273;10,90999984741211;114200
2026-09-24;14:40:00;-03:00;10,90999984741211;10,920000076293945;10,899999618530273;10,899999618530273;40000
2026-09-24;14:45:00;-03:00;10,899999618530273;10,90999984741211;10,899999618530273;10,899999618530273;102000
2026-09-24;14:50:00;-03:00;10,899999618530273;10,90999984741211;10,890000343322754;10,90999984741211;226600
2026-09-24;14:55:00;-03:00;10,899999618530273;10,920000076293945;10,890000343322754;10,90999984741211;135900
2026-09-24;15:00:00;-03:00;10,899999618530273;10,90999984741211;10,890000343322754;10,890000343322754;87800
2026-09-24;15:05:00;-03:00;10,890000343322754;10,90999984741211;10,890000343322754;10,899999618530273;84100
2026-09-24;15:10:00;-03:00;10,899999618530273;10,920000076293945;10,899999618530273;10,90999984741211;88100
2026-09-24;15:15:00;-03:00;10,920000076293945;10,920000076293945;10,90999984741211;10,90999984741211;43100
2026-09-24;15:20:00;-03:00;10,920000076293945;10,920000076293945;10,899999618530273;10,90999984741211;81200
2026-09-24;15:25:00;-03:00;10,90999984741211;10,930000305175781;10,90999984741211;10,920000076293945;201200
2026-09-24;15:30:00;-03:00;10,920000076293945;10,930000305175781;10,90999984741211;10,90999984741211;55000
2026-09-24;15:35:00;-03:00;10,90999984741211;10,930000305175781;10,90999984741211;10,920000076293945;176500
2026-09-24;15:40:00;-03:00;10,920000076293945;10,930000305175781;10,899999618530273;10,90999984741211;41200
2026-09-24;15:45:00;-03:00;10,899999618530273;10,90999984741211;10,890000343322754;10,890000343322754;126200
2026-09-24;15:50:00;-03:00;10,899999618530273;10,90999984741211;10,890000343322754;10,890000343322754;47500
2026-09-24;15:55:00;-03:00;10,890000343322754;10,899999618530273;10,890000343322754;10,890000343322754;62100
2026-09-24;16:00:00;-03:00;10,890000343322754;10,90999984741211;10,890000343322754;10,899999618530273;184300
2026-09-24;16:05:00;-03:00;10,899999618530273;10,90999984741211;10,890000343322754;10,899999618530273;283700
2026-09-24;16:10:00;-03:00;10,90999984741211;10,920000076293945;10,899999618530273;10,920000076293945;84100
2026-09-24;16:15:00;-03:00;10,90999984741211;10,920000076293945;10,899999618530273;10,899999618530273;112300
2026-09-24;16:20:00;-03:00;10,90999984741211;10,920000076293945;10,899999618530273;10,899999618530273;272600
2026-09-24;16:25:00;-03:00;10,90999984741211;10,930000305175781;10,890000343322754;10,899999618530273;557600
2026-09-24;16:30:00;-03:00;10,899999618530273;10,920000076293945;10,899999618530273;10,920000076293945;146100
2026-09-24;16:35:00;-03:00;10,90999984741211;10,920000076293945;10,899999618530273;10,899999618530273;150000
2026-09-24;16:40:00;-03:00;10,90999984741211;10,920000076293945;10,899999618530273;10,90999984741211;116600
2026-09-24;16:45:00;-03:00;10,920000076293945;10,930000305175781;10,90999984741211;10,90999984741211;194400
2026-09-24;16:50:00;-03:00;10,920000076293945;10,920000076293945;10,899999618530273;10,920000076293945;104500
2026-09-25;10:00:00;-03:00;10,899999618530273;10,899999618530273;10,850000381469727;10,859999656677246;0
2026-09-25;10:05:00;-03:00;10,859999656677246;10,90999984741211;10,850000381469727;10,90999984741211;93300
2026-09-25;10:10:00;-03:00;10,90999984741211;10,920000076293945;10,880000114440918;10,880000114440918;227600
2026-09-25;10:15:00;-03:00;10,880000114440918;10,890000343322754;10,84000015258789;10,859999656677246;140000
2026-09-25;10:20:00;-03:00;10,859999656677246;10,859999656677246;10,84000015258789;10,850000381469727;155400
2026-09-25;10:25:00;-03:00;10,859999656677246;10,859999656677246;10,829999923706055;10,84000015258789;116700
2026-09-25;10:30:00;-03:00;10,84000015258789;10,859999656677246;10,819999694824219;10,84000015258789;154700
2026-09-25;10:35:00;-03:00;10,850000381469727;10,850000381469727;10,819999694824219;10,819999694824219;128500
2026-09-25;10:40:00;-03:00;10,829999923706055;10,859999656677246;10,819999694824219;10,850000381469727;67000
2026-09-25;10:45:00;-03:00;10,850000381469727;10,850000381469727;10,819999694824219;10,829999923706055;94700
2026-09-25;10:50:00;-03:00;10,819999694824219;10,850000381469727;10,819999694824219;10,850000381469727;59700
2026-09-25;10:55:00;-03:00;10,850000381469727;10,850000381469727;10,829999923706055;10,829999923706055;48300
2026-09-25;11:00:00;-03:00;10,84000015258789;10,850000381469727;10,800000190734863;10,8100004196167;185300
2026-09-25;11:05:00;-03:00;10,8100004196167;10,829999923706055;10,800000190734863;10,819999694824219;39000
2026-09-25;11:10:00;-03:00;10,819999694824219;10,850000381469727;10,819999694824219;10,84000015258789;115100
2026-09-25;11:15:00;-03:00;10,84000015258789;10,850000381469727;10,829999923706055;10,850000381469727;92400
2026-09-25;11:20:00;-03:00;10,850000381469727;10,850000381469727;10,819999694824219;10,829999923706055;97700
2026-09-25;11:25:00;-03:00;10,829999923706055;10,84000015258789;10,8100004196167;10,819999694824219;129100
2026-09-25;11:30:00;-03:00;10,819999694824219;10,829999923706055;10,8100004196167;10,8100004196167;57100
2026-09-25;11:35:00;-03:00;10,8100004196167;10,84000015258789;10,8100004196167;10,819999694824219;166600
2026-09-25;11:40:00;-03:00;10,819999694824219;10,859999656677246;10,819999694824219;10,850000381469727;348100
2026-09-25;11:45:00;-03:00;10,850000381469727;10,869999885559082;10,850000381469727;10,850000381469727;88500
2026-09-25;11:50:00;-03:00;10,859999656677246;10,859999656677246;10,84000015258789;10,850000381469727;40500
2026-09-25;11:55:00;-03:00;10,850000381469727;10,859999656677246;10,850000381469727;10,850000381469727;15500
2026-09-25;12:00:00;-03:00;10,859999656677246;10,859999656677246;10,850000381469727;10,850000381469727;43700
2026-09-25;12:05:00;-03:00;10,850000381469727;10,859999656677246;10,84000015258789;10,850000381469727;115400
2026-09-25;12:10:00;-03:00;10,850000381469727;10,880000114440918;10,84000015258789;10,880000114440918;229200
2026-09-25;12:15:00;-03:00;10,880000114440918;10,880000114440918;10,859999656677246;10,859999656677246;51800
2026-09-25;12:20:00;-03:00;10,859999656677246;10,890000343322754;10,859999656677246;10,869999885559082;70700
2026-09-25;12:25:00;-03:00;10,869999885559082;10,890000343322754;10,869999885559082;10,890000343322754;63300
2026-09-25;12:30:00;-03:00;10,880000114440918;10,890000343322754;10,869999885559082;10,869999885559082;85800
2026-09-25;12:35:00;-03:00;10,869999885559082;10,880000114440918;10,869999885559082;10,880000114440918;40600
2026-09-25;12:40:00;-03:00;10,869999885559082;10,890000343322754;10,859999656677246;10,859999656677246;95500
2026-09-25;12:45:00;-03:00;10,869999885559082;10,869999885559082;10,850000381469727;10,859999656677246;44600
2026-09-25;12:50:00;-03:00;10,850000381469727;10,869999885559082;10,850000381469727;10,859999656677246;68400
2026-09-25;12:55:00;-03:00;10,869999885559082;10,880000114440918;10,859999656677246;10,869999885559082;134600
2026-09-25;13:00:00;-03:00;10,869999885559082;10,920000076293945;10,869999885559082;10,90999984741211;239700
2026-09-25;13:05:00;-03:00;10,920000076293945;10,920000076293945;10,880000114440918;10,890000343322754;74300
2026-09-25;13:10:00;-03:00;10,880000114440918;10,890000343322754;10,869999885559082;10,880000114440918;109100
2026-09-25;13:15:00;-03:00;10,890000343322754;10,890000343322754;10,869999885559082;10,880000114440918;31000
2026-09-25;13:20:00;-03:00;10,869999885559082;10,880000114440918;10,859999656677246;10,869999885559082;59700
2026-09-25;13:25:00;-03:00;10,869999885559082;10,890000343322754;10,869999885559082;10,880000114440918;21700
2026-09-25;13:30:00;-03:00;10,890000343322754;10,890000343322754;10,859999656677246;10,869999885559082;71600
2026-09-25;13:35:00;-03:00;10,880000114440918;10,880000114440918;10,859999656677246;10,869999885559082;51400
2026-09-25;13:40:00;-03:00;10,869999885559082;10,880000114440918;10,859999656677246;10,880000114440918;46300
2026-09-25;13:45:00;-03:00;10,869999885559082;10,869999885559082;10,859999656677246;10,859999656677246;49400
2026-09-25;13:50:00;-03:00;10,859999656677246;10,869999885559082;10,859999656677246;10,869999885559082;20400
2026-09-25;13:55:00;-03:00;10,859999656677246;10,869999885559082;10,850000381469727;10,850000381469727;51600
2026-09-25;14:00:00;-03:00;10,850000381469727;10,880000114440918;10,850000381469727;10,859999656677246;235100
2026-09-25;14:05:00;-03:00;10,869999885559082;10,880000114440918;10,859999656677246;10,880000114440918;59700
2026-09-25;14:10:00;-03:00;10,880000114440918;10,890000343322754;10,869999885559082;10,869999885559082;117900
2026-09-25;14:15:00;-03:00;10,869999885559082;10,880000114440918;10,859999656677246;10,859999656677246;69600
2026-09-25;14:20:00;-03:00;10,859999656677246;10,869999885559082;10,859999656677246;10,869999885559082;32500
2026-09-25;14:25:00;-03:00;10,869999885559082;10,869999885559082;10,850000381469727;10,850000381469727;66600
2026-09-25;14:30:00;-03:00;10,859999656677246;10,869999885559082;10,850000381469727;10,850000381469727;63200
2026-09-25;14:35:00;-03:00;10,859999656677246;10,869999885559082;10,850000381469727;10,869999885559082;40000
2026-09-25;14:40:00;-03:00;10,869999885559082;10,880000114440918;10,859999656677246;10,880000114440918;127800
2026-09-25;14:45:00;-03:00;10,869999885559082;10,880000114440918;10,850000381469727;10,859999656677246;41800
2026-09-25;14:50:00;-03:00;10,850000381469727;10,859999656677246;10,850000381469727;10,850000381469727;12700
2026-09-25;14:55:00;-03:00;10,859999656677246;10,869999885559082;10,850000381469727;10,859999656677246;34600
2026-09-25;15:00:00;-03:00;10,869999885559082;10,869999885559082;10,850000381469727;10,859999656677246;102600
2026-09-25;15:05:00;-03:00;10,859999656677246;10,859999656677246;10,850000381469727;10,859999656677246;98000
2026-09-25;15:10:00;-03:00;10,850000381469727;10,880000114440918;10,850000381469727;10,859999656677246;204500
2026-09-25;15:15:00;-03:00;10,859999656677246;10,869999885559082;10,850000381469727;10,859999656677246;101900
2026-09-25;15:20:00;-03:00;10,869999885559082;10,869999885559082;10,850000381469727;10,850000381469727;267500
2026-09-25;15:25:00;-03:00;10,850000381469727;10,859999656677246;10,850000381469727;10,850000381469727;291300
2026-09-25;15:30:00;-03:00;10,850000381469727;10,859999656677246;10,850000381469727;10,859999656677246;27400
2026-09-25;15:35:00;-03:00;10,850000381469727;10,859999656677246;10,850000381469727;10,850000381469727;54300
2026-09-25;15:40:00;-03:00;10,850000381469727;10,859999656677246;10,850000381469727;10,850000381469727;33500
2026-09-25;15:45:00;-03:00;10,850000381469727;10,859999656677246;10,84000015258789;10,84000015258789;155700
2026-09-25;15:50:00;-03:00;10,850000381469727;10,859999656677246;10,84000015258789;10,859999656677246;155200
2026-09-25;15:55:00;-03:00;10,859999656677246;10,869999885559082;10,850000381469727;10,859999656677246;133600
2026-09-25;16:00:00;-03:00;10,869999885559082;10,869999885559082;10,859999656677246;10,859999656677246;212300
2026-09-25;16:05:00;-03:00;10,869999885559082;10,869999885559082;10,850000381469727;10,850000381469727;139300
2026-09-25;16:10:00;-03:00;10,859999656677246;10,869999885559082;10,850000381469727;10,859999656677246;59900
2026-09-25;16:15:00;-03:00;10,859999656677246;10,869999885559082;10,859999656677246;10,869999885559082;163000
2026-09-25;16:20:00;-03:00;10,869999885559082;10,880000114440918;10,859999656677246;10,869999885559082;57700
2026-09-25;16:25:00;-03:00;10,880000114440918;10,880000114440918;10,850000381469727;10,880000114440918;407000
2026-09-25;16:30:00;-03:00;10,869999885559082;10,880000114440918;10,869999885559082;10,880000114440918;26300
2026-09-25;16:35:00;-03:00;10,869999885559082;10,880000114440918;10,859999656677246;10,869999885559082;409200
2026-09-25;16:40:00;-03:00;10,869999885559082;10,869999885559082;10,859999656677246;10,859999656677246;71700
2026-09-25;16:45:00;-03:00;10,859999656677246;10,869999885559082;10,859999656677246;10,869999885559082;94600
2026-09-25;16:50:00;-03:00;10,869999885559082;10,880000114440918;10,850000381469727;10,880000114440918;96000
2026-09-28;10:00:00;-03:00;10,850000381469727;10,850000381469727;10,75;10,770000457763672;0
2026-09-28;10:05:00;-03:00;10,760000228881836;10,779999732971191;10,75;10,760000228881836;60300
2026-09-28;10:10:00;-03:00;10,760000228881836;10,770000457763672;10,729999542236328;10,739999771118164;152400
2026-09-28;10:15:00;-03:00;10,739999771118164;10,760000228881836;10,729999542236328;10,760000228881836;75400
2026-09-28;10:20:00;-03:00;10,760000228881836;10,770000457763672;10,75;10,760000228881836;50500
2026-09-28;10:25:00;-03:00;10,75;10,770000457763672;10,75;10,760000228881836;44100
2026-09-28;10:30:00;-03:00;10,760000228881836;10,789999961853027;10,75;10,789999961853027;156400
2026-09-28;10:35:00;-03:00;10,789999961853027;10,789999961853027;10,75;10,760000228881836;64100
2026-09-28;10:40:00;-03:00;10,760000228881836;10,770000457763672;10,739999771118164;10,75;103600
2026-09-28;10:45:00;-03:00;10,760000228881836;10,779999732971191;10,760000228881836;10,770000457763672;168900
2026-09-28;10:50:00;-03:00;10,770000457763672;10,779999732971191;10,760000228881836;10,770000457763672;45300
2026-09-28;10:55:00;-03:00;10,760000228881836;10,770000457763672;10,739999771118164;10,75;276600
2026-09-28;11:00:00;-03:00;10,75;10,760000228881836;10,739999771118164;10,75;221900
2026-09-28;11:05:00;-03:00;10,739999771118164;10,779999732971191;10,739999771118164;10,779999732971191;144900
2026-09-28;11:10:00;-03:00;10,770000457763672;10,800000190734863;10,770000457763672;10,779999732971191;184800
2026-09-28;11:15:00;-03:00;10,789999961853027;10,819999694824219;10,779999732971191;10,8100004196167;153800
2026-09-28;11:20:00;-03:00;10,8100004196167;10,84000015258789;10,8100004196167;10,829999923706055;108600
2026-09-28;11:25:00;-03:00;10,829999923706055;10,850000381469727;10,829999923706055;10,84000015258789;75000
2026-09-28;11:30:00;-03:00;10,850000381469727;10,859999656677246;10,829999923706055;10,84000015258789;139700
2026-09-28;11:35:00;-03:00;10,850000381469727;10,859999656677246;10,829999923706055;10,850000381469727;98300
2026-09-28;11:40:00;-03:00;10,859999656677246;10,869999885559082;10,850000381469727;10,850000381469727;72700
2026-09-28;11:45:00;-03:00;10,859999656677246;10,859999656677246;10,829999923706055;10,829999923706055;98900
2026-09-28;11:50:00;-03:00;10,84000015258789;10,850000381469727;10,829999923706055;10,84000015258789;102600
2026-09-28;11:55:00;-03:00;10,829999923706055;10,829999923706055;10,819999694824219;10,829999923706055;94400
2026-09-28;12:00:00;-03:00;10,829999923706055;10,84000015258789;10,8100004196167;10,829999923706055;132200
2026-09-28;12:05:00;-03:00;10,819999694824219;10,819999694824219;10,800000190734863;10,8100004196167;116500
2026-09-28;12:10:00;-03:00;10,819999694824219;10,819999694824219;10,800000190734863;10,8100004196167;40700
2026-09-28;12:15:00;-03:00;10,8100004196167;10,819999694824219;10,800000190734863;10,8100004196167;55900
2026-09-28;12:20:00;-03:00;10,8100004196167;10,819999694824219;10,8100004196167;10,8100004196167;13700
2026-09-28;12:25:00;-03:00;10,819999694824219;10,819999694824219;10,789999961853027;10,789999961853027;90200
2026-09-28;12:30:00;-03:00;10,789999961853027;10,8100004196167;10,789999961853027;10,8100004196167;141900
2026-09-28;12:35:00;-03:00;10,8100004196167;10,819999694824219;10,800000190734863;10,819999694824219;24400
2026-09-28;12:40:00;-03:00;10,8100004196167;10,819999694824219;10,800000190734863;10,8100004196167;90100
2026-09-28;12:45:00;-03:00;10,8100004196167;10,8100004196167;10,800000190734863;10,8100004196167;8100
2026-09-28;12:50:00;-03:00;10,8100004196167;10,819999694824219;10,800000190734863;10,819999694824219;27700
2026-09-28;12:55:00;-03:00;10,8100004196167;10,829999923706055;10,8100004196167;10,819999694824219;82500
2026-09-28;13:00:00;-03:00;10,829999923706055;10,829999923706055;10,8100004196167;10,819999694824219;78300
2026-09-28;13:05:00;-03:00;10,819999694824219;10,829999923706055;10,819999694824219;10,829999923706055;58500
2026-09-28;13:10:00;-03:00;10,829999923706055;10,84000015258789;10,8100004196167;10,8100004196167;84900
2026-09-28;13:15:00;-03:00;10,819999694824219;10,84000015258789;10,8100004196167;10,819999694824219;103900
2026-09-28;13:20:00;-03:00;10,829999923706055;10,859999656677246;10,819999694824219;10,859999656677246;224700
2026-09-28;13:25:00;-03:00;10,850000381469727;10,880000114440918;10,850000381469727;10,869999885559082;149200
2026-09-28;13:30:00;-03:00;10,869999885559082;10,869999885559082;10,84000015258789;10,859999656677246;96000
2026-09-28;13:35:00;-03:00;10,850000381469727;10,850000381469727;10,829999923706055;10,84000015258789;78600
2026-09-28;13:40:00;-03:00;10,84000015258789;10,84000015258789;10,819999694824219;10,819999694824219;76700
2026-09-28;13:45:00;-03:00;10,829999923706055;10,84000015258789;10,819999694824219;10,819999694824219;39500
2026-09-28;13:50:00;-03:00;10,819999694824219;10,829999923706055;10,819999694824219;10,829999923706055;111900
2026-09-28;13:55:00;-03:00;10,84000015258789;10,84000015258789;10,829999923706055;10,84000015258789;11300
2026-09-28;14:00:00;-03:00;10,84000015258789;10,84000015258789;10,8100004196167;10,819999694824219;54000
2026-09-28;14:05:00;-03:00;10,8100004196167;10,819999694824219;10,8100004196167;10,819999694824219;52800
2026-09-28;14:10:00;-03:00;10,829999923706055;10,880000114440918;10,819999694824219;10,869999885559082;171200
2026-09-28;14:15:00;-03:00;10,859999656677246;10,869999885559082;10,84000015258789;10,850000381469727;68100
2026-09-28;14:20:00;-03:00;10,850000381469727;10,850000381469727;10,84000015258789;10,84000015258789;12500
2026-09-28;14:25:00;-03:00;10,850000381469727;10,850000381469727;10,84000015258789;10,84000015258789;17200
2026-09-28;14:30:00;-03:00;10,850000381469727;10,869999885559082;10,829999923706055;10,869999885559082;380400
2026-09-28;14:35:00;-03:00;10,869999885559082;10,869999885559082;10,850000381469727;10,869999885559082;151600
2026-09-28;14:40:00;-03:00;10,869999885559082;10,880000114440918;10,869999885559082;10,880000114440918;20200
2026-09-28;14:45:00;-03:00;10,880000114440918;10,880000114440918;10,859999656677246;10,869999885559082;132400
2026-09-28;14:50:00;-03:00;10,880000114440918;10,880000114440918;10,859999656677246;10,859999656677246;151900
2026-09-28;14:55:00;-03:00;10,859999656677246;10,859999656677246;10,850000381469727;10,850000381469727;44500
2026-09-28;15:00:00;-03:00;10,859999656677246;10,869999885559082;10,850000381469727;10,850000381469727;126500
2026-09-28;15:05:00;-03:00;10,850000381469727;10,859999656677246;10,829999923706055;10,829999923706055;436900
2026-09-28;15:10:00;-03:00;10,829999923706055;10,850000381469727;10,829999923706055;10,84000015258789;224700
2026-09-28;15:15:00;-03:00;10,829999923706055;10,84000015258789;10,829999923706055;10,829999923706055;11500
2026-09-28;15:20:00;-03:00;10,84000015258789;10,84000015258789;10,829999923706055;10,84000015258789;30400
2026-09-28;15:25:00;-03:00;10,829999923706055;10,859999656677246;10,829999923706055;10,859999656677246;187400
2026-09-28;15:30:00;-03:00;10,850000381469727;10,859999656677246;10,850000381469727;10,850000381469727;28900
2026-09-28;15:35:00;-03:00;10,850000381469727;10,859999656677246;10,819999694824219;10,829999923706055;740600
2026-09-28;15:40:00;-03:00;10,829999923706055;10,84000015258789;10,819999694824219;10,84000015258789;76400
2026-09-28;15:45:00;-03:00;10,829999923706055;10,850000381469727;10,829999923706055;10,829999923706055;153500
2026-09-28;15:50:00;-03:00;10,829999923706055;10,84000015258789;10,829999923706055;10,84000015258789;15500
2026-09-28;15:55:00;-03:00;10,829999923706055;10,84000015258789;10,829999923706055;10,84000015258789;20900
2026-09-28;16:00:00;-03:00;10,84000015258789;10,84000015258789;10,819999694824219;10,819999694824219;963900
2026-09-28;16:05:00;-03:00;10,829999923706055;10,829999923706055;10,8100004196167;10,819999694824219;114500
2026-09-28;16:10:00;-03:00;10,819999694824219;10,819999694824219;10,8100004196167;10,8100004196167;15000
2026-09-28;16:15:00;-03:00;10,8100004196167;10,819999694824219;10,800000190734863;10,8100004196167;89000
2026-09-28;16:20:00;-03:00;10,819999694824219;10,819999694824219;10,800000190734863;10,800000190734863;79600
2026-09-28;16:25:00;-03:00;10,800000190734863;10,819999694824219;10,789999961853027;10,789999961853027;175900
2026-09-28;16:30:00;-03:00;10,800000190734863;10,8100004196167;10,789999961853027;10,8100004196167;90800
2026-09-28;16:35:00;-03:00;10,800000190734863;10,800000190734863;10,789999961853027;10,800000190734863;137800
2026-09-28;16:40:00;-03:00;10,789999961853027;10,800000190734863;10,779999732971191;10,789999961853027;97900
2026-09-28;16:45:00;-03:00;10,789999961853027;10,8100004196167;10,789999961853027;10,800000190734863;95700
2026-09-28;16:50:00;-03:00;10,800000190734863;10,819999694824219;10,800000190734863;10,819999694824219;215500
2026-09-29;10:00:00;-03:00;10,819999694824219;10,829999923706055;10,789999961853027;10,789999961853027;0
2026-09-29;10:05:00;-03:00;10,800000190734863;10,8100004196167;10,779999732971191;10,800000190734863;39000
2026-09-29;10:10:00;-03:00;10,8100004196167;10,8100004196167;10,779999732971191;10,800000190734863;100200
2026-09-29;10:15:00;-03:00;10,789999961853027;10,800000190734863;10,779999732971191;10,789999961853027;72400
2026-09-29;10:20:00;-03:00;10,789999961853027;10,800000190734863;10,779999732971191;10,789999961853027;39800
2026-09-29;10:25:00;-03:00;10,779999732971191;10,789999961853027;10,770000457763672;10,779999732971191;98600
2026-09-29;10:30:00;-03:00;10,789999961853027;10,800000190734863;10,760000228881836;10,770000457763672;78900
2026-09-29;10:35:00;-03:00;10,779999732971191;10,789999961853027;10,770000457763672;10,789999961853027;78300
2026-09-29;10:40:00;-03:00;10,789999961853027;10,819999694824219;10,779999732971191;10,8100004196167;88600
2026-09-29;10:45:00;-03:00;10,819999694824219;10,850000381469727;10,819999694824219;10,850000381469727;106300
2026-09-29;10:50:00;-03:00;10,84000015258789;10,850000381469727;10,829999923706055;10,84000015258789;194200
2026-09-29;10:55:00;-03:00;10,84000015258789;10,850000381469727;10,829999923706055;10,829999923706055;41200
2026-09-29;11:00:00;-03:00;10,829999923706055;10,859999656677246;10,819999694824219;10,84000015258789;259300
2026-09-29;11:05:00;-03:00;10,850000381469727;10,850000381469727;10,819999694824219;10,84000015258789;126300
2026-09-29;11:10:00;-03:00;10,84000015258789;10,84000015258789;10,819999694824219;10,819999694824219;55900
2026-09-29;11:15:00;-03:00;10,829999923706055;10,829999923706055;10,8100004196167;10,819999694824219;141900
2026-09-29;11:20:00;-03:00;10,819999694824219;10,829999923706055;10,8100004196167;10,819999694824219;32200
2026-09-29;11:25:00;-03:00;10,819999694824219;10,819999694824219;10,800000190734863;10,8100004196167;54900
2026-09-29;11:30:00;-03:00;10,800000190734863;10,8100004196167;10,789999961853027;10,789999961853027;72000
2026-09-29;11:35:00;-03:00;10,800000190734863;10,8100004196167;10,789999961853027;10,8100004196167;91700
2026-09-29;11:40:00;-03:00;10,8100004196167;10,84000015258789;10,8100004196167;10,84000015258789;131800
2026-09-29;11:45:00;-03:00;10,829999923706055;10,84000015258789;10,829999923706055;10,84000015258789;76400
2026-09-29;11:50:00;-03:00;10,829999923706055;10,84000015258789;10,819999694824219;10,829999923706055;89900
2026-09-29;11:55:00;-03:00;10,829999923706055;10,84000015258789;10,819999694824219;10,829999923706055;19600
2026-09-29;12:00:00;-03:00;10,829999923706055;10,84000015258789;10,829999923706055;10,829999923706055;18100
2026-09-29;12:05:00;-03:00;10,84000015258789;10,84000015258789;10,829999923706055;10,84000015258789;10400
2026-09-29;12:10:00;-03:00;10,84000015258789;10,850000381469727;10,819999694824219;10,829999923706055;119300
2026-09-29;12:15:00;-03:00;10,829999923706055;10,84000015258789;10,819999694824219;10,819999694824219;27400
2026-09-29;12:20:00;-03:00;10,829999923706055;10,84000015258789;10,819999694824219;10,84000015258789;33900
2026-09-29;12:25:00;-03:00;10,84000015258789;10,84000015258789;10,829999923706055;10,84000015258789;31000
2026-09-29;12:30:00;-03:00;10,84000015258789;10,84000015258789;10,819999694824219;10,84000015258789;225100
2026-09-29;12:35:00;-03:00;10,829999923706055;10,850000381469727;10,829999923706055;10,850000381469727;91600
2026-09-29;12:40:00;-03:00;10,850000381469727;10,850000381469727;10,829999923706055;10,84000015258789;96600
2026-09-29;12:45:00;-03:00;10,84000015258789;10,850000381469727;10,829999923706055;10,829999923706055;73100
2026-09-29;12:50:00;-03:00;10,84000015258789;10,84000015258789;10,8100004196167;10,829999923706055;118900
2026-09-29;12:55:00;-03:00;10,819999694824219;10,829999923706055;10,819999694824219;10,829999923706055;6800
2026-09-29;13:00:00;-03:00;10,819999694824219;10,829999923706055;10,819999694824219;10,829999923706055;70900
2026-09-29;13:05:00;-03:00;10,829999923706055;10,829999923706055;10,8100004196167;10,819999694824219;128400
2026-09-29;13:10:00;-03:00;10,819999694824219;10,829999923706055;10,8100004196167;10,819999694824219;62200
2026-09-29;13:15:00;-03:00;10,829999923706055;10,829999923706055;10,819999694824219;10,829999923706055;13200
2026-09-29;13:20:00;-03:00;10,829999923706055;10,84000015258789;10,819999694824219;10,829999923706055;39000
2026-09-29;13:25:00;-03:00;10,829999923706055;10,829999923706055;10,819999694824219;10,819999694824219;9100
2026-09-29;13:30:00;-03:00;10,819999694824219;10,829999923706055;10,819999694824219;10,819999694824219;57400
2026-09-29;13:35:00;-03:00;10,819999694824219;10,84000015258789;10,819999694824219;10,84000015258789;27000
2026-09-29;13:40:00;-03:00;10,84000015258789;10,84000015258789;10,829999923706055;10,829999923706055;7000
2026-09-29;13:45:00;-03:00;10,84000015258789;10,84000015258789;10,819999694824219;10,829999923706055;41300
2026-09-29;13:50:00;-03:00;10,829999923706055;10,84000015258789;10,819999694824219;10,84000015258789;49000
2026-09-29;13:55:00;-03:00;10,84000015258789;10,850000381469727;10,829999923706055;10,84000015258789;76000
2026-09-29;14:00:00;-03:00;10,850000381469727;10,850000381469727;10,829999923706055;10,84000015258789;19700
2026-09-29;14:05:00;-03:00;10,84000015258789;10,850000381469727;10,829999923706055;10,84000015258789;61200
2026-09-29;14:10:00;-03:00;10,850000381469727;10,850000381469727;10,84000015258789;10,850000381469727;26300
2026-09-29;14:15:00;-03:00;10,850000381469727;10,850000381469727;10,84000015258789;10,84000015258789;78200
2026-09-29;14:20:00;-03:00;10,850000381469727;10,850000381469727;10,84000015258789;10,850000381469727;94800
2026-09-29;14:25:00;-03:00;10,84000015258789;10,859999656677246;10,829999923706055;10,829999923706055;248200
2026-09-29;14:30:00;-03:00;10,829999923706055;10,850000381469727;10,829999923706055;10,850000381469727;108200
2026-09-29;14:35:00;-03:00;10,850000381469727;10,859999656677246;10,84000015258789;10,859999656677246;69700
2026-09-29;14:40:00;-03:00;10,859999656677246;10,880000114440918;10,850000381469727;10,869999885559082;129000
2026-09-29;14:45:00;-03:00;10,880000114440918;10,880000114440918;10,869999885559082;10,880000114440918;33800
2026-09-29;14:50:00;-03:00;10,880000114440918;10,890000343322754;10,869999885559082;10,880000114440918;146400
2026-09-29;14:55:00;-03:00;10,880000114440918;10,880000114440918;10,869999885559082;10,869999885559082;44300
2026-09-29;15:00:00;-03:00;10,880000114440918;10,90999984741211;10,859999656677246;10,869999885559082;433700
2026-09-29;15:05:00;-03:00;10,869999885559082;10,880000114440918;10,869999885559082;10,880000114440918;26200
2026-09-29;15:10:00;-03:00;10,880000114440918;10,899999618530273;10,869999885559082;10,899999618530273;112000
2026-09-29;15:15:00;-03:00;10,899999618530273;10,90999984741211;10,880000114440918;10,890000343322754;165900
2026-09-29;15:20:00;-03:00;10,880000114440918;10,890000343322754;10,880000114440918;10,880000114440918;61400
2026-09-29;15:25:00;-03:00;10,890000343322754;10,890000343322754;10,880000114440918;10,880000114440918;42100
2026-09-29;15:30:00;-03:00;10,890000343322754;10,90999984741211;10,880000114440918;10,899999618530273;247700
2026-09-29;15:35:00;-03:00;10,899999618530273;10,920000076293945;10,890000343322754;10,90999984741211;357600
2026-09-29;15:40:00;-03:00;10,90999984741211;10,920000076293945;10,899999618530273;10,90999984741211;133600
2026-09-29;15:45:00;-03:00;10,899999618530273;10,90999984741211;10,890000343322754;10,890000343322754;137400
2026-09-29;15:50:00;-03:00;10,899999618530273;10,90999984741211;10,880000114440918;10,890000343322754;110300
2026-09-29;15:55:00;-03:00;10,880000114440918;10,890000343322754;10,869999885559082;10,880000114440918;112000
2026-09-29;16:00:00;-03:00;10,890000343322754;10,890000343322754;10,880000114440918;10,880000114440918;145800
2026-09-29;16:05:00;-03:00;10,890000343322754;10,899999618530273;10,880000114440918;10,899999618530273;107700
2026-09-29;16:10:00;-03:00;10,90999984741211;10,90999984741211;10,890000343322754;10,890000343322754;68400
2026-09-29;16:15:00;-03:00;10,899999618530273;10,899999618530273;10,890000343322754;10,890000343322754;73200
2026-09-29;16:20:00;-03:00;10,899999618530273;10,899999618530273;10,890000343322754;10,890000343322754;23900
2026-09-29;16:25:00;-03:00;10,899999618530273;10,90999984741211;10,890000343322754;10,90999984741211;55300
2026-09-29;16:30:00;-03:00;10,899999618530273;10,920000076293945;10,899999618530273;10,920000076293945;304700
2026-09-29;16:35:00;-03:00;10,90999984741211;10,920000076293945;10,90999984741211;10,920000076293945;83400
2026-09-29;16:40:00;-03:00;10,90999984741211;10,930000305175781;10,90999984741211;10,920000076293945;204900
2026-09-29;16:45:00;-03:00;10,90999984741211;10,930000305175781;10,90999984741211;10,920000076293945;174400
2026-09-29;16:50:00;-03:00;10,90999984741211;10,9399995803833;10,90999984741211;10,9399995803833;141200
2026-09-30;10:00:00;-03:00;11,119999885559082;11,15999984741211;11,09000015258789;11,09000015258789;0
2026-09-30;10:05:00;-03:00;11,100000381469727;11,140000343322754;11,100000381469727;11,140000343322754;482700
2026-09-30;10:10:00;-03:00;11,140000343322754;11,170000076293945;11,100000381469727;11,109999656677246;651000
2026-09-30;10:15:00;-03:00;11,100000381469727;11,149999618530273;11,09000015258789;11,109999656677246;365300
2026-09-30;10:20:00;-03:00;11,119999885559082;11,140000343322754;11,100000381469727;11,109999656677246;209100
2026-09-30;10:25:00;-03:00;11,109999656677246;11,130000114440918;11,100000381469727;11,119999885559082;61700
2026-09-30;10:30:00;-03:00;11,109999656677246;11,149999618530273;11,109999656677246;11,130000114440918;466300
2026-09-30;10:35:00;-03:00;11,130000114440918;11,140000343322754;11,100000381469727;11,109999656677246;232400
2026-09-30;10:40:00;-03:00;11,100000381469727;11,109999656677246;11,069999694824219;11,069999694824219;202000
2026-09-30;10:45:00;-03:00;11,069999694824219;11,09000015258789;11,0600004196167;11,069999694824219;157300
2026-09-30;10:50:00;-03:00;11,079999923706055;11,079999923706055;11,0600004196167;11,069999694824219;201300
2026-09-30;10:55:00;-03:00;11,069999694824219;11,09000015258789;11,0600004196167;11,079999923706055;102700
2026-09-30;11:00:00;-03:00;11,079999923706055;11,079999923706055;11,050000190734863;11,079999923706055;110000
2026-09-30;11:05:00;-03:00;11,079999923706055;11,09000015258789;11,0600004196167;11,09000015258789;93000
2026-09-30;11:10:00;-03:00;11,09000015258789;11,100000381469727;11,069999694824219;11,100000381469727;150800
2026-09-30;11:15:00;-03:00;11,100000381469727;11,119999885559082;11,100000381469727;11,119999885559082;265800
2026-09-30;11:20:00;-03:00;11,130000114440918;11,149999618530273;11,119999885559082;11,140000343322754;564000
2026-09-30;11:25:00;-03:00;11,140000343322754;11,149999618530273;11,09000015258789;11,109999656677246;329000
2026-09-30;11:30:00;-03:00;11,109999656677246;11,119999885559082;11,100000381469727;11,109999656677246;194500
2026-09-30;11:35:00;-03:00;11,119999885559082;11,130000114440918;11,109999656677246;11,109999656677246;106500
2026-09-30;11:40:00;-03:00;11,119999885559082;11,130000114440918;11,100000381469727;11,119999885559082;84300
2026-09-30;11:45:00;-03:00;11,119999885559082;11,140000343322754;11,119999885559082;11,130000114440918;47500
2026-09-30;11:50:00;-03:00;11,140000343322754;11,140000343322754;11,119999885559082;11,130000114440918;185100
2026-09-30;11:55:00;-03:00;11,119999885559082;11,130000114440918;11,109999656677246;11,119999885559082;87800
2026-09-30;12:00:00;-03:00;11,109999656677246;11,130000114440918;11,100000381469727;11,130000114440918;115800
2026-09-30;12:05:00;-03:00;11,130000114440918;11,140000343322754;11,109999656677246;11,140000343322754;100500
2026-09-30;12:10:00;-03:00;11,130000114440918;11,149999618530273;11,130000114440918;11,140000343322754;142600
2026-09-30;12:15:00;-03:00;11,140000343322754;11,149999618530273;11,109999656677246;11,119999885559082;217300
2026-09-30;12:20:00;-03:00;11,130000114440918;11,130000114440918;11,100000381469727;11,100000381469727;74900
2026-09-30;12:25:00;-03:00;11,100000381469727;11,119999885559082;11,100000381469727;11,100000381469727;61500
2026-09-30;12:30:00;-03:00;11,109999656677246;11,109999656677246;11,0600004196167;11,0600004196167;245600
2026-09-30;12:35:00;-03:00;11,069999694824219;11,069999694824219;11,0600004196167;11,0600004196167;169800
2026-09-30;12:40:00;-03:00;11,069999694824219;11,069999694824219;11,029999732971191;11,029999732971191;239700
2026-09-30;12:45:00;-03:00;11,029999732971191;11,069999694824219;11,029999732971191;11,069999694824219;129700
2026-09-30;12:50:00;-03:00;11,0600004196167;11,069999694824219;11,050000190734863;11,050000190734863;61500
2026-09-30;12:55:00;-03:00;11,039999961853027;11,069999694824219;11,039999961853027;11,0600004196167;69000
2026-09-30;13:00:00;-03:00;11,0600004196167;11,079999923706055;11,0600004196167;11,079999923706055;180400
2026-09-30;13:05:00;-03:00;11,079999923706055;11,079999923706055;11,069999694824219;11,069999694824219;13800
2026-09-30;13:10:00;-03:00;11,079999923706055;11,079999923706055;11,069999694824219;11,079999923706055;28000
2026-09-30;13:15:00;-03:00;11,079999923706055;11,079999923706055;11,069999694824219;11,079999923706055;28500
2026-09-30;13:20:00;-03:00;11,069999694824219;11,09000015258789;11,069999694824219;11,079999923706055;67600
2026-09-30;13:25:00;-03:00;11,09000015258789;11,100000381469727;11,079999923706055;11,09000015258789;110100
2026-09-30;13:30:00;-03:00;11,079999923706055;11,109999656677246;11,079999923706055;11,100000381469727;140300
2026-09-30;13:35:00;-03:00;11,100000381469727;11,109999656677246;11,100000381469727;11,109999656677246;35700
2026-09-30;13:40:00;-03:00;11,100000381469727;11,100000381469727;11,079999923706055;11,079999923706055;194100
2026-09-30;13:45:00;-03:00;11,079999923706055;11,100000381469727;11,079999923706055;11,079999923706055;113900
2026-09-30;13:50:00;-03:00;11,079999923706055;11,100000381469727;11,079999923706055;11,09000015258789;84700
2026-09-30;13:55:00;-03:00;11,09000015258789;11,09000015258789;11,079999923706055;11,079999923706055;45400
2026-09-30;14:00:00;-03:00;11,079999923706055;11,100000381469727;11,079999923706055;11,09000015258789;95200
2026-09-30;14:05:00;-03:00;11,100000381469727;11,100000381469727;11,09000015258789;11,09000015258789;108900
2026-09-30;14:10:00;-03:00;11,100000381469727;11,109999656677246;11,09000015258789;11,100000381469727;128000
2026-09-30;14:15:00;-03:00;11,100000381469727;11,119999885559082;11,100000381469727;11,100000381469727;160800
2026-09-30;14:20:00;-03:00;11,100000381469727;11,119999885559082;11,100000381469727;11,109999656677246;171300
2026-09-30;14:25:00;-03:00;11,109999656677246;11,130000114440918;11,109999656677246;11,119999885559082;111800
2026-09-30;14:30:00;-03:00;11,130000114440918;11,130000114440918;11,109999656677246;11,109999656677246;253400
2026-09-30;14:35:00;-03:00;11,109999656677246;11,140000343322754;11,109999656677246;11,130000114440918;106600
2026-09-30;14:40:00;-03:00;11,140000343322754;11,149999618530273;11,119999885559082;11,119999885559082;266900
2026-09-30;14:45:00;-03:00;11,130000114440918;11,130000114440918;11,100000381469727;11,109999656677246;440100
2026-09-30;14:50:00;-03:00;11,119999885559082;11,119999885559082;11,109999656677246;11,119999885559082;281900
2026-09-30;14:55:00;-03:00;11,119999885559082;11,130000114440918;11,100000381469727;11,119999885559082;585000
2026-09-30;15:00:00;-03:00;11,130000114440918;11,140000343322754;11,119999885559082;11,119999885559082;201600
2026-09-30;15:05:00;-03:00;11,119999885559082;11,140000343322754;11,119999885559082;11,140000343322754;91200
2026-09-30;15:10:00;-03:00;11,140000343322754;11,140000343322754;11,119999885559082;11,119999885559082;105200
2026-09-30;15:15:00;-03:00;11,119999885559082;11,130000114440918;11,109999656677246;11,109999656677246;191500
2026-09-30;15:20:00;-03:00;11,119999885559082;11,119999885559082;11,09000015258789;11,09000015258789;458500
2026-09-30;15:25:00;-03:00;11,09000015258789;11,100000381469727;11,069999694824219;11,069999694824219;303200
2026-09-30;15:30:00;-03:00;11,069999694824219;11,079999923706055;11,0600004196167;11,0600004196167;63100
2026-09-30;15:35:00;-03:00;11,0600004196167;11,09000015258789;11,0600004196167;11,09000015258789;142800
2026-09-30;15:40:00;-03:00;11,09000015258789;11,100000381469727;11,09000015258789;11,100000381469727;75100
2026-09-30;15:45:00;-03:00;11,109999656677246;11,109999656677246;11,09000015258789;11,109999656677246;104200
2026-09-30;15:50:00;-03:00;11,100000381469727;11,109999656677246;11,100000381469727;11,100000381469727;65200
2026-09-30;15:55:00;-03:00;11,100000381469727;11,119999885559082;11,100000381469727;11,109999656677246;66900
2026-09-30;16:00:00;-03:00;11,109999656677246;11,119999885559082;11,100000381469727;11,100000381469727;64300
2026-09-30;16:05:00;-03:00;11,109999656677246;11,119999885559082;11,100000381469727;11,109999656677246;108000
2026-09-30;16:10:00;-03:00;11,119999885559082;11,119999885559082;11,109999656677246;11,109999656677246;126400
2026-09-30;16:15:00;-03:00;11,109999656677246;11,119999885559082;11,109999656677246;11,109999656677246;158000
2026-09-30;16:20:00;-03:00;11,109999656677246;11,140000343322754;11,109999656677246;11,130000114440918;329000
2026-09-30;16:25:00;-03:00;11,130000114440918;11,149999618530273;11,130000114440918;11,130000114440918;233900
2026-09-30;16:30:00;-03:00;11,140000343322754;11,15999984741211;11,119999885559082;11,149999618530273;310100
2026-09-30;16:35:00;-03:00;11,149999618530273;11,170000076293945;11,140000343322754;11,149999618530273;196100
2026-09-30;16:40:00;-03:00;11,149999618530273;11,149999618530273;11,130000114440918;11,140000343322754;261900
2026-09-30;16:45:00;-03:00;11,140000343322754;11,149999618530273;11,130000114440918;11,140000343322754;201300
2026-09-30;16:50:00;-03:00;11,140000343322754;11,170000076293945;11,130000114440918;11,170000076293945;133300
2026-10-01;10:00:00;-03:00;11,199999809265137;11,220000267028809;11,180000305175781;11,199999809265137;67500
2026-10-01;10:05:00;-03:00;11,199999809265137;11,199999809265137;11,15999984741211;11,170000076293945;185000
2026-10-01;10:10:00;-03:00;11,170000076293945;11,170000076293945;11,140000343322754;11,149999618530273;296300
2026-10-01;10:15:00;-03:00;11,15999984741211;11,180000305175781;11,140000343322754;11,180000305175781;475700
2026-10-01;10:20:00;-03:00;11,180000305175781;11,199999809265137;11,170000076293945;11,170000076293945;84500
2026-10-01;10:25:00;-03:00;11,170000076293945;11,180000305175781;11,149999618530273;11,15999984741211;92900
2026-10-01;10:30:00;-03:00;11,170000076293945;11,220000267028809;11,15999984741211;11,170000076293945;220900
2026-10-01;10:35:00;-03:00;11,170000076293945;11,1899995803833;11,119999885559082;11,140000343322754;731300
2026-10-01;10:40:00;-03:00;11,130000114440918;11,15999984741211;11,119999885559082;11,149999618530273;179400
2026-10-01;10:45:00;-03:00;11,15999984741211;11,180000305175781;11,149999618530273;11,15999984741211;753700
2026-10-01;10:50:00;-03:00;11,149999618530273;11,15999984741211;11,119999885559082;11,130000114440918;654700
2026-10-01;10:55:00;-03:00;11,130000114440918;11,130000114440918;11,100000381469727;11,109999656677246;438500
2026-10-01;11:00:00;-03:00;11,109999656677246;11,109999656677246;11,020000457763672;11,079999923706055;1229800
2026-10-01;11:05:00;-03:00;11,079999923706055;11,119999885559082;11,069999694824219;11,109999656677246;209200
2026-10-01;11:10:00;-03:00;11,100000381469727;11,100000381469727;11,0600004196167;11,079999923706055;265000
2026-10-01;11:15:00;-03:00;11,079999923706055;11,109999656677246;11,069999694824219;11,100000381469727;139500
2026-10-01;11:20:00;-03:00;11,09000015258789;11,100000381469727;11,069999694824219;11,09000015258789;178100
2026-10-01;11:25:00;-03:00;11,079999923706055;11,079999923706055;11,039999961853027;11,050000190734863;152800
2026-10-01;11:30:00;-03:00;11,0600004196167;11,069999694824219;11,039999961853027;11,069999694824219;158100
2026-10-01;11:35:00;-03:00;11,0600004196167;11,069999694824219;11,050000190734863;11,069999694824219;52600
2026-10-01;11:40:00;-03:00;11,069999694824219;11,069999694824219;11,039999961853027;11,050000190734863;126800
2026-10-01;11:45:00;-03:00;11,0600004196167;11,0600004196167;11,020000457763672;11,029999732971191;145900
2026-10-01;11:50:00;-03:00;11,029999732971191;11,039999961853027;11,0;11,0;181300
2026-10-01;11:55:00;-03:00;11,0;11,029999732971191;11,0;11,029999732971191;193900
2026-10-01;12:00:00;-03:00;11,029999732971191;11,029999732971191;11,0;11,020000457763672;130600
2026-10-01;12:05:00;-03:00;11,020000457763672;11,029999732971191;11,0;11,0;103200
2026-10-01;12:10:00;-03:00;11,0;11,010000228881836;10,989999771118164;11,010000228881836;100800
2026-10-01;12:15:00;-03:00;11,010000228881836;11,020000457763672;11,0;11,020000457763672;24800
2026-10-01;12:20:00;-03:00;11,020000457763672;11,050000190734863;11,010000228881836;11,039999961853027;246800
2026-10-01;12:25:00;-03:00;11,039999961853027;11,069999694824219;11,039999961853027;11,050000190734863;98700
2026-10-01;12:30:00;-03:00;11,050000190734863;11,0600004196167;11,029999732971191;11,029999732971191;316300
2026-10-01;12:35:00;-03:00;11,029999732971191;11,069999694824219;11,020000457763672;11,069999694824219;382100
2026-10-01;12:40:00;-03:00;11,0600004196167;11,079999923706055;11,050000190734863;11,050000190734863;319000
2026-10-01;12:45:00;-03:00;11,050000190734863;11,100000381469727;11,050000190734863;11,09000015258789;400700
2026-10-01;12:50:00;-03:00;11,079999923706055;11,100000381469727;11,069999694824219;11,079999923706055;91900
2026-10-01;12:55:00;-03:00;11,079999923706055;11,100000381469727;11,079999923706055;11,100000381469727;32300
2026-10-01;13:00:00;-03:00;11,100000381469727;11,109999656677246;11,09000015258789;11,109999656677246;100600
2026-10-01;13:05:00;-03:00;11,100000381469727;11,119999885559082;11,100000381469727;11,109999656677246;126000
2026-10-01;13:10:00;-03:00;11,119999885559082;11,130000114440918;11,109999656677246;11,119999885559082;244300
2026-10-01;13:15:00;-03:00;11,119999885559082;11,140000343322754;11,119999885559082;11,119999885559082;67200
2026-10-01;13:20:00;-03:00;11,130000114440918;11,180000305175781;11,130000114440918;11,170000076293945;236000
2026-10-01;13:25:00;-03:00;11,180000305175781;11,1899995803833;11,170000076293945;11,1899995803833;121200
2026-10-01;13:30:00;-03:00;11,1899995803833;11,1899995803833;11,140000343322754;11,170000076293945;413200
2026-10-01;13:35:00;-03:00;11,15999984741211;11,170000076293945;11,140000343322754;11,149999618530273;193400
2026-10-01;13:40:00;-03:00;11,149999618530273;11,15999984741211;11,119999885559082;11,130000114440918;158600
2026-10-01;13:45:00;-03:00;11,140000343322754;11,140000343322754;11,09000015258789;11,100000381469727;396800
2026-10-01;13:50:00;-03:00;11,100000381469727;11,100000381469727;11,079999923706055;11,09000015258789;49000
2026-10-01;13:55:00;-03:00;11,09000015258789;11,109999656677246;11,079999923706055;11,109999656677246;225500
2026-10-01;14:00:00;-03:00;11,109999656677246;11,130000114440918;11,09000015258789;11,130000114440918;193200
2026-10-01;14:05:00;-03:00;11,119999885559082;11,140000343322754;11,119999885559082;11,130000114440918;35700
2026-10-01;14:10:00;-03:00;11,140000343322754;11,149999618530273;11,130000114440918;11,149999618530273;27500
2026-10-01;14:15:00;-03:00;11,149999618530273;11,170000076293945;11,140000343322754;11,170000076293945;150100
2026-10-01;14:20:00;-03:00;11,170000076293945;11,180000305175781;11,149999618530273;11,170000076293945;123100
2026-10-01;14:25:00;-03:00;11,180000305175781;11,1899995803833;11,170000076293945;11,170000076293945;104200
2026-10-01;14:30:00;-03:00;11,180000305175781;11,199999809265137;11,15999984741211;11,170000076293945;141300
2026-10-01;14:35:00;-03:00;11,15999984741211;11,1899995803833;11,15999984741211;11,1899995803833;47200
2026-10-01;14:40:00;-03:00;11,1899995803833;11,1899995803833;11,170000076293945;11,170000076293945;44300
2026-10-01;14:45:00;-03:00;11,180000305175781;11,180000305175781;11,15999984741211;11,15999984741211;108000
2026-10-01;14:50:00;-03:00;11,15999984741211;11,180000305175781;11,15999984741211;11,15999984741211;68500
2026-10-01;14:55:00;-03:00;11,15999984741211;11,180000305175781;11,149999618530273;11,15999984741211;219300
2026-10-01;15:00:00;-03:00;11,15999984741211;11,15999984741211;11,140000343322754;11,15999984741211;92300
2026-10-01;15:05:00;-03:00;11,149999618530273;11,170000076293945;11,149999618530273;11,15999984741211;94500
2026-10-01;15:10:00;-03:00;11,15999984741211;11,170000076293945;11,15999984741211;11,170000076293945;66700
2026-10-01;15:15:00;-03:00;11,15999984741211;11,170000076293945;11,149999618530273;11,149999618530273;251400
2026-10-01;15:20:00;-03:00;11,15999984741211;11,170000076293945;11,140000343322754;11,15999984741211;147300
2026-10-01;15:25:00;-03:00;11,149999618530273;11,15999984741211;11,140000343322754;11,149999618530273;35400
