Data;Hora;Fuso;Open;High;Low;Close;Volume
2026-07-09;10:05:00;-03:00;28,790000915527344;29,100000381469727;28,760000228881836;29,030000686645508;600
2026-07-09;10:10:00;-03:00;29,0;29,040000915527344;28,979999542236328;29,020000457763672;4300
2026-07-09;10:15:00;-03:00;29,030000686645508;29,149999618530273;29,0;29,139999389648438;17300
2026-07-09;10:20:00;-03:00;29,149999618530273;29,280000686645508;29,1299991607666;29,25;14400
2026-07-09;10:25:00;-03:00;29,260000228881836;29,290000915527344;29,139999389648438;29,149999618530273;8400
2026-07-09;10:30:00;-03:00;29,18000030517578;29,219999313354492;29,1200008392334;29,219999313354492;4900
2026-07-09;10:35:00;-03:00;29,200000762939453;29,270000457763672;29,200000762939453;29,25;4800
2026-07-09;10:40:00;-03:00;29,25;29,309999465942383;29,219999313354492;29,270000457763672;21700
2026-07-09;10:45:00;-03:00;29,260000228881836;29,260000228881836;29,18000030517578;29,229999542236328;11800
2026-07-09;10:50:00;-03:00;29,219999313354492;29,280000686645508;29,1200008392334;29,170000076293945;89600
2026-07-09;10:55:00;-03:00;29,190000534057617;29,25;29,170000076293945;29,209999084472656;18000
2026-07-09;11:00:00;-03:00;29,209999084472656;29,329999923706055;29,209999084472656;29,309999465942383;23200
2026-07-09;11:05:00;-03:00;29,309999465942383;29,399999618530273;29,299999237060547;29,399999618530273;9300
2026-07-09;11:10:00;-03:00;29,360000610351562;29,3700008392334;29,299999237060547;29,360000610351562;9700
2026-07-09;11:15:00;-03:00;29,350000381469727;29,3799991607666;29,31999969482422;29,3700008392334;7800
2026-07-09;11:20:00;-03:00;29,350000381469727;29,389999389648438;29,34000015258789;29,3799991607666;9400
2026-07-09;11:25:00;-03:00;29,3799991607666;29,420000076293945;29,329999923706055;29,34000015258789;30900
2026-07-09;11:30:00;-03:00;29,360000610351562;29,3700008392334;29,31999969482422;29,34000015258789;5700
2026-07-09;11:35:00;-03:00;29,31999969482422;29,350000381469727;29,229999542236328;29,280000686645508;27000
2026-07-09;11:40:00;-03:00;29,270000457763672;29,270000457763672;29,229999542236328;29,260000228881836;7700
2026-07-09;11:45:00;-03:00;29,25;29,280000686645508;29,239999771118164;29,280000686645508;16000
2026-07-09;11:50:00;-03:00;29,280000686645508;29,34000015258789;29,280000686645508;29,34000015258789;13500
2026-07-09;11:55:00;-03:00;29,31999969482422;29,329999923706055;29,290000915527344;29,309999465942383;12300
2026-07-09;12:00:00;-03:00;29,31999969482422;29,360000610351562;29,290000915527344;29,309999465942383;19200
2026-07-09;12:05:00;-03:00;29,290000915527344;29,290000915527344;29,149999618530273;29,229999542236328;41300
2026-07-09;12:10:00;-03:00;29,239999771118164;29,239999771118164;29,15999984741211;29,190000534057617;25500
2026-07-09;12:15:00;-03:00;29,18000030517578;29,18000030517578;29,1299991607666;29,15999984741211;15700
2026-07-09;12:20:00;-03:00;29,149999618530273;29,200000762939453;29,149999618530273;29,190000534057617;16000
2026-07-09;12:25:00;-03:00;29,18000030517578;29,18000030517578;29,100000381469727;29,1200008392334;26700
2026-07-09;12:30:00;-03:00;29,100000381469727;29,139999389648438;29,100000381469727;29,1299991607666;8000
2026-07-09;12:35:00;-03:00;29,110000610351562;29,139999389648438;29,110000610351562;29,1200008392334;8100
2026-07-09;12:40:00;-03:00;29,139999389648438;29,149999618530273;29,1200008392334;29,1299991607666;9600
2026-07-09;12:45:00;-03:00;29,139999389648438;29,139999389648438;29,049999237060547;29,09000015258789;16100
2026-07-09;12:50:00;-03:00;29,09000015258789;29,09000015258789;29,030000686645508;29,040000915527344;13900
2026-07-09;12:55:00;-03:00;29,040000915527344;29,049999237060547;29,0;29,030000686645508;7600
2026-07-09;13:00:00;-03:00;29,020000457763672;29,049999237060547;29,020000457763672;29,049999237060547;9900
2026-07-09;13:05:00;-03:00;29,049999237060547;29,049999237060547;29,030000686645508;29,040000915527344;6400
2026-07-09;13:10:00;-03:00;29,030000686645508;29,040000915527344;29,010000228881836;29,040000915527344;10700
2026-07-09;13:15:00;-03:00;29,020000457763672;29,040000915527344;29,010000228881836;29,020000457763672;7500
2026-07-09;13:20:00;-03:00;29,010000228881836;29,030000686645508;29,0;29,030000686645508;5600
2026-07-09;13:25:00;-03:00;29,030000686645508;29,030000686645508;28,90999984741211;29,010000228881836;40600
2026-07-09;13:30:00;-03:00;29,0;29,040000915527344;28,989999771118164;29,040000915527344;9300
2026-07-09;13:35:00;-03:00;29,020000457763672;29,049999237060547;29,020000457763672;29,030000686645508;11500
2026-07-09;13:40:00;-03:00;29,040000915527344;29,079999923706055;29,040000915527344;29,049999237060547;16900
2026-07-09;13:45:00;-03:00;29,040000915527344;29,06999969482422;29,030000686645508;29,06999969482422;12000
2026-07-09;13:50:00;-03:00;29,06999969482422;29,110000610351562;29,059999465942383;29,100000381469727;8800
2026-07-09;13:55:00;-03:00;29,110000610351562;29,15999984741211;29,100000381469727;29,149999618530273;15900
2026-07-09;14:00:00;-03:00;29,15999984741211;29,190000534057617;29,15999984741211;29,18000030517578;33200
2026-07-09;14:05:00;-03:00;29,170000076293945;29,200000762939453;29,1200008392334;29,139999389648438;19400
2026-07-09;14:10:00;-03:00;29,1299991607666;29,18000030517578;29,1200008392334;29,149999618530273;45200
2026-07-09;14:15:00;-03:00;29,149999618530273;29,170000076293945;29,139999389648438;29,15999984741211;5500
2026-07-09;14:20:00;-03:00;29,15999984741211;29,170000076293945;29,149999618530273;29,170000076293945;10300
2026-07-09;14:25:00;-03:00;29,170000076293945;29,190000534057617;29,149999618530273;29,15999984741211;7700
2026-07-09;14:30:00;-03:00;29,15999984741211;29,200000762939453;29,15999984741211;29,190000534057617;10800
2026-07-09;14:35:00;-03:00;29,200000762939453;29,290000915527344;29,190000534057617;29,280000686645508;32200
2026-07-09;14:40:00;-03:00;29,280000686645508;29,290000915527344;29,229999542236328;29,239999771118164;15100
2026-07-09;14:45:00;-03:00;29,229999542236328;29,260000228881836;29,209999084472656;29,229999542236328;9700
2026-07-09;14:50:00;-03:00;29,239999771118164;29,260000228881836;29,219999313354492;29,25;9400
2026-07-09;14:55:00;-03:00;29,25;29,25;29,229999542236328;29,239999771118164;10000
2026-07-09;15:00:00;-03:00;29,239999771118164;29,25;29,200000762939453;29,209999084472656;14100
2026-07-09;15:05:00;-03:00;29,219999313354492;29,280000686645508;29,200000762939453;29,25;18200
2026-07-09;15:10:00;-03:00;29,239999771118164;29,280000686645508;29,219999313354492;29,270000457763672;15500
2026-07-09;15:15:00;-03:00;29,270000457763672;29,290000915527344;29,260000228881836;29,280000686645508;12900
2026-07-09;15:20:00;-03:00;29,270000457763672;29,280000686645508;29,260000228881836;29,270000457763672;4100
2026-07-09;15:25:00;-03:00;29,270000457763672;29,290000915527344;29,239999771118164;29,25;16900
2026-07-09;15:30:00;-03:00;29,239999771118164;29,260000228881836;29,229999542236328;29,260000228881836;16900
2026-07-09;15:35:00;-03:00;29,25;29,260000228881836;29,229999542236328;29,25;11700
2026-07-09;15:40:00;-03:00;29,260000228881836;29,290000915527344;29,25;29,260000228881836;8900
2026-07-09;15:45:00;-03:00;29,260000228881836;29,280000686645508;29,260000228881836;29,280000686645508;9500
2026-07-09;15:50:00;-03:00;29,270000457763672;29,299999237060547;29,260000228881836;29,299999237060547;6900
2026-07-09;15:55:00;-03:00;29,290000915527344;29,31999969482422;29,280000686645508;29,299999237060547;23600
2026-07-09;16:00:00;-03:00;29,299999237060547;29,34000015258789;29,290000915527344;29,34000015258789;9600
2026-07-09;16:05:00;-03:00;29,329999923706055;29,34000015258789;29,290000915527344;29,31999969482422;15500
2026-07-09;16:10:00;-03:00;29,31999969482422;29,329999923706055;29,290000915527344;29,309999465942383;19800
2026-07-09;16:15:00;-03:00;29,31999969482422;29,34000015258789;29,299999237060547;29,31999969482422;20000
2026-07-09;16:20:00;-03:00;29,329999923706055;29,350000381469727;29,309999465942383;29,34000015258789;15000
2026-07-09;16:25:00;-03:00;29,329999923706055;29,34000015258789;29,309999465942383;29,329999923706055;19100
2026-07-09;16:30:00;-03:00;29,31999969482422;29,31999969482422;29,280000686645508;29,31999969482422;38600
2026-07-09;16:35:00;-03:00;29,31999969482422;29,329999923706055;29,290000915527344;29,329999923706055;32200
2026-07-09;16:40:00;-03:00;29,329999923706055;29,3700008392334;29,31999969482422;29,350000381469727;25300
2026-07-09;16:45:00;-03:00;29,3700008392334;29,3700008392334;29,329999923706055;29,350000381469727;27600
2026-07-09;16:50:00;-03:00;29,350000381469727;29,360000610351562;29,329999923706055;29,329999923706055;20100
2026-07-10;10:00:00;-03:00;29,75;29,940000534057617;29,75;29,920000076293945;0
2026-07-10;10:05:00;-03:00;29,899999618530273;30,100000381469727;29,850000381469727;30,049999237060547;57100
2026-07-10;10:10:00;-03:00;30,059999465942383;30,09000015258789;29,969999313354492;30,040000915527344;41300
2026-07-10;10:15:00;-03:00;30,049999237060547;30,239999771118164;30,030000686645508;30,040000915527344;81600
2026-07-10;10:20:00;-03:00;30,030000686645508;30,030000686645508;29,969999313354492;30,0;21700
2026-07-10;10:25:00;-03:00;30,010000228881836;30,1200008392334;30,010000228881836;30,06999969482422;24200
2026-07-10;10:30:00;-03:00;30,06999969482422;30,139999389648438;30,040000915527344;30,1200008392334;20900
2026-07-10;10:35:00;-03:00;30,110000610351562;30,229999542236328;30,079999923706055;30,190000534057617;30800
2026-07-10;10:40:00;-03:00;30,18000030517578;30,219999313354492;30,1200008392334;30,139999389648438;24500
2026-07-10;10:45:00;-03:00;30,1299991607666;30,18000030517578;30,1200008392334;30,149999618530273;21800
2026-07-10;10:50:00;-03:00;30,15999984741211;30,229999542236328;30,15999984741211;30,219999313354492;16000
2026-07-10;10:55:00;-03:00;30,200000762939453;30,229999542236328;30,190000534057617;30,229999542236328;10400
2026-07-10;11:00:00;-03:00;30,219999313354492;30,290000915527344;30,219999313354492;30,25;21400
2026-07-10;11:05:00;-03:00;30,229999542236328;30,25;30,18000030517578;30,229999542236328;10500
2026-07-10;11:10:00;-03:00;30,219999313354492;30,229999542236328;30,170000076293945;30,209999084472656;17000
2026-07-10;11:15:00;-03:00;30,219999313354492;30,260000228881836;30,209999084472656;30,229999542236328;14900
2026-07-10;11:20:00;-03:00;30,239999771118164;30,25;30,18000030517578;30,209999084472656;13300
2026-07-10;11:25:00;-03:00;30,209999084472656;30,270000457763672;30,209999084472656;30,239999771118164;11600
2026-07-10;11:30:00;-03:00;30,25;30,270000457763672;30,15999984741211;30,270000457763672;94000
2026-07-10;11:35:00;-03:00;30,25;30,270000457763672;30,190000534057617;30,200000762939453;21500
2026-07-10;11:40:00;-03:00;30,190000534057617;30,239999771118164;30,190000534057617;30,219999313354492;9400
2026-07-10;11:45:00;-03:00;30,229999542236328;30,25;30,209999084472656;30,239999771118164;16400
2026-07-10;11:50:00;-03:00;30,25;30,260000228881836;30,209999084472656;30,209999084472656;24400
2026-07-10;11:55:00;-03:00;30,200000762939453;30,209999084472656;30,18000030517578;30,190000534057617;5700
2026-07-10;12:00:00;-03:00;30,200000762939453;30,219999313354492;30,18000030517578;30,219999313354492;13600
2026-07-10;12:05:00;-03:00;30,200000762939453;30,219999313354492;30,18000030517578;30,190000534057617;11500
2026-07-10;12:10:00;-03:00;30,200000762939453;30,200000762939453;30,170000076293945;30,190000534057617;16300
2026-07-10;12:15:00;-03:00;30,190000534057617;30,209999084472656;30,18000030517578;30,200000762939453;26100
2026-07-10;12:20:00;-03:00;30,190000534057617;30,209999084472656;30,18000030517578;30,200000762939453;10700
2026-07-10;12:25:00;-03:00;30,190000534057617;30,209999084472656;30,170000076293945;30,200000762939453;18700
2026-07-10;12:30:00;-03:00;30,190000534057617;30,200000762939453;30,010000228881836;30,030000686645508;42000
2026-07-10;12:35:00;-03:00;30,040000915527344;30,040000915527344;29,979999542236328;30,0;12800
2026-07-10;12:40:00;-03:00;30,0;30,0;29,969999313354492;29,989999771118164;5100
2026-07-10;12:45:00;-03:00;29,989999771118164;29,989999771118164;29,920000076293945;29,920000076293945;4600
2026-07-10;12:50:00;-03:00;29,940000534057617;29,959999084472656;29,93000030517578;29,940000534057617;8900
2026-07-10;12:55:00;-03:00;29,940000534057617;29,940000534057617;29,899999618530273;29,899999618530273;7000
2026-07-10;13:00:00;-03:00;29,899999618530273;29,950000762939453;29,899999618530273;29,90999984741211;10500
2026-07-10;13:05:00;-03:00;29,93000030517578;29,940000534057617;29,889999389648438;29,889999389648438;15900
2026-07-10;13:10:00;-03:00;29,93000030517578;29,989999771118164;29,899999618530273;29,989999771118164;21900
2026-07-10;13:15:00;-03:00;29,989999771118164;30,0;29,969999313354492;30,0;18300
2026-07-10;13:20:00;-03:00;30,0;30,0;29,979999542236328;29,989999771118164;16200
2026-07-10;13:25:00;-03:00;30,0;30,059999465942383;29,989999771118164;30,059999465942383;23500
2026-07-10;13:30:00;-03:00;30,06999969482422;30,09000015258789;30,049999237060547;30,079999923706055;15800
2026-07-10;13:35:00;-03:00;30,079999923706055;30,1200008392334;30,06999969482422;30,1200008392334;15300
2026-07-10;13:40:00;-03:00;30,110000610351562;30,139999389648438;30,100000381469727;30,1299991607666;11500
2026-07-10;13:45:00;-03:00;30,1299991607666;30,15999984741211;30,1200008392334;30,149999618530273;15000
2026-07-10;13:50:00;-03:00;30,149999618530273;30,170000076293945;30,139999389648438;30,149999618530273;15100
2026-07-10;13:55:00;-03:00;30,149999618530273;30,149999618530273;30,100000381469727;30,110000610351562;10100
2026-07-10;14:00:00;-03:00;30,110000610351562;30,18000030517578;30,09000015258789;30,170000076293945;36900
2026-07-10;14:05:00;-03:00;30,170000076293945;30,219999313354492;30,149999618530273;30,190000534057617;18700
2026-07-10;14:10:00;-03:00;30,190000534057617;30,209999084472656;30,18000030517578;30,209999084472656;6700
2026-07-10;14:15:00;-03:00;30,209999084472656;30,209999084472656;30,139999389648438;30,15999984741211;23700
2026-07-10;14:20:00;-03:00;30,15999984741211;30,200000762939453;30,139999389648438;30,15999984741211;17600
2026-07-10;14:25:00;-03:00;30,149999618530273;30,149999618530273;29,90999984741211;29,90999984741211;44300
2026-07-10;14:30:00;-03:00;29,920000076293945;29,93000030517578;29,850000381469727;29,8700008392334;21800
2026-07-10;14:35:00;-03:00;29,860000610351562;29,8700008392334;29,850000381469727;29,860000610351562;14700
2026-07-10;14:40:00;-03:00;29,860000610351562;29,8700008392334;29,809999465942383;29,809999465942383;34600
2026-07-10;14:45:00;-03:00;29,809999465942383;29,8700008392334;29,790000915527344;29,860000610351562;26300
2026-07-10;14:50:00;-03:00;29,850000381469727;29,959999084472656;29,850000381469727;29,950000762939453;39200
2026-07-10;14:55:00;-03:00;29,959999084472656;29,989999771118164;29,950000762939453;29,969999313354492;24100
2026-07-10;15:00:00;-03:00;29,989999771118164;30,0;29,950000762939453;29,979999542236328;29500
2026-07-10;15:05:00;-03:00;29,989999771118164;30,1299991607666;29,969999313354492;30,1299991607666;48300
2026-07-10;15:10:00;-03:00;30,1299991607666;30,190000534057617;30,1200008392334;30,190000534057617;19700
2026-07-10;15:15:00;-03:00;30,18000030517578;30,219999313354492;30,18000030517578;30,209999084472656;11200
2026-07-10;15:20:00;-03:00;30,200000762939453;30,219999313354492;30,190000534057617;30,200000762939453;18800
2026-07-10;15:25:00;-03:00;30,200000762939453;30,229999542236328;30,190000534057617;30,190000534057617;14100
2026-07-10;15:30:00;-03:00;30,190000534057617;30,229999542236328;30,190000534057617;30,229999542236328;11800
2026-07-10;15:35:00;-03:00;30,209999084472656;30,209999084472656;30,139999389648438;30,149999618530273;12100
2026-07-10;15:40:00;-03:00;30,149999618530273;30,18000030517578;30,100000381469727;30,149999618530273;64500
2026-07-10;15:45:00;-03:00;30,149999618530273;30,170000076293945;30,1299991607666;30,139999389648438;12400
2026-07-10;15:50:00;-03:00;30,149999618530273;30,149999618530273;30,06999969482422;30,110000610351562;16800
2026-07-10;15:55:00;-03:00;30,110000610351562;30,139999389648438;30,09000015258789;30,139999389648438;28800
2026-07-10;16:00:00;-03:00;30,1299991607666;30,190000534057617;30,1200008392334;30,170000076293945;25600
2026-07-10;16:05:00;-03:00;30,190000534057617;30,200000762939453;30,170000076293945;30,18000030517578;13300
2026-07-10;16:10:00;-03:00;30,190000534057617;30,190000534057617;30,15999984741211;30,15999984741211;10200
2026-07-10;16:15:00;-03:00;30,170000076293945;30,200000762939453;30,170000076293945;30,200000762939453;14200
2026-07-10;16:20:00;-03:00;30,200000762939453;30,200000762939453;30,139999389648438;30,149999618530273;27200
2026-07-10;16:25:00;-03:00;30,149999618530273;30,170000076293945;30,06999969482422;30,100000381469727;48400
2026-07-10;16:30:00;-03:00;30,09000015258789;30,09000015258789;30,010000228881836;30,020000457763672;73100
2026-07-10;16:35:00;-03:00;30,020000457763672;30,040000915527344;29,969999313354492;29,989999771118164;26500
2026-07-10;16:40:00;-03:00;29,989999771118164;30,0;29,959999084472656;29,989999771118164;30500
2026-07-10;16:45:00;-03:00;29,989999771118164;30,0;29,979999542236328;29,989999771118164;29700
2026-07-10;16:50:00;-03:00;29,989999771118164;30,0;29,950000762939453;29,959999084472656;91900
2026-07-13;10:05:00;-03:00;29,959999084472656;29,959999084472656;29,6299991607666;29,690000534057617;11700
2026-07-13;10:10:00;-03:00;29,65999984741211;29,739999771118164;29,600000381469727;29,729999542236328;10700
2026-07-13;10:15:00;-03:00;29,719999313354492;29,81999969482422;29,719999313354492;29,809999465942383;14500
2026-07-13;10:20:00;-03:00;29,790000915527344;29,809999465942383;29,709999084472656;29,760000228881836;107500
2026-07-13;10:25:00;-03:00;29,729999542236328;29,729999542236328;29,649999618530273;29,670000076293945;6900
2026-07-13;10:30:00;-03:00;29,68000030517578;29,709999084472656;29,649999618530273;29,690000534057617;12000
2026-07-13;10:35:00;-03:00;29,690000534057617;29,700000762939453;29,65999984741211;29,670000076293945;37700
2026-07-13;10:40:00;-03:00;29,690000534057617;29,75;29,670000076293945;29,719999313354492;28200
2026-07-13;10:45:00;-03:00;29,719999313354492;29,719999313354492;29,670000076293945;29,690000534057617;8600
2026-07-13;10:50:00;-03:00;29,690000534057617;29,690000534057617;29,65999984741211;29,670000076293945;52800
2026-07-13;10:55:00;-03:00;29,670000076293945;29,68000030517578;29,549999237060547;29,600000381469727;92000
2026-07-13;11:00:00;-03:00;29,610000610351562;29,610000610351562;29,549999237060547;29,56999969482422;13100
2026-07-13;11:05:00;-03:00;29,579999923706055;29,579999923706055;29,450000762939453;29,489999771118164;15000
2026-07-13;11:10:00;-03:00;29,479999542236328;29,489999771118164;29,43000030517578;29,43000030517578;4300
2026-07-13;11:15:00;-03:00;29,43000030517578;29,459999084472656;29,31999969482422;29,399999618530273;39100
2026-07-13;11:20:00;-03:00;29,420000076293945;29,420000076293945;29,34000015258789;29,3799991607666;11100
2026-07-13;11:25:00;-03:00;29,3700008392334;29,399999618530273;29,360000610351562;29,389999389648438;5900
2026-07-13;11:30:00;-03:00;29,3799991607666;29,40999984741211;29,3799991607666;29,399999618530273;11000
2026-07-13;11:35:00;-03:00;29,399999618530273;29,399999618530273;29,329999923706055;29,34000015258789;5600
2026-07-13;11:40:00;-03:00;29,350000381469727;29,399999618530273;29,309999465942383;29,399999618530273;15600
2026-07-13;11:45:00;-03:00;29,389999389648438;29,489999771118164;29,3700008392334;29,489999771118164;16500
2026-07-13;11:50:00;-03:00;29,5;29,520000457763672;29,5;29,5;7100
2026-07-13;11:55:00;-03:00;29,489999771118164;29,530000686645508;29,489999771118164;29,5;6800
2026-07-13;12:00:00;-03:00;29,510000228881836;29,530000686645508;29,469999313354492;29,489999771118164;9300
2026-07-13;12:05:00;-03:00;29,489999771118164;29,489999771118164;29,43000030517578;29,459999084472656;7000
2026-07-13;12:10:00;-03:00;29,459999084472656;29,469999313354492;29,3700008392334;29,389999389648438;15100
2026-07-13;12:15:00;-03:00;29,389999389648438;29,389999389648438;29,3799991607666;29,3799991607666;3000
2026-07-13;12:20:00;-03:00;29,3799991607666;29,469999313354492;29,3799991607666;29,450000762939453;30700
2026-07-13;12:25:00;-03:00;29,459999084472656;29,459999084472656;29,40999984741211;29,43000030517578;11900
2026-07-13;12:30:00;-03:00;29,43000030517578;29,459999084472656;29,420000076293945;29,420000076293945;5500
2026-07-13;12:35:00;-03:00;29,420000076293945;29,43000030517578;29,40999984741211;29,40999984741211;4100
2026-07-13;12:40:00;-03:00;29,440000534057617;29,440000534057617;29,399999618530273;29,420000076293945;6400
2026-07-13;12:45:00;-03:00;29,399999618530273;29,440000534057617;29,399999618530273;29,40999984741211;7600
2026-07-13;12:50:00;-03:00;29,40999984741211;29,469999313354492;29,40999984741211;29,459999084472656;7900
2026-07-13;12:55:00;-03:00;29,440000534057617;29,450000762939453;29,40999984741211;29,440000534057617;7900
2026-07-13;13:00:00;-03:00;29,440000534057617;29,479999542236328;29,440000534057617;29,450000762939453;9300
2026-07-13;13:05:00;-03:00;29,43000030517578;29,440000534057617;29,399999618530273;29,40999984741211;6500
2026-07-13;13:10:00;-03:00;29,389999389648438;29,399999618530273;29,3799991607666;29,3799991607666;7300
2026-07-13;13:15:00;-03:00;29,3799991607666;29,389999389648438;29,360000610351562;29,360000610351562;9200
2026-07-13;13:20:00;-03:00;29,360000610351562;29,3700008392334;29,329999923706055;29,350000381469727;12300
2026-07-13;13:25:00;-03:00;29,350000381469727;29,3700008392334;29,34000015258789;29,34000015258789;10200
2026-07-13;13:30:00;-03:00;29,329999923706055;29,389999389648438;29,329999923706055;29,329999923706055;15500
2026-07-13;13:35:00;-03:00;29,329999923706055;29,350000381469727;29,31999969482422;29,329999923706055;19400
2026-07-13;13:40:00;-03:00;29,350000381469727;29,3700008392334;29,31999969482422;29,34000015258789;15100
2026-07-13;13:45:00;-03:00;29,360000610351562;29,3799991607666;29,31999969482422;29,31999969482422;7800
2026-07-13;13:50:00;-03:00;29,31999969482422;29,329999923706055;29,280000686645508;29,290000915527344;18700
2026-07-13;13:55:00;-03:00;29,290000915527344;29,299999237060547;29,270000457763672;29,280000686645508;8000
2026-07-13;14:00:00;-03:00;29,260000228881836;29,260000228881836;29,229999542236328;29,239999771118164;8100
2026-07-13;14:05:00;-03:00;29,229999542236328;29,280000686645508;29,229999542236328;29,260000228881836;12500
2026-07-13;14:10:00;-03:00;29,260000228881836;29,299999237060547;29,260000228881836;29,270000457763672;9200
2026-07-13;14:15:00;-03:00;29,270000457763672;29,290000915527344;29,260000228881836;29,260000228881836;6200
2026-07-13;14:20:00;-03:00;29,280000686645508;29,280000686645508;29,229999542236328;29,229999542236328;9800
2026-07-13;14:25:00;-03:00;29,219999313354492;29,270000457763672;29,200000762939453;29,260000228881836;25600
2026-07-13;14:30:00;-03:00;29,260000228881836;29,299999237060547;29,25;29,299999237060547;11400
2026-07-13;14:35:00;-03:00;29,309999465942383;29,40999984741211;29,309999465942383;29,389999389648438;19700
2026-07-13;14:40:00;-03:00;29,399999618530273;29,479999542236328;29,3799991607666;29,469999313354492;14500
2026-07-13;14:45:00;-03:00;29,469999313354492;29,469999313354492;29,450000762939453;29,459999084472656;10900
2026-07-13;14:50:00;-03:00;29,459999084472656;29,459999084472656;29,3799991607666;29,389999389648438;15000
2026-07-13;14:55:00;-03:00;29,3700008392334;29,40999984741211;29,3700008392334;29,40999984741211;9300
2026-07-13;15:00:00;-03:00;29,40999984741211;29,40999984741211;29,360000610351562;29,389999389648438;9700
2026-07-13;15:05:00;-03:00;29,389999389648438;29,40999984741211;29,3700008392334;29,3799991607666;5300
2026-07-13;15:10:00;-03:00;29,3799991607666;29,399999618530273;29,34000015258789;29,389999389648438;17900
2026-07-13;15:15:00;-03:00;29,3700008392334;29,399999618530273;29,360000610351562;29,3799991607666;8800
2026-07-13;15:20:00;-03:00;29,360000610351562;29,389999389648438;29,360000610351562;29,3799991607666;7700
2026-07-13;15:25:00;-03:00;29,3799991607666;29,399999618530273;29,360000610351562;29,389999389648438;9000
2026-07-13;15:30:00;-03:00;29,389999389648438;29,420000076293945;29,3799991607666;29,40999984741211;5900
2026-07-13;15:35:00;-03:00;29,40999984741211;29,459999084472656;29,399999618530273;29,43000030517578;8500
2026-07-13;15:40:00;-03:00;29,43000030517578;29,450000762939453;29,389999389648438;29,420000076293945;23000
2026-07-13;15:45:00;-03:00;29,420000076293945;29,440000534057617;29,399999618530273;29,420000076293945;9900
2026-07-13;15:50:00;-03:00;29,43000030517578;29,440000534057617;29,40999984741211;29,440000534057617;7400
2026-07-13;15:55:00;-03:00;29,43000030517578;29,440000534057617;29,420000076293945;29,43000030517578;10800
2026-07-13;16:00:00;-03:00;29,43000030517578;29,450000762939453;29,3799991607666;29,43000030517578;33100
2026-07-13;16:05:00;-03:00;29,43000030517578;29,440000534057617;29,40999984741211;29,43000030517578;15600
2026-07-13;16:10:00;-03:00;29,43000030517578;29,440000534057617;29,40999984741211;29,420000076293945;17500
2026-07-13;16:15:00;-03:00;29,420000076293945;29,420000076293945;29,260000228881836;29,260000228881836;99800
2026-07-13;16:20:00;-03:00;29,25;29,25;29,170000076293945;29,190000534057617;56700
2026-07-13;16:25:00;-03:00;29,190000534057617;29,25;29,190000534057617;29,229999542236328;34400
2026-07-13;16:30:00;-03:00;29,219999313354492;29,229999542236328;29,170000076293945;29,190000534057617;81900
2026-07-13;16:35:00;-03:00;29,18000030517578;29,200000762939453;29,15999984741211;29,200000762939453;15700
2026-07-13;16:40:00;-03:00;29,200000762939453;29,239999771118164;29,190000534057617;29,219999313354492;71000
2026-07-13;16:45:00;-03:00;29,209999084472656;29,270000457763672;29,209999084472656;29,239999771118164;52600
2026-07-13;16:50:00;-03:00;29,239999771118164;29,239999771118164;29,15999984741211;29,15999984741211;50600
2026-07-14;10:00:00;-03:00;29,290000915527344;29,290000915527344;29,190000534057617;29,200000762939453;0
2026-07-14;10:05:00;-03:00;29,200000762939453;29,200000762939453;29,1200008392334;29,139999389648438;3700
2026-07-14;10:10:00;-03:00;29,139999389648438;29,190000534057617;29,09000015258789;29,09000015258789;4300
2026-07-14;10:15:00;-03:00;29,09000015258789;29,110000610351562;29,040000915527344;29,040000915527344;6100
2026-07-14;10:20:00;-03:00;29,040000915527344;29,06999969482422;29,0;29,010000228881836;9300
2026-07-14;10:25:00;-03:00;29,010000228881836;29,040000915527344;28,940000534057617;29,0;23800
2026-07-14;10:30:00;-03:00;29,010000228881836;29,059999465942383;28,969999313354492;29,040000915527344;48500
2026-07-14;10:35:00;-03:00;29,040000915527344;29,110000610351562;28,969999313354492;29,100000381469727;69000
2026-07-14;10:40:00;-03:00;29,1200008392334;29,139999389648438;29,06999969482422;29,1299991607666;12600
2026-07-14;10:45:00;-03:00;29,1200008392334;29,209999084472656;29,110000610351562;29,170000076293945;26200
2026-07-14;10:50:00;-03:00;29,149999618530273;29,219999313354492;29,139999389648438;29,209999084472656;26900
2026-07-14;10:55:00;-03:00;29,200000762939453;29,219999313354492;29,170000076293945;29,190000534057617;41800
2026-07-14;11:00:00;-03:00;29,190000534057617;29,219999313354492;29,110000610351562;29,110000610351562;37200
2026-07-14;11:05:00;-03:00;29,110000610351562;29,149999618530273;29,079999923706055;29,149999618530273;18900
2026-07-14;11:10:00;-03:00;29,139999389648438;29,139999389648438;29,079999923706055;29,09000015258789;9100
2026-07-14;11:15:00;-03:00;29,09000015258789;29,110000610351562;29,049999237060547;29,059999465942383;62700
2026-07-14;11:20:00;-03:00;29,06999969482422;29,139999389648438;29,06999969482422;29,079999923706055;9400
2026-07-14;11:25:00;-03:00;29,079999923706055;29,079999923706055;29,020000457763672;29,020000457763672;17900
2026-07-14;11:30:00;-03:00;29,030000686645508;29,1200008392334;29,020000457763672;29,09000015258789;31800
2026-07-14;11:35:00;-03:00;29,079999923706055;29,139999389648438;29,06999969482422;29,079999923706055;101500
2026-07-14;11:40:00;-03:00;29,06999969482422;29,100000381469727;28,989999771118164;29,09000015258789;33200
2026-07-14;11:45:00;-03:00;29,100000381469727;29,100000381469727;29,0;29,030000686645508;51500
2026-07-14;11:50:00;-03:00;29,010000228881836;29,049999237060547;29,010000228881836;29,030000686645508;8900
2026-07-14;11:55:00;-03:00;29,030000686645508;29,09000015258789;29,020000457763672;29,09000015258789;28700
2026-07-14;12:00:00;-03:00;29,079999923706055;29,110000610351562;29,020000457763672;29,079999923706055;32800
2026-07-14;12:05:00;-03:00;29,06999969482422;29,06999969482422;29,040000915527344;29,049999237060547;6200
2026-07-14;12:10:00;-03:00;29,049999237060547;29,059999465942383;29,0;29,020000457763672;25900
2026-07-14;12:15:00;-03:00;29,020000457763672;29,06999969482422;29,010000228881836;29,040000915527344;20800
2026-07-14;12:20:00;-03:00;29,059999465942383;29,059999465942383;29,010000228881836;29,030000686645508;30700
2026-07-14;12:25:00;-03:00;29,040000915527344;29,059999465942383;28,989999771118164;28,989999771118164;38900
2026-07-14;12:30:00;-03:00;28,979999542236328;29,0;28,950000762939453;28,969999313354492;11200
2026-07-14;12:35:00;-03:00;28,969999313354492;28,989999771118164;28,950000762939453;28,950000762939453;14600
2026-07-14;12:40:00;-03:00;28,950000762939453;28,950000762939453;28,93000030517578;28,940000534057617;7500
2026-07-14;12:45:00;-03:00;28,940000534057617;28,950000762939453;28,920000076293945;28,920000076293945;11100
2026-07-14;12:50:00;-03:00;28,90999984741211;28,90999984741211;28,860000610351562;28,860000610351562;15000
2026-07-14;12:55:00;-03:00;28,860000610351562;28,8700008392334;28,850000381469727;28,850000381469727;4800
2026-07-14;13:00:00;-03:00;28,860000610351562;28,8799991607666;28,860000610351562;28,860000610351562;9000
2026-07-14;13:05:00;-03:00;28,860000610351562;28,889999389648438;28,84000015258789;28,889999389648438;11800
2026-07-14;13:10:00;-03:00;28,8799991607666;28,940000534057617;28,8799991607666;28,90999984741211;7300
2026-07-14;13:15:00;-03:00;28,920000076293945;28,93000030517578;28,920000076293945;28,920000076293945;4400
2026-07-14;13:20:00;-03:00;28,920000076293945;28,93000030517578;28,809999465942383;28,829999923706055;98900
2026-07-14;13:25:00;-03:00;28,829999923706055;28,850000381469727;28,829999923706055;28,84000015258789;5500
2026-07-14;13:30:00;-03:00;28,84000015258789;28,8799991607666;28,84000015258789;28,8799991607666;11300
2026-07-14;13:35:00;-03:00;28,8799991607666;28,90999984741211;28,8799991607666;28,90999984741211;4800
2026-07-14;13:40:00;-03:00;28,90999984741211;28,989999771118164;28,889999389648438;28,989999771118164;18800
2026-07-14;13:45:00;-03:00;29,0;29,010000228881836;28,93000030517578;28,93000030517578;24600
2026-07-14;13:50:00;-03:00;28,940000534057617;28,969999313354492;28,940000534057617;28,969999313354492;6200
2026-07-14;13:55:00;-03:00;28,969999313354492;29,010000228881836;28,969999313354492;28,989999771118164;15600
2026-07-14;14:00:00;-03:00;29,0;29,0;28,979999542236328;28,989999771118164;7600
2026-07-14;14:05:00;-03:00;29,0;29,010000228881836;28,959999084472656;28,989999771118164;15100
2026-07-14;14:10:00;-03:00;29,0;29,0;28,979999542236328;29,0;7200
2026-07-14;14:15:00;-03:00;28,989999771118164;28,989999771118164;28,969999313354492;28,969999313354492;8900
2026-07-14;14:20:00;-03:00;28,979999542236328;28,989999771118164;28,940000534057617;28,940000534057617;39400
2026-07-14;14:25:00;-03:00;28,950000762939453;28,950000762939453;28,93000030517578;28,940000534057617;14600
2026-07-14;14:30:00;-03:00;28,950000762939453;29,0;28,940000534057617;29,0;169500
2026-07-14;14:35:00;-03:00;29,0;29,010000228881836;28,959999084472656;28,959999084472656;32000
2026-07-14;14:40:00;-03:00;28,969999313354492;28,989999771118164;28,959999084472656;28,959999084472656;29400
2026-07-14;14:45:00;-03:00;28,959999084472656;29,059999465942383;28,940000534057617;29,040000915527344;216400
2026-07-14;14:50:00;-03:00;29,040000915527344;29,079999923706055;28,989999771118164;28,989999771118164;84500
2026-07-14;14:55:00;-03:00;28,989999771118164;29,030000686645508;28,979999542236328;29,030000686645508;54200
2026-07-14;15:00:00;-03:00;29,030000686645508;29,049999237060547;29,010000228881836;29,020000457763672;63000
2026-07-14;15:05:00;-03:00;29,020000457763672;29,049999237060547;29,010000228881836;29,040000915527344;52900
2026-07-14;15:10:00;-03:00;29,040000915527344;29,040000915527344;29,0;29,030000686645508;60900
2026-07-14;15:15:00;-03:00;29,020000457763672;29,030000686645508;28,979999542236328;28,989999771118164;54900
2026-07-14;15:20:00;-03:00;28,989999771118164;29,020000457763672;28,969999313354492;29,010000228881836;69800
2026-07-14;15:25:00;-03:00;29,010000228881836;29,059999465942383;29,010000228881836;29,040000915527344;27300
2026-07-14;15:30:00;-03:00;29,030000686645508;29,059999465942383;28,989999771118164;29,0;95100
2026-07-14;15:35:00;-03:00;29,0;29,020000457763672;28,989999771118164;29,020000457763672;44800
2026-07-14;15:40:00;-03:00;29,020000457763672;29,030000686645508;29,0;29,020000457763672;51800
2026-07-14;15:45:00;-03:00;29,020000457763672;29,06999969482422;29,010000228881836;29,06999969482422;48800
2026-07-14;15:50:00;-03:00;29,06999969482422;29,079999923706055;29,0;29,030000686645508;179500
2026-07-14;15:55:00;-03:00;29,020000457763672;29,100000381469727;29,010000228881836;29,010000228881836;221100
2026-07-14;16:00:00;-03:00;29,020000457763672;29,040000915527344;29,0;29,010000228881836;216200
2026-07-14;16:05:00;-03:00;29,020000457763672;29,020000457763672;28,979999542236328;29,0;71000
2026-07-14;16:10:00;-03:00;29,0;29,0;28,959999084472656;29,0;44500
2026-07-14;16:15:00;-03:00;29,0;29,0;28,969999313354492;28,979999542236328;41400
2026-07-14;16:20:00;-03:00;28,979999542236328;29,0;28,959999084472656;28,979999542236328;40800
2026-07-14;16:25:00;-03:00;28,979999542236328;29,0;28,959999084472656;28,969999313354492;62400
2026-07-14;16:30:00;-03:00;28,959999084472656;28,979999542236328;28,950000762939453;28,959999084472656;37600
2026-07-14;16:35:00;-03:00;28,959999084472656;29,0;28,950000762939453;28,989999771118164;46700
2026-07-14;16:40:00;-03:00;28,989999771118164;29,0;28,979999542236328;29,0;46200
2026-07-14;16:45:00;-03:00;29,0;29,18000030517578;28,979999542236328;29,15999984741211;202800
2026-07-14;16:50:00;-03:00;29,149999618530273;29,219999313354492;29,040000915527344;29,170000076293945;426700
2026-07-15;10:10:00;-03:00;28,649999618530273;29,09000015258789;28,649999618530273;28,760000228881836;64800
2026-07-15;10:15:00;-03:00;28,790000915527344;28,8700008392334;28,65999984741211;28,719999313354492;85600
2026-07-15;10:20:00;-03:00;28,690000534057617;28,690000534057617;28,420000076293945;28,469999313354492;71600
2026-07-15;10:25:00;-03:00;28,469999313354492;28,610000610351562;28,469999313354492;28,549999237060547;34300
2026-07-15;10:30:00;-03:00;28,520000457763672;28,559999465942383;28,489999771118164;28,530000686645508;39500
2026-07-15;10:35:00;-03:00;28,520000457763672;28,540000915527344;28,450000762939453;28,450000762939453;22500
2026-07-15;10:40:00;-03:00;28,469999313354492;28,520000457763672;28,459999084472656;28,469999313354492;19200
2026-07-15;10:45:00;-03:00;28,479999542236328;28,510000228881836;28,440000534057617;28,489999771118164;10400
2026-07-15;10:50:00;-03:00;28,489999771118164;28,530000686645508;28,489999771118164;28,5;6700
2026-07-15;10:55:00;-03:00;28,5;28,56999969482422;28,489999771118164;28,559999465942383;16600
2026-07-15;11:00:00;-03:00;28,549999237060547;28,559999465942383;28,360000610351562;28,420000076293945;163300
2026-07-15;11:05:00;-03:00;28,43000030517578;28,450000762939453;28,25;28,290000915527344;138700
2026-07-15;11:10:00;-03:00;28,299999237060547;28,3799991607666;28,299999237060547;28,329999923706055;55700
2026-07-15;11:15:00;-03:00;28,329999923706055;28,350000381469727;28,1200008392334;28,1200008392334;88300
2026-07-15;11:20:00;-03:00;28,1299991607666;28,239999771118164;28,0;28,219999313354492;275400
2026-07-15;11:25:00;-03:00;28,209999084472656;28,280000686645508;28,190000534057617;28,190000534057617;114500
2026-07-15;11:30:00;-03:00;28,18000030517578;28,18000030517578;28,059999465942383;28,1200008392334;108300
2026-07-15;11:35:00;-03:00;28,1299991607666;28,200000762939453;28,100000381469727;28,149999618530273;27200
2026-07-15;11:40:00;-03:00;28,15999984741211;28,190000534057617;28,049999237060547;28,100000381469727;111100
2026-07-15;11:45:00;-03:00;28,09000015258789;28,1200008392334;28,049999237060547;28,09000015258789;52100
2026-07-15;11:50:00;-03:00;28,079999923706055;28,1200008392334;28,049999237060547;28,110000610351562;116600
2026-07-15;11:55:00;-03:00;28,100000381469727;28,270000457763672;28,100000381469727;28,200000762939453;79900
2026-07-15;12:00:00;-03:00;28,200000762939453;28,260000228881836;28,200000762939453;28,219999313354492;29100
2026-07-15;12:05:00;-03:00;28,219999313354492;28,299999237060547;28,200000762939453;28,260000228881836;62000
2026-07-15;12:10:00;-03:00;28,260000228881836;28,3799991607666;28,25;28,360000610351562;57700
2026-07-15;12:15:00;-03:00;28,360000610351562;28,3799991607666;28,200000762939453;28,280000686645508;143100
2026-07-15;12:20:00;-03:00;28,280000686645508;28,350000381469727;28,260000228881836;28,350000381469727;87800
2026-07-15;12:25:00;-03:00;28,350000381469727;28,389999389648438;28,299999237060547;28,389999389648438;57200
2026-07-15;12:30:00;-03:00;28,389999389648438;28,389999389648438;28,299999237060547;28,34000015258789;44700
2026-07-15;12:35:00;-03:00;28,34000015258789;28,350000381469727;28,31999969482422;28,329999923706055;30500
2026-07-15;12:40:00;-03:00;28,329999923706055;28,350000381469727;28,31999969482422;28,350000381469727;26000
2026-07-15;12:45:00;-03:00;28,34000015258789;28,360000610351562;28,239999771118164;28,31999969482422;140900
2026-07-15;12:50:00;-03:00;28,31999969482422;28,34000015258789;28,309999465942383;28,309999465942383;35000
2026-07-15;12:55:00;-03:00;28,299999237060547;28,309999465942383;28,190000534057617;28,200000762939453;82100
2026-07-15;13:00:00;-03:00;28,200000762939453;28,31999969482422;28,200000762939453;28,290000915527344;83600
2026-07-15;13:05:00;-03:00;28,280000686645508;28,299999237060547;28,270000457763672;28,270000457763672;21100
2026-07-15;13:10:00;-03:00;28,270000457763672;28,31999969482422;28,270000457763672;28,299999237060547;30000
2026-07-15;13:15:00;-03:00;28,299999237060547;28,299999237060547;28,260000228881836;28,280000686645508;38700
2026-07-15;13:20:00;-03:00;28,280000686645508;28,290000915527344;28,25;28,270000457763672;24100
2026-07-15;13:25:00;-03:00;28,280000686645508;28,31999969482422;28,270000457763672;28,309999465942383;16800
2026-07-15;13:30:00;-03:00;28,31999969482422;28,329999923706055;28,260000228881836;28,260000228881836;41500
2026-07-15;13:35:00;-03:00;28,260000228881836;28,270000457763672;28,25;28,25;24100
2026-07-15;13:40:00;-03:00;28,25;28,280000686645508;28,229999542236328;28,25;50400
2026-07-15;13:45:00;-03:00;28,25;28,25;28,18000030517578;28,190000534057617;56400
2026-07-15;13:50:00;-03:00;28,18000030517578;28,239999771118164;28,18000030517578;28,200000762939453;33000
2026-07-15;13:55:00;-03:00;28,200000762939453;28,209999084472656;28,149999618530273;28,15999984741211;24500
2026-07-15;14:00:00;-03:00;28,15999984741211;28,190000534057617;28,15999984741211;28,15999984741211;19400
2026-07-15;14:05:00;-03:00;28,15999984741211;28,170000076293945;28,06999969482422;28,139999389648438;113300
2026-07-15;14:10:00;-03:00;28,1299991607666;28,170000076293945;28,049999237060547;28,049999237060547;111400
2026-07-15;14:15:00;-03:00;28,049999237060547;28,09000015258789;28,049999237060547;28,09000015258789;25900
2026-07-15;14:20:00;-03:00;28,079999923706055;28,079999923706055;28,059999465942383;28,06999969482422;27700
2026-07-15;14:25:00;-03:00;28,06999969482422;28,1299991607666;28,059999465942383;28,1200008392334;59200
2026-07-15;14:30:00;-03:00;28,110000610351562;28,139999389648438;28,110000610351562;28,1200008392334;35500
2026-07-15;14:35:00;-03:00;28,1200008392334;28,15999984741211;28,1200008392334;28,149999618530273;45600
2026-07-15;14:40:00;-03:00;28,139999389648438;28,139999389648438;28,059999465942383;28,1200008392334;114400
2026-07-15;14:45:00;-03:00;28,1299991607666;28,149999618530273;28,100000381469727;28,1200008392334;30600
2026-07-15;14:50:00;-03:00;28,1200008392334;28,1299991607666;28,110000610351562;28,110000610351562;23400
2026-07-15;14:55:00;-03:00;28,110000610351562;28,1200008392334;28,09000015258789;28,100000381469727;29500
2026-07-15;15:00:00;-03:00;28,09000015258789;28,110000610351562;28,079999923706055;28,09000015258789;33600
2026-07-15;15:05:00;-03:00;28,09000015258789;28,09000015258789;28,059999465942383;28,06999969482422;42900
2026-07-15;15:10:00;-03:00;28,059999465942383;28,079999923706055;28,0;28,0;53000
2026-07-15;15:15:00;-03:00;28,0;28,040000915527344;28,0;28,030000686645508;74100
2026-07-15;15:20:00;-03:00;28,020000457763672;28,030000686645508;27,93000030517578;27,959999084472656;109300
2026-07-15;15:25:00;-03:00;27,940000534057617;28,020000457763672;27,940000534057617;28,010000228881836;39400
2026-07-15;15:30:00;-03:00;28,0;28,010000228881836;27,93000030517578;27,940000534057617;104700
2026-07-15;15:35:00;-03:00;27,940000534057617;27,950000762939453;27,899999618530273;27,90999984741211;73900
2026-07-15;15:40:00;-03:00;27,899999618530273;27,950000762939453;27,899999618530273;27,90999984741211;73300
2026-07-15;15:45:00;-03:00;27,889999389648438;27,90999984741211;27,850000381469727;27,889999389648438;66700
2026-07-15;15:50:00;-03:00;27,8799991607666;27,8799991607666;27,84000015258789;27,8799991607666;40600
2026-07-15;15:55:00;-03:00;27,8700008392334;27,899999618530273;27,8700008392334;27,899999618530273;34000
2026-07-15;16:00:00;-03:00;27,889999389648438;27,899999618530273;27,75;27,780000686645508;121900
2026-07-15;16:05:00;-03:00;27,770000457763672;27,799999237060547;27,75;27,770000457763672;74700
2026-07-15;16:10:00;-03:00;27,770000457763672;27,809999465942383;27,760000228881836;27,770000457763672;79100
2026-07-15;16:15:00;-03:00;27,760000228881836;27,850000381469727;27,760000228881836;27,850000381469727;86100
2026-07-15;16:20:00;-03:00;27,84000015258789;27,90999984741211;27,81999969482422;27,8700008392334;2093600
2026-07-15;16:25:00;-03:00;27,8700008392334;27,969999313354492;27,850000381469727;27,8799991607666;101500
2026-07-15;16:30:00;-03:00;27,8799991607666;27,899999618530273;27,829999923706055;27,850000381469727;96800
2026-07-15;16:35:00;-03:00;27,850000381469727;27,8700008392334;27,81999969482422;27,8700008392334;102300
2026-07-15;16:40:00;-03:00;27,8700008392334;27,940000534057617;27,829999923706055;27,940000534057617;79800
2026-07-15;16:45:00;-03:00;27,93000030517578;27,969999313354492;27,8700008392334;27,8700008392334;98100
2026-07-15;16:50:00;-03:00;27,860000610351562;27,899999618530273;27,790000915527344;27,799999237060547;110000
2026-07-15;16:55:00;-03:00;27,790000915527344;27,790000915527344;27,790000915527344;27,790000915527344;100
2026-07-16;10:00:00;-03:00;27,780000686645508;27,780000686645508;27,649999618530273;27,709999084472656;23300
2026-07-16;10:05:00;-03:00;27,700000762939453;27,709999084472656;27,670000076293945;27,670000076293945;4600
2026-07-16;10:10:00;-03:00;27,68000030517578;27,709999084472656;27,489999771118164;27,56999969482422;67300
2026-07-16;10:15:00;-03:00;27,56999969482422;27,610000610351562;27,489999771118164;27,5;20300
2026-07-16;10:20:00;-03:00;27,479999542236328;27,530000686645508;27,469999313354492;27,510000228881836;9200
2026-07-16;10:25:00;-03:00;27,510000228881836;27,549999237060547;27,479999542236328;27,549999237060547;7100
2026-07-16;10:30:00;-03:00;27,540000915527344;27,540000915527344;27,34000015258789;27,350000381469727;48100
2026-07-16;10:35:00;-03:00;27,34000015258789;27,389999389648438;27,270000457763672;27,309999465942383;21100
2026-07-16;10:40:00;-03:00;27,299999237060547;27,440000534057617;27,299999237060547;27,389999389648438;16700
2026-07-16;10:45:00;-03:00;27,420000076293945;27,489999771118164;27,40999984741211;27,450000762939453;17300
2026-07-16;10:50:00;-03:00;27,459999084472656;27,600000381469727;27,459999084472656;27,59000015258789;31700
2026-07-16;10:55:00;-03:00;27,579999923706055;27,610000610351562;27,559999465942383;27,610000610351562;12800
2026-07-16;11:00:00;-03:00;27,639999389648438;27,719999313354492;27,6200008392334;27,68000030517578;5700
2026-07-16;11:05:00;-03:00;27,700000762939453;27,739999771118164;27,65999984741211;27,670000076293945;20700
2026-07-16;11:10:00;-03:00;27,690000534057617;27,700000762939453;27,65999984741211;27,690000534057617;7300
2026-07-16;11:15:00;-03:00;27,690000534057617;27,75;27,670000076293945;27,719999313354492;35600
2026-07-16;11:20:00;-03:00;27,729999542236328;27,729999542236328;27,6299991607666;27,65999984741211;69400
2026-07-16;11:25:00;-03:00;27,68000030517578;27,760000228881836;27,68000030517578;27,719999313354492;11200
2026-07-16;11:30:00;-03:00;27,729999542236328;27,729999542236328;27,670000076293945;27,690000534057617;6600
2026-07-16;11:35:00;-03:00;27,700000762939453;27,700000762939453;27,549999237060547;27,59000015258789;129000
2026-07-16;11:40:00;-03:00;27,59000015258789;27,600000381469727;27,56999969482422;27,56999969482422;18100
2026-07-16;11:45:00;-03:00;27,579999923706055;27,780000686645508;27,56999969482422;27,770000457763672;90000
2026-07-16;11:50:00;-03:00;27,770000457763672;27,780000686645508;27,670000076293945;27,709999084472656;93800
2026-07-16;11:55:00;-03:00;27,690000534057617;27,719999313354492;27,670000076293945;27,719999313354492;68600
2026-07-16;12:00:00;-03:00;27,709999084472656;27,739999771118164;27,700000762939453;27,739999771118164;45900
2026-07-16;12:05:00;-03:00;27,729999542236328;27,739999771118164;27,700000762939453;27,739999771118164;26500
2026-07-16;12:10:00;-03:00;27,729999542236328;27,770000457763672;27,729999542236328;27,739999771118164;36000
2026-07-16;12:15:00;-03:00;27,75;27,760000228881836;27,729999542236328;27,739999771118164;15800
2026-07-16;12:20:00;-03:00;27,739999771118164;27,739999771118164;27,670000076293945;27,709999084472656;137000
2026-07-16;12:25:00;-03:00;27,719999313354492;27,790000915527344;27,709999084472656;27,770000457763672;45500
2026-07-16;12:30:00;-03:00;27,770000457763672;27,809999465942383;27,729999542236328;27,780000686645508;41000
2026-07-16;12:35:00;-03:00;27,790000915527344;27,8700008392334;27,770000457763672;27,850000381469727;42500
2026-07-16;12:40:00;-03:00;27,850000381469727;27,850000381469727;27,709999084472656;27,75;40500
2026-07-16;12:45:00;-03:00;27,75;27,84000015258789;27,75;27,829999923706055;73500
2026-07-16;12:50:00;-03:00;27,850000381469727;27,850000381469727;27,81999969482422;27,81999969482422;22000
2026-07-16;12:55:00;-03:00;27,829999923706055;27,8700008392334;27,829999923706055;27,829999923706055;34700
2026-07-16;13:00:00;-03:00;27,829999923706055;27,889999389648438;27,81999969482422;27,850000381469727;45700
2026-07-16;13:05:00;-03:00;27,850000381469727;27,8700008392334;27,670000076293945;27,709999084472656;148000
2026-07-16;13:10:00;-03:00;27,719999313354492;27,729999542236328;27,700000762939453;27,719999313354492;35400
2026-07-16;13:15:00;-03:00;27,700000762939453;27,770000457763672;27,690000534057617;27,75;34100
2026-07-16;13:20:00;-03:00;27,739999771118164;27,770000457763672;27,719999313354492;27,760000228881836;15900
2026-07-16;13:25:00;-03:00;27,760000228881836;27,790000915527344;27,760000228881836;27,770000457763672;18400
2026-07-16;13:30:00;-03:00;27,770000457763672;27,799999237060547;27,760000228881836;27,790000915527344;21000
2026-07-16;13:35:00;-03:00;27,780000686645508;27,799999237060547;27,690000534057617;27,709999084472656;128300
2026-07-16;13:40:00;-03:00;27,709999084472656;27,729999542236328;27,670000076293945;27,709999084472656;49500
2026-07-16;13:45:00;-03:00;27,709999084472656;27,709999084472656;27,68000030517578;27,690000534057617;63400
2026-07-16;13:50:00;-03:00;27,700000762939453;27,780000686645508;27,700000762939453;27,760000228881836;111600
2026-07-16;13:55:00;-03:00;27,760000228881836;27,790000915527344;27,739999771118164;27,770000457763672;51500
2026-07-16;14:00:00;-03:00;27,780000686645508;27,780000686645508;27,729999542236328;27,770000457763672;36200
2026-07-16;14:05:00;-03:00;27,780000686645508;27,780000686645508;27,739999771118164;27,75;66600
2026-07-16;14:10:00;-03:00;27,760000228881836;27,770000457763672;27,729999542236328;27,729999542236328;65400
2026-07-16;14:15:00;-03:00;27,729999542236328;27,729999542236328;27,65999984741211;27,670000076293945;38000
2026-07-16;14:20:00;-03:00;27,670000076293945;27,690000534057617;27,639999389648438;27,65999984741211;55800
2026-07-16;14:25:00;-03:00;27,65999984741211;27,709999084472656;27,65999984741211;27,700000762939453;60300
2026-07-16;14:30:00;-03:00;27,700000762939453;27,75;27,700000762939453;27,719999313354492;40500
2026-07-16;14:35:00;-03:00;27,719999313354492;27,739999771118164;27,65999984741211;27,719999313354492;52700
2026-07-16;14:40:00;-03:00;27,739999771118164;27,739999771118164;27,649999618530273;27,700000762939453;47800
2026-07-16;14:45:00;-03:00;27,700000762939453;27,719999313354492;27,670000076293945;27,700000762939453;33800
2026-07-16;14:50:00;-03:00;27,709999084472656;27,729999542236328;27,65999984741211;27,690000534057617;60500
2026-07-16;14:55:00;-03:00;27,700000762939453;27,700000762939453;27,65999984741211;27,65999984741211;39800
2026-07-16;15:00:00;-03:00;27,68000030517578;27,700000762939453;27,65999984741211;27,690000534057617;44500
2026-07-16;15:05:00;-03:00;27,700000762939453;27,700000762939453;27,65999984741211;27,690000534057617;56400
2026-07-16;15:10:00;-03:00;27,700000762939453;27,729999542236328;27,670000076293945;27,719999313354492;37000
2026-07-16;15:15:00;-03:00;27,719999313354492;27,729999542236328;27,68000030517578;27,709999084472656;48000
2026-07-16;15:20:00;-03:00;27,719999313354492;27,75;27,700000762939453;27,729999542236328;46500
2026-07-16;15:25:00;-03:00;27,729999542236328;27,739999771118164;27,709999084472656;27,709999084472656;45300
2026-07-16;15:30:00;-03:00;27,709999084472656;27,719999313354492;27,690000534057617;27,690000534057617;64200
2026-07-16;15:35:00;-03:00;27,690000534057617;27,700000762939453;27,649999618530273;27,68000030517578;55500
2026-07-16;15:40:00;-03:00;27,68000030517578;27,690000534057617;27,649999618530273;27,65999984741211;57700
2026-07-16;15:45:00;-03:00;27,65999984741211;27,709999084472656;27,649999618530273;27,709999084472656;105700
2026-07-16;15:50:00;-03:00;27,709999084472656;27,709999084472656;27,68000030517578;27,690000534057617;86600
2026-07-16;15:55:00;-03:00;27,690000534057617;27,719999313354492;27,68000030517578;27,709999084472656;93700
2026-07-16;16:00:00;-03:00;27,709999084472656;27,719999313354492;27,68000030517578;27,700000762939453;89300
2026-07-16;16:05:00;-03:00;27,700000762939453;27,709999084472656;27,670000076293945;27,68000030517578;71200
2026-07-16;16:10:00;-03:00;27,670000076293945;27,68000030517578;27,649999618530273;27,670000076293945;81300
2026-07-16;16:15:00;-03:00;27,68000030517578;27,709999084472656;27,649999618530273;27,690000534057617;60600
2026-07-16;16:20:00;-03:00;27,690000534057617;27,850000381469727;27,670000076293945;27,84000015258789;219200
2026-07-16;16:25:00;-03:00;27,850000381469727;27,93000030517578;27,809999465942383;27,90999984741211;91100
2026-07-16;16:30:00;-03:00;27,90999984741211;27,90999984741211;27,850000381469727;27,8700008392334;191000
2026-07-16;16:35:00;-03:00;27,8799991607666;27,920000076293945;27,8700008392334;27,889999389648438;151500
2026-07-16;16:40:00;-03:00;27,889999389648438;27,90999984741211;27,889999389648438;27,899999618530273;92400
2026-07-16;16:45:00;-03:00;27,899999618530273;27,90999984741211;27,8799991607666;27,90999984741211;143800
2026-07-16;16:50:00;-03:00;27,90999984741211;27,969999313354492;27,889999389648438;27,920000076293945;138600
2026-07-17;10:00:00;-03:00;27,84000015258789;28,030000686645508;27,84000015258789;27,940000534057617;0
2026-07-17;10:05:00;-03:00;27,959999084472656;28,09000015258789;27,959999084472656;28,049999237060547;13800
2026-07-17;10:10:00;-03:00;28,059999465942383;28,139999389648438;28,0;28,139999389648438;25700
2026-07-17;10:15:00;-03:00;28,139999389648438;28,15999984741211;28,100000381469727;28,1200008392334;9700
2026-07-17;10:20:00;-03:00;28,100000381469727;28,100000381469727;28,020000457763672;28,030000686645508;7400
2026-07-17;10:25:00;-03:00;28,030000686645508;28,100000381469727;28,010000228881836;28,079999923706055;6800
2026-07-17;10:30:00;-03:00;28,06999969482422;28,200000762939453;28,06999969482422;28,15999984741211;31600
2026-07-17;10:35:00;-03:00;28,1299991607666;28,31999969482422;28,09000015258789;28,31999969482422;96100
2026-07-17;10:40:00;-03:00;28,309999465942383;28,360000610351562;28,290000915527344;28,290000915527344;8000
2026-07-17;10:45:00;-03:00;28,309999465942383;28,350000381469727;28,280000686645508;28,31999969482422;8600
2026-07-17;10:50:00;-03:00;28,34000015258789;28,350000381469727;28,280000686645508;28,31999969482422;11900
2026-07-17;10:55:00;-03:00;28,34000015258789;28,469999313354492;28,309999465942383;28,309999465942383;97900
2026-07-17;11:00:00;-03:00;28,34000015258789;28,34000015258789;28,229999542236328;28,260000228881836;27600
2026-07-17;11:05:00;-03:00;28,239999771118164;28,239999771118164;28,149999618530273;28,149999618530273;9300
2026-07-17;11:10:00;-03:00;28,149999618530273;28,190000534057617;28,100000381469727;28,190000534057617;20900
2026-07-17;11:15:00;-03:00;28,190000534057617;28,260000228881836;28,170000076293945;28,260000228881836;23100
2026-07-17;11:20:00;-03:00;28,229999542236328;28,270000457763672;28,09000015258789;28,139999389648438;42300
2026-07-17;11:25:00;-03:00;28,1200008392334;28,239999771118164;28,1200008392334;28,209999084472656;86200
2026-07-17;11:30:00;-03:00;28,209999084472656;28,219999313354492;28,18000030517578;28,209999084472656;11200
2026-07-17;11:35:00;-03:00;28,200000762939453;28,25;28,200000762939453;28,229999542236328;5300
2026-07-17;11:40:00;-03:00;28,229999542236328;28,290000915527344;28,219999313354492;28,25;20600
2026-07-17;11:45:00;-03:00;28,25;28,329999923706055;28,25;28,290000915527344;9900
2026-07-17;11:50:00;-03:00;28,290000915527344;28,290000915527344;28,219999313354492;28,290000915527344;48000
2026-07-17;11:55:00;-03:00;28,290000915527344;28,329999923706055;28,280000686645508;28,309999465942383;11800
2026-07-17;12:00:00;-03:00;28,299999237060547;28,31999969482422;28,260000228881836;28,290000915527344;5800
2026-07-17;12:05:00;-03:00;28,270000457763672;28,309999465942383;28,270000457763672;28,309999465942383;9400
2026-07-17;12:10:00;-03:00;28,309999465942383;28,31999969482422;28,290000915527344;28,290000915527344;5700
2026-07-17;12:15:00;-03:00;28,309999465942383;28,309999465942383;28,139999389648438;28,15999984741211;53300
2026-07-17;12:20:00;-03:00;28,15999984741211;28,260000228881836;28,139999389648438;28,15999984741211;109500
2026-07-17;12:25:00;-03:00;28,18000030517578;28,190000534057617;28,09000015258789;28,100000381469727;107300
2026-07-17;12:30:00;-03:00;28,09000015258789;28,1299991607666;28,059999465942383;28,059999465942383;25900
2026-07-17;12:35:00;-03:00;28,059999465942383;28,079999923706055;28,0;28,040000915527344;63900
2026-07-17;12:40:00;-03:00;28,020000457763672;28,040000915527344;28,0;28,0;67700
2026-07-17;12:45:00;-03:00;28,0;28,020000457763672;28,0;28,010000228881836;28800
2026-07-17;12:50:00;-03:00;28,020000457763672;28,020000457763672;27,93000030517578;27,969999313354492;42500
2026-07-17;12:55:00;-03:00;27,969999313354492;28,030000686645508;27,959999084472656;28,0;31400
2026-07-17;13:00:00;-03:00;28,010000228881836;28,010000228881836;27,950000762939453;27,979999542236328;13900
2026-07-17;13:05:00;-03:00;27,969999313354492;27,969999313354492;27,940000534057617;27,959999084472656;10600
2026-07-17;13:10:00;-03:00;27,959999084472656;27,979999542236328;27,950000762939453;27,979999542236328;15200
2026-07-17;13:15:00;-03:00;27,969999313354492;27,969999313354492;27,950000762939453;27,950000762939453;11600
2026-07-17;13:20:00;-03:00;27,959999084472656;27,989999771118164;27,93000030517578;27,959999084472656;24700
2026-07-17;13:25:00;-03:00;27,959999084472656;28,020000457763672;27,950000762939453;28,0;25700
2026-07-17;13:30:00;-03:00;28,0;28,030000686645508;27,979999542236328;27,979999542236328;18500
2026-07-17;13:35:00;-03:00;28,0;28,0;27,959999084472656;27,969999313354492;8700
2026-07-17;13:40:00;-03:00;27,969999313354492;28,010000228881836;27,969999313354492;28,010000228881836;6300
2026-07-17;13:45:00;-03:00;28,010000228881836;28,030000686645508;27,989999771118164;28,030000686645508;12800
2026-07-17;13:50:00;-03:00;28,020000457763672;28,040000915527344;28,0;28,030000686645508;20300
2026-07-17;13:55:00;-03:00;28,030000686645508;28,030000686645508;27,989999771118164;27,989999771118164;8400
2026-07-17;14:00:00;-03:00;27,979999542236328;28,059999465942383;27,979999542236328;28,040000915527344;30600
2026-07-17;14:05:00;-03:00;28,040000915527344;28,06999969482422;28,030000686645508;28,06999969482422;21000
2026-07-17;14:10:00;-03:00;28,06999969482422;28,09000015258789;28,020000457763672;28,030000686645508;27600
2026-07-17;14:15:00;-03:00;28,010000228881836;28,030000686645508;28,0;28,010000228881836;32800
2026-07-17;14:20:00;-03:00;28,020000457763672;28,020000457763672;27,959999084472656;27,969999313354492;55700
2026-07-17;14:25:00;-03:00;27,969999313354492;28,0;27,959999084472656;27,979999542236328;19200
2026-07-17;14:30:00;-03:00;27,989999771118164;28,030000686645508;27,979999542236328;28,030000686645508;34500
2026-07-17;14:35:00;-03:00;28,020000457763672;28,020000457763672;27,950000762939453;27,959999084472656;23600
2026-07-17;14:40:00;-03:00;27,959999084472656;27,959999084472656;27,93000030517578;27,950000762939453;25400
2026-07-17;14:45:00;-03:00;27,940000534057617;27,959999084472656;27,93000030517578;27,959999084472656;20500
2026-07-17;14:50:00;-03:00;27,959999084472656;27,969999313354492;27,940000534057617;27,950000762939453;17000
2026-07-17;14:55:00;-03:00;27,950000762939453;27,979999542236328;27,93000030517578;27,93000030517578;32100
2026-07-17;15:00:00;-03:00;27,93000030517578;27,950000762939453;27,920000076293945;27,940000534057617;26100
2026-07-17;15:05:00;-03:00;27,93000030517578;27,950000762939453;27,90999984741211;27,940000534057617;21000
2026-07-17;15:10:00;-03:00;27,93000030517578;27,950000762939453;27,84000015258789;27,850000381469727;56300
2026-07-17;15:15:00;-03:00;27,850000381469727;27,8700008392334;27,829999923706055;27,850000381469727;40100
2026-07-17;15:20:00;-03:00;27,850000381469727;27,8799991607666;27,829999923706055;27,860000610351562;51100
2026-07-17;15:25:00;-03:00;27,860000610351562;27,8799991607666;27,829999923706055;27,8700008392334;57100
2026-07-17;15:30:00;-03:00;27,8700008392334;27,889999389648438;27,850000381469727;27,860000610351562;41400
2026-07-17;15:35:00;-03:00;27,850000381469727;27,8700008392334;27,829999923706055;27,850000381469727;61600
2026-07-17;15:40:00;-03:00;27,850000381469727;27,8700008392334;27,829999923706055;27,8700008392334;39600
2026-07-17;15:45:00;-03:00;27,860000610351562;27,8700008392334;27,829999923706055;27,850000381469727;44300
2026-07-17;15:50:00;-03:00;27,84000015258789;27,8700008392334;27,81999969482422;27,8700008392334;52000
2026-07-17;15:55:00;-03:00;27,860000610351562;27,8799991607666;27,860000610351562;27,8700008392334;41400
2026-07-17;16:00:00;-03:00;27,860000610351562;27,969999313354492;27,860000610351562;27,90999984741211;98500
2026-07-17;16:05:00;-03:00;27,90999984741211;27,90999984741211;27,84000015258789;27,860000610351562;58500
2026-07-17;16:10:00;-03:00;27,860000610351562;28,0;27,860000610351562;27,989999771118164;63900
2026-07-17;16:15:00;-03:00;27,979999542236328;28,010000228881836;27,979999542236328;28,0;49400
2026-07-17;16:20:00;-03:00;28,0;28,010000228881836;27,93000030517578;27,989999771118164;43300
2026-07-17;16:25:00;-03:00;27,989999771118164;28,030000686645508;27,93000030517578;28,030000686645508;92500
2026-07-17;16:30:00;-03:00;28,030000686645508;28,030000686645508;27,969999313354492;27,979999542236328;38300
2026-07-17;16:35:00;-03:00;28,0;28,0;27,969999313354492;27,989999771118164;23700
2026-07-17;16:40:00;-03:00;27,979999542236328;28,030000686645508;27,979999542236328;28,010000228881836;59400
2026-07-17;16:45:00;-03:00;28,0;28,010000228881836;27,969999313354492;27,969999313354492;39400
2026-07-17;16:50:00;-03:00;27,979999542236328;28,049999237060547;27,950000762939453;28,049999237060547;57400
2026-07-20;10:05:00;-03:00;28,020000457763672;28,149999618530273;28,010000228881836;28,149999618530273;3000
2026-07-20;10:10:00;-03:00;28,1200008392334;28,139999389648438;28,049999237060547;28,06999969482422;5900
2026-07-20;10:15:00;-03:00;28,079999923706055;28,079999923706055;27,959999084472656;27,969999313354492;2000
2026-07-20;10:20:00;-03:00;28,0;28,06999969482422;28,0;28,059999465942383;6600
2026-07-20;10:25:00;-03:00;28,030000686645508;28,040000915527344;27,989999771118164;28,0;6200
2026-07-20;10:30:00;-03:00;28,0;28,0;27,940000534057617;27,950000762939453;3300
2026-07-20;10:35:00;-03:00;27,950000762939453;28,059999465942383;27,940000534057617;27,969999313354492;11400
2026-07-20;10:40:00;-03:00;27,959999084472656;27,979999542236328;27,920000076293945;27,920000076293945;29100
2026-07-20;10:45:00;-03:00;27,920000076293945;28,020000457763672;27,8700008392334;28,010000228881836;84600
2026-07-20;10:50:00;-03:00;28,020000457763672;28,059999465942383;27,979999542236328;27,979999542236328;14900
2026-07-20;10:55:00;-03:00;27,959999084472656;28,079999923706055;27,959999084472656;28,059999465942383;9200
2026-07-20;11:00:00;-03:00;28,059999465942383;28,100000381469727;28,020000457763672;28,040000915527344;6400
2026-07-20;11:05:00;-03:00;28,049999237060547;28,09000015258789;28,030000686645508;28,030000686645508;10500
2026-07-20;11:10:00;-03:00;28,040000915527344;28,059999465942383;28,020000457763672;28,049999237060547;6000
2026-07-20;11:15:00;-03:00;28,040000915527344;28,059999465942383;28,030000686645508;28,049999237060547;4400
2026-07-20;11:20:00;-03:00;28,049999237060547;28,06999969482422;28,020000457763672;28,040000915527344;14100
2026-07-20;11:25:00;-03:00;28,030000686645508;28,1299991607666;28,030000686645508;28,1200008392334;45700
2026-07-20;11:30:00;-03:00;28,1299991607666;28,15999984741211;28,110000610351562;28,1299991607666;8300
2026-07-20;11:35:00;-03:00;28,139999389648438;28,15999984741211;28,1200008392334;28,149999618530273;10100
2026-07-20;11:40:00;-03:00;28,149999618530273;28,149999618530273;28,1200008392334;28,1200008392334;6400
2026-07-20;11:45:00;-03:00;28,1200008392334;28,170000076293945;28,1200008392334;28,170000076293945;5800
2026-07-20;11:50:00;-03:00;28,170000076293945;28,209999084472656;28,170000076293945;28,18000030517578;16300
2026-07-20;11:55:00;-03:00;28,170000076293945;28,18000030517578;28,1299991607666;28,18000030517578;15800
2026-07-20;12:00:00;-03:00;28,18000030517578;28,209999084472656;28,170000076293945;28,170000076293945;6800
2026-07-20;12:05:00;-03:00;28,18000030517578;28,200000762939453;28,170000076293945;28,200000762939453;7100
2026-07-20;12:10:00;-03:00;28,200000762939453;28,209999084472656;28,100000381469727;28,1200008392334;49400
2026-07-20;12:15:00;-03:00;28,1200008392334;28,139999389648438;28,110000610351562;28,139999389648438;10500
2026-07-20;12:20:00;-03:00;28,1200008392334;28,139999389648438;28,09000015258789;28,100000381469727;14700
2026-07-20;12:25:00;-03:00;28,100000381469727;28,1200008392334;28,079999923706055;28,1200008392334;11200
2026-07-20;12:30:00;-03:00;28,1200008392334;28,139999389648438;28,110000610351562;28,139999389648438;4800
2026-07-20;12:35:00;-03:00;28,1299991607666;28,15999984741211;28,1299991607666;28,149999618530273;11800
2026-07-20;12:40:00;-03:00;28,139999389648438;28,15999984741211;28,139999389648438;28,149999618530273;3600
2026-07-20;12:45:00;-03:00;28,149999618530273;28,15999984741211;28,1299991607666;28,149999618530273;6300
2026-07-20;12:50:00;-03:00;28,149999618530273;28,15999984741211;28,139999389648438;28,139999389648438;4900
2026-07-20;12:55:00;-03:00;28,149999618530273;28,170000076293945;28,149999618530273;28,15999984741211;4100
2026-07-20;13:00:00;-03:00;28,15999984741211;28,190000534057617;28,15999984741211;28,170000076293945;3800
2026-07-20;13:05:00;-03:00;28,18000030517578;28,209999084472656;28,18000030517578;28,200000762939453;5000
2026-07-20;13:10:00;-03:00;28,200000762939453;28,219999313354492;28,190000534057617;28,219999313354492;4600
2026-07-20;13:15:00;-03:00;28,209999084472656;28,239999771118164;28,190000534057617;28,219999313354492;30000
2026-07-20;13:20:00;-03:00;28,209999084472656;28,209999084472656;28,190000534057617;28,209999084472656;5700
2026-07-20;13:25:00;-03:00;28,200000762939453;28,200000762939453;28,139999389648438;28,149999618530273;13000
2026-07-20;13:30:00;-03:00;28,149999618530273;28,15999984741211;28,100000381469727;28,100000381469727;4000
2026-07-20;13:35:00;-03:00;28,110000610351562;28,15999984741211;28,110000610351562;28,15999984741211;8000
2026-07-20;13:40:00;-03:00;28,15999984741211;28,15999984741211;28,110000610351562;28,139999389648438;13600
2026-07-20;13:45:00;-03:00;28,139999389648438;28,15999984741211;28,139999389648438;28,15999984741211;5300
2026-07-20;13:50:00;-03:00;28,15999984741211;28,170000076293945;28,139999389648438;28,149999618530273;24600
2026-07-20;13:55:00;-03:00;28,139999389648438;28,170000076293945;28,139999389648438;28,170000076293945;11500
2026-07-20;14:00:00;-03:00;28,15999984741211;28,15999984741211;28,1299991607666;28,149999618530273;12000
2026-07-20;14:05:00;-03:00;28,149999618530273;28,170000076293945;28,149999618530273;28,170000076293945;11400
2026-07-20;14:10:00;-03:00;28,18000030517578;28,200000762939453;28,15999984741211;28,190000534057617;17400
2026-07-20;14:15:00;-03:00;28,190000534057617;28,200000762939453;28,170000076293945;28,200000762939453;18300
2026-07-20;14:20:00;-03:00;28,190000534057617;28,209999084472656;28,15999984741211;28,18000030517578;38700
2026-07-20;14:25:00;-03:00;28,170000076293945;28,190000534057617;28,149999618530273;28,190000534057617;22900
2026-07-20;14:30:00;-03:00;28,190000534057617;28,200000762939453;28,170000076293945;28,200000762939453;21700
2026-07-20;14:35:00;-03:00;28,200000762939453;28,200000762939453;28,15999984741211;28,200000762939453;17400
2026-07-20;14:40:00;-03:00;28,200000762939453;28,209999084472656;28,18000030517578;28,190000534057617;23800
2026-07-20;14:45:00;-03:00;28,200000762939453;28,200000762939453;28,149999618530273;28,18000030517578;20600
2026-07-20;14:50:00;-03:00;28,18000030517578;28,200000762939453;28,170000076293945;28,200000762939453;16000
2026-07-20;14:55:00;-03:00;28,200000762939453;28,200000762939453;28,190000534057617;28,200000762939453;11800
2026-07-20;15:00:00;-03:00;28,200000762939453;28,229999542236328;28,200000762939453;28,219999313354492;11500
2026-07-20;15:05:00;-03:00;28,229999542236328;28,260000228881836;28,229999542236328;28,260000228881836;12600
2026-07-20;15:10:00;-03:00;28,239999771118164;28,260000228881836;28,219999313354492;28,229999542236328;35100
2026-07-20;15:15:00;-03:00;28,229999542236328;28,25;28,219999313354492;28,239999771118164;18300
2026-07-20;15:20:00;-03:00;28,229999542236328;28,25;28,209999084472656;28,25;23700
2026-07-20;15:25:00;-03:00;28,239999771118164;28,260000228881836;28,219999313354492;28,260000228881836;17100
2026-07-20;15:30:00;-03:00;28,25;28,260000228881836;28,239999771118164;28,25;9600
2026-07-20;15:35:00;-03:00;28,25;28,260000228881836;28,219999313354492;28,229999542236328;11600
2026-07-20;15:40:00;-03:00;28,219999313354492;28,229999542236328;28,15999984741211;28,170000076293945;19900
2026-07-20;15:45:00;-03:00;28,15999984741211;28,209999084472656;28,149999618530273;28,200000762939453;19500
2026-07-20;15:50:00;-03:00;28,200000762939453;28,239999771118164;28,170000076293945;28,219999313354492;32500
2026-07-20;15:55:00;-03:00;28,219999313354492;28,229999542236328;28,170000076293945;28,200000762939453;14600
2026-07-20;16:00:00;-03:00;28,209999084472656;28,209999084472656;28,18000030517578;28,190000534057617;12600
2026-07-20;16:05:00;-03:00;28,200000762939453;28,200000762939453;28,18000030517578;28,200000762939453;6900
2026-07-20;16:10:00;-03:00;28,190000534057617;28,239999771118164;28,18000030517578;28,219999313354492;20600
2026-07-20;16:15:00;-03:00;28,209999084472656;28,229999542236328;28,200000762939453;28,229999542236328;15000
2026-07-20;16:20:00;-03:00;28,229999542236328;28,239999771118164;28,209999084472656;28,239999771118164;18300
2026-07-20;16:25:00;-03:00;28,219999313354492;28,239999771118164;28,15999984741211;28,200000762939453;33700
2026-07-20;16:30:00;-03:00;28,209999084472656;28,209999084472656;28,170000076293945;28,200000762939453;32000
2026-07-20;16:35:00;-03:00;28,200000762939453;28,239999771118164;28,190000534057617;28,239999771118164;30200
2026-07-20;16:40:00;-03:00;28,239999771118164;28,239999771118164;28,209999084472656;28,209999084472656;19300
2026-07-20;16:45:00;-03:00;28,209999084472656;28,219999313354492;28,18000030517578;28,18000030517578;27000
2026-07-20;16:50:00;-03:00;28,18000030517578;28,229999542236328;28,170000076293945;28,200000762939453;21700
2026-07-21;10:05:00;-03:00;28,06999969482422;28,15999984741211;28,030000686645508;28,100000381469727;3800
2026-07-21;10:10:00;-03:00;28,110000610351562;28,15999984741211;28,079999923706055;28,139999389648438;4800
2026-07-21;10:15:00;-03:00;28,15999984741211;28,270000457763672;28,139999389648438;28,200000762939453;20800
2026-07-21;10:20:00;-03:00;28,190000534057617;28,209999084472656;28,100000381469727;28,139999389648438;16700
2026-07-21;10:25:00;-03:00;28,139999389648438;28,200000762939453;28,139999389648438;28,149999618530273;17400
2026-07-21;10:30:00;-03:00;28,149999618530273;28,229999542236328;28,149999618530273;28,219999313354492;7200
2026-07-21;10:35:00;-03:00;28,209999084472656;28,209999084472656;28,100000381469727;28,100000381469727;19400
2026-07-21;10:40:00;-03:00;28,079999923706055;28,079999923706055;27,93000030517578;28,030000686645508;226500
2026-07-21;10:45:00;-03:00;28,030000686645508;28,06999969482422;28,010000228881836;28,049999237060547;24400
2026-07-21;10:50:00;-03:00;28,049999237060547;28,059999465942383;27,889999389648438;27,950000762939453;31100
2026-07-21;10:55:00;-03:00;27,93000030517578;27,959999084472656;27,899999618530273;27,90999984741211;17900
2026-07-21;11:00:00;-03:00;27,920000076293945;28,0;27,8799991607666;27,989999771118164;86800
2026-07-21;11:05:00;-03:00;27,989999771118164;27,989999771118164;27,950000762939453;27,950000762939453;16400
2026-07-21;11:10:00;-03:00;27,959999084472656;27,989999771118164;27,920000076293945;27,969999313354492;17900
2026-07-21;11:15:00;-03:00;27,979999542236328;27,989999771118164;27,969999313354492;27,979999542236328;14600
2026-07-21;11:20:00;-03:00;27,979999542236328;27,989999771118164;27,940000534057617;27,940000534057617;18800
2026-07-21;11:25:00;-03:00;27,959999084472656;28,010000228881836;27,959999084472656;27,969999313354492;24200
2026-07-21;11:30:00;-03:00;27,979999542236328;28,020000457763672;27,979999542236328;28,0;9800
2026-07-21;11:35:00;-03:00;28,0;28,0;27,959999084472656;27,979999542236328;23500
2026-07-21;11:40:00;-03:00;27,969999313354492;28,020000457763672;27,950000762939453;27,979999542236328;73000
2026-07-21;11:45:00;-03:00;27,959999084472656;28,010000228881836;27,950000762939453;28,0;80400
2026-07-21;11:50:00;-03:00;27,989999771118164;27,989999771118164;27,90999984741211;27,940000534057617;18800
2026-07-21;11:55:00;-03:00;27,950000762939453;27,959999084472656;27,90999984741211;27,920000076293945;10600
2026-07-21;12:00:00;-03:00;27,93000030517578;28,079999923706055;27,90999984741211;28,059999465942383;101600
2026-07-21;12:05:00;-03:00;28,06999969482422;28,09000015258789;28,049999237060547;28,09000015258789;5100
2026-07-21;12:10:00;-03:00;28,09000015258789;28,149999618530273;28,06999969482422;28,139999389648438;32400
2026-07-21;12:15:00;-03:00;28,139999389648438;28,170000076293945;28,139999389648438;28,170000076293945;7300
2026-07-21;12:20:00;-03:00;28,149999618530273;28,15999984741211;28,1200008392334;28,1299991607666;15900
2026-07-21;12:25:00;-03:00;28,149999618530273;28,18000030517578;28,149999618530273;28,149999618530273;9500
2026-07-21;12:30:00;-03:00;28,139999389648438;28,15999984741211;28,079999923706055;28,110000610351562;26500
2026-07-21;12:35:00;-03:00;28,100000381469727;28,110000610351562;28,059999465942383;28,079999923706055;19900
2026-07-21;12:40:00;-03:00;28,079999923706055;28,09000015258789;28,040000915527344;28,040000915527344;14200
2026-07-21;12:45:00;-03:00;28,049999237060547;28,06999969482422;28,040000915527344;28,049999237060547;9400
2026-07-21;12:50:00;-03:00;28,040000915527344;28,059999465942383;28,020000457763672;28,049999237060547;9900
2026-07-21;12:55:00;-03:00;28,06999969482422;28,100000381469727;28,030000686645508;28,040000915527344;16200
2026-07-21;13:00:00;-03:00;28,040000915527344;28,100000381469727;28,030000686645508;28,100000381469727;10200
2026-07-21;13:05:00;-03:00;28,09000015258789;28,09000015258789;28,059999465942383;28,059999465942383;15900
2026-07-21;13:10:00;-03:00;28,059999465942383;28,06999969482422;28,059999465942383;28,06999969482422;5400
2026-07-21;13:15:00;-03:00;28,06999969482422;28,100000381469727;28,06999969482422;28,09000015258789;20000
2026-07-21;13:20:00;-03:00;28,079999923706055;28,110000610351562;28,079999923706055;28,110000610351562;16300
2026-07-21;13:25:00;-03:00;28,1200008392334;28,190000534057617;28,100000381469727;28,1200008392334;31800
2026-07-21;13:30:00;-03:00;28,1299991607666;28,1299991607666;28,079999923706055;28,100000381469727;14300
2026-07-21;13:35:00;-03:00;28,110000610351562;28,1299991607666;28,100000381469727;28,110000610351562;12100
2026-07-21;13:40:00;-03:00;28,110000610351562;28,1299991607666;28,110000610351562;28,110000610351562;6900
2026-07-21;13:45:00;-03:00;28,110000610351562;28,139999389648438;28,110000610351562;28,139999389648438;5500
2026-07-21;13:50:00;-03:00;28,1299991607666;28,139999389648438;28,09000015258789;28,100000381469727;26000
2026-07-21;13:55:00;-03:00;28,100000381469727;28,100000381469727;28,09000015258789;28,09000015258789;10600
2026-07-21;14:00:00;-03:00;28,079999923706055;28,100000381469727;28,06999969482422;28,079999923706055;18900
2026-07-21;14:05:00;-03:00;28,079999923706055;28,09000015258789;28,049999237060547;28,06999969482422;16700
2026-07-21;14:10:00;-03:00;28,059999465942383;28,100000381469727;28,059999465942383;28,079999923706055;16300
2026-07-21;14:15:00;-03:00;28,079999923706055;28,079999923706055;27,969999313354492;28,0;36200
2026-07-21;14:20:00;-03:00;28,020000457763672;28,020000457763672;28,0;28,010000228881836;2900
2026-07-21;14:25:00;-03:00;28,010000228881836;28,170000076293945;28,0;28,170000076293945;52100
2026-07-21;14:30:00;-03:00;28,15999984741211;28,18000030517578;28,139999389648438;28,18000030517578;22400
2026-07-21;14:35:00;-03:00;28,190000534057617;28,229999542236328;28,170000076293945;28,209999084472656;16900
2026-07-21;14:40:00;-03:00;28,229999542236328;28,229999542236328;28,200000762939453;28,200000762939453;14700
2026-07-21;14:45:00;-03:00;28,209999084472656;28,219999313354492;28,170000076293945;28,18000030517578;18300
2026-07-21;14:50:00;-03:00;28,18000030517578;28,209999084472656;28,15999984741211;28,190000534057617;33100
2026-07-21;14:55:00;-03:00;28,18000030517578;28,229999542236328;28,18000030517578;28,229999542236328;23300
2026-07-21;15:00:00;-03:00;28,229999542236328;28,280000686645508;28,209999084472656;28,270000457763672;34200
2026-07-21;15:05:00;-03:00;28,260000228881836;28,290000915527344;28,219999313354492;28,270000457763672;44900
2026-07-21;15:10:00;-03:00;28,270000457763672;28,290000915527344;28,25;28,270000457763672;50500
2026-07-21;15:15:00;-03:00;28,270000457763672;28,290000915527344;28,25;28,25;78300
2026-07-21;15:20:00;-03:00;28,260000228881836;28,270000457763672;28,229999542236328;28,260000228881836;46100
2026-07-21;15:25:00;-03:00;28,260000228881836;28,270000457763672;28,25;28,270000457763672;40900
2026-07-21;15:30:00;-03:00;28,260000228881836;28,270000457763672;28,239999771118164;28,239999771118164;46800
2026-07-21;15:35:00;-03:00;28,25;28,25;28,229999542236328;28,25;43600
2026-07-21;15:40:00;-03:00;28,25;28,25;28,219999313354492;28,219999313354492;56800
2026-07-21;15:45:00;-03:00;28,219999313354492;28,229999542236328;28,209999084472656;28,229999542236328;27500
2026-07-21;15:50:00;-03:00;28,229999542236328;28,260000228881836;28,209999084472656;28,229999542236328;45100
2026-07-21;15:55:00;-03:00;28,219999313354492;28,219999313354492;28,170000076293945;28,219999313354492;32500
2026-07-21;16:00:00;-03:00;28,219999313354492;28,260000228881836;28,200000762939453;28,260000228881836;36800
2026-07-21;16:05:00;-03:00;28,260000228881836;28,290000915527344;28,239999771118164;28,290000915527344;33200
2026-07-21;16:10:00;-03:00;28,290000915527344;28,290000915527344;28,270000457763672;28,270000457763672;28200
2026-07-21;16:15:00;-03:00;28,280000686645508;28,299999237060547;28,270000457763672;28,299999237060547;21500
2026-07-21;16:20:00;-03:00;28,290000915527344;28,309999465942383;28,270000457763672;28,299999237060547;30900
2026-07-21;16:25:00;-03:00;28,299999237060547;28,31999969482422;28,290000915527344;28,309999465942383;36300
2026-07-21;16:30:00;-03:00;28,299999237060547;28,31999969482422;28,290000915527344;28,309999465942383;39500
2026-07-21;16:35:00;-03:00;28,309999465942383;28,350000381469727;28,299999237060547;28,309999465942383;35500
2026-07-21;16:40:00;-03:00;28,31999969482422;28,34000015258789;28,309999465942383;28,34000015258789;35300
2026-07-21;16:45:00;-03:00;28,34000015258789;28,350000381469727;28,31999969482422;28,34000015258789;27400
2026-07-21;16:50:00;-03:00;28,34000015258789;28,3700008392334;28,309999465942383;28,309999465942383;50800
2026-07-22;10:00:00;-03:00;28,579999923706055;28,59000015258789;28,389999389648438;28,43000030517578;0
2026-07-22;10:05:00;-03:00;28,40999984741211;28,479999542236328;28,389999389648438;28,389999389648438;5900
2026-07-22;10:10:00;-03:00;28,360000610351562;28,469999313354492;28,31999969482422;28,469999313354492;8100
2026-07-22;10:15:00;-03:00;28,479999542236328;28,479999542236328;28,1299991607666;28,139999389648438;33400
2026-07-22;10:20:00;-03:00;28,100000381469727;28,110000610351562;28,020000457763672;28,079999923706055;25500
2026-07-22;10:25:00;-03:00;28,079999923706055;28,100000381469727;28,020000457763672;28,020000457763672;26400
2026-07-22;10:30:00;-03:00;28,020000457763672;28,1200008392334;28,020000457763672;28,1200008392334;45500
2026-07-22;10:35:00;-03:00;28,1200008392334;28,139999389648438;28,049999237060547;28,1200008392334;34300
2026-07-22;10:40:00;-03:00;28,100000381469727;28,209999084472656;28,09000015258789;28,149999618530273;42900
2026-07-22;10:45:00;-03:00;28,149999618530273;28,200000762939453;28,110000610351562;28,1299991607666;26700
2026-07-22;10:50:00;-03:00;28,139999389648438;28,229999542236328;28,09000015258789;28,15999984741211;56200
2026-07-22;10:55:00;-03:00;28,170000076293945;28,200000762939453;28,149999618530273;28,15999984741211;23500
2026-07-22;11:00:00;-03:00;28,15999984741211;28,170000076293945;28,049999237060547;28,059999465942383;25200
2026-07-22;11:05:00;-03:00;28,040000915527344;28,079999923706055;27,989999771118164;27,989999771118164;61200
2026-07-22;11:10:00;-03:00;27,979999542236328;28,0;27,959999084472656;27,969999313354492;11000
2026-07-22;11:15:00;-03:00;27,969999313354492;28,049999237060547;27,959999084472656;28,010000228881836;24600
2026-07-22;11:20:00;-03:00;27,989999771118164;27,989999771118164;27,93000030517578;27,93000030517578;15200
2026-07-22;11:25:00;-03:00;27,93000030517578;27,959999084472656;27,899999618530273;27,93000030517578;21400
2026-07-22;11:30:00;-03:00;27,93000030517578;27,93000030517578;27,799999237060547;27,8700008392334;94000
2026-07-22;11:35:00;-03:00;27,8700008392334;27,8799991607666;27,829999923706055;27,850000381469727;14600
2026-07-22;11:40:00;-03:00;27,850000381469727;27,959999084472656;27,850000381469727;27,950000762939453;22000
2026-07-22;11:45:00;-03:00;27,950000762939453;27,950000762939453;27,8799991607666;27,899999618530273;29200
2026-07-22;11:50:00;-03:00;27,899999618530273;28,06999969482422;27,899999618530273;28,040000915527344;113200
2026-07-22;11:55:00;-03:00;28,040000915527344;28,079999923706055;28,0;28,079999923706055;60900
2026-07-22;12:00:00;-03:00;28,06999969482422;28,100000381469727;28,020000457763672;28,030000686645508;50800
2026-07-22;12:05:00;-03:00;28,040000915527344;28,06999969482422;28,010000228881836;28,059999465942383;42100
2026-07-22;12:10:00;-03:00;28,059999465942383;28,06999969482422;28,010000228881836;28,030000686645508;31900
2026-07-22;12:15:00;-03:00;28,040000915527344;28,049999237060547;28,0;28,040000915527344;51800
2026-07-22;12:20:00;-03:00;28,020000457763672;28,139999389648438;28,020000457763672;28,139999389648438;52200
2026-07-22;12:25:00;-03:00;28,139999389648438;28,149999618530273;28,100000381469727;28,1200008392334;56000
2026-07-22;12:30:00;-03:00;28,110000610351562;28,149999618530273;28,100000381469727;28,139999389648438;33800
2026-07-22;12:35:00;-03:00;28,139999389648438;28,15999984741211;28,1299991607666;28,15999984741211;35300
2026-07-22;12:40:00;-03:00;28,149999618530273;28,260000228881836;28,1299991607666;28,219999313354492;87400
2026-07-22;12:45:00;-03:00;28,219999313354492;28,219999313354492;28,190000534057617;28,219999313354492;49100
2026-07-22;12:50:00;-03:00;28,219999313354492;28,280000686645508;28,219999313354492;28,280000686645508;37500
2026-07-22;12:55:00;-03:00;28,270000457763672;28,299999237060547;28,260000228881836;28,299999237060547;42400
2026-07-22;13:00:00;-03:00;28,290000915527344;28,299999237060547;28,260000228881836;28,299999237060547;27900
2026-07-22;13:05:00;-03:00;28,290000915527344;28,350000381469727;28,280000686645508;28,280000686645508;78600
2026-07-22;13:10:00;-03:00;28,280000686645508;28,309999465942383;28,270000457763672;28,299999237060547;16200
2026-07-22;13:15:00;-03:00;28,299999237060547;28,299999237060547;28,290000915527344;28,299999237060547;44300
2026-07-22;13:20:00;-03:00;28,299999237060547;28,299999237060547;28,260000228881836;28,260000228881836;29300
2026-07-22;13:25:00;-03:00;28,270000457763672;28,290000915527344;28,270000457763672;28,290000915527344;23200
2026-07-22;13:30:00;-03:00;28,290000915527344;28,34000015258789;28,290000915527344;28,329999923706055;134100
2026-07-22;13:35:00;-03:00;28,329999923706055;28,350000381469727;28,309999465942383;28,329999923706055;27200
2026-07-22;13:40:00;-03:00;28,31999969482422;28,34000015258789;28,31999969482422;28,329999923706055;77500
2026-07-22;13:45:00;-03:00;28,329999923706055;28,329999923706055;28,31999969482422;28,329999923706055;71700
2026-07-22;13:50:00;-03:00;28,329999923706055;28,420000076293945;28,280000686645508;28,3799991607666;111100
2026-07-22;13:55:00;-03:00;28,3799991607666;28,399999618530273;28,3700008392334;28,3799991607666;14700
2026-07-22;14:00:00;-03:00;28,3700008392334;28,489999771118164;28,3700008392334;28,469999313354492;37000
2026-07-22;14:05:00;-03:00;28,479999542236328;28,479999542236328;28,450000762939453;28,459999084472656;31900
2026-07-22;14:10:00;-03:00;28,469999313354492;28,520000457763672;28,450000762939453;28,5;31500
2026-07-22;14:15:00;-03:00;28,5;28,600000381469727;28,5;28,59000015258789;47400
2026-07-22;14:20:00;-03:00;28,579999923706055;28,6200008392334;28,579999923706055;28,600000381469727;35100
2026-07-22;14:25:00;-03:00;28,600000381469727;28,6299991607666;28,600000381469727;28,6299991607666;23700
2026-07-22;14:30:00;-03:00;28,6299991607666;28,690000534057617;28,6200008392334;28,670000076293945;27600
2026-07-22;14:35:00;-03:00;28,670000076293945;28,68000030517578;28,6200008392334;28,670000076293945;37200
2026-07-22;14:40:00;-03:00;28,670000076293945;28,690000534057617;28,6299991607666;28,68000030517578;34200
2026-07-22;14:45:00;-03:00;28,68000030517578;28,739999771118164;28,670000076293945;28,709999084472656;22300
2026-07-22;14:50:00;-03:00;28,719999313354492;28,739999771118164;28,700000762939453;28,709999084472656;26000
2026-07-22;14:55:00;-03:00;28,709999084472656;28,81999969482422;28,700000762939453;28,799999237060547;38200
2026-07-22;15:00:00;-03:00;28,790000915527344;28,84000015258789;28,690000534057617;28,690000534057617;78200
2026-07-22;15:05:00;-03:00;28,690000534057617;28,709999084472656;28,559999465942383;28,579999923706055;136000
2026-07-22;15:10:00;-03:00;28,56999969482422;28,600000381469727;28,549999237060547;28,56999969482422;82300
2026-07-22;15:15:00;-03:00;28,579999923706055;28,579999923706055;28,530000686645508;28,530000686645508;61500
2026-07-22;15:20:00;-03:00;28,540000915527344;28,579999923706055;28,530000686645508;28,559999465942383;74900
2026-07-22;15:25:00;-03:00;28,56999969482422;28,579999923706055;28,5;28,510000228881836;65300
2026-07-22;15:30:00;-03:00;28,510000228881836;28,510000228881836;28,469999313354492;28,469999313354492;49900
2026-07-22;15:35:00;-03:00;28,479999542236328;28,489999771118164;28,450000762939453;28,479999542236328;36000
2026-07-22;15:40:00;-03:00;28,469999313354492;28,479999542236328;28,450000762939453;28,459999084472656;25300
2026-07-22;15:45:00;-03:00;28,459999084472656;28,479999542236328;28,450000762939453;28,469999313354492;37800
2026-07-22;15:50:00;-03:00;28,459999084472656;28,479999542236328;28,459999084472656;28,459999084472656;41900
2026-07-22;15:55:00;-03:00;28,469999313354492;28,549999237060547;28,469999313354492;28,510000228881836;99500
2026-07-22;16:00:00;-03:00;28,510000228881836;28,530000686645508;28,479999542236328;28,5;78300
2026-07-22;16:05:00;-03:00;28,489999771118164;28,5;28,469999313354492;28,479999542236328;20000
2026-07-22;16:10:00;-03:00;28,469999313354492;28,5;28,469999313354492;28,479999542236328;36600
2026-07-22;16:15:00;-03:00;28,489999771118164;28,5;28,479999542236328;28,489999771118164;57600
2026-07-22;16:20:00;-03:00;28,489999771118164;28,520000457763672;28,479999542236328;28,510000228881836;56400
2026-07-22;16:25:00;-03:00;28,510000228881836;28,559999465942383;28,510000228881836;28,530000686645508;126700
2026-07-22;16:30:00;-03:00;28,530000686645508;28,540000915527344;28,5;28,520000457763672;42400
2026-07-22;16:35:00;-03:00;28,520000457763672;28,520000457763672;28,450000762939453;28,469999313354492;69600
2026-07-22;16:40:00;-03:00;28,479999542236328;28,479999542236328;28,440000534057617;28,459999084472656;72800
2026-07-22;16:45:00;-03:00;28,450000762939453;28,479999542236328;28,420000076293945;28,450000762939453;116200
2026-07-22;16:50:00;-03:00;28,450000762939453;28,479999542236328;28,40999984741211;28,469999313354492;85200
2026-07-23;10:05:00;-03:00;28,15999984741211;28,31999969482422;28,020000457763672;28,049999237060547;11500
2026-07-23;10:10:00;-03:00;28,040000915527344;28,18000030517578;27,940000534057617;28,049999237060547;28900
2026-07-23;10:15:00;-03:00;28,059999465942383;28,059999465942383;27,93000030517578;27,959999084472656;50200
2026-07-23;10:20:00;-03:00;27,950000762939453;28,020000457763672;27,940000534057617;28,020000457763672;16600
2026-07-23;10:25:00;-03:00;28,020000457763672;28,110000610351562;27,989999771118164;28,030000686645508;33200
2026-07-23;10:30:00;-03:00;28,020000457763672;28,25;28,010000228881836;28,09000015258789;131800
2026-07-23;10:35:00;-03:00;28,09000015258789;28,09000015258789;27,950000762939453;27,979999542236328;37700
2026-07-23;10:40:00;-03:00;27,989999771118164;28,079999923706055;27,950000762939453;28,040000915527344;15400
2026-07-23;10:45:00;-03:00;28,06999969482422;28,100000381469727;28,059999465942383;28,079999923706055;11200
2026-07-23;10:50:00;-03:00;28,09000015258789;28,15999984741211;28,079999923706055;28,1299991607666;16000
2026-07-23;10:55:00;-03:00;28,110000610351562;28,139999389648438;28,040000915527344;28,049999237060547;43900
2026-07-23;11:00:00;-03:00;28,049999237060547;28,059999465942383;28,010000228881836;28,040000915527344;18300
2026-07-23;11:05:00;-03:00;28,049999237060547;28,059999465942383;28,020000457763672;28,030000686645508;15100
2026-07-23;11:10:00;-03:00;28,040000915527344;28,09000015258789;28,0;28,020000457763672;78200
2026-07-23;11:15:00;-03:00;28,030000686645508;28,09000015258789;28,020000457763672;28,059999465942383;27300
2026-07-23;11:20:00;-03:00;28,079999923706055;28,149999618530273;28,079999923706055;28,139999389648438;17400
2026-07-23;11:25:00;-03:00;28,1299991607666;28,15999984741211;28,1299991607666;28,15999984741211;6800
2026-07-23;11:30:00;-03:00;28,170000076293945;28,18000030517578;28,139999389648438;28,170000076293945;6800
2026-07-23;11:35:00;-03:00;28,170000076293945;28,25;28,170000076293945;28,239999771118164;18800
2026-07-23;11:40:00;-03:00;28,25;28,260000228881836;28,200000762939453;28,219999313354492;11000
2026-07-23;11:45:00;-03:00;28,219999313354492;28,260000228881836;28,209999084472656;28,25;20900
2026-07-23;11:50:00;-03:00;28,25;28,280000686645508;28,209999084472656;28,260000228881836;16700
2026-07-23;11:55:00;-03:00;28,260000228881836;28,479999542236328;28,260000228881836;28,40999984741211;76600
2026-07-23;12:00:00;-03:00;28,40999984741211;28,469999313354492;28,3799991607666;28,40999984741211;27300
2026-07-23;12:05:00;-03:00;28,389999389648438;28,459999084472656;28,389999389648438;28,459999084472656;24900
2026-07-23;12:10:00;-03:00;28,459999084472656;28,459999084472656;28,420000076293945;28,459999084472656;20300
2026-07-23;12:15:00;-03:00;28,459999084472656;28,5;28,459999084472656;28,469999313354492;18500
2026-07-23;12:20:00;-03:00;28,459999084472656;28,5;28,450000762939453;28,489999771118164;23400
2026-07-23;12:25:00;-03:00;28,489999771118164;28,5;28,43000030517578;28,43000030517578;26100
2026-07-23;12:30:00;-03:00;28,440000534057617;28,440000534057617;28,31999969482422;28,3700008392334;53100
2026-07-23;12:35:00;-03:00;28,360000610351562;28,3799991607666;28,309999465942383;28,34000015258789;41200
2026-07-23;12:40:00;-03:00;28,350000381469727;28,3700008392334;28,329999923706055;28,34000015258789;51200
2026-07-23;12:45:00;-03:00;28,34000015258789;28,360000610351562;28,280000686645508;28,31999969482422;55700
2026-07-23;12:50:00;-03:00;28,309999465942383;28,350000381469727;28,309999465942383;28,34000015258789;20400
2026-07-23;12:55:00;-03:00;28,34000015258789;28,34000015258789;28,290000915527344;28,31999969482422;23900
2026-07-23;13:00:00;-03:00;28,329999923706055;28,3799991607666;28,309999465942383;28,350000381469727;23900
2026-07-23;13:05:00;-03:00;28,3700008392334;28,3700008392334;28,309999465942383;28,329999923706055;17800
2026-07-23;13:10:00;-03:00;28,34000015258789;28,350000381469727;28,309999465942383;28,34000015258789;23400
2026-07-23;13:15:00;-03:00;28,329999923706055;28,34000015258789;28,309999465942383;28,309999465942383;25200
2026-07-23;13:20:00;-03:00;28,309999465942383;28,329999923706055;28,290000915527344;28,309999465942383;28400
2026-07-23;13:25:00;-03:00;28,299999237060547;28,329999923706055;28,299999237060547;28,309999465942383;14500
2026-07-23;13:30:00;-03:00;28,31999969482422;28,31999969482422;28,270000457763672;28,270000457763672;28600
2026-07-23;13:35:00;-03:00;28,299999237060547;28,329999923706055;28,299999237060547;28,31999969482422;25200
2026-07-23;13:40:00;-03:00;28,31999969482422;28,329999923706055;28,299999237060547;28,31999969482422;12900
2026-07-23;13:45:00;-03:00;28,329999923706055;28,350000381469727;28,31999969482422;28,34000015258789;26800
2026-07-23;13:50:00;-03:00;28,34000015258789;28,360000610351562;28,290000915527344;28,34000015258789;34800
2026-07-23;13:55:00;-03:00;28,350000381469727;28,350000381469727;28,309999465942383;28,329999923706055;27300
2026-07-23;14:00:00;-03:00;28,329999923706055;28,43000030517578;28,329999923706055;28,420000076293945;38200
2026-07-23;14:05:00;-03:00;28,420000076293945;28,450000762939453;28,40999984741211;28,450000762939453;37400
2026-07-23;14:10:00;-03:00;28,450000762939453;28,450000762939453;28,3799991607666;28,420000076293945;32200
2026-07-23;14:15:00;-03:00;28,40999984741211;28,43000030517578;28,40999984741211;28,420000076293945;20800
2026-07-23;14:20:00;-03:00;28,40999984741211;28,420000076293945;28,3700008392334;28,420000076293945;20000
2026-07-23;14:25:00;-03:00;28,420000076293945;28,420000076293945;28,260000228881836;28,40999984741211;186700
2026-07-23;14:30:00;-03:00;28,420000076293945;28,530000686645508;28,399999618530273;28,479999542236328;112600
2026-07-23;14:35:00;-03:00;28,459999084472656;28,579999923706055;28,450000762939453;28,520000457763672;89200
2026-07-23;14:40:00;-03:00;28,520000457763672;28,549999237060547;28,479999542236328;28,5;45300
2026-07-23;14:45:00;-03:00;28,5;28,540000915527344;28,450000762939453;28,510000228881836;95800
2026-07-23;14:50:00;-03:00;28,510000228881836;28,540000915527344;28,5;28,520000457763672;60700
2026-07-23;14:55:00;-03:00;28,520000457763672;28,530000686645508;28,479999542236328;28,489999771118164;86900
2026-07-23;15:00:00;-03:00;28,479999542236328;28,610000610351562;28,479999542236328;28,610000610351562;38500
2026-07-23;15:05:00;-03:00;28,610000610351562;28,65999984741211;28,610000610351562;28,639999389648438;62300
2026-07-23;15:10:00;-03:00;28,639999389648438;28,68000030517578;28,56999969482422;28,610000610351562;126900
2026-07-23;15:15:00;-03:00;28,600000381469727;28,649999618530273;28,600000381469727;28,649999618530273;103600
2026-07-23;15:20:00;-03:00;28,639999389648438;28,68000030517578;28,639999389648438;28,670000076293945;44300
2026-07-23;15:25:00;-03:00;28,670000076293945;28,68000030517578;28,649999618530273;28,65999984741211;42000
2026-07-23;15:30:00;-03:00;28,65999984741211;28,700000762939453;28,65999984741211;28,690000534057617;47400
2026-07-23;15:35:00;-03:00;28,690000534057617;28,690000534057617;28,68000030517578;28,690000534057617;30900
2026-07-23;15:40:00;-03:00;28,68000030517578;28,700000762939453;28,670000076293945;28,68000030517578;46200
2026-07-23;15:45:00;-03:00;28,690000534057617;28,729999542236328;28,68000030517578;28,719999313354492;48100
2026-07-23;15:50:00;-03:00;28,709999084472656;28,719999313354492;28,690000534057617;28,709999084472656;47700
2026-07-23;15:55:00;-03:00;28,709999084472656;28,709999084472656;28,68000030517578;28,709999084472656;45900
2026-07-23;16:00:00;-03:00;28,709999084472656;28,729999542236328;28,670000076293945;28,670000076293945;52300
2026-07-23;16:05:00;-03:00;28,670000076293945;28,690000534057617;28,670000076293945;28,690000534057617;19900
2026-07-23;16:10:00;-03:00;28,690000534057617;28,690000534057617;28,68000030517578;28,68000030517578;30000
2026-07-23;16:15:00;-03:00;28,690000534057617;28,719999313354492;28,6299991607666;28,639999389648438;79400
2026-07-23;16:20:00;-03:00;28,639999389648438;28,65999984741211;28,6200008392334;28,639999389648438;45000
2026-07-23;16:25:00;-03:00;28,649999618530273;28,65999984741211;28,600000381469727;28,610000610351562;70500
2026-07-23;16:30:00;-03:00;28,6200008392334;28,670000076293945;28,610000610351562;28,6299991607666;70000
2026-07-23;16:35:00;-03:00;28,639999389648438;28,639999389648438;28,56999969482422;28,579999923706055;86600
2026-07-23;16:40:00;-03:00;28,579999923706055;28,59000015258789;28,56999969482422;28,56999969482422;62800
2026-07-23;16:45:00;-03:00;28,56999969482422;28,600000381469727;28,56999969482422;28,59000015258789;60900
2026-07-23;16:50:00;-03:00;28,59000015258789;28,610000610351562;28,549999237060547;28,579999923706055;66800
2026-07-24;10:05:00;-03:00;27,549999237060547;27,799999237060547;27,360000610351562;27,3799991607666;445800
2026-07-24;10:10:00;-03:00;27,3799991607666;27,389999389648438;27,059999465942383;27,219999313354492;740200
2026-07-24;10:15:00;-03:00;27,229999542236328;27,229999542236328;27,110000610351562;27,139999389648438;378900
2026-07-24;10:20:00;-03:00;27,1299991607666;27,270000457763672;27,110000610351562;27,229999542236328;298700
2026-07-24;10:25:00;-03:00;27,239999771118164;27,260000228881836;27,049999237060547;27,1299991607666;320800
2026-07-24;10:30:00;-03:00;27,139999389648438;27,149999618530273;26,850000381469727;26,920000076293945;415900
2026-07-24;10:35:00;-03:00;26,920000076293945;26,940000534057617;26,829999923706055;26,860000610351562;182800
2026-07-24;10:40:00;-03:00;26,8799991607666;26,969999313354492;26,829999923706055;26,959999084472656;89200
2026-07-24;10:45:00;-03:00;26,950000762939453;27,100000381469727;26,950000762939453;27,030000686645508;114100
2026-07-24;10:50:00;-03:00;27,020000457763672;27,09000015258789;27,020000457763672;27,040000915527344;158400
2026-07-24;10:55:00;-03:00;27,020000457763672;27,06999969482422;26,959999084472656;26,969999313354492;153600
2026-07-24;11:00:00;-03:00;26,959999084472656;27,040000915527344;26,959999084472656;26,989999771118164;51400
2026-07-24;11:05:00;-03:00;26,989999771118164;27,030000686645508;26,959999084472656;26,969999313354492;35100
2026-07-24;11:10:00;-03:00;26,969999313354492;27,0;26,950000762939453;26,959999084472656;42700
2026-07-24;11:15:00;-03:00;26,950000762939453;26,979999542236328;26,93000030517578;26,950000762939453;38500
2026-07-24;11:20:00;-03:00;26,959999084472656;27,06999969482422;26,940000534057617;27,059999465942383;120600
2026-07-24;11:25:00;-03:00;27,059999465942383;27,09000015258789;26,979999542236328;27,010000228881836;103600
2026-07-24;11:30:00;-03:00;27,0;27,010000228881836;26,90999984741211;26,959999084472656;74100
2026-07-24;11:35:00;-03:00;26,959999084472656;27,0;26,940000534057617;26,940000534057617;85400
2026-07-24;11:40:00;-03:00;26,959999084472656;26,989999771118164;26,959999084472656;26,989999771118164;33600
2026-07-24;11:45:00;-03:00;26,989999771118164;27,0;26,959999084472656;26,989999771118164;33400
2026-07-24;11:50:00;-03:00;27,0;27,0;26,940000534057617;26,959999084472656;53100
2026-07-24;11:55:00;-03:00;26,959999084472656;26,969999313354492;26,940000534057617;26,950000762939453;36800
2026-07-24;12:00:00;-03:00;26,959999084472656;26,969999313354492;26,93000030517578;26,950000762939453;97400
2026-07-24;12:05:00;-03:00;26,950000762939453;26,950000762939453;26,920000076293945;26,93000030517578;29400
2026-07-24;12:10:00;-03:00;26,920000076293945;26,950000762939453;26,8700008392334;26,950000762939453;82900
2026-07-24;12:15:00;-03:00;26,950000762939453;26,969999313354492;26,899999618530273;26,90999984741211;27800
2026-07-24;12:20:00;-03:00;26,90999984741211;26,920000076293945;26,8799991607666;26,899999618530273;25400
2026-07-24;12:25:00;-03:00;26,899999618530273;26,920000076293945;26,8799991607666;26,899999618530273;45500
2026-07-24;12:30:00;-03:00;26,889999389648438;26,899999618530273;26,809999465942383;26,809999465942383;188000
2026-07-24;12:35:00;-03:00;26,81999969482422;26,889999389648438;26,81999969482422;26,860000610351562;53600
2026-07-24;12:40:00;-03:00;26,8799991607666;26,889999389648438;26,84000015258789;26,889999389648438;26400
2026-07-24;12:45:00;-03:00;26,889999389648438;26,899999618530273;26,8700008392334;26,8799991607666;24300
2026-07-24;12:50:00;-03:00;26,8700008392334;26,8799991607666;26,81999969482422;26,81999969482422;46000
2026-07-24;12:55:00;-03:00;26,809999465942383;26,829999923706055;26,780000686645508;26,790000915527344;139600
2026-07-24;13:00:00;-03:00;26,799999237060547;26,809999465942383;26,780000686645508;26,790000915527344;35700
2026-07-24;13:05:00;-03:00;26,790000915527344;26,829999923706055;26,780000686645508;26,790000915527344;35500
2026-07-24;13:10:00;-03:00;26,790000915527344;26,809999465942383;26,780000686645508;26,809999465942383;32900
2026-07-24;13:15:00;-03:00;26,809999465942383;26,81999969482422;26,790000915527344;26,809999465942383;34000
2026-07-24;13:20:00;-03:00;26,799999237060547;26,829999923706055;26,790000915527344;26,829999923706055;36600
2026-07-24;13:25:00;-03:00;26,829999923706055;26,84000015258789;26,809999465942383;26,809999465942383;31500
2026-07-24;13:30:00;-03:00;26,799999237060547;26,809999465942383;26,770000457763672;26,790000915527344;37900
2026-07-24;13:35:00;-03:00;26,780000686645508;26,790000915527344;26,729999542236328;26,739999771118164;65600
2026-07-24;13:40:00;-03:00;26,75;26,770000457763672;26,709999084472656;26,770000457763672;54600
2026-07-24;13:45:00;-03:00;26,770000457763672;26,81999969482422;26,729999542236328;26,81999969482422;79200
2026-07-24;13:50:00;-03:00;26,81999969482422;26,850000381469727;26,739999771118164;26,75;152600
2026-07-24;13:55:00;-03:00;26,760000228881836;26,799999237060547;26,75;26,770000457763672;31000
2026-07-24;14:00:00;-03:00;26,770000457763672;26,780000686645508;26,75;26,760000228881836;23000
2026-07-24;14:05:00;-03:00;26,770000457763672;26,770000457763672;26,739999771118164;26,75;29100
2026-07-24;14:10:00;-03:00;26,760000228881836;26,760000228881836;26,739999771118164;26,75;28900
2026-07-24;14:15:00;-03:00;26,760000228881836;26,760000228881836;26,75;26,760000228881836;18400
2026-07-24;14:20:00;-03:00;26,760000228881836;26,760000228881836;26,719999313354492;26,75;60400
2026-07-24;14:25:00;-03:00;26,739999771118164;26,790000915527344;26,719999313354492;26,780000686645508;94500
2026-07-24;14:30:00;-03:00;26,780000686645508;26,780000686645508;26,719999313354492;26,75;42100
2026-07-24;14:35:00;-03:00;26,739999771118164;26,75;26,690000534057617;26,700000762939453;92800
2026-07-24;14:40:00;-03:00;26,700000762939453;26,719999313354492;26,690000534057617;26,709999084472656;21900
2026-07-24;14:45:00;-03:00;26,719999313354492;26,719999313354492;26,700000762939453;26,719999313354492;34100
2026-07-24;14:50:00;-03:00;26,719999313354492;26,719999313354492;26,670000076293945;26,670000076293945;60900
2026-07-24;14:55:00;-03:00;26,68000030517578;26,68000030517578;26,65999984741211;26,68000030517578;33000
2026-07-24;15:00:00;-03:00;26,68000030517578;26,690000534057617;26,59000015258789;26,600000381469727;183700
2026-07-24;15:05:00;-03:00;26,600000381469727;26,649999618530273;26,600000381469727;26,610000610351562;63000
2026-07-24;15:10:00;-03:00;26,6200008392334;26,6299991607666;26,530000686645508;26,540000915527344;188500
2026-07-24;15:15:00;-03:00;26,530000686645508;26,649999618530273;26,469999313354492;26,6299991607666;407000
2026-07-24;15:20:00;-03:00;26,6299991607666;26,719999313354492;26,6200008392334;26,690000534057617;202200
2026-07-24;15:25:00;-03:00;26,690000534057617;26,709999084472656;26,639999389648438;26,670000076293945;98600
2026-07-24;15:30:00;-03:00;26,68000030517578;26,739999771118164;26,65999984741211;26,739999771118164;168200
2026-07-24;15:35:00;-03:00;26,729999542236328;26,75;26,700000762939453;26,739999771118164;72000
2026-07-24;15:40:00;-03:00;26,719999313354492;26,790000915527344;26,719999313354492;26,760000228881836;69000
2026-07-24;15:45:00;-03:00;26,760000228881836;26,799999237060547;26,75;26,790000915527344;68500
2026-07-24;15:50:00;-03:00;26,799999237060547;26,829999923706055;26,790000915527344;26,81999969482422;202300
2026-07-24;15:55:00;-03:00;26,829999923706055;26,850000381469727;26,809999465942383;26,84000015258789;277400
2026-07-24;16:00:00;-03:00;26,84000015258789;26,84000015258789;26,75;26,780000686645508;195400
2026-07-24;16:05:00;-03:00;26,760000228881836;26,780000686645508;26,75;26,760000228881836;114700
2026-07-24;16:10:00;-03:00;26,760000228881836;26,770000457763672;26,719999313354492;26,729999542236328;106100
2026-07-24;16:15:00;-03:00;26,739999771118164;26,760000228881836;26,700000762939453;26,75;146200
2026-07-24;16:20:00;-03:00;26,75;26,760000228881836;26,639999389648438;26,649999618530273;98300
2026-07-24;16:25:00;-03:00;26,639999389648438;26,639999389648438;26,56999969482422;26,579999923706055;161700
2026-07-24;16:30:00;-03:00;26,579999923706055;26,600000381469727;26,559999465942383;26,600000381469727;382600
2026-07-24;16:35:00;-03:00;26,59000015258789;26,6200008392334;26,59000015258789;26,59000015258789;83800
2026-07-24;16:40:00;-03:00;26,610000610351562;26,649999618530273;26,59000015258789;26,649999618530273;233400
2026-07-24;16:45:00;-03:00;26,65999984741211;26,65999984741211;26,56999969482422;26,579999923706055;106500
2026-07-24;16:50:00;-03:00;26,56999969482422;26,59000015258789;26,510000228881836;26,59000015258789;216000
2026-07-27;10:00:00;-03:00;26,440000534057617;26,440000534057617;26,170000076293945;26,239999771118164;0
2026-07-27;10:05:00;-03:00;26,260000228881836;26,260000228881836;26,079999923706055;26,209999084472656;322800
2026-07-27;10:10:00;-03:00;26,219999313354492;26,299999237060547;26,1200008392334;26,170000076293945;53400
2026-07-27;10:15:00;-03:00;26,170000076293945;26,270000457763672;26,100000381469727;26,239999771118164;244500
2026-07-27;10:20:00;-03:00;26,260000228881836;26,3799991607666;26,25;26,34000015258789;133900
2026-07-27;10:25:00;-03:00;26,34000015258789;26,459999084472656;26,31999969482422;26,440000534057617;80500
2026-07-27;10:30:00;-03:00;26,440000534057617;26,459999084472656;26,3700008392334;26,459999084472656;84100
2026-07-27;10:35:00;-03:00;26,450000762939453;26,450000762939453;26,350000381469727;26,350000381469727;58200
2026-07-27;10:40:00;-03:00;26,350000381469727;26,43000030517578;26,31999969482422;26,43000030517578;59800
2026-07-27;10:45:00;-03:00;26,43000030517578;26,440000534057617;26,3700008392334;26,420000076293945;86800
2026-07-27;10:50:00;-03:00;26,40999984741211;26,469999313354492;26,3700008392334;26,420000076293945;98600
2026-07-27;10:55:00;-03:00;26,420000076293945;26,489999771118164;26,40999984741211;26,469999313354492;33100
2026-07-27;11:00:00;-03:00;26,489999771118164;26,520000457763672;26,43000030517578;26,459999084472656;121700
2026-07-27;11:05:00;-03:00;26,459999084472656;26,540000915527344;26,459999084472656;26,520000457763672;119500
2026-07-27;11:10:00;-03:00;26,520000457763672;26,540000915527344;26,469999313354492;26,530000686645508;26100
2026-07-27;11:15:00;-03:00;26,530000686645508;26,56999969482422;26,530000686645508;26,559999465942383;37500
2026-07-27;11:20:00;-03:00;26,559999465942383;26,68000030517578;26,540000915527344;26,639999389648438;62300
2026-07-27;11:25:00;-03:00;26,6299991607666;26,649999618530273;26,56999969482422;26,600000381469727;33200
2026-07-27;11:30:00;-03:00;26,59000015258789;26,600000381469727;26,559999465942383;26,56999969482422;50900
2026-07-27;11:35:00;-03:00;26,559999465942383;26,610000610351562;26,549999237060547;26,610000610351562;30600
2026-07-27;11:40:00;-03:00;26,610000610351562;26,6299991607666;26,549999237060547;26,59000015258789;37300
2026-07-27;11:45:00;-03:00;26,610000610351562;26,610000610351562;26,559999465942383;26,559999465942383;18600
2026-07-27;11:50:00;-03:00;26,579999923706055;26,700000762939453;26,549999237060547;26,610000610351562;173300
2026-07-27;11:55:00;-03:00;26,610000610351562;26,639999389648438;26,579999923706055;26,600000381469727;43500
2026-07-27;12:00:00;-03:00;26,610000610351562;26,639999389648438;26,600000381469727;26,610000610351562;30100
2026-07-27;12:05:00;-03:00;26,600000381469727;26,639999389648438;26,579999923706055;26,600000381469727;47300
2026-07-27;12:10:00;-03:00;26,610000610351562;26,610000610351562;26,559999465942383;26,600000381469727;23100
2026-07-27;12:15:00;-03:00;26,600000381469727;26,600000381469727;26,56999969482422;26,59000015258789;24700
2026-07-27;12:20:00;-03:00;26,600000381469727;26,6200008392334;26,549999237060547;26,610000610351562;38800
2026-07-27;12:25:00;-03:00;26,600000381469727;26,649999618530273;26,56999969482422;26,56999969482422;46900
2026-07-27;12:30:00;-03:00;26,579999923706055;26,610000610351562;26,559999465942383;26,559999465942383;21700
2026-07-27;12:35:00;-03:00;26,56999969482422;26,59000015258789;26,549999237060547;26,59000015258789;37000
2026-07-27;12:40:00;-03:00;26,600000381469727;26,6200008392334;26,579999923706055;26,59000015258789;26000
2026-07-27;12:45:00;-03:00;26,600000381469727;26,6299991607666;26,600000381469727;26,6299991607666;20900
2026-07-27;12:50:00;-03:00;26,6299991607666;26,65999984741211;26,6299991607666;26,649999618530273;13900
2026-07-27;12:55:00;-03:00;26,65999984741211;26,65999984741211;26,6299991607666;26,649999618530273;20900
2026-07-27;13:00:00;-03:00;26,649999618530273;26,68000030517578;26,639999389648438;26,639999389648438;20100
2026-07-27;13:05:00;-03:00;26,649999618530273;26,649999618530273;26,6200008392334;26,639999389648438;21900
2026-07-27;13:10:00;-03:00;26,6299991607666;26,670000076293945;26,6200008392334;26,670000076293945;26100
2026-07-27;13:15:00;-03:00;26,670000076293945;26,690000534057617;26,649999618530273;26,690000534057617;27700
2026-07-27;13:20:00;-03:00;26,690000534057617;26,739999771118164;26,68000030517578;26,709999084472656;29000
2026-07-27;13:25:00;-03:00;26,709999084472656;26,739999771118164;26,649999618530273;26,68000030517578;56900
2026-07-27;13:30:00;-03:00;26,690000534057617;26,719999313354492;26,649999618530273;26,65999984741211;50800
2026-07-27;13:35:00;-03:00;26,65999984741211;26,670000076293945;26,6200008392334;26,6200008392334;23600
2026-07-27;13:40:00;-03:00;26,6200008392334;26,639999389648438;26,610000610351562;26,6299991607666;26800
2026-07-27;13:45:00;-03:00;26,6200008392334;26,6299991607666;26,610000610351562;26,610000610351562;16200
2026-07-27;13:50:00;-03:00;26,610000610351562;26,6200008392334;26,579999923706055;26,6200008392334;32500
2026-07-27;13:55:00;-03:00;26,610000610351562;26,6200008392334;26,559999465942383;26,579999923706055;53800
2026-07-27;14:00:00;-03:00;26,579999923706055;26,600000381469727;26,56999969482422;26,59000015258789;34600
2026-07-27;14:05:00;-03:00;26,579999923706055;26,600000381469727;26,549999237060547;26,600000381469727;19600
2026-07-27;14:10:00;-03:00;26,600000381469727;26,600000381469727;26,579999923706055;26,600000381469727;16700
2026-07-27;14:15:00;-03:00;26,59000015258789;26,600000381469727;26,549999237060547;26,56999969482422;31200
2026-07-27;14:20:00;-03:00;26,579999923706055;26,6200008392334;26,56999969482422;26,6200008392334;29200
2026-07-27;14:25:00;-03:00;26,610000610351562;26,649999618530273;26,610000610351562;26,639999389648438;41800
2026-07-27;14:30:00;-03:00;26,649999618530273;26,739999771118164;26,6299991607666;26,729999542236328;125400
2026-07-27;14:35:00;-03:00;26,729999542236328;26,75;26,700000762939453;26,739999771118164;42000
2026-07-27;14:40:00;-03:00;26,729999542236328;26,75;26,709999084472656;26,729999542236328;35300
2026-07-27;14:45:00;-03:00;26,75;26,790000915527344;26,719999313354492;26,790000915527344;84400
2026-07-27;14:50:00;-03:00;26,790000915527344;26,81999969482422;26,780000686645508;26,81999969482422;42300
2026-07-27;14:55:00;-03:00;26,809999465942383;26,8799991607666;26,790000915527344;26,790000915527344;103100
2026-07-27;15:00:00;-03:00;26,770000457763672;26,780000686645508;26,719999313354492;26,729999542236328;35600
2026-07-27;15:05:00;-03:00;26,729999542236328;26,739999771118164;26,709999084472656;26,729999542236328;23500
2026-07-27;15:10:00;-03:00;26,719999313354492;26,719999313354492;26,690000534057617;26,690000534057617;51500
2026-07-27;15:15:00;-03:00;26,690000534057617;26,700000762939453;26,65999984741211;26,68000030517578;28200
2026-07-27;15:20:00;-03:00;26,65999984741211;26,690000534057617;26,65999984741211;26,690000534057617;32200
2026-07-27;15:25:00;-03:00;26,690000534057617;26,700000762939453;26,670000076293945;26,670000076293945;27100
2026-07-27;15:30:00;-03:00;26,670000076293945;26,670000076293945;26,6299991607666;26,639999389648438;26000
2026-07-27;15:35:00;-03:00;26,639999389648438;26,65999984741211;26,610000610351562;26,649999618530273;34000
2026-07-27;15:40:00;-03:00;26,639999389648438;26,68000030517578;26,639999389648438;26,68000030517578;58900
2026-07-27;15:45:00;-03:00;26,68000030517578;26,729999542236328;26,68000030517578;26,729999542236328;25700
2026-07-27;15:50:00;-03:00;26,719999313354492;26,739999771118164;26,709999084472656;26,729999542236328;32100
2026-07-27;15:55:00;-03:00;26,739999771118164;26,760000228881836;26,719999313354492;26,719999313354492;41200
2026-07-27;16:00:00;-03:00;26,729999542236328;26,760000228881836;26,719999313354492;26,719999313354492;37400
2026-07-27;16:05:00;-03:00;26,719999313354492;26,75;26,719999313354492;26,739999771118164;28200
2026-07-27;16:10:00;-03:00;26,75;26,75;26,729999542236328;26,75;31900
2026-07-27;16:15:00;-03:00;26,739999771118164;26,770000457763672;26,739999771118164;26,75;39300
2026-07-27;16:20:00;-03:00;26,739999771118164;26,770000457763672;26,739999771118164;26,75;66300
2026-07-27;16:25:00;-03:00;26,739999771118164;26,75;26,719999313354492;26,739999771118164;44400
2026-07-27;16:30:00;-03:00;26,739999771118164;26,770000457763672;26,719999313354492;26,719999313354492;154700
2026-07-27;16:35:00;-03:00;26,719999313354492;26,719999313354492;26,690000534057617;26,709999084472656;62800
2026-07-27;16:40:00;-03:00;26,709999084472656;26,770000457763672;26,700000762939453;26,729999542236328;100000
2026-07-27;16:45:00;-03:00;26,719999313354492;26,739999771118164;26,690000534057617;26,709999084472656;82700
2026-07-27;16:50:00;-03:00;26,709999084472656;26,719999313354492;26,68000030517578;26,68000030517578;78000
2026-07-28;10:00:00;-03:00;26,920000076293945;27,1299991607666;26,90999984741211;27,09000015258789;36200
2026-07-28;10:05:00;-03:00;27,100000381469727;27,1200008392334;26,969999313354492;26,989999771118164;42100
2026-07-28;10:10:00;-03:00;26,989999771118164;27,0;26,899999618530273;26,959999084472656;45400
2026-07-28;10:15:00;-03:00;26,959999084472656;27,0;26,899999618530273;27,0;228600
2026-07-28;10:20:00;-03:00;27,0;27,049999237060547;26,93000030517578;26,940000534057617;58900
2026-07-28;10:25:00;-03:00;26,950000762939453;26,969999313354492;26,899999618530273;26,959999084472656;30900
2026-07-28;10:30:00;-03:00;26,940000534057617;27,020000457763672;26,899999618530273;26,979999542236328;68400
2026-07-28;10:35:00;-03:00;26,979999542236328;27,030000686645508;26,979999542236328;27,0;65900
2026-07-28;10:40:00;-03:00;27,0;27,030000686645508;26,959999084472656;26,989999771118164;69000
2026-07-28;10:45:00;-03:00;27,0;27,049999237060547;26,979999542236328;27,040000915527344;84300
2026-07-28;10:50:00;-03:00;27,030000686645508;27,079999923706055;27,0;27,06999969482422;46600
2026-07-28;10:55:00;-03:00;27,059999465942383;27,059999465942383;27,020000457763672;27,030000686645508;19000
2026-07-28;11:00:00;-03:00;27,040000915527344;27,079999923706055;27,0;27,040000915527344;44300
2026-07-28;11:05:00;-03:00;27,049999237060547;27,1299991607666;27,049999237060547;27,079999923706055;68400
2026-07-28;11:10:00;-03:00;27,079999923706055;27,1200008392334;27,079999923706055;27,110000610351562;59000
2026-07-28;11:15:00;-03:00;27,100000381469727;27,1200008392334;27,0;27,0;60200
2026-07-28;11:20:00;-03:00;27,0;27,020000457763672;27,0;27,010000228881836;39400
2026-07-28;11:25:00;-03:00;27,020000457763672;27,040000915527344;27,0;27,010000228881836;39700
2026-07-28;11:30:00;-03:00;27,010000228881836;27,030000686645508;27,0;27,010000228881836;28200
2026-07-28;11:35:00;-03:00;27,020000457763672;27,040000915527344;27,0;27,020000457763672;23200
2026-07-28;11:40:00;-03:00;27,020000457763672;27,049999237060547;27,020000457763672;27,020000457763672;30000
2026-07-28;11:45:00;-03:00;27,020000457763672;27,049999237060547;27,020000457763672;27,020000457763672;27700
2026-07-28;11:50:00;-03:00;27,020000457763672;27,040000915527344;27,0;27,0;20800
2026-07-28;11:55:00;-03:00;27,0;27,020000457763672;26,969999313354492;26,969999313354492;75600
2026-07-28;12:00:00;-03:00;26,959999084472656;26,969999313354492;26,920000076293945;26,93000030517578;34200
2026-07-28;12:05:00;-03:00;26,93000030517578;26,969999313354492;26,920000076293945;26,959999084472656;35300
2026-07-28;12:10:00;-03:00;26,979999542236328;27,0;26,950000762939453;26,969999313354492;57700
2026-07-28;12:15:00;-03:00;26,969999313354492;26,979999542236328;26,93000030517578;26,950000762939453;48600
2026-07-28;12:20:00;-03:00;26,959999084472656;26,979999542236328;26,940000534057617;26,950000762939453;46300
2026-07-28;12:25:00;-03:00;26,950000762939453;26,989999771118164;26,950000762939453;26,959999084472656;39900
2026-07-28;12:30:00;-03:00;26,969999313354492;26,989999771118164;26,959999084472656;26,959999084472656;42600
2026-07-28;12:35:00;-03:00;26,959999084472656;27,0;26,940000534057617;27,0;49300
2026-07-28;12:40:00;-03:00;26,989999771118164;27,020000457763672;26,969999313354492;27,020000457763672;63300
2026-07-28;12:45:00;-03:00;27,0;27,020000457763672;27,0;27,010000228881836;26800
2026-07-28;12:50:00;-03:00;27,010000228881836;27,020000457763672;27,0;27,010000228881836;30300
2026-07-28;12:55:00;-03:00;27,010000228881836;27,020000457763672;26,90999984741211;26,93000030517578;71400
2026-07-28;13:00:00;-03:00;26,920000076293945;26,979999542236328;26,920000076293945;26,950000762939453;56000
2026-07-28;13:05:00;-03:00;26,950000762939453;26,979999542236328;26,920000076293945;26,979999542236328;75100
2026-07-28;13:10:00;-03:00;26,959999084472656;26,989999771118164;26,950000762939453;26,969999313354492;34200
2026-07-28;13:15:00;-03:00;26,989999771118164;27,0;26,959999084472656;26,969999313354492;41200
2026-07-28;13:20:00;-03:00;26,969999313354492;26,989999771118164;26,950000762939453;26,969999313354492;37100
2026-07-28;13:25:00;-03:00;26,969999313354492;26,989999771118164;26,959999084472656;26,959999084472656;30500
2026-07-28;13:30:00;-03:00;26,959999084472656;27,020000457763672;26,950000762939453;27,020000457763672;88400
2026-07-28;13:35:00;-03:00;27,0;27,020000457763672;27,0;27,0;24200
2026-07-28;13:40:00;-03:00;27,010000228881836;27,010000228881836;26,979999542236328;26,979999542236328;54900
2026-07-28;13:45:00;-03:00;26,989999771118164;26,989999771118164;26,950000762939453;26,959999084472656;47600
2026-07-28;13:50:00;-03:00;26,969999313354492;27,0;26,959999084472656;26,959999084472656;60600
2026-07-28;13:55:00;-03:00;26,959999084472656;26,979999542236328;26,940000534057617;26,940000534057617;41600
2026-07-28;14:00:00;-03:00;26,950000762939453;26,979999542236328;26,899999618530273;26,950000762939453;178200
2026-07-28;14:05:00;-03:00;26,959999084472656;26,979999542236328;26,940000534057617;26,959999084472656;73500
2026-07-28;14:10:00;-03:00;26,959999084472656;27,0;26,959999084472656;26,979999542236328;36900
2026-07-28;14:15:00;-03:00;26,979999542236328;26,979999542236328;26,950000762939453;26,959999084472656;28900
2026-07-28;14:20:00;-03:00;26,969999313354492;27,0;26,959999084472656;26,959999084472656;45300
2026-07-28;14:25:00;-03:00;26,959999084472656;26,969999313354492;26,950000762939453;26,950000762939453;47500
2026-07-28;14:30:00;-03:00;26,950000762939453;26,969999313354492;26,940000534057617;26,950000762939453;46400
2026-07-28;14:35:00;-03:00;26,950000762939453;26,959999084472656;26,889999389648438;26,889999389648438;36400
2026-07-28;14:40:00;-03:00;26,899999618530273;26,920000076293945;26,8799991607666;26,90999984741211;31500
2026-07-28;14:45:00;-03:00;26,90999984741211;26,90999984741211;26,860000610351562;26,899999618530273;160800
2026-07-28;14:50:00;-03:00;26,889999389648438;26,899999618530273;26,860000610351562;26,8700008392334;42200
2026-07-28;14:55:00;-03:00;26,860000610351562;26,889999389648438;26,860000610351562;26,860000610351562;32200
2026-07-28;15:00:00;-03:00;26,8700008392334;26,8799991607666;26,850000381469727;26,850000381469727;39500
2026-07-28;15:05:00;-03:00;26,850000381469727;26,850000381469727;26,81999969482422;26,829999923706055;25100
2026-07-28;15:10:00;-03:00;26,84000015258789;26,84000015258789;26,75;26,770000457763672;76200
2026-07-28;15:15:00;-03:00;26,780000686645508;26,860000610351562;26,770000457763672;26,850000381469727;54800
2026-07-28;15:20:00;-03:00;26,860000610351562;26,899999618530273;26,850000381469727;26,8700008392334;31900
2026-07-28;15:25:00;-03:00;26,8799991607666;26,899999618530273;26,860000610351562;26,8700008392334;37900
2026-07-28;15:30:00;-03:00;26,8799991607666;26,90999984741211;26,8700008392334;26,8799991607666;61000
2026-07-28;15:35:00;-03:00;26,8799991607666;26,899999618530273;26,860000610351562;26,8700008392334;30900
2026-07-28;15:40:00;-03:00;26,8799991607666;26,8799991607666;26,850000381469727;26,850000381469727;34000
2026-07-28;15:45:00;-03:00;26,850000381469727;26,8799991607666;26,84000015258789;26,860000610351562;40800
2026-07-28;15:50:00;-03:00;26,850000381469727;26,860000610351562;26,81999969482422;26,81999969482422;37700
2026-07-28;15:55:00;-03:00;26,81999969482422;26,850000381469727;26,81999969482422;26,829999923706055;55000
2026-07-28;16:00:00;-03:00;26,84000015258789;26,84000015258789;26,809999465942383;26,81999969482422;43900
2026-07-28;16:05:00;-03:00;26,81999969482422;26,84000015258789;26,809999465942383;26,81999969482422;34100
2026-07-28;16:10:00;-03:00;26,81999969482422;26,8700008392334;26,799999237060547;26,809999465942383;72200
2026-07-28;16:15:00;-03:00;26,809999465942383;26,829999923706055;26,809999465942383;26,81999969482422;34900
2026-07-28;16:20:00;-03:00;26,829999923706055;26,84000015258789;26,809999465942383;26,829999923706055;52700
2026-07-28;16:25:00;-03:00;26,829999923706055;26,84000015258789;26,799999237060547;26,81999969482422;36900
2026-07-28;16:30:00;-03:00;26,81999969482422;26,829999923706055;26,790000915527344;26,809999465942383;51500
2026-07-28;16:35:00;-03:00;26,809999465942383;26,81999969482422;26,68000030517578;26,68000030517578;35300
2026-07-28;16:40:00;-03:00;26,799999237060547;26,799999237060547;26,780000686645508;26,790000915527344;64900
2026-07-28;16:45:00;-03:00;26,790000915527344;26,81999969482422;26,790000915527344;26,799999237060547;57500
2026-07-28;16:50:00;-03:00;26,799999237060547;26,84000015258789;26,790000915527344;26,809999465942383;70000
2026-07-29;10:00:00;-03:00;26,809999465942383;26,93000030517578;26,809999465942383;26,93000030517578;12500
2026-07-29;10:05:00;-03:00;26,920000076293945;26,920000076293945;26,850000381469727;26,8700008392334;2000
2026-07-29;10:10:00;-03:00;26,899999618530273;26,90999984741211;26,829999923706055;26,829999923706055;6400
2026-07-29;10:15:00;-03:00;26,860000610351562;26,90999984741211;26,860000610351562;26,8799991607666;11400
2026-07-29;10:20:00;-03:00;26,860000610351562;26,8700008392334;26,790000915527344;26,790000915527344;10100
2026-07-29;10:25:00;-03:00;26,760000228881836;26,799999237060547;26,760000228881836;26,780000686645508;5000
2026-07-29;10:30:00;-03:00;26,799999237060547;26,84000015258789;26,709999084472656;26,739999771118164;12300
2026-07-29;10:35:00;-03:00;26,729999542236328;26,739999771118164;26,530000686645508;26,56999969482422;116800
2026-07-29;10:40:00;-03:00;26,559999465942383;26,56999969482422;26,5;26,549999237060547;38900
2026-07-29;10:45:00;-03:00;26,549999237060547;26,600000381469727;26,549999237060547;26,56999969482422;11900
2026-07-29;10:50:00;-03:00;26,59000015258789;26,59000015258789;26,530000686645508;26,56999969482422;23400
2026-07-29;10:55:00;-03:00;26,56999969482422;26,579999923706055;26,549999237060547;26,56999969482422;3900
2026-07-29;11:00:00;-03:00;26,59000015258789;26,639999389648438;26,559999465942383;26,56999969482422;95100
2026-07-29;11:05:00;-03:00;26,56999969482422;26,6299991607666;26,56999969482422;26,6200008392334;15200
2026-07-29;11:10:00;-03:00;26,6200008392334;26,6200008392334;26,59000015258789;26,610000610351562;58300
2026-07-29;11:15:00;-03:00;26,610000610351562;26,6200008392334;26,59000015258789;26,600000381469727;10000
2026-07-29;11:20:00;-03:00;26,600000381469727;26,610000610351562;26,579999923706055;26,579999923706055;4000
2026-07-29;11:25:00;-03:00;26,579999923706055;26,600000381469727;26,559999465942383;26,559999465942383;14600
2026-07-29;11:30:00;-03:00;26,559999465942383;26,56999969482422;26,540000915527344;26,540000915527344;10800
2026-07-29;11:35:00;-03:00;26,540000915527344;26,549999237060547;26,520000457763672;26,520000457763672;10400
2026-07-29;11:40:00;-03:00;26,530000686645508;26,530000686645508;26,450000762939453;26,469999313354492;37000
2026-07-29;11:45:00;-03:00;26,469999313354492;26,549999237060547;26,43000030517578;26,540000915527344;30000
2026-07-29;11:50:00;-03:00;26,549999237060547;26,59000015258789;26,540000915527344;26,549999237060547;28500
2026-07-29;11:55:00;-03:00;26,56999969482422;26,579999923706055;26,540000915527344;26,579999923706055;15500
2026-07-29;12:00:00;-03:00;26,600000381469727;26,600000381469727;26,540000915527344;26,56999969482422;22600
2026-07-29;12:05:00;-03:00;26,56999969482422;26,600000381469727;26,559999465942383;26,59000015258789;23900
2026-07-29;12:10:00;-03:00;26,59000015258789;26,610000610351562;26,579999923706055;26,579999923706055;10300
2026-07-29;12:15:00;-03:00;26,579999923706055;26,600000381469727;26,56999969482422;26,56999969482422;14600
2026-07-29;12:20:00;-03:00;26,56999969482422;26,59000015258789;26,520000457763672;26,530000686645508;41700
2026-07-29;12:25:00;-03:00;26,530000686645508;26,540000915527344;26,510000228881836;26,530000686645508;10600
2026-07-29;12:30:00;-03:00;26,520000457763672;26,540000915527344;26,520000457763672;26,520000457763672;12200
2026-07-29;12:35:00;-03:00;26,520000457763672;26,540000915527344;26,520000457763672;26,520000457763672;10500
2026-07-29;12:40:00;-03:00;26,520000457763672;26,530000686645508;26,489999771118164;26,489999771118164;18200
2026-07-29;12:45:00;-03:00;26,489999771118164;26,510000228881836;26,479999542236328;26,489999771118164;9900
2026-07-29;12:50:00;-03:00;26,489999771118164;26,559999465942383;26,489999771118164;26,559999465942383;49700
2026-07-29;12:55:00;-03:00;26,56999969482422;26,65999984741211;26,559999465942383;26,6200008392334;34900
2026-07-29;13:00:00;-03:00;26,6200008392334;26,639999389648438;26,600000381469727;26,6200008392334;28600
2026-07-29;13:05:00;-03:00;26,6200008392334;26,639999389648438;26,600000381469727;26,610000610351562;19100
2026-07-29;13:10:00;-03:00;26,610000610351562;26,6200008392334;26,579999923706055;26,579999923706055;14200
2026-07-29;13:15:00;-03:00;26,579999923706055;26,600000381469727;26,579999923706055;26,579999923706055;10100
2026-07-29;13:20:00;-03:00;26,59000015258789;26,610000610351562;26,56999969482422;26,56999969482422;18000
2026-07-29;13:25:00;-03:00;26,579999923706055;26,59000015258789;26,56999969482422;26,579999923706055;6500
2026-07-29;13:30:00;-03:00;26,59000015258789;26,59000015258789;26,549999237060547;26,549999237060547;16200
2026-07-29;13:35:00;-03:00;26,559999465942383;26,56999969482422;26,540000915527344;26,56999969482422;13500
2026-07-29;13:40:00;-03:00;26,549999237060547;26,610000610351562;26,549999237060547;26,579999923706055;82900
2026-07-29;13:45:00;-03:00;26,579999923706055;26,59000015258789;26,56999969482422;26,579999923706055;17400
2026-07-29;13:50:00;-03:00;26,579999923706055;26,6200008392334;26,579999923706055;26,610000610351562;17000
2026-07-29;13:55:00;-03:00;26,610000610351562;26,6200008392334;26,579999923706055;26,600000381469727;39800
2026-07-29;14:00:00;-03:00;26,600000381469727;26,6299991607666;26,600000381469727;26,6200008392334;38400
2026-07-29;14:05:00;-03:00;26,6200008392334;26,6299991607666;26,600000381469727;26,600000381469727;14100
2026-07-29;14:10:00;-03:00;26,600000381469727;26,610000610351562;26,56999969482422;26,600000381469727;38800
2026-07-29;14:15:00;-03:00;26,600000381469727;26,600000381469727;26,559999465942383;26,559999465942383;14800
2026-07-29;14:20:00;-03:00;26,559999465942383;26,56999969482422;26,479999542236328;26,489999771118164;49600
2026-07-29;14:25:00;-03:00;26,489999771118164;26,5;26,479999542236328;26,479999542236328;18500
2026-07-29;14:30:00;-03:00;26,469999313354492;26,540000915527344;26,450000762939453;26,5;103700
2026-07-29;14:35:00;-03:00;26,5;26,56999969482422;26,5;26,530000686645508;72000
2026-07-29;14:40:00;-03:00;26,530000686645508;26,559999465942383;26,530000686645508;26,530000686645508;25500
2026-07-29;14:45:00;-03:00;26,530000686645508;26,549999237060547;26,530000686645508;26,540000915527344;18500
2026-07-29;14:50:00;-03:00;26,540000915527344;26,56999969482422;26,5;26,510000228881836;52900
2026-07-29;14:55:00;-03:00;26,5;26,510000228881836;26,479999542236328;26,5;20500
2026-07-29;15:00:00;-03:00;26,510000228881836;26,6200008392334;26,5;26,600000381469727;170700
2026-07-29;15:05:00;-03:00;26,600000381469727;26,6200008392334;26,559999465942383;26,56999969482422;24700
2026-07-29;15:10:00;-03:00;26,56999969482422;26,600000381469727;26,559999465942383;26,56999969482422;33200
2026-07-29;15:15:00;-03:00;26,56999969482422;26,56999969482422;26,510000228881836;26,530000686645508;27400
2026-07-29;15:20:00;-03:00;26,530000686645508;26,540000915527344;26,479999542236328;26,489999771118164;24700
2026-07-29;15:25:00;-03:00;26,479999542236328;26,5;26,469999313354492;26,489999771118164;21800
2026-07-29;15:30:00;-03:00;26,489999771118164;26,5;26,450000762939453;26,469999313354492;56900
2026-07-29;15:35:00;-03:00;26,469999313354492;26,479999542236328;26,420000076293945;26,450000762939453;67200
2026-07-29;15:40:00;-03:00;26,450000762939453;26,479999542236328;26,40999984741211;26,440000534057617;89900
2026-07-29;15:45:00;-03:00;26,440000534057617;26,489999771118164;26,43000030517578;26,479999542236328;43000
2026-07-29;15:50:00;-03:00;26,479999542236328;26,5;26,440000534057617;26,469999313354492;46800
2026-07-29;15:55:00;-03:00;26,459999084472656;26,520000457763672;26,440000534057617;26,520000457763672;47800
2026-07-29;16:00:00;-03:00;26,510000228881836;26,600000381469727;26,5;26,5;344900
2026-07-29;16:05:00;-03:00;26,510000228881836;26,510000228881836;26,459999084472656;26,469999313354492;36700
2026-07-29;16:10:00;-03:00;26,469999313354492;26,520000457763672;26,459999084472656;26,489999771118164;48000
2026-07-29;16:15:00;-03:00;26,489999771118164;26,530000686645508;26,479999542236328;26,479999542236328;34800
2026-07-29;16:20:00;-03:00;26,489999771118164;26,489999771118164;26,399999618530273;26,399999618530273;66900
2026-07-29;16:25:00;-03:00;26,420000076293945;26,43000030517578;26,389999389648438;26,389999389648438;43800
2026-07-29;16:30:00;-03:00;26,389999389648438;26,440000534057617;26,360000610351562;26,3799991607666;66600
2026-07-29;16:35:00;-03:00;26,3799991607666;26,420000076293945;26,3700008392334;26,399999618530273;55600
2026-07-29;16:40:00;-03:00;26,389999389648438;26,43000030517578;26,389999389648438;26,40999984741211;36700
2026-07-29;16:45:00;-03:00;26,40999984741211;26,43000030517578;26,399999618530273;26,43000030517578;36400
2026-07-29;16:50:00;-03:00;26,420000076293945;26,440000534057617;26,399999618530273;26,40999984741211;53500
2026-07-30;10:00:00;-03:00;26,459999084472656;26,459999084472656;26,290000915527344;26,290000915527344;0
2026-07-30;10:05:00;-03:00;26,290000915527344;26,389999389648438;26,270000457763672;26,350000381469727;19500
2026-07-30;10:10:00;-03:00;26,329999923706055;26,399999618530273;26,309999465942383;26,399999618530273;16300
2026-07-30;10:15:00;-03:00;26,389999389648438;26,40999984741211;26,329999923706055;26,399999618530273;14900
2026-07-30;10:20:00;-03:00;26,389999389648438;26,450000762939453;26,34000015258789;26,450000762939453;10300
2026-07-30;10:25:00;-03:00;26,40999984741211;26,40999984741211;26,350000381469727;26,3700008392334;3900
2026-07-30;10:30:00;-03:00;26,360000610351562;26,489999771118164;26,360000610351562;26,459999084472656;57900
2026-07-30;10:35:00;-03:00;26,469999313354492;26,540000915527344;26,450000762939453;26,540000915527344;24600
2026-07-30;10:40:00;-03:00;26,530000686645508;26,579999923706055;26,5;26,579999923706055;23200
2026-07-30;10:45:00;-03:00;26,559999465942383;26,579999923706055;26,520000457763672;26,520000457763672;13500
2026-07-30;10:50:00;-03:00;26,530000686645508;26,549999237060547;26,489999771118164;26,510000228881836;11300
2026-07-30;10:55:00;-03:00;26,510000228881836;26,579999923706055;26,5;26,559999465942383;48500
2026-07-30;11:00:00;-03:00;26,549999237060547;26,549999237060547;26,510000228881836;26,510000228881836;12100
2026-07-30;11:05:00;-03:00;26,5;26,540000915527344;26,5;26,510000228881836;15900
2026-07-30;11:10:00;-03:00;26,5;26,510000228881836;26,479999542236328;26,479999542236328;9200
2026-07-30;11:15:00;-03:00;26,479999542236328;26,510000228881836;26,459999084472656;26,510000228881836;8600
2026-07-30;11:20:00;-03:00;26,5;26,610000610351562;26,5;26,59000015258789;57300
2026-07-30;11:25:00;-03:00;26,579999923706055;26,6200008392334;26,559999465942383;26,610000610351562;11000
2026-07-30;11:30:00;-03:00;26,59000015258789;26,6299991607666;26,56999969482422;26,579999923706055;15400
2026-07-30;11:35:00;-03:00;26,56999969482422;26,59000015258789;26,56999969482422;26,579999923706055;8500
2026-07-30;11:40:00;-03:00;26,579999923706055;26,579999923706055;26,549999237060547;26,559999465942383;5300
2026-07-30;11:45:00;-03:00;26,549999237060547;26,600000381469727;26,549999237060547;26,579999923706055;19000
2026-07-30;11:50:00;-03:00;26,579999923706055;26,639999389648438;26,549999237060547;26,6299991607666;27400
2026-07-30;11:55:00;-03:00;26,6200008392334;26,6299991607666;26,600000381469727;26,6200008392334;20500
2026-07-30;12:00:00;-03:00;26,6200008392334;26,6200008392334;26,579999923706055;26,579999923706055;8600
2026-07-30;12:05:00;-03:00;26,600000381469727;26,600000381469727;26,549999237060547;26,559999465942383;21900
2026-07-30;12:10:00;-03:00;26,56999969482422;26,579999923706055;26,549999237060547;26,579999923706055;14300
2026-07-30;12:15:00;-03:00;26,579999923706055;26,59000015258789;26,56999969482422;26,579999923706055;5400
2026-07-30;12:20:00;-03:00;26,579999923706055;26,579999923706055;26,530000686645508;26,549999237060547;8000
2026-07-30;12:25:00;-03:00;26,549999237060547;26,579999923706055;26,540000915527344;26,549999237060547;6200
2026-07-30;12:30:00;-03:00;26,540000915527344;26,559999465942383;26,530000686645508;26,549999237060547;8900
2026-07-30;12:35:00;-03:00;26,549999237060547;26,559999465942383;26,549999237060547;26,549999237060547;9800
2026-07-30;12:40:00;-03:00;26,540000915527344;26,559999465942383;26,520000457763672;26,540000915527344;19400
2026-07-30;12:45:00;-03:00;26,549999237060547;26,559999465942383;26,540000915527344;26,559999465942383;3400
2026-07-30;12:50:00;-03:00;26,559999465942383;26,559999465942383;26,540000915527344;26,559999465942383;11400
2026-07-30;12:55:00;-03:00;26,559999465942383;26,56999969482422;26,559999465942383;26,56999969482422;6200
2026-07-30;13:00:00;-03:00;26,56999969482422;26,579999923706055;26,540000915527344;26,579999923706055;17600
2026-07-30;13:05:00;-03:00;26,579999923706055;26,579999923706055;26,56999969482422;26,56999969482422;6400
2026-07-30;13:10:00;-03:00;26,56999969482422;26,56999969482422;26,540000915527344;26,559999465942383;18700
2026-07-30;13:15:00;-03:00;26,559999465942383;26,56999969482422;26,540000915527344;26,549999237060547;11100
2026-07-30;13:20:00;-03:00;26,549999237060547;26,549999237060547;26,5;26,530000686645508;16100
2026-07-30;13:25:00;-03:00;26,540000915527344;26,559999465942383;26,530000686645508;26,559999465942383;12400
2026-07-30;13:30:00;-03:00;26,559999465942383;26,56999969482422;26,559999465942383;26,56999969482422;8500
2026-07-30;13:35:00;-03:00;26,56999969482422;26,579999923706055;26,549999237060547;26,56999969482422;8900
2026-07-30;13:40:00;-03:00;26,56999969482422;26,56999969482422;26,540000915527344;26,540000915527344;3200
2026-07-30;13:45:00;-03:00;26,540000915527344;26,549999237060547;26,530000686645508;26,549999237060547;10000
2026-07-30;13:50:00;-03:00;26,549999237060547;26,56999969482422;26,540000915527344;26,56999969482422;7400
2026-07-30;13:55:00;-03:00;26,56999969482422;26,6200008392334;26,56999969482422;26,610000610351562;14700
2026-07-30;14:00:00;-03:00;26,610000610351562;26,6200008392334;26,579999923706055;26,600000381469727;21100
2026-07-30;14:05:00;-03:00;26,600000381469727;26,600000381469727;26,56999969482422;26,59000015258789;10000
2026-07-30;14:10:00;-03:00;26,59000015258789;26,610000610351562;26,579999923706055;26,610000610351562;8900
2026-07-30;14:15:00;-03:00;26,600000381469727;26,600000381469727;26,540000915527344;26,559999465942383;53100
2026-07-30;14:20:00;-03:00;26,559999465942383;26,56999969482422;26,520000457763672;26,530000686645508;25100
2026-07-30;14:25:00;-03:00;26,540000915527344;26,65999984741211;26,540000915527344;26,65999984741211;36500
2026-07-30;14:30:00;-03:00;26,65999984741211;26,670000076293945;26,6200008392334;26,639999389648438;24300
2026-07-30;14:35:00;-03:00;26,639999389648438;26,649999618530273;26,6200008392334;26,649999618530273;17600
2026-07-30;14:40:00;-03:00;26,649999618530273;26,65999984741211;26,649999618530273;26,649999618530273;9000
2026-07-30;14:45:00;-03:00;26,649999618530273;26,65999984741211;26,649999618530273;26,65999984741211;6300
2026-07-30;14:50:00;-03:00;26,65999984741211;26,670000076293945;26,649999618530273;26,670000076293945;11500
2026-07-30;14:55:00;-03:00;26,670000076293945;26,670000076293945;26,649999618530273;26,65999984741211;23300
2026-07-30;15:00:00;-03:00;26,65999984741211;26,65999984741211;26,639999389648438;26,649999618530273;13700
2026-07-30;15:05:00;-03:00;26,649999618530273;26,65999984741211;26,639999389648438;26,65999984741211;11000
2026-07-30;15:10:00;-03:00;26,649999618530273;26,649999618530273;26,639999389648438;26,649999618530273;7300
2026-07-30;15:15:00;-03:00;26,65999984741211;26,65999984741211;26,639999389648438;26,649999618530273;9500
2026-07-30;15:20:00;-03:00;26,65999984741211;26,670000076293945;26,65999984741211;26,670000076293945;7400
2026-07-30;15:25:00;-03:00;26,670000076293945;26,68000030517578;26,65999984741211;26,68000030517578;5800
2026-07-30;15:30:00;-03:00;26,68000030517578;26,709999084472656;26,68000030517578;26,68000030517578;27100
2026-07-30;15:35:00;-03:00;26,690000534057617;26,700000762939453;26,68000030517578;26,68000030517578;8300
2026-07-30;15:40:00;-03:00;26,690000534057617;26,709999084472656;26,639999389648438;26,690000534057617;122000
2026-07-30;15:45:00;-03:00;26,700000762939453;26,700000762939453;26,649999618530273;26,690000534057617;65500
2026-07-30;15:50:00;-03:00;26,690000534057617;26,709999084472656;26,68000030517578;26,709999084472656;16700
2026-07-30;15:55:00;-03:00;26,709999084472656;26,739999771118164;26,709999084472656;26,729999542236328;21200
2026-07-30;16:00:00;-03:00;26,739999771118164;26,770000457763672;26,709999084472656;26,739999771118164;71900
2026-07-30;16:05:00;-03:00;26,75;26,790000915527344;26,75;26,790000915527344;12800
2026-07-30;16:10:00;-03:00;26,790000915527344;26,790000915527344;26,760000228881836;26,770000457763672;27800
2026-07-30;16:15:00;-03:00;26,780000686645508;26,799999237060547;26,760000228881836;26,799999237060547;16700
2026-07-30;16:20:00;-03:00;26,799999237060547;26,81999969482422;26,790000915527344;26,809999465942383;20300
2026-07-30;16:25:00;-03:00;26,809999465942383;26,860000610351562;26,790000915527344;26,790000915527344;35700
2026-07-30;16:30:00;-03:00;26,790000915527344;26,790000915527344;26,75;26,760000228881836;50200
2026-07-30;16:35:00;-03:00;26,760000228881836;26,770000457763672;26,75;26,770000457763672;18600
2026-07-30;16:40:00;-03:00;26,770000457763672;26,770000457763672;26,739999771118164;26,770000457763672;60000
2026-07-30;16:45:00;-03:00;26,770000457763672;26,780000686645508;26,760000228881836;26,770000457763672;61700
2026-07-30;16:50:00;-03:00;26,770000457763672;26,790000915527344;26,719999313354492;26,719999313354492;61300
2026-07-31;12:45:00;-03:00;26,8700008392334;26,8700008392334;26,65999984741211;26,75;11100
2026-07-31;12:50:00;-03:00;26,75;26,93000030517578;26,75;26,899999618530273;21800
2026-07-31;12:55:00;-03:00;26,889999389648438;26,989999771118164;26,860000610351562;26,969999313354492;27600
2026-07-31;13:00:00;-03:00;26,979999542236328;26,979999542236328;26,90999984741211;26,90999984741211;19100
2026-07-31;13:05:00;-03:00;26,90999984741211;26,979999542236328;26,8799991607666;26,959999084472656;25400
2026-07-31;13:10:00;-03:00;26,969999313354492;27,010000228881836;26,959999084472656;26,969999313354492;31300
2026-07-31;13:15:00;-03:00;26,979999542236328;27,020000457763672;26,93000030517578;26,989999771118164;32000
2026-07-31;13:20:00;-03:00;27,0;27,0;26,940000534057617;26,969999313354492;36200
2026-07-31;13:25:00;-03:00;26,959999084472656;26,989999771118164;26,93000030517578;26,950000762939453;25500
2026-07-31;13:30:00;-03:00;26,950000762939453;26,969999313354492;26,920000076293945;26,950000762939453;23400
2026-07-31;13:35:00;-03:00;26,959999084472656;26,969999313354492;26,920000076293945;26,940000534057617;23100
2026-07-31;13:40:00;-03:00;26,950000762939453;26,959999084472656;26,90999984741211;26,93000030517578;32800
2026-07-31;13:45:00;-03:00;26,93000030517578;26,93000030517578;26,899999618530273;26,899999618530273;19500
2026-07-31;13:50:00;-03:00;26,899999618530273;26,920000076293945;26,889999389648438;26,889999389648438;25400
2026-07-31;13:55:00;-03:00;26,889999389648438;26,90999984741211;26,8700008392334;26,8799991607666;16800
2026-07-31;14:00:00;-03:00;26,8799991607666;26,899999618530273;26,860000610351562;26,860000610351562;21600
2026-07-31;14:05:00;-03:00;26,860000610351562;26,8799991607666;26,84000015258789;26,850000381469727;24000
2026-07-31;14:10:00;-03:00;26,850000381469727;26,899999618530273;26,84000015258789;26,8799991607666;26100
2026-07-31;14:15:00;-03:00;26,8799991607666;26,93000030517578;26,829999923706055;26,850000381469727;22100
2026-07-31;14:20:00;-03:00;26,850000381469727;26,8700008392334;26,799999237060547;26,809999465942383;24000
2026-07-31;14:25:00;-03:00;26,81999969482422;26,829999923706055;26,780000686645508;26,799999237060547;35900
2026-07-31;14:30:00;-03:00;26,799999237060547;26,829999923706055;26,770000457763672;26,770000457763672;30600
2026-07-31;14:35:00;-03:00;26,780000686645508;26,829999923706055;26,760000228881836;26,799999237060547;39100
2026-07-31;14:40:00;-03:00;26,809999465942383;26,84000015258789;26,799999237060547;26,81999969482422;25200
2026-07-31;14:45:00;-03:00;26,809999465942383;26,850000381469727;26,799999237060547;26,81999969482422;25500
2026-07-31;14:50:00;-03:00;26,809999465942383;26,829999923706055;26,809999465942383;26,809999465942383;21900
2026-07-31;14:55:00;-03:00;26,809999465942383;26,84000015258789;26,799999237060547;26,81999969482422;26600
2026-07-31;15:00:00;-03:00;26,809999465942383;26,850000381469727;26,799999237060547;26,809999465942383;33000
2026-07-31;15:05:00;-03:00;26,799999237060547;26,860000610351562;26,780000686645508;26,84000015258789;87300
2026-07-31;15:10:00;-03:00;26,84000015258789;26,8700008392334;26,809999465942383;26,84000015258789;40300
2026-07-31;15:15:00;-03:00;26,84000015258789;26,8799991607666;26,829999923706055;26,8700008392334;19100
2026-07-31;15:20:00;-03:00;26,8700008392334;26,889999389648438;26,860000610351562;26,8799991607666;33600
2026-07-31;15:25:00;-03:00;26,8799991607666;26,899999618530273;26,860000610351562;26,860000610351562;27000
2026-07-31;15:30:00;-03:00;26,8799991607666;26,899999618530273;26,850000381469727;26,889999389648438;56600
2026-07-31;15:35:00;-03:00;26,889999389648438;26,899999618530273;26,84000015258789;26,860000610351562;54500
2026-07-31;15:40:00;-03:00;26,8700008392334;26,889999389648438;26,850000381469727;26,850000381469727;47700
2026-07-31;15:45:00;-03:00;26,860000610351562;26,8799991607666;26,84000015258789;26,8799991607666;25700
2026-07-31;15:50:00;-03:00;26,8799991607666;26,889999389648438;26,860000610351562;26,860000610351562;34100
2026-07-31;15:55:00;-03:00;26,8700008392334;26,889999389648438;26,850000381469727;26,8799991607666;25500
2026-07-31;16:00:00;-03:00;26,8799991607666;26,889999389648438;26,850000381469727;26,860000610351562;27600
2026-07-31;16:05:00;-03:00;26,8700008392334;26,899999618530273;26,860000610351562;26,860000610351562;25800
2026-07-31;16:10:00;-03:00;26,8700008392334;26,8799991607666;26,84000015258789;26,850000381469727;27300
2026-07-31;16:15:00;-03:00;26,860000610351562;26,8700008392334;26,829999923706055;26,850000381469727;40100
2026-07-31;16:20:00;-03:00;26,850000381469727;26,8700008392334;26,829999923706055;26,8700008392334;39400
2026-07-31;16:25:00;-03:00;26,860000610351562;26,8700008392334;26,84000015258789;26,850000381469727;35000
2026-07-31;16:30:00;-03:00;26,850000381469727;26,860000610351562;26,84000015258789;26,850000381469727;25800
2026-07-31;16:35:00;-03:00;26,850000381469727;26,860000610351562;26,790000915527344;26,790000915527344;74500
2026-07-31;16:40:00;-03:00;26,799999237060547;26,8700008392334;26,770000457763672;26,860000610351562;118100
2026-07-31;16:45:00;-03:00;26,850000381469727;26,8700008392334;26,799999237060547;26,860000610351562;83800
2026-07-31;16:50:00;-03:00;26,860000610351562;26,899999618530273;26,850000381469727;26,889999389648438;47000
2026-08-03;10:00:00;-03:00;27,059999465942383;27,200000762939453;27,059999465942383;27,100000381469727;0
2026-08-03;10:05:00;-03:00;27,15999984741211;27,200000762939453;27,06999969482422;27,139999389648438;11000
2026-08-03;10:10:00;-03:00;27,139999389648438;27,139999389648438;26,979999542236328;27,010000228881836;14900
2026-08-03;10:15:00;-03:00;26,959999084472656;27,0;26,899999618530273;26,93000030517578;12100
2026-08-03;10:20:00;-03:00;26,940000534057617;26,969999313354492;26,899999618530273;26,93000030517578;8900
2026-08-03;10:25:00;-03:00;26,969999313354492;27,0;26,8700008392334;26,899999618530273;13500
2026-08-03;10:30:00;-03:00;26,899999618530273;26,950000762939453;26,860000610351562;26,860000610351562;20600
2026-08-03;10:35:00;-03:00;26,84000015258789;26,84000015258789;26,719999313354492;26,719999313354492;11200
2026-08-03;10:40:00;-03:00;26,729999542236328;26,760000228881836;26,670000076293945;26,690000534057617;17300
2026-08-03;10:45:00;-03:00;26,68000030517578;26,75;26,610000610351562;26,670000076293945;32500
2026-08-03;10:50:00;-03:00;26,649999618530273;26,690000534057617;26,600000381469727;26,6299991607666;33700
2026-08-03;10:55:00;-03:00;26,6200008392334;26,649999618530273;26,579999923706055;26,59000015258789;13600
2026-08-03;11:00:00;-03:00;26,610000610351562;26,670000076293945;26,549999237060547;26,610000610351562;22900
2026-08-03;11:05:00;-03:00;26,600000381469727;26,65999984741211;26,59000015258789;26,65999984741211;11700
2026-08-03;11:10:00;-03:00;26,65999984741211;26,790000915527344;26,65999984741211;26,75;13500
2026-08-03;11:15:00;-03:00;26,75;26,780000686645508;26,729999542236328;26,770000457763672;14900
2026-08-03;11:20:00;-03:00;26,780000686645508;26,829999923706055;26,700000762939453;26,739999771118164;42600
2026-08-03;11:25:00;-03:00;26,729999542236328;26,770000457763672;26,729999542236328;26,75;10000
2026-08-03;11:30:00;-03:00;26,75;26,780000686645508;26,75;26,780000686645508;35200
2026-08-03;11:35:00;-03:00;26,799999237060547;26,809999465942383;26,770000457763672;26,770000457763672;14700
2026-08-03;11:40:00;-03:00;26,770000457763672;26,809999465942383;26,75;26,760000228881836;17300
2026-08-03;11:45:00;-03:00;26,770000457763672;26,790000915527344;26,75;26,770000457763672;6000
2026-08-03;11:50:00;-03:00;26,790000915527344;26,809999465942383;26,75;26,799999237060547;34200
2026-08-03;11:55:00;-03:00;26,799999237060547;26,84000015258789;26,799999237060547;26,799999237060547;37800
2026-08-03;12:00:00;-03:00;26,809999465942383;26,809999465942383;26,770000457763672;26,790000915527344;19800
2026-08-03;12:05:00;-03:00;26,790000915527344;26,799999237060547;26,75;26,790000915527344;25100
2026-08-03;12:10:00;-03:00;26,790000915527344;26,8700008392334;26,790000915527344;26,850000381469727;14600
2026-08-03;12:15:00;-03:00;26,84000015258789;26,8700008392334;26,829999923706055;26,8700008392334;9700
2026-08-03;12:20:00;-03:00;26,850000381469727;26,920000076293945;26,850000381469727;26,920000076293945;63800
2026-08-03;12:25:00;-03:00;26,899999618530273;26,90999984741211;26,8700008392334;26,8799991607666;33700
2026-08-03;12:30:00;-03:00;26,899999618530273;26,93000030517578;26,860000610351562;26,8700008392334;110400
2026-08-03;12:35:00;-03:00;26,8700008392334;26,8700008392334;26,84000015258789;26,860000610351562;19200
2026-08-03;12:40:00;-03:00;26,860000610351562;26,8700008392334;26,81999969482422;26,850000381469727;11400
2026-08-03;12:45:00;-03:00;26,850000381469727;26,860000610351562;26,829999923706055;26,829999923706055;5000
2026-08-03;12:50:00;-03:00;26,829999923706055;26,84000015258789;26,799999237060547;26,809999465942383;13500
2026-08-03;12:55:00;-03:00;26,809999465942383;26,84000015258789;26,799999237060547;26,829999923706055;13300
2026-08-03;13:00:00;-03:00;26,81999969482422;26,829999923706055;26,799999237060547;26,809999465942383;21700
2026-08-03;13:05:00;-03:00;26,799999237060547;26,81999969482422;26,799999237060547;26,81999969482422;11100
2026-08-03;13:10:00;-03:00;26,809999465942383;26,81999969482422;26,799999237060547;26,809999465942383;8700
2026-08-03;13:15:00;-03:00;26,809999465942383;26,829999923706055;26,799999237060547;26,809999465942383;11100
2026-08-03;13:20:00;-03:00;26,809999465942383;26,829999923706055;26,799999237060547;26,799999237060547;12800
2026-08-03;13:25:00;-03:00;26,81999969482422;26,81999969482422;26,799999237060547;26,809999465942383;12800
2026-08-03;13:30:00;-03:00;26,809999465942383;26,81999969482422;26,780000686645508;26,780000686645508;9800
2026-08-03;13:35:00;-03:00;26,780000686645508;26,799999237060547;26,770000457763672;26,799999237060547;14900
2026-08-03;13:40:00;-03:00;26,790000915527344;26,81999969482422;26,760000228881836;26,790000915527344;27400
2026-08-03;13:45:00;-03:00;26,809999465942383;26,850000381469727;26,780000686645508;26,84000015258789;15400
2026-08-03;13:50:00;-03:00;26,84000015258789;26,8700008392334;26,829999923706055;26,8700008392334;6400
2026-08-03;13:55:00;-03:00;26,850000381469727;26,8700008392334;26,850000381469727;26,8700008392334;2800
2026-08-03;14:00:00;-03:00;26,860000610351562;26,860000610351562;26,829999923706055;26,84000015258789;13400
2026-08-03;14:05:00;-03:00;26,84000015258789;26,860000610351562;26,84000015258789;26,84000015258789;3300
2026-08-03;14:10:00;-03:00;26,860000610351562;26,8799991607666;26,850000381469727;26,860000610351562;7000
2026-08-03;14:15:00;-03:00;26,860000610351562;26,860000610351562;26,809999465942383;26,829999923706055;30100
2026-08-03;14:20:00;-03:00;26,829999923706055;26,829999923706055;26,799999237060547;26,81999969482422;11200
2026-08-03;14:25:00;-03:00;26,81999969482422;26,84000015258789;26,81999969482422;26,81999969482422;3400
2026-08-03;14:30:00;-03:00;26,829999923706055;26,8700008392334;26,81999969482422;26,850000381469727;33000
2026-08-03;14:35:00;-03:00;26,850000381469727;26,860000610351562;26,829999923706055;26,850000381469727;15800
2026-08-03;14:40:00;-03:00;26,850000381469727;26,899999618530273;26,81999969482422;26,899999618530273;38400
2026-08-03;14:45:00;-03:00;26,899999618530273;26,93000030517578;26,899999618530273;26,90999984741211;7400
2026-08-03;14:50:00;-03:00;26,920000076293945;26,920000076293945;26,860000610351562;26,860000610351562;14800
2026-08-03;14:55:00;-03:00;26,8700008392334;26,8700008392334;26,850000381469727;26,850000381469727;10100
2026-08-03;15:00:00;-03:00;26,860000610351562;26,8799991607666;26,850000381469727;26,850000381469727;30500
2026-08-03;15:05:00;-03:00;26,850000381469727;26,850000381469727;26,799999237060547;26,81999969482422;61900
2026-08-03;15:10:00;-03:00;26,829999923706055;26,829999923706055;26,790000915527344;26,799999237060547;47100
2026-08-03;15:15:00;-03:00;26,809999465942383;26,829999923706055;26,799999237060547;26,829999923706055;5600
2026-08-03;15:20:00;-03:00;26,829999923706055;26,84000015258789;26,790000915527344;26,81999969482422;25100
2026-08-03;15:25:00;-03:00;26,84000015258789;26,860000610351562;26,809999465942383;26,829999923706055;62800
2026-08-03;15:30:00;-03:00;26,84000015258789;26,850000381469727;26,790000915527344;26,799999237060547;129800
2026-08-03;15:35:00;-03:00;26,809999465942383;26,809999465942383;26,780000686645508;26,790000915527344;12300
2026-08-03;15:40:00;-03:00;26,799999237060547;26,799999237060547;26,760000228881836;26,770000457763672;18000
2026-08-03;15:45:00;-03:00;26,780000686645508;26,829999923706055;26,719999313354492;26,829999923706055;88600
2026-08-03;15:50:00;-03:00;26,829999923706055;26,829999923706055;26,780000686645508;26,829999923706055;37000
2026-08-03;15:55:00;-03:00;26,829999923706055;26,829999923706055;26,799999237060547;26,799999237060547;10400
2026-08-03;16:00:00;-03:00;26,799999237060547;26,850000381469727;26,799999237060547;26,84000015258789;21800
2026-08-03;16:05:00;-03:00;26,81999969482422;26,850000381469727;26,81999969482422;26,829999923706055;22600
2026-08-03;16:10:00;-03:00;26,829999923706055;26,850000381469727;26,81999969482422;26,829999923706055;16500
2026-08-03;16:15:00;-03:00;26,84000015258789;26,850000381469727;26,829999923706055;26,829999923706055;19900
2026-08-03;16:20:00;-03:00;26,829999923706055;26,8700008392334;26,829999923706055;26,850000381469727;62400
2026-08-03;16:25:00;-03:00;26,84000015258789;26,860000610351562;26,84000015258789;26,850000381469727;12800
2026-08-03;16:30:00;-03:00;26,860000610351562;26,90999984741211;26,850000381469727;26,889999389648438;30100
2026-08-03;16:35:00;-03:00;26,899999618530273;26,899999618530273;26,860000610351562;26,8700008392334;21000
2026-08-03;16:40:00;-03:00;26,8700008392334;26,93000030517578;26,860000610351562;26,8799991607666;65000
2026-08-03;16:45:00;-03:00;26,8799991607666;26,889999389648438;26,8700008392334;26,8700008392334;22400
2026-08-03;16:50:00;-03:00;26,8700008392334;26,8799991607666;26,850000381469727;26,850000381469727;28800
2026-08-04;10:00:00;-03:00;27,010000228881836;27,18000030517578;26,770000457763672;26,84000015258789;0
2026-08-04;10:05:00;-03:00;26,81999969482422;27,0;26,65999984741211;26,84000015258789;99100
2026-08-04;10:10:00;-03:00;26,799999237060547;26,950000762939453;26,760000228881836;26,93000030517578;136500
2026-08-04;10:15:00;-03:00;26,93000030517578;26,940000534057617;26,850000381469727;26,850000381469727;138200
2026-08-04;10:20:00;-03:00;26,850000381469727;26,850000381469727;26,700000762939453;26,709999084472656;87900
2026-08-04;10:25:00;-03:00;26,700000762939453;26,719999313354492;26,5;26,65999984741211;163500
2026-08-04;10:30:00;-03:00;26,649999618530273;26,65999984741211;26,520000457763672;26,579999923706055;132200
2026-08-04;10:35:00;-03:00;26,59000015258789;26,6299991607666;26,549999237060547;26,6299991607666;28300
2026-08-04;10:40:00;-03:00;26,639999389648438;26,709999084472656;26,600000381469727;26,610000610351562;53500
2026-08-04;10:45:00;-03:00;26,600000381469727;26,610000610351562;26,510000228881836;26,600000381469727;74300
2026-08-04;10:50:00;-03:00;26,600000381469727;26,6200008392334;26,549999237060547;26,59000015258789;29500
2026-08-04;10:55:00;-03:00;26,600000381469727;26,670000076293945;26,600000381469727;26,610000610351562;36400
2026-08-04;11:00:00;-03:00;26,610000610351562;26,690000534057617;26,600000381469727;26,68000030517578;22400
2026-08-04;11:05:00;-03:00;26,68000030517578;26,68000030517578;26,6200008392334;26,649999618530273;19900
2026-08-04;11:10:00;-03:00;26,649999618530273;26,780000686645508;26,649999618530273;26,709999084472656;98900
2026-08-04;11:15:00;-03:00;26,709999084472656;26,739999771118164;26,700000762939453;26,719999313354492;30600
2026-08-04;11:20:00;-03:00;26,719999313354492;26,719999313354492;26,649999618530273;26,690000534057617;70000
2026-08-04;11:25:00;-03:00;26,709999084472656;26,739999771118164;26,68000030517578;26,700000762939453;29400
2026-08-04;11:30:00;-03:00;26,700000762939453;26,719999313354492;26,68000030517578;26,709999084472656;15700
2026-08-04;11:35:00;-03:00;26,709999084472656;26,739999771118164;26,68000030517578;26,729999542236328;34000
2026-08-04;11:40:00;-03:00;26,729999542236328;26,799999237060547;26,65999984741211;26,690000534057617;65200
2026-08-04;11:45:00;-03:00;26,690000534057617;26,709999084472656;26,65999984741211;26,709999084472656;26500
2026-08-04;11:50:00;-03:00;26,690000534057617;26,739999771118164;26,690000534057617;26,719999313354492;13100
2026-08-04;11:55:00;-03:00;26,729999542236328;26,760000228881836;26,709999084472656;26,719999313354492;19600
2026-08-04;12:00:00;-03:00;26,719999313354492;26,770000457763672;26,709999084472656;26,770000457763672;33900
2026-08-04;12:05:00;-03:00;26,770000457763672;26,799999237060547;26,729999542236328;26,790000915527344;27800
2026-08-04;12:10:00;-03:00;26,780000686645508;26,81999969482422;26,770000457763672;26,770000457763672;26600
2026-08-04;12:15:00;-03:00;26,770000457763672;26,790000915527344;26,760000228881836;26,770000457763672;9400
2026-08-04;12:20:00;-03:00;26,770000457763672;26,780000686645508;26,719999313354492;26,719999313354492;12800
2026-08-04;12:25:00;-03:00;26,729999542236328;26,75;26,719999313354492;26,729999542236328;16000
2026-08-04;12:30:00;-03:00;26,729999542236328;26,760000228881836;26,709999084472656;26,729999542236328;13800
2026-08-04;12:35:00;-03:00;26,739999771118164;26,799999237060547;26,739999771118164;26,780000686645508;14800
2026-08-04;12:40:00;-03:00;26,780000686645508;26,809999465942383;26,729999542236328;26,739999771118164;36700
2026-08-04;12:45:00;-03:00;26,75;26,760000228881836;26,729999542236328;26,739999771118164;11500
2026-08-04;12:50:00;-03:00;26,75;26,760000228881836;26,739999771118164;26,739999771118164;10300
2026-08-04;12:55:00;-03:00;26,760000228881836;26,760000228881836;26,719999313354492;26,719999313354492;9300
2026-08-04;13:00:00;-03:00;26,729999542236328;26,739999771118164;26,690000534057617;26,719999313354492;23700
2026-08-04;13:05:00;-03:00;26,700000762939453;26,729999542236328;26,700000762939453;26,719999313354492;18200
2026-08-04;13:10:00;-03:00;26,719999313354492;26,739999771118164;26,68000030517578;26,68000030517578;12100
2026-08-04;13:15:00;-03:00;26,690000534057617;26,709999084472656;26,690000534057617;26,690000534057617;8800
2026-08-04;13:20:00;-03:00;26,68000030517578;26,709999084472656;26,68000030517578;26,700000762939453;13400
2026-08-04;13:25:00;-03:00;26,690000534057617;26,709999084472656;26,65999984741211;26,65999984741211;13100
2026-08-04;13:30:00;-03:00;26,670000076293945;26,670000076293945;26,600000381469727;26,6200008392334;17400
2026-08-04;13:35:00;-03:00;26,610000610351562;26,639999389648438;26,610000610351562;26,639999389648438;17200
2026-08-04;13:40:00;-03:00;26,639999389648438;26,65999984741211;26,6200008392334;26,649999618530273;13000
2026-08-04;13:45:00;-03:00;26,65999984741211;26,65999984741211;26,610000610351562;26,639999389648438;20900
2026-08-04;13:50:00;-03:00;26,649999618530273;26,65999984741211;26,6299991607666;26,639999389648438;8800
2026-08-04;13:55:00;-03:00;26,639999389648438;26,639999389648438;26,59000015258789;26,610000610351562;18400
2026-08-04;14:00:00;-03:00;26,600000381469727;26,700000762939453;26,600000381469727;26,700000762939453;81100
2026-08-04;14:05:00;-03:00;26,700000762939453;26,719999313354492;26,68000030517578;26,700000762939453;14500
2026-08-04;14:10:00;-03:00;26,719999313354492;26,770000457763672;26,700000762939453;26,770000457763672;23100
2026-08-04;14:15:00;-03:00;26,770000457763672;26,799999237060547;26,75;26,780000686645508;14400
2026-08-04;14:20:00;-03:00;26,790000915527344;26,799999237060547;26,780000686645508;26,780000686645508;15800
2026-08-04;14:25:00;-03:00;26,799999237060547;26,799999237060547;26,75;26,760000228881836;14100
2026-08-04;14:30:00;-03:00;26,770000457763672;26,770000457763672;26,739999771118164;26,760000228881836;14300
2026-08-04;14:35:00;-03:00;26,760000228881836;26,799999237060547;26,760000228881836;26,790000915527344;22600
2026-08-04;14:40:00;-03:00;26,780000686645508;26,799999237060547;26,739999771118164;26,739999771118164;15200
2026-08-04;14:45:00;-03:00;26,739999771118164;26,75;26,700000762939453;26,700000762939453;23700
2026-08-04;14:50:00;-03:00;26,719999313354492;26,729999542236328;26,68000030517578;26,700000762939453;19200
2026-08-04;14:55:00;-03:00;26,700000762939453;26,719999313354492;26,68000030517578;26,68000030517578;20400
2026-08-04;15:00:00;-03:00;26,690000534057617;26,690000534057617;26,639999389648438;26,649999618530273;17000
2026-08-04;15:05:00;-03:00;26,649999618530273;26,65999984741211;26,639999389648438;26,639999389648438;26600
2026-08-04;15:10:00;-03:00;26,639999389648438;26,65999984741211;26,59000015258789;26,610000610351562;69800
2026-08-04;15:15:00;-03:00;26,6299991607666;26,6299991607666;26,59000015258789;26,600000381469727;309100
2026-08-04;15:20:00;-03:00;26,59000015258789;26,600000381469727;26,579999923706055;26,600000381469727;18000
2026-08-04;15:25:00;-03:00;26,59000015258789;26,6200008392334;26,59000015258789;26,600000381469727;13400
2026-08-04;15:30:00;-03:00;26,610000610351562;26,65999984741211;26,610000610351562;26,639999389648438;10400
2026-08-04;15:35:00;-03:00;26,649999618530273;26,65999984741211;26,6299991607666;26,639999389648438;10900
2026-08-04;15:40:00;-03:00;26,6299991607666;26,65999984741211;26,6299991607666;26,649999618530273;13700
2026-08-04;15:45:00;-03:00;26,639999389648438;26,65999984741211;26,6200008392334;26,6299991607666;17600
2026-08-04;15:50:00;-03:00;26,639999389648438;26,670000076293945;26,639999389648438;26,639999389648438;20300
2026-08-04;15:55:00;-03:00;26,649999618530273;26,670000076293945;26,639999389648438;26,649999618530273;14600
2026-08-04;16:00:00;-03:00;26,639999389648438;26,65999984741211;26,6200008392334;26,649999618530273;35800
2026-08-04;16:05:00;-03:00;26,649999618530273;26,649999618530273;26,6299991607666;26,649999618530273;12700
2026-08-04;16:10:00;-03:00;26,639999389648438;26,649999618530273;26,6200008392334;26,6299991607666;20500
2026-08-04;16:15:00;-03:00;26,639999389648438;26,65999984741211;26,6299991607666;26,65999984741211;13400
2026-08-04;16:20:00;-03:00;26,649999618530273;26,670000076293945;26,639999389648438;26,649999618530273;13200
2026-08-04;16:25:00;-03:00;26,649999618530273;26,65999984741211;26,59000015258789;26,649999618530273;45400
2026-08-04;16:30:00;-03:00;26,639999389648438;26,649999618530273;26,6200008392334;26,639999389648438;33700
2026-08-04;16:35:00;-03:00;26,639999389648438;26,739999771118164;26,6299991607666;26,690000534057617;56900
2026-08-04;16:40:00;-03:00;26,690000534057617;26,709999084472656;26,670000076293945;26,700000762939453;28400
2026-08-04;16:45:00;-03:00;26,700000762939453;26,709999084472656;26,6299991607666;26,649999618530273;50600
2026-08-04;16:50:00;-03:00;26,65999984741211;26,690000534057617;26,600000381469727;26,649999618530273;131700
2026-08-05;10:00:00;-03:00;26,770000457763672;26,84000015258789;26,670000076293945;26,670000076293945;0
2026-08-05;10:05:00;-03:00;26,65999984741211;26,65999984741211;26,579999923706055;26,649999618530273;11600
2026-08-05;10:10:00;-03:00;26,65999984741211;26,719999313354492;26,6299991607666;26,709999084472656;11000
2026-08-05;10:15:00;-03:00;26,709999084472656;26,790000915527344;26,709999084472656;26,790000915527344;10800
2026-08-05;10:20:00;-03:00;26,790000915527344;26,84000015258789;26,719999313354492;26,719999313354492;11400
2026-08-05;10:25:00;-03:00;26,75;26,760000228881836;26,670000076293945;26,709999084472656;11100
2026-08-05;10:30:00;-03:00;26,68000030517578;26,809999465942383;26,68000030517578;26,719999313354492;17300
2026-08-05;10:35:00;-03:00;26,719999313354492;26,889999389648438;26,719999313354492;26,889999389648438;42500
2026-08-05;10:40:00;-03:00;26,8700008392334;26,8799991607666;26,770000457763672;26,770000457763672;22500
2026-08-05;10:45:00;-03:00;26,75;26,75;26,700000762939453;26,729999542236328;60700
2026-08-05;10:50:00;-03:00;26,729999542236328;26,790000915527344;26,700000762939453;26,780000686645508;7000
2026-08-05;10:55:00;-03:00;26,790000915527344;26,81999969482422;26,770000457763672;26,790000915527344;10500
2026-08-05;11:00:00;-03:00;26,780000686645508;26,850000381469727;26,75;26,850000381469727;19200
2026-08-05;11:05:00;-03:00;26,860000610351562;26,920000076293945;26,850000381469727;26,920000076293945;33900
2026-08-05;11:10:00;-03:00;26,93000030517578;26,979999542236328;26,889999389648438;26,889999389648438;23200
2026-08-05;11:15:00;-03:00;26,8799991607666;26,8799991607666;26,799999237060547;26,809999465942383;18100
2026-08-05;11:20:00;-03:00;26,829999923706055;26,84000015258789;26,770000457763672;26,84000015258789;21100
2026-08-05;11:25:00;-03:00;26,84000015258789;26,84000015258789;26,670000076293945;26,670000076293945;16300
2026-08-05;11:30:00;-03:00;26,68000030517578;26,709999084472656;26,6299991607666;26,690000534057617;16700
2026-08-05;11:35:00;-03:00;26,709999084472656;26,75;26,68000030517578;26,68000030517578;22000
2026-08-05;11:40:00;-03:00;26,690000534057617;26,700000762939453;26,649999618530273;26,700000762939453;18500
2026-08-05;11:45:00;-03:00;26,700000762939453;26,700000762939453;26,649999618530273;26,700000762939453;11000
2026-08-05;11:50:00;-03:00;26,700000762939453;26,709999084472656;26,639999389648438;26,670000076293945;10500
2026-08-05;11:55:00;-03:00;26,649999618530273;26,709999084472656;26,6299991607666;26,700000762939453;9200
2026-08-05;12:00:00;-03:00;26,690000534057617;26,729999542236328;26,690000534057617;26,729999542236328;12100
2026-08-05;12:05:00;-03:00;26,709999084472656;26,75;26,700000762939453;26,700000762939453;12100
2026-08-05;12:10:00;-03:00;26,68000030517578;26,700000762939453;26,670000076293945;26,700000762939453;11800
2026-08-05;12:15:00;-03:00;26,690000534057617;26,700000762939453;26,65999984741211;26,690000534057617;15900
2026-08-05;12:20:00;-03:00;26,68000030517578;26,729999542236328;26,68000030517578;26,709999084472656;8300
2026-08-05;12:25:00;-03:00;26,729999542236328;26,799999237060547;26,700000762939453;26,790000915527344;25600
2026-08-05;12:30:00;-03:00;26,799999237060547;26,799999237060547;26,770000457763672;26,780000686645508;6800
2026-08-05;12:35:00;-03:00;26,790000915527344;26,790000915527344;26,719999313354492;26,739999771118164;15100
2026-08-05;12:40:00;-03:00;26,739999771118164;26,739999771118164;26,690000534057617;26,709999084472656;15800
2026-08-05;12:45:00;-03:00;26,709999084472656;26,75;26,700000762939453;26,709999084472656;16200
2026-08-05;12:50:00;-03:00;26,719999313354492;26,739999771118164;26,709999084472656;26,729999542236328;9300
2026-08-05;12:55:00;-03:00;26,729999542236328;26,739999771118164;26,719999313354492;26,729999542236328;4500
2026-08-05;13:00:00;-03:00;26,719999313354492;26,770000457763672;26,719999313354492;26,770000457763672;11300
2026-08-05;13:05:00;-03:00;26,770000457763672;26,790000915527344;26,75;26,75;9600
2026-08-05;13:10:00;-03:00;26,75;26,780000686645508;26,739999771118164;26,739999771118164;7600
2026-08-05;13:15:00;-03:00;26,760000228881836;26,760000228881836;26,719999313354492;26,739999771118164;26800
2026-08-05;13:20:00;-03:00;26,760000228881836;26,790000915527344;26,760000228881836;26,770000457763672;5100
2026-08-05;13:25:00;-03:00;26,770000457763672;26,790000915527344;26,75;26,760000228881836;7600
2026-08-05;13:30:00;-03:00;26,75;26,770000457763672;26,729999542236328;26,760000228881836;35900
2026-08-05;13:35:00;-03:00;26,770000457763672;26,790000915527344;26,75;26,770000457763672;11700
2026-08-05;13:40:00;-03:00;26,770000457763672;26,770000457763672;26,739999771118164;26,770000457763672;16200
2026-08-05;13:45:00;-03:00;26,780000686645508;26,809999465942383;26,770000457763672;26,790000915527344;27900
2026-08-05;13:50:00;-03:00;26,790000915527344;26,809999465942383;26,790000915527344;26,790000915527344;11600
2026-08-05;13:55:00;-03:00;26,790000915527344;26,81999969482422;26,709999084472656;26,790000915527344;143900
2026-08-05;14:00:00;-03:00;26,790000915527344;26,889999389648438;26,790000915527344;26,8799991607666;49100
2026-08-05;14:05:00;-03:00;26,8799991607666;26,90999984741211;26,8700008392334;26,889999389648438;26900
2026-08-05;14:10:00;-03:00;26,8700008392334;26,899999618530273;26,860000610351562;26,899999618530273;13000
2026-08-05;14:15:00;-03:00;26,889999389648438;26,889999389648438;26,860000610351562;26,8799991607666;17000
2026-08-05;14:20:00;-03:00;26,860000610351562;26,8799991607666;26,84000015258789;26,8700008392334;19100
2026-08-05;14:25:00;-03:00;26,860000610351562;26,899999618530273;26,850000381469727;26,899999618530273;14300
2026-08-05;14:30:00;-03:00;26,8799991607666;26,90999984741211;26,8799991607666;26,899999618530273;25900
2026-08-05;14:35:00;-03:00;26,889999389648438;26,90999984741211;26,8799991607666;26,90999984741211;19300
2026-08-05;14:40:00;-03:00;26,90999984741211;26,920000076293945;26,889999389648438;26,920000076293945;12800
2026-08-05;14:45:00;-03:00;26,920000076293945;26,920000076293945;26,8799991607666;26,899999618530273;13800
2026-08-05;14:50:00;-03:00;26,899999618530273;26,899999618530273;26,850000381469727;26,850000381469727;24300
2026-08-05;14:55:00;-03:00;26,860000610351562;26,8700008392334;26,84000015258789;26,860000610351562;20300
2026-08-05;15:00:00;-03:00;26,850000381469727;26,850000381469727;26,81999969482422;26,829999923706055;22400
2026-08-05;15:05:00;-03:00;26,829999923706055;26,84000015258789;26,809999465942383;26,829999923706055;16300
2026-08-05;15:10:00;-03:00;26,829999923706055;26,850000381469727;26,81999969482422;26,829999923706055;27300
2026-08-05;15:15:00;-03:00;26,829999923706055;26,84000015258789;26,829999923706055;26,84000015258789;15100
2026-08-05;15:20:00;-03:00;26,84000015258789;26,860000610351562;26,829999923706055;26,84000015258789;15400
2026-08-05;15:25:00;-03:00;26,84000015258789;26,860000610351562;26,84000015258789;26,860000610351562;17500
2026-08-05;15:30:00;-03:00;26,860000610351562;26,860000610351562;26,75;26,760000228881836;32000
2026-08-05;15:35:00;-03:00;26,760000228881836;26,81999969482422;26,760000228881836;26,799999237060547;29900
2026-08-05;15:40:00;-03:00;26,780000686645508;26,799999237060547;26,760000228881836;26,790000915527344;15200
2026-08-05;15:45:00;-03:00;26,790000915527344;26,790000915527344;26,709999084472656;26,780000686645508;66200
2026-08-05;15:50:00;-03:00;26,780000686645508;26,780000686645508;26,75;26,75;13100
2026-08-05;15:55:00;-03:00;26,770000457763672;26,799999237060547;26,729999542236328;26,799999237060547;32600
2026-08-05;16:00:00;-03:00;26,799999237060547;26,889999389648438;26,75;26,829999923706055;114900
2026-08-05;16:05:00;-03:00;26,84000015258789;26,84000015258789;26,799999237060547;26,809999465942383;24100
2026-08-05;16:10:00;-03:00;26,809999465942383;26,860000610351562;26,790000915527344;26,829999923706055;40200
2026-08-05;16:15:00;-03:00;26,829999923706055;26,860000610351562;26,809999465942383;26,850000381469727;26500
2026-08-05;16:20:00;-03:00;26,850000381469727;26,860000610351562;26,84000015258789;26,860000610351562;20600
2026-08-05;16:25:00;-03:00;26,860000610351562;26,860000610351562;26,81999969482422;26,829999923706055;46200
2026-08-05;16:30:00;-03:00;26,81999969482422;26,860000610351562;26,81999969482422;26,84000015258789;28400
2026-08-05;16:35:00;-03:00;26,84000015258789;26,84000015258789;26,799999237060547;26,829999923706055;31400
2026-08-05;16:40:00;-03:00;26,829999923706055;26,829999923706055;26,799999237060547;26,799999237060547;44700
2026-08-05;16:45:00;-03:00;26,799999237060547;26,799999237060547;26,690000534057617;26,719999313354492;127300
2026-08-05;16:50:00;-03:00;26,719999313354492;26,75;26,690000534057617;26,75;25000
2026-08-06;10:00:00;-03:00;26,610000610351562;26,690000534057617;26,520000457763672;26,520000457763672;0
2026-08-06;10:05:00;-03:00;26,559999465942383;26,690000534057617;26,549999237060547;26,65999984741211;7600
2026-08-06;10:10:00;-03:00;26,65999984741211;26,690000534057617;26,549999237060547;26,579999923706055;10600
2026-08-06;10:15:00;-03:00;26,610000610351562;26,729999542236328;26,600000381469727;26,729999542236328;10100
2026-08-06;10:20:00;-03:00;26,709999084472656;26,81999969482422;26,709999084472656;26,739999771118164;15200
2026-08-06;10:25:00;-03:00;26,739999771118164;26,739999771118164;26,65999984741211;26,690000534057617;12000
2026-08-06;10:30:00;-03:00;26,690000534057617;26,729999542236328;26,649999618530273;26,700000762939453;17600
2026-08-06;10:35:00;-03:00;26,700000762939453;26,729999542236328;26,649999618530273;26,700000762939453;17400
2026-08-06;10:40:00;-03:00;26,700000762939453;26,729999542236328;26,68000030517578;26,709999084472656;12500
2026-08-06;10:45:00;-03:00;26,68000030517578;26,709999084472656;26,639999389648438;26,690000534057617;13600
2026-08-06;10:50:00;-03:00;26,690000534057617;26,719999313354492;26,6299991607666;26,6299991607666;22600
2026-08-06;10:55:00;-03:00;26,6299991607666;26,700000762939453;26,6299991607666;26,690000534057617;22600
2026-08-06;11:00:00;-03:00;26,68000030517578;26,700000762939453;26,65999984741211;26,690000534057617;16300
2026-08-06;11:05:00;-03:00;26,700000762939453;26,719999313354492;26,65999984741211;26,65999984741211;23800
2026-08-06;11:10:00;-03:00;26,65999984741211;26,700000762939453;26,65999984741211;26,68000030517578;12000
2026-08-06;11:15:00;-03:00;26,670000076293945;26,670000076293945;26,639999389648438;26,65999984741211;12000
2026-08-06;11:20:00;-03:00;26,65999984741211;26,65999984741211;26,6200008392334;26,65999984741211;8700
2026-08-06;11:25:00;-03:00;26,649999618530273;26,739999771118164;26,649999618530273;26,68000030517578;55100
2026-08-06;11:30:00;-03:00;26,690000534057617;26,719999313354492;26,670000076293945;26,68000030517578;13600
2026-08-06;11:35:00;-03:00;26,68000030517578;26,709999084472656;26,670000076293945;26,68000030517578;9100
2026-08-06;11:40:00;-03:00;26,68000030517578;26,719999313354492;26,65999984741211;26,709999084472656;14400
2026-08-06;11:45:00;-03:00;26,709999084472656;26,75;26,709999084472656;26,75;6700
2026-08-06;11:50:00;-03:00;26,739999771118164;26,81999969482422;26,709999084472656;26,81999969482422;35300
2026-08-06;11:55:00;-03:00;26,799999237060547;26,809999465942383;26,760000228881836;26,760000228881836;11500
2026-08-06;12:00:00;-03:00;26,770000457763672;26,809999465942383;26,75;26,809999465942383;8200
2026-08-06;12:05:00;-03:00;26,809999465942383;26,809999465942383;26,770000457763672;26,780000686645508;7800
2026-08-06;12:10:00;-03:00;26,799999237060547;26,799999237060547;26,75;26,770000457763672;6900
2026-08-06;12:15:00;-03:00;26,75;26,780000686645508;26,729999542236328;26,770000457763672;20900
2026-08-06;12:20:00;-03:00;26,770000457763672;26,780000686645508;26,75;26,75;12900
2026-08-06;12:25:00;-03:00;26,75;26,790000915527344;26,75;26,780000686645508;6300
2026-08-06;12:30:00;-03:00;26,770000457763672;26,780000686645508;26,75;26,760000228881836;10300
2026-08-06;12:35:00;-03:00;26,75;26,770000457763672;26,75;26,75;23400
2026-08-06;12:40:00;-03:00;26,760000228881836;26,760000228881836;26,719999313354492;26,719999313354492;23500
2026-08-06;12:45:00;-03:00;26,729999542236328;26,75;26,709999084472656;26,729999542236328;21900
2026-08-06;12:50:00;-03:00;26,739999771118164;26,739999771118164;26,670000076293945;26,670000076293945;22200
2026-08-06;12:55:00;-03:00;26,68000030517578;26,719999313354492;26,65999984741211;26,690000534057617;25000
2026-08-06;13:00:00;-03:00;26,709999084472656;26,719999313354492;26,690000534057617;26,700000762939453;19600
2026-08-06;13:05:00;-03:00;26,700000762939453;26,719999313354492;26,690000534057617;26,700000762939453;13800
2026-08-06;13:10:00;-03:00;26,709999084472656;26,709999084472656;26,670000076293945;26,700000762939453;23100
2026-08-06;13:15:00;-03:00;26,700000762939453;26,760000228881836;26,690000534057617;26,75;24500
2026-08-06;13:20:00;-03:00;26,760000228881836;26,770000457763672;26,75;26,75;20400
2026-08-06;13:25:00;-03:00;26,75;26,799999237060547;26,75;26,770000457763672;29700
2026-08-06;13:30:00;-03:00;26,780000686645508;26,809999465942383;26,760000228881836;26,760000228881836;27500
2026-08-06;13:35:00;-03:00;26,770000457763672;26,780000686645508;26,75;26,75;10300
2026-08-06;13:40:00;-03:00;26,770000457763672;26,770000457763672;26,75;26,770000457763672;11100
2026-08-06;13:45:00;-03:00;26,780000686645508;26,809999465942383;26,760000228881836;26,809999465942383;25800
2026-08-06;13:50:00;-03:00;26,81999969482422;26,81999969482422;26,649999618530273;26,649999618530273;52700
2026-08-06;13:55:00;-03:00;26,649999618530273;26,68000030517578;26,6200008392334;26,639999389648438;44900
2026-08-06;14:00:00;-03:00;26,639999389648438;26,65999984741211;26,6200008392334;26,6299991607666;23900
2026-08-06;14:05:00;-03:00;26,6200008392334;26,649999618530273;26,59000015258789;26,59000015258789;52100
2026-08-06;14:10:00;-03:00;26,600000381469727;26,639999389648438;26,600000381469727;26,6200008392334;22800
2026-08-06;14:15:00;-03:00;26,6299991607666;26,6299991607666;26,56999969482422;26,56999969482422;34500
2026-08-06;14:20:00;-03:00;26,56999969482422;26,600000381469727;26,540000915527344;26,549999237060547;44700
2026-08-06;14:25:00;-03:00;26,559999465942383;26,56999969482422;26,549999237060547;26,559999465942383;20700
2026-08-06;14:30:00;-03:00;26,559999465942383;26,59000015258789;26,559999465942383;26,59000015258789;19100
2026-08-06;14:35:00;-03:00;26,59000015258789;26,610000610351562;26,559999465942383;26,579999923706055;35600
2026-08-06;14:40:00;-03:00;26,600000381469727;26,600000381469727;26,559999465942383;26,56999969482422;22700
2026-08-06;14:45:00;-03:00;26,56999969482422;26,600000381469727;26,559999465942383;26,559999465942383;23100
2026-08-06;14:50:00;-03:00;26,56999969482422;26,59000015258789;26,540000915527344;26,540000915527344;34100
2026-08-06;14:55:00;-03:00;26,540000915527344;26,579999923706055;26,540000915527344;26,56999969482422;17800
2026-08-06;15:00:00;-03:00;26,579999923706055;26,579999923706055;26,540000915527344;26,559999465942383;20300
2026-08-06;15:05:00;-03:00;26,56999969482422;26,579999923706055;26,540000915527344;26,559999465942383;33200
2026-08-06;15:10:00;-03:00;26,559999465942383;26,56999969482422;26,540000915527344;26,540000915527344;32000
2026-08-06;15:15:00;-03:00;26,540000915527344;26,540000915527344;26,5;26,540000915527344;35800
2026-08-06;15:20:00;-03:00;26,540000915527344;26,540000915527344;26,520000457763672;26,530000686645508;19000
2026-08-06;15:25:00;-03:00;26,530000686645508;26,559999465942383;26,510000228881836;26,530000686645508;28700
2026-08-06;15:30:00;-03:00;26,540000915527344;26,559999465942383;26,520000457763672;26,540000915527344;29600
2026-08-06;15:35:00;-03:00;26,549999237060547;26,559999465942383;26,520000457763672;26,559999465942383;30300
2026-08-06;15:40:00;-03:00;26,549999237060547;26,559999465942383;26,540000915527344;26,559999465942383;17700
2026-08-06;15:45:00;-03:00;26,559999465942383;26,610000610351562;26,549999237060547;26,610000610351562;24200
2026-08-06;15:50:00;-03:00;26,610000610351562;26,6200008392334;26,579999923706055;26,600000381469727;24300
2026-08-06;15:55:00;-03:00;26,600000381469727;26,610000610351562;26,56999969482422;26,59000015258789;37100
2026-08-06;16:00:00;-03:00;26,579999923706055;26,600000381469727;26,56999969482422;26,600000381469727;26000
2026-08-06;16:05:00;-03:00;26,600000381469727;26,6200008392334;26,56999969482422;26,600000381469727;38800
2026-08-06;16:10:00;-03:00;26,600000381469727;26,610000610351562;26,579999923706055;26,59000015258789;35700
2026-08-06;16:15:00;-03:00;26,59000015258789;26,600000381469727;26,579999923706055;26,600000381469727;22000
2026-08-06;16:20:00;-03:00;26,600000381469727;26,600000381469727;26,559999465942383;26,56999969482422;62000
2026-08-06;16:25:00;-03:00;26,56999969482422;26,639999389648438;26,56999969482422;26,639999389648438;44200
2026-08-06;16:30:00;-03:00;26,639999389648438;26,639999389648438;26,579999923706055;26,600000381469727;62500
2026-08-06;16:35:00;-03:00;26,59000015258789;26,600000381469727;26,56999969482422;26,579999923706055;64500
2026-08-06;16:40:00;-03:00;26,59000015258789;26,59000015258789;26,579999923706055;26,59000015258789;34400
2026-08-06;16:45:00;-03:00;26,59000015258789;26,600000381469727;26,579999923706055;26,59000015258789;42300
2026-08-06;16:50:00;-03:00;26,59000015258789;26,6299991607666;26,59000015258789;26,6200008392334;48600
2026-08-07;10:00:00;-03:00;26,649999618530273;26,670000076293945;26,649999618530273;26,649999618530273;3400
2026-08-07;10:05:00;-03:00;26,6299991607666;26,68000030517578;26,6200008392334;26,6200008392334;4300
2026-08-07;10:10:00;-03:00;26,670000076293945;26,670000076293945;26,600000381469727;26,639999389648438;3000
2026-08-07;10:15:00;-03:00;26,649999618530273;26,700000762939453;26,6200008392334;26,670000076293945;22700
2026-08-07;10:20:00;-03:00;26,68000030517578;26,729999542236328;26,65999984741211;26,729999542236328;5100
2026-08-07;10:25:00;-03:00;26,719999313354492;26,770000457763672;26,709999084472656;26,770000457763672;4100
2026-08-07;10:30:00;-03:00;26,75;26,780000686645508;26,709999084472656;26,760000228881836;34100
2026-08-07;10:35:00;-03:00;26,760000228881836;26,780000686645508;26,719999313354492;26,760000228881836;13300
2026-08-07;10:40:00;-03:00;26,770000457763672;26,829999923706055;26,739999771118164;26,829999923706055;14700
2026-08-07;10:45:00;-03:00;26,829999923706055;26,850000381469727;26,81999969482422;26,81999969482422;7600
2026-08-07;10:50:00;-03:00;26,829999923706055;26,850000381469727;26,790000915527344;26,81999969482422;18500
2026-08-07;10:55:00;-03:00;26,829999923706055;26,829999923706055;26,799999237060547;26,809999465942383;5000
2026-08-07;11:00:00;-03:00;26,809999465942383;26,809999465942383;26,65999984741211;26,65999984741211;19700
2026-08-07;11:05:00;-03:00;26,68000030517578;26,690000534057617;26,6200008392334;26,6200008392334;6500
2026-08-07;11:10:00;-03:00;26,639999389648438;26,639999389648438;26,579999923706055;26,59000015258789;19800
2026-08-07;11:15:00;-03:00;26,56999969482422;26,56999969482422;26,510000228881836;26,530000686645508;20900
2026-08-07;11:20:00;-03:00;26,510000228881836;26,530000686645508;26,479999542236328;26,479999542236328;25900
2026-08-07;11:25:00;-03:00;26,489999771118164;26,510000228881836;26,479999542236328;26,510000228881836;11900
2026-08-07;11:30:00;-03:00;26,520000457763672;26,549999237060547;26,5;26,540000915527344;14700
2026-08-07;11:35:00;-03:00;26,530000686645508;26,559999465942383;26,389999389648438;26,399999618530273;168800
2026-08-07;11:40:00;-03:00;26,399999618530273;26,420000076293945;26,3799991607666;26,40999984741211;9000
2026-08-07;11:45:00;-03:00;26,420000076293945;26,43000030517578;26,3799991607666;26,40999984741211;14200
2026-08-07;11:50:00;-03:00;26,399999618530273;26,399999618530273;26,360000610351562;26,3799991607666;11500
2026-08-07;11:55:00;-03:00;26,360000610351562;26,389999389648438;26,350000381469727;26,3799991607666;7600
2026-08-07;12:00:00;-03:00;26,360000610351562;26,3799991607666;26,260000228881836;26,260000228881836;38900
2026-08-07;12:05:00;-03:00;26,260000228881836;26,260000228881836;26,209999084472656;26,209999084472656;25400
2026-08-07;12:10:00;-03:00;26,209999084472656;26,229999542236328;26,190000534057617;26,229999542236328;28000
2026-08-07;12:15:00;-03:00;26,229999542236328;26,260000228881836;26,209999084472656;26,239999771118164;13900
2026-08-07;12:20:00;-03:00;26,239999771118164;26,25;26,209999084472656;26,229999542236328;14700
2026-08-07;12:25:00;-03:00;26,239999771118164;26,260000228881836;26,219999313354492;26,229999542236328;10100
2026-08-07;12:30:00;-03:00;26,229999542236328;26,270000457763672;26,229999542236328;26,25;18600
2026-08-07;12:35:00;-03:00;26,25;26,329999923706055;26,239999771118164;26,329999923706055;49200
2026-08-07;12:40:00;-03:00;26,31999969482422;26,360000610351562;26,290000915527344;26,350000381469727;17500
2026-08-07;12:45:00;-03:00;26,350000381469727;26,360000610351562;26,329999923706055;26,329999923706055;8400
2026-08-07;12:50:00;-03:00;26,329999923706055;26,34000015258789;26,299999237060547;26,309999465942383;9400
2026-08-07;12:55:00;-03:00;26,299999237060547;26,31999969482422;26,270000457763672;26,280000686645508;101900
2026-08-07;13:00:00;-03:00;26,290000915527344;26,3799991607666;26,270000457763672;26,3700008392334;95500
2026-08-07;13:05:00;-03:00;26,360000610351562;26,3700008392334;26,350000381469727;26,360000610351562;14900
2026-08-07;13:10:00;-03:00;26,360000610351562;26,399999618530273;26,350000381469727;26,389999389648438;26700
2026-08-07;13:15:00;-03:00;26,389999389648438;26,389999389648438;26,3700008392334;26,3799991607666;19200
2026-08-07;13:20:00;-03:00;26,3799991607666;26,399999618530273;26,350000381469727;26,360000610351562;18500
2026-08-07;13:25:00;-03:00;26,3700008392334;26,3799991607666;26,34000015258789;26,3799991607666;33200
2026-08-07;13:30:00;-03:00;26,3799991607666;26,3799991607666;26,350000381469727;26,360000610351562;5700
2026-08-07;13:35:00;-03:00;26,3700008392334;26,389999389648438;26,34000015258789;26,389999389648438;40700
2026-08-07;13:40:00;-03:00;26,3799991607666;26,399999618530273;26,3799991607666;26,3799991607666;4400
2026-08-07;13:45:00;-03:00;26,3799991607666;26,389999389648438;26,299999237060547;26,309999465942383;96400
2026-08-07;13:50:00;-03:00;26,31999969482422;26,34000015258789;26,299999237060547;26,34000015258789;49600
2026-08-07;13:55:00;-03:00;26,34000015258789;26,34000015258789;26,299999237060547;26,34000015258789;42600
2026-08-07;14:00:00;-03:00;26,34000015258789;26,34000015258789;26,270000457763672;26,270000457763672;106300
2026-08-07;14:05:00;-03:00;26,280000686645508;26,290000915527344;26,270000457763672;26,280000686645508;29500
2026-08-07;14:10:00;-03:00;26,290000915527344;26,329999923706055;26,290000915527344;26,299999237060547;61400
2026-08-07;14:15:00;-03:00;26,299999237060547;26,31999969482422;26,290000915527344;26,31999969482422;24300
2026-08-07;14:20:00;-03:00;26,31999969482422;26,31999969482422;26,299999237060547;26,309999465942383;23700
2026-08-07;14:25:00;-03:00;26,309999465942383;26,34000015258789;26,309999465942383;26,34000015258789;33000
2026-08-07;14:30:00;-03:00;26,34000015258789;26,350000381469727;26,31999969482422;26,31999969482422;22000
2026-08-07;14:35:00;-03:00;26,329999923706055;26,34000015258789;26,290000915527344;26,290000915527344;25100
2026-08-07;14:40:00;-03:00;26,299999237060547;26,389999389648438;26,290000915527344;26,3700008392334;379700
2026-08-07;14:45:00;-03:00;26,3799991607666;26,3799991607666;26,329999923706055;26,329999923706055;8800
2026-08-07;14:50:00;-03:00;26,350000381469727;26,3700008392334;26,34000015258789;26,350000381469727;16400
2026-08-07;14:55:00;-03:00;26,350000381469727;26,3700008392334;26,350000381469727;26,3700008392334;26100
2026-08-07;15:00:00;-03:00;26,3700008392334;26,3700008392334;26,350000381469727;26,350000381469727;8100
2026-08-07;15:05:00;-03:00;26,360000610351562;26,3700008392334;26,34000015258789;26,360000610351562;66200
2026-08-07;15:10:00;-03:00;26,350000381469727;26,360000610351562;26,290000915527344;26,31999969482422;159700
2026-08-07;15:15:00;-03:00;26,329999923706055;26,329999923706055;26,299999237060547;26,329999923706055;37800
2026-08-07;15:20:00;-03:00;26,31999969482422;26,329999923706055;26,309999465942383;26,309999465942383;30100
2026-08-07;15:25:00;-03:00;26,309999465942383;26,34000015258789;26,309999465942383;26,31999969482422;23900
2026-08-07;15:30:00;-03:00;26,31999969482422;26,34000015258789;26,31999969482422;26,34000015258789;21900
2026-08-07;15:35:00;-03:00;26,34000015258789;26,34000015258789;26,299999237060547;26,31999969482422;18200
2026-08-07;15:40:00;-03:00;26,31999969482422;26,31999969482422;26,290000915527344;26,290000915527344;116300
2026-08-07;15:45:00;-03:00;26,290000915527344;26,299999237060547;26,280000686645508;26,299999237060547;82500
2026-08-07;15:50:00;-03:00;26,299999237060547;26,299999237060547;26,219999313354492;26,219999313354492;85900
2026-08-07;15:55:00;-03:00;26,219999313354492;26,25;26,200000762939453;26,25;38600
2026-08-07;16:00:00;-03:00;26,239999771118164;26,280000686645508;26,239999771118164;26,270000457763672;12900
2026-08-07;16:05:00;-03:00;26,280000686645508;26,290000915527344;26,270000457763672;26,280000686645508;23100
2026-08-07;16:10:00;-03:00;26,280000686645508;26,299999237060547;26,280000686645508;26,280000686645508;25500
2026-08-07;16:15:00;-03:00;26,280000686645508;26,299999237060547;26,270000457763672;26,290000915527344;27500
2026-08-07;16:20:00;-03:00;26,299999237060547;26,299999237060547;26,280000686645508;26,280000686645508;25200
2026-08-07;16:25:00;-03:00;26,290000915527344;26,290000915527344;26,260000228881836;26,270000457763672;30400
2026-08-07;16:30:00;-03:00;26,260000228881836;26,299999237060547;26,260000228881836;26,290000915527344;67600
2026-08-07;16:35:00;-03:00;26,290000915527344;26,290000915527344;26,260000228881836;26,280000686645508;40700
2026-08-07;16:40:00;-03:00;26,270000457763672;26,290000915527344;26,270000457763672;26,270000457763672;45800
2026-08-07;16:45:00;-03:00;26,270000457763672;26,280000686645508;26,260000228881836;26,280000686645508;60100
2026-08-07;16:50:00;-03:00;26,270000457763672;26,280000686645508;26,229999542236328;26,260000228881836;38400
2026-08-07;16:55:00;-03:00;26,270000457763672;26,270000457763672;26,270000457763672;26,270000457763672;100
2026-08-10;10:00:00;-03:00;26,200000762939453;26,200000762939453;26,110000610351562;26,1299991607666;0
2026-08-10;10:05:00;-03:00;26,1299991607666;26,190000534057617;26,079999923706055;26,100000381469727;9200
2026-08-10;10:10:00;-03:00;26,100000381469727;26,110000610351562;26,049999237060547;26,06999969482422;23900
2026-08-10;10:15:00;-03:00;26,059999465942383;26,1299991607666;26,059999465942383;26,1200008392334;8900
2026-08-10;10:20:00;-03:00;26,100000381469727;26,209999084472656;26,100000381469727;26,139999389648438;21000
2026-08-10;10:25:00;-03:00;26,149999618530273;26,149999618530273;26,09000015258789;26,09000015258789;31200
2026-08-10;10:30:00;-03:00;26,100000381469727;26,170000076293945;26,06999969482422;26,170000076293945;33200
2026-08-10;10:35:00;-03:00;26,15999984741211;26,209999084472656;26,020000457763672;26,030000686645508;68700
2026-08-10;10:40:00;-03:00;26,040000915527344;26,149999618530273;26,040000915527344;26,110000610351562;78800
2026-08-10;10:45:00;-03:00;26,110000610351562;26,1200008392334;26,06999969482422;26,100000381469727;10100
2026-08-10;10:50:00;-03:00;26,100000381469727;26,149999618530273;26,06999969482422;26,149999618530273;36700
2026-08-10;10:55:00;-03:00;26,139999389648438;26,149999618530273;26,06999969482422;26,110000610351562;44500
2026-08-10;11:00:00;-03:00;26,09000015258789;26,100000381469727;25,940000534057617;25,969999313354492;96700
2026-08-10;11:05:00;-03:00;25,969999313354492;25,979999542236328;25,8700008392334;25,8700008392334;37100
2026-08-10;11:10:00;-03:00;25,860000610351562;25,889999389648438;25,81999969482422;25,81999969482422;30100
2026-08-10;11:15:00;-03:00;25,81999969482422;25,850000381469727;25,799999237060547;25,81999969482422;20000
2026-08-10;11:20:00;-03:00;25,809999465942383;25,8700008392334;25,780000686645508;25,829999923706055;28800
2026-08-10;11:25:00;-03:00;25,829999923706055;25,829999923706055;25,799999237060547;25,799999237060547;9400
2026-08-10;11:30:00;-03:00;25,799999237060547;25,8799991607666;25,799999237060547;25,8799991607666;17200
2026-08-10;11:35:00;-03:00;25,8700008392334;25,950000762939453;25,8700008392334;25,920000076293945;26000
2026-08-10;11:40:00;-03:00;25,920000076293945;25,950000762939453;25,920000076293945;25,940000534057617;10400
2026-08-10;11:45:00;-03:00;25,940000534057617;26,040000915527344;25,940000534057617;26,040000915527344;27500
2026-08-10;11:50:00;-03:00;26,020000457763672;26,049999237060547;26,0;26,020000457763672;32200
2026-08-10;11:55:00;-03:00;26,020000457763672;26,049999237060547;26,010000228881836;26,030000686645508;9300
2026-08-10;12:00:00;-03:00;26,040000915527344;26,059999465942383;25,93000030517578;25,969999313354492;105600
2026-08-10;12:05:00;-03:00;25,979999542236328;26,040000915527344;25,969999313354492;26,010000228881836;48000
2026-08-10;12:10:00;-03:00;25,989999771118164;26,010000228881836;25,989999771118164;26,010000228881836;7000
2026-08-10;12:15:00;-03:00;26,020000457763672;26,020000457763672;26,0;26,010000228881836;10300
2026-08-10;12:20:00;-03:00;26,010000228881836;26,030000686645508;26,0;26,010000228881836;12000
2026-08-10;12:25:00;-03:00;26,010000228881836;26,049999237060547;26,010000228881836;26,030000686645508;15900
2026-08-10;12:30:00;-03:00;26,010000228881836;26,020000457763672;25,8799991607666;25,989999771118164;180300
2026-08-10;12:35:00;-03:00;26,010000228881836;26,030000686645508;25,950000762939453;25,979999542236328;182100
2026-08-10;12:40:00;-03:00;26,0;26,010000228881836;25,940000534057617;25,950000762939453;264900
2026-08-10;12:45:00;-03:00;25,950000762939453;25,969999313354492;25,940000534057617;25,940000534057617;21900
2026-08-10;12:50:00;-03:00;25,93000030517578;25,950000762939453;25,93000030517578;25,940000534057617;5900
2026-08-10;12:55:00;-03:00;25,93000030517578;25,93000030517578;25,899999618530273;25,90999984741211;22300
2026-08-10;13:00:00;-03:00;25,899999618530273;25,920000076293945;25,8799991607666;25,90999984741211;20700
2026-08-10;13:05:00;-03:00;25,899999618530273;25,899999618530273;25,850000381469727;25,8700008392334;26100
2026-08-10;13:10:00;-03:00;25,8700008392334;25,889999389648438;25,850000381469727;25,8700008392334;39400
2026-08-10;13:15:00;-03:00;25,8700008392334;25,889999389648438;25,850000381469727;25,8700008392334;22100
2026-08-10;13:20:00;-03:00;25,8700008392334;25,90999984741211;25,860000610351562;25,8700008392334;13100
2026-08-10;13:25:00;-03:00;25,860000610351562;25,889999389648438;25,860000610351562;25,8799991607666;17100
2026-08-10;13:30:00;-03:00;25,889999389648438;25,920000076293945;25,8700008392334;25,920000076293945;44500
2026-08-10;13:35:00;-03:00;25,899999618530273;25,920000076293945;25,889999389648438;25,899999618530273;5900
2026-08-10;13:40:00;-03:00;25,889999389648438;25,90999984741211;25,8700008392334;25,8700008392334;11900
2026-08-10;13:45:00;-03:00;25,8700008392334;25,90999984741211;25,8700008392334;25,90999984741211;26300
2026-08-10;13:50:00;-03:00;25,920000076293945;25,920000076293945;25,889999389648438;25,889999389648438;7800
2026-08-10;13:55:00;-03:00;25,889999389648438;25,93000030517578;25,889999389648438;25,93000030517578;22400
2026-08-10;14:00:00;-03:00;25,920000076293945;25,940000534057617;25,90999984741211;25,93000030517578;17000
2026-08-10;14:05:00;-03:00;25,920000076293945;25,93000030517578;25,889999389648438;25,899999618530273;39500
2026-08-10;14:10:00;-03:00;25,90999984741211;25,920000076293945;25,889999389648438;25,920000076293945;18000
2026-08-10;14:15:00;-03:00;25,90999984741211;25,93000030517578;25,889999389648438;25,90999984741211;11200
2026-08-10;14:20:00;-03:00;25,899999618530273;25,920000076293945;25,889999389648438;25,889999389648438;17900
2026-08-10;14:25:00;-03:00;25,889999389648438;25,889999389648438;25,8700008392334;25,8700008392334;17700
2026-08-10;14:30:00;-03:00;25,8700008392334;25,899999618530273;25,84000015258789;25,84000015258789;41200
2026-08-10;14:35:00;-03:00;25,850000381469727;25,860000610351562;25,84000015258789;25,84000015258789;16200
2026-08-10;14:40:00;-03:00;25,850000381469727;25,860000610351562;25,81999969482422;25,850000381469727;14000
2026-08-10;14:45:00;-03:00;25,850000381469727;25,850000381469727;25,829999923706055;25,829999923706055;10800
2026-08-10;14:50:00;-03:00;25,84000015258789;25,850000381469727;25,829999923706055;25,84000015258789;10600
2026-08-10;14:55:00;-03:00;25,84000015258789;25,8799991607666;25,84000015258789;25,84000015258789;16100
2026-08-10;15:00:00;-03:00;25,84000015258789;25,8700008392334;25,829999923706055;25,8700008392334;20100
2026-08-10;15:05:00;-03:00;25,8700008392334;25,8799991607666;25,790000915527344;25,799999237060547;45900
2026-08-10;15:10:00;-03:00;25,799999237060547;25,799999237060547;25,75;25,770000457763672;30500
2026-08-10;15:15:00;-03:00;25,760000228881836;25,780000686645508;25,75;25,75;38800
2026-08-10;15:20:00;-03:00;25,75;25,770000457763672;25,739999771118164;25,75;28700
2026-08-10;15:25:00;-03:00;25,75;25,75;25,729999542236328;25,739999771118164;43000
2026-08-10;15:30:00;-03:00;25,729999542236328;25,760000228881836;25,729999542236328;25,739999771118164;32300
2026-08-10;15:35:00;-03:00;25,739999771118164;25,770000457763672;25,729999542236328;25,75;17600
2026-08-10;15:40:00;-03:00;25,75;25,760000228881836;25,739999771118164;25,739999771118164;18800
2026-08-10;15:45:00;-03:00;25,739999771118164;25,770000457763672;25,739999771118164;25,770000457763672;30800
2026-08-10;15:50:00;-03:00;25,760000228881836;25,780000686645508;25,760000228881836;25,770000457763672;37300
2026-08-10;15:55:00;-03:00;25,770000457763672;25,780000686645508;25,760000228881836;25,770000457763672;18900
2026-08-10;16:00:00;-03:00;25,770000457763672;25,780000686645508;25,739999771118164;25,739999771118164;32800
2026-08-10;16:05:00;-03:00;25,739999771118164;25,790000915527344;25,739999771118164;25,790000915527344;28600
2026-08-10;16:10:00;-03:00;25,780000686645508;25,790000915527344;25,760000228881836;25,770000457763672;28500
2026-08-10;16:15:00;-03:00;25,770000457763672;25,799999237060547;25,770000457763672;25,780000686645508;29300
2026-08-10;16:20:00;-03:00;25,780000686645508;25,84000015258789;25,780000686645508;25,829999923706055;58900
2026-08-10;16:25:00;-03:00;25,829999923706055;25,860000610351562;25,81999969482422;25,850000381469727;93000
2026-08-10;16:30:00;-03:00;25,850000381469727;25,889999389648438;25,829999923706055;25,8799991607666;107500
2026-08-10;16:35:00;-03:00;25,8799991607666;25,93000030517578;25,8799991607666;25,899999618530273;64600
2026-08-10;16:40:00;-03:00;25,899999618530273;25,920000076293945;25,889999389648438;25,889999389648438;48000
2026-08-10;16:45:00;-03:00;25,8799991607666;25,920000076293945;25,8700008392334;25,90999984741211;51300
2026-08-10;16:50:00;-03:00;25,90999984741211;25,920000076293945;25,8700008392334;25,8700008392334;30700
2026-08-11;10:00:00;-03:00;25,8799991607666;25,8799991607666;25,81999969482422;25,81999969482422;0
2026-08-11;10:05:00;-03:00;25,81999969482422;25,920000076293945;25,799999237060547;25,889999389648438;8300
2026-08-11;10:10:00;-03:00;25,889999389648438;25,979999542236328;25,889999389648438;25,959999084472656;4400
2026-08-11;10:15:00;-03:00;25,950000762939453;25,989999771118164;25,920000076293945;25,989999771118164;27400
2026-08-11;10:20:00;-03:00;25,969999313354492;25,979999542236328;25,93000030517578;25,959999084472656;7600
2026-08-11;10:25:00;-03:00;25,959999084472656;25,959999084472656;25,899999618530273;25,899999618530273;12000
2026-08-11;10:30:00;-03:00;25,920000076293945;26,0;25,8700008392334;25,989999771118164;70100
2026-08-11;10:35:00;-03:00;26,0;26,020000457763672;25,969999313354492;25,979999542236328;9500
2026-08-11;10:40:00;-03:00;25,969999313354492;26,040000915527344;25,969999313354492;26,010000228881836;14900
2026-08-11;10:45:00;-03:00;26,040000915527344;26,149999618530273;26,040000915527344;26,06999969482422;26500
2026-08-11;10:50:00;-03:00;26,059999465942383;26,06999969482422;26,0;26,030000686645508;10600
2026-08-11;10:55:00;-03:00;26,020000457763672;26,059999465942383;26,0;26,020000457763672;7200
2026-08-11;11:00:00;-03:00;26,020000457763672;26,030000686645508;26,0;26,030000686645508;33200
2026-08-11;11:05:00;-03:00;26,040000915527344;26,059999465942383;26,0;26,040000915527344;23300
2026-08-11;11:10:00;-03:00;26,030000686645508;26,049999237060547;26,0;26,010000228881836;9500
2026-08-11;11:15:00;-03:00;26,0;26,0;25,93000030517578;25,940000534057617;67600
2026-08-11;11:20:00;-03:00;25,950000762939453;25,969999313354492;25,93000030517578;25,959999084472656;14700
2026-08-11;11:25:00;-03:00;25,950000762939453;25,969999313354492;25,920000076293945;25,940000534057617;17300
2026-08-11;11:30:00;-03:00;25,950000762939453;25,989999771118164;25,950000762939453;25,979999542236328;15700
2026-08-11;11:35:00;-03:00;25,979999542236328;25,989999771118164;25,920000076293945;25,920000076293945;45900
2026-08-11;11:40:00;-03:00;25,90999984741211;25,93000030517578;25,899999618530273;25,920000076293945;35200
2026-08-11;11:45:00;-03:00;25,920000076293945;25,920000076293945;25,809999465942383;25,809999465942383;45400
2026-08-11;11:50:00;-03:00;25,809999465942383;25,84000015258789;25,790000915527344;25,790000915527344;22400
2026-08-11;11:55:00;-03:00;25,790000915527344;25,829999923706055;25,790000915527344;25,829999923706055;87400
2026-08-11;12:00:00;-03:00;25,829999923706055;25,850000381469727;25,770000457763672;25,809999465942383;33100
2026-08-11;12:05:00;-03:00;25,799999237060547;25,84000015258789;25,770000457763672;25,780000686645508;15500
2026-08-11;12:10:00;-03:00;25,770000457763672;25,809999465942383;25,760000228881836;25,790000915527344;10500
2026-08-11;12:15:00;-03:00;25,780000686645508;25,790000915527344;25,770000457763672;25,790000915527344;10300
2026-08-11;12:20:00;-03:00;25,790000915527344;25,799999237060547;25,780000686645508;25,780000686645508;9500
2026-08-11;12:25:00;-03:00;25,790000915527344;25,790000915527344;25,760000228881836;25,770000457763672;13300
2026-08-11;12:30:00;-03:00;25,770000457763672;25,780000686645508;25,709999084472656;25,709999084472656;30100
2026-08-11;12:35:00;-03:00;25,719999313354492;25,719999313354492;25,649999618530273;25,649999618530273;25300
2026-08-11;12:40:00;-03:00;25,65999984741211;25,670000076293945;25,639999389648438;25,65999984741211;15100
2026-08-11;12:45:00;-03:00;25,65999984741211;25,690000534057617;25,639999389648438;25,670000076293945;28400
2026-08-11;12:50:00;-03:00;25,670000076293945;25,68000030517578;25,610000610351562;25,6200008392334;17600
2026-08-11;12:55:00;-03:00;25,6299991607666;25,6299991607666;25,610000610351562;25,6299991607666;12000
2026-08-11;13:00:00;-03:00;25,6299991607666;25,6299991607666;25,610000610351562;25,6200008392334;14200
2026-08-11;13:05:00;-03:00;25,6299991607666;25,649999618530273;25,610000610351562;25,639999389648438;13400
2026-08-11;13:10:00;-03:00;25,649999618530273;25,709999084472656;25,649999618530273;25,690000534057617;17700
2026-08-11;13:15:00;-03:00;25,690000534057617;25,700000762939453;25,639999389648438;25,649999618530273;36800
2026-08-11;13:20:00;-03:00;25,649999618530273;25,65999984741211;25,639999389648438;25,639999389648438;17000
2026-08-11;13:25:00;-03:00;25,639999389648438;25,68000030517578;25,6299991607666;25,670000076293945;24200
2026-08-11;13:30:00;-03:00;25,649999618530273;25,68000030517578;25,649999618530273;25,670000076293945;12600
2026-08-11;13:35:00;-03:00;25,68000030517578;25,700000762939453;25,670000076293945;25,690000534057617;16700
2026-08-11;13:40:00;-03:00;25,68000030517578;25,700000762939453;25,68000030517578;25,690000534057617;13600
2026-08-11;13:45:00;-03:00;25,690000534057617;25,700000762939453;25,68000030517578;25,690000534057617;13700
2026-08-11;13:50:00;-03:00;25,700000762939453;25,700000762939453;25,65999984741211;25,65999984741211;13100
2026-08-11;13:55:00;-03:00;25,65999984741211;25,65999984741211;25,610000610351562;25,610000610351562;15600
2026-08-11;14:00:00;-03:00;25,610000610351562;25,639999389648438;25,610000610351562;25,6200008392334;21400
2026-08-11;14:05:00;-03:00;25,6200008392334;25,639999389648438;25,610000610351562;25,610000610351562;15200
2026-08-11;14:10:00;-03:00;25,6200008392334;25,639999389648438;25,600000381469727;25,600000381469727;34900
2026-08-11;14:15:00;-03:00;25,600000381469727;25,639999389648438;25,59000015258789;25,6299991607666;71400
2026-08-11;14:20:00;-03:00;25,6299991607666;25,6299991607666;25,600000381469727;25,600000381469727;15700
2026-08-11;14:25:00;-03:00;25,600000381469727;25,600000381469727;25,530000686645508;25,530000686645508;39800
2026-08-11;14:30:00;-03:00;25,530000686645508;25,530000686645508;25,510000228881836;25,520000457763672;30300
2026-08-11;14:35:00;-03:00;25,530000686645508;25,540000915527344;25,510000228881836;25,540000915527344;26900
2026-08-11;14:40:00;-03:00;25,540000915527344;25,559999465942383;25,520000457763672;25,520000457763672;23700
2026-08-11;14:45:00;-03:00;25,520000457763672;25,520000457763672;25,479999542236328;25,5;47800
2026-08-11;14:50:00;-03:00;25,510000228881836;25,510000228881836;25,479999542236328;25,489999771118164;37300
2026-08-11;14:55:00;-03:00;25,5;25,5;25,469999313354492;25,469999313354492;33400
2026-08-11;15:00:00;-03:00;25,469999313354492;25,489999771118164;25,440000534057617;25,440000534057617;38200
2026-08-11;15:05:00;-03:00;25,440000534057617;25,450000762939453;25,389999389648438;25,389999389648438;41400
2026-08-11;15:10:00;-03:00;25,399999618530273;25,399999618530273;25,34000015258789;25,34000015258789;65200
2026-08-11;15:15:00;-03:00;25,34000015258789;25,350000381469727;25,329999923706055;25,34000015258789;37800
2026-08-11;15:20:00;-03:00;25,350000381469727;25,350000381469727;25,309999465942383;25,31999969482422;84500
2026-08-11;15:25:00;-03:00;25,329999923706055;25,389999389648438;25,309999465942383;25,3799991607666;76200
2026-08-11;15:30:00;-03:00;25,3799991607666;25,3799991607666;25,350000381469727;25,350000381469727;35700
2026-08-11;15:35:00;-03:00;25,350000381469727;25,360000610351562;25,329999923706055;25,34000015258789;34300
2026-08-11;15:40:00;-03:00;25,34000015258789;25,350000381469727;25,31999969482422;25,31999969482422;20500
2026-08-11;15:45:00;-03:00;25,31999969482422;25,34000015258789;25,260000228881836;25,270000457763672;152700
2026-08-11;15:50:00;-03:00;25,270000457763672;25,329999923706055;25,270000457763672;25,309999465942383;35100
2026-08-11;15:55:00;-03:00;25,309999465942383;25,31999969482422;25,25;25,290000915527344;117300
2026-08-11;16:00:00;-03:00;25,299999237060547;25,3700008392334;25,299999237060547;25,350000381469727;34900
2026-08-11;16:05:00;-03:00;25,350000381469727;25,3799991607666;25,34000015258789;25,3799991607666;39300
2026-08-11;16:10:00;-03:00;25,3700008392334;25,3700008392334;25,34000015258789;25,350000381469727;44700
2026-08-11;16:15:00;-03:00;25,350000381469727;25,350000381469727;25,309999465942383;25,309999465942383;40700
2026-08-11;16:20:00;-03:00;25,309999465942383;25,360000610351562;25,299999237060547;25,360000610351562;51900
2026-08-11;16:25:00;-03:00;25,360000610351562;25,3799991607666;25,350000381469727;25,360000610351562;46800
2026-08-11;16:30:00;-03:00;25,3700008392334;25,389999389648438;25,360000610351562;25,3700008392334;88900
2026-08-11;16:35:00;-03:00;25,360000610351562;25,3700008392334;25,360000610351562;25,360000610351562;77600
2026-08-11;16:40:00;-03:00;25,360000610351562;25,3700008392334;25,360000610351562;25,360000610351562;77600
2026-08-11;16:45:00;-03:00;25,360000610351562;25,440000534057617;25,360000610351562;25,43000030517578;109400
2026-08-11;16:50:00;-03:00;25,43000030517578;25,440000534057617;25,399999618530273;25,399999618530273;49300
2026-08-12;10:00:00;-03:00;25,469999313354492;25,479999542236328;25,31999969482422;25,31999969482422;0
2026-08-12;10:05:00;-03:00;25,329999923706055;25,3799991607666;25,31999969482422;25,34000015258789;14400
2026-08-12;10:10:00;-03:00;25,350000381469727;25,3799991607666;25,280000686645508;25,280000686645508;12900
2026-08-12;10:15:00;-03:00;25,280000686645508;25,34000015258789;25,260000228881836;25,260000228881836;14100
2026-08-12;10:20:00;-03:00;25,260000228881836;25,34000015258789;25,219999313354492;25,329999923706055;31400
2026-08-12;10:25:00;-03:00;25,31999969482422;25,549999237060547;25,31999969482422;25,479999542236328;159700
2026-08-12;10:30:00;-03:00;25,479999542236328;25,6200008392334;25,459999084472656;25,600000381469727;63900
2026-08-12;10:35:00;-03:00;25,600000381469727;25,649999618530273;25,469999313354492;25,489999771118164;234900
2026-08-12;10:40:00;-03:00;25,489999771118164;25,59000015258789;25,489999771118164;25,56999969482422;42600
2026-08-12;10:45:00;-03:00;25,56999969482422;25,600000381469727;25,510000228881836;25,510000228881836;31500
2026-08-12;10:50:00;-03:00;25,520000457763672;25,549999237060547;25,469999313354492;25,479999542236328;36700
2026-08-12;10:55:00;-03:00;25,469999313354492;25,510000228881836;25,469999313354492;25,5;23000
2026-08-12;11:00:00;-03:00;25,5;25,56999969482422;25,469999313354492;25,56999969482422;41500
2026-08-12;11:05:00;-03:00;25,56999969482422;25,639999389648438;25,559999465942383;25,610000610351562;49300
2026-08-12;11:10:00;-03:00;25,600000381469727;25,6200008392334;25,530000686645508;25,540000915527344;31200
2026-08-12;11:15:00;-03:00;25,540000915527344;25,6299991607666;25,520000457763672;25,610000610351562;33600
2026-08-12;11:20:00;-03:00;25,610000610351562;25,639999389648438;25,600000381469727;25,6200008392334;40000
2026-08-12;11:25:00;-03:00;25,610000610351562;25,649999618530273;25,559999465942383;25,59000015258789;34500
2026-08-12;11:30:00;-03:00;25,579999923706055;25,6200008392334;25,559999465942383;25,600000381469727;32000
2026-08-12;11:35:00;-03:00;25,59000015258789;25,600000381469727;25,469999313354492;25,56999969482422;142300
2026-08-12;11:40:00;-03:00;25,56999969482422;25,579999923706055;25,540000915527344;25,540000915527344;30200
2026-08-12;11:45:00;-03:00;25,540000915527344;25,549999237060547;25,5;25,5;28500
2026-08-12;11:50:00;-03:00;25,5;25,520000457763672;25,469999313354492;25,5;42900
2026-08-12;11:55:00;-03:00;25,5;25,549999237060547;25,5;25,530000686645508;26900
2026-08-12;12:00:00;-03:00;25,520000457763672;25,520000457763672;25,489999771118164;25,510000228881836;34400
2026-08-12;12:05:00;-03:00;25,5;25,540000915527344;25,489999771118164;25,5;53500
2026-08-12;12:10:00;-03:00;25,489999771118164;25,559999465942383;25,489999771118164;25,549999237060547;30600
2026-08-12;12:15:00;-03:00;25,549999237060547;25,6200008392334;25,549999237060547;25,610000610351562;36500
2026-08-12;12:20:00;-03:00;25,600000381469727;25,639999389648438;25,600000381469727;25,610000610351562;36300
2026-08-12;12:25:00;-03:00;25,600000381469727;25,649999618530273;25,600000381469727;25,639999389648438;32300
2026-08-12;12:30:00;-03:00;25,639999389648438;25,649999618530273;25,59000015258789;25,600000381469727;42000
2026-08-12;12:35:00;-03:00;25,600000381469727;25,610000610351562;25,59000015258789;25,600000381469727;29700
2026-08-12;12:40:00;-03:00;25,600000381469727;25,649999618530273;25,530000686645508;25,59000015258789;141700
2026-08-12;12:45:00;-03:00;25,59000015258789;25,59000015258789;25,549999237060547;25,579999923706055;31400
2026-08-12;12:50:00;-03:00;25,56999969482422;25,579999923706055;25,559999465942383;25,56999969482422;21200
2026-08-12;12:55:00;-03:00;25,559999465942383;25,59000015258789;25,549999237060547;25,559999465942383;35200
2026-08-12;13:00:00;-03:00;25,549999237060547;25,579999923706055;25,549999237060547;25,559999465942383;31600
2026-08-12;13:05:00;-03:00;25,549999237060547;25,579999923706055;25,549999237060547;25,579999923706055;29000
2026-08-12;13:10:00;-03:00;25,56999969482422;25,59000015258789;25,56999969482422;25,59000015258789;25400
2026-08-12;13:15:00;-03:00;25,579999923706055;25,59000015258789;25,520000457763672;25,549999237060547;108100
2026-08-12;13:20:00;-03:00;25,559999465942383;25,6299991607666;25,559999465942383;25,600000381469727;41200
2026-08-12;13:25:00;-03:00;25,59000015258789;25,6200008392334;25,579999923706055;25,600000381469727;34700
2026-08-12;13:30:00;-03:00;25,600000381469727;25,6299991607666;25,579999923706055;25,600000381469727;34000
2026-08-12;13:35:00;-03:00;25,579999923706055;25,610000610351562;25,579999923706055;25,579999923706055;24600
2026-08-12;13:40:00;-03:00;25,579999923706055;25,600000381469727;25,56999969482422;25,59000015258789;31900
2026-08-12;13:45:00;-03:00;25,59000015258789;25,6200008392334;25,559999465942383;25,559999465942383;39800
2026-08-12;13:50:00;-03:00;25,549999237060547;25,59000015258789;25,549999237060547;25,56999969482422;43400
2026-08-12;13:55:00;-03:00;25,579999923706055;25,610000610351562;25,559999465942383;25,579999923706055;50500
2026-08-12;14:00:00;-03:00;25,59000015258789;25,600000381469727;25,56999969482422;25,579999923706055;37400
2026-08-12;14:05:00;-03:00;25,579999923706055;25,600000381469727;25,559999465942383;25,579999923706055;48300
2026-08-12;14:10:00;-03:00;25,59000015258789;25,6299991607666;25,579999923706055;25,600000381469727;53200
2026-08-12;14:15:00;-03:00;25,600000381469727;25,610000610351562;25,56999969482422;25,56999969482422;45700
2026-08-12;14:20:00;-03:00;25,579999923706055;25,610000610351562;25,56999969482422;25,600000381469727;47300
2026-08-12;14:25:00;-03:00;25,600000381469727;25,610000610351562;25,579999923706055;25,579999923706055;36400
2026-08-12;14:30:00;-03:00;25,59000015258789;25,59000015258789;25,540000915527344;25,56999969482422;85500
2026-08-12;14:35:00;-03:00;25,56999969482422;25,600000381469727;25,530000686645508;25,59000015258789;80500
2026-08-12;14:40:00;-03:00;25,59000015258789;25,610000610351562;25,579999923706055;25,600000381469727;48900
2026-08-12;14:45:00;-03:00;25,600000381469727;25,6299991607666;25,59000015258789;25,6200008392334;54600
2026-08-12;14:50:00;-03:00;25,6299991607666;25,639999389648438;25,610000610351562;25,6200008392334;53700
2026-08-12;14:55:00;-03:00;25,6200008392334;25,6299991607666;25,610000610351562;25,6299991607666;58200
2026-08-12;15:00:00;-03:00;25,6299991607666;25,6299991607666;25,59000015258789;25,600000381469727;59700
2026-08-12;15:05:00;-03:00;25,610000610351562;25,6299991607666;25,600000381469727;25,6299991607666;41200
2026-08-12;15:10:00;-03:00;25,6299991607666;25,6299991607666;25,56999969482422;25,600000381469727;77600
2026-08-12;15:15:00;-03:00;25,600000381469727;25,6200008392334;25,59000015258789;25,600000381469727;64900
2026-08-12;15:20:00;-03:00;25,610000610351562;25,6200008392334;25,600000381469727;25,610000610351562;55200
2026-08-12;15:25:00;-03:00;25,6200008392334;25,639999389648438;25,579999923706055;25,579999923706055;51700
2026-08-12;15:30:00;-03:00;25,59000015258789;25,59000015258789;25,56999969482422;25,56999969482422;35500
2026-08-12;15:35:00;-03:00;25,579999923706055;25,59000015258789;25,549999237060547;25,549999237060547;39700
2026-08-12;15:40:00;-03:00;25,559999465942383;25,600000381469727;25,549999237060547;25,600000381469727;49700
2026-08-12;15:45:00;-03:00;25,59000015258789;25,600000381469727;25,56999969482422;25,579999923706055;48000
2026-08-12;15:50:00;-03:00;25,56999969482422;25,579999923706055;25,559999465942383;25,56999969482422;41800
2026-08-12;15:55:00;-03:00;25,56999969482422;25,600000381469727;25,559999465942383;25,56999969482422;41700
2026-08-12;16:00:00;-03:00;25,56999969482422;25,6200008392334;25,56999969482422;25,610000610351562;44700
2026-08-12;16:05:00;-03:00;25,610000610351562;25,6299991607666;25,600000381469727;25,600000381469727;51700
2026-08-12;16:10:00;-03:00;25,600000381469727;25,610000610351562;25,579999923706055;25,59000015258789;47600
2026-08-12;16:15:00;-03:00;25,59000015258789;25,600000381469727;25,56999969482422;25,579999923706055;42200
2026-08-12;16:20:00;-03:00;25,56999969482422;25,59000015258789;25,549999237060547;25,559999465942383;61300
2026-08-12;16:25:00;-03:00;25,559999465942383;25,559999465942383;25,520000457763672;25,520000457763672;39100
2026-08-12;16:30:00;-03:00;25,530000686645508;25,540000915527344;25,520000457763672;25,530000686645508;36200
2026-08-12;16:35:00;-03:00;25,540000915527344;25,540000915527344;25,520000457763672;25,540000915527344;32600
2026-08-12;16:40:00;-03:00;25,540000915527344;25,540000915527344;25,510000228881836;25,520000457763672;28700
2026-08-12;16:45:00;-03:00;25,520000457763672;25,520000457763672;25,489999771118164;25,510000228881836;66700
2026-08-12;16:50:00;-03:00;25,5;25,510000228881836;25,459999084472656;25,459999084472656;36600
2026-08-13;10:00:00;-03:00;25,5;25,59000015258789;25,5;25,59000015258789;0
2026-08-13;10:05:00;-03:00;25,56999969482422;25,670000076293945;25,549999237060547;25,65999984741211;11900
2026-08-13;10:10:00;-03:00;25,639999389648438;25,639999389648438;25,59000015258789;25,610000610351562;9500
2026-08-13;10:15:00;-03:00;25,610000610351562;25,610000610351562;25,549999237060547;25,559999465942383;9200
2026-08-13;10:20:00;-03:00;25,56999969482422;25,670000076293945;25,540000915527344;25,610000610351562;25700
2026-08-13;10:25:00;-03:00;25,6299991607666;25,709999084472656;25,610000610351562;25,700000762939453;11700
2026-08-13;10:30:00;-03:00;25,709999084472656;25,850000381469727;25,700000762939453;25,75;33200
2026-08-13;10:35:00;-03:00;25,75;25,790000915527344;25,739999771118164;25,780000686645508;17200
2026-08-13;10:40:00;-03:00;25,770000457763672;25,799999237060547;25,719999313354492;25,760000228881836;23300
2026-08-13;10:45:00;-03:00;25,780000686645508;25,799999237060547;25,700000762939453;25,719999313354492;19500
2026-08-13;10:50:00;-03:00;25,729999542236328;25,739999771118164;25,690000534057617;25,700000762939453;15700
2026-08-13;10:55:00;-03:00;25,700000762939453;25,709999084472656;25,670000076293945;25,670000076293945;14800
2026-08-13;11:00:00;-03:00;25,670000076293945;25,709999084472656;25,639999389648438;25,68000030517578;11700
2026-08-13;11:05:00;-03:00;25,700000762939453;25,700000762939453;25,649999618530273;25,68000030517578;7100
2026-08-13;11:10:00;-03:00;25,68000030517578;25,709999084472656;25,65999984741211;25,670000076293945;10100
2026-08-13;11:15:00;-03:00;25,68000030517578;25,690000534057617;25,639999389648438;25,65999984741211;13000
2026-08-13;11:20:00;-03:00;25,670000076293945;25,68000030517578;25,6299991607666;25,68000030517578;14600
2026-08-13;11:25:00;-03:00;25,670000076293945;25,700000762939453;25,670000076293945;25,690000534057617;11400
2026-08-13;11:30:00;-03:00;25,68000030517578;25,719999313354492;25,670000076293945;25,700000762939453;12800
2026-08-13;11:35:00;-03:00;25,690000534057617;25,709999084472656;25,670000076293945;25,68000030517578;13300
2026-08-13;11:40:00;-03:00;25,68000030517578;25,700000762939453;25,649999618530273;25,65999984741211;12300
2026-08-13;11:45:00;-03:00;25,65999984741211;25,670000076293945;25,610000610351562;25,610000610351562;14400
2026-08-13;11:50:00;-03:00;25,6200008392334;25,65999984741211;25,600000381469727;25,649999618530273;21600
2026-08-13;11:55:00;-03:00;25,649999618530273;25,670000076293945;25,6200008392334;25,65999984741211;8900
2026-08-13;12:00:00;-03:00;25,649999618530273;25,670000076293945;25,639999389648438;25,670000076293945;6700
2026-08-13;12:05:00;-03:00;25,670000076293945;25,670000076293945;25,6200008392334;25,6299991607666;10900
2026-08-13;12:10:00;-03:00;25,6200008392334;25,780000686645508;25,600000381469727;25,760000228881836;112300
2026-08-13;12:15:00;-03:00;25,770000457763672;25,780000686645508;25,739999771118164;25,770000457763672;22100
2026-08-13;12:20:00;-03:00;25,75;25,770000457763672;25,729999542236328;25,75;29500
2026-08-13;12:25:00;-03:00;25,75;25,770000457763672;25,739999771118164;25,760000228881836;17500
2026-08-13;12:30:00;-03:00;25,770000457763672;25,780000686645508;25,739999771118164;25,780000686645508;10100
2026-08-13;12:35:00;-03:00;25,780000686645508;25,81999969482422;25,780000686645508;25,809999465942383;24500
2026-08-13;12:40:00;-03:00;25,81999969482422;25,829999923706055;25,790000915527344;25,799999237060547;21700
2026-08-13;12:45:00;-03:00;25,799999237060547;25,809999465942383;25,780000686645508;25,790000915527344;23200
2026-08-13;12:50:00;-03:00;25,770000457763672;25,799999237060547;25,770000457763672;25,780000686645508;10100
2026-08-13;12:55:00;-03:00;25,780000686645508;25,790000915527344;25,760000228881836;25,770000457763672;21700
2026-08-13;13:00:00;-03:00;25,760000228881836;25,760000228881836;25,729999542236328;25,75;16900
2026-08-13;13:05:00;-03:00;25,739999771118164;25,780000686645508;25,729999542236328;25,770000457763672;10500
2026-08-13;13:10:00;-03:00;25,770000457763672;25,780000686645508;25,739999771118164;25,770000457763672;10600
2026-08-13;13:15:00;-03:00;25,780000686645508;25,790000915527344;25,75;25,770000457763672;10500
2026-08-13;13:20:00;-03:00;25,75;25,799999237060547;25,719999313354492;25,75;48300
2026-08-13;13:25:00;-03:00;25,739999771118164;25,75;25,709999084472656;25,729999542236328;15000
2026-08-13;13:30:00;-03:00;25,729999542236328;25,770000457763672;25,729999542236328;25,75;9300
2026-08-13;13:35:00;-03:00;25,75;25,760000228881836;25,739999771118164;25,760000228881836;11600
2026-08-13;13:40:00;-03:00;25,770000457763672;25,780000686645508;25,75;25,75;5500
2026-08-13;13:45:00;-03:00;25,75;25,780000686645508;25,75;25,780000686645508;10700
2026-08-13;13:50:00;-03:00;25,770000457763672;25,770000457763672;25,739999771118164;25,770000457763672;8700
2026-08-13;13:55:00;-03:00;25,760000228881836;25,780000686645508;25,75;25,760000228881836;11300
2026-08-13;14:00:00;-03:00;25,760000228881836;25,760000228881836;25,729999542236328;25,739999771118164;13200
2026-08-13;14:05:00;-03:00;25,739999771118164;25,760000228881836;25,709999084472656;25,75;11800
2026-08-13;14:10:00;-03:00;25,739999771118164;25,780000686645508;25,739999771118164;25,770000457763672;14100
2026-08-13;14:15:00;-03:00;25,770000457763672;25,790000915527344;25,75;25,790000915527344;13800
2026-08-13;14:20:00;-03:00;25,790000915527344;25,81999969482422;25,790000915527344;25,799999237060547;17900
2026-08-13;14:25:00;-03:00;25,790000915527344;25,809999465942383;25,790000915527344;25,809999465942383;2900
2026-08-13;14:30:00;-03:00;25,809999465942383;25,809999465942383;25,790000915527344;25,809999465942383;11000
2026-08-13;14:35:00;-03:00;25,81999969482422;25,829999923706055;25,799999237060547;25,799999237060547;13700
2026-08-13;14:40:00;-03:00;25,809999465942383;25,809999465942383;25,790000915527344;25,809999465942383;14200
2026-08-13;14:45:00;-03:00;25,829999923706055;25,84000015258789;25,809999465942383;25,84000015258789;18100
2026-08-13;14:50:00;-03:00;25,81999969482422;25,829999923706055;25,799999237060547;25,81999969482422;8300
2026-08-13;14:55:00;-03:00;25,809999465942383;25,81999969482422;25,760000228881836;25,809999465942383;21900
2026-08-13;15:00:00;-03:00;25,829999923706055;25,829999923706055;25,799999237060547;25,799999237060547;10700
2026-08-13;15:05:00;-03:00;25,81999969482422;25,84000015258789;25,809999465942383;25,829999923706055;9700
2026-08-13;15:10:00;-03:00;25,809999465942383;25,860000610351562;25,809999465942383;25,850000381469727;15600
2026-08-13;15:15:00;-03:00;25,850000381469727;25,8700008392334;25,829999923706055;25,84000015258789;21900
2026-08-13;15:20:00;-03:00;25,84000015258789;25,84000015258789;25,780000686645508;25,790000915527344;18700
2026-08-13;15:25:00;-03:00;25,790000915527344;25,799999237060547;25,760000228881836;25,799999237060547;37700
2026-08-13;15:30:00;-03:00;25,809999465942383;25,8700008392334;25,799999237060547;25,850000381469727;78700
2026-08-13;15:35:00;-03:00;25,860000610351562;25,8700008392334;25,81999969482422;25,850000381469727;53800
2026-08-13;15:40:00;-03:00;25,850000381469727;25,8799991607666;25,84000015258789;25,8799991607666;45700
2026-08-13;15:45:00;-03:00;25,860000610351562;25,8799991607666;25,850000381469727;25,8700008392334;42400
2026-08-13;15:50:00;-03:00;25,860000610351562;25,8799991607666;25,84000015258789;25,8700008392334;48700
2026-08-13;15:55:00;-03:00;25,850000381469727;25,8700008392334;25,809999465942383;25,84000015258789;56400
2026-08-13;16:00:00;-03:00;25,829999923706055;25,84000015258789;25,790000915527344;25,84000015258789;66600
2026-08-13;16:05:00;-03:00;25,829999923706055;25,860000610351562;25,81999969482422;25,829999923706055;55600
2026-08-13;16:10:00;-03:00;25,81999969482422;25,829999923706055;25,799999237060547;25,81999969482422;62900
2026-08-13;16:15:00;-03:00;25,809999465942383;25,829999923706055;25,760000228881836;25,790000915527344;66300
2026-08-13;16:20:00;-03:00;25,790000915527344;25,81999969482422;25,75;25,770000457763672;65600
2026-08-13;16:25:00;-03:00;25,770000457763672;25,799999237060547;25,770000457763672;25,790000915527344;81300
2026-08-13;16:30:00;-03:00;25,770000457763672;25,790000915527344;25,739999771118164;25,770000457763672;88500
2026-08-13;16:35:00;-03:00;25,760000228881836;25,790000915527344;25,729999542236328;25,780000686645508;82400
2026-08-13;16:40:00;-03:00;25,780000686645508;25,790000915527344;25,760000228881836;25,790000915527344;65300
2026-08-13;16:45:00;-03:00;25,780000686645508;25,790000915527344;25,770000457763672;25,790000915527344;55300
2026-08-13;16:50:00;-03:00;25,780000686645508;25,799999237060547;25,770000457763672;25,799999237060547;30800
2026-08-14;10:00:00;-03:00;25,739999771118164;25,8799991607666;25,709999084472656;25,850000381469727;0
2026-08-14;10:05:00;-03:00;25,850000381469727;25,93000030517578;25,81999969482422;25,889999389648438;6100
2026-08-14;10:10:00;-03:00;25,8700008392334;25,8799991607666;25,719999313354492;25,760000228881836;10800
2026-08-14;10:15:00;-03:00;25,770000457763672;25,770000457763672;25,600000381469727;25,600000381469727;102500
2026-08-14;10:20:00;-03:00;25,56999969482422;25,709999084472656;25,549999237060547;25,68000030517578;21700
2026-08-14;10:25:00;-03:00;25,700000762939453;25,700000762939453;25,549999237060547;25,549999237060547;15900
2026-08-14;10:30:00;-03:00;25,549999237060547;25,579999923706055;25,469999313354492;25,479999542236328;42400
2026-08-14;10:35:00;-03:00;25,510000228881836;25,540000915527344;25,489999771118164;25,5;18900
2026-08-14;10:40:00;-03:00;25,5;25,549999237060547;25,440000534057617;25,520000457763672;30200
2026-08-14;10:45:00;-03:00;25,530000686645508;25,559999465942383;25,510000228881836;25,510000228881836;25100
2026-08-14;10:50:00;-03:00;25,5;25,579999923706055;25,489999771118164;25,5;21600
2026-08-14;10:55:00;-03:00;25,520000457763672;25,520000457763672;25,479999542236328;25,479999542236328;17000
2026-08-14;11:00:00;-03:00;25,479999542236328;25,530000686645508;25,399999618530273;25,399999618530273;35000
2026-08-14;11:05:00;-03:00;25,399999618530273;25,469999313354492;25,360000610351562;25,469999313354492;32000
2026-08-14;11:10:00;-03:00;25,469999313354492;25,489999771118164;25,389999389648438;25,389999389648438;29700
2026-08-14;11:15:00;-03:00;25,40999984741211;25,40999984741211;25,34000015258789;25,3700008392334;33200
2026-08-14;11:20:00;-03:00;25,3799991607666;25,540000915527344;25,360000610351562;25,540000915527344;61300
2026-08-14;11:25:00;-03:00;25,540000915527344;25,56999969482422;25,5;25,530000686645508;50200
2026-08-14;11:30:00;-03:00;25,549999237060547;25,59000015258789;25,5;25,510000228881836;46000
2026-08-14;11:35:00;-03:00;25,510000228881836;25,56999969482422;25,479999542236328;25,540000915527344;121400
2026-08-14;11:40:00;-03:00;25,530000686645508;25,540000915527344;25,469999313354492;25,540000915527344;107600
2026-08-14;11:45:00;-03:00;25,540000915527344;25,559999465942383;25,479999542236328;25,530000686645508;50700
2026-08-14;11:50:00;-03:00;25,510000228881836;25,530000686645508;25,489999771118164;25,5;57900
2026-08-14;11:55:00;-03:00;25,5;25,5;25,389999389648438;25,420000076293945;71400
2026-08-14;12:00:00;-03:00;25,399999618530273;25,450000762939453;25,389999389648438;25,450000762939453;30500
2026-08-14;12:05:00;-03:00;25,450000762939453;25,459999084472656;25,43000030517578;25,450000762939453;20800
2026-08-14;12:10:00;-03:00;25,450000762939453;25,459999084472656;25,43000030517578;25,440000534057617;21500
2026-08-14;12:15:00;-03:00;25,440000534057617;25,459999084472656;25,43000030517578;25,450000762939453;15100
2026-08-14;12:20:00;-03:00;25,450000762939453;25,469999313354492;25,420000076293945;25,43000030517578;26800
2026-08-14;12:25:00;-03:00;25,420000076293945;25,440000534057617;25,40999984741211;25,43000030517578;19900
2026-08-14;12:30:00;-03:00;25,43000030517578;25,459999084472656;25,40999984741211;25,459999084472656;25300
2026-08-14;12:35:00;-03:00;25,459999084472656;25,5;25,459999084472656;25,489999771118164;15400
2026-08-14;12:40:00;-03:00;25,489999771118164;25,530000686645508;25,450000762939453;25,450000762939453;49500
2026-08-14;12:45:00;-03:00;25,440000534057617;25,450000762939453;25,299999237060547;25,299999237060547;277000
2026-08-14;12:50:00;-03:00;25,309999465942383;25,329999923706055;25,280000686645508;25,309999465942383;30400
2026-08-14;12:55:00;-03:00;25,299999237060547;25,31999969482422;25,299999237060547;25,309999465942383;20400
2026-08-14;13:00:00;-03:00;25,309999465942383;25,309999465942383;25,270000457763672;25,290000915527344;27400
2026-08-14;13:05:00;-03:00;25,280000686645508;25,299999237060547;25,190000534057617;25,190000534057617;31600
2026-08-14;13:10:00;-03:00;25,209999084472656;25,229999542236328;25,170000076293945;25,229999542236328;31300
2026-08-14;13:15:00;-03:00;25,229999542236328;25,270000457763672;25,200000762939453;25,200000762939453;21200
2026-08-14;13:20:00;-03:00;25,200000762939453;25,219999313354492;25,15999984741211;25,18000030517578;27100
2026-08-14;13:25:00;-03:00;25,190000534057617;25,190000534057617;25,15999984741211;25,190000534057617;16400
2026-08-14;13:30:00;-03:00;25,18000030517578;25,239999771118164;25,170000076293945;25,209999084472656;30300
2026-08-14;13:35:00;-03:00;25,219999313354492;25,239999771118164;25,200000762939453;25,229999542236328;19900
2026-08-14;13:40:00;-03:00;25,219999313354492;25,25;25,209999084472656;25,239999771118164;30500
2026-08-14;13:45:00;-03:00;25,229999542236328;25,270000457763672;25,229999542236328;25,260000228881836;19200
2026-08-14;13:50:00;-03:00;25,25;25,260000228881836;25,239999771118164;25,25;22700
2026-08-14;13:55:00;-03:00;25,239999771118164;25,239999771118164;25,18000030517578;25,219999313354492;37200
2026-08-14;14:00:00;-03:00;25,219999313354492;25,229999542236328;25,190000534057617;25,209999084472656;27800
2026-08-14;14:05:00;-03:00;25,219999313354492;25,219999313354492;25,190000534057617;25,209999084472656;16200
2026-08-14;14:10:00;-03:00;25,209999084472656;25,229999542236328;25,190000534057617;25,229999542236328;23300
2026-08-14;14:15:00;-03:00;25,229999542236328;25,229999542236328;25,200000762939453;25,219999313354492;16800
2026-08-14;14:20:00;-03:00;25,219999313354492;25,239999771118164;25,200000762939453;25,219999313354492;25500
2026-08-14;14:25:00;-03:00;25,219999313354492;25,219999313354492;25,18000030517578;25,190000534057617;20700
2026-08-14;14:30:00;-03:00;25,18000030517578;25,200000762939453;25,170000076293945;25,18000030517578;26700
2026-08-14;14:35:00;-03:00;25,190000534057617;25,229999542236328;25,170000076293945;25,200000762939453;34700
2026-08-14;14:40:00;-03:00;25,200000762939453;25,219999313354492;25,1200008392334;25,15999984741211;88100
2026-08-14;14:45:00;-03:00;25,149999618530273;25,209999084472656;25,1200008392334;25,209999084472656;61200
2026-08-14;14:50:00;-03:00;25,209999084472656;25,229999542236328;25,18000030517578;25,229999542236328;52000
2026-08-14;14:55:00;-03:00;25,219999313354492;25,239999771118164;25,200000762939453;25,209999084472656;49400
2026-08-14;15:00:00;-03:00;25,209999084472656;25,260000228881836;25,209999084472656;25,239999771118164;51100
2026-08-14;15:05:00;-03:00;25,239999771118164;25,280000686645508;25,239999771118164;25,260000228881836;37500
2026-08-14;15:10:00;-03:00;25,260000228881836;25,290000915527344;25,25;25,270000457763672;46300
2026-08-14;15:15:00;-03:00;25,280000686645508;25,299999237060547;25,25;25,270000457763672;57000
2026-08-14;15:20:00;-03:00;25,280000686645508;25,290000915527344;25,25;25,270000457763672;33600
2026-08-14;15:25:00;-03:00;25,280000686645508;25,290000915527344;25,260000228881836;25,260000228881836;43700
2026-08-14;15:30:00;-03:00;25,260000228881836;25,309999465942383;25,260000228881836;25,299999237060547;43900
2026-08-14;15:35:00;-03:00;25,309999465942383;25,34000015258789;25,299999237060547;25,309999465942383;53400
2026-08-14;15:40:00;-03:00;25,309999465942383;25,329999923706055;25,290000915527344;25,299999237060547;48700
2026-08-14;15:45:00;-03:00;25,299999237060547;25,329999923706055;25,299999237060547;25,31999969482422;55100
2026-08-14;15:50:00;-03:00;25,329999923706055;25,34000015258789;25,31999969482422;25,329999923706055;47300
2026-08-14;15:55:00;-03:00;25,329999923706055;25,34000015258789;25,31999969482422;25,31999969482422;44700
2026-08-14;16:00:00;-03:00;25,329999923706055;25,34000015258789;25,280000686645508;25,290000915527344;67100
2026-08-14;16:05:00;-03:00;25,290000915527344;25,31999969482422;25,290000915527344;25,290000915527344;42100
2026-08-14;16:10:00;-03:00;25,299999237060547;25,31999969482422;25,290000915527344;25,299999237060547;57300
2026-08-14;16:15:00;-03:00;25,299999237060547;25,329999923706055;25,280000686645508;25,309999465942383;63600
2026-08-14;16:20:00;-03:00;25,31999969482422;25,3700008392334;25,309999465942383;25,3700008392334;44600
2026-08-14;16:25:00;-03:00;25,3700008392334;25,420000076293945;25,360000610351562;25,3799991607666;48700
2026-08-14;16:30:00;-03:00;25,399999618530273;25,440000534057617;25,3799991607666;25,420000076293945;97000
2026-08-14;16:35:00;-03:00;25,43000030517578;25,450000762939453;25,40999984741211;25,420000076293945;82000
2026-08-14;16:40:00;-03:00;25,43000030517578;25,43000030517578;25,3700008392334;25,40999984741211;132900
2026-08-14;16:45:00;-03:00;25,420000076293945;25,450000762939453;25,399999618530273;25,43000030517578;88000
2026-08-14;16:50:00;-03:00;25,43000030517578;25,559999465942383;25,43000030517578;25,540000915527344;271200
2026-08-17;10:00:00;-03:00;25,489999771118164;25,56999969482422;25,489999771118164;25,549999237060547;0
2026-08-17;10:05:00;-03:00;25,540000915527344;25,59000015258789;25,459999084472656;25,59000015258789;6100
2026-08-17;10:10:00;-03:00;25,56999969482422;25,56999969482422;25,440000534057617;25,489999771118164;15800
2026-08-17;10:15:00;-03:00;25,5;25,639999389648438;25,459999084472656;25,639999389648438;17300
2026-08-17;10:20:00;-03:00;25,6299991607666;25,700000762939453;25,6299991607666;25,68000030517578;17100
2026-08-17;10:25:00;-03:00;25,68000030517578;25,68000030517578;25,600000381469727;25,610000610351562;5500
2026-08-17;10:30:00;-03:00;25,610000610351562;25,6200008392334;25,469999313354492;25,489999771118164;20800
2026-08-17;10:35:00;-03:00;25,489999771118164;25,510000228881836;25,459999084472656;25,489999771118164;11200
2026-08-17;10:40:00;-03:00;25,469999313354492;25,469999313354492;25,440000534057617;25,459999084472656;9900
2026-08-17;10:45:00;-03:00;25,450000762939453;25,479999542236328;25,43000030517578;25,450000762939453;15400
2026-08-17;10:50:00;-03:00;25,469999313354492;25,5;25,450000762939453;25,489999771118164;6000
2026-08-17;10:55:00;-03:00;25,489999771118164;25,520000457763672;25,489999771118164;25,520000457763672;7100
2026-08-17;11:00:00;-03:00;25,5;25,75;25,5;25,75;57400
2026-08-17;11:05:00;-03:00;25,760000228881836;25,760000228881836;25,700000762939453;25,729999542236328;40600
2026-08-17;11:10:00;-03:00;25,719999313354492;25,760000228881836;25,719999313354492;25,760000228881836;13000
2026-08-17;11:15:00;-03:00;25,770000457763672;25,780000686645508;25,700000762939453;25,719999313354492;49200
2026-08-17;11:20:00;-03:00;25,739999771118164;25,760000228881836;25,709999084472656;25,709999084472656;44400
2026-08-17;11:25:00;-03:00;25,729999542236328;25,75;25,719999313354492;25,739999771118164;31000
2026-08-17;11:30:00;-03:00;25,729999542236328;25,75;25,649999618530273;25,649999618530273;22100
2026-08-17;11:35:00;-03:00;25,649999618530273;25,65999984741211;25,559999465942383;25,579999923706055;32300
2026-08-17;11:40:00;-03:00;25,579999923706055;25,6299991607666;25,559999465942383;25,579999923706055;28000
2026-08-17;11:45:00;-03:00;25,579999923706055;25,6200008392334;25,56999969482422;25,610000610351562;16600
2026-08-17;11:50:00;-03:00;25,610000610351562;25,6200008392334;25,56999969482422;25,59000015258789;30200
2026-08-17;11:55:00;-03:00;25,579999923706055;25,600000381469727;25,559999465942383;25,59000015258789;25300
2026-08-17;12:00:00;-03:00;25,579999923706055;25,6299991607666;25,559999465942383;25,600000381469727;39200
2026-08-17;12:05:00;-03:00;25,610000610351562;25,6299991607666;25,59000015258789;25,6200008392334;28700
2026-08-17;12:10:00;-03:00;25,6200008392334;25,639999389648438;25,610000610351562;25,6200008392334;23100
2026-08-17;12:15:00;-03:00;25,6299991607666;25,670000076293945;25,610000610351562;25,670000076293945;36900
2026-08-17;12:20:00;-03:00;25,65999984741211;25,690000534057617;25,649999618530273;25,65999984741211;29700
2026-08-17;12:25:00;-03:00;25,670000076293945;25,719999313354492;25,670000076293945;25,700000762939453;27100
2026-08-17;12:30:00;-03:00;25,700000762939453;25,700000762939453;25,6299991607666;25,649999618530273;30000
2026-08-17;12:35:00;-03:00;25,649999618530273;25,670000076293945;25,59000015258789;25,6200008392334;54700
2026-08-17;12:40:00;-03:00;25,610000610351562;25,610000610351562;25,559999465942383;25,56999969482422;30100
2026-08-17;12:45:00;-03:00;25,56999969482422;25,59000015258789;25,540000915527344;25,549999237060547;31000
2026-08-17;12:50:00;-03:00;25,549999237060547;25,559999465942383;25,530000686645508;25,549999237060547;30900
2026-08-17;12:55:00;-03:00;25,549999237060547;25,559999465942383;25,540000915527344;25,540000915527344;26700
2026-08-17;13:00:00;-03:00;25,540000915527344;25,56999969482422;25,530000686645508;25,530000686645508;27600
2026-08-17;13:05:00;-03:00;25,540000915527344;25,59000015258789;25,530000686645508;25,579999923706055;24400
2026-08-17;13:10:00;-03:00;25,579999923706055;25,610000610351562;25,559999465942383;25,559999465942383;33400
2026-08-17;13:15:00;-03:00;25,559999465942383;25,600000381469727;25,559999465942383;25,579999923706055;34600
2026-08-17;13:20:00;-03:00;25,59000015258789;25,59000015258789;25,540000915527344;25,559999465942383;28900
2026-08-17;13:25:00;-03:00;25,549999237060547;25,59000015258789;25,549999237060547;25,56999969482422;44200
2026-08-17;13:30:00;-03:00;25,56999969482422;25,59000015258789;25,549999237060547;25,579999923706055;20300
2026-08-17;13:35:00;-03:00;25,579999923706055;25,59000015258789;25,559999465942383;25,559999465942383;67500
2026-08-17;13:40:00;-03:00;25,56999969482422;25,579999923706055;25,530000686645508;25,540000915527344;43000
2026-08-17;13:45:00;-03:00;25,540000915527344;25,56999969482422;25,530000686645508;25,530000686645508;29800
2026-08-17;13:50:00;-03:00;25,530000686645508;25,559999465942383;25,520000457763672;25,549999237060547;40300
2026-08-17;13:55:00;-03:00;25,549999237060547;25,559999465942383;25,530000686645508;25,549999237060547;33600
2026-08-17;14:00:00;-03:00;25,549999237060547;25,59000015258789;25,549999237060547;25,559999465942383;25500
2026-08-17;14:05:00;-03:00;25,549999237060547;25,56999969482422;25,540000915527344;25,56999969482422;34700
2026-08-17;14:10:00;-03:00;25,56999969482422;25,600000381469727;25,56999969482422;25,579999923706055;25600
2026-08-17;14:15:00;-03:00;25,579999923706055;25,600000381469727;25,579999923706055;25,59000015258789;17000
2026-08-17;14:20:00;-03:00;25,579999923706055;25,600000381469727;25,56999969482422;25,56999969482422;21400
2026-08-17;14:25:00;-03:00;25,56999969482422;25,600000381469727;25,559999465942383;25,559999465942383;29600
2026-08-17;14:30:00;-03:00;25,559999465942383;25,579999923706055;25,540000915527344;25,56999969482422;28600
2026-08-17;14:35:00;-03:00;25,559999465942383;25,579999923706055;25,549999237060547;25,549999237060547;30200
2026-08-17;14:40:00;-03:00;25,549999237060547;25,579999923706055;25,549999237060547;25,56999969482422;17400
2026-08-17;14:45:00;-03:00;25,56999969482422;25,59000015258789;25,559999465942383;25,579999923706055;28900
2026-08-17;14:50:00;-03:00;25,579999923706055;25,59000015258789;25,559999465942383;25,559999465942383;18700
2026-08-17;14:55:00;-03:00;25,56999969482422;25,56999969482422;25,520000457763672;25,520000457763672;23500
2026-08-17;15:00:00;-03:00;25,520000457763672;25,540000915527344;25,479999542236328;25,489999771118164;43500
2026-08-17;15:05:00;-03:00;25,479999542236328;25,479999542236328;25,459999084472656;25,459999084472656;41000
2026-08-17;15:10:00;-03:00;25,459999084472656;25,479999542236328;25,450000762939453;25,469999313354492;28200
2026-08-17;15:15:00;-03:00;25,469999313354492;25,540000915527344;25,440000534057617;25,530000686645508;68900
2026-08-17;15:20:00;-03:00;25,530000686645508;25,549999237060547;25,520000457763672;25,530000686645508;24400
2026-08-17;15:25:00;-03:00;25,530000686645508;25,559999465942383;25,520000457763672;25,559999465942383;31100
2026-08-17;15:30:00;-03:00;25,549999237060547;25,559999465942383;25,549999237060547;25,559999465942383;14000
2026-08-17;15:35:00;-03:00;25,559999465942383;25,559999465942383;25,540000915527344;25,559999465942383;20600
2026-08-17;15:40:00;-03:00;25,549999237060547;25,559999465942383;25,540000915527344;25,549999237060547;24500
2026-08-17;15:45:00;-03:00;25,559999465942383;25,56999969482422;25,540000915527344;25,56999969482422;21000
2026-08-17;15:50:00;-03:00;25,559999465942383;25,6299991607666;25,559999465942383;25,6200008392334;69500
2026-08-17;15:55:00;-03:00;25,610000610351562;25,639999389648438;25,610000610351562;25,6299991607666;13600
2026-08-17;16:00:00;-03:00;25,6299991607666;25,639999389648438;25,600000381469727;25,610000610351562;36400
2026-08-17;16:05:00;-03:00;25,610000610351562;25,6299991607666;25,610000610351562;25,610000610351562;24000
2026-08-17;16:10:00;-03:00;25,610000610351562;25,610000610351562;25,600000381469727;25,610000610351562;13600
2026-08-17;16:15:00;-03:00;25,600000381469727;25,610000610351562;25,56999969482422;25,56999969482422;24600
2026-08-17;16:20:00;-03:00;25,579999923706055;25,59000015258789;25,56999969482422;25,56999969482422;21300
2026-08-17;16:25:00;-03:00;25,579999923706055;25,600000381469727;25,56999969482422;25,56999969482422;43400
2026-08-17;16:30:00;-03:00;25,579999923706055;25,59000015258789;25,56999969482422;25,579999923706055;11000
2026-08-17;16:35:00;-03:00;25,579999923706055;25,6200008392334;25,579999923706055;25,600000381469727;63200
2026-08-17;16:40:00;-03:00;25,600000381469727;25,6299991607666;25,600000381469727;25,6299991607666;18600
2026-08-17;16:45:00;-03:00;25,6299991607666;25,6299991607666;25,6200008392334;25,6299991607666;18400
2026-08-17;16:50:00;-03:00;25,6200008392334;25,649999618530273;25,610000610351562;25,649999618530273;35600
2026-08-18;10:00:00;-03:00;25,59000015258789;25,6200008392334;25,579999923706055;25,6200008392334;0
2026-08-18;10:05:00;-03:00;25,610000610351562;25,610000610351562;25,530000686645508;25,559999465942383;12900
2026-08-18;10:10:00;-03:00;25,56999969482422;25,6200008392334;25,559999465942383;25,559999465942383;7900
2026-08-18;10:15:00;-03:00;25,559999465942383;25,56999969482422;25,520000457763672;25,520000457763672;13600
2026-08-18;10:20:00;-03:00;25,520000457763672;25,56999969482422;25,5;25,56999969482422;9300
2026-08-18;10:25:00;-03:00;25,559999465942383;25,610000610351562;25,549999237060547;25,610000610351562;18100
2026-08-18;10:30:00;-03:00;25,600000381469727;25,670000076293945;25,56999969482422;25,639999389648438;19500
2026-08-18;10:35:00;-03:00;25,639999389648438;25,65999984741211;25,6200008392334;25,639999389648438;15200
2026-08-18;10:40:00;-03:00;25,6299991607666;25,729999542236328;25,6299991607666;25,729999542236328;10900
2026-08-18;10:45:00;-03:00;25,719999313354492;25,729999542236328;25,700000762939453;25,719999313354492;10300
2026-08-18;10:50:00;-03:00;25,719999313354492;25,760000228881836;25,670000076293945;25,700000762939453;14200
2026-08-18;10:55:00;-03:00;25,709999084472656;25,829999923706055;25,709999084472656;25,829999923706055;12400
2026-08-18;11:00:00;-03:00;25,829999923706055;25,850000381469727;25,719999313354492;25,719999313354492;24300
2026-08-18;11:05:00;-03:00;25,719999313354492;25,719999313354492;25,690000534057617;25,690000534057617;14400
2026-08-18;11:10:00;-03:00;25,690000534057617;25,700000762939453;25,6299991607666;25,639999389648438;23000
2026-08-18;11:15:00;-03:00;25,639999389648438;25,649999618530273;25,549999237060547;25,549999237060547;21000
2026-08-18;11:20:00;-03:00;25,549999237060547;25,559999465942383;25,450000762939453;25,459999084472656;30700
2026-08-18;11:25:00;-03:00;25,469999313354492;25,469999313354492;25,40999984741211;25,420000076293945;40500
2026-08-18;11:30:00;-03:00;25,420000076293945;25,459999084472656;25,40999984741211;25,40999984741211;26800
2026-08-18;11:35:00;-03:00;25,40999984741211;25,459999084472656;25,3799991607666;25,450000762939453;38900
2026-08-18;11:40:00;-03:00;25,459999084472656;25,459999084472656;25,40999984741211;25,440000534057617;23900
2026-08-18;11:45:00;-03:00;25,43000030517578;25,450000762939453;25,420000076293945;25,440000534057617;15000
2026-08-18;11:50:00;-03:00;25,440000534057617;25,440000534057617;25,360000610351562;25,3700008392334;60600
2026-08-18;11:55:00;-03:00;25,3799991607666;25,40999984741211;25,3700008392334;25,399999618530273;15900
2026-08-18;12:00:00;-03:00;25,389999389648438;25,440000534057617;25,3799991607666;25,399999618530273;23800
2026-08-18;12:05:00;-03:00;25,399999618530273;25,469999313354492;25,399999618530273;25,450000762939453;21000
2026-08-18;12:10:00;-03:00;25,450000762939453;25,450000762939453;25,399999618530273;25,420000076293945;49000
2026-08-18;12:15:00;-03:00;25,399999618530273;25,43000030517578;25,389999389648438;25,420000076293945;16000
2026-08-18;12:20:00;-03:00;25,420000076293945;25,440000534057617;25,399999618530273;25,40999984741211;14700
2026-08-18;12:25:00;-03:00;25,399999618530273;25,420000076293945;25,389999389648438;25,389999389648438;15000
2026-08-18;12:30:00;-03:00;25,399999618530273;25,420000076293945;25,389999389648438;25,389999389648438;24300
2026-08-18;12:35:00;-03:00;25,389999389648438;25,399999618530273;25,3799991607666;25,389999389648438;14200
2026-08-18;12:40:00;-03:00;25,3799991607666;25,40999984741211;25,360000610351562;25,399999618530273;58000
2026-08-18;12:45:00;-03:00;25,399999618530273;25,420000076293945;25,389999389648438;25,399999618530273;17100
2026-08-18;12:50:00;-03:00;25,40999984741211;25,420000076293945;25,389999389648438;25,40999984741211;15000
2026-08-18;12:55:00;-03:00;25,420000076293945;25,510000228881836;25,399999618530273;25,5;82000
2026-08-18;13:00:00;-03:00;25,5;25,510000228881836;25,459999084472656;25,469999313354492;28300
2026-08-18;13:05:00;-03:00;25,489999771118164;25,489999771118164;25,459999084472656;25,469999313354492;13700
2026-08-18;13:10:00;-03:00;25,469999313354492;25,469999313354492;25,450000762939453;25,450000762939453;17300
2026-08-18;13:15:00;-03:00;25,459999084472656;25,510000228881836;25,450000762939453;25,510000228881836;33500
2026-08-18;13:20:00;-03:00;25,510000228881836;25,510000228881836;25,489999771118164;25,5;15800
2026-08-18;13:25:00;-03:00;25,5;25,5;25,479999542236328;25,489999771118164;17700
2026-08-18;13:30:00;-03:00;25,479999542236328;25,489999771118164;25,459999084472656;25,479999542236328;21900
2026-08-18;13:35:00;-03:00;25,479999542236328;25,479999542236328;25,459999084472656;25,469999313354492;13600
2026-08-18;13:40:00;-03:00;25,459999084472656;25,469999313354492;25,459999084472656;25,469999313354492;11800
2026-08-18;13:45:00;-03:00;25,459999084472656;25,479999542236328;25,440000534057617;25,469999313354492;25800
2026-08-18;13:50:00;-03:00;25,469999313354492;25,489999771118164;25,459999084472656;25,489999771118164;18000
2026-08-18;13:55:00;-03:00;25,479999542236328;25,520000457763672;25,469999313354492;25,510000228881836;14000
2026-08-18;14:00:00;-03:00;25,520000457763672;25,520000457763672;25,489999771118164;25,5;26600
2026-08-18;14:05:00;-03:00;25,510000228881836;25,530000686645508;25,5;25,530000686645508;16800
2026-08-18;14:10:00;-03:00;25,530000686645508;25,540000915527344;25,510000228881836;25,520000457763672;18400
2026-08-18;14:15:00;-03:00;25,510000228881836;25,530000686645508;25,5;25,510000228881836;15100
2026-08-18;14:20:00;-03:00;25,5;25,549999237060547;25,5;25,530000686645508;13000
2026-08-18;14:25:00;-03:00;25,530000686645508;25,540000915527344;25,510000228881836;25,520000457763672;24600
2026-08-18;14:30:00;-03:00;25,510000228881836;25,540000915527344;25,510000228881836;25,540000915527344;8300
2026-08-18;14:35:00;-03:00;25,540000915527344;25,549999237060547;25,510000228881836;25,530000686645508;22900
2026-08-18;14:40:00;-03:00;25,530000686645508;25,559999465942383;25,510000228881836;25,549999237060547;13600
2026-08-18;14:45:00;-03:00;25,549999237060547;25,549999237060547;25,530000686645508;25,540000915527344;16700
2026-08-18;14:50:00;-03:00;25,549999237060547;25,549999237060547;25,540000915527344;25,549999237060547;5700
2026-08-18;14:55:00;-03:00;25,549999237060547;25,59000015258789;25,540000915527344;25,579999923706055;27900
2026-08-18;15:00:00;-03:00;25,559999465942383;25,559999465942383;25,540000915527344;25,549999237060547;12100
2026-08-18;15:05:00;-03:00;25,540000915527344;25,559999465942383;25,520000457763672;25,559999465942383;46400
2026-08-18;15:10:00;-03:00;25,559999465942383;25,579999923706055;25,549999237060547;25,579999923706055;36500
2026-08-18;15:15:00;-03:00;25,579999923706055;25,600000381469727;25,56999969482422;25,56999969482422;12700
2026-08-18;15:20:00;-03:00;25,56999969482422;25,59000015258789;25,559999465942383;25,579999923706055;24300
2026-08-18;15:25:00;-03:00;25,56999969482422;25,579999923706055;25,530000686645508;25,549999237060547;28100
2026-08-18;15:30:00;-03:00;25,549999237060547;25,549999237060547;25,530000686645508;25,540000915527344;8600
2026-08-18;15:35:00;-03:00;25,540000915527344;25,549999237060547;25,5;25,5;20900
2026-08-18;15:40:00;-03:00;25,5;25,5;25,459999084472656;25,489999771118164;27100
2026-08-18;15:45:00;-03:00;25,489999771118164;25,489999771118164;25,450000762939453;25,469999313354492;22900
2026-08-18;15:50:00;-03:00;25,479999542236328;25,479999542236328;25,43000030517578;25,450000762939453;36200
2026-08-18;15:55:00;-03:00;25,459999084472656;25,459999084472656;25,440000534057617;25,459999084472656;29200
2026-08-18;16:00:00;-03:00;25,450000762939453;25,459999084472656;25,440000534057617;25,440000534057617;23000
2026-08-18;16:05:00;-03:00;25,43000030517578;25,450000762939453;25,40999984741211;25,420000076293945;28900
2026-08-18;16:10:00;-03:00;25,420000076293945;25,440000534057617;25,40999984741211;25,43000030517578;35100
2026-08-18;16:15:00;-03:00;25,420000076293945;25,43000030517578;25,40999984741211;25,40999984741211;15000
2026-08-18;16:20:00;-03:00;25,40999984741211;25,420000076293945;25,3799991607666;25,399999618530273;45300
2026-08-18;16:25:00;-03:00;25,399999618530273;25,420000076293945;25,3799991607666;25,389999389648438;26900
2026-08-18;16:30:00;-03:00;25,389999389648438;25,399999618530273;25,3799991607666;25,3799991607666;25200
2026-08-18;16:35:00;-03:00;25,3799991607666;25,420000076293945;25,3799991607666;25,40999984741211;32400
2026-08-18;16:40:00;-03:00;25,420000076293945;25,43000030517578;25,40999984741211;25,43000030517578;33200
2026-08-18;16:45:00;-03:00;25,43000030517578;25,43000030517578;25,420000076293945;25,43000030517578;19700
2026-08-18;16:50:00;-03:00;25,43000030517578;25,43000030517578;25,399999618530273;25,420000076293945;41400
2026-08-19;10:00:00;-03:00;25,700000762939453;25,760000228881836;25,6299991607666;25,729999542236328;0
2026-08-19;10:05:00;-03:00;25,729999542236328;25,75;25,649999618530273;25,670000076293945;19500
2026-08-19;10:10:00;-03:00;25,670000076293945;25,719999313354492;25,559999465942383;25,56999969482422;17200
2026-08-19;10:15:00;-03:00;25,549999237060547;25,579999923706055;25,540000915527344;25,56999969482422;7800
2026-08-19;10:20:00;-03:00;25,59000015258789;25,6200008392334;25,56999969482422;25,56999969482422;12000
2026-08-19;10:25:00;-03:00;25,579999923706055;25,670000076293945;25,559999465942383;25,610000610351562;28800
2026-08-19;10:30:00;-03:00;25,610000610351562;25,6299991607666;25,530000686645508;25,610000610351562;25100
2026-08-19;10:35:00;-03:00;25,610000610351562;25,639999389648438;25,59000015258789;25,6200008392334;17000
2026-08-19;10:40:00;-03:00;25,6200008392334;25,639999389648438;25,56999969482422;25,610000610351562;52500
2026-08-19;10:45:00;-03:00;25,6200008392334;25,65999984741211;25,610000610351562;25,649999618530273;26700
2026-08-19;10:50:00;-03:00;25,649999618530273;25,65999984741211;25,59000015258789;25,65999984741211;26000
2026-08-19;10:55:00;-03:00;25,65999984741211;25,719999313354492;25,65999984741211;25,690000534057617;17800
2026-08-19;11:00:00;-03:00;25,670000076293945;25,739999771118164;25,6200008392334;25,729999542236328;32200
2026-08-19;11:05:00;-03:00;25,729999542236328;25,799999237060547;25,719999313354492;25,719999313354492;31600
2026-08-19;11:10:00;-03:00;25,739999771118164;25,75;25,700000762939453;25,739999771118164;18300
2026-08-19;11:15:00;-03:00;25,75;25,799999237060547;25,75;25,790000915527344;32700
2026-08-19;11:20:00;-03:00;25,780000686645508;25,790000915527344;25,729999542236328;25,729999542236328;12800
2026-08-19;11:25:00;-03:00;25,729999542236328;25,770000457763672;25,709999084472656;25,75;7200
2026-08-19;11:30:00;-03:00;25,739999771118164;25,799999237060547;25,739999771118164;25,780000686645508;20300
2026-08-19;11:35:00;-03:00;25,780000686645508;25,790000915527344;25,739999771118164;25,760000228881836;7100
2026-08-19;11:40:00;-03:00;25,75;25,770000457763672;25,729999542236328;25,75;19600
2026-08-19;11:45:00;-03:00;25,729999542236328;25,739999771118164;25,68000030517578;25,690000534057617;9300
2026-08-19;11:50:00;-03:00;25,670000076293945;25,700000762939453;25,6299991607666;25,690000534057617;21800
2026-08-19;11:55:00;-03:00;25,690000534057617;25,729999542236328;25,639999389648438;25,68000030517578;29500
2026-08-19;12:00:00;-03:00;25,65999984741211;25,68000030517578;25,649999618530273;25,670000076293945;9600
2026-08-19;12:05:00;-03:00;25,65999984741211;25,65999984741211;25,600000381469727;25,600000381469727;16600
2026-08-19;12:10:00;-03:00;25,59000015258789;25,600000381469727;25,549999237060547;25,549999237060547;12300
2026-08-19;12:15:00;-03:00;25,559999465942383;25,59000015258789;25,520000457763672;25,579999923706055;26300
2026-08-19;12:20:00;-03:00;25,56999969482422;25,600000381469727;25,540000915527344;25,559999465942383;20500
2026-08-19;12:25:00;-03:00;25,549999237060547;25,56999969482422;25,530000686645508;25,540000915527344;7700
2026-08-19;12:30:00;-03:00;25,540000915527344;25,559999465942383;25,530000686645508;25,540000915527344;18400
2026-08-19;12:35:00;-03:00;25,540000915527344;25,59000015258789;25,530000686645508;25,579999923706055;21200
2026-08-19;12:40:00;-03:00;25,559999465942383;25,56999969482422;25,549999237060547;25,56999969482422;10500
2026-08-19;12:45:00;-03:00;25,559999465942383;25,56999969482422;25,520000457763672;25,540000915527344;7700
2026-08-19;12:50:00;-03:00;25,520000457763672;25,530000686645508;25,510000228881836;25,530000686645508;12100
2026-08-19;12:55:00;-03:00;25,510000228881836;25,530000686645508;25,489999771118164;25,520000457763672;12100
2026-08-19;13:00:00;-03:00;25,520000457763672;25,530000686645508;25,510000228881836;25,520000457763672;8100
2026-08-19;13:05:00;-03:00;25,510000228881836;25,540000915527344;25,5;25,530000686645508;17800
2026-08-19;13:10:00;-03:00;25,530000686645508;25,530000686645508;25,510000228881836;25,520000457763672;10400
2026-08-19;13:15:00;-03:00;25,520000457763672;25,520000457763672;25,489999771118164;25,510000228881836;15200
2026-08-19;13:20:00;-03:00;25,510000228881836;25,530000686645508;25,510000228881836;25,520000457763672;6400
2026-08-19;13:25:00;-03:00;25,5;25,5;25,479999542236328;25,489999771118164;10800
2026-08-19;13:30:00;-03:00;25,5;25,510000228881836;25,479999542236328;25,5;9300
2026-08-19;13:35:00;-03:00;25,489999771118164;25,5;25,450000762939453;25,450000762939453;11900
2026-08-19;13:40:00;-03:00;25,450000762939453;25,489999771118164;25,450000762939453;25,489999771118164;13900
2026-08-19;13:45:00;-03:00;25,489999771118164;25,5;25,479999542236328;25,479999542236328;18300
2026-08-19;13:50:00;-03:00;25,5;25,5;25,459999084472656;25,479999542236328;8100
2026-08-19;13:55:00;-03:00;25,479999542236328;25,520000457763672;25,469999313354492;25,5;21000
2026-08-19;14:00:00;-03:00;25,5;25,520000457763672;25,489999771118164;25,5;14500
2026-08-19;14:05:00;-03:00;25,489999771118164;25,5;25,450000762939453;25,459999084472656;22400
2026-08-19;14:10:00;-03:00;25,459999084472656;25,479999542236328;25,459999084472656;25,479999542236328;6700
2026-08-19;14:15:00;-03:00;25,479999542236328;25,520000457763672;25,459999084472656;25,520000457763672;16000
2026-08-19;14:20:00;-03:00;25,510000228881836;25,520000457763672;25,5;25,520000457763672;7800
2026-08-19;14:25:00;-03:00;25,5;25,520000457763672;25,5;25,510000228881836;6100
2026-08-19;14:30:00;-03:00;25,510000228881836;25,520000457763672;25,479999542236328;25,510000228881836;16300
2026-08-19;14:35:00;-03:00;25,489999771118164;25,510000228881836;25,469999313354492;25,510000228881836;22300
2026-08-19;14:40:00;-03:00;25,489999771118164;25,530000686645508;25,469999313354492;25,530000686645508;12800
2026-08-19;14:45:00;-03:00;25,530000686645508;25,540000915527344;25,5;25,510000228881836;24300
2026-08-19;14:50:00;-03:00;25,520000457763672;25,530000686645508;25,510000228881836;25,510000228881836;9100
2026-08-19;14:55:00;-03:00;25,510000228881836;25,520000457763672;25,5;25,520000457763672;6300
2026-08-19;15:00:00;-03:00;25,520000457763672;25,540000915527344;25,510000228881836;25,540000915527344;19700
2026-08-19;15:05:00;-03:00;25,540000915527344;25,559999465942383;25,5;25,510000228881836;40100
2026-08-19;15:10:00;-03:00;25,510000228881836;25,520000457763672;25,479999542236328;25,520000457763672;25200
2026-08-19;15:15:00;-03:00;25,520000457763672;25,530000686645508;25,520000457763672;25,520000457763672;15900
2026-08-19;15:20:00;-03:00;25,510000228881836;25,530000686645508;25,5;25,510000228881836;9300
2026-08-19;15:25:00;-03:00;25,5;25,510000228881836;25,479999542236328;25,479999542236328;15000
2026-08-19;15:30:00;-03:00;25,489999771118164;25,520000457763672;25,479999542236328;25,489999771118164;13300
2026-08-19;15:35:00;-03:00;25,5;25,530000686645508;25,5;25,530000686645508;19800
2026-08-19;15:40:00;-03:00;25,530000686645508;25,549999237060547;25,510000228881836;25,530000686645508;46400
2026-08-19;15:45:00;-03:00;25,530000686645508;25,530000686645508;25,5;25,510000228881836;12800
2026-08-19;15:50:00;-03:00;25,510000228881836;25,510000228881836;25,479999542236328;25,5;12800
2026-08-19;15:55:00;-03:00;25,479999542236328;25,5;25,479999542236328;25,489999771118164;12900
2026-08-19;16:00:00;-03:00;25,479999542236328;25,5;25,469999313354492;25,489999771118164;34700
2026-08-19;16:05:00;-03:00;25,479999542236328;25,5;25,43000030517578;25,479999542236328;87100
2026-08-19;16:10:00;-03:00;25,459999084472656;25,479999542236328;25,440000534057617;25,479999542236328;24100
2026-08-19;16:15:00;-03:00;25,469999313354492;25,489999771118164;25,469999313354492;25,489999771118164;23800
2026-08-19;16:20:00;-03:00;25,489999771118164;25,5;25,469999313354492;25,479999542236328;26800
2026-08-19;16:25:00;-03:00;25,479999542236328;25,510000228881836;25,469999313354492;25,5;30400
2026-08-19;16:30:00;-03:00;25,5;25,5;25,479999542236328;25,5;21600
2026-08-19;16:35:00;-03:00;25,489999771118164;25,5;25,469999313354492;25,479999542236328;26400
2026-08-19;16:40:00;-03:00;25,479999542236328;25,5;25,469999313354492;25,489999771118164;20900
2026-08-19;16:45:00;-03:00;25,489999771118164;25,530000686645508;25,479999542236328;25,520000457763672;44700
2026-08-19;16:50:00;-03:00;25,520000457763672;25,530000686645508;25,5;25,530000686645508;26900
2026-08-20;10:00:00;-03:00;25,399999618530273;25,399999618530273;25,260000228881836;25,290000915527344;0
2026-08-20;10:05:00;-03:00;25,299999237060547;25,3799991607666;25,25;25,360000610351562;15000
2026-08-20;10:10:00;-03:00;25,34000015258789;25,450000762939453;25,34000015258789;25,3799991607666;40600
2026-08-20;10:15:00;-03:00;25,3799991607666;25,5;25,3700008392334;25,440000534057617;39200
2026-08-20;10:20:00;-03:00;25,43000030517578;25,520000457763672;25,420000076293945;25,479999542236328;74100
2026-08-20;10:25:00;-03:00;25,489999771118164;25,520000457763672;25,43000030517578;25,5;38700
2026-08-20;10:30:00;-03:00;25,5;25,6200008392334;25,479999542236328;25,600000381469727;78900
2026-08-20;10:35:00;-03:00;25,610000610351562;25,649999618530273;25,56999969482422;25,600000381469727;63900
2026-08-20;10:40:00;-03:00;25,59000015258789;25,65999984741211;25,579999923706055;25,65999984741211;57400
2026-08-20;10:45:00;-03:00;25,649999618530273;25,670000076293945;25,559999465942383;25,600000381469727;61500
2026-08-20;10:50:00;-03:00;25,6299991607666;25,649999618530273;25,600000381469727;25,6200008392334;20900
2026-08-20;10:55:00;-03:00;25,639999389648438;25,719999313354492;25,639999389648438;25,649999618530273;66600
2026-08-20;11:00:00;-03:00;25,649999618530273;25,719999313354492;25,639999389648438;25,68000030517578;25400
2026-08-20;11:05:00;-03:00;25,68000030517578;25,690000534057617;25,639999389648438;25,639999389648438;21800
2026-08-20;11:10:00;-03:00;25,639999389648438;25,700000762939453;25,639999389648438;25,670000076293945;29000
2026-08-20;11:15:00;-03:00;25,65999984741211;25,690000534057617;25,649999618530273;25,65999984741211;11500
2026-08-20;11:20:00;-03:00;25,649999618530273;25,68000030517578;25,6200008392334;25,670000076293945;19500
2026-08-20;11:25:00;-03:00;25,670000076293945;25,709999084472656;25,639999389648438;25,639999389648438;13100
2026-08-20;11:30:00;-03:00;25,65999984741211;25,65999984741211;25,559999465942383;25,639999389648438;43600
2026-08-20;11:35:00;-03:00;25,639999389648438;25,700000762939453;25,6200008392334;25,690000534057617;43500
2026-08-20;11:40:00;-03:00;25,670000076293945;25,809999465942383;25,649999618530273;25,809999465942383;128200
2026-08-20;11:45:00;-03:00;25,809999465942383;25,8700008392334;25,809999465942383;25,860000610351562;64000
2026-08-20;11:50:00;-03:00;25,860000610351562;25,8799991607666;25,84000015258789;25,8700008392334;35000
2026-08-20;11:55:00;-03:00;25,860000610351562;25,899999618530273;25,84000015258789;25,8700008392334;23600
2026-08-20;12:00:00;-03:00;25,860000610351562;25,940000534057617;25,860000610351562;25,90999984741211;31600
2026-08-20;12:05:00;-03:00;25,899999618530273;25,90999984741211;25,84000015258789;25,860000610351562;24300
2026-08-20;12:10:00;-03:00;25,8799991607666;25,8799991607666;25,850000381469727;25,860000610351562;15700
2026-08-20;12:15:00;-03:00;25,850000381469727;25,969999313354492;25,84000015258789;25,940000534057617;40800
2026-08-20;12:20:00;-03:00;25,959999084472656;25,959999084472656;25,8700008392334;25,889999389648438;25100
2026-08-20;12:25:00;-03:00;25,8700008392334;25,90999984741211;25,8700008392334;25,8799991607666;24700
2026-08-20;12:30:00;-03:00;25,8799991607666;25,889999389648438;25,850000381469727;25,8700008392334;21400
2026-08-20;12:35:00;-03:00;25,8799991607666;25,889999389648438;25,809999465942383;25,81999969482422;25800
2026-08-20;12:40:00;-03:00;25,81999969482422;25,84000015258789;25,780000686645508;25,790000915527344;23900
2026-08-20;12:45:00;-03:00;25,799999237060547;25,799999237060547;25,770000457763672;25,770000457763672;32600
2026-08-20;12:50:00;-03:00;25,790000915527344;25,790000915527344;25,719999313354492;25,729999542236328;28600
2026-08-20;12:55:00;-03:00;25,719999313354492;25,739999771118164;25,709999084472656;25,739999771118164;17100
2026-08-20;13:00:00;-03:00;25,739999771118164;25,760000228881836;25,729999542236328;25,729999542236328;29200
2026-08-20;13:05:00;-03:00;25,719999313354492;25,75;25,709999084472656;25,729999542236328;21400
2026-08-20;13:10:00;-03:00;25,719999313354492;25,739999771118164;25,68000030517578;25,700000762939453;17700
2026-08-20;13:15:00;-03:00;25,700000762939453;25,700000762939453;25,68000030517578;25,68000030517578;11300
2026-08-20;13:20:00;-03:00;25,68000030517578;25,690000534057617;25,610000610351562;25,65999984741211;64000
2026-08-20;13:25:00;-03:00;25,639999389648438;25,65999984741211;25,59000015258789;25,59000015258789;32300
2026-08-20;13:30:00;-03:00;25,59000015258789;25,649999618530273;25,59000015258789;25,610000610351562;46100
2026-08-20;13:35:00;-03:00;25,610000610351562;25,6299991607666;25,600000381469727;25,600000381469727;10000
2026-08-20;13:40:00;-03:00;25,600000381469727;25,610000610351562;25,579999923706055;25,579999923706055;14500
2026-08-20;13:45:00;-03:00;25,579999923706055;25,579999923706055;25,540000915527344;25,549999237060547;16400
2026-08-20;13:50:00;-03:00;25,540000915527344;25,549999237060547;25,479999542236328;25,489999771118164;24500
2026-08-20;13:55:00;-03:00;25,489999771118164;25,489999771118164;25,43000030517578;25,43000030517578;33000
2026-08-20;14:00:00;-03:00;25,43000030517578;25,459999084472656;25,420000076293945;25,43000030517578;29800
2026-08-20;14:05:00;-03:00;25,43000030517578;25,450000762939453;25,399999618530273;25,40999984741211;24200
2026-08-20;14:10:00;-03:00;25,40999984741211;25,450000762939453;25,399999618530273;25,420000076293945;35800
2026-08-20;14:15:00;-03:00;25,420000076293945;25,440000534057617;25,3799991607666;25,389999389648438;30100
2026-08-20;14:20:00;-03:00;25,389999389648438;25,43000030517578;25,3799991607666;25,43000030517578;24000
2026-08-20;14:25:00;-03:00;25,420000076293945;25,440000534057617;25,420000076293945;25,420000076293945;10200
2026-08-20;14:30:00;-03:00;25,420000076293945;25,479999542236328;25,399999618530273;25,459999084472656;35400
2026-08-20;14:35:00;-03:00;25,459999084472656;25,479999542236328;25,450000762939453;25,479999542236328;28200
2026-08-20;14:40:00;-03:00;25,469999313354492;25,5;25,459999084472656;25,479999542236328;30100
2026-08-20;14:45:00;-03:00;25,469999313354492;25,5;25,469999313354492;25,489999771118164;23600
2026-08-20;14:50:00;-03:00;25,5;25,5;25,479999542236328;25,5;24300
2026-08-20;14:55:00;-03:00;25,489999771118164;25,489999771118164;25,469999313354492;25,479999542236328;38000
2026-08-20;15:00:00;-03:00;25,489999771118164;25,5;25,459999084472656;25,479999542236328;38600
2026-08-20;15:05:00;-03:00;25,489999771118164;25,510000228881836;25,469999313354492;25,489999771118164;34100
2026-08-20;15:10:00;-03:00;25,5;25,5;25,440000534057617;25,459999084472656;33700
2026-08-20;15:15:00;-03:00;25,459999084472656;25,479999542236328;25,450000762939453;25,469999313354492;37100
2026-08-20;15:20:00;-03:00;25,469999313354492;25,5;25,459999084472656;25,5;26500
2026-08-20;15:25:00;-03:00;25,5;25,5;25,469999313354492;25,469999313354492;35100
2026-08-20;15:30:00;-03:00;25,479999542236328;25,510000228881836;25,469999313354492;25,489999771118164;36800
2026-08-20;15:35:00;-03:00;25,489999771118164;25,510000228881836;25,489999771118164;25,510000228881836;11600
2026-08-20;15:40:00;-03:00;25,5;25,510000228881836;25,489999771118164;25,489999771118164;27600
2026-08-20;15:45:00;-03:00;25,5;25,5;25,43000030517578;25,43000030517578;33300
2026-08-20;15:50:00;-03:00;25,43000030517578;25,459999084472656;25,43000030517578;25,440000534057617;23500
2026-08-20;15:55:00;-03:00;25,440000534057617;25,479999542236328;25,440000534057617;25,440000534057617;37000
2026-08-20;16:00:00;-03:00;25,43000030517578;25,43000030517578;25,399999618530273;25,43000030517578;21000
2026-08-20;16:05:00;-03:00;25,43000030517578;25,450000762939453;25,40999984741211;25,420000076293945;25600
2026-08-20;16:10:00;-03:00;25,420000076293945;25,440000534057617;25,40999984741211;25,420000076293945;19600
2026-08-20;16:15:00;-03:00;25,420000076293945;25,43000030517578;25,389999389648438;25,420000076293945;31700
2026-08-20;16:20:00;-03:00;25,43000030517578;25,440000534057617;25,399999618530273;25,40999984741211;37200
2026-08-20;16:25:00;-03:00;25,40999984741211;25,459999084472656;25,40999984741211;25,43000030517578;38200
2026-08-20;16:30:00;-03:00;25,43000030517578;25,510000228881836;25,43000030517578;25,489999771118164;67200
2026-08-20;16:35:00;-03:00;25,479999542236328;25,520000457763672;25,479999542236328;25,5;38400
2026-08-20;16:40:00;-03:00;25,5;25,510000228881836;25,489999771118164;25,510000228881836;36700
2026-08-20;16:45:00;-03:00;25,5;25,510000228881836;25,5;25,5;29300
2026-08-20;16:50:00;-03:00;25,5;25,510000228881836;25,459999084472656;25,5;69900
2026-08-21;10:00:00;-03:00;25,600000381469727;25,729999542236328;25,600000381469727;25,68000030517578;0
2026-08-21;10:05:00;-03:00;25,670000076293945;25,700000762939453;25,639999389648438;25,639999389648438;14700
2026-08-21;10:10:00;-03:00;25,639999389648438;25,709999084472656;25,639999389648438;25,700000762939453;16700
2026-08-21;10:15:00;-03:00;25,709999084472656;25,809999465942383;25,709999084472656;25,739999771118164;80900
2026-08-21;10:20:00;-03:00;25,770000457763672;25,81999969482422;25,760000228881836;25,809999465942383;19700
2026-08-21;10:25:00;-03:00;25,81999969482422;25,81999969482422;25,719999313354492;25,799999237060547;52800
2026-08-21;10:30:00;-03:00;25,809999465942383;25,899999618530273;25,809999465942383;25,8799991607666;15500
2026-08-21;10:35:00;-03:00;25,90999984741211;26,079999923706055;25,899999618530273;26,079999923706055;56300
2026-08-21;10:40:00;-03:00;26,09000015258789;26,1200008392334;26,040000915527344;26,1200008392334;29200
2026-08-21;10:45:00;-03:00;26,110000610351562;26,110000610351562;26,030000686645508;26,06999969482422;16200
2026-08-21;10:50:00;-03:00;26,059999465942383;26,110000610351562;26,0;26,079999923706055;19800
2026-08-21;10:55:00;-03:00;26,09000015258789;26,149999618530273;26,09000015258789;26,139999389648438;14300
2026-08-21;11:00:00;-03:00;26,1299991607666;26,18000030517578;26,079999923706055;26,100000381469727;27200
2026-08-21;11:05:00;-03:00;26,110000610351562;26,149999618530273;26,100000381469727;26,1200008392334;18700
2026-08-21;11:10:00;-03:00;26,1200008392334;26,200000762939453;26,1200008392334;26,200000762939453;46900
2026-08-21;11:15:00;-03:00;26,200000762939453;26,229999542236328;26,18000030517578;26,209999084472656;19700
2026-08-21;11:20:00;-03:00;26,200000762939453;26,25;26,190000534057617;26,190000534057617;16900
2026-08-21;11:25:00;-03:00;26,200000762939453;26,25;26,18000030517578;26,219999313354492;34400
2026-08-21;11:30:00;-03:00;26,209999084472656;26,219999313354492;26,149999618530273;26,149999618530273;22500
2026-08-21;11:35:00;-03:00;26,139999389648438;26,15999984741211;26,110000610351562;26,139999389648438;13200
2026-08-21;11:40:00;-03:00;26,1299991607666;26,15999984741211;26,1299991607666;26,139999389648438;9900
2026-08-21;11:45:00;-03:00;26,149999618530273;26,18000030517578;26,1299991607666;26,149999618530273;15200
2026-08-21;11:50:00;-03:00;26,149999618530273;26,18000030517578;26,139999389648438;26,139999389648438;10600
2026-08-21;11:55:00;-03:00;26,1299991607666;26,139999389648438;26,079999923706055;26,079999923706055;9200
2026-08-21;12:00:00;-03:00;26,09000015258789;26,139999389648438;26,09000015258789;26,1200008392334;13300
2026-08-21;12:05:00;-03:00;26,1200008392334;26,1299991607666;26,100000381469727;26,110000610351562;16200
2026-08-21;12:10:00;-03:00;26,110000610351562;26,110000610351562;26,100000381469727;26,100000381469727;5000
2026-08-21;12:15:00;-03:00;26,09000015258789;26,110000610351562;26,09000015258789;26,100000381469727;7900
2026-08-21;12:20:00;-03:00;26,100000381469727;26,219999313354492;26,100000381469727;26,209999084472656;26400
2026-08-21;12:25:00;-03:00;26,209999084472656;26,239999771118164;26,190000534057617;26,229999542236328;18500
2026-08-21;12:30:00;-03:00;26,229999542236328;26,25;26,209999084472656;26,209999084472656;23900
2026-08-21;12:35:00;-03:00;26,200000762939453;26,309999465942383;26,200000762939453;26,270000457763672;22100
2026-08-21;12:40:00;-03:00;26,270000457763672;26,280000686645508;26,219999313354492;26,260000228881836;26800
2026-08-21;12:45:00;-03:00;26,260000228881836;26,260000228881836;26,209999084472656;26,239999771118164;13400
2026-08-21;12:50:00;-03:00;26,219999313354492;26,239999771118164;26,200000762939453;26,200000762939453;7600
2026-08-21;12:55:00;-03:00;26,209999084472656;26,229999542236328;26,190000534057617;26,190000534057617;10600
2026-08-21;13:00:00;-03:00;26,190000534057617;26,270000457763672;26,190000534057617;26,270000457763672;17900
2026-08-21;13:05:00;-03:00;26,270000457763672;26,280000686645508;26,260000228881836;26,260000228881836;14100
2026-08-21;13:10:00;-03:00;26,270000457763672;26,280000686645508;26,209999084472656;26,219999313354492;18200
2026-08-21;13:15:00;-03:00;26,209999084472656;26,209999084472656;26,170000076293945;26,170000076293945;15700
2026-08-21;13:20:00;-03:00;26,170000076293945;26,209999084472656;26,139999389648438;26,149999618530273;14300
2026-08-21;13:25:00;-03:00;26,139999389648438;26,139999389648438;26,06999969482422;26,079999923706055;20600
2026-08-21;13:30:00;-03:00;26,079999923706055;26,110000610351562;26,079999923706055;26,110000610351562;9800
2026-08-21;13:35:00;-03:00;26,110000610351562;26,1299991607666;26,110000610351562;26,1299991607666;11900
2026-08-21;13:40:00;-03:00;26,1299991607666;26,149999618530273;26,110000610351562;26,1200008392334;18900
2026-08-21;13:45:00;-03:00;26,1200008392334;26,149999618530273;26,110000610351562;26,139999389648438;8800
2026-08-21;13:50:00;-03:00;26,149999618530273;26,149999618530273;26,1299991607666;26,1299991607666;4600
2026-08-21;13:55:00;-03:00;26,139999389648438;26,139999389648438;26,110000610351562;26,1200008392334;7100
2026-08-21;14:00:00;-03:00;26,1200008392334;26,139999389648438;26,1200008392334;26,1299991607666;9300
2026-08-21;14:05:00;-03:00;26,139999389648438;26,170000076293945;26,1299991607666;26,149999618530273;20600
2026-08-21;14:10:00;-03:00;26,15999984741211;26,15999984741211;26,100000381469727;26,1299991607666;22900
2026-08-21;14:15:00;-03:00;26,1299991607666;26,1299991607666;26,110000610351562;26,110000610351562;8300
2026-08-21;14:20:00;-03:00;26,1200008392334;26,1299991607666;26,110000610351562;26,1200008392334;8700
2026-08-21;14:25:00;-03:00;26,1299991607666;26,139999389648438;26,110000610351562;26,110000610351562;16400
2026-08-21;14:30:00;-03:00;26,1200008392334;26,1200008392334;26,100000381469727;26,110000610351562;15000
2026-08-21;14:35:00;-03:00;26,1200008392334;26,149999618530273;26,110000610351562;26,1200008392334;21100
2026-08-21;14:40:00;-03:00;26,1200008392334;26,1200008392334;26,100000381469727;26,110000610351562;14600
2026-08-21;14:45:00;-03:00;26,100000381469727;26,1299991607666;26,100000381469727;26,1200008392334;21700
2026-08-21;14:50:00;-03:00;26,1299991607666;26,170000076293945;26,1200008392334;26,149999618530273;23100
2026-08-21;14:55:00;-03:00;26,139999389648438;26,170000076293945;26,139999389648438;26,149999618530273;9700
2026-08-21;15:00:00;-03:00;26,149999618530273;26,209999084472656;26,149999618530273;26,170000076293945;29300
2026-08-21;15:05:00;-03:00;26,170000076293945;26,18000030517578;26,139999389648438;26,139999389648438;15500
2026-08-21;15:10:00;-03:00;26,149999618530273;26,18000030517578;26,149999618530273;26,170000076293945;18100
2026-08-21;15:15:00;-03:00;26,170000076293945;26,18000030517578;26,15999984741211;26,170000076293945;20900
2026-08-21;15:20:00;-03:00;26,170000076293945;26,18000030517578;26,139999389648438;26,149999618530273;14600
2026-08-21;15:25:00;-03:00;26,149999618530273;26,170000076293945;26,149999618530273;26,15999984741211;9600
2026-08-21;15:30:00;-03:00;26,15999984741211;26,170000076293945;26,139999389648438;26,149999618530273;15100
2026-08-21;15:35:00;-03:00;26,149999618530273;26,15999984741211;26,110000610351562;26,110000610351562;15500
2026-08-21;15:40:00;-03:00;26,110000610351562;26,139999389648438;26,110000610351562;26,1299991607666;13000
2026-08-21;15:45:00;-03:00;26,1299991607666;26,139999389648438;26,110000610351562;26,110000610351562;13400
2026-08-21;15:50:00;-03:00;26,110000610351562;26,1299991607666;26,100000381469727;26,110000610351562;19100
2026-08-21;15:55:00;-03:00;26,110000610351562;26,1299991607666;26,110000610351562;26,1200008392334;22300
2026-08-21;16:00:00;-03:00;26,1200008392334;26,139999389648438;26,1200008392334;26,1299991607666;19600
2026-08-21;16:05:00;-03:00;26,1299991607666;26,1299991607666;26,110000610351562;26,110000610351562;25800
2026-08-21;16:10:00;-03:00;26,110000610351562;26,1200008392334;26,100000381469727;26,100000381469727;12700
2026-08-21;16:15:00;-03:00;26,100000381469727;26,1200008392334;26,100000381469727;26,110000610351562;25900
2026-08-21;16:20:00;-03:00;26,110000610351562;26,1200008392334;26,110000610351562;26,110000610351562;12600
2026-08-21;16:25:00;-03:00;26,110000610351562;26,1200008392334;26,09000015258789;26,110000610351562;28800
2026-08-21;16:30:00;-03:00;26,100000381469727;26,100000381469727;26,06999969482422;26,100000381469727;24900
2026-08-21;16:35:00;-03:00;26,100000381469727;26,1299991607666;26,079999923706055;26,100000381469727;50800
2026-08-21;16:40:00;-03:00;26,110000610351562;26,110000610351562;26,079999923706055;26,079999923706055;30400
2026-08-21;16:45:00;-03:00;26,079999923706055;26,1200008392334;26,079999923706055;26,110000610351562;27900
2026-08-21;16:50:00;-03:00;26,1299991607666;26,1299991607666;26,09000015258789;26,1200008392334;33100
2026-08-24;10:00:00;-03:00;25,950000762939453;25,959999084472656;25,760000228881836;25,770000457763672;0
2026-08-24;10:05:00;-03:00;25,780000686645508;25,850000381469727;25,780000686645508;25,81999969482422;6900
2026-08-24;10:10:00;-03:00;25,81999969482422;25,81999969482422;25,75;25,75;9500
2026-08-24;10:15:00;-03:00;25,780000686645508;25,84000015258789;25,770000457763672;25,81999969482422;8200
2026-08-24;10:20:00;-03:00;25,81999969482422;25,81999969482422;25,729999542236328;25,809999465942383;7900
2026-08-24;10:25:00;-03:00;25,81999969482422;25,81999969482422;25,739999771118164;25,790000915527344;17200
2026-08-24;10:30:00;-03:00;25,799999237060547;25,940000534057617;25,790000915527344;25,899999618530273;24500
2026-08-24;10:35:00;-03:00;25,90999984741211;25,969999313354492;25,889999389648438;25,969999313354492;22400
2026-08-24;10:40:00;-03:00;25,969999313354492;26,030000686645508;25,959999084472656;26,010000228881836;22700
2026-08-24;10:45:00;-03:00;26,010000228881836;26,059999465942383;25,920000076293945;26,020000457763672;42500
2026-08-24;10:50:00;-03:00;26,030000686645508;26,149999618530273;26,0;26,139999389648438;19600
2026-08-24;10:55:00;-03:00;26,149999618530273;26,270000457763672;26,149999618530273;26,229999542236328;20700
2026-08-24;11:00:00;-03:00;26,229999542236328;26,280000686645508;26,110000610351562;26,110000610351562;47600
2026-08-24;11:05:00;-03:00;26,1200008392334;26,1200008392334;26,059999465942383;26,079999923706055;20600
2026-08-24;11:10:00;-03:00;26,079999923706055;26,100000381469727;26,030000686645508;26,049999237060547;31700
2026-08-24;11:15:00;-03:00;26,049999237060547;26,100000381469727;26,040000915527344;26,049999237060547;17800
2026-08-24;11:20:00;-03:00;26,059999465942383;26,100000381469727;26,030000686645508;26,100000381469727;28200
2026-08-24;11:25:00;-03:00;26,100000381469727;26,149999618530273;26,079999923706055;26,09000015258789;24200
2026-08-24;11:30:00;-03:00;26,09000015258789;26,200000762939453;26,09000015258789;26,15999984741211;23400
2026-08-24;11:35:00;-03:00;26,170000076293945;26,190000534057617;26,149999618530273;26,149999618530273;18000
2026-08-24;11:40:00;-03:00;26,170000076293945;26,190000534057617;26,139999389648438;26,15999984741211;13600
2026-08-24;11:45:00;-03:00;26,18000030517578;26,219999313354492;26,18000030517578;26,18000030517578;27000
2026-08-24;11:50:00;-03:00;26,190000534057617;26,239999771118164;26,15999984741211;26,239999771118164;15700
2026-08-24;11:55:00;-03:00;26,239999771118164;26,270000457763672;26,209999084472656;26,25;16100
2026-08-24;12:00:00;-03:00;26,239999771118164;26,25;26,209999084472656;26,209999084472656;13500
2026-08-24;12:05:00;-03:00;26,219999313354492;26,25;26,219999313354492;26,229999542236328;12700
2026-08-24;12:10:00;-03:00;26,239999771118164;26,270000457763672;26,219999313354492;26,260000228881836;14600
2026-08-24;12:15:00;-03:00;26,260000228881836;26,280000686645508;26,25;26,270000457763672;17800
2026-08-24;12:20:00;-03:00;26,260000228881836;26,309999465942383;26,260000228881836;26,309999465942383;35700
2026-08-24;12:25:00;-03:00;26,31999969482422;26,3700008392334;26,309999465942383;26,350000381469727;26000
2026-08-24;12:30:00;-03:00;26,329999923706055;26,350000381469727;26,290000915527344;26,299999237060547;14800
2026-08-24;12:35:00;-03:00;26,290000915527344;26,309999465942383;26,280000686645508;26,280000686645508;16500
2026-08-24;12:40:00;-03:00;26,280000686645508;26,329999923706055;26,270000457763672;26,329999923706055;23500
2026-08-24;12:45:00;-03:00;26,329999923706055;26,3700008392334;26,309999465942383;26,34000015258789;20400
2026-08-24;12:50:00;-03:00;26,350000381469727;26,350000381469727;26,34000015258789;26,34000015258789;9100
2026-08-24;12:55:00;-03:00;26,34000015258789;26,3799991607666;26,31999969482422;26,34000015258789;30100
2026-08-24;13:00:00;-03:00;26,350000381469727;26,360000610351562;26,31999969482422;26,350000381469727;19500
2026-08-24;13:05:00;-03:00;26,360000610351562;26,389999389648438;26,360000610351562;26,3700008392334;18100
2026-08-24;13:10:00;-03:00;26,3700008392334;26,3700008392334;26,34000015258789;26,350000381469727;16900
2026-08-24;13:15:00;-03:00;26,360000610351562;26,3700008392334;26,350000381469727;26,360000610351562;11700
2026-08-24;13:20:00;-03:00;26,350000381469727;26,360000610351562;26,329999923706055;26,329999923706055;12700
2026-08-24;13:25:00;-03:00;26,34000015258789;26,350000381469727;26,329999923706055;26,350000381469727;10500
2026-08-24;13:30:00;-03:00;26,350000381469727;26,3799991607666;26,34000015258789;26,34000015258789;13000
2026-08-24;13:35:00;-03:00;26,350000381469727;26,3700008392334;26,350000381469727;26,360000610351562;10400
2026-08-24;13:40:00;-03:00;26,360000610351562;26,360000610351562;26,34000015258789;26,360000610351562;12400
2026-08-24;13:45:00;-03:00;26,350000381469727;26,360000610351562;26,290000915527344;26,299999237060547;21700
2026-08-24;13:50:00;-03:00;26,290000915527344;26,309999465942383;26,280000686645508;26,280000686645508;15000
2026-08-24;13:55:00;-03:00;26,290000915527344;26,309999465942383;26,280000686645508;26,290000915527344;14100
2026-08-24;14:00:00;-03:00;26,280000686645508;26,299999237060547;26,280000686645508;26,280000686645508;12300
2026-08-24;14:05:00;-03:00;26,280000686645508;26,299999237060547;26,25;26,299999237060547;37300
2026-08-24;14:10:00;-03:00;26,280000686645508;26,31999969482422;26,280000686645508;26,31999969482422;14400
2026-08-24;14:15:00;-03:00;26,329999923706055;26,329999923706055;26,299999237060547;26,309999465942383;10800
2026-08-24;14:20:00;-03:00;26,309999465942383;26,329999923706055;26,280000686645508;26,290000915527344;23400
2026-08-24;14:25:00;-03:00;26,290000915527344;26,309999465942383;26,280000686645508;26,299999237060547;15700
2026-08-24;14:30:00;-03:00;26,290000915527344;26,309999465942383;26,280000686645508;26,280000686645508;12500
2026-08-24;14:35:00;-03:00;26,290000915527344;26,299999237060547;26,270000457763672;26,290000915527344;25600
2026-08-24;14:40:00;-03:00;26,299999237060547;26,309999465942383;26,280000686645508;26,290000915527344;14600
2026-08-24;14:45:00;-03:00;26,299999237060547;26,299999237060547;26,260000228881836;26,260000228881836;23200
2026-08-24;14:50:00;-03:00;26,260000228881836;26,309999465942383;26,260000228881836;26,290000915527344;16000
2026-08-24;14:55:00;-03:00;26,290000915527344;26,309999465942383;26,280000686645508;26,299999237060547;17500
2026-08-24;15:00:00;-03:00;26,290000915527344;26,309999465942383;26,270000457763672;26,270000457763672;16300
2026-08-24;15:05:00;-03:00;26,270000457763672;26,290000915527344;26,229999542236328;26,229999542236328;19900
2026-08-24;15:10:00;-03:00;26,239999771118164;26,270000457763672;26,229999542236328;26,260000228881836;13400
2026-08-24;15:15:00;-03:00;26,270000457763672;26,31999969482422;26,270000457763672;26,299999237060547;25000
2026-08-24;15:20:00;-03:00;26,299999237060547;26,309999465942383;26,280000686645508;26,299999237060547;23700
2026-08-24;15:25:00;-03:00;26,290000915527344;26,299999237060547;26,290000915527344;26,299999237060547;8100
2026-08-24;15:30:00;-03:00;26,299999237060547;26,309999465942383;26,25;26,25;21300
2026-08-24;15:35:00;-03:00;26,260000228881836;26,270000457763672;26,260000228881836;26,260000228881836;13600
2026-08-24;15:40:00;-03:00;26,25;26,299999237060547;26,25;26,299999237060547;13200
2026-08-24;15:45:00;-03:00;26,290000915527344;26,290000915527344;26,270000457763672;26,280000686645508;18800
2026-08-24;15:50:00;-03:00;26,290000915527344;26,299999237060547;26,270000457763672;26,299999237060547;22000
2026-08-24;15:55:00;-03:00;26,290000915527344;26,309999465942383;26,290000915527344;26,290000915527344;25400
2026-08-24;16:00:00;-03:00;26,280000686645508;26,309999465942383;26,280000686645508;26,280000686645508;9400
2026-08-24;16:05:00;-03:00;26,280000686645508;26,309999465942383;26,270000457763672;26,270000457763672;17700
2026-08-24;16:10:00;-03:00;26,280000686645508;26,290000915527344;26,260000228881836;26,290000915527344;15700
2026-08-24;16:15:00;-03:00;26,299999237060547;26,299999237060547;26,280000686645508;26,280000686645508;11900
2026-08-24;16:20:00;-03:00;26,280000686645508;26,280000686645508;26,260000228881836;26,280000686645508;14800
2026-08-24;16:25:00;-03:00;26,280000686645508;26,280000686645508;26,239999771118164;26,239999771118164;26600
2026-08-24;16:30:00;-03:00;26,239999771118164;26,239999771118164;26,200000762939453;26,209999084472656;25600
2026-08-24;16:35:00;-03:00;26,209999084472656;26,239999771118164;26,190000534057617;26,200000762939453;75100
2026-08-24;16:40:00;-03:00;26,209999084472656;26,229999542236328;26,190000534057617;26,190000534057617;47900
2026-08-24;16:45:00;-03:00;26,190000534057617;26,209999084472656;26,18000030517578;26,18000030517578;43700
2026-08-24;16:50:00;-03:00;26,18000030517578;26,190000534057617;26,1299991607666;26,190000534057617;39200
2026-08-25;10:00:00;-03:00;26,079999923706055;26,219999313354492;26,06999969482422;26,219999313354492;10200
2026-08-25;10:05:00;-03:00;26,239999771118164;26,309999465942383;26,239999771118164;26,309999465942383;8200
2026-08-25;10:10:00;-03:00;26,309999465942383;26,31999969482422;26,280000686645508;26,280000686645508;8800
2026-08-25;10:15:00;-03:00;26,280000686645508;26,290000915527344;26,219999313354492;26,270000457763672;6500
2026-08-25;10:20:00;-03:00;26,290000915527344;26,329999923706055;26,25;26,290000915527344;10800
2026-08-25;10:25:00;-03:00;26,290000915527344;26,3700008392334;26,270000457763672;26,3700008392334;14500
2026-08-25;10:30:00;-03:00;26,350000381469727;26,3700008392334;26,209999084472656;26,229999542236328;14700
2026-08-25;10:35:00;-03:00;26,239999771118164;26,290000915527344;26,229999542236328;26,229999542236328;13800
2026-08-25;10:40:00;-03:00;26,219999313354492;26,260000228881836;26,190000534057617;26,219999313354492;15600
2026-08-25;10:45:00;-03:00;26,200000762939453;26,280000686645508;26,200000762939453;26,239999771118164;26100
2026-08-25;10:50:00;-03:00;26,239999771118164;26,239999771118164;26,209999084472656;26,219999313354492;14600
2026-08-25;10:55:00;-03:00;26,229999542236328;26,239999771118164;26,200000762939453;26,219999313354492;5200
2026-08-25;11:00:00;-03:00;26,239999771118164;26,270000457763672;26,18000030517578;26,229999542236328;14800
2026-08-25;11:05:00;-03:00;26,229999542236328;26,260000228881836;26,209999084472656;26,25;7800
2026-08-25;11:10:00;-03:00;26,25;26,299999237060547;26,239999771118164;26,299999237060547;15300
2026-08-25;11:15:00;-03:00;26,309999465942383;26,31999969482422;26,270000457763672;26,290000915527344;11900
2026-08-25;11:20:00;-03:00;26,290000915527344;26,31999969482422;26,290000915527344;26,299999237060547;7800
2026-08-25;11:25:00;-03:00;26,299999237060547;26,34000015258789;26,299999237060547;26,309999465942383;14000
2026-08-25;11:30:00;-03:00;26,309999465942383;26,31999969482422;26,239999771118164;26,25;15100
2026-08-25;11:35:00;-03:00;26,25;26,270000457763672;26,229999542236328;26,260000228881836;10100
2026-08-25;11:40:00;-03:00;26,260000228881836;26,299999237060547;26,209999084472656;26,299999237060547;22700
2026-08-25;11:45:00;-03:00;26,290000915527344;26,31999969482422;26,270000457763672;26,290000915527344;9500
2026-08-25;11:50:00;-03:00;26,309999465942383;26,309999465942383;26,260000228881836;26,290000915527344;10900
2026-08-25;11:55:00;-03:00;26,270000457763672;26,280000686645508;26,25;26,280000686645508;9700
2026-08-25;12:00:00;-03:00;26,290000915527344;26,34000015258789;26,290000915527344;26,329999923706055;11300
2026-08-25;12:05:00;-03:00;26,34000015258789;26,350000381469727;26,309999465942383;26,34000015258789;7400
2026-08-25;12:10:00;-03:00;26,360000610351562;26,360000610351562;26,329999923706055;26,34000015258789;22600
2026-08-25;12:15:00;-03:00;26,350000381469727;26,360000610351562;26,31999969482422;26,350000381469727;7400
2026-08-25;12:20:00;-03:00;26,34000015258789;26,40999984741211;26,34000015258789;26,360000610351562;37200
2026-08-25;12:25:00;-03:00;26,360000610351562;26,420000076293945;26,350000381469727;26,3799991607666;17000
2026-08-25;12:30:00;-03:00;26,3799991607666;26,40999984741211;26,3799991607666;26,399999618530273;15500
2026-08-25;12:35:00;-03:00;26,40999984741211;26,440000534057617;26,399999618530273;26,440000534057617;16400
2026-08-25;12:40:00;-03:00;26,450000762939453;26,479999542236328;26,420000076293945;26,459999084472656;19500
2026-08-25;12:45:00;-03:00;26,459999084472656;26,469999313354492;26,450000762939453;26,469999313354492;10000
2026-08-25;12:50:00;-03:00;26,469999313354492;26,5;26,440000534057617;26,5;11800
2026-08-25;12:55:00;-03:00;26,5;26,559999465942383;26,5;26,530000686645508;20800
2026-08-25;13:00:00;-03:00;26,540000915527344;26,559999465942383;26,520000457763672;26,540000915527344;20900
2026-08-25;13:05:00;-03:00;26,530000686645508;26,540000915527344;26,489999771118164;26,510000228881836;10200
2026-08-25;13:10:00;-03:00;26,510000228881836;26,540000915527344;26,489999771118164;26,530000686645508;12700
2026-08-25;13:15:00;-03:00;26,540000915527344;26,540000915527344;26,5;26,5;19300
2026-08-25;13:20:00;-03:00;26,510000228881836;26,510000228881836;26,479999542236328;26,510000228881836;14800
2026-08-25;13:25:00;-03:00;26,5;26,530000686645508;26,489999771118164;26,530000686645508;11800
2026-08-25;13:30:00;-03:00;26,510000228881836;26,540000915527344;26,510000228881836;26,540000915527344;13600
2026-08-25;13:35:00;-03:00;26,540000915527344;26,549999237060547;26,440000534057617;26,459999084472656;81700
2026-08-25;13:40:00;-03:00;26,459999084472656;26,479999542236328;26,459999084472656;26,459999084472656;13400
2026-08-25;13:45:00;-03:00;26,459999084472656;26,469999313354492;26,440000534057617;26,459999084472656;12800
2026-08-25;13:50:00;-03:00;26,450000762939453;26,469999313354492;26,440000534057617;26,450000762939453;9700
2026-08-25;13:55:00;-03:00;26,450000762939453;26,469999313354492;26,43000030517578;26,459999084472656;19900
2026-08-25;14:00:00;-03:00;26,469999313354492;26,469999313354492;26,440000534057617;26,450000762939453;9600
2026-08-25;14:05:00;-03:00;26,440000534057617;26,450000762939453;26,40999984741211;26,43000030517578;22200
2026-08-25;14:10:00;-03:00;26,420000076293945;26,459999084472656;26,420000076293945;26,450000762939453;14400
2026-08-25;14:15:00;-03:00;26,459999084472656;26,489999771118164;26,450000762939453;26,489999771118164;30800
2026-08-25;14:20:00;-03:00;26,489999771118164;26,530000686645508;26,489999771118164;26,520000457763672;76100
2026-08-25;14:25:00;-03:00;26,530000686645508;26,530000686645508;26,479999542236328;26,479999542236328;8400
2026-08-25;14:30:00;-03:00;26,489999771118164;26,520000457763672;26,479999542236328;26,489999771118164;31800
2026-08-25;14:35:00;-03:00;26,489999771118164;26,520000457763672;26,479999542236328;26,520000457763672;30700
2026-08-25;14:40:00;-03:00;26,520000457763672;26,579999923706055;26,510000228881836;26,56999969482422;45300
2026-08-25;14:45:00;-03:00;26,579999923706055;26,59000015258789;26,549999237060547;26,559999465942383;28500
2026-08-25;14:50:00;-03:00;26,549999237060547;26,56999969482422;26,549999237060547;26,549999237060547;15900
2026-08-25;14:55:00;-03:00;26,559999465942383;26,59000015258789;26,559999465942383;26,59000015258789;26500
2026-08-25;15:00:00;-03:00;26,579999923706055;26,600000381469727;26,520000457763672;26,530000686645508;22600
2026-08-25;15:05:00;-03:00;26,520000457763672;26,549999237060547;26,510000228881836;26,520000457763672;32300
2026-08-25;15:10:00;-03:00;26,510000228881836;26,510000228881836;26,489999771118164;26,5;20500
2026-08-25;15:15:00;-03:00;26,510000228881836;26,510000228881836;26,479999542236328;26,489999771118164;22700
2026-08-25;15:20:00;-03:00;26,489999771118164;26,5;26,479999542236328;26,489999771118164;23700
2026-08-25;15:25:00;-03:00;26,489999771118164;26,520000457763672;26,479999542236328;26,520000457763672;27800
2026-08-25;15:30:00;-03:00;26,510000228881836;26,520000457763672;26,479999542236328;26,479999542236328;11700
2026-08-25;15:35:00;-03:00;26,489999771118164;26,5;26,469999313354492;26,469999313354492;19300
2026-08-25;15:40:00;-03:00;26,459999084472656;26,469999313354492;26,450000762939453;26,469999313354492;12700
2026-08-25;15:45:00;-03:00;26,469999313354492;26,5;26,459999084472656;26,5;38500
2026-08-25;15:50:00;-03:00;26,479999542236328;26,5;26,479999542236328;26,489999771118164;23400
2026-08-25;15:55:00;-03:00;26,5;26,510000228881836;26,479999542236328;26,5;11400
2026-08-25;16:00:00;-03:00;26,5;26,5;26,469999313354492;26,479999542236328;17400
2026-08-25;16:05:00;-03:00;26,479999542236328;26,520000457763672;26,479999542236328;26,510000228881836;33600
2026-08-25;16:10:00;-03:00;26,5;26,56999969482422;26,5;26,559999465942383;42800
2026-08-25;16:15:00;-03:00;26,559999465942383;26,579999923706055;26,549999237060547;26,579999923706055;27700
2026-08-25;16:20:00;-03:00;26,579999923706055;26,610000610351562;26,56999969482422;26,59000015258789;38000
2026-08-25;16:25:00;-03:00;26,59000015258789;26,6299991607666;26,579999923706055;26,600000381469727;37900
2026-08-25;16:30:00;-03:00;26,610000610351562;26,6200008392334;26,56999969482422;26,59000015258789;34700
2026-08-25;16:35:00;-03:00;26,600000381469727;26,639999389648438;26,600000381469727;26,6200008392334;26200
2026-08-25;16:40:00;-03:00;26,6200008392334;26,6299991607666;26,59000015258789;26,600000381469727;28300
2026-08-25;16:45:00;-03:00;26,59000015258789;26,59000015258789;26,549999237060547;26,549999237060547;46500
2026-08-25;16:50:00;-03:00;26,559999465942383;26,600000381469727;26,520000457763672;26,600000381469727;62200
2026-08-26;10:00:00;-03:00;26,479999542236328;26,510000228881836;26,40999984741211;26,440000534057617;0
2026-08-26;10:05:00;-03:00;26,450000762939453;26,489999771118164;26,440000534057617;26,489999771118164;5100
2026-08-26;10:10:00;-03:00;26,5;26,610000610351562;26,5;26,610000610351562;14100
2026-08-26;10:15:00;-03:00;26,6299991607666;26,649999618530273;26,59000015258789;26,649999618530273;7000
2026-08-26;10:20:00;-03:00;26,6299991607666;26,75;26,6299991607666;26,729999542236328;11200
2026-08-26;10:25:00;-03:00;26,739999771118164;26,75;26,68000030517578;26,68000030517578;17500
2026-08-26;10:30:00;-03:00;26,670000076293945;26,700000762939453;26,540000915527344;26,549999237060547;11700
2026-08-26;10:35:00;-03:00;26,56999969482422;26,610000610351562;26,530000686645508;26,600000381469727;30400
2026-08-26;10:40:00;-03:00;26,600000381469727;26,610000610351562;26,510000228881836;26,510000228881836;26000
2026-08-26;10:45:00;-03:00;26,530000686645508;26,59000015258789;26,530000686645508;26,579999923706055;16700
2026-08-26;10:50:00;-03:00;26,59000015258789;26,600000381469727;26,540000915527344;26,56999969482422;12600
2026-08-26;10:55:00;-03:00;26,579999923706055;26,6200008392334;26,56999969482422;26,6200008392334;12000
2026-08-26;11:00:00;-03:00;26,6299991607666;26,68000030517578;26,610000610351562;26,6200008392334;14600
2026-08-26;11:05:00;-03:00;26,610000610351562;26,639999389648438;26,579999923706055;26,610000610351562;14600
2026-08-26;11:10:00;-03:00;26,600000381469727;26,639999389648438;26,579999923706055;26,6299991607666;12700
2026-08-26;11:15:00;-03:00;26,6200008392334;26,6299991607666;26,559999465942383;26,559999465942383;19900
2026-08-26;11:20:00;-03:00;26,549999237060547;26,549999237060547;26,420000076293945;26,479999542236328;31900
2026-08-26;11:25:00;-03:00;26,459999084472656;26,469999313354492;26,399999618530273;26,399999618530273;13200
2026-08-26;11:30:00;-03:00;26,40999984741211;26,5;26,40999984741211;26,489999771118164;18000
2026-08-26;11:35:00;-03:00;26,489999771118164;26,5;26,469999313354492;26,489999771118164;12500
2026-08-26;11:40:00;-03:00;26,5;26,5;26,469999313354492;26,489999771118164;10200
2026-08-26;11:45:00;-03:00;26,469999313354492;26,489999771118164;26,450000762939453;26,459999084472656;12900
2026-08-26;11:50:00;-03:00;26,459999084472656;26,510000228881836;26,459999084472656;26,510000228881836;26700
2026-08-26;11:55:00;-03:00;26,489999771118164;26,520000457763672;26,489999771118164;26,5;18900
2026-08-26;12:00:00;-03:00;26,5;26,5;26,450000762939453;26,450000762939453;19200
2026-08-26;12:05:00;-03:00;26,450000762939453;26,510000228881836;26,450000762939453;26,479999542236328;17000
2026-08-26;12:10:00;-03:00;26,489999771118164;26,520000457763672;26,469999313354492;26,5;17000
2026-08-26;12:15:00;-03:00;26,510000228881836;26,520000457763672;26,489999771118164;26,510000228881836;9700
2026-08-26;12:20:00;-03:00;26,5;26,510000228881836;26,479999542236328;26,479999542236328;12100
2026-08-26;12:25:00;-03:00;26,479999542236328;26,520000457763672;26,469999313354492;26,479999542236328;24100
2026-08-26;12:30:00;-03:00;26,479999542236328;26,489999771118164;26,469999313354492;26,479999542236328;9000
2026-08-26;12:35:00;-03:00;26,479999542236328;26,489999771118164;26,459999084472656;26,489999771118164;15700
2026-08-26;12:40:00;-03:00;26,5;26,510000228881836;26,479999542236328;26,479999542236328;14900
2026-08-26;12:45:00;-03:00;26,479999542236328;26,489999771118164;26,459999084472656;26,459999084472656;9100
2026-08-26;12:50:00;-03:00;26,459999084472656;26,459999084472656;26,420000076293945;26,420000076293945;11900
2026-08-26;12:55:00;-03:00;26,43000030517578;26,469999313354492;26,420000076293945;26,440000534057617;9900
2026-08-26;13:00:00;-03:00;26,440000534057617;26,479999542236328;26,420000076293945;26,459999084472656;20400
2026-08-26;13:05:00;-03:00;26,459999084472656;26,479999542236328;26,459999084472656;26,479999542236328;16900
2026-08-26;13:10:00;-03:00;26,479999542236328;26,489999771118164;26,459999084472656;26,479999542236328;14300
2026-08-26;13:15:00;-03:00;26,469999313354492;26,5;26,459999084472656;26,489999771118164;10100
2026-08-26;13:20:00;-03:00;26,5;26,530000686645508;26,479999542236328;26,5;18900
2026-08-26;13:25:00;-03:00;26,5;26,520000457763672;26,489999771118164;26,489999771118164;14800
2026-08-26;13:30:00;-03:00;26,489999771118164;26,510000228881836;26,479999542236328;26,479999542236328;18600
2026-08-26;13:35:00;-03:00;26,479999542236328;26,489999771118164;26,469999313354492;26,469999313354492;7300
2026-08-26;13:40:00;-03:00;26,479999542236328;26,489999771118164;26,450000762939453;26,459999084472656;12100
2026-08-26;13:45:00;-03:00;26,459999084472656;26,469999313354492;26,43000030517578;26,469999313354492;55800
2026-08-26;13:50:00;-03:00;26,469999313354492;26,510000228881836;26,440000534057617;26,479999542236328;40000
2026-08-26;13:55:00;-03:00;26,479999542236328;26,520000457763672;26,479999542236328;26,5;8800
2026-08-26;14:00:00;-03:00;26,5;26,579999923706055;26,5;26,56999969482422;28400
2026-08-26;14:05:00;-03:00;26,559999465942383;26,559999465942383;26,540000915527344;26,549999237060547;6900
2026-08-26;14:10:00;-03:00;26,540000915527344;26,56999969482422;26,540000915527344;26,56999969482422;12500
2026-08-26;14:15:00;-03:00;26,579999923706055;26,579999923706055;26,5;26,5;10100
2026-08-26;14:20:00;-03:00;26,5;26,540000915527344;26,5;26,530000686645508;20900
2026-08-26;14:25:00;-03:00;26,520000457763672;26,540000915527344;26,510000228881836;26,520000457763672;11900
2026-08-26;14:30:00;-03:00;26,510000228881836;26,520000457763672;26,489999771118164;26,489999771118164;8900
2026-08-26;14:35:00;-03:00;26,489999771118164;26,670000076293945;26,489999771118164;26,65999984741211;46700
2026-08-26;14:40:00;-03:00;26,65999984741211;26,670000076293945;26,6200008392334;26,65999984741211;20400
2026-08-26;14:45:00;-03:00;26,649999618530273;26,690000534057617;26,6299991607666;26,690000534057617;86600
2026-08-26;14:50:00;-03:00;26,690000534057617;26,719999313354492;26,690000534057617;26,700000762939453;22700
2026-08-26;14:55:00;-03:00;26,700000762939453;26,709999084472656;26,68000030517578;26,709999084472656;24600
2026-08-26;15:00:00;-03:00;26,719999313354492;26,739999771118164;26,700000762939453;26,729999542236328;18300
2026-08-26;15:05:00;-03:00;26,729999542236328;26,729999542236328;26,670000076293945;26,68000030517578;24000
2026-08-26;15:10:00;-03:00;26,68000030517578;26,690000534057617;26,68000030517578;26,68000030517578;9900
2026-08-26;15:15:00;-03:00;26,690000534057617;26,719999313354492;26,68000030517578;26,700000762939453;72000
2026-08-26;15:20:00;-03:00;26,700000762939453;26,729999542236328;26,700000762939453;26,700000762939453;17400
2026-08-26;15:25:00;-03:00;26,700000762939453;26,709999084472656;26,700000762939453;26,700000762939453;44400
2026-08-26;15:30:00;-03:00;26,700000762939453;26,719999313354492;26,68000030517578;26,700000762939453;50900
2026-08-26;15:35:00;-03:00;26,709999084472656;26,739999771118164;26,709999084472656;26,739999771118164;13300
2026-08-26;15:40:00;-03:00;26,739999771118164;26,780000686645508;26,739999771118164;26,780000686645508;40900
2026-08-26;15:45:00;-03:00;26,760000228881836;26,790000915527344;26,760000228881836;26,780000686645508;27700
2026-08-26;15:50:00;-03:00;26,790000915527344;26,799999237060547;26,780000686645508;26,780000686645508;25400
2026-08-26;15:55:00;-03:00;26,780000686645508;26,780000686645508;26,760000228881836;26,770000457763672;28000
2026-08-26;16:00:00;-03:00;26,780000686645508;26,829999923706055;26,780000686645508;26,81999969482422;31700
2026-08-26;16:05:00;-03:00;26,81999969482422;26,84000015258789;26,809999465942383;26,84000015258789;17500
2026-08-26;16:10:00;-03:00;26,829999923706055;26,8700008392334;26,81999969482422;26,860000610351562;22900
2026-08-26;16:15:00;-03:00;26,850000381469727;26,920000076293945;26,850000381469727;26,90999984741211;66200
2026-08-26;16:20:00;-03:00;26,90999984741211;26,93000030517578;26,889999389648438;26,93000030517578;31600
2026-08-26;16:25:00;-03:00;26,93000030517578;26,950000762939453;26,920000076293945;26,940000534057617;33200
2026-08-26;16:30:00;-03:00;26,940000534057617;26,940000534057617;26,889999389648438;26,889999389648438;34400
2026-08-26;16:35:00;-03:00;26,899999618530273;26,940000534057617;26,8799991607666;26,940000534057617;40100
2026-08-26;16:40:00;-03:00;26,920000076293945;26,950000762939453;26,90999984741211;26,90999984741211;44400
2026-08-26;16:45:00;-03:00;26,920000076293945;26,940000534057617;26,899999618530273;26,920000076293945;44300
2026-08-26;16:50:00;-03:00;26,90999984741211;26,90999984741211;26,829999923706055;26,829999923706055;37700
2026-08-27;10:00:00;-03:00;26,600000381469727;26,760000228881836;26,600000381469727;26,719999313354492;0
2026-08-27;10:05:00;-03:00;26,700000762939453;26,700000762939453;26,649999618530273;26,700000762939453;18200
2026-08-27;10:10:00;-03:00;26,690000534057617;26,719999313354492;26,670000076293945;26,68000030517578;2100
2026-08-27;10:15:00;-03:00;26,68000030517578;26,860000610351562;26,639999389648438;26,860000610351562;15400
2026-08-27;10:20:00;-03:00;26,860000610351562;26,899999618530273;26,799999237060547;26,799999237060547;14600
2026-08-27;10:25:00;-03:00;26,829999923706055;26,889999389648438;26,799999237060547;26,809999465942383;15000
2026-08-27;10:30:00;-03:00;26,809999465942383;26,84000015258789;26,75;26,81999969482422;37000
2026-08-27;10:35:00;-03:00;26,81999969482422;26,8700008392334;26,799999237060547;26,799999237060547;34500
2026-08-27;10:40:00;-03:00;26,780000686645508;26,809999465942383;26,770000457763672;26,770000457763672;7700
2026-08-27;10:45:00;-03:00;26,760000228881836;26,799999237060547;26,75;26,790000915527344;13700
2026-08-27;10:50:00;-03:00;26,790000915527344;26,790000915527344;26,75;26,770000457763672;10500
2026-08-27;10:55:00;-03:00;26,790000915527344;26,799999237060547;26,760000228881836;26,790000915527344;9300
2026-08-27;11:00:00;-03:00;26,790000915527344;26,829999923706055;26,770000457763672;26,829999923706055;54700
2026-08-27;11:05:00;-03:00;26,809999465942383;26,829999923706055;26,760000228881836;26,780000686645508;11200
2026-08-27;11:10:00;-03:00;26,770000457763672;26,84000015258789;26,729999542236328;26,75;24600
2026-08-27;11:15:00;-03:00;26,739999771118164;26,760000228881836;26,719999313354492;26,75;16800
2026-08-27;11:20:00;-03:00;26,729999542236328;26,75;26,700000762939453;26,700000762939453;14200
2026-08-27;11:25:00;-03:00;26,700000762939453;26,709999084472656;26,68000030517578;26,690000534057617;17900
2026-08-27;11:30:00;-03:00;26,700000762939453;26,719999313354492;26,65999984741211;26,68000030517578;13600
2026-08-27;11:35:00;-03:00;26,700000762939453;26,770000457763672;26,690000534057617;26,770000457763672;15600
2026-08-27;11:40:00;-03:00;26,75;26,81999969482422;26,75;26,790000915527344;14800
2026-08-27;11:45:00;-03:00;26,790000915527344;26,8700008392334;26,790000915527344;26,84000015258789;21900
2026-08-27;11:50:00;-03:00;26,850000381469727;26,860000610351562;26,809999465942383;26,81999969482422;18900
2026-08-27;11:55:00;-03:00;26,799999237060547;26,81999969482422;26,719999313354492;26,729999542236328;15900
2026-08-27;12:00:00;-03:00;26,739999771118164;26,780000686645508;26,709999084472656;26,760000228881836;12000
2026-08-27;12:05:00;-03:00;26,760000228881836;26,799999237060547;26,719999313354492;26,790000915527344;20400
2026-08-27;12:10:00;-03:00;26,780000686645508;26,809999465942383;26,75;26,760000228881836;28000
2026-08-27;12:15:00;-03:00;26,760000228881836;26,799999237060547;26,760000228881836;26,780000686645508;18400
2026-08-27;12:20:00;-03:00;26,780000686645508;26,809999465942383;26,780000686645508;26,799999237060547;10900
2026-08-27;12:25:00;-03:00;26,799999237060547;26,809999465942383;26,790000915527344;26,790000915527344;18600
2026-08-27;12:30:00;-03:00;26,799999237060547;26,799999237060547;26,770000457763672;26,799999237060547;14200
2026-08-27;12:35:00;-03:00;26,780000686645508;26,809999465942383;26,770000457763672;26,790000915527344;11400
2026-08-27;12:40:00;-03:00;26,780000686645508;26,809999465942383;26,780000686645508;26,780000686645508;14000
2026-08-27;12:45:00;-03:00;26,780000686645508;26,790000915527344;26,760000228881836;26,770000457763672;14000
2026-08-27;12:50:00;-03:00;26,770000457763672;26,790000915527344;26,760000228881836;26,780000686645508;6900
2026-08-27;12:55:00;-03:00;26,770000457763672;26,780000686645508;26,760000228881836;26,770000457763672;10400
2026-08-27;13:00:00;-03:00;26,75;26,780000686645508;26,739999771118164;26,760000228881836;10200
2026-08-27;13:05:00;-03:00;26,770000457763672;26,780000686645508;26,75;26,780000686645508;9300
2026-08-27;13:10:00;-03:00;26,770000457763672;26,829999923706055;26,770000457763672;26,829999923706055;14100
2026-08-27;13:15:00;-03:00;26,81999969482422;26,84000015258789;26,809999465942383;26,81999969482422;9800
2026-08-27;13:20:00;-03:00;26,829999923706055;26,84000015258789;26,809999465942383;26,829999923706055;14900
2026-08-27;13:25:00;-03:00;26,81999969482422;26,829999923706055;26,81999969482422;26,829999923706055;9200
2026-08-27;13:30:00;-03:00;26,829999923706055;26,850000381469727;26,81999969482422;26,850000381469727;17300
2026-08-27;13:35:00;-03:00;26,84000015258789;26,8799991607666;26,84000015258789;26,8799991607666;17400
2026-08-27;13:40:00;-03:00;26,8700008392334;26,8799991607666;26,860000610351562;26,8799991607666;14000
2026-08-27;13:45:00;-03:00;26,8700008392334;26,8799991607666;26,829999923706055;26,829999923706055;11300
2026-08-27;13:50:00;-03:00;26,829999923706055;26,8700008392334;26,829999923706055;26,84000015258789;16600
2026-08-27;13:55:00;-03:00;26,84000015258789;26,860000610351562;26,81999969482422;26,850000381469727;14200
2026-08-27;14:00:00;-03:00;26,850000381469727;26,860000610351562;26,829999923706055;26,84000015258789;17100
2026-08-27;14:05:00;-03:00;26,84000015258789;26,860000610351562;26,81999969482422;26,84000015258789;18300
2026-08-27;14:10:00;-03:00;26,84000015258789;26,8700008392334;26,829999923706055;26,850000381469727;25600
2026-08-27;14:15:00;-03:00;26,850000381469727;26,860000610351562;26,809999465942383;26,829999923706055;16100
2026-08-27;14:20:00;-03:00;26,81999969482422;26,81999969482422;26,799999237060547;26,81999969482422;9700
2026-08-27;14:25:00;-03:00;26,81999969482422;26,829999923706055;26,790000915527344;26,799999237060547;14400
2026-08-27;14:30:00;-03:00;26,799999237060547;26,829999923706055;26,799999237060547;26,81999969482422;12700
2026-08-27;14:35:00;-03:00;26,809999465942383;26,809999465942383;26,770000457763672;26,770000457763672;11300
2026-08-27;14:40:00;-03:00;26,770000457763672;26,780000686645508;26,760000228881836;26,760000228881836;13400
2026-08-27;14:45:00;-03:00;26,760000228881836;26,770000457763672;26,739999771118164;26,760000228881836;19300
2026-08-27;14:50:00;-03:00;26,760000228881836;26,799999237060547;26,729999542236328;26,780000686645508;31400
2026-08-27;14:55:00;-03:00;26,780000686645508;26,790000915527344;26,729999542236328;26,729999542236328;12500
2026-08-27;15:00:00;-03:00;26,75;26,760000228881836;26,729999542236328;26,739999771118164;22200
2026-08-27;15:05:00;-03:00;26,739999771118164;26,780000686645508;26,739999771118164;26,770000457763672;11600
2026-08-27;15:10:00;-03:00;26,770000457763672;26,770000457763672;26,739999771118164;26,739999771118164;17300
2026-08-27;15:15:00;-03:00;26,75;26,790000915527344;26,75;26,760000228881836;18500
2026-08-27;15:20:00;-03:00;26,770000457763672;26,770000457763672;26,760000228881836;26,770000457763672;7300
2026-08-27;15:25:00;-03:00;26,760000228881836;26,760000228881836;26,739999771118164;26,75;18500
2026-08-27;15:30:00;-03:00;26,760000228881836;26,770000457763672;26,739999771118164;26,760000228881836;30000
2026-08-27;15:35:00;-03:00;26,760000228881836;26,780000686645508;26,75;26,75;24200
2026-08-27;15:40:00;-03:00;26,760000228881836;26,770000457763672;26,75;26,75;16600
2026-08-27;15:45:00;-03:00;26,760000228881836;26,760000228881836;26,709999084472656;26,709999084472656;22700
2026-08-27;15:50:00;-03:00;26,719999313354492;26,729999542236328;26,700000762939453;26,700000762939453;18500
2026-08-27;15:55:00;-03:00;26,709999084472656;26,719999313354492;26,700000762939453;26,700000762939453;21900
2026-08-27;16:00:00;-03:00;26,709999084472656;26,719999313354492;26,68000030517578;26,68000030517578;15300
2026-08-27;16:05:00;-03:00;26,690000534057617;26,700000762939453;26,68000030517578;26,700000762939453;20500
2026-08-27;16:10:00;-03:00;26,690000534057617;26,709999084472656;26,670000076293945;26,670000076293945;15100
2026-08-27;16:15:00;-03:00;26,68000030517578;26,68000030517578;26,65999984741211;26,65999984741211;17500
2026-08-27;16:20:00;-03:00;26,670000076293945;26,670000076293945;26,639999389648438;26,649999618530273;31400
2026-08-27;16:25:00;-03:00;26,649999618530273;26,670000076293945;26,649999618530273;26,670000076293945;14100
2026-08-27;16:30:00;-03:00;26,670000076293945;26,68000030517578;26,65999984741211;26,68000030517578;31100
2026-08-27;16:35:00;-03:00;26,68000030517578;26,709999084472656;26,670000076293945;26,709999084472656;33200
2026-08-27;16:40:00;-03:00;26,709999084472656;26,709999084472656;26,68000030517578;26,690000534057617;23700
2026-08-27;16:45:00;-03:00;26,700000762939453;26,700000762939453;26,649999618530273;26,65999984741211;31600
2026-08-27;16:50:00;-03:00;26,649999618530273;26,65999984741211;26,639999389648438;26,65999984741211;16500
2026-08-28;10:00:00;-03:00;26,760000228881836;26,760000228881836;26,670000076293945;26,690000534057617;0
2026-08-28;10:05:00;-03:00;26,690000534057617;26,700000762939453;26,549999237060547;26,56999969482422;19200
2026-08-28;10:10:00;-03:00;26,549999237060547;26,6299991607666;26,549999237060547;26,6299991607666;14800
2026-08-28;10:15:00;-03:00;26,6200008392334;26,6200008392334;26,549999237060547;26,579999923706055;9800
2026-08-28;10:20:00;-03:00;26,579999923706055;26,600000381469727;26,520000457763672;26,520000457763672;10700
2026-08-28;10:25:00;-03:00;26,520000457763672;26,56999969482422;26,5;26,559999465942383;14300
2026-08-28;10:30:00;-03:00;26,559999465942383;26,59000015258789;26,510000228881836;26,59000015258789;44000
2026-08-28;10:35:00;-03:00;26,610000610351562;26,6299991607666;26,600000381469727;26,610000610351562;14100
2026-08-28;10:40:00;-03:00;26,610000610351562;26,610000610351562;26,56999969482422;26,56999969482422;15700
2026-08-28;10:45:00;-03:00;26,579999923706055;26,639999389648438;26,56999969482422;26,6299991607666;17700
2026-08-28;10:50:00;-03:00;26,6299991607666;26,68000030517578;26,6200008392334;26,65999984741211;15800
2026-08-28;10:55:00;-03:00;26,649999618530273;26,700000762939453;26,610000610351562;26,6299991607666;22200
2026-08-28;11:00:00;-03:00;26,610000610351562;26,68000030517578;26,600000381469727;26,6299991607666;16700
2026-08-28;11:05:00;-03:00;26,6200008392334;26,68000030517578;26,6200008392334;26,670000076293945;11500
2026-08-28;11:10:00;-03:00;26,65999984741211;26,670000076293945;26,6200008392334;26,6299991607666;12800
2026-08-28;11:15:00;-03:00;26,639999389648438;26,649999618530273;26,549999237060547;26,559999465942383;13500
2026-08-28;11:20:00;-03:00;26,549999237060547;26,610000610351562;26,549999237060547;26,59000015258789;14600
2026-08-28;11:25:00;-03:00;26,610000610351562;26,610000610351562;26,559999465942383;26,59000015258789;13000
2026-08-28;11:30:00;-03:00;26,579999923706055;26,610000610351562;26,579999923706055;26,600000381469727;12600
2026-08-28;11:35:00;-03:00;26,59000015258789;26,59000015258789;26,530000686645508;26,530000686645508;12400
2026-08-28;11:40:00;-03:00;26,530000686645508;26,540000915527344;26,5;26,520000457763672;12800
2026-08-28;11:45:00;-03:00;26,510000228881836;26,520000457763672;26,440000534057617;26,459999084472656;25700
2026-08-28;11:50:00;-03:00;26,469999313354492;26,469999313354492;26,440000534057617;26,459999084472656;13100
2026-08-28;11:55:00;-03:00;26,459999084472656;26,459999084472656;26,43000030517578;26,450000762939453;8900
2026-08-28;12:00:00;-03:00;26,440000534057617;26,459999084472656;26,43000030517578;26,43000030517578;11200
2026-08-28;12:05:00;-03:00;26,43000030517578;26,440000534057617;26,399999618530273;26,40999984741211;14500
2026-08-28;12:10:00;-03:00;26,40999984741211;26,420000076293945;26,389999389648438;26,399999618530273;11900
2026-08-28;12:15:00;-03:00;26,389999389648438;26,520000457763672;26,389999389648438;26,510000228881836;59800
2026-08-28;12:20:00;-03:00;26,5;26,530000686645508;26,5;26,510000228881836;9100
2026-08-28;12:25:00;-03:00;26,510000228881836;26,520000457763672;26,469999313354492;26,510000228881836;21200
2026-08-28;12:30:00;-03:00;26,510000228881836;26,520000457763672;26,440000534057617;26,440000534057617;21100
2026-08-28;12:35:00;-03:00;26,440000534057617;26,469999313354492;26,399999618530273;26,399999618530273;22500
2026-08-28;12:40:00;-03:00;26,399999618530273;26,40999984741211;26,3700008392334;26,399999618530273;10500
2026-08-28;12:45:00;-03:00;26,399999618530273;26,440000534057617;26,399999618530273;26,420000076293945;16600
2026-08-28;12:50:00;-03:00;26,420000076293945;26,450000762939453;26,40999984741211;26,43000030517578;10100
2026-08-28;12:55:00;-03:00;26,43000030517578;26,450000762939453;26,40999984741211;26,43000030517578;14400
2026-08-28;13:00:00;-03:00;26,43000030517578;26,440000534057617;26,3799991607666;26,389999389648438;11400
2026-08-28;13:05:00;-03:00;26,3799991607666;26,399999618530273;26,360000610351562;26,3799991607666;11200
2026-08-28;13:10:00;-03:00;26,3700008392334;26,3700008392334;26,350000381469727;26,360000610351562;8400
2026-08-28;13:15:00;-03:00;26,350000381469727;26,360000610351562;26,329999923706055;26,34000015258789;10800
2026-08-28;13:20:00;-03:00;26,350000381469727;26,360000610351562;26,31999969482422;26,350000381469727;12300
2026-08-28;13:25:00;-03:00;26,360000610351562;26,3700008392334;26,350000381469727;26,360000610351562;9700
2026-08-28;13:30:00;-03:00;26,3700008392334;26,43000030517578;26,360000610351562;26,399999618530273;16700
2026-08-28;13:35:00;-03:00;26,40999984741211;26,450000762939453;26,40999984741211;26,450000762939453;15400
2026-08-28;13:40:00;-03:00;26,440000534057617;26,440000534057617;26,389999389648438;26,389999389648438;12000
2026-08-28;13:45:00;-03:00;26,399999618530273;26,440000534057617;26,389999389648438;26,40999984741211;12600
2026-08-28;13:50:00;-03:00;26,40999984741211;26,450000762939453;26,399999618530273;26,43000030517578;16000
2026-08-28;13:55:00;-03:00;26,43000030517578;26,450000762939453;26,420000076293945;26,440000534057617;13000
2026-08-28;14:00:00;-03:00;26,450000762939453;26,450000762939453;26,43000030517578;26,440000534057617;16500
2026-08-28;14:05:00;-03:00;26,43000030517578;26,450000762939453;26,43000030517578;26,43000030517578;8600
2026-08-28;14:10:00;-03:00;26,43000030517578;26,489999771118164;26,43000030517578;26,489999771118164;19500
2026-08-28;14:15:00;-03:00;26,479999542236328;26,5;26,469999313354492;26,469999313354492;13400
2026-08-28;14:20:00;-03:00;26,469999313354492;26,489999771118164;26,469999313354492;26,469999313354492;20400
2026-08-28;14:25:00;-03:00;26,479999542236328;26,479999542236328;26,459999084472656;26,459999084472656;9100
2026-08-28;14:30:00;-03:00;26,459999084472656;26,530000686645508;26,459999084472656;26,479999542236328;32200
2026-08-28;14:35:00;-03:00;26,479999542236328;26,5;26,459999084472656;26,469999313354492;13300
2026-08-28;14:40:00;-03:00;26,469999313354492;26,510000228881836;26,469999313354492;26,489999771118164;13200
2026-08-28;14:45:00;-03:00;26,489999771118164;26,510000228881836;26,479999542236328;26,5;10400
2026-08-28;14:50:00;-03:00;26,5;26,5;26,469999313354492;26,469999313354492;11300
2026-08-28;14:55:00;-03:00;26,469999313354492;26,59000015258789;26,469999313354492;26,579999923706055;35400
2026-08-28;15:00:00;-03:00;26,579999923706055;26,6299991607666;26,559999465942383;26,559999465942383;47800
2026-08-28;15:05:00;-03:00;26,559999465942383;26,56999969482422;26,549999237060547;26,559999465942383;15700
2026-08-28;15:10:00;-03:00;26,559999465942383;26,56999969482422;26,530000686645508;26,540000915527344;18000
2026-08-28;15:15:00;-03:00;26,530000686645508;26,559999465942383;26,520000457763672;26,540000915527344;28100
2026-08-28;15:20:00;-03:00;26,530000686645508;26,530000686645508;26,489999771118164;26,5;20900
2026-08-28;15:25:00;-03:00;26,5;26,510000228881836;26,489999771118164;26,489999771118164;19300
2026-08-28;15:30:00;-03:00;26,489999771118164;26,530000686645508;26,479999542236328;26,520000457763672;38300
2026-08-28;15:35:00;-03:00;26,520000457763672;26,549999237060547;26,520000457763672;26,530000686645508;21700
2026-08-28;15:40:00;-03:00;26,530000686645508;26,540000915527344;26,530000686645508;26,530000686645508;18600
2026-08-28;15:45:00;-03:00;26,540000915527344;26,540000915527344;26,510000228881836;26,530000686645508;29300
2026-08-28;15:50:00;-03:00;26,530000686645508;26,56999969482422;26,530000686645508;26,549999237060547;28400
2026-08-28;15:55:00;-03:00;26,549999237060547;26,56999969482422;26,549999237060547;26,549999237060547;22200
2026-08-28;16:00:00;-03:00;26,549999237060547;26,6299991607666;26,549999237060547;26,600000381469727;31000
2026-08-28;16:05:00;-03:00;26,600000381469727;26,6200008392334;26,59000015258789;26,59000015258789;25400
2026-08-28;16:10:00;-03:00;26,59000015258789;26,610000610351562;26,59000015258789;26,610000610351562;21600
2026-08-28;16:15:00;-03:00;26,600000381469727;26,6299991607666;26,600000381469727;26,610000610351562;35100
2026-08-28;16:20:00;-03:00;26,6200008392334;26,6299991607666;26,610000610351562;26,6299991607666;20600
2026-08-28;16:25:00;-03:00;26,6299991607666;26,649999618530273;26,610000610351562;26,6299991607666;28800
2026-08-28;16:30:00;-03:00;26,6299991607666;26,760000228881836;26,6299991607666;26,739999771118164;75600
2026-08-28;16:35:00;-03:00;26,75;26,770000457763672;26,719999313354492;26,760000228881836;59300
2026-08-28;16:40:00;-03:00;26,760000228881836;26,790000915527344;26,739999771118164;26,760000228881836;70400
2026-08-28;16:45:00;-03:00;26,770000457763672;26,799999237060547;26,719999313354492;26,729999542236328;100900
2026-08-28;16:50:00;-03:00;26,739999771118164;26,760000228881836;26,690000534057617;26,700000762939453;116500
2026-08-31;10:00:00;-03:00;26,93000030517578;27,100000381469727;26,920000076293945;27,09000015258789;0
2026-08-31;10:05:00;-03:00;27,079999923706055;27,149999618530273;27,010000228881836;27,149999618530273;21200
2026-08-31;10:10:00;-03:00;27,15999984741211;27,290000915527344;27,15999984741211;27,209999084472656;20600
2026-08-31;10:15:00;-03:00;27,18000030517578;27,18000030517578;27,06999969482422;27,1200008392334;18200
2026-08-31;10:20:00;-03:00;27,1299991607666;27,190000534057617;27,100000381469727;27,190000534057617;24900
2026-08-31;10:25:00;-03:00;27,170000076293945;27,190000534057617;27,110000610351562;27,170000076293945;25800
2026-08-31;10:30:00;-03:00;27,170000076293945;27,170000076293945;27,0;27,010000228881836;39100
2026-08-31;10:35:00;-03:00;27,0;27,049999237060547;26,969999313354492;27,040000915527344;26900
2026-08-31;10:40:00;-03:00;27,06999969482422;27,06999969482422;26,829999923706055;26,8799991607666;96500
2026-08-31;10:45:00;-03:00;26,8700008392334;26,889999389648438;26,81999969482422;26,860000610351562;23000
2026-08-31;10:50:00;-03:00;26,850000381469727;26,899999618530273;26,84000015258789;26,899999618530273;24700
2026-08-31;10:55:00;-03:00;26,8799991607666;26,90999984741211;26,860000610351562;26,8799991607666;21200
2026-08-31;11:00:00;-03:00;26,889999389648438;26,90999984741211;26,850000381469727;26,8799991607666;21700
2026-08-31;11:05:00;-03:00;26,8700008392334;26,90999984741211;26,860000610351562;26,90999984741211;23500
2026-08-31;11:10:00;-03:00;26,899999618530273;26,90999984741211;26,799999237060547;26,829999923706055;24600
2026-08-31;11:15:00;-03:00;26,829999923706055;26,889999389648438;26,81999969482422;26,8799991607666;26200
2026-08-31;11:20:00;-03:00;26,889999389648438;26,889999389648438;26,799999237060547;26,8700008392334;49000
2026-08-31;11:25:00;-03:00;26,8700008392334;26,889999389648438;26,829999923706055;26,860000610351562;23800
2026-08-31;11:30:00;-03:00;26,84000015258789;26,8700008392334;26,809999465942383;26,8700008392334;19100
2026-08-31;11:35:00;-03:00;26,8700008392334;26,8700008392334;26,799999237060547;26,809999465942383;45500
2026-08-31;11:40:00;-03:00;26,809999465942383;26,81999969482422;26,790000915527344;26,799999237060547;15400
2026-08-31;11:45:00;-03:00;26,809999465942383;26,81999969482422;26,790000915527344;26,809999465942383;17100
2026-08-31;11:50:00;-03:00;26,809999465942383;26,81999969482422;26,790000915527344;26,799999237060547;13200
2026-08-31;11:55:00;-03:00;26,809999465942383;26,850000381469727;26,790000915527344;26,829999923706055;18600
2026-08-31;12:00:00;-03:00;26,829999923706055;26,860000610351562;26,790000915527344;26,799999237060547;17500
2026-08-31;12:05:00;-03:00;26,809999465942383;26,81999969482422;26,780000686645508;26,799999237060547;15100
2026-08-31;12:10:00;-03:00;26,790000915527344;26,829999923706055;26,760000228881836;26,780000686645508;50700
2026-08-31;12:15:00;-03:00;26,780000686645508;26,829999923706055;26,770000457763672;26,81999969482422;17400
2026-08-31;12:20:00;-03:00;26,799999237060547;26,81999969482422;26,790000915527344;26,799999237060547;14500
2026-08-31;12:25:00;-03:00;26,799999237060547;26,829999923706055;26,790000915527344;26,799999237060547;19100
2026-08-31;12:30:00;-03:00;26,81999969482422;26,81999969482422;26,790000915527344;26,799999237060547;13500
2026-08-31;12:35:00;-03:00;26,790000915527344;26,809999465942383;26,780000686645508;26,780000686645508;13600
2026-08-31;12:40:00;-03:00;26,790000915527344;26,809999465942383;26,770000457763672;26,799999237060547;12500
2026-08-31;12:45:00;-03:00;26,799999237060547;26,81999969482422;26,790000915527344;26,809999465942383;12700
2026-08-31;12:50:00;-03:00;26,790000915527344;26,81999969482422;26,790000915527344;26,799999237060547;19600
2026-08-31;12:55:00;-03:00;26,799999237060547;26,829999923706055;26,799999237060547;26,81999969482422;14600
2026-08-31;13:00:00;-03:00;26,809999465942383;26,850000381469727;26,809999465942383;26,84000015258789;15400
2026-08-31;13:05:00;-03:00;26,81999969482422;26,84000015258789;26,81999969482422;26,81999969482422;12600
2026-08-31;13:10:00;-03:00;26,81999969482422;26,850000381469727;26,81999969482422;26,81999969482422;16200
2026-08-31;13:15:00;-03:00;26,84000015258789;26,850000381469727;26,81999969482422;26,829999923706055;17000
2026-08-31;13:20:00;-03:00;26,829999923706055;26,850000381469727;26,809999465942383;26,81999969482422;13700
2026-08-31;13:25:00;-03:00;26,81999969482422;26,84000015258789;26,790000915527344;26,829999923706055;24900
2026-08-31;13:30:00;-03:00;26,829999923706055;26,850000381469727;26,809999465942383;26,84000015258789;20700
2026-08-31;13:35:00;-03:00;26,829999923706055;26,889999389648438;26,81999969482422;26,850000381469727;62700
2026-08-31;13:40:00;-03:00;26,860000610351562;26,860000610351562;26,829999923706055;26,84000015258789;15600
2026-08-31;13:45:00;-03:00;26,84000015258789;26,8799991607666;26,84000015258789;26,8700008392334;17600
2026-08-31;13:50:00;-03:00;26,8700008392334;26,899999618530273;26,860000610351562;26,860000610351562;17700
2026-08-31;13:55:00;-03:00;26,860000610351562;26,8700008392334;26,829999923706055;26,850000381469727;23300
2026-08-31;14:00:00;-03:00;26,860000610351562;26,8799991607666;26,829999923706055;26,860000610351562;27800
2026-08-31;14:05:00;-03:00;26,860000610351562;26,860000610351562;26,81999969482422;26,84000015258789;20400
2026-08-31;14:10:00;-03:00;26,84000015258789;26,850000381469727;26,829999923706055;26,829999923706055;13500
2026-08-31;14:15:00;-03:00;26,829999923706055;26,860000610351562;26,829999923706055;26,829999923706055;20600
2026-08-31;14:20:00;-03:00;26,829999923706055;26,850000381469727;26,809999465942383;26,81999969482422;26800
2026-08-31;14:25:00;-03:00;26,84000015258789;26,84000015258789;26,799999237060547;26,799999237060547;13700
2026-08-31;14:30:00;-03:00;26,799999237060547;26,81999969482422;26,780000686645508;26,799999237060547;18400
2026-08-31;14:35:00;-03:00;26,799999237060547;26,84000015258789;26,780000686645508;26,799999237060547;22600
2026-08-31;14:40:00;-03:00;26,799999237060547;26,799999237060547;26,770000457763672;26,770000457763672;21600
2026-08-31;14:45:00;-03:00;26,780000686645508;26,799999237060547;26,760000228881836;26,780000686645508;13200
2026-08-31;14:50:00;-03:00;26,780000686645508;26,809999465942383;26,780000686645508;26,790000915527344;26900
2026-08-31;14:55:00;-03:00;26,790000915527344;26,81999969482422;26,780000686645508;26,780000686645508;24700
2026-08-31;15:00:00;-03:00;26,799999237060547;26,809999465942383;26,729999542236328;26,729999542236328;35700
2026-08-31;15:05:00;-03:00;26,739999771118164;26,739999771118164;26,68000030517578;26,690000534057617;19900
2026-08-31;15:10:00;-03:00;26,68000030517578;26,729999542236328;26,670000076293945;26,709999084472656;39800
2026-08-31;15:15:00;-03:00;26,709999084472656;26,719999313354492;26,700000762939453;26,700000762939453;18400
2026-08-31;15:20:00;-03:00;26,709999084472656;26,719999313354492;26,639999389648438;26,670000076293945;41800
2026-08-31;15:25:00;-03:00;26,670000076293945;26,75;26,65999984741211;26,75;69700
2026-08-31;15:30:00;-03:00;26,739999771118164;26,770000457763672;26,729999542236328;26,75;25800
2026-08-31;15:35:00;-03:00;26,75;26,760000228881836;26,739999771118164;26,739999771118164;15000
2026-08-31;15:40:00;-03:00;26,739999771118164;26,770000457763672;26,739999771118164;26,75;22300
2026-08-31;15:45:00;-03:00;26,75;26,770000457763672;26,75;26,770000457763672;16700
2026-08-31;15:50:00;-03:00;26,760000228881836;26,790000915527344;26,760000228881836;26,790000915527344;14800
2026-08-31;15:55:00;-03:00;26,780000686645508;26,780000686645508;26,739999771118164;26,770000457763672;46300
2026-08-31;16:00:00;-03:00;26,780000686645508;26,799999237060547;26,760000228881836;26,780000686645508;12100
2026-08-31;16:05:00;-03:00;26,780000686645508;26,81999969482422;26,770000457763672;26,799999237060547;22800
2026-08-31;16:10:00;-03:00;26,799999237060547;26,81999969482422;26,790000915527344;26,81999969482422;13400
2026-08-31;16:15:00;-03:00;26,81999969482422;26,81999969482422;26,799999237060547;26,81999969482422;21500
2026-08-31;16:20:00;-03:00;26,81999969482422;26,84000015258789;26,809999465942383;26,84000015258789;19600
2026-08-31;16:25:00;-03:00;26,84000015258789;26,860000610351562;26,81999969482422;26,829999923706055;45300
2026-08-31;16:30:00;-03:00;26,81999969482422;26,81999969482422;26,75;26,780000686645508;61800
2026-08-31;16:35:00;-03:00;26,760000228881836;26,760000228881836;26,690000534057617;26,709999084472656;74300
2026-08-31;16:40:00;-03:00;26,709999084472656;26,729999542236328;26,670000076293945;26,719999313354492;78300
2026-08-31;16:45:00;-03:00;26,729999542236328;26,729999542236328;26,690000534057617;26,719999313354492;34100
2026-09-01;10:00:00;-03:00;26,899999618530273;26,899999618530273;26,780000686645508;26,81999969482422;0
2026-09-01;10:05:00;-03:00;26,770000457763672;26,770000457763672;26,6299991607666;26,670000076293945;24100
2026-09-01;10:10:00;-03:00;26,700000762939453;26,729999542236328;26,65999984741211;26,68000030517578;12700
2026-09-01;10:15:00;-03:00;26,690000534057617;26,739999771118164;26,65999984741211;26,65999984741211;16000
2026-09-01;10:20:00;-03:00;26,649999618530273;26,649999618530273;26,610000610351562;26,639999389648438;4300
2026-09-01;10:25:00;-03:00;26,6200008392334;26,709999084472656;26,610000610351562;26,670000076293945;8600
2026-09-01;10:30:00;-03:00;26,690000534057617;26,93000030517578;26,68000030517578;26,90999984741211;27800
2026-09-01;10:35:00;-03:00;26,90999984741211;26,969999313354492;26,899999618530273;26,959999084472656;43100
2026-09-01;10:40:00;-03:00;26,959999084472656;26,979999542236328;26,90999984741211;26,93000030517578;16000
2026-09-01;10:45:00;-03:00;26,93000030517578;26,969999313354492;26,899999618530273;26,93000030517578;15800
2026-09-01;10:50:00;-03:00;26,950000762939453;27,049999237060547;26,950000762939453;27,0;25100
2026-09-01;10:55:00;-03:00;27,0;27,059999465942383;26,989999771118164;27,040000915527344;21100
2026-09-01;11:00:00;-03:00;27,049999237060547;27,149999618530273;27,0;27,110000610351562;30200
2026-09-01;11:05:00;-03:00;27,110000610351562;27,1200008392334;27,020000457763672;27,040000915527344;25200
2026-09-01;11:10:00;-03:00;27,049999237060547;27,09000015258789;27,020000457763672;27,059999465942383;23000
2026-09-01;11:15:00;-03:00;27,059999465942383;27,059999465942383;26,940000534057617;27,0;20500
2026-09-01;11:20:00;-03:00;26,979999542236328;27,079999923706055;26,979999542236328;27,06999969482422;19900
2026-09-01;11:25:00;-03:00;27,06999969482422;27,09000015258789;26,940000534057617;26,940000534057617;76200
2026-09-01;11:30:00;-03:00;26,959999084472656;26,969999313354492;26,899999618530273;26,959999084472656;75500
2026-09-01;11:35:00;-03:00;26,979999542236328;27,010000228881836;26,950000762939453;26,979999542236328;12900
2026-09-01;11:40:00;-03:00;26,969999313354492;26,989999771118164;26,950000762939453;26,969999313354492;9600
2026-09-01;11:45:00;-03:00;26,950000762939453;27,0;26,940000534057617;26,940000534057617;19100
2026-09-01;11:50:00;-03:00;26,959999084472656;26,979999542236328;26,940000534057617;26,969999313354492;8400
2026-09-01;11:55:00;-03:00;26,969999313354492;26,979999542236328;26,940000534057617;26,979999542236328;10200
2026-09-01;12:00:00;-03:00;26,979999542236328;27,059999465942383;26,979999542236328;27,020000457763672;66400
2026-09-01;12:05:00;-03:00;27,020000457763672;27,040000915527344;26,959999084472656;27,020000457763672;49700
2026-09-01;12:10:00;-03:00;27,020000457763672;27,040000915527344;27,0;27,030000686645508;17300
2026-09-01;12:15:00;-03:00;27,030000686645508;27,030000686645508;26,940000534057617;26,979999542236328;69000
2026-09-01;12:20:00;-03:00;26,959999084472656;26,979999542236328;26,899999618530273;26,90999984741211;61200
2026-09-01;12:25:00;-03:00;26,90999984741211;26,90999984741211;26,850000381469727;26,8700008392334;8000
2026-09-01;12:30:00;-03:00;26,8799991607666;26,899999618530273;26,860000610351562;26,8700008392334;8600
2026-09-01;12:35:00;-03:00;26,8799991607666;26,8799991607666;26,84000015258789;26,84000015258789;9100
2026-09-01;12:40:00;-03:00;26,850000381469727;26,90999984741211;26,850000381469727;26,90999984741211;16300
2026-09-01;12:45:00;-03:00;26,90999984741211;26,940000534057617;26,899999618530273;26,93000030517578;13700
2026-09-01;12:50:00;-03:00;26,93000030517578;26,940000534057617;26,8799991607666;26,899999618530273;12600
2026-09-01;12:55:00;-03:00;26,899999618530273;26,920000076293945;26,889999389648438;26,90999984741211;13000
2026-09-01;13:00:00;-03:00;26,920000076293945;26,950000762939453;26,920000076293945;26,940000534057617;14900
2026-09-01;13:05:00;-03:00;26,940000534057617;26,979999542236328;26,93000030517578;26,979999542236328;23400
2026-09-01;13:10:00;-03:00;26,969999313354492;26,989999771118164;26,959999084472656;26,969999313354492;16900
2026-09-01;13:15:00;-03:00;26,979999542236328;27,0;26,93000030517578;26,93000030517578;11300
2026-09-01;13:20:00;-03:00;26,93000030517578;26,940000534057617;26,8799991607666;26,889999389648438;10500
2026-09-01;13:25:00;-03:00;26,899999618530273;26,93000030517578;26,889999389648438;26,920000076293945;11700
2026-09-01;13:30:00;-03:00;26,90999984741211;26,920000076293945;26,899999618530273;26,90999984741211;10000
2026-09-01;13:35:00;-03:00;26,899999618530273;26,959999084472656;26,899999618530273;26,959999084472656;11600
2026-09-01;13:40:00;-03:00;26,950000762939453;26,959999084472656;26,899999618530273;26,950000762939453;14600
2026-09-01;13:45:00;-03:00;26,940000534057617;27,020000457763672;26,940000534057617;27,010000228881836;18500
2026-09-01;13:50:00;-03:00;27,030000686645508;27,06999969482422;27,0;27,030000686645508;18500
2026-09-01;13:55:00;-03:00;27,020000457763672;27,049999237060547;27,020000457763672;27,020000457763672;14300
2026-09-01;14:00:00;-03:00;27,030000686645508;27,030000686645508;26,989999771118164;27,010000228881836;15100
2026-09-01;14:05:00;-03:00;27,010000228881836;27,020000457763672;26,979999542236328;27,010000228881836;15600
2026-09-01;14:10:00;-03:00;27,0;27,010000228881836;26,989999771118164;27,0;13200
2026-09-01;14:15:00;-03:00;27,0;27,010000228881836;26,979999542236328;27,0;13500
2026-09-01;14:20:00;-03:00;26,989999771118164;26,989999771118164;26,950000762939453;26,979999542236328;10000
2026-09-01;14:25:00;-03:00;26,969999313354492;26,989999771118164;26,950000762939453;26,989999771118164;13000
2026-09-01;14:30:00;-03:00;26,989999771118164;27,010000228881836;26,969999313354492;27,0;17600
2026-09-01;14:35:00;-03:00;27,0;27,020000457763672;26,969999313354492;26,979999542236328;17400
2026-09-01;14:40:00;-03:00;26,989999771118164;26,989999771118164;26,969999313354492;26,969999313354492;10100
2026-09-01;14:45:00;-03:00;26,979999542236328;26,989999771118164;26,969999313354492;26,989999771118164;11700
2026-09-01;14:50:00;-03:00;26,989999771118164;26,989999771118164;26,959999084472656;26,969999313354492;9800
2026-09-01;14:55:00;-03:00;26,979999542236328;26,989999771118164;26,950000762939453;26,959999084472656;9000
2026-09-01;15:00:00;-03:00;26,969999313354492;26,989999771118164;26,950000762939453;26,969999313354492;17500
2026-09-01;15:05:00;-03:00;26,969999313354492;27,010000228881836;26,950000762939453;26,959999084472656;24700
2026-09-01;15:10:00;-03:00;26,950000762939453;26,959999084472656;26,940000534057617;26,950000762939453;18500
2026-09-01;15:15:00;-03:00;26,940000534057617;26,950000762939453;26,90999984741211;26,950000762939453;20300
2026-09-01;15:20:00;-03:00;26,940000534057617;26,940000534057617;26,899999618530273;26,899999618530273;19100
2026-09-01;15:25:00;-03:00;26,899999618530273;26,920000076293945;26,8799991607666;26,920000076293945;31700
2026-09-01;15:30:00;-03:00;26,899999618530273;26,920000076293945;26,899999618530273;26,899999618530273;22100
2026-09-01;15:35:00;-03:00;26,899999618530273;26,899999618530273;26,8700008392334;26,8700008392334;34800
2026-09-01;15:40:00;-03:00;26,8700008392334;26,899999618530273;26,860000610351562;26,889999389648438;28100
2026-09-01;15:45:00;-03:00;26,899999618530273;26,899999618530273;26,860000610351562;26,860000610351562;28300
2026-09-01;15:50:00;-03:00;26,8700008392334;26,8799991607666;26,860000610351562;26,8700008392334;23600
2026-09-01;15:55:00;-03:00;26,860000610351562;26,889999389648438;26,860000610351562;26,8799991607666;26200
2026-09-01;16:00:00;-03:00;26,8799991607666;26,899999618530273;26,8700008392334;26,889999389648438;27100
2026-09-01;16:05:00;-03:00;26,899999618530273;26,899999618530273;26,850000381469727;26,860000610351562;23200
2026-09-01;16:10:00;-03:00;26,860000610351562;26,8700008392334;26,850000381469727;26,860000610351562;26900
2026-09-01;16:15:00;-03:00;26,860000610351562;26,860000610351562;26,829999923706055;26,829999923706055;24100
2026-09-01;16:20:00;-03:00;26,81999969482422;26,860000610351562;26,809999465942383;26,860000610351562;41200
2026-09-01;16:25:00;-03:00;26,860000610351562;26,93000030517578;26,860000610351562;26,920000076293945;77300
2026-09-01;16:30:00;-03:00;26,920000076293945;26,920000076293945;26,8700008392334;26,889999389648438;59200
2026-09-01;16:35:00;-03:00;26,8799991607666;26,889999389648438;26,84000015258789;26,860000610351562;72200
2026-09-01;16:40:00;-03:00;26,860000610351562;26,889999389648438;26,84000015258789;26,8700008392334;77600
2026-09-01;16:45:00;-03:00;26,8700008392334;26,8700008392334;26,81999969482422;26,81999969482422;37700
2026-09-01;16:50:00;-03:00;26,81999969482422;26,829999923706055;26,799999237060547;26,799999237060547;34400
2026-09-02;10:00:00;-03:00;27,030000686645508;27,190000534057617;27,030000686645508;27,139999389648438;0
2026-09-02;10:05:00;-03:00;27,1299991607666;27,209999084472656;27,1200008392334;27,18000030517578;25400
2026-09-02;10:10:00;-03:00;27,15999984741211;27,170000076293945;27,09000015258789;27,1200008392334;12700
2026-09-02;10:15:00;-03:00;27,09000015258789;27,110000610351562;26,989999771118164;27,010000228881836;25500
2026-09-02;10:20:00;-03:00;27,040000915527344;27,170000076293945;26,989999771118164;27,170000076293945;14200
2026-09-02;10:25:00;-03:00;27,170000076293945;27,309999465942383;27,139999389648438;27,299999237060547;31200
2026-09-02;10:30:00;-03:00;27,309999465942383;27,3799991607666;27,280000686645508;27,34000015258789;39800
2026-09-02;10:35:00;-03:00;27,350000381469727;27,3799991607666;27,270000457763672;27,309999465942383;30200
2026-09-02;10:40:00;-03:00;27,31999969482422;27,40999984741211;27,290000915527344;27,360000610351562;39500
2026-09-02;10:45:00;-03:00;27,360000610351562;27,3799991607666;27,31999969482422;27,34000015258789;17800
2026-09-02;10:50:00;-03:00;27,34000015258789;27,450000762939453;27,31999969482422;27,420000076293945;37800
2026-09-02;10:55:00;-03:00;27,40999984741211;27,489999771118164;27,40999984741211;27,459999084472656;35300
2026-09-02;11:00:00;-03:00;27,459999084472656;27,469999313354492;27,3799991607666;27,440000534057617;40100
2026-09-02;11:05:00;-03:00;27,440000534057617;27,459999084472656;27,399999618530273;27,420000076293945;19400
2026-09-02;11:10:00;-03:00;27,420000076293945;27,489999771118164;27,40999984741211;27,489999771118164;20200
2026-09-02;11:15:00;-03:00;27,489999771118164;27,559999465942383;27,40999984741211;27,43000030517578;52300
2026-09-02;11:20:00;-03:00;27,43000030517578;27,489999771118164;27,420000076293945;27,489999771118164;25700
2026-09-02;11:25:00;-03:00;27,489999771118164;27,520000457763672;27,459999084472656;27,479999542236328;29800
2026-09-02;11:30:00;-03:00;27,479999542236328;27,520000457763672;27,459999084472656;27,5;28100
2026-09-02;11:35:00;-03:00;27,469999313354492;27,530000686645508;27,469999313354492;27,5;44300
2026-09-02;11:40:00;-03:00;27,5;27,510000228881836;27,459999084472656;27,479999542236328;23000
2026-09-02;11:45:00;-03:00;27,459999084472656;27,520000457763672;27,450000762939453;27,489999771118164;32500
2026-09-02;11:50:00;-03:00;27,489999771118164;27,5;27,440000534057617;27,5;26500
2026-09-02;11:55:00;-03:00;27,479999542236328;27,5;27,43000030517578;27,440000534057617;34100
2026-09-02;12:00:00;-03:00;27,440000534057617;27,579999923706055;27,420000076293945;27,510000228881836;114700
2026-09-02;12:05:00;-03:00;27,5;27,530000686645508;27,450000762939453;27,450000762939453;101400
2026-09-02;12:10:00;-03:00;27,469999313354492;27,59000015258789;27,43000030517578;27,59000015258789;56300
2026-09-02;12:15:00;-03:00;27,59000015258789;27,6299991607666;27,5;27,530000686645508;123200
2026-09-02;12:20:00;-03:00;27,530000686645508;27,540000915527344;27,40999984741211;27,469999313354492;466400
2026-09-02;12:25:00;-03:00;27,469999313354492;27,5;27,420000076293945;27,459999084472656;215700
2026-09-02;12:30:00;-03:00;27,440000534057617;27,530000686645508;27,43000030517578;27,530000686645508;376600
2026-09-02;12:35:00;-03:00;27,530000686645508;27,600000381469727;27,5;27,579999923706055;37900
2026-09-02;12:40:00;-03:00;27,56999969482422;27,59000015258789;27,479999542236328;27,479999542236328;70400
2026-09-02;12:45:00;-03:00;27,469999313354492;27,510000228881836;27,459999084472656;27,479999542236328;34300
2026-09-02;12:50:00;-03:00;27,479999542236328;27,5;27,450000762939453;27,469999313354492;20100
2026-09-02;12:55:00;-03:00;27,469999313354492;27,469999313354492;27,43000030517578;27,43000030517578;15300
2026-09-02;13:00:00;-03:00;27,450000762939453;27,450000762939453;27,399999618530273;27,399999618530273;22600
2026-09-02;13:05:00;-03:00;27,399999618530273;27,40999984741211;27,3700008392334;27,389999389648438;18700
2026-09-02;13:10:00;-03:00;27,389999389648438;27,389999389648438;27,350000381469727;27,360000610351562;23000
2026-09-02;13:15:00;-03:00;27,360000610351562;27,399999618530273;27,329999923706055;27,3799991607666;20400
2026-09-02;13:20:00;-03:00;27,3700008392334;27,40999984741211;27,360000610351562;27,3799991607666;13300
2026-09-02;13:25:00;-03:00;27,389999389648438;27,420000076293945;27,389999389648438;27,399999618530273;12900
2026-09-02;13:30:00;-03:00;27,40999984741211;27,450000762939453;27,389999389648438;27,440000534057617;23600
2026-09-02;13:35:00;-03:00;27,450000762939453;27,450000762939453;27,3799991607666;27,399999618530273;36500
2026-09-02;13:40:00;-03:00;27,389999389648438;27,40999984741211;27,3799991607666;27,3799991607666;22700
2026-09-02;13:45:00;-03:00;27,3799991607666;27,43000030517578;27,3700008392334;27,399999618530273;28800
2026-09-02;13:50:00;-03:00;27,389999389648438;27,40999984741211;27,3799991607666;27,389999389648438;23000
2026-09-02;13:55:00;-03:00;27,389999389648438;27,40999984741211;27,3700008392334;27,3799991607666;30600
2026-09-02;14:00:00;-03:00;27,3700008392334;27,389999389648438;27,34000015258789;27,34000015258789;28900
2026-09-02;14:05:00;-03:00;27,34000015258789;27,360000610351562;27,299999237060547;27,299999237060547;16700
2026-09-02;14:10:00;-03:00;27,299999237060547;27,329999923706055;27,290000915527344;27,299999237060547;21600
2026-09-02;14:15:00;-03:00;27,299999237060547;27,309999465942383;27,280000686645508;27,280000686645508;20300
2026-09-02;14:20:00;-03:00;27,299999237060547;27,350000381469727;27,290000915527344;27,329999923706055;28000
2026-09-02;14:25:00;-03:00;27,329999923706055;27,440000534057617;27,31999969482422;27,440000534057617;207400
2026-09-02;14:30:00;-03:00;27,440000534057617;27,6299991607666;27,43000030517578;27,6299991607666;100100
2026-09-02;14:35:00;-03:00;27,6200008392334;27,65999984741211;27,6200008392334;27,6200008392334;35100
2026-09-02;14:40:00;-03:00;27,6200008392334;27,670000076293945;27,559999465942383;27,559999465942383;98100
2026-09-02;14:45:00;-03:00;27,56999969482422;27,579999923706055;27,540000915527344;27,56999969482422;27200
2026-09-02;14:50:00;-03:00;27,549999237060547;27,59000015258789;27,510000228881836;27,59000015258789;43800
2026-09-02;14:55:00;-03:00;27,56999969482422;27,600000381469727;27,559999465942383;27,579999923706055;75700
2026-09-02;15:00:00;-03:00;27,579999923706055;27,600000381469727;27,559999465942383;27,59000015258789;31500
2026-09-02;15:05:00;-03:00;27,56999969482422;27,600000381469727;27,559999465942383;27,56999969482422;26600
2026-09-02;15:10:00;-03:00;27,559999465942383;27,59000015258789;27,549999237060547;27,549999237060547;23300
2026-09-02;15:15:00;-03:00;27,56999969482422;27,600000381469727;27,549999237060547;27,579999923706055;263200
2026-09-02;15:20:00;-03:00;27,579999923706055;27,600000381469727;27,510000228881836;27,510000228881836;36900
2026-09-02;15:25:00;-03:00;27,510000228881836;27,540000915527344;27,5;27,520000457763672;28100
2026-09-02;15:30:00;-03:00;27,520000457763672;27,530000686645508;27,489999771118164;27,510000228881836;28200
2026-09-02;15:35:00;-03:00;27,510000228881836;27,510000228881836;27,459999084472656;27,469999313354492;34500
2026-09-02;15:40:00;-03:00;27,479999542236328;27,520000457763672;27,450000762939453;27,489999771118164;83300
2026-09-02;15:45:00;-03:00;27,5;27,510000228881836;27,479999542236328;27,479999542236328;45400
2026-09-02;15:50:00;-03:00;27,489999771118164;27,510000228881836;27,469999313354492;27,469999313354492;37100
2026-09-02;15:55:00;-03:00;27,469999313354492;27,489999771118164;27,459999084472656;27,489999771118164;36700
2026-09-02;16:00:00;-03:00;27,489999771118164;27,489999771118164;27,459999084472656;27,469999313354492;35300
2026-09-02;16:05:00;-03:00;27,469999313354492;27,5;27,469999313354492;27,469999313354492;34100
2026-09-02;16:10:00;-03:00;27,489999771118164;27,510000228881836;27,469999313354492;27,489999771118164;46800
2026-09-02;16:15:00;-03:00;27,5;27,56999969482422;27,5;27,549999237060547;119600
2026-09-02;16:20:00;-03:00;27,549999237060547;27,549999237060547;27,43000030517578;27,469999313354492;81600
2026-09-02;16:25:00;-03:00;27,469999313354492;27,530000686645508;27,420000076293945;27,510000228881836;137200
2026-09-02;16:30:00;-03:00;27,5;27,600000381469727;27,489999771118164;27,600000381469727;71700
2026-09-02;16:35:00;-03:00;27,59000015258789;27,600000381469727;27,559999465942383;27,559999465942383;80300
2026-09-02;16:40:00;-03:00;27,559999465942383;27,579999923706055;27,530000686645508;27,530000686645508;62600
2026-09-02;16:45:00;-03:00;27,530000686645508;27,56999969482422;27,520000457763672;27,549999237060547;57400
2026-09-02;16:50:00;-03:00;27,559999465942383;27,600000381469727;27,549999237060547;27,600000381469727;52400
2026-09-03;10:00:00;-03:00;27,850000381469727;28,040000915527344;27,850000381469727;28,020000457763672;0
2026-09-03;10:05:00;-03:00;27,969999313354492;28,059999465942383;27,829999923706055;27,8799991607666;9000
2026-09-03;10:10:00;-03:00;27,90999984741211;27,979999542236328;27,81999969482422;27,979999542236328;9900
2026-09-03;10:15:00;-03:00;27,920000076293945;28,030000686645508;27,899999618530273;27,950000762939453;39300
2026-09-03;10:20:00;-03:00;27,959999084472656;28,219999313354492;27,959999084472656;28,209999084472656;30400
2026-09-03;10:25:00;-03:00;28,209999084472656;28,25;28,15999984741211;28,209999084472656;25300
2026-09-03;10:30:00;-03:00;28,209999084472656;28,209999084472656;28,059999465942383;28,170000076293945;31900
2026-09-03;10:35:00;-03:00;28,170000076293945;28,239999771118164;28,049999237060547;28,049999237060547;82200
2026-09-03;10:40:00;-03:00;28,049999237060547;28,079999923706055;28,0;28,079999923706055;39500
2026-09-03;10:45:00;-03:00;28,06999969482422;28,100000381469727;28,020000457763672;28,079999923706055;77600
2026-09-03;10:50:00;-03:00;28,079999923706055;28,170000076293945;28,079999923706055;28,1299991607666;156700
2026-09-03;10:55:00;-03:00;28,1299991607666;28,15999984741211;28,110000610351562;28,1299991607666;23400
2026-09-03;11:00:00;-03:00;28,1200008392334;28,200000762939453;28,110000610351562;28,18000030517578;29500
2026-09-03;11:05:00;-03:00;28,18000030517578;28,18000030517578;28,100000381469727;28,1299991607666;29900
2026-09-03;11:10:00;-03:00;28,1299991607666;28,139999389648438;28,100000381469727;28,100000381469727;23500
2026-09-03;11:15:00;-03:00;28,100000381469727;28,190000534057617;28,079999923706055;28,139999389648438;38900
2026-09-03;11:20:00;-03:00;28,1299991607666;28,139999389648438;28,079999923706055;28,079999923706055;31900
2026-09-03;11:25:00;-03:00;28,09000015258789;28,100000381469727;28,059999465942383;28,079999923706055;32200
2026-09-03;11:30:00;-03:00;28,06999969482422;28,06999969482422;28,010000228881836;28,030000686645508;34800
2026-09-03;11:35:00;-03:00;28,010000228881836;28,079999923706055;28,010000228881836;28,030000686645508;53000
2026-09-03;11:40:00;-03:00;28,030000686645508;28,049999237060547;28,0;28,020000457763672;30300
2026-09-03;11:45:00;-03:00;28,020000457763672;28,06999969482422;28,020000457763672;28,030000686645508;69500
2026-09-03;11:50:00;-03:00;28,040000915527344;28,09000015258789;28,040000915527344;28,06999969482422;23600
2026-09-03;11:55:00;-03:00;28,06999969482422;28,079999923706055;28,030000686645508;28,049999237060547;39100
2026-09-03;12:00:00;-03:00;28,040000915527344;28,09000015258789;28,030000686645508;28,049999237060547;32100
2026-09-03;12:05:00;-03:00;28,049999237060547;28,049999237060547;28,010000228881836;28,020000457763672;20300
2026-09-03;12:10:00;-03:00;28,020000457763672;28,040000915527344;27,989999771118164;28,020000457763672;31800
2026-09-03;12:15:00;-03:00;28,040000915527344;28,040000915527344;28,010000228881836;28,030000686645508;24500
2026-09-03;12:20:00;-03:00;28,030000686645508;28,030000686645508;27,950000762939453;27,950000762939453;27700
2026-09-03;12:25:00;-03:00;27,940000534057617;27,979999542236328;27,93000030517578;27,959999084472656;26400
2026-09-03;12:30:00;-03:00;27,979999542236328;28,0;27,940000534057617;27,969999313354492;26400
2026-09-03;12:35:00;-03:00;27,969999313354492;27,979999542236328;27,90999984741211;27,940000534057617;21600
2026-09-03;12:40:00;-03:00;27,940000534057617;27,969999313354492;27,90999984741211;27,959999084472656;22600
2026-09-03;12:45:00;-03:00;27,959999084472656;28,0;27,950000762939453;27,959999084472656;27900
2026-09-03;12:50:00;-03:00;27,959999084472656;27,989999771118164;27,950000762939453;27,969999313354492;16700
2026-09-03;12:55:00;-03:00;27,969999313354492;27,979999542236328;27,93000030517578;27,940000534057617;12700
2026-09-03;13:00:00;-03:00;27,950000762939453;27,979999542236328;27,889999389648438;27,899999618530273;47600
2026-09-03;13:05:00;-03:00;27,8799991607666;27,899999618530273;27,860000610351562;27,889999389648438;22000
2026-09-03;13:10:00;-03:00;27,8799991607666;27,889999389648438;27,81999969482422;27,829999923706055;87000
2026-09-03;13:15:00;-03:00;27,829999923706055;27,850000381469727;27,799999237060547;27,799999237060547;22300
2026-09-03;13:20:00;-03:00;27,799999237060547;27,81999969482422;27,780000686645508;27,809999465942383;22500
2026-09-03;13:25:00;-03:00;27,809999465942383;27,81999969482422;27,799999237060547;27,809999465942383;19900
2026-09-03;13:30:00;-03:00;27,809999465942383;27,809999465942383;27,770000457763672;27,799999237060547;21800
2026-09-03;13:35:00;-03:00;27,790000915527344;27,799999237060547;27,760000228881836;27,780000686645508;19100
2026-09-03;13:40:00;-03:00;27,790000915527344;27,81999969482422;27,790000915527344;27,81999969482422;20900
2026-09-03;13:45:00;-03:00;27,81999969482422;27,84000015258789;27,809999465942383;27,829999923706055;17900
2026-09-03;13:50:00;-03:00;27,81999969482422;27,829999923706055;27,770000457763672;27,790000915527344;27100
2026-09-03;13:55:00;-03:00;27,799999237060547;27,799999237060547;27,760000228881836;27,799999237060547;23100
2026-09-03;14:00:00;-03:00;27,799999237060547;27,829999923706055;27,780000686645508;27,829999923706055;32100
2026-09-03;14:05:00;-03:00;27,829999923706055;27,829999923706055;27,799999237060547;27,809999465942383;14100
2026-09-03;14:10:00;-03:00;27,809999465942383;27,81999969482422;27,790000915527344;27,790000915527344;15000
2026-09-03;14:15:00;-03:00;27,790000915527344;27,809999465942383;27,770000457763672;27,780000686645508;20100
2026-09-03;14:20:00;-03:00;27,790000915527344;27,81999969482422;27,780000686645508;27,799999237060547;26800
2026-09-03;14:25:00;-03:00;27,799999237060547;27,81999969482422;27,780000686645508;27,799999237060547;18800
2026-09-03;14:30:00;-03:00;27,799999237060547;27,809999465942383;27,780000686645508;27,790000915527344;15000
2026-09-03;14:35:00;-03:00;27,790000915527344;27,799999237060547;27,770000457763672;27,790000915527344;21600
2026-09-03;14:40:00;-03:00;27,780000686645508;27,799999237060547;27,770000457763672;27,780000686645508;17400
2026-09-03;14:45:00;-03:00;27,780000686645508;27,809999465942383;27,760000228881836;27,790000915527344;21800
2026-09-03;14:50:00;-03:00;27,799999237060547;27,799999237060547;27,780000686645508;27,790000915527344;11600
2026-09-03;14:55:00;-03:00;27,790000915527344;27,799999237060547;27,719999313354492;27,729999542236328;66100
2026-09-03;15:00:00;-03:00;27,75;27,75;27,68000030517578;27,709999084472656;26900
2026-09-03;15:05:00;-03:00;27,709999084472656;27,719999313354492;27,690000534057617;27,700000762939453;45900
2026-09-03;15:10:00;-03:00;27,709999084472656;27,799999237060547;27,670000076293945;27,68000030517578;229100
2026-09-03;15:15:00;-03:00;27,68000030517578;27,739999771118164;27,670000076293945;27,700000762939453;61900
2026-09-03;15:20:00;-03:00;27,690000534057617;27,719999313354492;27,68000030517578;27,690000534057617;30500
2026-09-03;15:25:00;-03:00;27,700000762939453;27,719999313354492;27,68000030517578;27,690000534057617;38400
2026-09-03;15:30:00;-03:00;27,690000534057617;27,709999084472656;27,68000030517578;27,690000534057617;34700
2026-09-03;15:35:00;-03:00;27,690000534057617;27,709999084472656;27,68000030517578;27,690000534057617;33800
2026-09-03;15:40:00;-03:00;27,700000762939453;27,709999084472656;27,68000030517578;27,690000534057617;34800
2026-09-03;15:45:00;-03:00;27,709999084472656;27,709999084472656;27,68000030517578;27,700000762939453;28400
2026-09-03;15:50:00;-03:00;27,709999084472656;27,719999313354492;27,700000762939453;27,700000762939453;30500
2026-09-03;15:55:00;-03:00;27,719999313354492;27,729999542236328;27,709999084472656;27,729999542236328;36100
2026-09-03;16:00:00;-03:00;27,729999542236328;27,739999771118164;27,700000762939453;27,709999084472656;35400
2026-09-03;16:05:00;-03:00;27,709999084472656;27,739999771118164;27,700000762939453;27,739999771118164;43500
2026-09-03;16:10:00;-03:00;27,719999313354492;27,739999771118164;27,700000762939453;27,719999313354492;33300
2026-09-03;16:15:00;-03:00;27,709999084472656;27,719999313354492;27,700000762939453;27,700000762939453;31400
2026-09-03;16:20:00;-03:00;27,700000762939453;27,729999542236328;27,68000030517578;27,709999084472656;112900
2026-09-03;16:25:00;-03:00;27,709999084472656;27,75;27,700000762939453;27,739999771118164;43700
2026-09-03;16:30:00;-03:00;27,729999542236328;27,760000228881836;27,729999542236328;27,75;47600
2026-09-03;16:35:00;-03:00;27,75;27,75;27,690000534057617;27,700000762939453;51500
2026-09-03;16:40:00;-03:00;27,709999084472656;27,709999084472656;27,670000076293945;27,700000762939453;58700
2026-09-03;16:45:00;-03:00;27,690000534057617;27,709999084472656;27,670000076293945;27,690000534057617;47700
2026-09-03;16:50:00;-03:00;27,690000534057617;27,719999313354492;27,670000076293945;27,719999313354492;50500
2026-09-04;10:00:00;-03:00;27,670000076293945;27,670000076293945;27,43000030517578;27,43000030517578;0
2026-09-04;10:05:00;-03:00;27,459999084472656;27,479999542236328;27,389999389648438;27,459999084472656;14400
2026-09-04;10:10:00;-03:00;27,450000762939453;27,479999542236328;27,3799991607666;27,450000762939453;8600
2026-09-04;10:15:00;-03:00;27,459999084472656;27,489999771118164;27,3700008392334;27,450000762939453;10700
2026-09-04;10:20:00;-03:00;27,459999084472656;27,5;27,420000076293945;27,450000762939453;10200
2026-09-04;10:25:00;-03:00;27,450000762939453;27,450000762939453;27,350000381469727;27,3799991607666;8800
2026-09-04;10:30:00;-03:00;27,399999618530273;27,479999542236328;27,399999618530273;27,440000534057617;14000
2026-09-04;10:35:00;-03:00;27,440000534057617;27,510000228881836;27,440000534057617;27,450000762939453;4200
2026-09-04;10:40:00;-03:00;27,440000534057617;27,530000686645508;27,440000534057617;27,520000457763672;13800
2026-09-04;10:45:00;-03:00;27,520000457763672;27,600000381469727;27,520000457763672;27,56999969482422;7900
2026-09-04;10:50:00;-03:00;27,559999465942383;27,56999969482422;27,510000228881836;27,510000228881836;13800
2026-09-04;10:55:00;-03:00;27,520000457763672;27,549999237060547;27,469999313354492;27,489999771118164;18700
2026-09-04;11:00:00;-03:00;27,489999771118164;27,530000686645508;27,489999771118164;27,510000228881836;15400
2026-09-04;11:05:00;-03:00;27,530000686645508;27,639999389648438;27,510000228881836;27,6200008392334;22900
2026-09-04;11:10:00;-03:00;27,6200008392334;27,700000762939453;27,610000610351562;27,690000534057617;64500
2026-09-04;11:15:00;-03:00;27,68000030517578;27,739999771118164;27,65999984741211;27,68000030517578;32800
2026-09-04;11:20:00;-03:00;27,690000534057617;27,75;27,690000534057617;27,739999771118164;36400
2026-09-04;11:25:00;-03:00;27,75;27,760000228881836;27,65999984741211;27,709999084472656;37600
2026-09-04;11:30:00;-03:00;27,709999084472656;27,719999313354492;27,68000030517578;27,700000762939453;10300
2026-09-04;11:35:00;-03:00;27,700000762939453;27,75;27,700000762939453;27,75;20500
2026-09-04;11:40:00;-03:00;27,75;27,75;27,709999084472656;27,739999771118164;8900
2026-09-04;11:45:00;-03:00;27,739999771118164;27,760000228881836;27,649999618530273;27,65999984741211;21700
2026-09-04;11:50:00;-03:00;27,65999984741211;27,709999084472656;27,649999618530273;27,65999984741211;24800
2026-09-04;11:55:00;-03:00;27,68000030517578;27,719999313354492;27,65999984741211;27,68000030517578;24300
2026-09-04;12:00:00;-03:00;27,68000030517578;27,790000915527344;27,670000076293945;27,770000457763672;40800
2026-09-04;12:05:00;-03:00;27,780000686645508;27,790000915527344;27,739999771118164;27,739999771118164;22500
2026-09-04;12:10:00;-03:00;27,75;27,75;27,719999313354492;27,719999313354492;11700
2026-09-04;12:15:00;-03:00;27,729999542236328;27,75;27,709999084472656;27,75;22900
2026-09-04;12:20:00;-03:00;27,739999771118164;27,809999465942383;27,729999542236328;27,780000686645508;39100
2026-09-04;12:25:00;-03:00;27,790000915527344;27,850000381469727;27,770000457763672;27,809999465942383;41200
2026-09-04;12:30:00;-03:00;27,799999237060547;27,81999969482422;27,770000457763672;27,790000915527344;20500
2026-09-04;12:35:00;-03:00;27,799999237060547;27,860000610351562;27,780000686645508;27,790000915527344;45500
2026-09-04;12:40:00;-03:00;27,790000915527344;27,850000381469727;27,770000457763672;27,829999923706055;31000
2026-09-04;12:45:00;-03:00;27,84000015258789;27,8700008392334;27,81999969482422;27,8700008392334;23800
2026-09-04;12:50:00;-03:00;27,8700008392334;27,8700008392334;27,81999969482422;27,81999969482422;19200
2026-09-04;12:55:00;-03:00;27,829999923706055;27,860000610351562;27,81999969482422;27,829999923706055;21400
2026-09-04;13:00:00;-03:00;27,84000015258789;27,850000381469727;27,81999969482422;27,829999923706055;21500
2026-09-04;13:05:00;-03:00;27,829999923706055;27,850000381469727;27,799999237060547;27,81999969482422;21700
2026-09-04;13:10:00;-03:00;27,829999923706055;27,850000381469727;27,799999237060547;27,84000015258789;20500
2026-09-04;13:15:00;-03:00;27,84000015258789;27,8799991607666;27,829999923706055;27,860000610351562;24100
2026-09-04;13:20:00;-03:00;27,8700008392334;27,8799991607666;27,850000381469727;27,850000381469727;17900
2026-09-04;13:25:00;-03:00;27,850000381469727;27,8799991607666;27,84000015258789;27,8700008392334;26300
2026-09-04;13:30:00;-03:00;27,889999389648438;27,899999618530273;27,8700008392334;27,8799991607666;25200
2026-09-04;13:35:00;-03:00;27,899999618530273;27,899999618530273;27,8700008392334;27,8700008392334;16900
2026-09-04;13:40:00;-03:00;27,8799991607666;27,889999389648438;27,850000381469727;27,850000381469727;20600
2026-09-04;13:45:00;-03:00;27,860000610351562;27,8700008392334;27,829999923706055;27,84000015258789;21700
2026-09-04;13:50:00;-03:00;27,84000015258789;27,8799991607666;27,84000015258789;27,850000381469727;23900
2026-09-04;13:55:00;-03:00;27,850000381469727;27,8700008392334;27,81999969482422;27,829999923706055;27900
2026-09-04;14:00:00;-03:00;27,829999923706055;27,850000381469727;27,809999465942383;27,809999465942383;25100
2026-09-04;14:05:00;-03:00;27,809999465942383;27,829999923706055;27,790000915527344;27,809999465942383;25200
2026-09-04;14:10:00;-03:00;27,81999969482422;27,829999923706055;27,799999237060547;27,81999969482422;21800
2026-09-04;14:15:00;-03:00;27,809999465942383;27,81999969482422;27,790000915527344;27,809999465942383;23300
2026-09-04;14:20:00;-03:00;27,809999465942383;27,81999969482422;27,780000686645508;27,799999237060547;22300
2026-09-04;14:25:00;-03:00;27,790000915527344;27,799999237060547;27,739999771118164;27,799999237060547;28300
2026-09-04;14:30:00;-03:00;27,799999237060547;27,809999465942383;27,790000915527344;27,799999237060547;22900
2026-09-04;14:35:00;-03:00;27,790000915527344;27,809999465942383;27,770000457763672;27,799999237060547;26000
2026-09-04;14:40:00;-03:00;27,790000915527344;27,809999465942383;27,739999771118164;27,75;23800
2026-09-04;14:45:00;-03:00;27,75;27,770000457763672;27,739999771118164;27,760000228881836;21200
2026-09-04;14:50:00;-03:00;27,760000228881836;27,760000228881836;27,75;27,75;13700
2026-09-04;14:55:00;-03:00;27,75;27,790000915527344;27,75;27,780000686645508;29900
2026-09-04;15:00:00;-03:00;27,780000686645508;27,809999465942383;27,780000686645508;27,780000686645508;25100
2026-09-04;15:05:00;-03:00;27,790000915527344;27,799999237060547;27,770000457763672;27,790000915527344;27600
2026-09-04;15:10:00;-03:00;27,790000915527344;27,829999923706055;27,780000686645508;27,829999923706055;29600
2026-09-04;15:15:00;-03:00;27,829999923706055;27,829999923706055;27,780000686645508;27,81999969482422;33500
2026-09-04;15:20:00;-03:00;27,809999465942383;27,829999923706055;27,799999237060547;27,809999465942383;23600
2026-09-04;15:25:00;-03:00;27,809999465942383;27,84000015258789;27,799999237060547;27,81999969482422;39200
2026-09-04;15:30:00;-03:00;27,809999465942383;27,84000015258789;27,799999237060547;27,84000015258789;34400
2026-09-04;15:35:00;-03:00;27,829999923706055;27,829999923706055;27,809999465942383;27,809999465942383;14700
2026-09-04;15:40:00;-03:00;27,81999969482422;27,84000015258789;27,799999237060547;27,829999923706055;27200
2026-09-04;15:45:00;-03:00;27,809999465942383;27,829999923706055;27,799999237060547;27,799999237060547;17700
2026-09-04;15:50:00;-03:00;27,799999237060547;27,84000015258789;27,790000915527344;27,84000015258789;36500
2026-09-04;15:55:00;-03:00;27,84000015258789;27,850000381469727;27,81999969482422;27,84000015258789;23000
2026-09-04;16:00:00;-03:00;27,84000015258789;27,860000610351562;27,81999969482422;27,81999969482422;28800
2026-09-04;16:05:00;-03:00;27,809999465942383;27,829999923706055;27,780000686645508;27,81999969482422;29400
2026-09-04;16:10:00;-03:00;27,809999465942383;27,809999465942383;27,770000457763672;27,780000686645508;24000
2026-09-04;16:15:00;-03:00;27,780000686645508;27,790000915527344;27,760000228881836;27,790000915527344;34000
2026-09-04;16:20:00;-03:00;27,780000686645508;27,799999237060547;27,770000457763672;27,780000686645508;35300
2026-09-04;16:25:00;-03:00;27,790000915527344;27,809999465942383;27,770000457763672;27,770000457763672;41600
2026-09-04;16:30:00;-03:00;27,770000457763672;27,780000686645508;27,709999084472656;27,729999542236328;44800
2026-09-04;16:35:00;-03:00;27,739999771118164;27,760000228881836;27,719999313354492;27,760000228881836;40200
2026-09-04;16:40:00;-03:00;27,760000228881836;27,799999237060547;27,739999771118164;27,799999237060547;61200
2026-09-04;16:45:00;-03:00;27,799999237060547;27,84000015258789;27,790000915527344;27,84000015258789;46900
2026-09-08;10:05:00;-03:00;28,110000610351562;28,15999984741211;27,93000030517578;28,06999969482422;5900
2026-09-08;10:10:00;-03:00;28,100000381469727;28,190000534057617;28,020000457763672;28,06999969482422;16000
2026-09-08;10:15:00;-03:00;28,06999969482422;28,190000534057617;28,040000915527344;28,059999465942383;25000
2026-09-08;10:20:00;-03:00;28,049999237060547;28,059999465942383;27,940000534057617;27,940000534057617;11200
2026-09-08;10:25:00;-03:00;27,940000534057617;27,989999771118164;27,93000030517578;27,979999542236328;14000
2026-09-08;10:30:00;-03:00;27,969999313354492;27,979999542236328;27,899999618530273;27,899999618530273;17200
2026-09-08;10:35:00;-03:00;27,90999984741211;27,950000762939453;27,889999389648438;27,920000076293945;20900
2026-09-08;10:40:00;-03:00;27,950000762939453;28,030000686645508;27,920000076293945;28,0;23600
2026-09-08;10:45:00;-03:00;28,020000457763672;28,079999923706055;27,989999771118164;28,0;26600
2026-09-08;10:50:00;-03:00;28,020000457763672;28,239999771118164;28,020000457763672;28,190000534057617;68900
2026-09-08;10:55:00;-03:00;28,200000762939453;28,200000762939453;28,1299991607666;28,170000076293945;22100
2026-09-08;11:00:00;-03:00;28,18000030517578;28,200000762939453;28,149999618530273;28,18000030517578;23100
2026-09-08;11:05:00;-03:00;28,190000534057617;28,229999542236328;28,170000076293945;28,190000534057617;27500
2026-09-08;11:10:00;-03:00;28,190000534057617;28,200000762939453;28,149999618530273;28,18000030517578;22700
2026-09-08;11:15:00;-03:00;28,18000030517578;28,190000534057617;28,100000381469727;28,170000076293945;32400
2026-09-08;11:20:00;-03:00;28,15999984741211;28,209999084472656;28,149999618530273;28,200000762939453;28800
2026-09-08;11:25:00;-03:00;28,209999084472656;28,239999771118164;28,200000762939453;28,219999313354492;21400
2026-09-08;11:30:00;-03:00;28,229999542236328;28,239999771118164;28,209999084472656;28,239999771118164;65200
2026-09-08;11:35:00;-03:00;28,229999542236328;28,280000686645508;28,200000762939453;28,239999771118164;36200
2026-09-08;11:40:00;-03:00;28,25;28,25;28,190000534057617;28,229999542236328;532800
2026-09-08;11:45:00;-03:00;28,229999542236328;28,25;28,190000534057617;28,209999084472656;37700
2026-09-08;11:50:00;-03:00;28,209999084472656;28,209999084472656;28,149999618530273;28,15999984741211;63500
2026-09-08;11:55:00;-03:00;28,149999618530273;28,15999984741211;28,049999237060547;28,049999237060547;13000
2026-09-08;12:00:00;-03:00;28,049999237060547;28,079999923706055;28,010000228881836;28,030000686645508;24900
2026-09-08;12:05:00;-03:00;28,049999237060547;28,06999969482422;28,020000457763672;28,06999969482422;25100
2026-09-08;12:10:00;-03:00;28,079999923706055;28,079999923706055;28,0;28,010000228881836;16800
2026-09-08;12:15:00;-03:00;28,010000228881836;28,020000457763672;27,920000076293945;27,950000762939453;48400
2026-09-08;12:20:00;-03:00;27,940000534057617;27,989999771118164;27,940000534057617;27,969999313354492;75400
2026-09-08;12:25:00;-03:00;27,989999771118164;27,989999771118164;27,90999984741211;27,959999084472656;92000
2026-09-08;12:30:00;-03:00;27,969999313354492;28,010000228881836;27,920000076293945;27,979999542236328;80200
2026-09-08;12:35:00;-03:00;27,979999542236328;27,979999542236328;27,920000076293945;27,93000030517578;72400
2026-09-08;12:40:00;-03:00;27,93000030517578;27,940000534057617;27,90999984741211;27,920000076293945;9700
2026-09-08;12:45:00;-03:00;27,90999984741211;27,940000534057617;27,8700008392334;27,8799991607666;62500
2026-09-08;12:50:00;-03:00;27,889999389648438;27,899999618530273;27,850000381469727;27,860000610351562;16200
2026-09-08;12:55:00;-03:00;27,850000381469727;27,8700008392334;27,809999465942383;27,829999923706055;32200
2026-09-08;13:00:00;-03:00;27,829999923706055;27,84000015258789;27,799999237060547;27,829999923706055;6500
2026-09-08;13:05:00;-03:00;27,84000015258789;27,860000610351562;27,809999465942383;27,829999923706055;15800
2026-09-08;13:10:00;-03:00;27,84000015258789;27,8799991607666;27,829999923706055;27,8799991607666;33000
2026-09-08;13:15:00;-03:00;27,8700008392334;27,8799991607666;27,829999923706055;27,850000381469727;27000
2026-09-08;13:20:00;-03:00;27,850000381469727;27,8799991607666;27,81999969482422;27,81999969482422;33400
2026-09-08;13:25:00;-03:00;27,81999969482422;27,81999969482422;27,799999237060547;27,799999237060547;6500
2026-09-08;13:30:00;-03:00;27,81999969482422;27,850000381469727;27,809999465942383;27,84000015258789;10600
2026-09-08;13:35:00;-03:00;27,84000015258789;27,84000015258789;27,81999969482422;27,81999969482422;6300
2026-09-08;13:40:00;-03:00;27,84000015258789;27,860000610351562;27,81999969482422;27,860000610351562;14800
2026-09-08;13:45:00;-03:00;27,860000610351562;27,8700008392334;27,81999969482422;27,81999969482422;16400
2026-09-08;13:50:00;-03:00;27,809999465942383;27,860000610351562;27,809999465942383;27,860000610351562;28400
2026-09-08;13:55:00;-03:00;27,860000610351562;27,860000610351562;27,81999969482422;27,829999923706055;27600
2026-09-08;14:00:00;-03:00;27,850000381469727;27,889999389648438;27,829999923706055;27,8700008392334;30200
2026-09-08;14:05:00;-03:00;27,8799991607666;27,920000076293945;27,860000610351562;27,90999984741211;32400
2026-09-08;14:10:00;-03:00;27,920000076293945;27,979999542236328;27,90999984741211;27,979999542236328;36500
2026-09-08;14:15:00;-03:00;27,979999542236328;28,040000915527344;27,979999542236328;28,040000915527344;13100
2026-09-08;14:20:00;-03:00;28,040000915527344;28,059999465942383;28,010000228881836;28,040000915527344;19000
2026-09-08;14:25:00;-03:00;28,030000686645508;28,079999923706055;28,020000457763672;28,059999465942383;42600
2026-09-08;14:30:00;-03:00;28,059999465942383;28,079999923706055;28,020000457763672;28,020000457763672;25900
2026-09-08;14:35:00;-03:00;28,030000686645508;28,030000686645508;27,969999313354492;28,0;36700
2026-09-08;14:40:00;-03:00;28,010000228881836;28,010000228881836;27,93000030517578;27,940000534057617;49900
2026-09-08;14:45:00;-03:00;27,940000534057617;27,950000762939453;27,889999389648438;27,90999984741211;28500
2026-09-08;14:50:00;-03:00;27,889999389648438;27,920000076293945;27,8700008392334;27,90999984741211;50600
2026-09-08;14:55:00;-03:00;27,899999618530273;27,950000762939453;27,889999389648438;27,940000534057617;90900
2026-09-08;15:00:00;-03:00;27,950000762939453;27,959999084472656;27,93000030517578;27,940000534057617;37900
2026-09-08;15:05:00;-03:00;27,940000534057617;28,0;27,940000534057617;28,0;26500
2026-09-08;15:10:00;-03:00;27,989999771118164;28,0;27,969999313354492;27,969999313354492;19300
2026-09-08;15:15:00;-03:00;27,969999313354492;27,979999542236328;27,959999084472656;27,959999084472656;20300
2026-09-08;15:20:00;-03:00;27,969999313354492;27,989999771118164;27,950000762939453;27,969999313354492;36500
2026-09-08;15:25:00;-03:00;27,989999771118164;28,0;27,969999313354492;27,979999542236328;19900
2026-09-08;15:30:00;-03:00;27,979999542236328;28,0;27,979999542236328;27,989999771118164;50800
2026-09-08;15:35:00;-03:00;27,989999771118164;28,0;27,969999313354492;27,979999542236328;23300
2026-09-08;15:40:00;-03:00;27,969999313354492;28,0;27,959999084472656;27,969999313354492;26600
2026-09-08;15:45:00;-03:00;27,979999542236328;27,979999542236328;27,8700008392334;27,899999618530273;36800
2026-09-08;15:50:00;-03:00;27,899999618530273;27,93000030517578;27,8700008392334;27,920000076293945;35000
2026-09-08;15:55:00;-03:00;27,90999984741211;27,93000030517578;27,899999618530273;27,90999984741211;36400
2026-09-08;16:00:00;-03:00;27,90999984741211;27,93000030517578;27,899999618530273;27,920000076293945;35900
2026-09-08;16:05:00;-03:00;27,90999984741211;27,940000534057617;27,8700008392334;27,8799991607666;33400
2026-09-08;16:10:00;-03:00;27,8700008392334;27,8799991607666;27,84000015258789;27,850000381469727;21400
2026-09-08;16:15:00;-03:00;27,850000381469727;27,8700008392334;27,770000457763672;27,780000686645508;99400
2026-09-08;16:20:00;-03:00;27,780000686645508;27,799999237060547;27,760000228881836;27,770000457763672;38500
2026-09-08;16:25:00;-03:00;27,770000457763672;27,790000915527344;27,760000228881836;27,790000915527344;20600
2026-09-08;16:30:00;-03:00;27,790000915527344;27,809999465942383;27,75;27,790000915527344;28200
2026-09-08;16:35:00;-03:00;27,809999465942383;27,829999923706055;27,790000915527344;27,799999237060547;21500
2026-09-08;16:40:00;-03:00;27,809999465942383;27,829999923706055;27,790000915527344;27,799999237060547;22400
2026-09-08;16:45:00;-03:00;27,799999237060547;27,81999969482422;27,790000915527344;27,799999237060547;16100
2026-09-08;16:50:00;-03:00;27,81999969482422;27,8700008392334;27,780000686645508;27,8700008392334;26700
2026-09-09;10:05:00;-03:00;27,6200008392334;27,860000610351562;27,6200008392334;27,709999084472656;0
2026-09-09;10:10:00;-03:00;27,700000762939453;27,700000762939453;27,540000915527344;27,600000381469727;13600
2026-09-09;10:15:00;-03:00;27,59000015258789;27,6200008392334;27,530000686645508;27,559999465942383;16300
2026-09-09;10:20:00;-03:00;27,559999465942383;27,56999969482422;27,440000534057617;27,450000762939453;18700
2026-09-09;10:25:00;-03:00;27,450000762939453;27,59000015258789;27,40999984741211;27,579999923706055;20800
2026-09-09;10:30:00;-03:00;27,59000015258789;27,649999618530273;27,579999923706055;27,6200008392334;23900
2026-09-09;10:35:00;-03:00;27,610000610351562;27,610000610351562;27,5;27,520000457763672;21600
2026-09-09;10:40:00;-03:00;27,520000457763672;27,6200008392334;27,520000457763672;27,610000610351562;13100
2026-09-09;10:45:00;-03:00;27,610000610351562;27,709999084472656;27,610000610351562;27,690000534057617;24900
2026-09-09;10:50:00;-03:00;27,709999084472656;27,729999542236328;27,6200008392334;27,639999389648438;14800
2026-09-09;10:55:00;-03:00;27,649999618530273;27,649999618530273;27,579999923706055;27,59000015258789;43600
2026-09-09;11:00:00;-03:00;27,610000610351562;27,6299991607666;27,540000915527344;27,540000915527344;13700
2026-09-09;11:05:00;-03:00;27,530000686645508;27,6200008392334;27,510000228881836;27,6200008392334;3251800
2026-09-09;11:10:00;-03:00;27,610000610351562;27,649999618530273;27,600000381469727;27,639999389648438;12100
2026-09-09;11:15:00;-03:00;27,6299991607666;27,670000076293945;27,6200008392334;27,649999618530273;19600
2026-09-09;11:20:00;-03:00;27,649999618530273;27,65999984741211;27,549999237060547;27,56999969482422;59400
2026-09-09;11:25:00;-03:00;27,56999969482422;27,610000610351562;27,540000915527344;27,559999465942383;36800
2026-09-09;11:30:00;-03:00;27,56999969482422;27,579999923706055;27,540000915527344;27,559999465942383;17400
2026-09-09;11:35:00;-03:00;27,56999969482422;27,6299991607666;27,559999465942383;27,59000015258789;18800
2026-09-09;11:40:00;-03:00;27,59000015258789;27,59000015258789;27,559999465942383;27,56999969482422;18200
2026-09-09;11:45:00;-03:00;27,56999969482422;27,56999969482422;27,5;27,530000686645508;18100
2026-09-09;11:50:00;-03:00;27,540000915527344;27,56999969482422;27,530000686645508;27,530000686645508;22700
2026-09-09;11:55:00;-03:00;27,520000457763672;27,540000915527344;27,5;27,540000915527344;16100
2026-09-09;12:00:00;-03:00;27,540000915527344;27,559999465942383;27,459999084472656;27,459999084472656;17200
2026-09-09;12:05:00;-03:00;27,459999084472656;27,469999313354492;27,420000076293945;27,469999313354492;16700
2026-09-09;12:10:00;-03:00;27,469999313354492;27,469999313354492;27,440000534057617;27,440000534057617;11600
2026-09-09;12:15:00;-03:00;27,450000762939453;27,450000762939453;27,420000076293945;27,440000534057617;12600
2026-09-09;12:20:00;-03:00;27,420000076293945;27,440000534057617;27,40999984741211;27,440000534057617;36600
2026-09-09;12:25:00;-03:00;27,440000534057617;27,469999313354492;27,43000030517578;27,450000762939453;22300
2026-09-09;12:30:00;-03:00;27,440000534057617;27,459999084472656;27,440000534057617;27,450000762939453;9400
2026-09-09;12:35:00;-03:00;27,459999084472656;27,540000915527344;27,459999084472656;27,530000686645508;30500
2026-09-09;12:40:00;-03:00;27,530000686645508;27,56999969482422;27,530000686645508;27,540000915527344;22800
2026-09-09;12:45:00;-03:00;27,530000686645508;27,530000686645508;27,5;27,510000228881836;16600
2026-09-09;12:50:00;-03:00;27,530000686645508;27,530000686645508;27,479999542236328;27,479999542236328;8300
2026-09-09;12:55:00;-03:00;27,479999542236328;27,510000228881836;27,479999542236328;27,489999771118164;10600
2026-09-09;13:00:00;-03:00;27,479999542236328;27,510000228881836;27,469999313354492;27,489999771118164;13000
2026-09-09;13:05:00;-03:00;27,489999771118164;27,510000228881836;27,469999313354492;27,489999771118164;15900
2026-09-09;13:10:00;-03:00;27,489999771118164;27,540000915527344;27,489999771118164;27,540000915527344;8700
2026-09-09;13:15:00;-03:00;27,530000686645508;27,540000915527344;27,5;27,510000228881836;11700
2026-09-09;13:20:00;-03:00;27,520000457763672;27,540000915527344;27,510000228881836;27,520000457763672;8600
2026-09-09;13:25:00;-03:00;27,530000686645508;27,549999237060547;27,520000457763672;27,530000686645508;13600
2026-09-09;13:30:00;-03:00;27,540000915527344;27,559999465942383;27,540000915527344;27,559999465942383;28800
2026-09-09;13:35:00;-03:00;27,559999465942383;27,559999465942383;27,520000457763672;27,530000686645508;18800
2026-09-09;13:40:00;-03:00;27,530000686645508;27,56999969482422;27,530000686645508;27,549999237060547;13200
2026-09-09;13:45:00;-03:00;27,549999237060547;27,56999969482422;27,5;27,510000228881836;97500
2026-09-09;13:50:00;-03:00;27,5;27,520000457763672;27,489999771118164;27,520000457763672;16500
2026-09-09;13:55:00;-03:00;27,510000228881836;27,530000686645508;27,489999771118164;27,510000228881836;19100
2026-09-09;14:00:00;-03:00;27,510000228881836;27,530000686645508;27,5;27,530000686645508;14000
2026-09-09;14:05:00;-03:00;27,520000457763672;27,540000915527344;27,520000457763672;27,520000457763672;16400
2026-09-09;14:10:00;-03:00;27,520000457763672;27,540000915527344;27,520000457763672;27,530000686645508;13400
2026-09-09;14:15:00;-03:00;27,540000915527344;27,540000915527344;27,520000457763672;27,540000915527344;10300
2026-09-09;14:20:00;-03:00;27,540000915527344;27,540000915527344;27,5;27,5;16400
2026-09-09;14:25:00;-03:00;27,510000228881836;27,520000457763672;27,469999313354492;27,5;20400
2026-09-09;14:30:00;-03:00;27,510000228881836;27,6200008392334;27,510000228881836;27,610000610351562;43000
2026-09-09;14:35:00;-03:00;27,610000610351562;27,6200008392334;27,59000015258789;27,610000610351562;18400
2026-09-09;14:40:00;-03:00;27,610000610351562;27,6299991607666;27,600000381469727;27,610000610351562;23600
2026-09-09;14:45:00;-03:00;27,600000381469727;27,6200008392334;27,59000015258789;27,610000610351562;31100
2026-09-09;14:50:00;-03:00;27,610000610351562;27,6200008392334;27,549999237060547;27,56999969482422;57900
2026-09-09;14:55:00;-03:00;27,559999465942383;27,56999969482422;27,530000686645508;27,530000686645508;32900
2026-09-09;15:00:00;-03:00;27,540000915527344;27,59000015258789;27,530000686645508;27,56999969482422;33100
2026-09-09;15:05:00;-03:00;27,56999969482422;27,56999969482422;27,530000686645508;27,549999237060547;29800
2026-09-09;15:10:00;-03:00;27,549999237060547;27,559999465942383;27,520000457763672;27,549999237060547;29500
2026-09-09;15:15:00;-03:00;27,549999237060547;27,56999969482422;27,530000686645508;27,56999969482422;17500
2026-09-09;15:20:00;-03:00;27,56999969482422;27,579999923706055;27,559999465942383;27,559999465942383;17300
2026-09-09;15:25:00;-03:00;27,559999465942383;27,56999969482422;27,549999237060547;27,559999465942383;13900
2026-09-09;15:30:00;-03:00;27,549999237060547;27,59000015258789;27,549999237060547;27,59000015258789;15600
2026-09-09;15:35:00;-03:00;27,579999923706055;27,600000381469727;27,56999969482422;27,59000015258789;17000
2026-09-09;15:40:00;-03:00;27,59000015258789;27,600000381469727;27,56999969482422;27,59000015258789;15000
2026-09-09;15:45:00;-03:00;27,59000015258789;27,59000015258789;27,559999465942383;27,56999969482422;16800
2026-09-09;15:50:00;-03:00;27,56999969482422;27,59000015258789;27,549999237060547;27,579999923706055;23200
2026-09-09;15:55:00;-03:00;27,56999969482422;27,59000015258789;27,549999237060547;27,56999969482422;26900
2026-09-09;16:00:00;-03:00;27,56999969482422;27,579999923706055;27,559999465942383;27,56999969482422;17900
2026-09-09;16:05:00;-03:00;27,56999969482422;27,579999923706055;27,559999465942383;27,559999465942383;22900
2026-09-09;16:10:00;-03:00;27,549999237060547;27,579999923706055;27,549999237060547;27,56999969482422;19600
2026-09-09;16:15:00;-03:00;27,56999969482422;27,59000015258789;27,559999465942383;27,579999923706055;20000
2026-09-09;16:20:00;-03:00;27,579999923706055;27,610000610351562;27,579999923706055;27,600000381469727;26300
2026-09-09;16:25:00;-03:00;27,600000381469727;27,610000610351562;27,559999465942383;27,579999923706055;39100
2026-09-09;16:30:00;-03:00;27,579999923706055;27,6299991607666;27,559999465942383;27,6200008392334;39200
2026-09-09;16:35:00;-03:00;27,6200008392334;27,6299991607666;27,600000381469727;27,6200008392334;28100
2026-09-09;16:40:00;-03:00;27,6200008392334;27,65999984741211;27,610000610351562;27,65999984741211;24100
2026-09-09;16:45:00;-03:00;27,639999389648438;27,649999618530273;27,59000015258789;27,6200008392334;65900
2026-09-09;16:50:00;-03:00;27,610000610351562;27,6299991607666;27,56999969482422;27,6200008392334;30300
2026-09-10;10:00:00;-03:00;27,549999237060547;27,549999237060547;27,389999389648438;27,510000228881836;0
2026-09-10;10:05:00;-03:00;27,510000228881836;27,700000762939453;27,510000228881836;27,68000030517578;6100
2026-09-10;10:10:00;-03:00;27,65999984741211;27,65999984741211;27,549999237060547;27,549999237060547;5800
2026-09-10;10:15:00;-03:00;27,559999465942383;27,600000381469727;27,520000457763672;27,549999237060547;16600
2026-09-10;10:20:00;-03:00;27,56999969482422;27,6200008392334;27,56999969482422;27,59000015258789;1200
2026-09-10;10:25:00;-03:00;27,59000015258789;27,65999984741211;27,56999969482422;27,649999618530273;5200
2026-09-10;10:30:00;-03:00;27,6299991607666;27,770000457763672;27,6299991607666;27,729999542236328;11700
2026-09-10;10:35:00;-03:00;27,709999084472656;27,75;27,6299991607666;27,700000762939453;72800
2026-09-10;10:40:00;-03:00;27,690000534057617;27,729999542236328;27,68000030517578;27,709999084472656;16100
2026-09-10;10:45:00;-03:00;27,700000762939453;27,719999313354492;27,690000534057617;27,700000762939453;13900
2026-09-10;10:50:00;-03:00;27,700000762939453;27,790000915527344;27,670000076293945;27,780000686645508;12300
2026-09-10;10:55:00;-03:00;27,790000915527344;27,799999237060547;27,709999084472656;27,729999542236328;24800
2026-09-10;11:00:00;-03:00;27,729999542236328;27,75;27,68000030517578;27,719999313354492;29000
2026-09-10;11:05:00;-03:00;27,709999084472656;27,790000915527344;27,690000534057617;27,770000457763672;13100
2026-09-10;11:10:00;-03:00;27,75;27,760000228881836;27,690000534057617;27,690000534057617;17500
2026-09-10;11:15:00;-03:00;27,709999084472656;27,760000228881836;27,709999084472656;27,729999542236328;20100
2026-09-10;11:20:00;-03:00;27,719999313354492;27,809999465942383;27,719999313354492;27,799999237060547;16800
2026-09-10;11:25:00;-03:00;27,799999237060547;27,8799991607666;27,799999237060547;27,8700008392334;21600
2026-09-10;11:30:00;-03:00;27,8700008392334;27,90999984741211;27,84000015258789;27,899999618530273;10000
2026-09-10;11:35:00;-03:00;27,899999618530273;27,989999771118164;27,899999618530273;27,969999313354492;22800
2026-09-10;11:40:00;-03:00;27,969999313354492;28,0;27,93000030517578;27,979999542236328;51000
2026-09-10;11:45:00;-03:00;27,979999542236328;28,0;27,959999084472656;27,969999313354492;34300
2026-09-10;11:50:00;-03:00;27,969999313354492;28,049999237060547;27,969999313354492;28,010000228881836;78800
2026-09-10;11:55:00;-03:00;28,010000228881836;28,010000228881836;27,959999084472656;28,0;14600
2026-09-10;12:00:00;-03:00;28,0;28,049999237060547;28,0;28,0;12800
2026-09-10;12:05:00;-03:00;27,989999771118164;28,010000228881836;27,93000030517578;27,950000762939453;30500
2026-09-10;12:10:00;-03:00;27,950000762939453;27,989999771118164;27,940000534057617;27,969999313354492;16400
2026-09-10;12:15:00;-03:00;27,979999542236328;28,020000457763672;27,979999542236328;28,010000228881836;18100
2026-09-10;12:20:00;-03:00;28,010000228881836;28,010000228881836;27,969999313354492;27,979999542236328;17800
2026-09-10;12:25:00;-03:00;27,979999542236328;27,979999542236328;27,920000076293945;27,93000030517578;9700
2026-09-10;12:30:00;-03:00;27,93000030517578;27,93000030517578;27,899999618530273;27,899999618530273;5300
2026-09-10;12:35:00;-03:00;27,889999389648438;27,899999618530273;27,850000381469727;27,8799991607666;13800
2026-09-10;12:40:00;-03:00;27,8700008392334;27,889999389648438;27,860000610351562;27,860000610351562;8000
2026-09-10;12:45:00;-03:00;27,860000610351562;27,8700008392334;27,81999969482422;27,8700008392334;8100
2026-09-10;12:50:00;-03:00;27,8700008392334;27,8799991607666;27,829999923706055;27,829999923706055;5900
2026-09-10;12:55:00;-03:00;27,84000015258789;27,84000015258789;27,829999923706055;27,84000015258789;5000
2026-09-10;13:00:00;-03:00;27,850000381469727;27,8799991607666;27,829999923706055;27,8700008392334;9400
2026-09-10;13:05:00;-03:00;27,8700008392334;27,8799991607666;27,860000610351562;27,8799991607666;3600
2026-09-10;13:10:00;-03:00;27,889999389648438;27,90999984741211;27,889999389648438;27,899999618530273;4100
2026-09-10;13:15:00;-03:00;27,889999389648438;27,899999618530273;27,8700008392334;27,899999618530273;5400
2026-09-10;13:20:00;-03:00;27,90999984741211;27,940000534057617;27,899999618530273;27,93000030517578;10300
2026-09-10;13:25:00;-03:00;27,920000076293945;27,940000534057617;27,920000076293945;27,940000534057617;5300
2026-09-10;13:30:00;-03:00;27,950000762939453;27,989999771118164;27,950000762939453;27,950000762939453;12500
2026-09-10;13:35:00;-03:00;27,950000762939453;28,0;27,950000762939453;28,0;8500
2026-09-10;13:40:00;-03:00;28,0;28,0;27,969999313354492;27,989999771118164;36400
2026-09-10;13:45:00;-03:00;27,989999771118164;28,020000457763672;27,989999771118164;28,0;12100
2026-09-10;13:50:00;-03:00;28,0;28,010000228881836;27,959999084472656;27,959999084472656;9900
2026-09-10;13:55:00;-03:00;27,969999313354492;27,969999313354492;27,959999084472656;27,969999313354492;3900
2026-09-10;14:00:00;-03:00;27,969999313354492;27,969999313354492;27,93000030517578;27,950000762939453;15600
2026-09-10;14:05:00;-03:00;27,950000762939453;27,959999084472656;27,950000762939453;27,950000762939453;12400
2026-09-10;14:10:00;-03:00;27,950000762939453;27,959999084472656;27,940000534057617;27,950000762939453;4900
2026-09-10;14:15:00;-03:00;27,950000762939453;27,979999542236328;27,940000534057617;27,979999542236328;11700
2026-09-10;14:20:00;-03:00;27,989999771118164;28,0;27,969999313354492;27,989999771118164;10100
2026-09-10;14:25:00;-03:00;27,989999771118164;28,0;27,979999542236328;27,979999542236328;13000
2026-09-10;14:30:00;-03:00;27,989999771118164;28,0;27,959999084472656;28,0;16900
2026-09-10;14:35:00;-03:00;27,989999771118164;28,0;27,8799991607666;27,8799991607666;26300
2026-09-10;14:40:00;-03:00;27,889999389648438;27,889999389648438;27,850000381469727;27,8700008392334;18100
2026-09-10;14:45:00;-03:00;27,860000610351562;27,8700008392334;27,81999969482422;27,81999969482422;8200
2026-09-10;14:50:00;-03:00;27,84000015258789;27,850000381469727;27,81999969482422;27,81999969482422;7200
2026-09-10;14:55:00;-03:00;27,829999923706055;27,889999389648438;27,81999969482422;27,889999389648438;31800
2026-09-10;15:00:00;-03:00;27,8799991607666;27,920000076293945;27,8700008392334;27,920000076293945;44600
2026-09-10;15:05:00;-03:00;27,920000076293945;27,969999313354492;27,899999618530273;27,950000762939453;107600
2026-09-10;15:10:00;-03:00;27,950000762939453;27,959999084472656;27,90999984741211;27,940000534057617;65700
2026-09-10;15:15:00;-03:00;27,93000030517578;27,959999084472656;27,920000076293945;27,950000762939453;30000
2026-09-10;15:20:00;-03:00;27,950000762939453;28,0;27,940000534057617;28,0;169300
2026-09-10;15:25:00;-03:00;27,989999771118164;28,030000686645508;27,979999542236328;28,020000457763672;54800
2026-09-10;15:30:00;-03:00;28,010000228881836;28,049999237060547;28,010000228881836;28,040000915527344;37000
2026-09-10;15:35:00;-03:00;28,049999237060547;28,059999465942383;28,030000686645508;28,049999237060547;20400
2026-09-10;15:40:00;-03:00;28,049999237060547;28,079999923706055;28,040000915527344;28,059999465942383;33500
2026-09-10;15:45:00;-03:00;28,049999237060547;28,059999465942383;28,049999237060547;28,059999465942383;45600
2026-09-10;15:50:00;-03:00;28,049999237060547;28,079999923706055;28,049999237060547;28,06999969482422;28400
2026-09-10;15:55:00;-03:00;28,059999465942383;28,09000015258789;28,059999465942383;28,09000015258789;22500
2026-09-10;16:00:00;-03:00;28,079999923706055;28,100000381469727;28,06999969482422;28,09000015258789;34700
2026-09-10;16:05:00;-03:00;28,09000015258789;28,100000381469727;28,079999923706055;28,100000381469727;40000
2026-09-10;16:10:00;-03:00;28,079999923706055;28,100000381469727;28,049999237060547;28,059999465942383;38500
2026-09-10;16:15:00;-03:00;28,059999465942383;28,079999923706055;28,049999237060547;28,059999465942383;32100
2026-09-10;16:20:00;-03:00;28,06999969482422;28,079999923706055;28,049999237060547;28,049999237060547;30200
2026-09-10;16:25:00;-03:00;28,049999237060547;28,059999465942383;28,020000457763672;28,020000457763672;46100
2026-09-10;16:30:00;-03:00;28,030000686645508;28,09000015258789;28,010000228881836;28,06999969482422;60900
2026-09-10;16:35:00;-03:00;28,079999923706055;28,1200008392334;28,06999969482422;28,100000381469727;47600
2026-09-10;16:40:00;-03:00;28,110000610351562;28,1200008392334;28,100000381469727;28,110000610351562;44200
2026-09-10;16:45:00;-03:00;28,110000610351562;28,110000610351562;28,09000015258789;28,100000381469727;49300
2026-09-10;16:50:00;-03:00;28,09000015258789;28,139999389648438;28,06999969482422;28,139999389648438;46900
2026-09-11;10:05:00;-03:00;28,079999923706055;28,15999984741211;28,06999969482422;28,079999923706055;0
2026-09-11;10:10:00;-03:00;28,1200008392334;28,1200008392334;28,0;28,010000228881836;6000
2026-09-11;10:15:00;-03:00;28,010000228881836;28,09000015258789;27,940000534057617;28,09000015258789;15900
2026-09-11;10:20:00;-03:00;28,059999465942383;28,15999984741211;28,059999465942383;28,149999618530273;13000
2026-09-11;10:25:00;-03:00;28,1200008392334;28,190000534057617;28,1200008392334;28,139999389648438;6900
2026-09-11;10:30:00;-03:00;28,1299991607666;28,190000534057617;28,09000015258789;28,18000030517578;34000
2026-09-11;10:35:00;-03:00;28,190000534057617;28,190000534057617;28,1200008392334;28,18000030517578;37300
2026-09-11;10:40:00;-03:00;28,18000030517578;28,229999542236328;28,1299991607666;28,1299991607666;24600
2026-09-11;10:45:00;-03:00;28,15999984741211;28,200000762939453;28,139999389648438;28,139999389648438;5100
2026-09-11;10:50:00;-03:00;28,1299991607666;28,139999389648438;28,100000381469727;28,1200008392334;4100
2026-09-11;10:55:00;-03:00;28,1200008392334;28,149999618530273;28,110000610351562;28,1299991607666;6100
2026-09-11;11:00:00;-03:00;28,100000381469727;28,100000381469727;27,979999542236328;28,020000457763672;6200
2026-09-11;11:05:00;-03:00;28,0;28,06999969482422;28,0;28,06999969482422;7400
2026-09-11;11:10:00;-03:00;28,049999237060547;28,06999969482422;28,010000228881836;28,040000915527344;3600
2026-09-11;11:15:00;-03:00;28,049999237060547;28,059999465942383;28,010000228881836;28,059999465942383;4600
2026-09-11;11:20:00;-03:00;28,049999237060547;28,079999923706055;27,979999542236328;27,989999771118164;7400
2026-09-11;11:25:00;-03:00;27,979999542236328;28,010000228881836;27,959999084472656;28,010000228881836;10000
2026-09-11;11:30:00;-03:00;28,010000228881836;28,049999237060547;27,989999771118164;28,020000457763672;7800
2026-09-11;11:35:00;-03:00;28,020000457763672;28,020000457763672;27,959999084472656;28,010000228881836;10200
2026-09-11;11:40:00;-03:00;28,0;28,030000686645508;28,0;28,010000228881836;4000
2026-09-11;11:45:00;-03:00;28,020000457763672;28,06999969482422;28,0;28,040000915527344;6600
2026-09-11;11:50:00;-03:00;28,040000915527344;28,059999465942383;28,030000686645508;28,059999465942383;13000
2026-09-11;11:55:00;-03:00;28,059999465942383;28,110000610351562;28,059999465942383;28,059999465942383;9100
2026-09-11;12:00:00;-03:00;28,06999969482422;28,079999923706055;28,020000457763672;28,06999969482422;49600
2026-09-11;12:05:00;-03:00;28,06999969482422;28,100000381469727;28,06999969482422;28,079999923706055;6000
2026-09-11;12:10:00;-03:00;28,079999923706055;28,079999923706055;28,020000457763672;28,030000686645508;7700
2026-09-11;12:15:00;-03:00;28,040000915527344;28,049999237060547;28,020000457763672;28,040000915527344;5300
2026-09-11;12:20:00;-03:00;28,040000915527344;28,040000915527344;28,010000228881836;28,010000228881836;5400
2026-09-11;12:25:00;-03:00;28,020000457763672;28,030000686645508;28,010000228881836;28,020000457763672;6200
2026-09-11;12:30:00;-03:00;28,020000457763672;28,040000915527344;28,020000457763672;28,020000457763672;4900
2026-09-11;12:35:00;-03:00;28,020000457763672;28,020000457763672;27,989999771118164;28,0;5300
2026-09-11;12:40:00;-03:00;28,0;28,010000228881836;27,989999771118164;28,0;7000
2026-09-11;12:45:00;-03:00;28,0;28,030000686645508;27,979999542236328;28,020000457763672;9400
2026-09-11;12:50:00;-03:00;28,040000915527344;28,040000915527344;27,969999313354492;27,969999313354492;7100
2026-09-11;12:55:00;-03:00;27,959999084472656;28,0;27,959999084472656;27,969999313354492;6100
2026-09-11;13:00:00;-03:00;27,989999771118164;28,030000686645508;27,979999542236328;28,010000228881836;4900
2026-09-11;13:05:00;-03:00;28,010000228881836;28,030000686645508;27,979999542236328;28,020000457763672;20400
2026-09-11;13:10:00;-03:00;28,010000228881836;28,059999465942383;28,010000228881836;28,040000915527344;8600
2026-09-11;13:15:00;-03:00;28,040000915527344;28,040000915527344;28,010000228881836;28,020000457763672;5400
2026-09-11;13:20:00;-03:00;28,010000228881836;28,030000686645508;28,0;28,010000228881836;2300
2026-09-11;13:25:00;-03:00;28,010000228881836;28,030000686645508;28,010000228881836;28,010000228881836;5000
2026-09-11;13:30:00;-03:00;28,0;28,040000915527344;28,0;28,030000686645508;4900
2026-09-11;13:35:00;-03:00;28,030000686645508;28,030000686645508;27,989999771118164;27,989999771118164;4000
2026-09-11;13:40:00;-03:00;27,989999771118164;28,0;27,969999313354492;27,989999771118164;2900
2026-09-11;13:45:00;-03:00;27,979999542236328;28,010000228881836;27,979999542236328;27,989999771118164;9000
2026-09-11;13:50:00;-03:00;27,989999771118164;28,0;27,969999313354492;27,969999313354492;8800
2026-09-11;13:55:00;-03:00;27,969999313354492;28,010000228881836;27,969999313354492;27,989999771118164;5700
2026-09-11;14:00:00;-03:00;27,989999771118164;28,0;27,969999313354492;27,989999771118164;4000
2026-09-11;14:05:00;-03:00;28,0;28,0;27,989999771118164;27,989999771118164;1200
2026-09-11;14:10:00;-03:00;27,989999771118164;28,010000228881836;27,979999542236328;27,989999771118164;4000
2026-09-11;14:15:00;-03:00;27,989999771118164;27,989999771118164;27,969999313354492;27,979999542236328;2400
2026-09-11;14:20:00;-03:00;27,979999542236328;28,0;27,979999542236328;27,989999771118164;2100
2026-09-11;14:25:00;-03:00;27,989999771118164;28,0;27,989999771118164;28,0;1000
2026-09-11;14:30:00;-03:00;27,989999771118164;27,989999771118164;27,920000076293945;27,940000534057617;9700
2026-09-11;14:35:00;-03:00;27,940000534057617;27,959999084472656;27,899999618530273;27,959999084472656;3800
2026-09-11;14:40:00;-03:00;27,940000534057617;27,940000534057617;27,889999389648438;27,920000076293945;7500
2026-09-11;14:45:00;-03:00;27,90999984741211;27,920000076293945;27,860000610351562;27,8700008392334;10300
2026-09-11;14:50:00;-03:00;27,8700008392334;27,920000076293945;27,8700008392334;27,920000076293945;4900
2026-09-11;14:55:00;-03:00;27,920000076293945;27,920000076293945;27,8700008392334;27,889999389648438;3300
2026-09-11;15:00:00;-03:00;27,8799991607666;27,90999984741211;27,8700008392334;27,90999984741211;3100
2026-09-11;15:05:00;-03:00;27,899999618530273;27,90999984741211;27,8799991607666;27,899999618530273;12100
2026-09-11;15:10:00;-03:00;27,889999389648438;27,899999618530273;27,860000610351562;27,860000610351562;8600
2026-09-11;15:15:00;-03:00;27,860000610351562;27,860000610351562;27,799999237060547;27,799999237060547;17200
2026-09-11;15:20:00;-03:00;27,799999237060547;27,809999465942383;27,709999084472656;27,75;22500
2026-09-11;15:25:00;-03:00;27,739999771118164;27,790000915527344;27,739999771118164;27,770000457763672;20900
2026-09-11;15:30:00;-03:00;27,770000457763672;27,780000686645508;27,709999084472656;27,739999771118164;18500
2026-09-11;15:35:00;-03:00;27,729999542236328;27,770000457763672;27,729999542236328;27,75;3600
2026-09-11;15:40:00;-03:00;27,75;27,760000228881836;27,739999771118164;27,760000228881836;6300
2026-09-11;15:45:00;-03:00;27,75;27,760000228881836;27,729999542236328;27,760000228881836;5200
2026-09-11;15:50:00;-03:00;27,75;27,75;27,719999313354492;27,719999313354492;6300
2026-09-11;15:55:00;-03:00;27,719999313354492;27,739999771118164;27,719999313354492;27,729999542236328;10600
2026-09-11;16:00:00;-03:00;27,729999542236328;27,760000228881836;27,719999313354492;27,760000228881836;3800
2026-09-11;16:05:00;-03:00;27,75;27,770000457763672;27,709999084472656;27,739999771118164;72300
2026-09-11;16:10:00;-03:00;27,729999542236328;27,760000228881836;27,709999084472656;27,739999771118164;30500
2026-09-11;16:15:00;-03:00;27,75;27,760000228881836;27,700000762939453;27,75;51300
2026-09-11;16:20:00;-03:00;27,75;27,75;27,729999542236328;27,739999771118164;43000
2026-09-11;16:25:00;-03:00;27,739999771118164;27,780000686645508;27,739999771118164;27,760000228881836;57400
2026-09-11;16:30:00;-03:00;27,760000228881836;27,780000686645508;27,729999542236328;27,75;61200
2026-09-11;16:35:00;-03:00;27,739999771118164;27,75;27,700000762939453;27,709999084472656;46000
2026-09-11;16:40:00;-03:00;27,700000762939453;27,719999313354492;27,690000534057617;27,700000762939453;38600
2026-09-11;16:45:00;-03:00;27,690000534057617;27,700000762939453;27,68000030517578;27,700000762939453;55500
2026-09-11;16:50:00;-03:00;27,700000762939453;27,75;27,690000534057617;27,719999313354492;127700
2026-09-14;10:10:00;-03:00;27,110000610351562;27,170000076293945;27,040000915527344;27,110000610351562;10000
2026-09-14;10:15:00;-03:00;27,1200008392334;27,219999313354492;27,059999465942383;27,15999984741211;20200
2026-09-14;10:20:00;-03:00;27,15999984741211;27,15999984741211;27,020000457763672;27,049999237060547;18100
2026-09-14;10:25:00;-03:00;27,040000915527344;27,079999923706055;26,93000030517578;26,940000534057617;32600
2026-09-14;10:30:00;-03:00;26,93000030517578;26,989999771118164;26,899999618530273;26,90999984741211;49600
2026-09-14;10:35:00;-03:00;26,90999984741211;26,979999542236328;26,809999465942383;26,829999923706055;83500
2026-09-14;10:40:00;-03:00;26,829999923706055;26,899999618530273;26,809999465942383;26,889999389648438;42100
2026-09-14;10:45:00;-03:00;26,899999618530273;26,93000030517578;26,850000381469727;26,93000030517578;95500
2026-09-14;10:50:00;-03:00;26,93000030517578;26,950000762939453;26,899999618530273;26,920000076293945;22400
2026-09-14;10:55:00;-03:00;26,93000030517578;26,959999084472656;26,90999984741211;26,940000534057617;11400
2026-09-14;11:00:00;-03:00;26,93000030517578;26,969999313354492;26,8799991607666;26,889999389648438;14700
2026-09-14;11:05:00;-03:00;26,889999389648438;27,049999237060547;26,889999389648438;27,010000228881836;54600
2026-09-14;11:10:00;-03:00;27,010000228881836;27,059999465942383;27,0;27,049999237060547;13800
2026-09-14;11:15:00;-03:00;27,030000686645508;27,079999923706055;26,979999542236328;27,049999237060547;29200
2026-09-14;11:20:00;-03:00;27,049999237060547;27,059999465942383;26,979999542236328;26,989999771118164;17400
2026-09-14;11:25:00;-03:00;27,0;27,049999237060547;26,979999542236328;27,049999237060547;15200
2026-09-14;11:30:00;-03:00;27,049999237060547;27,09000015258789;26,989999771118164;27,079999923706055;11500
2026-09-14;11:35:00;-03:00;27,09000015258789;27,229999542236328;27,09000015258789;27,18000030517578;88500
2026-09-14;11:40:00;-03:00;27,18000030517578;27,239999771118164;27,170000076293945;27,18000030517578;24900
2026-09-14;11:45:00;-03:00;27,190000534057617;27,239999771118164;27,18000030517578;27,190000534057617;16000
2026-09-14;11:50:00;-03:00;27,200000762939453;27,200000762939453;27,139999389648438;27,170000076293945;12100
2026-09-14;11:55:00;-03:00;27,15999984741211;27,190000534057617;27,139999389648438;27,170000076293945;16800
2026-09-14;12:00:00;-03:00;27,170000076293945;27,18000030517578;27,1299991607666;27,15999984741211;13700
2026-09-14;12:05:00;-03:00;27,170000076293945;27,290000915527344;27,15999984741211;27,25;35400
2026-09-14;12:10:00;-03:00;27,260000228881836;27,280000686645508;27,219999313354492;27,25;14300
2026-09-14;12:15:00;-03:00;27,25;27,260000228881836;27,219999313354492;27,239999771118164;11300
2026-09-14;12:20:00;-03:00;27,239999771118164;27,270000457763672;27,219999313354492;27,239999771118164;11100
2026-09-14;12:25:00;-03:00;27,229999542236328;27,239999771118164;27,15999984741211;27,190000534057617;17200
2026-09-14;12:30:00;-03:00;27,18000030517578;27,229999542236328;27,18000030517578;27,229999542236328;13800
2026-09-14;12:35:00;-03:00;27,209999084472656;27,25;27,200000762939453;27,209999084472656;8900
2026-09-14;12:40:00;-03:00;27,209999084472656;27,280000686645508;27,209999084472656;27,270000457763672;12800
2026-09-14;12:45:00;-03:00;27,260000228881836;27,270000457763672;27,219999313354492;27,219999313354492;8500
2026-09-14;12:50:00;-03:00;27,219999313354492;27,239999771118164;27,200000762939453;27,239999771118164;23300
2026-09-14;12:55:00;-03:00;27,219999313354492;27,260000228881836;27,209999084472656;27,229999542236328;9300
2026-09-14;13:00:00;-03:00;27,229999542236328;27,25;27,219999313354492;27,229999542236328;14100
2026-09-14;13:05:00;-03:00;27,239999771118164;27,290000915527344;27,239999771118164;27,290000915527344;20300
2026-09-14;13:10:00;-03:00;27,280000686645508;27,329999923706055;27,280000686645508;27,309999465942383;22600
2026-09-14;13:15:00;-03:00;27,309999465942383;27,360000610351562;27,309999465942383;27,329999923706055;18100
2026-09-14;13:20:00;-03:00;27,34000015258789;27,389999389648438;27,329999923706055;27,3799991607666;13300
2026-09-14;13:25:00;-03:00;27,3799991607666;27,389999389648438;27,350000381469727;27,350000381469727;30500
2026-09-14;13:30:00;-03:00;27,350000381469727;27,420000076293945;27,350000381469727;27,40999984741211;34500
2026-09-14;13:35:00;-03:00;27,399999618530273;27,440000534057617;27,3799991607666;27,440000534057617;15300
2026-09-14;13:40:00;-03:00;27,440000534057617;27,459999084472656;27,420000076293945;27,450000762939453;17300
2026-09-14;13:45:00;-03:00;27,450000762939453;27,459999084472656;27,40999984741211;27,420000076293945;20400
2026-09-14;13:50:00;-03:00;27,399999618530273;27,43000030517578;27,389999389648438;27,420000076293945;24700
2026-09-14;13:55:00;-03:00;27,420000076293945;27,420000076293945;27,389999389648438;27,389999389648438;15700
2026-09-14;14:00:00;-03:00;27,389999389648438;27,399999618530273;27,3700008392334;27,3700008392334;10500
2026-09-14;14:05:00;-03:00;27,3700008392334;27,389999389648438;27,350000381469727;27,350000381469727;13200
2026-09-14;14:10:00;-03:00;27,350000381469727;27,3700008392334;27,34000015258789;27,34000015258789;6900
2026-09-14;14:15:00;-03:00;27,34000015258789;27,350000381469727;27,31999969482422;27,31999969482422;11100
2026-09-14;14:20:00;-03:00;27,31999969482422;27,34000015258789;27,299999237060547;27,299999237060547;10600
2026-09-14;14:25:00;-03:00;27,299999237060547;27,34000015258789;27,299999237060547;27,329999923706055;19100
2026-09-14;14:30:00;-03:00;27,329999923706055;27,360000610351562;27,31999969482422;27,34000015258789;7600
2026-09-14;14:35:00;-03:00;27,34000015258789;27,389999389648438;27,329999923706055;27,3700008392334;19800
2026-09-14;14:40:00;-03:00;27,3700008392334;27,389999389648438;27,34000015258789;27,34000015258789;11000
2026-09-14;14:45:00;-03:00;27,34000015258789;27,360000610351562;27,31999969482422;27,34000015258789;10600
2026-09-14;14:50:00;-03:00;27,34000015258789;27,3799991607666;27,34000015258789;27,3700008392334;8500
2026-09-14;14:55:00;-03:00;27,3700008392334;27,3799991607666;27,34000015258789;27,34000015258789;14200
2026-09-14;15:00:00;-03:00;27,34000015258789;27,360000610351562;27,309999465942383;27,309999465942383;16900
2026-09-14;15:05:00;-03:00;27,309999465942383;27,399999618530273;27,309999465942383;27,3799991607666;24900
2026-09-14;15:10:00;-03:00;27,3700008392334;27,399999618530273;27,360000610351562;27,3799991607666;13300
2026-09-14;15:15:00;-03:00;27,3799991607666;27,40999984741211;27,3700008392334;27,3700008392334;14800
2026-09-14;15:20:00;-03:00;27,3700008392334;27,3799991607666;27,3700008392334;27,3700008392334;6900
2026-09-14;15:25:00;-03:00;27,3700008392334;27,3799991607666;27,34000015258789;27,350000381469727;29300
2026-09-14;15:30:00;-03:00;27,350000381469727;27,40999984741211;27,350000381469727;27,399999618530273;15700
2026-09-14;15:35:00;-03:00;27,389999389648438;27,40999984741211;27,3700008392334;27,3700008392334;14900
2026-09-14;15:40:00;-03:00;27,3700008392334;27,3799991607666;27,360000610351562;27,360000610351562;7200
2026-09-14;15:45:00;-03:00;27,360000610351562;27,389999389648438;27,34000015258789;27,3799991607666;23600
2026-09-14;15:50:00;-03:00;27,3700008392334;27,389999389648438;27,360000610351562;27,360000610351562;42900
2026-09-14;15:55:00;-03:00;27,360000610351562;27,3799991607666;27,350000381469727;27,3700008392334;33900
2026-09-14;16:00:00;-03:00;27,3700008392334;27,3799991607666;27,309999465942383;27,31999969482422;18300
2026-09-14;16:05:00;-03:00;27,329999923706055;27,34000015258789;27,309999465942383;27,309999465942383;26600
2026-09-14;16:10:00;-03:00;27,299999237060547;27,31999969482422;27,299999237060547;27,309999465942383;16300
2026-09-14;16:15:00;-03:00;27,309999465942383;27,31999969482422;27,290000915527344;27,299999237060547;21100
2026-09-14;16:20:00;-03:00;27,290000915527344;27,31999969482422;27,290000915527344;27,309999465942383;25100
2026-09-14;16:25:00;-03:00;27,309999465942383;27,31999969482422;27,290000915527344;27,309999465942383;22800
2026-09-14;16:30:00;-03:00;27,299999237060547;27,389999389648438;27,299999237060547;27,31999969482422;123400
2026-09-14;16:35:00;-03:00;27,329999923706055;27,360000610351562;27,31999969482422;27,329999923706055;22600
2026-09-14;16:40:00;-03:00;27,329999923706055;27,34000015258789;27,309999465942383;27,309999465942383;44900
2026-09-14;16:45:00;-03:00;27,309999465942383;27,31999969482422;27,299999237060547;27,309999465942383;22700
2026-09-14;16:50:00;-03:00;27,299999237060547;27,329999923706055;27,299999237060547;27,329999923706055;25500
2026-09-15;10:00:00;-03:00;27,299999237060547;27,3799991607666;27,239999771118164;27,329999923706055;0
2026-09-15;10:05:00;-03:00;27,31999969482422;27,31999969482422;27,25;27,31999969482422;8800
2026-09-15;10:10:00;-03:00;27,350000381469727;27,350000381469727;27,309999465942383;27,31999969482422;3100
2026-09-15;10:15:00;-03:00;27,31999969482422;27,31999969482422;27,200000762939453;27,200000762939453;27200
2026-09-15;10:20:00;-03:00;27,200000762939453;27,209999084472656;27,149999618530273;27,200000762939453;21900
2026-09-15;10:25:00;-03:00;27,18000030517578;27,209999084472656;27,170000076293945;27,200000762939453;8000
2026-09-15;10:30:00;-03:00;27,200000762939453;27,299999237060547;27,149999618530273;27,270000457763672;50800
2026-09-15;10:35:00;-03:00;27,25;27,299999237060547;27,25;27,25;11400
2026-09-15;10:40:00;-03:00;27,239999771118164;27,299999237060547;27,239999771118164;27,25;9900
2026-09-15;10:45:00;-03:00;27,280000686645508;27,280000686645508;27,18000030517578;27,229999542236328;43800
2026-09-15;10:50:00;-03:00;27,229999542236328;27,3799991607666;27,200000762939453;27,3799991607666;70100
2026-09-15;10:55:00;-03:00;27,360000610351562;27,399999618530273;27,360000610351562;27,3700008392334;15100
2026-09-15;11:00:00;-03:00;27,3700008392334;27,399999618530273;27,329999923706055;27,399999618530273;54000
2026-09-15;11:05:00;-03:00;27,389999389648438;27,40999984741211;27,360000610351562;27,389999389648438;13900
2026-09-15;11:10:00;-03:00;27,389999389648438;27,450000762939453;27,3799991607666;27,40999984741211;19600
2026-09-15;11:15:00;-03:00;27,40999984741211;27,459999084472656;27,389999389648438;27,459999084472656;16200
2026-09-15;11:20:00;-03:00;27,450000762939453;27,5;27,440000534057617;27,469999313354492;20900
2026-09-15;11:25:00;-03:00;27,479999542236328;27,5;27,3799991607666;27,3799991607666;21800
2026-09-15;11:30:00;-03:00;27,389999389648438;27,469999313354492;27,389999389648438;27,469999313354492;25700
2026-09-15;11:35:00;-03:00;27,459999084472656;27,489999771118164;27,450000762939453;27,459999084472656;16700
2026-09-15;11:40:00;-03:00;27,459999084472656;27,469999313354492;27,399999618530273;27,40999984741211;51700
2026-09-15;11:45:00;-03:00;27,399999618530273;27,40999984741211;27,3799991607666;27,3799991607666;11600
2026-09-15;11:50:00;-03:00;27,389999389648438;27,399999618530273;27,34000015258789;27,3799991607666;11900
2026-09-15;11:55:00;-03:00;27,3700008392334;27,3700008392334;27,350000381469727;27,360000610351562;10600
2026-09-15;12:00:00;-03:00;27,350000381469727;27,40999984741211;27,31999969482422;27,3799991607666;13500
2026-09-15;12:05:00;-03:00;27,3799991607666;27,40999984741211;27,3700008392334;27,399999618530273;15800
2026-09-15;12:10:00;-03:00;27,399999618530273;27,40999984741211;27,360000610351562;27,399999618530273;20600
2026-09-15;12:15:00;-03:00;27,40999984741211;27,5;27,389999389648438;27,479999542236328;30900
2026-09-15;12:20:00;-03:00;27,479999542236328;27,510000228881836;27,459999084472656;27,5;29200
2026-09-15;12:25:00;-03:00;27,5;27,520000457763672;27,440000534057617;27,459999084472656;35200
2026-09-15;12:30:00;-03:00;27,450000762939453;27,5;27,450000762939453;27,469999313354492;21700
2026-09-15;12:35:00;-03:00;27,479999542236328;27,479999542236328;27,440000534057617;27,440000534057617;15400
2026-09-15;12:40:00;-03:00;27,440000534057617;27,450000762939453;27,43000030517578;27,43000030517578;11500
2026-09-15;12:45:00;-03:00;27,440000534057617;27,440000534057617;27,389999389648438;27,399999618530273;11700
2026-09-15;12:50:00;-03:00;27,389999389648438;27,40999984741211;27,34000015258789;27,3700008392334;20000
2026-09-15;12:55:00;-03:00;27,350000381469727;27,3799991607666;27,34000015258789;27,34000015258789;25900
2026-09-15;13:00:00;-03:00;27,34000015258789;27,360000610351562;27,329999923706055;27,34000015258789;7900
2026-09-15;13:05:00;-03:00;27,329999923706055;27,350000381469727;27,299999237060547;27,31999969482422;10000
2026-09-15;13:10:00;-03:00;27,31999969482422;27,329999923706055;27,299999237060547;27,309999465942383;12100
2026-09-15;13:15:00;-03:00;27,31999969482422;27,34000015258789;27,299999237060547;27,31999969482422;8700
2026-09-15;13:20:00;-03:00;27,329999923706055;27,3700008392334;27,31999969482422;27,350000381469727;8800
2026-09-15;13:25:00;-03:00;27,350000381469727;27,360000610351562;27,34000015258789;27,350000381469727;9800
2026-09-15;13:30:00;-03:00;27,360000610351562;27,3700008392334;27,34000015258789;27,360000610351562;22700
2026-09-15;13:35:00;-03:00;27,350000381469727;27,399999618530273;27,350000381469727;27,389999389648438;24500
2026-09-15;13:40:00;-03:00;27,389999389648438;27,43000030517578;27,389999389648438;27,40999984741211;16000
2026-09-15;13:45:00;-03:00;27,420000076293945;27,450000762939453;27,40999984741211;27,43000030517578;18600
2026-09-15;13:50:00;-03:00;27,440000534057617;27,479999542236328;27,43000030517578;27,469999313354492;15700
2026-09-15;13:55:00;-03:00;27,479999542236328;27,479999542236328;27,43000030517578;27,469999313354492;44200
2026-09-15;14:00:00;-03:00;27,469999313354492;27,489999771118164;27,420000076293945;27,420000076293945;17500
2026-09-15;14:05:00;-03:00;27,420000076293945;27,43000030517578;27,3799991607666;27,3799991607666;10500
2026-09-15;14:10:00;-03:00;27,399999618530273;27,440000534057617;27,3700008392334;27,43000030517578;16300
2026-09-15;14:15:00;-03:00;27,420000076293945;27,440000534057617;27,399999618530273;27,440000534057617;10800
2026-09-15;14:20:00;-03:00;27,43000030517578;27,450000762939453;27,420000076293945;27,440000534057617;3900
2026-09-15;14:25:00;-03:00;27,43000030517578;27,43000030517578;27,399999618530273;27,40999984741211;21700
2026-09-15;14:30:00;-03:00;27,40999984741211;27,440000534057617;27,40999984741211;27,420000076293945;6900
2026-09-15;14:35:00;-03:00;27,420000076293945;27,440000534057617;27,40999984741211;27,43000030517578;13300
2026-09-15;14:40:00;-03:00;27,420000076293945;27,43000030517578;27,389999389648438;27,40999984741211;11900
2026-09-15;14:45:00;-03:00;27,399999618530273;27,420000076293945;27,3799991607666;27,420000076293945;6200
2026-09-15;14:50:00;-03:00;27,40999984741211;27,420000076293945;27,3700008392334;27,40999984741211;10900
2026-09-15;14:55:00;-03:00;27,420000076293945;27,420000076293945;27,399999618530273;27,420000076293945;10600
2026-09-15;15:00:00;-03:00;27,399999618530273;27,489999771118164;27,399999618530273;27,469999313354492;27900
2026-09-15;15:05:00;-03:00;27,469999313354492;27,479999542236328;27,43000030517578;27,450000762939453;10800
2026-09-15;15:10:00;-03:00;27,450000762939453;27,459999084472656;27,440000534057617;27,450000762939453;18500
2026-09-15;15:15:00;-03:00;27,450000762939453;27,459999084472656;27,43000030517578;27,450000762939453;14200
2026-09-15;15:20:00;-03:00;27,440000534057617;27,479999542236328;27,440000534057617;27,469999313354492;28300
2026-09-15;15:25:00;-03:00;27,469999313354492;27,479999542236328;27,450000762939453;27,459999084472656;17100
2026-09-15;15:30:00;-03:00;27,450000762939453;27,479999542236328;27,43000030517578;27,479999542236328;26900
2026-09-15;15:35:00;-03:00;27,479999542236328;27,489999771118164;27,43000030517578;27,440000534057617;17600
2026-09-15;15:40:00;-03:00;27,440000534057617;27,459999084472656;27,40999984741211;27,440000534057617;12600
2026-09-15;15:45:00;-03:00;27,43000030517578;27,450000762939453;27,420000076293945;27,440000534057617;17700
2026-09-15;15:50:00;-03:00;27,43000030517578;27,450000762939453;27,40999984741211;27,440000534057617;15200
2026-09-15;15:55:00;-03:00;27,440000534057617;27,450000762939453;27,43000030517578;27,43000030517578;10900
2026-09-15;16:00:00;-03:00;27,450000762939453;27,530000686645508;27,440000534057617;27,5;47500
2026-09-15;16:05:00;-03:00;27,5;27,520000457763672;27,489999771118164;27,520000457763672;31400
2026-09-15;16:10:00;-03:00;27,520000457763672;27,530000686645508;27,5;27,530000686645508;29600
2026-09-15;16:15:00;-03:00;27,530000686645508;27,540000915527344;27,5;27,520000457763672;37700
2026-09-15;16:20:00;-03:00;27,520000457763672;27,540000915527344;27,489999771118164;27,510000228881836;26600
2026-09-15;16:25:00;-03:00;27,489999771118164;27,510000228881836;27,459999084472656;27,479999542236328;33700
2026-09-15;16:30:00;-03:00;27,479999542236328;27,5;27,469999313354492;27,479999542236328;33300
2026-09-15;16:35:00;-03:00;27,479999542236328;27,479999542236328;27,440000534057617;27,469999313354492;32700
2026-09-15;16:40:00;-03:00;27,459999084472656;27,479999542236328;27,459999084472656;27,479999542236328;32700
2026-09-15;16:45:00;-03:00;27,469999313354492;27,479999542236328;27,389999389648438;27,399999618530273;69000
2026-09-15;16:50:00;-03:00;27,399999618530273;27,420000076293945;27,360000610351562;27,389999389648438;44500
2026-09-16;10:05:00;-03:00;27,350000381469727;27,389999389648438;27,229999542236328;27,34000015258789;7400
2026-09-16;10:10:00;-03:00;27,34000015258789;27,40999984741211;27,309999465942383;27,3799991607666;5700
2026-09-16;10:15:00;-03:00;27,3700008392334;27,389999389648438;27,329999923706055;27,3700008392334;10600
2026-09-16;10:20:00;-03:00;27,3700008392334;27,420000076293945;27,360000610351562;27,3700008392334;6700
2026-09-16;10:25:00;-03:00;27,350000381469727;27,350000381469727;27,15999984741211;27,15999984741211;17000
2026-09-16;10:30:00;-03:00;27,170000076293945;27,170000076293945;27,059999465942383;27,110000610351562;34200
2026-09-16;10:35:00;-03:00;27,110000610351562;27,18000030517578;27,100000381469727;27,149999618530273;20400
2026-09-16;10:40:00;-03:00;27,149999618530273;27,209999084472656;27,139999389648438;27,200000762939453;15700
2026-09-16;10:45:00;-03:00;27,200000762939453;27,239999771118164;27,15999984741211;27,18000030517578;15700
2026-09-16;10:50:00;-03:00;27,18000030517578;27,200000762939453;27,170000076293945;27,190000534057617;13500
2026-09-16;10:55:00;-03:00;27,200000762939453;27,200000762939453;27,1200008392334;27,139999389648438;28000
2026-09-16;11:00:00;-03:00;27,1200008392334;27,139999389648438;27,059999465942383;27,079999923706055;36300
2026-09-16;11:05:00;-03:00;27,09000015258789;27,139999389648438;27,06999969482422;27,1299991607666;30300
2026-09-16;11:10:00;-03:00;27,149999618530273;27,200000762939453;27,1299991607666;27,15999984741211;24600
2026-09-16;11:15:00;-03:00;27,18000030517578;27,18000030517578;27,1299991607666;27,1299991607666;19900
2026-09-16;11:20:00;-03:00;27,1299991607666;27,200000762939453;27,110000610351562;27,15999984741211;31300
2026-09-16;11:25:00;-03:00;27,15999984741211;27,229999542236328;27,15999984741211;27,209999084472656;27700
2026-09-16;11:30:00;-03:00;27,229999542236328;27,239999771118164;27,190000534057617;27,209999084472656;26800
2026-09-16;11:35:00;-03:00;27,219999313354492;27,25;27,209999084472656;27,219999313354492;23400
2026-09-16;11:40:00;-03:00;27,239999771118164;27,329999923706055;27,239999771118164;27,329999923706055;27800
2026-09-16;11:45:00;-03:00;27,329999923706055;27,350000381469727;27,309999465942383;27,31999969482422;25400
2026-09-16;11:50:00;-03:00;27,31999969482422;27,3700008392334;27,309999465942383;27,360000610351562;23200
2026-09-16;11:55:00;-03:00;27,360000610351562;27,399999618530273;27,31999969482422;27,3700008392334;26700
2026-09-16;12:00:00;-03:00;27,3700008392334;27,40999984741211;27,360000610351562;27,389999389648438;29100
2026-09-16;12:05:00;-03:00;27,389999389648438;27,520000457763672;27,360000610351562;27,489999771118164;42800
2026-09-16;12:10:00;-03:00;27,489999771118164;27,510000228881836;27,479999542236328;27,489999771118164;21900
2026-09-16;12:15:00;-03:00;27,489999771118164;27,5;27,399999618530273;27,399999618530273;22100
2026-09-16;12:20:00;-03:00;27,399999618530273;27,450000762939453;27,399999618530273;27,450000762939453;19600
2026-09-16;12:25:00;-03:00;27,459999084472656;27,469999313354492;27,43000030517578;27,43000030517578;15800
2026-09-16;12:30:00;-03:00;27,440000534057617;27,520000457763672;27,440000534057617;27,479999542236328;19800
2026-09-16;12:35:00;-03:00;27,489999771118164;27,540000915527344;27,469999313354492;27,469999313354492;63600
2026-09-16;12:40:00;-03:00;27,469999313354492;27,510000228881836;27,459999084472656;27,479999542236328;28100
2026-09-16;12:45:00;-03:00;27,489999771118164;27,559999465942383;27,450000762939453;27,459999084472656;34300
2026-09-16;12:50:00;-03:00;27,450000762939453;27,469999313354492;27,420000076293945;27,43000030517578;18600
2026-09-16;12:55:00;-03:00;27,43000030517578;27,459999084472656;27,420000076293945;27,459999084472656;13600
2026-09-16;13:00:00;-03:00;27,450000762939453;27,469999313354492;27,43000030517578;27,440000534057617;14600
2026-09-16;13:05:00;-03:00;27,440000534057617;27,479999542236328;27,43000030517578;27,469999313354492;13100
2026-09-16;13:10:00;-03:00;27,479999542236328;27,5;27,469999313354492;27,479999542236328;14100
2026-09-16;13:15:00;-03:00;27,489999771118164;27,5;27,479999542236328;27,489999771118164;13900
2026-09-16;13:20:00;-03:00;27,489999771118164;27,510000228881836;27,479999542236328;27,479999542236328;19300
2026-09-16;13:25:00;-03:00;27,479999542236328;27,5;27,479999542236328;27,489999771118164;11800
2026-09-16;13:30:00;-03:00;27,489999771118164;27,510000228881836;27,479999542236328;27,479999542236328;18300
2026-09-16;13:35:00;-03:00;27,479999542236328;27,510000228881836;27,479999542236328;27,510000228881836;11200
2026-09-16;13:40:00;-03:00;27,5;27,510000228881836;27,469999313354492;27,489999771118164;25500
2026-09-16;13:45:00;-03:00;27,489999771118164;27,540000915527344;27,459999084472656;27,510000228881836;18800
2026-09-16;13:50:00;-03:00;27,520000457763672;27,520000457763672;27,5;27,510000228881836;14000
2026-09-16;13:55:00;-03:00;27,510000228881836;27,530000686645508;27,5;27,530000686645508;24700
2026-09-16;14:00:00;-03:00;27,530000686645508;27,56999969482422;27,520000457763672;27,559999465942383;24500
2026-09-16;14:05:00;-03:00;27,549999237060547;27,559999465942383;27,520000457763672;27,540000915527344;18100
2026-09-16;14:10:00;-03:00;27,540000915527344;27,540000915527344;27,469999313354492;27,469999313354492;28200
2026-09-16;14:15:00;-03:00;27,469999313354492;27,5;27,469999313354492;27,489999771118164;16700
2026-09-16;14:20:00;-03:00;27,479999542236328;27,5;27,469999313354492;27,479999542236328;13500
2026-09-16;14:25:00;-03:00;27,479999542236328;27,489999771118164;27,43000030517578;27,459999084472656;67700
2026-09-16;14:30:00;-03:00;27,450000762939453;27,479999542236328;27,450000762939453;27,479999542236328;16900
2026-09-16;14:35:00;-03:00;27,469999313354492;27,5;27,459999084472656;27,469999313354492;17900
2026-09-16;14:40:00;-03:00;27,459999084472656;27,479999542236328;27,459999084472656;27,469999313354492;15300
2026-09-16;14:45:00;-03:00;27,469999313354492;27,479999542236328;27,40999984741211;27,43000030517578;80100
2026-09-16;14:50:00;-03:00;27,43000030517578;27,450000762939453;27,420000076293945;27,43000030517578;20100
2026-09-16;14:55:00;-03:00;27,43000030517578;27,469999313354492;27,43000030517578;27,450000762939453;128800
2026-09-16;15:00:00;-03:00;27,440000534057617;27,469999313354492;27,31999969482422;27,31999969482422;100400
2026-09-16;15:05:00;-03:00;27,31999969482422;27,3700008392334;27,31999969482422;27,350000381469727;26300
2026-09-16;15:10:00;-03:00;27,329999923706055;27,34000015258789;27,260000228881836;27,280000686645508;80400
2026-09-16;15:15:00;-03:00;27,280000686645508;27,290000915527344;27,25;27,270000457763672;34700
2026-09-16;15:20:00;-03:00;27,260000228881836;27,299999237060547;27,260000228881836;27,260000228881836;284400
2026-09-16;15:25:00;-03:00;27,260000228881836;27,280000686645508;27,209999084472656;27,270000457763672;65900
2026-09-16;15:30:00;-03:00;27,260000228881836;27,280000686645508;27,170000076293945;27,190000534057617;94000
2026-09-16;15:35:00;-03:00;27,190000534057617;27,229999542236328;27,170000076293945;27,229999542236328;52600
2026-09-16;15:40:00;-03:00;27,229999542236328;27,260000228881836;27,209999084472656;27,219999313354492;36900
2026-09-16;15:45:00;-03:00;27,200000762939453;27,25;27,190000534057617;27,219999313354492;48600
2026-09-16;15:50:00;-03:00;27,219999313354492;27,229999542236328;27,06999969482422;27,079999923706055;54600
2026-09-16;15:55:00;-03:00;27,079999923706055;27,110000610351562;27,06999969482422;27,079999923706055;46200
2026-09-16;16:00:00;-03:00;27,079999923706055;27,149999618530273;27,079999923706055;27,1299991607666;31100
2026-09-16;16:05:00;-03:00;27,1200008392334;27,149999618530273;27,110000610351562;27,139999389648438;41100
2026-09-16;16:10:00;-03:00;27,1299991607666;27,170000076293945;27,1200008392334;27,15999984741211;33600
2026-09-16;16:15:00;-03:00;27,149999618530273;27,200000762939453;27,149999618530273;27,18000030517578;39900
2026-09-16;16:20:00;-03:00;27,170000076293945;27,200000762939453;27,149999618530273;27,170000076293945;41100
2026-09-16;16:25:00;-03:00;27,170000076293945;27,190000534057617;27,149999618530273;27,190000534057617;46000
2026-09-16;16:30:00;-03:00;27,18000030517578;27,209999084472656;27,170000076293945;27,190000534057617;68500
2026-09-16;16:35:00;-03:00;27,190000534057617;27,200000762939453;27,1299991607666;27,1299991607666;45800
2026-09-16;16:40:00;-03:00;27,1299991607666;27,219999313354492;27,1299991607666;27,200000762939453;82200
2026-09-16;16:45:00;-03:00;27,200000762939453;27,260000228881836;27,170000076293945;27,260000228881836;84200
2026-09-16;16:50:00;-03:00;27,239999771118164;27,31999969482422;27,229999542236328;27,31999969482422;219700
2026-09-17;10:00:00;-03:00;27,420000076293945;27,510000228881836;27,420000076293945;27,469999313354492;0
2026-09-17;10:05:00;-03:00;27,420000076293945;27,420000076293945;27,350000381469727;27,360000610351562;4100
2026-09-17;10:10:00;-03:00;27,34000015258789;27,3700008392334;27,290000915527344;27,309999465942383;9200
2026-09-17;10:15:00;-03:00;27,360000610351562;27,399999618530273;27,329999923706055;27,389999389648438;4800
2026-09-17;10:20:00;-03:00;27,399999618530273;27,420000076293945;27,350000381469727;27,350000381469727;8200
2026-09-17;10:25:00;-03:00;27,389999389648438;27,399999618530273;27,34000015258789;27,399999618530273;7300
2026-09-17;10:30:00;-03:00;27,399999618530273;27,399999618530273;27,06999969482422;27,09000015258789;58900
2026-09-17;10:35:00;-03:00;27,079999923706055;27,1299991607666;27,059999465942383;27,059999465942383;28300
2026-09-17;10:40:00;-03:00;27,059999465942383;27,059999465942383;26,899999618530273;26,93000030517578;89600
2026-09-17;10:45:00;-03:00;26,940000534057617;27,110000610351562;26,920000076293945;27,079999923706055;121200
2026-09-17;10:50:00;-03:00;27,059999465942383;27,149999618530273;27,059999465942383;27,100000381469727;54500
2026-09-17;10:55:00;-03:00;27,100000381469727;27,139999389648438;27,06999969482422;27,1299991607666;24600
2026-09-17;11:00:00;-03:00;27,1299991607666;27,170000076293945;27,110000610351562;27,170000076293945;10900
2026-09-17;11:05:00;-03:00;27,170000076293945;27,25;27,15999984741211;27,25;18100
2026-09-17;11:10:00;-03:00;27,239999771118164;27,260000228881836;27,170000076293945;27,170000076293945;11200
2026-09-17;11:15:00;-03:00;27,170000076293945;27,170000076293945;27,059999465942383;27,100000381469727;60400
2026-09-17;11:20:00;-03:00;27,09000015258789;27,110000610351562;27,079999923706055;27,100000381469727;25500
2026-09-17;11:25:00;-03:00;27,100000381469727;27,149999618530273;27,100000381469727;27,139999389648438;16100
2026-09-17;11:30:00;-03:00;27,149999618530273;27,190000534057617;27,139999389648438;27,190000534057617;9300
2026-09-17;11:35:00;-03:00;27,200000762939453;27,219999313354492;27,170000076293945;27,209999084472656;10600
2026-09-17;11:40:00;-03:00;27,229999542236328;27,290000915527344;27,219999313354492;27,270000457763672;5300
2026-09-17;11:45:00;-03:00;27,270000457763672;27,290000915527344;27,229999542236328;27,270000457763672;19600
2026-09-17;11:50:00;-03:00;27,270000457763672;27,280000686645508;27,260000228881836;27,270000457763672;7200
2026-09-17;11:55:00;-03:00;27,280000686645508;27,299999237060547;27,209999084472656;27,209999084472656;9600
2026-09-17;12:00:00;-03:00;27,219999313354492;27,229999542236328;27,170000076293945;27,190000534057617;23800
2026-09-17;12:05:00;-03:00;27,18000030517578;27,260000228881836;27,170000076293945;27,25;67000
2026-09-17;12:10:00;-03:00;27,270000457763672;27,280000686645508;27,260000228881836;27,270000457763672;7100
2026-09-17;12:15:00;-03:00;27,280000686645508;27,329999923706055;27,239999771118164;27,309999465942383;14200
2026-09-17;12:20:00;-03:00;27,299999237060547;27,31999969482422;27,25;27,25;6600
2026-09-17;12:25:00;-03:00;27,270000457763672;27,360000610351562;27,270000457763672;27,34000015258789;7600
2026-09-17;12:30:00;-03:00;27,34000015258789;27,399999618530273;27,31999969482422;27,399999618530273;12800
2026-09-17;12:35:00;-03:00;27,399999618530273;27,440000534057617;27,3799991607666;27,420000076293945;11900
2026-09-17;12:40:00;-03:00;27,420000076293945;27,440000534057617;27,40999984741211;27,420000076293945;9900
2026-09-17;12:45:00;-03:00;27,420000076293945;27,420000076293945;27,360000610351562;27,3799991607666;9400
2026-09-17;12:50:00;-03:00;27,3799991607666;27,3799991607666;27,350000381469727;27,3700008392334;7400
2026-09-17;12:55:00;-03:00;27,3799991607666;27,420000076293945;27,3799991607666;27,399999618530273;6200
2026-09-17;13:00:00;-03:00;27,420000076293945;27,420000076293945;27,40999984741211;27,420000076293945;7600
2026-09-17;13:05:00;-03:00;27,420000076293945;27,43000030517578;27,399999618530273;27,40999984741211;8500
2026-09-17;13:10:00;-03:00;27,40999984741211;27,440000534057617;27,399999618530273;27,440000534057617;12900
2026-09-17;13:15:00;-03:00;27,450000762939453;27,469999313354492;27,440000534057617;27,459999084472656;10200
2026-09-17;13:20:00;-03:00;27,450000762939453;27,479999542236328;27,399999618530273;27,40999984741211;59800
2026-09-17;13:25:00;-03:00;27,40999984741211;27,43000030517578;27,389999389648438;27,420000076293945;8100
2026-09-17;13:30:00;-03:00;27,420000076293945;27,420000076293945;27,3700008392334;27,3700008392334;9200
2026-09-17;13:35:00;-03:00;27,3799991607666;27,3799991607666;27,3700008392334;27,3799991607666;9300
2026-09-17;13:40:00;-03:00;27,3799991607666;27,389999389648438;27,360000610351562;27,389999389648438;6000
2026-09-17;13:45:00;-03:00;27,3799991607666;27,399999618530273;27,3700008392334;27,3799991607666;9300
2026-09-17;13:50:00;-03:00;27,389999389648438;27,389999389648438;27,350000381469727;27,3700008392334;11500
2026-09-17;13:55:00;-03:00;27,3700008392334;27,3799991607666;27,34000015258789;27,350000381469727;12400
2026-09-17;14:00:00;-03:00;27,360000610351562;27,389999389648438;27,350000381469727;27,3799991607666;17500
2026-09-17;14:05:00;-03:00;27,389999389648438;27,420000076293945;27,3700008392334;27,3700008392334;19700
2026-09-17;14:10:00;-03:00;27,3799991607666;27,3799991607666;27,360000610351562;27,3700008392334;14900
2026-09-17;14:15:00;-03:00;27,389999389648438;27,389999389648438;27,350000381469727;27,350000381469727;11100
2026-09-17;14:20:00;-03:00;27,350000381469727;27,360000610351562;27,309999465942383;27,350000381469727;29000
2026-09-17;14:25:00;-03:00;27,350000381469727;27,360000610351562;27,329999923706055;27,350000381469727;24000
2026-09-17;14:30:00;-03:00;27,350000381469727;27,360000610351562;27,299999237060547;27,31999969482422;8900
2026-09-17;14:35:00;-03:00;27,329999923706055;27,3700008392334;27,31999969482422;27,350000381469727;25800
2026-09-17;14:40:00;-03:00;27,350000381469727;27,3700008392334;27,34000015258789;27,350000381469727;19200
2026-09-17;14:45:00;-03:00;27,34000015258789;27,3700008392334;27,34000015258789;27,3700008392334;16900
2026-09-17;14:50:00;-03:00;27,3700008392334;27,389999389648438;27,3700008392334;27,3799991607666;16500
2026-09-17;14:55:00;-03:00;27,3799991607666;27,420000076293945;27,3700008392334;27,399999618530273;27900
2026-09-17;15:00:00;-03:00;27,399999618530273;27,420000076293945;27,360000610351562;27,3700008392334;19600
2026-09-17;15:05:00;-03:00;27,3799991607666;27,3799991607666;27,350000381469727;27,350000381469727;12100
2026-09-17;15:10:00;-03:00;27,350000381469727;27,3799991607666;27,350000381469727;27,360000610351562;12800
2026-09-17;15:15:00;-03:00;27,3700008392334;27,3700008392334;27,350000381469727;27,3700008392334;15300
2026-09-17;15:20:00;-03:00;27,360000610351562;27,3799991607666;27,350000381469727;27,3700008392334;10100
2026-09-17;15:25:00;-03:00;27,3700008392334;27,3799991607666;27,350000381469727;27,3700008392334;16400
2026-09-17;15:30:00;-03:00;27,3700008392334;27,3700008392334;27,34000015258789;27,3700008392334;20500
2026-09-17;15:35:00;-03:00;27,360000610351562;27,3799991607666;27,350000381469727;27,3799991607666;18300
2026-09-17;15:40:00;-03:00;27,3700008392334;27,399999618530273;27,3700008392334;27,3799991607666;23000
2026-09-17;15:45:00;-03:00;27,3700008392334;27,389999389648438;27,270000457763672;27,290000915527344;210700
2026-09-17;15:50:00;-03:00;27,299999237060547;27,389999389648438;27,290000915527344;27,360000610351562;65700
2026-09-17;15:55:00;-03:00;27,360000610351562;27,3799991607666;27,350000381469727;27,3799991607666;33200
2026-09-17;16:00:00;-03:00;27,3799991607666;27,399999618530273;27,360000610351562;27,360000610351562;42400
2026-09-17;16:05:00;-03:00;27,3700008392334;27,399999618530273;27,360000610351562;27,389999389648438;153100
2026-09-17;16:10:00;-03:00;27,389999389648438;27,420000076293945;27,389999389648438;27,420000076293945;108400
2026-09-17;16:15:00;-03:00;27,420000076293945;27,420000076293945;27,3799991607666;27,389999389648438;39100
2026-09-17;16:20:00;-03:00;27,399999618530273;27,43000030517578;27,389999389648438;27,40999984741211;39100
2026-09-17;16:25:00;-03:00;27,420000076293945;27,43000030517578;27,40999984741211;27,43000030517578;30800
2026-09-17;16:30:00;-03:00;27,420000076293945;27,440000534057617;27,389999389648438;27,420000076293945;52600
2026-09-17;16:35:00;-03:00;27,420000076293945;27,440000534057617;27,389999389648438;27,420000076293945;41800
2026-09-17;16:40:00;-03:00;27,40999984741211;27,420000076293945;27,3700008392334;27,3799991607666;34600
2026-09-17;16:45:00;-03:00;27,3799991607666;27,389999389648438;27,350000381469727;27,360000610351562;28100
2026-09-17;16:50:00;-03:00;27,3799991607666;27,399999618530273;27,350000381469727;27,3799991607666;40100
2026-09-18;10:00:00;-03:00;27,100000381469727;27,110000610351562;27,030000686645508;27,079999923706055;0
2026-09-18;10:05:00;-03:00;27,049999237060547;27,09000015258789;27,0;27,030000686645508;16200
2026-09-18;10:10:00;-03:00;27,020000457763672;27,1299991607666;26,969999313354492;27,1299991607666;20600
2026-09-18;10:15:00;-03:00;27,1200008392334;27,15999984741211;27,110000610351562;27,139999389648438;13700
2026-09-18;10:20:00;-03:00;27,139999389648438;27,15999984741211;27,1200008392334;27,149999618530273;7900
2026-09-18;10:25:00;-03:00;27,149999618530273;27,15999984741211;27,09000015258789;27,149999618530273;11900
2026-09-18;10:30:00;-03:00;27,149999618530273;27,170000076293945;27,100000381469727;27,139999389648438;25900
2026-09-18;10:35:00;-03:00;27,139999389648438;27,149999618530273;27,079999923706055;27,100000381469727;13600
2026-09-18;10:40:00;-03:00;27,100000381469727;27,149999618530273;27,079999923706055;27,1200008392334;25500
2026-09-18;10:45:00;-03:00;27,1299991607666;27,170000076293945;27,1200008392334;27,149999618530273;7400
2026-09-18;10:50:00;-03:00;27,149999618530273;27,15999984741211;27,110000610351562;27,1200008392334;29000
2026-09-18;10:55:00;-03:00;27,1200008392334;27,149999618530273;27,110000610351562;27,110000610351562;14200
2026-09-18;11:00:00;-03:00;27,110000610351562;27,149999618530273;27,110000610351562;27,139999389648438;11500
2026-09-18;11:05:00;-03:00;27,139999389648438;27,219999313354492;27,110000610351562;27,200000762939453;15900
2026-09-18;11:10:00;-03:00;27,200000762939453;27,200000762939453;27,15999984741211;27,190000534057617;22700
2026-09-18;11:15:00;-03:00;27,209999084472656;27,229999542236328;27,15999984741211;27,15999984741211;21200
2026-09-18;11:20:00;-03:00;27,15999984741211;27,170000076293945;27,09000015258789;27,110000610351562;91400
2026-09-18;11:25:00;-03:00;27,1200008392334;27,149999618530273;27,110000610351562;27,1299991607666;16600
2026-09-18;11:30:00;-03:00;27,1299991607666;27,139999389648438;27,079999923706055;27,100000381469727;13600
2026-09-18;11:35:00;-03:00;27,100000381469727;27,1299991607666;27,09000015258789;27,1299991607666;15900
2026-09-18;11:40:00;-03:00;27,1299991607666;27,139999389648438;27,100000381469727;27,1200008392334;14200
2026-09-18;11:45:00;-03:00;27,1200008392334;27,209999084472656;27,110000610351562;27,209999084472656;16700
2026-09-18;11:50:00;-03:00;27,209999084472656;27,209999084472656;27,139999389648438;27,170000076293945;12500
2026-09-18;11:55:00;-03:00;27,170000076293945;27,209999084472656;27,149999618530273;27,209999084472656;14400
2026-09-18;12:00:00;-03:00;27,209999084472656;27,25;27,18000030517578;27,25;18700
2026-09-18;12:05:00;-03:00;27,239999771118164;27,239999771118164;27,18000030517578;27,18000030517578;12200
2026-09-18;12:10:00;-03:00;27,200000762939453;27,280000686645508;27,190000534057617;27,280000686645508;14500
2026-09-18;12:15:00;-03:00;27,270000457763672;27,290000915527344;27,209999084472656;27,219999313354492;15000
2026-09-18;12:20:00;-03:00;27,219999313354492;27,229999542236328;27,200000762939453;27,200000762939453;9600
2026-09-18;12:25:00;-03:00;27,209999084472656;27,229999542236328;27,1299991607666;27,149999618530273;123400
2026-09-18;12:30:00;-03:00;27,139999389648438;27,149999618530273;27,100000381469727;27,100000381469727;34000
2026-09-18;12:35:00;-03:00;27,1200008392334;27,149999618530273;27,110000610351562;27,149999618530273;7100
2026-09-18;12:40:00;-03:00;27,149999618530273;27,18000030517578;27,1200008392334;27,149999618530273;33700
2026-09-18;12:45:00;-03:00;27,139999389648438;27,15999984741211;27,139999389648438;27,149999618530273;7000
2026-09-18;12:50:00;-03:00;27,149999618530273;27,170000076293945;27,1299991607666;27,1299991607666;13700
2026-09-18;12:55:00;-03:00;27,149999618530273;27,15999984741211;27,1299991607666;27,1299991607666;8400
2026-09-18;13:00:00;-03:00;27,139999389648438;27,149999618530273;27,079999923706055;27,1299991607666;50200
2026-09-18;13:05:00;-03:00;27,139999389648438;27,15999984741211;27,079999923706055;27,15999984741211;53800
2026-09-18;13:10:00;-03:00;27,149999618530273;27,170000076293945;27,1299991607666;27,170000076293945;11000
2026-09-18;13:15:00;-03:00;27,170000076293945;27,190000534057617;27,149999618530273;27,15999984741211;20200
2026-09-18;13:20:00;-03:00;27,15999984741211;27,18000030517578;27,149999618530273;27,170000076293945;16100
2026-09-18;13:25:00;-03:00;27,190000534057617;27,219999313354492;27,15999984741211;27,209999084472656;12800
2026-09-18;13:30:00;-03:00;27,200000762939453;27,239999771118164;27,18000030517578;27,229999542236328;10100
2026-09-18;13:35:00;-03:00;27,219999313354492;27,219999313354492;27,15999984741211;27,15999984741211;19600
2026-09-18;13:40:00;-03:00;27,170000076293945;27,18000030517578;27,15999984741211;27,18000030517578;4500
2026-09-18;13:45:00;-03:00;27,18000030517578;27,18000030517578;27,139999389648438;27,15999984741211;13700
2026-09-18;13:50:00;-03:00;27,170000076293945;27,190000534057617;27,15999984741211;27,190000534057617;9300
2026-09-18;13:55:00;-03:00;27,190000534057617;27,200000762939453;27,170000076293945;27,18000030517578;12200
2026-09-18;14:00:00;-03:00;27,190000534057617;27,219999313354492;27,170000076293945;27,190000534057617;10900
2026-09-18;14:05:00;-03:00;27,190000534057617;27,200000762939453;27,18000030517578;27,18000030517578;10900
2026-09-18;14:10:00;-03:00;27,190000534057617;27,209999084472656;27,18000030517578;27,200000762939453;8500
2026-09-18;14:15:00;-03:00;27,209999084472656;27,209999084472656;27,18000030517578;27,200000762939453;6900
2026-09-18;14:20:00;-03:00;27,200000762939453;27,209999084472656;27,190000534057617;27,200000762939453;7900
2026-09-18;14:25:00;-03:00;27,209999084472656;27,25;27,190000534057617;27,209999084472656;20400
2026-09-18;14:30:00;-03:00;27,229999542236328;27,229999542236328;27,1200008392334;27,18000030517578;43600
2026-09-18;14:35:00;-03:00;27,190000534057617;27,200000762939453;27,18000030517578;27,190000534057617;5600
2026-09-18;14:40:00;-03:00;27,200000762939453;27,209999084472656;27,190000534057617;27,209999084472656;11300
2026-09-18;14:45:00;-03:00;27,209999084472656;27,239999771118164;27,190000534057617;27,239999771118164;9200
2026-09-18;14:50:00;-03:00;27,239999771118164;27,260000228881836;27,229999542236328;27,239999771118164;11700
2026-09-18;14:55:00;-03:00;27,239999771118164;27,239999771118164;27,209999084472656;27,219999313354492;19200
2026-09-18;15:00:00;-03:00;27,219999313354492;27,219999313354492;27,18000030517578;27,200000762939453;16100
2026-09-18;15:05:00;-03:00;27,200000762939453;27,219999313354492;27,190000534057617;27,200000762939453;10300
2026-09-18;15:10:00;-03:00;27,200000762939453;27,25;27,190000534057617;27,239999771118164;11300
2026-09-18;15:15:00;-03:00;27,239999771118164;27,25;27,219999313354492;27,239999771118164;19900
2026-09-18;15:20:00;-03:00;27,25;27,260000228881836;27,229999542236328;27,239999771118164;21700
2026-09-18;15:25:00;-03:00;27,25;27,260000228881836;27,219999313354492;27,260000228881836;20100
2026-09-18;15:30:00;-03:00;27,25;27,260000228881836;27,229999542236328;27,25;12900
2026-09-18;15:35:00;-03:00;27,239999771118164;27,25;27,229999542236328;27,25;10000
2026-09-18;15:40:00;-03:00;27,239999771118164;27,25;27,219999313354492;27,219999313354492;21000
2026-09-18;15:45:00;-03:00;27,219999313354492;27,260000228881836;27,209999084472656;27,239999771118164;13100
2026-09-18;15:50:00;-03:00;27,260000228881836;27,260000228881836;27,229999542236328;27,239999771118164;9800
2026-09-18;15:55:00;-03:00;27,239999771118164;27,260000228881836;27,229999542236328;27,25;10900
2026-09-18;16:00:00;-03:00;27,25;27,25;27,229999542236328;27,239999771118164;9600
2026-09-18;16:05:00;-03:00;27,229999542236328;27,25;27,229999542236328;27,239999771118164;8000
2026-09-18;16:10:00;-03:00;27,229999542236328;27,280000686645508;27,219999313354492;27,280000686645508;14000
2026-09-18;16:15:00;-03:00;27,280000686645508;27,280000686645508;27,239999771118164;27,260000228881836;11700
2026-09-18;16:20:00;-03:00;27,270000457763672;27,280000686645508;27,25;27,260000228881836;12600
2026-09-18;16:25:00;-03:00;27,270000457763672;27,280000686645508;27,260000228881836;27,280000686645508;6500
2026-09-18;16:30:00;-03:00;27,270000457763672;27,290000915527344;27,260000228881836;27,260000228881836;27100
2026-09-18;16:35:00;-03:00;27,280000686645508;27,290000915527344;27,260000228881836;27,280000686645508;13400
2026-09-18;16:40:00;-03:00;27,280000686645508;27,299999237060547;27,270000457763672;27,280000686645508;13400
2026-09-18;16:45:00;-03:00;27,290000915527344;27,299999237060547;27,229999542236328;27,239999771118164;39600
2026-09-21;10:00:00;-03:00;27,65999984741211;27,65999984741211;27,299999237060547;27,520000457763672;16200
2026-09-21;10:05:00;-03:00;27,530000686645508;27,549999237060547;27,5;27,520000457763672;7200
2026-09-21;10:10:00;-03:00;27,530000686645508;27,579999923706055;27,510000228881836;27,510000228881836;16000
2026-09-21;10:15:00;-03:00;27,510000228881836;27,579999923706055;27,479999542236328;27,530000686645508;7500
2026-09-21;10:20:00;-03:00;27,530000686645508;27,579999923706055;27,530000686645508;27,579999923706055;9600
2026-09-21;10:25:00;-03:00;27,579999923706055;27,59000015258789;27,530000686645508;27,549999237060547;17100
2026-09-21;10:30:00;-03:00;27,549999237060547;27,6200008392334;27,530000686645508;27,579999923706055;14400
2026-09-21;10:35:00;-03:00;27,579999923706055;27,639999389648438;27,549999237060547;27,6299991607666;18700
2026-09-21;10:40:00;-03:00;27,6200008392334;27,719999313354492;27,610000610351562;27,639999389648438;27000
2026-09-21;10:45:00;-03:00;27,6299991607666;27,6299991607666;27,56999969482422;27,56999969482422;7000
2026-09-21;10:50:00;-03:00;27,549999237060547;27,559999465942383;27,469999313354492;27,489999771118164;8400
2026-09-21;10:55:00;-03:00;27,489999771118164;27,530000686645508;27,489999771118164;27,510000228881836;11300
2026-09-21;11:00:00;-03:00;27,530000686645508;27,530000686645508;27,43000030517578;27,43000030517578;9500
2026-09-21;11:05:00;-03:00;27,440000534057617;27,5;27,440000534057617;27,489999771118164;8200
2026-09-21;11:10:00;-03:00;27,489999771118164;27,530000686645508;27,489999771118164;27,530000686645508;7000
2026-09-21;11:15:00;-03:00;27,530000686645508;27,530000686645508;27,479999542236328;27,479999542236328;6300
2026-09-21;11:20:00;-03:00;27,489999771118164;27,5;27,450000762939453;27,450000762939453;5800
2026-09-21;11:25:00;-03:00;27,450000762939453;27,479999542236328;27,440000534057617;27,469999313354492;9800
2026-09-21;11:30:00;-03:00;27,479999542236328;27,479999542236328;27,450000762939453;27,459999084472656;8400
2026-09-21;11:35:00;-03:00;27,459999084472656;27,459999084472656;27,40999984741211;27,440000534057617;26000
2026-09-21;11:40:00;-03:00;27,450000762939453;27,5;27,440000534057617;27,469999313354492;15600
2026-09-21;11:45:00;-03:00;27,459999084472656;27,5;27,459999084472656;27,469999313354492;6900
2026-09-21;11:50:00;-03:00;27,450000762939453;27,479999542236328;27,440000534057617;27,469999313354492;8800
2026-09-21;11:55:00;-03:00;27,469999313354492;27,489999771118164;27,450000762939453;27,450000762939453;6200
2026-09-21;12:00:00;-03:00;27,450000762939453;27,510000228881836;27,440000534057617;27,5;36600
2026-09-21;12:05:00;-03:00;27,489999771118164;27,510000228881836;27,469999313354492;27,469999313354492;10100
2026-09-21;12:10:00;-03:00;27,469999313354492;27,489999771118164;27,459999084472656;27,479999542236328;7600
2026-09-21;12:15:00;-03:00;27,479999542236328;27,510000228881836;27,459999084472656;27,5;11100
2026-09-21;12:20:00;-03:00;27,489999771118164;27,520000457763672;27,489999771118164;27,5;6900
2026-09-21;12:25:00;-03:00;27,489999771118164;27,5;27,459999084472656;27,489999771118164;7300
2026-09-21;12:30:00;-03:00;27,479999542236328;27,489999771118164;27,469999313354492;27,489999771118164;5100
2026-09-21;12:35:00;-03:00;27,479999542236328;27,489999771118164;27,459999084472656;27,479999542236328;13500
2026-09-21;12:40:00;-03:00;27,479999542236328;27,489999771118164;27,440000534057617;27,459999084472656;6900
2026-09-21;12:45:00;-03:00;27,450000762939453;27,5;27,440000534057617;27,489999771118164;8400
2026-09-21;12:50:00;-03:00;27,489999771118164;27,520000457763672;27,479999542236328;27,489999771118164;5900
2026-09-21;12:55:00;-03:00;27,489999771118164;27,510000228881836;27,450000762939453;27,459999084472656;41300
2026-09-21;13:00:00;-03:00;27,469999313354492;27,479999542236328;27,450000762939453;27,459999084472656;14000
2026-09-21;13:05:00;-03:00;27,459999084472656;27,489999771118164;27,450000762939453;27,479999542236328;10400
2026-09-21;13:10:00;-03:00;27,479999542236328;27,510000228881836;27,479999542236328;27,510000228881836;12300
2026-09-21;13:15:00;-03:00;27,510000228881836;27,520000457763672;27,489999771118164;27,510000228881836;9400
2026-09-21;13:20:00;-03:00;27,510000228881836;27,520000457763672;27,469999313354492;27,469999313354492;11700
2026-09-21;13:25:00;-03:00;27,469999313354492;27,469999313354492;27,43000030517578;27,440000534057617;3000
2026-09-21;13:30:00;-03:00;27,43000030517578;27,469999313354492;27,43000030517578;27,459999084472656;8200
2026-09-21;13:35:00;-03:00;27,450000762939453;27,459999084472656;27,440000534057617;27,450000762939453;3900
2026-09-21;13:40:00;-03:00;27,450000762939453;27,450000762939453;27,43000030517578;27,440000534057617;3600
2026-09-21;13:45:00;-03:00;27,440000534057617;27,450000762939453;27,420000076293945;27,450000762939453;11100
2026-09-21;13:50:00;-03:00;27,459999084472656;27,469999313354492;27,450000762939453;27,459999084472656;4900
2026-09-21;13:55:00;-03:00;27,450000762939453;27,5;27,450000762939453;27,5;11000
2026-09-21;14:00:00;-03:00;27,5;27,510000228881836;27,489999771118164;27,5;6500
2026-09-21;14:05:00;-03:00;27,489999771118164;27,530000686645508;27,489999771118164;27,520000457763672;10700
2026-09-21;14:10:00;-03:00;27,520000457763672;27,559999465942383;27,520000457763672;27,559999465942383;22700
2026-09-21;14:15:00;-03:00;27,559999465942383;27,56999969482422;27,540000915527344;27,559999465942383;15800
2026-09-21;14:20:00;-03:00;27,549999237060547;27,579999923706055;27,540000915527344;27,549999237060547;11500
2026-09-21;14:25:00;-03:00;27,549999237060547;27,559999465942383;27,510000228881836;27,520000457763672;14000
2026-09-21;14:30:00;-03:00;27,520000457763672;27,520000457763672;27,489999771118164;27,489999771118164;14300
2026-09-21;14:35:00;-03:00;27,489999771118164;27,5;27,440000534057617;27,450000762939453;6700
2026-09-21;14:40:00;-03:00;27,450000762939453;27,450000762939453;27,3700008392334;27,3799991607666;51100
2026-09-21;14:45:00;-03:00;27,3700008392334;27,399999618530273;27,3700008392334;27,389999389648438;13100
2026-09-21;14:50:00;-03:00;27,389999389648438;27,389999389648438;27,360000610351562;27,3700008392334;7000
2026-09-21;14:55:00;-03:00;27,3700008392334;27,3799991607666;27,34000015258789;27,34000015258789;24100
2026-09-21;15:00:00;-03:00;27,34000015258789;27,360000610351562;27,34000015258789;27,360000610351562;10600
2026-09-21;15:05:00;-03:00;27,350000381469727;27,360000610351562;27,34000015258789;27,360000610351562;9300
2026-09-21;15:10:00;-03:00;27,360000610351562;27,43000030517578;27,360000610351562;27,40999984741211;32400
2026-09-21;15:15:00;-03:00;27,399999618530273;27,399999618530273;27,389999389648438;27,399999618530273;6800
2026-09-21;15:20:00;-03:00;27,389999389648438;27,420000076293945;27,389999389648438;27,40999984741211;11300
2026-09-21;15:25:00;-03:00;27,399999618530273;27,420000076293945;27,399999618530273;27,420000076293945;5100
2026-09-21;15:30:00;-03:00;27,420000076293945;27,420000076293945;27,389999389648438;27,399999618530273;27700
2026-09-21;15:35:00;-03:00;27,389999389648438;27,420000076293945;27,389999389648438;27,40999984741211;11100
2026-09-21;15:40:00;-03:00;27,40999984741211;27,440000534057617;27,399999618530273;27,43000030517578;16600
2026-09-21;15:45:00;-03:00;27,43000030517578;27,440000534057617;27,420000076293945;27,440000534057617;12200
2026-09-21;15:50:00;-03:00;27,440000534057617;27,450000762939453;27,40999984741211;27,43000030517578;9200
2026-09-21;15:55:00;-03:00;27,420000076293945;27,440000534057617;27,40999984741211;27,43000030517578;10300
2026-09-21;16:00:00;-03:00;27,43000030517578;27,440000534057617;27,3700008392334;27,389999389648438;9700
2026-09-21;16:05:00;-03:00;27,389999389648438;27,399999618530273;27,3700008392334;27,3700008392334;27200
2026-09-21;16:10:00;-03:00;27,3700008392334;27,399999618530273;27,3700008392334;27,389999389648438;10000
2026-09-21;16:15:00;-03:00;27,3799991607666;27,40999984741211;27,3799991607666;27,399999618530273;9400
2026-09-21;16:20:00;-03:00;27,399999618530273;27,40999984741211;27,389999389648438;27,399999618530273;16000
2026-09-21;16:25:00;-03:00;27,399999618530273;27,459999084472656;27,399999618530273;27,450000762939453;18300
2026-09-21;16:30:00;-03:00;27,450000762939453;27,469999313354492;27,43000030517578;27,43000030517578;14800
2026-09-21;16:35:00;-03:00;27,440000534057617;27,459999084472656;27,43000030517578;27,440000534057617;28500
2026-09-21;16:40:00;-03:00;27,450000762939453;27,459999084472656;27,399999618530273;27,40999984741211;16600
2026-09-21;16:45:00;-03:00;27,40999984741211;27,420000076293945;27,399999618530273;27,420000076293945;16300
2026-09-21;16:50:00;-03:00;27,40999984741211;27,420000076293945;27,3700008392334;27,420000076293945;21300
2026-09-22;10:00:00;-03:00;27,260000228881836;27,260000228881836;27,1200008392334;27,219999313354492;0
2026-09-22;10:05:00;-03:00;27,200000762939453;27,350000381469727;27,170000076293945;27,350000381469727;9500
2026-09-22;10:10:00;-03:00;27,360000610351562;27,360000610351562;27,270000457763672;27,270000457763672;6500
2026-09-22;10:15:00;-03:00;27,270000457763672;27,329999923706055;27,239999771118164;27,239999771118164;8500
2026-09-22;10:20:00;-03:00;27,239999771118164;27,290000915527344;27,239999771118164;27,260000228881836;7700
2026-09-22;10:25:00;-03:00;27,229999542236328;27,25;27,200000762939453;27,229999542236328;9300
2026-09-22;10:30:00;-03:00;27,209999084472656;27,360000610351562;27,209999084472656;27,34000015258789;17600
2026-09-22;10:35:00;-03:00;27,34000015258789;27,350000381469727;27,290000915527344;27,309999465942383;15600
2026-09-22;10:40:00;-03:00;27,309999465942383;27,31999969482422;27,270000457763672;27,280000686645508;10600
2026-09-22;10:45:00;-03:00;27,280000686645508;27,350000381469727;27,280000686645508;27,31999969482422;6900
2026-09-22;10:50:00;-03:00;27,31999969482422;27,329999923706055;27,239999771118164;27,239999771118164;18800
2026-09-22;10:55:00;-03:00;27,229999542236328;27,25;27,149999618530273;27,190000534057617;121300
2026-09-22;11:00:00;-03:00;27,190000534057617;27,239999771118164;27,18000030517578;27,209999084472656;11400
2026-09-22;11:05:00;-03:00;27,209999084472656;27,239999771118164;27,18000030517578;27,18000030517578;19200
2026-09-22;11:10:00;-03:00;27,18000030517578;27,229999542236328;27,15999984741211;27,219999313354492;47000
2026-09-22;11:15:00;-03:00;27,200000762939453;27,229999542236328;27,18000030517578;27,219999313354492;16700
2026-09-22;11:20:00;-03:00;27,229999542236328;27,270000457763672;27,219999313354492;27,239999771118164;11100
2026-09-22;11:25:00;-03:00;27,229999542236328;27,260000228881836;27,190000534057617;27,209999084472656;11800
2026-09-22;11:30:00;-03:00;27,219999313354492;27,290000915527344;27,219999313354492;27,280000686645508;65700
2026-09-22;11:35:00;-03:00;27,280000686645508;27,299999237060547;27,200000762939453;27,299999237060547;82400
2026-09-22;11:40:00;-03:00;27,299999237060547;27,299999237060547;27,209999084472656;27,260000228881836;15200
2026-09-22;11:45:00;-03:00;27,260000228881836;27,309999465942383;27,25;27,280000686645508;24700
2026-09-22;11:50:00;-03:00;27,270000457763672;27,329999923706055;27,260000228881836;27,290000915527344;10900
2026-09-22;11:55:00;-03:00;27,309999465942383;27,31999969482422;27,270000457763672;27,270000457763672;16200
2026-09-22;12:00:00;-03:00;27,270000457763672;27,290000915527344;27,260000228881836;27,290000915527344;11200
2026-09-22;12:05:00;-03:00;27,270000457763672;27,309999465942383;27,260000228881836;27,270000457763672;8900
2026-09-22;12:10:00;-03:00;27,260000228881836;27,290000915527344;27,25;27,260000228881836;15000
2026-09-22;12:15:00;-03:00;27,260000228881836;27,309999465942383;27,260000228881836;27,309999465942383;11400
2026-09-22;12:20:00;-03:00;27,309999465942383;27,309999465942383;27,280000686645508;27,299999237060547;10400
2026-09-22;12:25:00;-03:00;27,290000915527344;27,350000381469727;27,280000686645508;27,34000015258789;18200
2026-09-22;12:30:00;-03:00;27,34000015258789;27,350000381469727;27,280000686645508;27,290000915527344;19500
2026-09-22;12:35:00;-03:00;27,290000915527344;27,299999237060547;27,270000457763672;27,280000686645508;12500
2026-09-22;12:40:00;-03:00;27,280000686645508;27,329999923706055;27,280000686645508;27,309999465942383;25200
2026-09-22;12:45:00;-03:00;27,309999465942383;27,31999969482422;27,299999237060547;27,299999237060547;12300
2026-09-22;12:50:00;-03:00;27,299999237060547;27,309999465942383;27,290000915527344;27,290000915527344;9900
2026-09-22;12:55:00;-03:00;27,290000915527344;27,31999969482422;27,290000915527344;27,309999465942383;6700
2026-09-22;13:00:00;-03:00;27,31999969482422;27,34000015258789;27,309999465942383;27,309999465942383;9900
2026-09-22;13:05:00;-03:00;27,309999465942383;27,329999923706055;27,299999237060547;27,31999969482422;15300
2026-09-22;13:10:00;-03:00;27,309999465942383;27,329999923706055;27,299999237060547;27,309999465942383;8100
2026-09-22;13:15:00;-03:00;27,309999465942383;27,34000015258789;27,299999237060547;27,34000015258789;8200
2026-09-22;13:20:00;-03:00;27,34000015258789;27,34000015258789;27,31999969482422;27,31999969482422;7400
2026-09-22;13:25:00;-03:00;27,329999923706055;27,329999923706055;27,309999465942383;27,31999969482422;8300
2026-09-22;13:30:00;-03:00;27,309999465942383;27,3799991607666;27,309999465942383;27,360000610351562;28200
2026-09-22;13:35:00;-03:00;27,350000381469727;27,360000610351562;27,299999237060547;27,329999923706055;27200
2026-09-22;13:40:00;-03:00;27,34000015258789;27,34000015258789;27,309999465942383;27,309999465942383;10100
2026-09-22;13:45:00;-03:00;27,309999465942383;27,31999969482422;27,280000686645508;27,299999237060547;25800
2026-09-22;13:50:00;-03:00;27,299999237060547;27,329999923706055;27,290000915527344;27,299999237060547;10300
2026-09-22;13:55:00;-03:00;27,299999237060547;27,309999465942383;27,280000686645508;27,280000686645508;9700
2026-09-22;14:00:00;-03:00;27,280000686645508;27,299999237060547;27,280000686645508;27,280000686645508;8000
2026-09-22;14:05:00;-03:00;27,280000686645508;27,299999237060547;27,260000228881836;27,280000686645508;13100
2026-09-22;14:10:00;-03:00;27,270000457763672;27,280000686645508;27,260000228881836;27,270000457763672;9600
2026-09-22;14:15:00;-03:00;27,270000457763672;27,280000686645508;27,239999771118164;27,239999771118164;10300
2026-09-22;14:20:00;-03:00;27,229999542236328;27,25;27,219999313354492;27,239999771118164;10700
2026-09-22;14:25:00;-03:00;27,229999542236328;27,260000228881836;27,219999313354492;27,239999771118164;10000
2026-09-22;14:30:00;-03:00;27,239999771118164;27,260000228881836;27,229999542236328;27,229999542236328;5700
2026-09-22;14:35:00;-03:00;27,239999771118164;27,260000228881836;27,229999542236328;27,229999542236328;9600
2026-09-22;14:40:00;-03:00;27,229999542236328;27,270000457763672;27,229999542236328;27,260000228881836;12300
2026-09-22;14:45:00;-03:00;27,25;27,280000686645508;27,25;27,270000457763672;9700
2026-09-22;14:50:00;-03:00;27,280000686645508;27,3799991607666;27,270000457763672;27,329999923706055;41900
2026-09-22;14:55:00;-03:00;27,329999923706055;27,40999984741211;27,309999465942383;27,399999618530273;89500
2026-09-22;15:00:00;-03:00;27,399999618530273;27,399999618530273;27,34000015258789;27,3700008392334;27400
2026-09-22;15:05:00;-03:00;27,3799991607666;27,440000534057617;27,3700008392334;27,40999984741211;41700
2026-09-22;15:10:00;-03:00;27,40999984741211;27,459999084472656;27,40999984741211;27,450000762939453;32500
2026-09-22;15:15:00;-03:00;27,450000762939453;27,459999084472656;27,40999984741211;27,450000762939453;22900
2026-09-22;15:20:00;-03:00;27,440000534057617;27,450000762939453;27,420000076293945;27,43000030517578;24200
2026-09-22;15:25:00;-03:00;27,440000534057617;27,450000762939453;27,43000030517578;27,43000030517578;14300
2026-09-22;15:30:00;-03:00;27,440000534057617;27,450000762939453;27,399999618530273;27,420000076293945;30200
2026-09-22;15:35:00;-03:00;27,40999984741211;27,440000534057617;27,399999618530273;27,420000076293945;19800
2026-09-22;15:40:00;-03:00;27,43000030517578;27,440000534057617;27,389999389648438;27,40999984741211;42600
2026-09-22;15:45:00;-03:00;27,40999984741211;27,440000534057617;27,399999618530273;27,420000076293945;34700
2026-09-22;15:50:00;-03:00;27,43000030517578;27,479999542236328;27,420000076293945;27,459999084472656;20600
2026-09-22;15:55:00;-03:00;27,469999313354492;27,479999542236328;27,450000762939453;27,459999084472656;31000
2026-09-22;16:00:00;-03:00;27,459999084472656;27,479999542236328;27,450000762939453;27,469999313354492;23500
2026-09-22;16:05:00;-03:00;27,469999313354492;27,479999542236328;27,450000762939453;27,459999084472656;27500
2026-09-22;16:10:00;-03:00;27,469999313354492;27,479999542236328;27,440000534057617;27,459999084472656;39400
2026-09-22;16:15:00;-03:00;27,450000762939453;27,5;27,450000762939453;27,5;38700
2026-09-22;16:20:00;-03:00;27,5;27,5;27,459999084472656;27,479999542236328;21400
2026-09-22;16:25:00;-03:00;27,479999542236328;27,5;27,459999084472656;27,489999771118164;28100
2026-09-22;16:30:00;-03:00;27,489999771118164;27,510000228881836;27,479999542236328;27,5;47000
2026-09-22;16:35:00;-03:00;27,510000228881836;27,520000457763672;27,5;27,510000228881836;25900
2026-09-22;16:40:00;-03:00;27,510000228881836;27,530000686645508;27,5;27,530000686645508;50300
2026-09-22;16:45:00;-03:00;27,520000457763672;27,549999237060547;27,510000228881836;27,549999237060547;49600
2026-09-22;16:50:00;-03:00;27,549999237060547;27,549999237060547;27,5;27,540000915527344;56400
2026-09-23;10:00:00;-03:00;27,209999084472656;27,280000686645508;27,079999923706055;27,09000015258789;0
2026-09-23;10:05:00;-03:00;27,100000381469727;27,200000762939453;27,09000015258789;27,09000015258789;24000
2026-09-23;10:10:00;-03:00;27,110000610351562;27,15999984741211;27,040000915527344;27,049999237060547;11400
2026-09-23;10:15:00;-03:00;27,040000915527344;27,190000534057617;27,020000457763672;27,190000534057617;9000
2026-09-23;10:20:00;-03:00;27,170000076293945;27,219999313354492;27,15999984741211;27,200000762939453;13400
2026-09-23;10:25:00;-03:00;27,209999084472656;27,399999618530273;27,209999084472656;27,389999389648438;26000
2026-09-23;10:30:00;-03:00;27,399999618530273;27,440000534057617;27,25;27,270000457763672;21400
2026-09-23;10:35:00;-03:00;27,270000457763672;27,34000015258789;27,239999771118164;27,34000015258789;13400
2026-09-23;10:40:00;-03:00;27,329999923706055;27,329999923706055;27,219999313354492;27,219999313354492;10700
2026-09-23;10:45:00;-03:00;27,209999084472656;27,239999771118164;27,170000076293945;27,200000762939453;14800
2026-09-23;10:50:00;-03:00;27,200000762939453;27,239999771118164;27,190000534057617;27,239999771118164;12600
2026-09-23;10:55:00;-03:00;27,239999771118164;27,25;27,18000030517578;27,190000534057617;22200
2026-09-23;11:00:00;-03:00;27,190000534057617;27,219999313354492;27,18000030517578;27,209999084472656;10100
2026-09-23;11:05:00;-03:00;27,209999084472656;27,260000228881836;27,200000762939453;27,200000762939453;9700
2026-09-23;11:10:00;-03:00;27,190000534057617;27,209999084472656;27,139999389648438;27,149999618530273;26200
2026-09-23;11:15:00;-03:00;27,139999389648438;27,209999084472656;27,110000610351562;27,1200008392334;34600
2026-09-23;11:20:00;-03:00;27,1200008392334;27,15999984741211;27,09000015258789;27,149999618530273;44600
2026-09-23;11:25:00;-03:00;27,15999984741211;27,170000076293945;27,1200008392334;27,1299991607666;6600
2026-09-23;11:30:00;-03:00;27,1299991607666;27,18000030517578;27,1299991607666;27,15999984741211;17800
2026-09-23;11:35:00;-03:00;27,170000076293945;27,170000076293945;27,079999923706055;27,079999923706055;37200
2026-09-23;11:40:00;-03:00;27,100000381469727;27,1200008392334;27,09000015258789;27,1200008392334;23800
2026-09-23;11:45:00;-03:00;27,1200008392334;27,1299991607666;27,059999465942383;27,079999923706055;33300
2026-09-23;11:50:00;-03:00;27,09000015258789;27,1200008392334;27,06999969482422;27,079999923706055;25800
2026-09-23;11:55:00;-03:00;27,09000015258789;27,1299991607666;27,079999923706055;27,1200008392334;25800
2026-09-23;12:00:00;-03:00;27,1200008392334;27,15999984741211;27,1200008392334;27,1200008392334;19900
2026-09-23;12:05:00;-03:00;27,1299991607666;27,139999389648438;27,110000610351562;27,110000610351562;11400
2026-09-23;12:10:00;-03:00;27,1200008392334;27,15999984741211;27,110000610351562;27,15999984741211;11300
2026-09-23;12:15:00;-03:00;27,15999984741211;27,18000030517578;27,1200008392334;27,139999389648438;38600
2026-09-23;12:20:00;-03:00;27,1299991607666;27,139999389648438;27,110000610351562;27,1200008392334;17800
2026-09-23;12:25:00;-03:00;27,1299991607666;27,149999618530273;27,1299991607666;27,139999389648438;8900
2026-09-23;12:30:00;-03:00;27,1299991607666;27,15999984741211;27,110000610351562;27,110000610351562;13900
2026-09-23;12:35:00;-03:00;27,1200008392334;27,149999618530273;27,110000610351562;27,139999389648438;14900
2026-09-23;12:40:00;-03:00;27,1299991607666;27,15999984741211;27,1299991607666;27,15999984741211;12300
2026-09-23;12:45:00;-03:00;27,15999984741211;27,170000076293945;27,149999618530273;27,149999618530273;4200
2026-09-23;12:50:00;-03:00;27,139999389648438;27,15999984741211;27,1200008392334;27,1299991607666;26200
2026-09-23;12:55:00;-03:00;27,1200008392334;27,1200008392334;27,079999923706055;27,100000381469727;30300
2026-09-23;13:00:00;-03:00;27,110000610351562;27,110000610351562;27,030000686645508;27,079999923706055;40500
2026-09-23;13:05:00;-03:00;27,09000015258789;27,100000381469727;27,079999923706055;27,100000381469727;11500
2026-09-23;13:10:00;-03:00;27,110000610351562;27,1200008392334;27,100000381469727;27,1200008392334;12100
2026-09-23;13:15:00;-03:00;27,1200008392334;27,15999984741211;27,100000381469727;27,15999984741211;5700
2026-09-23;13:20:00;-03:00;27,15999984741211;27,170000076293945;27,1200008392334;27,1200008392334;35600
2026-09-23;13:25:00;-03:00;27,1200008392334;27,170000076293945;27,1200008392334;27,15999984741211;12700
2026-09-23;13:30:00;-03:00;27,15999984741211;27,170000076293945;27,110000610351562;27,1200008392334;40000
2026-09-23;13:35:00;-03:00;27,1200008392334;27,139999389648438;27,1200008392334;27,1200008392334;8000
2026-09-23;13:40:00;-03:00;27,1200008392334;27,1299991607666;27,100000381469727;27,100000381469727;6700
2026-09-23;13:45:00;-03:00;27,110000610351562;27,110000610351562;27,06999969482422;27,079999923706055;17400
2026-09-23;13:50:00;-03:00;27,079999923706055;27,079999923706055;27,020000457763672;27,040000915527344;46700
2026-09-23;13:55:00;-03:00;27,030000686645508;27,079999923706055;27,020000457763672;27,06999969482422;12000
2026-09-23;14:00:00;-03:00;27,059999465942383;27,079999923706055;27,010000228881836;27,030000686645508;29000
2026-09-23;14:05:00;-03:00;27,040000915527344;27,059999465942383;27,030000686645508;27,030000686645508;22000
2026-09-23;14:10:00;-03:00;27,040000915527344;27,06999969482422;27,040000915527344;27,059999465942383;9400
2026-09-23;14:15:00;-03:00;27,059999465942383;27,06999969482422;27,040000915527344;27,049999237060547;8900
2026-09-23;14:20:00;-03:00;27,049999237060547;27,079999923706055;27,010000228881836;27,010000228881836;58600
2026-09-23;14:25:00;-03:00;27,020000457763672;27,030000686645508;26,989999771118164;27,010000228881836;64500
2026-09-23;14:30:00;-03:00;27,010000228881836;27,020000457763672;26,989999771118164;26,989999771118164;18900
2026-09-23;14:35:00;-03:00;26,989999771118164;27,0;26,959999084472656;26,969999313354492;57600
2026-09-23;14:40:00;-03:00;26,969999313354492;27,06999969482422;26,969999313354492;27,06999969482422;69700
2026-09-23;14:45:00;-03:00;27,06999969482422;27,09000015258789;27,049999237060547;27,06999969482422;24400
2026-09-23;14:50:00;-03:00;27,079999923706055;27,100000381469727;27,079999923706055;27,079999923706055;14200
2026-09-23;14:55:00;-03:00;27,06999969482422;27,100000381469727;27,06999969482422;27,09000015258789;12200
2026-09-23;15:00:00;-03:00;27,100000381469727;27,100000381469727;27,06999969482422;27,06999969482422;13800
2026-09-23;15:05:00;-03:00;27,06999969482422;27,100000381469727;27,06999969482422;27,09000015258789;11300
2026-09-23;15:10:00;-03:00;27,09000015258789;27,100000381469727;27,079999923706055;27,09000015258789;23800
2026-09-23;15:15:00;-03:00;27,09000015258789;27,09000015258789;27,079999923706055;27,079999923706055;7200
2026-09-23;15:20:00;-03:00;27,079999923706055;27,09000015258789;27,06999969482422;27,06999969482422;10700
2026-09-23;15:25:00;-03:00;27,06999969482422;27,09000015258789;27,059999465942383;27,059999465942383;13400
2026-09-23;15:30:00;-03:00;27,059999465942383;27,059999465942383;27,020000457763672;27,020000457763672;23200
2026-09-23;15:35:00;-03:00;27,020000457763672;27,059999465942383;27,010000228881836;27,040000915527344;39400
2026-09-23;15:40:00;-03:00;27,040000915527344;27,049999237060547;27,030000686645508;27,030000686645508;23600
2026-09-23;15:45:00;-03:00;27,030000686645508;27,06999969482422;27,020000457763672;27,059999465942383;15400
2026-09-23;15:50:00;-03:00;27,059999465942383;27,079999923706055;27,049999237060547;27,059999465942383;10500
2026-09-23;15:55:00;-03:00;27,049999237060547;27,06999969482422;27,040000915527344;27,049999237060547;32100
2026-09-23;16:00:00;-03:00;27,049999237060547;27,059999465942383;27,040000915527344;27,059999465942383;27200
2026-09-23;16:05:00;-03:00;27,059999465942383;27,06999969482422;27,049999237060547;27,059999465942383;16900
2026-09-23;16:10:00;-03:00;27,049999237060547;27,079999923706055;27,049999237060547;27,059999465942383;9700
2026-09-23;16:15:00;-03:00;27,059999465942383;27,059999465942383;27,030000686645508;27,040000915527344;26400
2026-09-23;16:20:00;-03:00;27,030000686645508;27,059999465942383;27,030000686645508;27,059999465942383;21300
2026-09-23;16:25:00;-03:00;27,040000915527344;27,049999237060547;27,020000457763672;27,040000915527344;24800
2026-09-23;16:30:00;-03:00;27,040000915527344;27,06999969482422;27,040000915527344;27,059999465942383;31800
2026-09-23;16:35:00;-03:00;27,059999465942383;27,079999923706055;27,040000915527344;27,049999237060547;29200
2026-09-23;16:40:00;-03:00;27,049999237060547;27,059999465942383;27,030000686645508;27,059999465942383;12100
2026-09-23;16:45:00;-03:00;27,049999237060547;27,06999969482422;27,049999237060547;27,06999969482422;25100
2026-09-23;16:50:00;-03:00;27,059999465942383;27,100000381469727;27,049999237060547;27,079999923706055;28500
2026-09-24;10:00:00;-03:00;27,09000015258789;27,15999984741211;27,06999969482422;27,15999984741211;6700
2026-09-24;10:05:00;-03:00;27,139999389648438;27,139999389648438;27,040000915527344;27,040000915527344;3400
2026-09-24;10:10:00;-03:00;27,06999969482422;27,110000610351562;27,059999465942383;27,100000381469727;3700
2026-09-24;10:15:00;-03:00;27,110000610351562;27,15999984741211;27,100000381469727;27,149999618530273;7100
2026-09-24;10:20:00;-03:00;27,139999389648438;27,170000076293945;27,100000381469727;27,100000381469727;10200
2026-09-24;10:25:00;-03:00;27,09000015258789;27,170000076293945;27,09000015258789;27,15999984741211;6500
2026-09-24;10:30:00;-03:00;27,190000534057617;27,260000228881836;27,18000030517578;27,229999542236328;34800
2026-09-24;10:35:00;-03:00;27,229999542236328;27,260000228881836;27,209999084472656;27,229999542236328;25500
2026-09-24;10:40:00;-03:00;27,200000762939453;27,219999313354492;27,149999618530273;27,18000030517578;15000
2026-09-24;10:45:00;-03:00;27,18000030517578;27,200000762939453;27,15999984741211;27,200000762939453;14300
2026-09-24;10:50:00;-03:00;27,190000534057617;27,219999313354492;27,18000030517578;27,219999313354492;13200
2026-09-24;10:55:00;-03:00;27,219999313354492;27,260000228881836;27,209999084472656;27,209999084472656;35800
2026-09-24;11:00:00;-03:00;27,200000762939453;27,209999084472656;27,170000076293945;27,170000076293945;12600
2026-09-24;11:05:00;-03:00;27,18000030517578;27,200000762939453;27,18000030517578;27,18000030517578;7500
2026-09-24;11:10:00;-03:00;27,200000762939453;27,209999084472656;27,190000534057617;27,190000534057617;13400
2026-09-24;11:15:00;-03:00;27,18000030517578;27,190000534057617;27,139999389648438;27,15999984741211;13700
2026-09-24;11:20:00;-03:00;27,15999984741211;27,200000762939453;27,149999618530273;27,200000762939453;9700
2026-09-24;11:25:00;-03:00;27,190000534057617;27,190000534057617;27,15999984741211;27,170000076293945;13400
2026-09-24;11:30:00;-03:00;27,18000030517578;27,190000534057617;27,15999984741211;27,18000030517578;5400
2026-09-24;11:35:00;-03:00;27,18000030517578;27,18000030517578;27,139999389648438;27,15999984741211;6600
2026-09-24;11:40:00;-03:00;27,15999984741211;27,15999984741211;27,110000610351562;27,1200008392334;14900
2026-09-24;11:45:00;-03:00;27,110000610351562;27,1299991607666;27,100000381469727;27,1299991607666;10600
2026-09-24;11:50:00;-03:00;27,1299991607666;27,1299991607666;27,100000381469727;27,110000610351562;7300
2026-09-24;11:55:00;-03:00;27,100000381469727;27,1200008392334;27,09000015258789;27,1200008392334;8300
2026-09-24;12:00:00;-03:00;27,1200008392334;27,139999389648438;27,030000686645508;27,040000915527344;20700
2026-09-24;12:05:00;-03:00;27,030000686645508;27,049999237060547;27,020000457763672;27,030000686645508;11500
2026-09-24;12:10:00;-03:00;27,040000915527344;27,040000915527344;26,959999084472656;26,979999542236328;29800
2026-09-24;12:15:00;-03:00;26,969999313354492;27,020000457763672;26,969999313354492;27,0;9800
2026-09-24;12:20:00;-03:00;27,010000228881836;27,030000686645508;26,989999771118164;27,030000686645508;28200
2026-09-24;12:25:00;-03:00;27,020000457763672;27,030000686645508;26,989999771118164;27,020000457763672;12500
2026-09-24;12:30:00;-03:00;27,010000228881836;27,049999237060547;27,010000228881836;27,030000686645508;19900
2026-09-24;12:35:00;-03:00;27,040000915527344;27,079999923706055;27,040000915527344;27,06999969482422;4600
2026-09-24;12:40:00;-03:00;27,06999969482422;27,06999969482422;27,030000686645508;27,030000686645508;10400
2026-09-24;12:45:00;-03:00;27,020000457763672;27,040000915527344;26,969999313354492;27,0;21400
2026-09-24;12:50:00;-03:00;26,989999771118164;27,020000457763672;26,969999313354492;27,020000457763672;19300
2026-09-24;12:55:00;-03:00;27,020000457763672;27,030000686645508;27,0;27,0;15000
2026-09-24;13:00:00;-03:00;27,010000228881836;27,010000228881836;26,959999084472656;26,959999084472656;19200
2026-09-24;13:05:00;-03:00;26,969999313354492;27,0;26,969999313354492;26,979999542236328;9200
2026-09-24;13:10:00;-03:00;26,979999542236328;27,020000457763672;26,979999542236328;27,020000457763672;7200
2026-09-24;13:15:00;-03:00;27,030000686645508;27,209999084472656;27,020000457763672;27,139999389648438;38300
2026-09-24;13:20:00;-03:00;27,1299991607666;27,149999618530273;27,110000610351562;27,139999389648438;7700
2026-09-24;13:25:00;-03:00;27,139999389648438;27,170000076293945;27,110000610351562;27,170000076293945;14700
2026-09-24;13:30:00;-03:00;27,15999984741211;27,18000030517578;27,1299991607666;27,170000076293945;15100
2026-09-24;13:35:00;-03:00;27,170000076293945;27,209999084472656;27,170000076293945;27,18000030517578;40300
2026-09-24;13:40:00;-03:00;27,18000030517578;27,219999313354492;27,18000030517578;27,18000030517578;13600
2026-09-24;13:45:00;-03:00;27,15999984741211;27,15999984741211;27,139999389648438;27,149999618530273;6700
2026-09-24;13:50:00;-03:00;27,15999984741211;27,15999984741211;27,139999389648438;27,139999389648438;3800
2026-09-24;13:55:00;-03:00;27,139999389648438;27,139999389648438;27,110000610351562;27,110000610351562;8800
2026-09-24;14:00:00;-03:00;27,110000610351562;27,15999984741211;27,110000610351562;27,139999389648438;15900
2026-09-24;14:05:00;-03:00;27,139999389648438;27,149999618530273;27,1299991607666;27,1299991607666;5400
2026-09-24;14:10:00;-03:00;27,1200008392334;27,139999389648438;27,1200008392334;27,1299991607666;5900
2026-09-24;14:15:00;-03:00;27,139999389648438;27,149999618530273;27,110000610351562;27,1299991607666;7100
2026-09-24;14:20:00;-03:00;27,110000610351562;27,110000610351562;27,06999969482422;27,06999969482422;37200
2026-09-24;14:25:00;-03:00;27,06999969482422;27,06999969482422;27,049999237060547;27,059999465942383;3200
2026-09-24;14:30:00;-03:00;27,059999465942383;27,079999923706055;27,040000915527344;27,040000915527344;94500
2026-09-24;14:35:00;-03:00;27,040000915527344;27,049999237060547;27,020000457763672;27,030000686645508;12000
2026-09-24;14:40:00;-03:00;27,030000686645508;27,040000915527344;26,940000534057617;26,959999084472656;93500
2026-09-24;14:45:00;-03:00;26,959999084472656;26,979999542236328;26,950000762939453;26,959999084472656;9800
2026-09-24;14:50:00;-03:00;26,959999084472656;26,969999313354492;26,93000030517578;26,969999313354492;15500
2026-09-24;14:55:00;-03:00;26,959999084472656;27,0;26,950000762939453;26,979999542236328;17100
2026-09-24;15:00:00;-03:00;26,979999542236328;26,979999542236328;26,90999984741211;26,93000030517578;23900
2026-09-24;15:05:00;-03:00;26,93000030517578;26,959999084472656;26,93000030517578;26,950000762939453;11900
2026-09-24;15:10:00;-03:00;26,940000534057617;26,979999542236328;26,940000534057617;26,959999084472656;13900
2026-09-24;15:15:00;-03:00;26,959999084472656;26,979999542236328;26,950000762939453;26,969999313354492;69700
2026-09-24;15:20:00;-03:00;26,969999313354492;26,969999313354492;26,950000762939453;26,959999084472656;12700
2026-09-24;15:25:00;-03:00;26,959999084472656;26,989999771118164;26,959999084472656;26,979999542236328;27100
2026-09-24;15:30:00;-03:00;26,979999542236328;26,989999771118164;26,969999313354492;26,989999771118164;10700
2026-09-24;15:35:00;-03:00;26,989999771118164;27,030000686645508;26,969999313354492;27,0;27900
2026-09-24;15:40:00;-03:00;27,0;27,0;26,959999084472656;26,969999313354492;9700
2026-09-24;15:45:00;-03:00;26,979999542236328;26,979999542236328;26,959999084472656;26,959999084472656;10700
2026-09-24;15:50:00;-03:00;26,969999313354492;26,969999313354492;26,950000762939453;26,950000762939453;14200
2026-09-24;15:55:00;-03:00;26,959999084472656;26,969999313354492;26,940000534057617;26,959999084472656;6500
2026-09-24;16:00:00;-03:00;26,950000762939453;27,010000228881836;26,950000762939453;26,959999084472656;36800
2026-09-24;16:05:00;-03:00;26,969999313354492;26,979999542236328;26,950000762939453;26,979999542236328;12500
2026-09-24;16:10:00;-03:00;26,969999313354492;26,979999542236328;26,950000762939453;26,950000762939453;10700
2026-09-24;16:15:00;-03:00;26,950000762939453;26,979999542236328;26,93000030517578;26,959999084472656;44300
2026-09-24;16:20:00;-03:00;26,969999313354492;27,020000457763672;26,959999084472656;26,969999313354492;69600
2026-09-24;16:25:00;-03:00;26,969999313354492;27,010000228881836;26,959999084472656;26,989999771118164;33200
2026-09-24;16:30:00;-03:00;26,979999542236328;27,020000457763672;26,979999542236328;26,989999771118164;36700
2026-09-24;16:35:00;-03:00;26,989999771118164;27,0;26,959999084472656;26,989999771118164;23800
2026-09-24;16:40:00;-03:00;27,0;27,0;26,950000762939453;26,969999313354492;40200
2026-09-24;16:45:00;-03:00;26,959999084472656;27,0;26,950000762939453;26,959999084472656;51300
2026-09-24;16:50:00;-03:00;26,969999313354492;27,010000228881836;26,950000762939453;27,0;33400
2026-09-25;10:00:00;-03:00;26,899999618530273;26,899999618530273;26,81999969482422;26,889999389648438;0
2026-09-25;10:05:00;-03:00;26,889999389648438;27,030000686645508;26,889999389648438;27,030000686645508;4600
2026-09-25;10:10:00;-03:00;27,059999465942383;27,059999465942383;26,969999313354492;26,969999313354492;5700
2026-09-25;10:15:00;-03:00;26,969999313354492;26,969999313354492;26,889999389648438;26,93000030517578;7500
2026-09-25;10:20:00;-03:00;26,93000030517578;26,940000534057617;26,899999618530273;26,93000030517578;6800
2026-09-25;10:25:00;-03:00;26,920000076293945;26,959999084472656;26,899999618530273;26,940000534057617;6900
2026-09-25;10:30:00;-03:00;26,959999084472656;27,010000228881836;26,920000076293945;26,989999771118164;14200
2026-09-25;10:35:00;-03:00;26,969999313354492;26,989999771118164;26,899999618530273;26,899999618530273;7600
2026-09-25;10:40:00;-03:00;26,90999984741211;26,959999084472656;26,90999984741211;26,940000534057617;6100
2026-09-25;10:45:00;-03:00;26,90999984741211;26,90999984741211;26,8700008392334;26,899999618530273;5300
2026-09-25;10:50:00;-03:00;26,899999618530273;26,950000762939453;26,889999389648438;26,940000534057617;4000
2026-09-25;10:55:00;-03:00;26,93000030517578;26,93000030517578;26,889999389648438;26,889999389648438;3800
2026-09-25;11:00:00;-03:00;26,899999618530273;26,90999984741211;26,850000381469727;26,860000610351562;10200
2026-09-25;11:05:00;-03:00;26,8700008392334;26,959999084472656;26,860000610351562;26,959999084472656;15200
2026-09-25;11:10:00;-03:00;26,969999313354492;26,989999771118164;26,889999389648438;26,90999984741211;31300
2026-09-25;11:15:00;-03:00;26,899999618530273;26,920000076293945;26,899999618530273;26,920000076293945;4400
2026-09-25;11:20:00;-03:00;26,940000534057617;26,950000762939453;26,889999389648438;26,889999389648438;23800
2026-09-25;11:25:00;-03:00;26,889999389648438;26,889999389648438;26,860000610351562;26,8700008392334;25800
2026-09-25;11:30:00;-03:00;26,850000381469727;26,8700008392334;26,829999923706055;26,84000015258789;11600
2026-09-25;11:35:00;-03:00;26,829999923706055;26,860000610351562;26,829999923706055;26,84000015258789;7600
2026-09-25;11:40:00;-03:00;26,829999923706055;26,889999389648438;26,81999969482422;26,889999389648438;15500
2026-09-25;11:45:00;-03:00;26,889999389648438;26,90999984741211;26,8799991607666;26,90999984741211;5500
2026-09-25;11:50:00;-03:00;26,889999389648438;26,889999389648438;26,8799991607666;26,889999389648438;5400
2026-09-25;11:55:00;-03:00;26,90999984741211;26,90999984741211;26,8799991607666;26,8799991607666;7400
2026-09-25;12:00:00;-03:00;26,8700008392334;26,899999618530273;26,8700008392334;26,889999389648438;6500
2026-09-25;12:05:00;-03:00;26,8799991607666;26,899999618530273;26,850000381469727;26,8700008392334;29400
2026-09-25;12:10:00;-03:00;26,860000610351562;26,920000076293945;26,860000610351562;26,889999389648438;11300
2026-09-25;12:15:00;-03:00;26,90999984741211;26,920000076293945;26,889999389648438;26,889999389648438;5300
2026-09-25;12:20:00;-03:00;26,889999389648438;26,93000030517578;26,889999389648438;26,93000030517578;9000
2026-09-25;12:25:00;-03:00;26,93000030517578;26,93000030517578;26,90999984741211;26,93000030517578;3300
2026-09-25;12:30:00;-03:00;26,93000030517578;26,93000030517578;26,90999984741211;26,90999984741211;4400
2026-09-25;12:35:00;-03:00;26,920000076293945;26,940000534057617;26,90999984741211;26,90999984741211;5500
2026-09-25;12:40:00;-03:00;26,93000030517578;26,93000030517578;26,899999618530273;26,899999618530273;3900
2026-09-25;12:45:00;-03:00;26,899999618530273;26,90999984741211;26,8799991607666;26,8799991607666;5900
2026-09-25;12:50:00;-03:00;26,8799991607666;26,920000076293945;26,8799991607666;26,899999618530273;5000
2026-09-25;12:55:00;-03:00;26,920000076293945;26,950000762939453;26,899999618530273;26,940000534057617;2600
2026-09-25;13:00:00;-03:00;26,950000762939453;27,020000457763672;26,950000762939453;27,0;19700
2026-09-25;13:05:00;-03:00;27,0;27,010000228881836;26,969999313354492;26,979999542236328;7200
2026-09-25;13:10:00;-03:00;26,969999313354492;26,989999771118164;26,950000762939453;26,959999084472656;11100
2026-09-25;13:15:00;-03:00;26,950000762939453;26,969999313354492;26,950000762939453;26,950000762939453;4000
2026-09-25;13:20:00;-03:00;26,959999084472656;26,959999084472656;26,940000534057617;26,950000762939453;3200
2026-09-25;13:25:00;-03:00;26,950000762939453;26,969999313354492;26,940000534057617;26,950000762939453;3000
2026-09-25;13:30:00;-03:00;26,959999084472656;26,969999313354492;26,90999984741211;26,90999984741211;5700
2026-09-25;13:35:00;-03:00;26,93000030517578;26,93000030517578;26,90999984741211;26,920000076293945;1400
2026-09-25;13:40:00;-03:00;26,920000076293945;26,940000534057617;26,90999984741211;26,920000076293945;3800
2026-09-25;13:45:00;-03:00;26,93000030517578;26,93000030517578;26,899999618530273;26,90999984741211;4400
2026-09-25;13:50:00;-03:00;26,90999984741211;26,920000076293945;26,90999984741211;26,90999984741211;5100
2026-09-25;13:55:00;-03:00;26,90999984741211;26,920000076293945;26,860000610351562;26,860000610351562;20900
2026-09-25;14:00:00;-03:00;26,8700008392334;26,899999618530273;26,8700008392334;26,8700008392334;8400
2026-09-25;14:05:00;-03:00;26,8700008392334;26,889999389648438;26,8700008392334;26,889999389648438;8900
2026-09-25;14:10:00;-03:00;26,889999389648438;26,920000076293945;26,8799991607666;26,8799991607666;7600
2026-09-25;14:15:00;-03:00;26,8799991607666;26,8799991607666;26,84000015258789;26,84000015258789;4800
2026-09-25;14:20:00;-03:00;26,850000381469727;26,850000381469727;26,829999923706055;26,84000015258789;4000
2026-09-25;14:25:00;-03:00;26,84000015258789;26,84000015258789;26,81999969482422;26,829999923706055;4000
2026-09-25;14:30:00;-03:00;26,84000015258789;26,850000381469727;26,829999923706055;26,829999923706055;3300
2026-09-25;14:35:00;-03:00;26,829999923706055;26,850000381469727;26,81999969482422;26,84000015258789;9100
2026-09-25;14:40:00;-03:00;26,850000381469727;26,8700008392334;26,850000381469727;26,860000610351562;4000
2026-09-25;14:45:00;-03:00;26,8700008392334;26,8700008392334;26,84000015258789;26,850000381469727;6500
2026-09-25;14:50:00;-03:00;26,84000015258789;26,850000381469727;26,829999923706055;26,84000015258789;4200
2026-09-25;14:55:00;-03:00;26,829999923706055;26,860000610351562;26,829999923706055;26,860000610351562;4500
2026-09-25;15:00:00;-03:00;26,860000610351562;26,860000610351562;26,809999465942383;26,81999969482422;26500
2026-09-25;15:05:00;-03:00;26,81999969482422;26,84000015258789;26,809999465942383;26,829999923706055;8600
2026-09-25;15:10:00;-03:00;26,829999923706055;26,8700008392334;26,81999969482422;26,84000015258789;17900
2026-09-25;15:15:00;-03:00;26,850000381469727;26,850000381469727;26,84000015258789;26,850000381469727;4700
2026-09-25;15:20:00;-03:00;26,860000610351562;26,8700008392334;26,850000381469727;26,850000381469727;7500
2026-09-25;15:25:00;-03:00;26,860000610351562;26,8700008392334;26,84000015258789;26,850000381469727;15200
2026-09-25;15:30:00;-03:00;26,850000381469727;26,860000610351562;26,850000381469727;26,860000610351562;9000
2026-09-25;15:35:00;-03:00;26,860000610351562;26,8799991607666;26,860000610351562;26,8700008392334;5600
2026-09-25;15:40:00;-03:00;26,8700008392334;26,8799991607666;26,8700008392334;26,8700008392334;4600
2026-09-25;15:45:00;-03:00;26,860000610351562;26,8700008392334;26,850000381469727;26,860000610351562;8400
2026-09-25;15:50:00;-03:00;26,850000381469727;26,8799991607666;26,850000381469727;26,8799991607666;4700
2026-09-25;15:55:00;-03:00;26,8799991607666;26,899999618530273;26,8799991607666;26,899999618530273;5600
2026-09-25;16:00:00;-03:00;26,889999389648438;26,899999618530273;26,8700008392334;26,8700008392334;12900
2026-09-25;16:05:00;-03:00;26,8700008392334;26,8700008392334;26,850000381469727;26,860000610351562;3100
2026-09-25;16:10:00;-03:00;26,860000610351562;26,860000610351562;26,850000381469727;26,860000610351562;10700
2026-09-25;16:15:00;-03:00;26,860000610351562;26,8799991607666;26,860000610351562;26,8700008392334;7700
2026-09-25;16:20:00;-03:00;26,8700008392334;26,889999389648438;26,8700008392334;26,889999389648438;6500
2026-09-25;16:25:00;-03:00;26,889999389648438;26,899999618530273;26,8700008392334;26,899999618530273;11900
2026-09-25;16:30:00;-03:00;26,899999618530273;26,90999984741211;26,8799991607666;26,889999389648438;18100
2026-09-25;16:35:00;-03:00;26,899999618530273;26,90999984741211;26,8799991607666;26,90999984741211;32400
2026-09-25;16:40:00;-03:00;26,90999984741211;26,920000076293945;26,8799991607666;26,899999618530273;16900
2026-09-25;16:45:00;-03:00;26,899999618530273;26,899999618530273;26,8700008392334;26,8700008392334;31700
2026-09-25;16:50:00;-03:00;26,8799991607666;26,899999618530273;26,8700008392334;26,899999618530273;21800
2026-09-28;10:00:00;-03:00;26,799999237060547;26,81999969482422;26,65999984741211;26,700000762939453;0
2026-09-28;10:05:00;-03:00;26,709999084472656;26,780000686645508;26,690000534057617;26,709999084472656;4600
2026-09-28;10:10:00;-03:00;26,690000534057617;26,690000534057617;26,6299991607666;26,639999389648438;5400
2026-09-28;10:15:00;-03:00;26,670000076293945;26,68000030517578;26,579999923706055;26,639999389648438;7200
2026-09-28;10:20:00;-03:00;26,649999618530273;26,68000030517578;26,6299991607666;26,670000076293945;6800
2026-09-28;10:25:00;-03:00;26,65999984741211;26,719999313354492;26,649999618530273;26,709999084472656;4500
2026-09-28;10:30:00;-03:00;26,719999313354492;26,770000457763672;26,68000030517578;26,770000457763672;14400
2026-09-28;10:35:00;-03:00;26,770000457763672;26,780000686645508;26,739999771118164;26,770000457763672;14000
2026-09-28;10:40:00;-03:00;26,770000457763672;26,790000915527344;26,700000762939453;26,75;24400
2026-09-28;10:45:00;-03:00;26,760000228881836;26,81999969482422;26,760000228881836;26,770000457763672;20700
2026-09-28;10:50:00;-03:00;26,780000686645508;26,790000915527344;26,700000762939453;26,719999313354492;15800
2026-09-28;10:55:00;-03:00;26,700000762939453;26,719999313354492;26,65999984741211;26,690000534057617;23500
2026-09-28;11:00:00;-03:00;26,709999084472656;26,719999313354492;26,68000030517578;26,68000030517578;18300
2026-09-28;11:05:00;-03:00;26,690000534057617;26,739999771118164;26,690000534057617;26,739999771118164;24800
2026-09-28;11:10:00;-03:00;26,739999771118164;26,799999237060547;26,729999542236328;26,760000228881836;15500
2026-09-28;11:15:00;-03:00;26,770000457763672;26,84000015258789;26,760000228881836;26,84000015258789;25900
2026-09-28;11:20:00;-03:00;26,84000015258789;26,8799991607666;26,84000015258789;26,850000381469727;11300
2026-09-28;11:25:00;-03:00;26,850000381469727;26,8799991607666;26,829999923706055;26,8799991607666;10900
2026-09-28;11:30:00;-03:00;26,8700008392334;26,940000534057617;26,860000610351562;26,920000076293945;37800
2026-09-28;11:35:00;-03:00;26,920000076293945;26,920000076293945;26,860000610351562;26,90999984741211;19800
2026-09-28;11:40:00;-03:00;26,90999984741211;26,920000076293945;26,8700008392334;26,8799991607666;14400
2026-09-28;11:45:00;-03:00;26,8700008392334;26,8700008392334;26,809999465942383;26,809999465942383;12800
2026-09-28;11:50:00;-03:00;26,81999969482422;26,860000610351562;26,81999969482422;26,81999969482422;12700
2026-09-28;11:55:00;-03:00;26,809999465942383;26,84000015258789;26,809999465942383;26,829999923706055;8200
2026-09-28;12:00:00;-03:00;26,84000015258789;26,84000015258789;26,780000686645508;26,799999237060547;11700
2026-09-28;12:05:00;-03:00;26,780000686645508;26,780000686645508;26,75;26,770000457763672;16700
2026-09-28;12:10:00;-03:00;26,770000457763672;26,780000686645508;26,729999542236328;26,760000228881836;12200
2026-09-28;12:15:00;-03:00;26,770000457763672;26,780000686645508;26,739999771118164;26,770000457763672;13800
2026-09-28;12:20:00;-03:00;26,780000686645508;26,790000915527344;26,760000228881836;26,760000228881836;8700
2026-09-28;12:25:00;-03:00;26,770000457763672;26,780000686645508;26,729999542236328;26,75;7700
2026-09-28;12:30:00;-03:00;26,760000228881836;26,760000228881836;26,739999771118164;26,760000228881836;12700
2026-09-28;12:35:00;-03:00;26,760000228881836;26,770000457763672;26,75;26,75;7700
2026-09-28;12:40:00;-03:00;26,75;26,760000228881836;26,729999542236328;26,729999542236328;9600
2026-09-28;12:45:00;-03:00;26,729999542236328;26,739999771118164;26,709999084472656;26,719999313354492;5200
2026-09-28;12:50:00;-03:00;26,719999313354492;26,760000228881836;26,719999313354492;26,760000228881836;16500
2026-09-28;12:55:00;-03:00;26,760000228881836;26,780000686645508;26,760000228881836;26,770000457763672;5500
2026-09-28;13:00:00;-03:00;26,770000457763672;26,770000457763672;26,739999771118164;26,770000457763672;18400
2026-09-28;13:05:00;-03:00;26,770000457763672;26,799999237060547;26,770000457763672;26,799999237060547;16800
2026-09-28;13:10:00;-03:00;26,799999237060547;26,809999465942383;26,770000457763672;26,780000686645508;9300
2026-09-28;13:15:00;-03:00;26,780000686645508;26,81999969482422;26,770000457763672;26,790000915527344;5200
2026-09-28;13:20:00;-03:00;26,799999237060547;26,8700008392334;26,799999237060547;26,850000381469727;24100
2026-09-28;13:25:00;-03:00;26,850000381469727;26,920000076293945;26,850000381469727;26,8799991607666;30400
2026-09-28;13:30:00;-03:00;26,8700008392334;26,8700008392334;26,84000015258789;26,860000610351562;11100
2026-09-28;13:35:00;-03:00;26,850000381469727;26,860000610351562;26,81999969482422;26,829999923706055;12300
2026-09-28;13:40:00;-03:00;26,829999923706055;26,829999923706055;26,790000915527344;26,799999237060547;11900
2026-09-28;13:45:00;-03:00;26,799999237060547;26,799999237060547;26,790000915527344;26,790000915527344;5700
2026-09-28;13:50:00;-03:00;26,790000915527344;26,809999465942383;26,780000686645508;26,809999465942383;10400
2026-09-28;13:55:00;-03:00;26,809999465942383;26,809999465942383;26,790000915527344;26,790000915527344;7100
2026-09-28;14:00:00;-03:00;26,799999237060547;26,799999237060547;26,760000228881836;26,770000457763672;12000
2026-09-28;14:05:00;-03:00;26,780000686645508;26,799999237060547;26,770000457763672;26,790000915527344;9000
2026-09-28;14:10:00;-03:00;26,799999237060547;26,899999618530273;26,790000915527344;26,8799991607666;41100
2026-09-28;14:15:00;-03:00;26,8700008392334;26,8799991607666;26,829999923706055;26,829999923706055;9800
2026-09-28;14:20:00;-03:00;26,81999969482422;26,84000015258789;26,809999465942383;26,829999923706055;8800
2026-09-28;14:25:00;-03:00;26,81999969482422;26,829999923706055;26,799999237060547;26,799999237060547;8400
2026-09-28;14:30:00;-03:00;26,809999465942383;26,860000610351562;26,809999465942383;26,84000015258789;13500
2026-09-28;14:35:00;-03:00;26,84000015258789;26,850000381469727;26,829999923706055;26,850000381469727;8900
2026-09-28;14:40:00;-03:00;26,84000015258789;26,860000610351562;26,81999969482422;26,860000610351562;14100
2026-09-28;14:45:00;-03:00;26,850000381469727;26,850000381469727;26,829999923706055;26,850000381469727;9000
2026-09-28;14:50:00;-03:00;26,850000381469727;26,860000610351562;26,84000015258789;26,860000610351562;6500
2026-09-28;14:55:00;-03:00;26,850000381469727;26,850000381469727;26,84000015258789;26,850000381469727;10600
2026-09-28;15:00:00;-03:00;26,850000381469727;26,860000610351562;26,84000015258789;26,84000015258789;10500
2026-09-28;15:05:00;-03:00;26,84000015258789;26,850000381469727;26,81999969482422;26,81999969482422;12400
2026-09-28;15:10:00;-03:00;26,809999465942383;26,850000381469727;26,809999465942383;26,829999923706055;10500
2026-09-28;15:15:00;-03:00;26,84000015258789;26,84000015258789;26,81999969482422;26,81999969482422;8000
2026-09-28;15:20:00;-03:00;26,829999923706055;26,829999923706055;26,809999465942383;26,829999923706055;12200
2026-09-28;15:25:00;-03:00;26,829999923706055;26,850000381469727;26,829999923706055;26,850000381469727;39400
2026-09-28;15:30:00;-03:00;26,84000015258789;26,850000381469727;26,829999923706055;26,829999923706055;9100
2026-09-28;15:35:00;-03:00;26,84000015258789;26,84000015258789;26,809999465942383;26,809999465942383;14200
2026-09-28;15:40:00;-03:00;26,809999465942383;26,81999969482422;26,799999237060547;26,809999465942383;9600
2026-09-28;15:45:00;-03:00;26,809999465942383;26,84000015258789;26,809999465942383;26,84000015258789;8800
2026-09-28;15:50:00;-03:00;26,829999923706055;26,84000015258789;26,81999969482422;26,84000015258789;9600
2026-09-28;15:55:00;-03:00;26,84000015258789;26,850000381469727;26,829999923706055;26,84000015258789;9100
2026-09-28;16:00:00;-03:00;26,829999923706055;26,84000015258789;26,809999465942383;26,809999465942383;24100
2026-09-28;16:05:00;-03:00;26,81999969482422;26,84000015258789;26,799999237060547;26,81999969482422;17400
2026-09-28;16:10:00;-03:00;26,809999465942383;26,829999923706055;26,799999237060547;26,799999237060547;19500
2026-09-28;16:15:00;-03:00;26,799999237060547;26,809999465942383;26,790000915527344;26,790000915527344;12000
2026-09-28;16:20:00;-03:00;26,799999237060547;26,799999237060547;26,760000228881836;26,770000457763672;28800
2026-09-28;16:25:00;-03:00;26,770000457763672;26,799999237060547;26,770000457763672;26,790000915527344;10300
2026-09-28;16:30:00;-03:00;26,790000915527344;26,809999465942383;26,790000915527344;26,809999465942383;23400
2026-09-28;16:35:00;-03:00;26,809999465942383;26,81999969482422;26,799999237060547;26,809999465942383;9800
2026-09-28;16:40:00;-03:00;26,809999465942383;26,809999465942383;26,790000915527344;26,799999237060547;19600
2026-09-28;16:45:00;-03:00;26,799999237060547;26,81999969482422;26,799999237060547;26,809999465942383;18000
2026-09-28;16:50:00;-03:00;26,799999237060547;26,829999923706055;26,790000915527344;26,829999923706055;20700
2026-09-29;10:00:00;-03:00;26,809999465942383;26,809999465942383;26,700000762939453;26,719999313354492;0
2026-09-29;10:05:00;-03:00;26,709999084472656;26,770000457763672;26,690000534057617;26,770000457763672;7400
2026-09-29;10:10:00;-03:00;26,760000228881836;26,770000457763672;26,739999771118164;26,739999771118164;6600
2026-09-29;10:15:00;-03:00;26,729999542236328;26,75;26,65999984741211;26,68000030517578;11600
2026-09-29;10:20:00;-03:00;26,68000030517578;26,729999542236328;26,65999984741211;26,670000076293945;19100
2026-09-29;10:25:00;-03:00;26,670000076293945;26,719999313354492;26,6299991607666;26,700000762939453;18300
2026-09-29;10:30:00;-03:00;26,719999313354492;26,739999771118164;26,649999618530273;26,65999984741211;23900
2026-09-29;10:35:00;-03:00;26,670000076293945;26,690000534057617;26,649999618530273;26,690000534057617;9100
2026-09-29;10:40:00;-03:00;26,68000030517578;26,719999313354492;26,670000076293945;26,709999084472656;3900
2026-09-29;10:45:00;-03:00;26,719999313354492;26,780000686645508;26,719999313354492;26,739999771118164;3400
2026-09-29;10:50:00;-03:00;26,770000457763672;26,780000686645508;26,739999771118164;26,739999771118164;5400
2026-09-29;10:55:00;-03:00;26,75;26,760000228881836;26,700000762939453;26,709999084472656;4800
2026-09-29;11:00:00;-03:00;26,729999542236328;26,760000228881836;26,670000076293945;26,709999084472656;22700
2026-09-29;11:05:00;-03:00;26,709999084472656;26,719999313354492;26,68000030517578;26,709999084472656;12800
2026-09-29;11:10:00;-03:00;26,729999542236328;26,729999542236328;26,690000534057617;26,709999084472656;6500
2026-09-29;11:15:00;-03:00;26,700000762939453;26,700000762939453;26,649999618530273;26,649999618530273;15800
2026-09-29;11:20:00;-03:00;26,65999984741211;26,670000076293945;26,610000610351562;26,6299991607666;25100
2026-09-29;11:25:00;-03:00;26,6299991607666;26,6299991607666;26,559999465942383;26,579999923706055;24400
2026-09-29;11:30:00;-03:00;26,56999969482422;26,56999969482422;26,520000457763672;26,549999237060547;71900
2026-09-29;11:35:00;-03:00;26,549999237060547;26,579999923706055;26,530000686645508;26,549999237060547;18900
2026-09-29;11:40:00;-03:00;26,56999969482422;26,59000015258789;26,549999237060547;26,56999969482422;15600
2026-09-29;11:45:00;-03:00;26,56999969482422;26,579999923706055;26,559999465942383;26,579999923706055;13500
2026-09-29;11:50:00;-03:00;26,56999969482422;26,56999969482422;26,540000915527344;26,559999465942383;17400
2026-09-29;11:55:00;-03:00;26,559999465942383;26,56999969482422;26,530000686645508;26,559999465942383;15400
2026-09-29;12:00:00;-03:00;26,549999237060547;26,559999465942383;26,520000457763672;26,530000686645508;10600
2026-09-29;12:05:00;-03:00;26,520000457763672;26,549999237060547;26,510000228881836;26,530000686645508;32400
2026-09-29;12:10:00;-03:00;26,540000915527344;26,56999969482422;26,530000686645508;26,530000686645508;20700
2026-09-29;12:15:00;-03:00;26,549999237060547;26,579999923706055;26,540000915527344;26,559999465942383;16100
2026-09-29;12:20:00;-03:00;26,559999465942383;26,579999923706055;26,549999237060547;26,549999237060547;25200
2026-09-29;12:25:00;-03:00;26,549999237060547;26,600000381469727;26,549999237060547;26,579999923706055;21500
2026-09-29;12:30:00;-03:00;26,59000015258789;26,6200008392334;26,579999923706055;26,600000381469727;24900
2026-09-29;12:35:00;-03:00;26,610000610351562;26,68000030517578;26,59000015258789;26,649999618530273;52000
2026-09-29;12:40:00;-03:00;26,670000076293945;26,670000076293945;26,6200008392334;26,6200008392334;16600
2026-09-29;12:45:00;-03:00;26,6299991607666;26,670000076293945;26,610000610351562;26,639999389648438;13500
2026-09-29;12:50:00;-03:00;26,649999618530273;26,649999618530273;26,579999923706055;26,610000610351562;14100
2026-09-29;12:55:00;-03:00;26,610000610351562;26,610000610351562;26,579999923706055;26,59000015258789;9000
2026-09-29;13:00:00;-03:00;26,600000381469727;26,610000610351562;26,579999923706055;26,610000610351562;6000
2026-09-29;13:05:00;-03:00;26,600000381469727;26,6299991607666;26,600000381469727;26,6200008392334;24500
2026-09-29;13:10:00;-03:00;26,610000610351562;26,6299991607666;26,600000381469727;26,610000610351562;12900
2026-09-29;13:15:00;-03:00;26,6200008392334;26,6299991607666;26,610000610351562;26,610000610351562;7900
2026-09-29;13:20:00;-03:00;26,6200008392334;26,6299991607666;26,600000381469727;26,600000381469727;8900
2026-09-29;13:25:00;-03:00;26,610000610351562;26,6200008392334;26,600000381469727;26,610000610351562;13000
2026-09-29;13:30:00;-03:00;26,600000381469727;26,610000610351562;26,59000015258789;26,600000381469727;7600
2026-09-29;13:35:00;-03:00;26,600000381469727;26,649999618530273;26,579999923706055;26,59000015258789;58900
2026-09-29;13:40:00;-03:00;26,59000015258789;26,59000015258789;26,56999969482422;26,579999923706055;8100
2026-09-29;13:45:00;-03:00;26,579999923706055;26,579999923706055;26,56999969482422;26,579999923706055;10700
2026-09-29;13:50:00;-03:00;26,59000015258789;26,600000381469727;26,579999923706055;26,59000015258789;7400
2026-09-29;13:55:00;-03:00;26,600000381469727;26,639999389648438;26,59000015258789;26,6299991607666;23900
2026-09-29;14:00:00;-03:00;26,639999389648438;26,639999389648438;26,600000381469727;26,6200008392334;27300
2026-09-29;14:05:00;-03:00;26,6200008392334;26,649999618530273;26,610000610351562;26,639999389648438;21000
2026-09-29;14:10:00;-03:00;26,6200008392334;26,639999389648438;26,610000610351562;26,6200008392334;24800
2026-09-29;14:15:00;-03:00;26,6200008392334;26,6299991607666;26,600000381469727;26,600000381469727;27500
2026-09-29;14:20:00;-03:00;26,610000610351562;26,610000610351562;26,59000015258789;26,610000610351562;14900
2026-09-29;14:25:00;-03:00;26,610000610351562;26,639999389648438;26,600000381469727;26,6200008392334;12300
2026-09-29;14:30:00;-03:00;26,6200008392334;26,649999618530273;26,610000610351562;26,6299991607666;17100
2026-09-29;14:35:00;-03:00;26,649999618530273;26,690000534057617;26,6299991607666;26,670000076293945;122700
2026-09-29;14:40:00;-03:00;26,68000030517578;26,729999542236328;26,670000076293945;26,700000762939453;22600
2026-09-29;14:45:00;-03:00;26,709999084472656;26,729999542236328;26,690000534057617;26,709999084472656;16900
2026-09-29;14:50:00;-03:00;26,709999084472656;26,729999542236328;26,690000534057617;26,709999084472656;19200
2026-09-29;14:55:00;-03:00;26,709999084472656;26,709999084472656;26,68000030517578;26,709999084472656;13500
2026-09-29;15:00:00;-03:00;26,709999084472656;26,770000457763672;26,68000030517578;26,709999084472656;35800
2026-09-29;15:05:00;-03:00;26,690000534057617;26,709999084472656;26,68000030517578;26,690000534057617;12500
2026-09-29;15:10:00;-03:00;26,690000534057617;26,729999542236328;26,670000076293945;26,719999313354492;12500
2026-09-29;15:15:00;-03:00;26,729999542236328;26,739999771118164;26,700000762939453;26,700000762939453;13400
2026-09-29;15:20:00;-03:00;26,700000762939453;26,719999313354492;26,68000030517578;26,709999084472656;17900
2026-09-29;15:25:00;-03:00;26,719999313354492;26,729999542236328;26,690000534057617;26,700000762939453;19200
2026-09-29;15:30:00;-03:00;26,700000762939453;26,739999771118164;26,690000534057617;26,719999313354492;17900
2026-09-29;15:35:00;-03:00;26,719999313354492;26,760000228881836;26,700000762939453;26,739999771118164;26000
2026-09-29;15:40:00;-03:00;26,75;26,770000457763672;26,729999542236328;26,75;28000
2026-09-29;15:45:00;-03:00;26,739999771118164;26,75;26,709999084472656;26,709999084472656;16700
2026-09-29;15:50:00;-03:00;26,709999084472656;26,729999542236328;26,700000762939453;26,719999313354492;11900
2026-09-29;15:55:00;-03:00;26,700000762939453;26,709999084472656;26,690000534057617;26,700000762939453;13900
2026-09-29;16:00:00;-03:00;26,700000762939453;26,719999313354492;26,690000534057617;26,700000762939453;14800
2026-09-29;16:05:00;-03:00;26,700000762939453;26,729999542236328;26,700000762939453;26,700000762939453;16900
2026-09-29;16:10:00;-03:00;26,700000762939453;26,719999313354492;26,690000534057617;26,690000534057617;14900
2026-09-29;16:15:00;-03:00;26,700000762939453;26,709999084472656;26,690000534057617;26,690000534057617;10800
2026-09-29;16:20:00;-03:00;26,690000534057617;26,719999313354492;26,68000030517578;26,719999313354492;20500
2026-09-29;16:25:00;-03:00;26,719999313354492;26,75;26,709999084472656;26,739999771118164;28800
2026-09-29;16:30:00;-03:00;26,75;26,780000686645508;26,739999771118164;26,770000457763672;29200
2026-09-29;16:35:00;-03:00;26,770000457763672;26,780000686645508;26,75;26,75;30100
2026-09-29;16:40:00;-03:00;26,75;26,770000457763672;26,739999771118164;26,760000228881836;27300
2026-09-29;16:45:00;-03:00;26,760000228881836;26,780000686645508;26,75;26,780000686645508;35700
2026-09-29;16:50:00;-03:00;26,760000228881836;26,850000381469727;26,760000228881836;26,850000381469727;22200
2026-09-30;10:05:00;-03:00;27,31999969482422;27,31999969482422;27,100000381469727;27,1200008392334;0
2026-09-30;10:10:00;-03:00;27,139999389648438;27,190000534057617;27,06999969482422;27,06999969482422;16200
2026-09-30;10:15:00;-03:00;27,079999923706055;27,170000076293945;27,049999237060547;27,049999237060547;15100
2026-09-30;10:20:00;-03:00;27,06999969482422;27,09000015258789;27,030000686645508;27,049999237060547;8400
2026-09-30;10:25:00;-03:00;27,059999465942383;27,110000610351562;27,020000457763672;27,079999923706055;5400
2026-09-30;10:30:00;-03:00;27,079999923706055;27,110000610351562;26,93000030517578;26,940000534057617;177500
2026-09-30;10:35:00;-03:00;26,959999084472656;26,979999542236328;26,920000076293945;26,93000030517578;30900
2026-09-30;10:40:00;-03:00;26,920000076293945;26,940000534057617;26,8799991607666;26,889999389648438;30200
2026-09-30;10:45:00;-03:00;26,899999618530273;26,93000030517578;26,889999389648438;26,93000030517578;34300
2026-09-30;10:50:00;-03:00;26,920000076293945;26,950000762939453;26,90999984741211;26,950000762939453;16600
2026-09-30;10:55:00;-03:00;26,940000534057617;27,0;26,920000076293945;26,979999542236328;48500
2026-09-30;11:00:00;-03:00;26,969999313354492;26,969999313354492;26,899999618530273;26,920000076293945;19700
2026-09-30;11:05:00;-03:00;26,940000534057617;26,959999084472656;26,90999984741211;26,940000534057617;19300
2026-09-30;11:10:00;-03:00;26,940000534057617;26,989999771118164;26,93000030517578;26,979999542236328;18700
2026-09-30;11:15:00;-03:00;26,989999771118164;27,110000610351562;26,979999542236328;27,110000610351562;113700
2026-09-30;11:20:00;-03:00;27,1200008392334;27,170000076293945;27,09000015258789;27,15999984741211;23900
2026-09-30;11:25:00;-03:00;27,149999618530273;27,18000030517578;27,040000915527344;27,040000915527344;24900
2026-09-30;11:30:00;-03:00;27,030000686645508;27,100000381469727;27,020000457763672;27,079999923706055;25700
2026-09-30;11:35:00;-03:00;27,09000015258789;27,110000610351562;27,049999237060547;27,06999969482422;12700
2026-09-30;11:40:00;-03:00;27,059999465942383;27,1299991607666;27,049999237060547;27,100000381469727;22600
2026-09-30;11:45:00;-03:00;27,100000381469727;27,110000610351562;27,059999465942383;27,09000015258789;1234000
2026-09-30;11:50:00;-03:00;27,079999923706055;27,1200008392334;27,059999465942383;27,1200008392334;20100
2026-09-30;11:55:00;-03:00;27,1200008392334;27,1200008392334;27,06999969482422;27,09000015258789;2037200
2026-09-30;12:00:00;-03:00;27,09000015258789;27,100000381469727;27,020000457763672;27,09000015258789;25200
2026-09-30;12:05:00;-03:00;27,09000015258789;27,190000534057617;27,079999923706055;27,15999984741211;6940400
2026-09-30;12:10:00;-03:00;27,18000030517578;27,329999923706055;27,170000076293945;27,329999923706055;6394800
2026-09-30;12:15:00;-03:00;27,31999969482422;27,43000030517578;27,309999465942383;27,3700008392334;3095800
2026-09-30;12:20:00;-03:00;27,3700008392334;27,3700008392334;27,270000457763672;27,280000686645508;163300
2026-09-30;12:25:00;-03:00;27,290000915527344;27,299999237060547;27,25;27,290000915527344;33400
2026-09-30;12:30:00;-03:00;27,290000915527344;27,299999237060547;27,219999313354492;27,219999313354492;38500
2026-09-30;12:35:00;-03:00;27,219999313354492;27,239999771118164;27,200000762939453;27,219999313354492;4028000
2026-09-30;12:40:00;-03:00;27,209999084472656;27,209999084472656;27,1299991607666;27,1299991607666;39300
2026-09-30;12:45:00;-03:00;27,139999389648438;27,260000228881836;27,139999389648438;27,25;4038300
2026-09-30;12:50:00;-03:00;27,25;27,270000457763672;27,229999542236328;27,229999542236328;16400
2026-09-30;12:55:00;-03:00;27,219999313354492;27,290000915527344;27,219999313354492;27,290000915527344;21700
2026-09-30;13:00:00;-03:00;27,290000915527344;27,299999237060547;27,280000686645508;27,299999237060547;16300
2026-09-30;13:05:00;-03:00;27,299999237060547;27,3700008392334;27,299999237060547;27,360000610351562;49700
2026-09-30;13:10:00;-03:00;27,3700008392334;27,399999618530273;27,360000610351562;27,399999618530273;16300
2026-09-30;13:15:00;-03:00;27,389999389648438;27,40999984741211;27,389999389648438;27,399999618530273;7700
2026-09-30;13:20:00;-03:00;27,399999618530273;27,440000534057617;27,399999618530273;27,40999984741211;49100
2026-09-30;13:25:00;-03:00;27,40999984741211;27,420000076293945;27,3700008392334;27,420000076293945;24600
2026-09-30;13:30:00;-03:00;27,40999984741211;27,489999771118164;27,399999618530273;27,479999542236328;2633600
2026-09-30;13:35:00;-03:00;27,469999313354492;27,489999771118164;27,43000030517578;27,440000534057617;41100
2026-09-30;13:40:00;-03:00;27,440000534057617;27,450000762939453;27,350000381469727;27,3700008392334;36500
2026-09-30;13:45:00;-03:00;27,3799991607666;27,389999389648438;27,34000015258789;27,34000015258789;21400
2026-09-30;13:50:00;-03:00;27,34000015258789;27,3700008392334;27,329999923706055;27,360000610351562;35300
2026-09-30;13:55:00;-03:00;27,3700008392334;27,389999389648438;27,360000610351562;27,3799991607666;16600
2026-09-30;14:00:00;-03:00;27,389999389648438;27,40999984741211;27,3700008392334;27,389999389648438;37200
2026-09-30;14:05:00;-03:00;27,399999618530273;27,40999984741211;27,389999389648438;27,399999618530273;22000
2026-09-30;14:10:00;-03:00;27,389999389648438;27,420000076293945;27,3799991607666;27,399999618530273;39700
2026-09-30;14:15:00;-03:00;27,389999389648438;27,40999984741211;27,3700008392334;27,3700008392334;17300
2026-09-30;14:20:00;-03:00;27,3799991607666;27,40999984741211;27,3700008392334;27,399999618530273;19200
2026-09-30;14:25:00;-03:00;27,40999984741211;27,43000030517578;27,389999389648438;27,420000076293945;24000
2026-09-30;14:30:00;-03:00;27,43000030517578;27,43000030517578;27,40999984741211;27,420000076293945;20300
2026-09-30;14:35:00;-03:00;27,420000076293945;27,479999542236328;27,420000076293945;27,459999084472656;33500
2026-09-30;14:40:00;-03:00;27,469999313354492;27,5;27,459999084472656;27,489999771118164;56800
2026-09-30;14:45:00;-03:00;27,5;27,549999237060547;27,489999771118164;27,520000457763672;124700
2026-09-30;14:50:00;-03:00;27,540000915527344;27,56999969482422;27,520000457763672;27,559999465942383;19300
2026-09-30;14:55:00;-03:00;27,559999465942383;27,59000015258789;27,549999237060547;27,56999969482422;29700
2026-09-30;15:00:00;-03:00;27,56999969482422;27,600000381469727;27,559999465942383;27,56999969482422;38100
2026-09-30;15:05:00;-03:00;27,56999969482422;27,649999618530273;27,559999465942383;27,610000610351562;139400
2026-09-30;15:10:00;-03:00;27,600000381469727;27,610000610351562;27,56999969482422;27,600000381469727;1554800
2026-09-30;15:15:00;-03:00;27,600000381469727;27,600000381469727;27,56999969482422;27,59000015258789;55500
2026-09-30;15:20:00;-03:00;27,59000015258789;27,610000610351562;27,540000915527344;27,56999969482422;126900
2026-09-30;15:25:00;-03:00;27,559999465942383;27,56999969482422;27,5;27,510000228881836;32900
2026-09-30;15:30:00;-03:00;27,520000457763672;27,530000686645508;27,5;27,510000228881836;32100
2026-09-30;15:35:00;-03:00;27,520000457763672;27,530000686645508;27,489999771118164;27,520000457763672;18500
2026-09-30;15:40:00;-03:00;27,520000457763672;27,540000915527344;27,489999771118164;27,510000228881836;23600
2026-09-30;15:45:00;-03:00;27,520000457763672;27,530000686645508;27,489999771118164;27,520000457763672;28500
2026-09-30;15:50:00;-03:00;27,520000457763672;27,579999923706055;27,520000457763672;27,56999969482422;36000
2026-09-30;15:55:00;-03:00;27,559999465942383;27,59000015258789;27,549999237060547;27,579999923706055;17800
2026-09-30;16:00:00;-03:00;27,579999923706055;27,610000610351562;27,559999465942383;27,610000610351562;24400
2026-09-30;16:05:00;-03:00;27,600000381469727;27,6299991607666;27,59000015258789;27,6200008392334;26000
2026-09-30;16:10:00;-03:00;27,6200008392334;27,6299991607666;27,610000610351562;27,6299991607666;16300
2026-09-30;16:15:00;-03:00;27,6200008392334;27,639999389648438;27,610000610351562;27,6200008392334;21100
2026-09-30;16:20:00;-03:00;27,6200008392334;27,65999984741211;27,6200008392334;27,65999984741211;25400
2026-09-30;16:25:00;-03:00;27,649999618530273;27,670000076293945;27,6299991607666;27,65999984741211;23900
2026-09-30;16:30:00;-03:00;27,65999984741211;27,690000534057617;27,639999389648438;27,690000534057617;16100
2026-09-30;16:35:00;-03:00;27,68000030517578;27,719999313354492;27,639999389648438;27,649999618530273;65900
2026-09-30;16:40:00;-03:00;27,65999984741211;27,68000030517578;27,6299991607666;27,65999984741211;30800
2026-09-30;16:45:00;-03:00;27,65999984741211;27,68000030517578;27,649999618530273;27,68000030517578;21900
2026-09-30;16:50:00;-03:00;27,68000030517578;27,709999084472656;27,65999984741211;27,670000076293945;47300
2026-10-01;10:00:00;-03:00;27,8700008392334;27,8700008392334;27,739999771118164;27,739999771118164;1900
2026-10-01;10:05:00;-03:00;27,739999771118164;27,739999771118164;27,579999923706055;27,6200008392334;13500
2026-10-01;10:10:00;-03:00;27,6200008392334;27,649999618530273;27,549999237060547;27,579999923706055;50800
2026-10-01;10:15:00;-03:00;27,579999923706055;27,670000076293945;27,56999969482422;27,670000076293945;6200
2026-10-01;10:20:00;-03:00;27,670000076293945;27,81999969482422;27,670000076293945;27,780000686645508;41700
2026-10-01;10:25:00;-03:00;27,780000686645508;27,81999969482422;27,760000228881836;27,790000915527344;16700
2026-10-01;10:30:00;-03:00;27,790000915527344;28,059999465942383;27,790000915527344;28,010000228881836;238900
2026-10-01;10:35:00;-03:00;28,0;28,0;27,8799991607666;27,899999618530273;27600
2026-10-01;10:40:00;-03:00;27,889999389648438;27,90999984741211;27,809999465942383;27,829999923706055;39000
2026-10-01;10:45:00;-03:00;27,84000015258789;27,8799991607666;27,760000228881836;27,760000228881836;131800
2026-10-01;10:50:00;-03:00;27,760000228881836;27,8799991607666;27,75;27,850000381469727;88900
2026-10-01;10:55:00;-03:00;27,850000381469727;27,850000381469727;27,729999542236328;27,729999542236328;20600
2026-10-01;11:00:00;-03:00;27,739999771118164;27,75;27,579999923706055;27,700000762939453;55500
2026-10-01;11:05:00;-03:00;27,709999084472656;27,75;27,65999984741211;27,700000762939453;28800
2026-10-01;11:10:00;-03:00;27,690000534057617;27,709999084472656;27,600000381469727;27,610000610351562;25900
2026-10-01;11:15:00;-03:00;27,6200008392334;27,65999984741211;27,610000610351562;27,639999389648438;7100
2026-10-01;11:20:00;-03:00;27,649999618530273;27,68000030517578;27,610000610351562;27,649999618530273;18900
2026-10-01;11:25:00;-03:00;27,639999389648438;27,649999618530273;27,530000686645508;27,559999465942383;18200
2026-10-01;11:30:00;-03:00;27,559999465942383;27,610000610351562;27,530000686645508;27,559999465942383;11300
2026-10-01;11:35:00;-03:00;27,56999969482422;27,600000381469727;27,559999465942383;27,579999923706055;9500
2026-10-01;11:40:00;-03:00;27,59000015258789;27,600000381469727;27,530000686645508;27,540000915527344;13400
2026-10-01;11:45:00;-03:00;27,530000686645508;27,559999465942383;27,5;27,5;20500
2026-10-01;11:50:00;-03:00;27,5;27,559999465942383;27,469999313354492;27,5;46100
2026-10-01;11:55:00;-03:00;27,5;27,579999923706055;27,5;27,579999923706055;39300
2026-10-01;12:00:00;-03:00;27,56999969482422;27,56999969482422;27,440000534057617;27,469999313354492;35200
2026-10-01;12:05:00;-03:00;27,479999542236328;27,489999771118164;27,420000076293945;27,459999084472656;44500
2026-10-01;12:10:00;-03:00;27,450000762939453;27,459999084472656;27,40999984741211;27,420000076293945;26400
2026-10-01;12:15:00;-03:00;27,43000030517578;27,469999313354492;27,420000076293945;27,440000534057617;16200
2026-10-01;12:20:00;-03:00;27,450000762939453;27,549999237060547;27,40999984741211;27,530000686645508;64100
2026-10-01;12:25:00;-03:00;27,540000915527344;27,579999923706055;27,530000686645508;27,56999969482422;14300
2026-10-01;12:30:00;-03:00;27,559999465942383;27,579999923706055;27,510000228881836;27,510000228881836;24800
2026-10-01;12:35:00;-03:00;27,520000457763672;27,610000610351562;27,510000228881836;27,59000015258789;11600
2026-10-01;12:40:00;-03:00;27,59000015258789;27,610000610351562;27,56999969482422;27,56999969482422;9400
2026-10-01;12:45:00;-03:00;27,56999969482422;27,639999389648438;27,56999969482422;27,610000610351562;23200
2026-10-01;12:50:00;-03:00;27,600000381469727;27,610000610351562;27,559999465942383;27,579999923706055;13200
2026-10-01;12:55:00;-03:00;27,579999923706055;27,6299991607666;27,579999923706055;27,610000610351562;7900
2026-10-01;13:00:00;-03:00;27,6299991607666;27,649999618530273;27,610000610351562;27,639999389648438;8300
2026-10-01;13:05:00;-03:00;27,6299991607666;27,68000030517578;27,6200008392334;27,670000076293945;28200
2026-10-01;13:10:00;-03:00;27,670000076293945;27,700000762939453;27,65999984741211;27,670000076293945;31900
2026-10-01;13:15:00;-03:00;27,68000030517578;27,700000762939453;27,65999984741211;27,670000076293945;15000
2026-10-01;13:20:00;-03:00;27,68000030517578;27,790000915527344;27,65999984741211;27,770000457763672;22000
2026-10-01;13:25:00;-03:00;27,770000457763672;27,790000915527344;27,75;27,770000457763672;16800
2026-10-01;13:30:00;-03:00;27,780000686645508;27,780000686645508;27,739999771118164;27,770000457763672;15900
2026-10-01;13:35:00;-03:00;27,770000457763672;27,780000686645508;27,700000762939453;27,700000762939453;25600
2026-10-01;13:40:00;-03:00;27,709999084472656;27,739999771118164;27,68000030517578;27,690000534057617;8000
2026-10-01;13:45:00;-03:00;27,700000762939453;27,709999084472656;27,670000076293945;27,690000534057617;15100
2026-10-01;13:50:00;-03:00;27,690000534057617;27,690000534057617;27,639999389648438;27,65999984741211;20400
2026-10-01;13:55:00;-03:00;27,670000076293945;27,670000076293945;27,639999389648438;27,670000076293945;3600
2026-10-01;14:00:00;-03:00;27,65999984741211;27,690000534057617;27,6299991607666;27,65999984741211;8700
2026-10-01;14:05:00;-03:00;27,65999984741211;27,729999542236328;27,639999389648438;27,709999084472656;40800
2026-10-01;14:10:00;-03:00;27,709999084472656;27,729999542236328;27,68000030517578;27,719999313354492;19000
2026-10-01;14:15:00;-03:00;27,729999542236328;27,739999771118164;27,709999084472656;27,729999542236328;7200
2026-10-01;14:20:00;-03:00;27,739999771118164;27,780000686645508;27,729999542236328;27,770000457763672;14900
2026-10-01;14:25:00;-03:00;27,790000915527344;27,81999969482422;27,780000686645508;27,809999465942383;23300
2026-10-01;14:30:00;-03:00;27,809999465942383;27,8799991607666;27,780000686645508;27,790000915527344;70200
2026-10-01;14:35:00;-03:00;27,790000915527344;27,84000015258789;27,780000686645508;27,799999237060547;46800
2026-10-01;14:40:00;-03:00;27,809999465942383;27,81999969482422;27,770000457763672;27,799999237060547;13800
2026-10-01;14:45:00;-03:00;27,790000915527344;27,790000915527344;27,719999313354492;27,719999313354492;14200
2026-10-01;14:50:00;-03:00;27,719999313354492;27,75;27,700000762939453;27,700000762939453;25500
2026-10-01;14:55:00;-03:00;27,709999084472656;27,75;27,690000534057617;27,719999313354492;34800
2026-10-01;15:00:00;-03:00;27,719999313354492;27,719999313354492;27,639999389648438;27,639999389648438;25400
2026-10-01;15:05:00;-03:00;27,639999389648438;27,75;27,639999389648438;27,709999084472656;86400
2026-10-01;15:10:00;-03:00;27,709999084472656;27,729999542236328;27,690000534057617;27,690000534057617;15100
2026-10-01;15:15:00;-03:00;27,690000534057617;27,700000762939453;27,670000076293945;27,670000076293945;23000
2026-10-01;15:20:00;-03:00;27,65999984741211;27,709999084472656;27,639999389648438;27,68000030517578;18900
2026-10-01;15:25:00;-03:00;27,670000076293945;27,670000076293945;27,6299991607666;27,639999389648438;27200
