Data;Hora;Fuso;Open;High;Low;Close;Volume
2026-07-09;10:00:00;-03:00;41,95000076293945;42,04999923706055;41,95000076293945;42,040000915527344;0
2026-07-09;10:05:00;-03:00;42,040000915527344;42,099998474121094;42,02000045776367;42,06999969482422;117700
2026-07-09;10:10:00;-03:00;42,08000183105469;42,20000076293945;42,029998779296875;42,189998626708984;327100
2026-07-09;10:15:00;-03:00;42,18000030517578;42,189998626708984;42,040000915527344;42,06999969482422;51300
2026-07-09;10:20:00;-03:00;42,06999969482422;42,119998931884766;42,029998779296875;42,09000015258789;220000
2026-07-09;10:25:00;-03:00;42,08000183105469;42,099998474121094;41,959999084472656;41,9900016784668;239600
2026-07-09;10:30:00;-03:00;42,0;42,119998931884766;41,939998626708984;42,08000183105469;207400
2026-07-09;10:35:00;-03:00;42,06999969482422;42,099998474121094;42,0099983215332;42,06999969482422;75900
2026-07-09;10:40:00;-03:00;42,040000915527344;42,11000061035156;41,970001220703125;41,9900016784668;275500
2026-07-09;10:45:00;-03:00;42,02000045776367;42,029998779296875;41,95000076293945;42,0;68000
2026-07-09;10:50:00;-03:00;42,02000045776367;42,040000915527344;41,970001220703125;41,9900016784668;198700
2026-07-09;10:55:00;-03:00;41,9900016784668;42,08000183105469;41,970001220703125;42,06999969482422;116900
2026-07-09;11:00:00;-03:00;42,04999923706055;42,27000045776367;42,04999923706055;42,27000045776367;555000
2026-07-09;11:05:00;-03:00;42,25;42,33000183105469;42,18000030517578;42,290000915527344;338100
2026-07-09;11:10:00;-03:00;42,310001373291016;42,369998931884766;42,2599983215332;42,34000015258789;215100
2026-07-09;11:15:00;-03:00;42,369998931884766;42,45000076293945;42,310001373291016;42,40999984741211;117100
2026-07-09;11:20:00;-03:00;42,40999984741211;42,47999954223633;42,369998931884766;42,40999984741211;215300
2026-07-09;11:25:00;-03:00;42,43000030517578;42,54999923706055;42,40999984741211;42,5099983215332;119200
2026-07-09;11:30:00;-03:00;42,529998779296875;42,599998474121094;42,5099983215332;42,58000183105469;179100
2026-07-09;11:35:00;-03:00;42,560001373291016;42,599998474121094;42,4900016784668;42,52000045776367;132500
2026-07-09;11:40:00;-03:00;42,5;42,529998779296875;42,40999984741211;42,439998626708984;326400
2026-07-09;11:45:00;-03:00;42,439998626708984;42,4900016784668;42,38999938964844;42,38999938964844;185300
2026-07-09;11:50:00;-03:00;42,38999938964844;42,43000030517578;42,349998474121094;42,400001525878906;322400
2026-07-09;11:55:00;-03:00;42,400001525878906;42,41999816894531;42,349998474121094;42,38999938964844;452000
2026-07-09;12:00:00;-03:00;42,40999984741211;42,40999984741211;42,34000015258789;42,400001525878906;172100
2026-07-09;12:05:00;-03:00;42,40999984741211;42,5099983215332;42,400001525878906;42,5099983215332;89500
2026-07-09;12:10:00;-03:00;42,5099983215332;42,54999923706055;42,47999954223633;42,529998779296875;133500
2026-07-09;12:15:00;-03:00;42,540000915527344;42,56999969482422;42,400001525878906;42,43000030517578;199400
2026-07-09;12:20:00;-03:00;42,439998626708984;42,439998626708984;42,310001373291016;42,310001373291016;254000
2026-07-09;12:25:00;-03:00;42,33000183105469;42,36000061035156;42,279998779296875;42,36000061035156;75900
2026-07-09;12:30:00;-03:00;42,36000061035156;42,43000030517578;42,33000183105469;42,40999984741211;77300
2026-07-09;12:35:00;-03:00;42,40999984741211;42,45000076293945;42,380001068115234;42,41999816894531;417000
2026-07-09;12:40:00;-03:00;42,41999816894531;42,459999084472656;42,400001525878906;42,41999816894531;103300
2026-07-09;12:45:00;-03:00;42,43000030517578;42,459999084472656;42,41999816894531;42,43000030517578;165300
2026-07-09;12:50:00;-03:00;42,43000030517578;42,5;42,41999816894531;42,4900016784668;1773900
2026-07-09;12:55:00;-03:00;42,5;42,56999969482422;42,5;42,540000915527344;82700
2026-07-09;13:00:00;-03:00;42,54999923706055;42,59000015258789;42,52000045776367;42,59000015258789;76200
2026-07-09;13:05:00;-03:00;42,59000015258789;42,619998931884766;42,52000045776367;42,59000015258789;103400
2026-07-09;13:10:00;-03:00;42,59000015258789;42,619998931884766;42,58000183105469;42,619998931884766;114000
2026-07-09;13:15:00;-03:00;42,61000061035156;42,63999938964844;42,599998474121094;42,63999938964844;125000
2026-07-09;13:20:00;-03:00;42,630001068115234;42,66999816894531;42,630001068115234;42,65999984741211;84800
2026-07-09;13:25:00;-03:00;42,63999938964844;42,65999984741211;42,619998931884766;42,650001525878906;83900
2026-07-09;13:30:00;-03:00;42,63999938964844;42,66999816894531;42,63999938964844;42,63999938964844;117700
2026-07-09;13:35:00;-03:00;42,650001525878906;42,689998626708984;42,630001068115234;42,66999816894531;108400
2026-07-09;13:40:00;-03:00;42,650001525878906;42,689998626708984;42,650001525878906;42,66999816894531;113100
2026-07-09;13:45:00;-03:00;42,68000030517578;42,689998626708984;42,650001525878906;42,65999984741211;82000
2026-07-09;13:50:00;-03:00;42,65999984741211;42,689998626708984;42,61000061035156;42,63999938964844;226100
2026-07-09;13:55:00;-03:00;42,630001068115234;42,65999984741211;42,61000061035156;42,65999984741211;162400
2026-07-09;14:00:00;-03:00;42,650001525878906;42,68000030517578;42,63999938964844;42,65999984741211;137300
2026-07-09;14:05:00;-03:00;42,65999984741211;42,65999984741211;42,599998474121094;42,61000061035156;113300
2026-07-09;14:10:00;-03:00;42,61000061035156;42,619998931884766;42,560001373291016;42,58000183105469;89100
2026-07-09;14:15:00;-03:00;42,59000015258789;42,61000061035156;42,56999969482422;42,58000183105469;91100
2026-07-09;14:20:00;-03:00;42,599998474121094;42,63999938964844;42,58000183105469;42,63999938964844;153700
2026-07-09;14:25:00;-03:00;42,63999938964844;42,65999984741211;42,619998931884766;42,630001068115234;153900
2026-07-09;14:30:00;-03:00;42,619998931884766;42,65999984741211;42,599998474121094;42,65999984741211;105900
2026-07-09;14:35:00;-03:00;42,650001525878906;42,72999954223633;42,63999938964844;42,709999084472656;191500
2026-07-09;14:40:00;-03:00;42,709999084472656;42,75;42,70000076293945;42,720001220703125;98000
2026-07-09;14:45:00;-03:00;42,720001220703125;42,72999954223633;42,689998626708984;42,709999084472656;90400
2026-07-09;14:50:00;-03:00;42,70000076293945;42,720001220703125;42,689998626708984;42,709999084472656;112700
2026-07-09;14:55:00;-03:00;42,709999084472656;42,7400016784668;42,70000076293945;42,7400016784668;135600
2026-07-09;15:00:00;-03:00;42,72999954223633;42,7400016784668;42,619998931884766;42,630001068115234;205500
2026-07-09;15:05:00;-03:00;42,63999938964844;42,650001525878906;42,61000061035156;42,619998931884766;113400
2026-07-09;15:10:00;-03:00;42,630001068115234;42,65999984741211;42,619998931884766;42,630001068115234;88500
2026-07-09;15:15:00;-03:00;42,63999938964844;42,650001525878906;42,619998931884766;42,63999938964844;108200
2026-07-09;15:20:00;-03:00;42,63999938964844;42,650001525878906;42,58000183105469;42,58000183105469;81800
2026-07-09;15:25:00;-03:00;42,58000183105469;42,630001068115234;42,58000183105469;42,59000015258789;121200
2026-07-09;15:30:00;-03:00;42,599998474121094;42,619998931884766;42,560001373291016;42,59000015258789;130100
2026-07-09;15:35:00;-03:00;42,599998474121094;42,599998474121094;42,560001373291016;42,59000015258789;94100
2026-07-09;15:40:00;-03:00;42,59000015258789;42,630001068115234;42,56999969482422;42,59000015258789;114700
2026-07-09;15:45:00;-03:00;42,59000015258789;42,599998474121094;42,58000183105469;42,599998474121094;122000
2026-07-09;15:50:00;-03:00;42,599998474121094;42,61000061035156;42,58000183105469;42,599998474121094;87200
2026-07-09;15:55:00;-03:00;42,59000015258789;42,63999938964844;42,56999969482422;42,63999938964844;115600
2026-07-09;16:00:00;-03:00;42,630001068115234;42,65999984741211;42,61000061035156;42,63999938964844;104700
2026-07-09;16:05:00;-03:00;42,63999938964844;42,63999938964844;42,56999969482422;42,599998474121094;178400
2026-07-09;16:10:00;-03:00;42,599998474121094;42,63999938964844;42,58000183105469;42,630001068115234;164500
2026-07-09;16:15:00;-03:00;42,630001068115234;42,68000030517578;42,619998931884766;42,65999984741211;231400
2026-07-09;16:20:00;-03:00;42,66999816894531;42,689998626708984;42,650001525878906;42,689998626708984;175300
2026-07-09;16:25:00;-03:00;42,689998626708984;42,689998626708984;42,630001068115234;42,63999938964844;167200
2026-07-09;16:30:00;-03:00;42,650001525878906;42,650001525878906;42,599998474121094;42,63999938964844;179900
2026-07-09;16:35:00;-03:00;42,630001068115234;42,66999816894531;42,61000061035156;42,650001525878906;397000
2026-07-09;16:40:00;-03:00;42,650001525878906;42,68000030517578;42,630001068115234;42,650001525878906;297900
2026-07-09;16:45:00;-03:00;42,65999984741211;42,66999816894531;42,630001068115234;42,630001068115234;208900
2026-07-09;16:50:00;-03:00;42,650001525878906;42,66999816894531;42,630001068115234;42,66999816894531;266000
2026-07-10;10:05:00;-03:00;43,38999938964844;43,599998474121094;43,34000015258789;43,459999084472656;0
2026-07-10;10:10:00;-03:00;43,47999954223633;43,540000915527344;43,290000915527344;43,349998474121094;488500
2026-07-10;10:15:00;-03:00;43,36000061035156;43,47999954223633;43,29999923706055;43,29999923706055;235700
2026-07-10;10:20:00;-03:00;43,29999923706055;43,36000061035156;43,22999954223633;43,349998474121094;233500
2026-07-10;10:25:00;-03:00;43,36000061035156;43,5;43,36000061035156;43,41999816894531;320200
2026-07-10;10:30:00;-03:00;43,41999816894531;43,59000015258789;43,31999969482422;43,529998779296875;1299700
2026-07-10;10:35:00;-03:00;43,54999923706055;43,63999938964844;43,439998626708984;43,540000915527344;680600
2026-07-10;10:40:00;-03:00;43,54999923706055;43,619998931884766;43,4900016784668;43,5099983215332;535800
2026-07-10;10:45:00;-03:00;43,4900016784668;43,529998779296875;43,41999816894531;43,52000045776367;301800
2026-07-10;10:50:00;-03:00;43,5099983215332;43,619998931884766;43,4900016784668;43,58000183105469;516400
2026-07-10;10:55:00;-03:00;43,58000183105469;43,630001068115234;43,54999923706055;43,619998931884766;292700
2026-07-10;11:00:00;-03:00;43,61000061035156;43,720001220703125;43,61000061035156;43,689998626708984;535600
2026-07-10;11:05:00;-03:00;43,68000030517578;43,689998626708984;43,599998474121094;43,63999938964844;333900
2026-07-10;11:10:00;-03:00;43,63999938964844;43,66999816894531;43,56999969482422;43,630001068115234;257900
2026-07-10;11:15:00;-03:00;43,63999938964844;43,7400016784668;43,63999938964844;43,720001220703125;225400
2026-07-10;11:20:00;-03:00;43,720001220703125;43,7599983215332;43,65999984741211;43,7400016784668;303900
2026-07-10;11:25:00;-03:00;43,720001220703125;43,83000183105469;43,720001220703125;43,779998779296875;585000
2026-07-10;11:30:00;-03:00;43,779998779296875;43,810001373291016;43,54999923706055;43,72999954223633;1616900
2026-07-10;11:35:00;-03:00;43,72999954223633;43,83000183105469;43,720001220703125;43,75;604000
2026-07-10;11:40:00;-03:00;43,7400016784668;43,86000061035156;43,720001220703125;43,790000915527344;377700
2026-07-10;11:45:00;-03:00;43,779998779296875;43,88999938964844;43,779998779296875;43,880001068115234;215000
2026-07-10;11:50:00;-03:00;43,880001068115234;43,90999984741211;43,810001373291016;43,869998931884766;475200
2026-07-10;11:55:00;-03:00;43,86000061035156;43,869998931884766;43,779998779296875;43,79999923706055;218700
2026-07-10;12:00:00;-03:00;43,790000915527344;43,810001373291016;43,709999084472656;43,7400016784668;147700
2026-07-10;12:05:00;-03:00;43,7400016784668;43,77000045776367;43,70000076293945;43,709999084472656;126200
2026-07-10;12:10:00;-03:00;43,709999084472656;43,72999954223633;43,66999816894531;43,66999816894531;210600
2026-07-10;12:15:00;-03:00;43,66999816894531;43,72999954223633;43,65999984741211;43,689998626708984;146200
2026-07-10;12:20:00;-03:00;43,689998626708984;43,7400016784668;43,68000030517578;43,72999954223633;62800
2026-07-10;12:25:00;-03:00;43,72999954223633;43,7599983215332;43,70000076293945;43,75;122600
2026-07-10;12:30:00;-03:00;43,7400016784668;43,75;43,599998474121094;43,630001068115234;1005000
2026-07-10;12:35:00;-03:00;43,630001068115234;43,650001525878906;43,59000015258789;43,599998474121094;116300
2026-07-10;12:40:00;-03:00;43,599998474121094;43,61000061035156;43,56999969482422;43,58000183105469;431800
2026-07-10;12:45:00;-03:00;43,58000183105469;43,599998474121094;43,54999923706055;43,54999923706055;112800
2026-07-10;12:50:00;-03:00;43,560001373291016;43,630001068115234;43,560001373291016;43,58000183105469;429100
2026-07-10;12:55:00;-03:00;43,59000015258789;43,61000061035156;43,56999969482422;43,58000183105469;113200
2026-07-10;13:00:00;-03:00;43,59000015258789;43,65999984741211;43,56999969482422;43,650001525878906;447600
2026-07-10;13:05:00;-03:00;43,650001525878906;43,779998779296875;43,650001525878906;43,7599983215332;633200
2026-07-10;13:10:00;-03:00;43,77000045776367;43,86000061035156;43,72999954223633;43,790000915527344;867500
2026-07-10;13:15:00;-03:00;43,779998779296875;43,849998474121094;43,779998779296875;43,810001373291016;214100
2026-07-10;13:20:00;-03:00;43,810001373291016;43,849998474121094;43,790000915527344;43,84000015258789;201900
2026-07-10;13:25:00;-03:00;43,84000015258789;43,900001525878906;43,83000183105469;43,88999938964844;233100
2026-07-10;13:30:00;-03:00;43,88999938964844;43,90999984741211;43,84000015258789;43,88999938964844;255700
2026-07-10;13:35:00;-03:00;43,88999938964844;43,90999984741211;43,81999969482422;43,900001525878906;189100
2026-07-10;13:40:00;-03:00;43,90999984741211;43,95000076293945;43,880001068115234;43,91999816894531;239100
2026-07-10;13:45:00;-03:00;43,90999984741211;43,97999954223633;43,90999984741211;43,93000030517578;240000
2026-07-10;13:50:00;-03:00;43,93000030517578;43,9900016784668;43,91999816894531;43,93000030517578;363700
2026-07-10;13:55:00;-03:00;43,93000030517578;44,04999923706055;43,93000030517578;44,02000045776367;230800
2026-07-10;14:00:00;-03:00;44,0;44,029998779296875;43,95000076293945;44,0;117200
2026-07-10;14:05:00;-03:00;44,0;44,029998779296875;43,97999954223633;44,02000045776367;133500
2026-07-10;14:10:00;-03:00;44,02000045776367;44,040000915527344;43,97999954223633;44,0;97500
2026-07-10;14:15:00;-03:00;44,0099983215332;44,029998779296875;43,93000030517578;43,939998626708984;145800
2026-07-10;14:20:00;-03:00;43,93000030517578;43,97999954223633;43,93000030517578;43,970001220703125;119300
2026-07-10;14:25:00;-03:00;43,97999954223633;44,04999923706055;43,959999084472656;44,029998779296875;232500
2026-07-10;14:30:00;-03:00;44,029998779296875;44,040000915527344;44,0;44,0099983215332;359000
2026-07-10;14:35:00;-03:00;44,0099983215332;44,029998779296875;43,9900016784668;44,02000045776367;111200
2026-07-10;14:40:00;-03:00;44,0099983215332;44,04999923706055;44,0;44,040000915527344;107500
2026-07-10;14:45:00;-03:00;44,040000915527344;44,06999969482422;44,0099983215332;44,04999923706055;145700
2026-07-10;14:50:00;-03:00;44,04999923706055;44,06999969482422;44,0099983215332;44,029998779296875;112800
2026-07-10;14:55:00;-03:00;44,040000915527344;44,060001373291016;43,9900016784668;44,040000915527344;96000
2026-07-10;15:00:00;-03:00;44,04999923706055;44,099998474121094;44,02000045776367;44,099998474121094;169500
2026-07-10;15:05:00;-03:00;44,099998474121094;44,209999084472656;44,06999969482422;44,189998626708984;331000
2026-07-10;15:10:00;-03:00;44,189998626708984;44,34000015258789;44,18000030517578;44,290000915527344;565800
2026-07-10;15:15:00;-03:00;44,27000045776367;44,29999923706055;44,25;44,27000045776367;284700
2026-07-10;15:20:00;-03:00;44,279998779296875;44,290000915527344;44,2400016784668;44,2599983215332;85400
2026-07-10;15:25:00;-03:00;44,2599983215332;44,279998779296875;44,25;44,27000045776367;114100
2026-07-10;15:30:00;-03:00;44,27000045776367;44,27000045776367;44,16999816894531;44,189998626708984;143200
2026-07-10;15:35:00;-03:00;44,18000030517578;44,209999084472656;44,15999984741211;44,18000030517578;128400
2026-07-10;15:40:00;-03:00;44,18000030517578;44,220001220703125;44,15999984741211;44,220001220703125;115100
2026-07-10;15:45:00;-03:00;44,220001220703125;44,22999954223633;44,189998626708984;44,209999084472656;139300
2026-07-10;15:50:00;-03:00;44,209999084472656;44,220001220703125;44,15999984741211;44,18000030517578;102400
2026-07-10;15:55:00;-03:00;44,189998626708984;44,220001220703125;44,150001525878906;44,18000030517578;133700
2026-07-10;16:00:00;-03:00;44,16999816894531;44,27000045776367;44,16999816894531;44,27000045776367;224000
2026-07-10;16:05:00;-03:00;44,25;44,310001373291016;44,25;44,290000915527344;231300
2026-07-10;16:10:00;-03:00;44,290000915527344;44,29999923706055;44,2599983215332;44,2599983215332;177700
2026-07-10;16:15:00;-03:00;44,2599983215332;44,2599983215332;44,209999084472656;44,220001220703125;319900
2026-07-10;16:20:00;-03:00;44,22999954223633;44,279998779296875;44,20000076293945;44,2400016784668;413500
2026-07-10;16:25:00;-03:00;44,25;44,290000915527344;44,22999954223633;44,279998779296875;275800
2026-07-10;16:30:00;-03:00;44,290000915527344;44,29999923706055;44,2400016784668;44,25;249600
2026-07-10;16:35:00;-03:00;44,25;44,2599983215332;44,18000030517578;44,189998626708984;329400
2026-07-10;16:40:00;-03:00;44,189998626708984;44,22999954223633;44,16999816894531;44,209999084472656;310400
2026-07-10;16:45:00;-03:00;44,209999084472656;44,2400016784668;44,189998626708984;44,2400016784668;320200
2026-07-10;16:50:00;-03:00;44,2400016784668;44,25;44,20000076293945;44,25;250300
2026-07-13;10:00:00;-03:00;44,11000061035156;44,209999084472656;44,04999923706055;44,20000076293945;0
2026-07-13;10:05:00;-03:00;44,20000076293945;44,47999954223633;44,18000030517578;44,439998626708984;236500
2026-07-13;10:10:00;-03:00;44,439998626708984;44,63999938964844;44,40999984741211;44,45000076293945;322600
2026-07-13;10:15:00;-03:00;44,41999816894531;44,45000076293945;44,310001373291016;44,310001373291016;177500
2026-07-13;10:20:00;-03:00;44,31999969482422;44,33000183105469;44,20000076293945;44,220001220703125;206900
2026-07-13;10:25:00;-03:00;44,279998779296875;44,279998779296875;44,099998474121094;44,130001068115234;196700
2026-07-13;10:30:00;-03:00;44,18000030517578;44,43000030517578;44,150001525878906;44,2400016784668;283700
2026-07-13;10:35:00;-03:00;44,2400016784668;44,2599983215332;44,04999923706055;44,06999969482422;436200
2026-07-13;10:40:00;-03:00;44,06999969482422;44,150001525878906;44,060001373291016;44,09000015258789;94700
2026-07-13;10:45:00;-03:00;44,09000015258789;44,130001068115234;44,04999923706055;44,08000183105469;107800
2026-07-13;10:50:00;-03:00;44,08000183105469;44,15999984741211;44,0099983215332;44,13999938964844;101200
2026-07-13;10:55:00;-03:00;44,15999984741211;44,20000076293945;44,119998931884766;44,15999984741211;131200
2026-07-13;11:00:00;-03:00;44,150001525878906;44,18000030517578;44,08000183105469;44,09000015258789;76700
2026-07-13;11:05:00;-03:00;44,119998931884766;44,150001525878906;44,08000183105469;44,119998931884766;86800
2026-07-13;11:10:00;-03:00;44,11000061035156;44,18000030517578;44,11000061035156;44,16999816894531;118400
2026-07-13;11:15:00;-03:00;44,16999816894531;44,16999816894531;43,97999954223633;44,09000015258789;777800
2026-07-13;11:20:00;-03:00;44,08000183105469;44,09000015258789;44,0;44,060001373291016;39100
2026-07-13;11:25:00;-03:00;44,06999969482422;44,09000015258789;44,0099983215332;44,06999969482422;383600
2026-07-13;11:30:00;-03:00;44,060001373291016;44,060001373291016;44,0;44,029998779296875;84700
2026-07-13;11:35:00;-03:00;44,02000045776367;44,02000045776367;43,880001068115234;43,91999816894531;127700
2026-07-13;11:40:00;-03:00;43,900001525878906;43,91999816894531;43,81999969482422;43,86000061035156;148400
2026-07-13;11:45:00;-03:00;43,86000061035156;43,900001525878906;43,84000015258789;43,88999938964844;34200
2026-07-13;11:50:00;-03:00;43,88999938964844;43,88999938964844;43,849998474121094;43,86000061035156;65400
2026-07-13;11:55:00;-03:00;43,849998474121094;43,880001068115234;43,810001373291016;43,83000183105469;45400
2026-07-13;12:00:00;-03:00;43,849998474121094;43,86000061035156;43,790000915527344;43,810001373291016;77300
2026-07-13;12:05:00;-03:00;43,79999923706055;43,83000183105469;43,75;43,7599983215332;70200
2026-07-13;12:10:00;-03:00;43,77000045776367;43,790000915527344;43,7400016784668;43,77000045776367;54700
2026-07-13;12:15:00;-03:00;43,75;43,810001373291016;43,75;43,77000045776367;37800
2026-07-13;12:20:00;-03:00;43,779998779296875;43,790000915527344;43,709999084472656;43,77000045776367;76200
2026-07-13;12:25:00;-03:00;43,77000045776367;43,779998779296875;43,709999084472656;43,75;71000
2026-07-13;12:30:00;-03:00;43,77000045776367;43,79999923706055;43,75;43,790000915527344;30300
2026-07-13;12:35:00;-03:00;43,779998779296875;43,790000915527344;43,7599983215332;43,790000915527344;23800
2026-07-13;12:40:00;-03:00;43,790000915527344;43,810001373291016;43,779998779296875;43,79999923706055;33600
2026-07-13;12:45:00;-03:00;43,79999923706055;43,84000015258789;43,7599983215332;43,779998779296875;39900
2026-07-13;12:50:00;-03:00;43,779998779296875;43,790000915527344;43,7599983215332;43,779998779296875;24500
2026-07-13;12:55:00;-03:00;43,790000915527344;43,79999923706055;43,72999954223633;43,75;95600
2026-07-13;13:00:00;-03:00;43,779998779296875;43,79999923706055;43,75;43,779998779296875;66900
2026-07-13;13:05:00;-03:00;43,77000045776367;43,83000183105469;43,7599983215332;43,81999969482422;120900
2026-07-13;13:10:00;-03:00;43,81999969482422;43,83000183105469;43,79999923706055;43,810001373291016;31900
2026-07-13;13:15:00;-03:00;43,81999969482422;43,83000183105469;43,7599983215332;43,79999923706055;94400
2026-07-13;13:20:00;-03:00;43,79999923706055;43,81999969482422;43,77000045776367;43,810001373291016;91300
2026-07-13;13:25:00;-03:00;43,790000915527344;43,83000183105469;43,7599983215332;43,790000915527344;71700
2026-07-13;13:30:00;-03:00;43,779998779296875;43,79999923706055;43,709999084472656;43,720001220703125;314900
2026-07-13;13:35:00;-03:00;43,70000076293945;43,75;43,689998626708984;43,72999954223633;66600
2026-07-13;13:40:00;-03:00;43,72999954223633;43,75;43,70000076293945;43,7400016784668;75800
2026-07-13;13:45:00;-03:00;43,7400016784668;43,77000045776367;43,70000076293945;43,709999084472656;57800
2026-07-13;13:50:00;-03:00;43,70000076293945;43,709999084472656;43,650001525878906;43,689998626708984;229000
2026-07-13;13:55:00;-03:00;43,66999816894531;43,709999084472656;43,65999984741211;43,68000030517578;108300
2026-07-13;14:00:00;-03:00;43,689998626708984;43,709999084472656;43,66999816894531;43,70000076293945;55900
2026-07-13;14:05:00;-03:00;43,70000076293945;43,7400016784668;43,68000030517578;43,70000076293945;118900
2026-07-13;14:10:00;-03:00;43,70000076293945;43,779998779296875;43,689998626708984;43,75;170200
2026-07-13;14:15:00;-03:00;43,75;43,7599983215332;43,70000076293945;43,720001220703125;42800
2026-07-13;14:20:00;-03:00;43,72999954223633;43,72999954223633;43,65999984741211;43,66999816894531;113500
2026-07-13;14:25:00;-03:00;43,65999984741211;43,66999816894531;43,59000015258789;43,619998931884766;98700
2026-07-13;14:30:00;-03:00;43,61000061035156;43,61000061035156;43,56999969482422;43,59000015258789;97100
2026-07-13;14:35:00;-03:00;43,59000015258789;43,599998474121094;43,560001373291016;43,560001373291016;55000
2026-07-13;14:40:00;-03:00;43,56999969482422;43,61000061035156;43,540000915527344;43,599998474121094;92500
2026-07-13;14:45:00;-03:00;43,59000015258789;43,75;43,59000015258789;43,650001525878906;275800
2026-07-13;14:50:00;-03:00;43,650001525878906;43,650001525878906;43,61000061035156;43,63999938964844;46300
2026-07-13;14:55:00;-03:00;43,619998931884766;43,66999816894531;43,619998931884766;43,630001068115234;47100
2026-07-13;15:00:00;-03:00;43,630001068115234;43,65999984741211;43,630001068115234;43,630001068115234;27700
2026-07-13;15:05:00;-03:00;43,63999938964844;43,650001525878906;43,619998931884766;43,630001068115234;38300
2026-07-13;15:10:00;-03:00;43,630001068115234;43,630001068115234;43,560001373291016;43,61000061035156;93500
2026-07-13;15:15:00;-03:00;43,61000061035156;43,619998931884766;43,560001373291016;43,56999969482422;52600
2026-07-13;15:20:00;-03:00;43,56999969482422;43,599998474121094;43,54999923706055;43,59000015258789;5064400
2026-07-13;15:25:00;-03:00;43,599998474121094;43,61000061035156;43,54999923706055;43,560001373291016;0
2026-07-13;15:30:00;-03:00;43,560001373291016;43,58000183105469;43,529998779296875;43,54999923706055;31500
2026-07-13;15:35:00;-03:00;43,560001373291016;43,619998931884766;43,540000915527344;43,560001373291016;81700
2026-07-13;15:40:00;-03:00;43,58000183105469;43,63999938964844;43,54999923706055;43,63999938964844;405300
2026-07-13;15:45:00;-03:00;43,619998931884766;43,689998626708984;43,61000061035156;43,65999984741211;181300
2026-07-13;15:50:00;-03:00;43,65999984741211;43,66999816894531;43,63999938964844;43,65999984741211;102000
2026-07-13;15:55:00;-03:00;43,65999984741211;43,68000030517578;43,599998474121094;43,68000030517578;178200
2026-07-13;16:00:00;-03:00;43,68000030517578;43,689998626708984;43,63999938964844;43,66999816894531;103300
2026-07-13;16:05:00;-03:00;43,68000030517578;43,68000030517578;43,630001068115234;43,650001525878906;108900
2026-07-13;16:10:00;-03:00;43,650001525878906;43,66999816894531;43,630001068115234;43,650001525878906;182800
2026-07-13;16:15:00;-03:00;43,650001525878906;43,65999984741211;43,630001068115234;43,65999984741211;100800
2026-07-13;16:20:00;-03:00;43,650001525878906;43,68000030517578;43,61000061035156;43,619998931884766;451600
2026-07-13;16:25:00;-03:00;43,61000061035156;43,619998931884766;43,54999923706055;43,54999923706055;154300
2026-07-13;16:30:00;-03:00;43,560001373291016;43,56999969482422;43,52000045776367;43,540000915527344;188600
2026-07-13;16:35:00;-03:00;43,540000915527344;43,540000915527344;43,5099983215332;43,52000045776367;102500
2026-07-13;16:40:00;-03:00;43,5099983215332;43,540000915527344;43,47999954223633;43,5;342100
2026-07-13;16:45:00;-03:00;43,47999954223633;43,540000915527344;43,47999954223633;43,529998779296875;206600
2026-07-13;16:50:00;-03:00;43,529998779296875;43,58000183105469;43,529998779296875;43,54999923706055;178800
2026-07-14;10:00:00;-03:00;43,810001373291016;43,88999938964844;43,7400016784668;43,84000015258789;0
2026-07-14;10:05:00;-03:00;43,849998474121094;43,939998626708984;43,779998779296875;43,84000015258789;277000
2026-07-14;10:10:00;-03:00;43,810001373291016;43,849998474121094;43,7599983215332;43,79999923706055;187900
2026-07-14;10:15:00;-03:00;43,79999923706055;43,900001525878906;43,720001220703125;43,790000915527344;110400
2026-07-14;10:20:00;-03:00;43,779998779296875;43,86000061035156;43,720001220703125;43,810001373291016;83100
2026-07-14;10:25:00;-03:00;43,810001373291016;43,810001373291016;43,72999954223633;43,7400016784668;48600
2026-07-14;10:30:00;-03:00;43,7400016784668;43,93000030517578;43,72999954223633;43,84000015258789;260500
2026-07-14;10:35:00;-03:00;43,849998474121094;43,849998474121094;43,720001220703125;43,81999969482422;87400
2026-07-14;10:40:00;-03:00;43,81999969482422;43,849998474121094;43,779998779296875;43,810001373291016;200900
2026-07-14;10:45:00;-03:00;43,810001373291016;43,849998474121094;43,75;43,79999923706055;203100
2026-07-14;10:50:00;-03:00;43,810001373291016;43,849998474121094;43,779998779296875;43,79999923706055;477500
2026-07-14;10:55:00;-03:00;43,810001373291016;43,83000183105469;43,79999923706055;43,810001373291016;116800
2026-07-14;11:00:00;-03:00;43,79999923706055;43,849998474121094;43,79999923706055;43,84000015258789;376400
2026-07-14;11:05:00;-03:00;43,849998474121094;44,0;43,81999969482422;43,880001068115234;650600
2026-07-14;11:10:00;-03:00;43,88999938964844;43,88999938964844;43,779998779296875;43,81999969482422;245200
2026-07-14;11:15:00;-03:00;43,81999969482422;43,849998474121094;43,7599983215332;43,810001373291016;111000
2026-07-14;11:20:00;-03:00;43,83000183105469;43,900001525878906;43,79999923706055;43,849998474121094;744500
2026-07-14;11:25:00;-03:00;43,86000061035156;43,86000061035156;43,790000915527344;43,810001373291016;111000
2026-07-14;11:30:00;-03:00;43,83000183105469;43,95000076293945;43,810001373291016;43,880001068115234;129300
2026-07-14;11:35:00;-03:00;43,880001068115234;43,880001068115234;43,77000045776367;43,77000045776367;123900
2026-07-14;11:40:00;-03:00;43,77000045776367;43,779998779296875;43,63999938964844;43,650001525878906;183200
2026-07-14;11:45:00;-03:00;43,650001525878906;43,689998626708984;43,61000061035156;43,68000030517578;154000
2026-07-14;11:50:00;-03:00;43,65999984741211;43,70000076293945;43,63999938964844;43,70000076293945;75700
2026-07-14;11:55:00;-03:00;43,68000030517578;43,72999954223633;43,65999984741211;43,72999954223633;68500
2026-07-14;12:00:00;-03:00;43,72999954223633;43,83000183105469;43,650001525878906;43,779998779296875;107800
2026-07-14;12:05:00;-03:00;43,7599983215332;43,790000915527344;43,709999084472656;43,77000045776367;95000
2026-07-14;12:10:00;-03:00;43,75;43,790000915527344;43,7400016784668;43,779998779296875;58100
2026-07-14;12:15:00;-03:00;43,7599983215332;43,79999923706055;43,72999954223633;43,7599983215332;145400
2026-07-14;12:20:00;-03:00;43,7599983215332;43,7599983215332;43,65999984741211;43,66999816894531;84700
2026-07-14;12:25:00;-03:00;43,68000030517578;43,720001220703125;43,650001525878906;43,68000030517578;59300
2026-07-14;12:30:00;-03:00;43,68000030517578;43,689998626708984;43,630001068115234;43,65999984741211;51600
2026-07-14;12:35:00;-03:00;43,65999984741211;43,65999984741211;43,5099983215332;43,52000045776367;313400
2026-07-14;12:40:00;-03:00;43,5099983215332;43,52000045776367;43,439998626708984;43,52000045776367;95500
2026-07-14;12:45:00;-03:00;43,5;43,529998779296875;43,4900016784668;43,5;127100
2026-07-14;12:50:00;-03:00;43,52000045776367;43,52000045776367;43,439998626708984;43,470001220703125;90400
2026-07-14;12:55:00;-03:00;43,470001220703125;43,470001220703125;43,43000030517578;43,470001220703125;38000
2026-07-14;13:00:00;-03:00;43,470001220703125;43,470001220703125;43,43000030517578;43,45000076293945;44700
2026-07-14;13:05:00;-03:00;43,45000076293945;43,47999954223633;43,400001525878906;43,47999954223633;54400
2026-07-14;13:10:00;-03:00;43,47999954223633;43,52000045776367;43,459999084472656;43,5099983215332;46000
2026-07-14;13:15:00;-03:00;43,5099983215332;43,52000045776367;43,470001220703125;43,5;53600
2026-07-14;13:20:00;-03:00;43,5;43,52000045776367;43,47999954223633;43,4900016784668;31200
2026-07-14;13:25:00;-03:00;43,4900016784668;43,5099983215332;43,459999084472656;43,5099983215332;34900
2026-07-14;13:30:00;-03:00;43,5;43,52000045776367;43,4900016784668;43,5099983215332;33800
2026-07-14;13:35:00;-03:00;43,5099983215332;43,529998779296875;43,4900016784668;43,5099983215332;60800
2026-07-14;13:40:00;-03:00;43,5;43,540000915527344;43,4900016784668;43,529998779296875;69400
2026-07-14;13:45:00;-03:00;43,52000045776367;43,560001373291016;43,45000076293945;43,459999084472656;89700
2026-07-14;13:50:00;-03:00;43,470001220703125;43,5;43,459999084472656;43,4900016784668;48000
2026-07-14;13:55:00;-03:00;43,4900016784668;43,52000045776367;43,47999954223633;43,5;169100
2026-07-14;14:00:00;-03:00;43,4900016784668;43,529998779296875;43,45000076293945;43,459999084472656;145800
2026-07-14;14:05:00;-03:00;43,459999084472656;43,47999954223633;43,41999816894531;43,47999954223633;113500
2026-07-14;14:10:00;-03:00;43,459999084472656;43,470001220703125;43,380001068115234;43,400001525878906;139300
2026-07-14;14:15:00;-03:00;43,400001525878906;43,41999816894531;43,369998931884766;43,38999938964844;52300
2026-07-14;14:20:00;-03:00;43,380001068115234;43,41999816894531;43,36000061035156;43,400001525878906;97600
2026-07-14;14:25:00;-03:00;43,400001525878906;43,400001525878906;43,380001068115234;43,400001525878906;50900
2026-07-14;14:30:00;-03:00;43,400001525878906;43,41999816894531;43,34000015258789;43,36000061035156;141000
2026-07-14;14:35:00;-03:00;43,36000061035156;43,369998931884766;43,31999969482422;43,33000183105469;82900
2026-07-14;14:40:00;-03:00;43,349998474121094;43,369998931884766;43,33000183105469;43,34000015258789;85100
2026-07-14;14:45:00;-03:00;43,34000015258789;43,380001068115234;43,31999969482422;43,349998474121094;72000
2026-07-14;14:50:00;-03:00;43,349998474121094;43,38999938964844;43,349998474121094;43,369998931884766;75300
2026-07-14;14:55:00;-03:00;43,369998931884766;43,369998931884766;43,27000045776367;43,290000915527344;241700
2026-07-14;15:00:00;-03:00;43,29999923706055;43,310001373291016;43,2400016784668;43,290000915527344;332200
2026-07-14;15:05:00;-03:00;43,29999923706055;43,36000061035156;43,279998779296875;43,33000183105469;232700
2026-07-14;15:10:00;-03:00;43,33000183105469;43,369998931884766;43,31999969482422;43,33000183105469;142400
2026-07-14;15:15:00;-03:00;43,33000183105469;43,349998474121094;43,290000915527344;43,33000183105469;117000
2026-07-14;15:20:00;-03:00;43,33000183105469;43,369998931884766;43,33000183105469;43,36000061035156;70500
2026-07-14;15:25:00;-03:00;43,36000061035156;43,40999984741211;43,349998474121094;43,40999984741211;118600
2026-07-14;15:30:00;-03:00;43,40999984741211;43,439998626708984;43,380001068115234;43,40999984741211;139900
2026-07-14;15:35:00;-03:00;43,40999984741211;43,439998626708984;43,380001068115234;43,43000030517578;146800
2026-07-14;15:40:00;-03:00;43,43000030517578;43,459999084472656;43,43000030517578;43,439998626708984;98000
2026-07-14;15:45:00;-03:00;43,43000030517578;43,529998779296875;43,41999816894531;43,529998779296875;170500
2026-07-14;15:50:00;-03:00;43,529998779296875;43,529998779296875;43,459999084472656;43,4900016784668;171500
2026-07-14;15:55:00;-03:00;43,4900016784668;43,540000915527344;43,47999954223633;43,52000045776367;458400
2026-07-14;16:00:00;-03:00;43,5099983215332;43,52000045776367;43,4900016784668;43,52000045776367;180600
2026-07-14;16:05:00;-03:00;43,52000045776367;43,54999923706055;43,4900016784668;43,540000915527344;148700
2026-07-14;16:10:00;-03:00;43,540000915527344;43,540000915527344;43,470001220703125;43,470001220703125;164900
2026-07-14;16:15:00;-03:00;43,47999954223633;43,4900016784668;43,470001220703125;43,47999954223633;141400
2026-07-14;16:20:00;-03:00;43,47999954223633;43,47999954223633;43,380001068115234;43,43000030517578;195900
2026-07-14;16:25:00;-03:00;43,43000030517578;43,45000076293945;43,400001525878906;43,41999816894531;401900
2026-07-14;16:30:00;-03:00;43,43000030517578;43,45000076293945;43,400001525878906;43,41999816894531;145900
2026-07-14;16:35:00;-03:00;43,40999984741211;43,45000076293945;43,400001525878906;43,41999816894531;149200
2026-07-14;16:40:00;-03:00;43,41999816894531;43,470001220703125;43,41999816894531;43,470001220703125;183100
2026-07-14;16:45:00;-03:00;43,45000076293945;43,529998779296875;43,45000076293945;43,4900016784668;312300
2026-07-14;16:50:00;-03:00;43,4900016784668;43,52000045776367;43,47999954223633;43,5;261800
2026-07-15;10:00:00;-03:00;43,52000045776367;43,619998931884766;43,4900016784668;43,59000015258789;73400
2026-07-15;10:05:00;-03:00;43,599998474121094;43,599998474121094;43,5;43,5099983215332;79800
2026-07-15;10:10:00;-03:00;43,5;43,52000045776367;43,380001068115234;43,380001068115234;99600
2026-07-15;10:15:00;-03:00;43,380001068115234;43,41999816894531;43,34000015258789;43,380001068115234;119800
2026-07-15;10:20:00;-03:00;43,38999938964844;43,470001220703125;43,380001068115234;43,400001525878906;36000
2026-07-15;10:25:00;-03:00;43,40999984741211;43,45000076293945;43,349998474121094;43,349998474121094;75500
2026-07-15;10:30:00;-03:00;43,369998931884766;43,47999954223633;43,31999969482422;43,31999969482422;162300
2026-07-15;10:35:00;-03:00;43,31999969482422;43,31999969482422;43,27000045776367;43,29999923706055;122100
2026-07-15;10:40:00;-03:00;43,29999923706055;43,33000183105469;43,220001220703125;43,2599983215332;98200
2026-07-15;10:45:00;-03:00;43,27000045776367;43,31999969482422;43,220001220703125;43,2599983215332;145600
2026-07-15;10:50:00;-03:00;43,27000045776367;43,310001373291016;43,220001220703125;43,290000915527344;284400
2026-07-15;10:55:00;-03:00;43,290000915527344;43,36000061035156;43,279998779296875;43,33000183105469;171300
2026-07-15;11:00:00;-03:00;43,34000015258789;43,34000015258789;43,290000915527344;43,310001373291016;85900
2026-07-15;11:05:00;-03:00;43,310001373291016;43,310001373291016;43,22999954223633;43,290000915527344;120100
2026-07-15;11:10:00;-03:00;43,279998779296875;43,38999938964844;43,27000045776367;43,349998474121094;101800
2026-07-15;11:15:00;-03:00;43,349998474121094;43,38999938964844;43,22999954223633;43,22999954223633;152100
2026-07-15;11:20:00;-03:00;43,2400016784668;43,2400016784668;43,119998931884766;43,119998931884766;208000
2026-07-15;11:25:00;-03:00;43,130001068115234;43,20000076293945;43,099998474121094;43,18000030517578;121300
2026-07-15;11:30:00;-03:00;43,189998626708984;43,290000915527344;43,18000030517578;43,22999954223633;326300
2026-07-15;11:35:00;-03:00;43,22999954223633;43,41999816894531;43,209999084472656;43,36000061035156;455300
2026-07-15;11:40:00;-03:00;43,36000061035156;43,36000061035156;43,27000045776367;43,27000045776367;148800
2026-07-15;11:45:00;-03:00;43,279998779296875;43,36000061035156;43,2400016784668;43,36000061035156;103600
2026-07-15;11:50:00;-03:00;43,349998474121094;43,380001068115234;43,310001373291016;43,33000183105469;152900
2026-07-15;11:55:00;-03:00;43,34000015258789;43,380001068115234;43,290000915527344;43,33000183105469;200200
2026-07-15;12:00:00;-03:00;43,349998474121094;43,369998931884766;43,31999969482422;43,36000061035156;195500
2026-07-15;12:05:00;-03:00;43,36000061035156;43,45000076293945;43,349998474121094;43,380001068115234;105800
2026-07-15;12:10:00;-03:00;43,38999938964844;43,40999984741211;43,34000015258789;43,400001525878906;67200
2026-07-15;12:15:00;-03:00;43,400001525878906;43,439998626708984;43,349998474121094;43,41999816894531;96500
2026-07-15;12:20:00;-03:00;43,41999816894531;43,41999816894531;43,279998779296875;43,310001373291016;126500
2026-07-15;12:25:00;-03:00;43,310001373291016;43,400001525878906;43,310001373291016;43,349998474121094;76400
2026-07-15;12:30:00;-03:00;43,349998474121094;43,36000061035156;43,290000915527344;43,33000183105469;181400
2026-07-15;12:35:00;-03:00;43,33000183105469;43,33000183105469;43,2400016784668;43,29999923706055;472400
2026-07-15;12:40:00;-03:00;43,290000915527344;43,290000915527344;43,220001220703125;43,25;181600
2026-07-15;12:45:00;-03:00;43,25;43,279998779296875;43,22999954223633;43,279998779296875;111100
2026-07-15;12:50:00;-03:00;43,27000045776367;43,290000915527344;43,2400016784668;43,279998779296875;197100
2026-07-15;12:55:00;-03:00;43,27000045776367;43,290000915527344;43,2400016784668;43,2599983215332;65400
2026-07-15;13:00:00;-03:00;43,279998779296875;43,290000915527344;43,22999954223633;43,2599983215332;65200
2026-07-15;13:05:00;-03:00;43,27000045776367;43,290000915527344;43,2400016784668;43,27000045776367;50600
2026-07-15;13:10:00;-03:00;43,2599983215332;43,29999923706055;43,16999816894531;43,16999816894531;230000
2026-07-15;13:15:00;-03:00;43,16999816894531;43,18000030517578;43,13999938964844;43,16999816894531;110000
2026-07-15;13:20:00;-03:00;43,16999816894531;43,20000076293945;43,150001525878906;43,16999816894531;101100
2026-07-15;13:25:00;-03:00;43,15999984741211;43,18000030517578;43,130001068115234;43,150001525878906;1192800
2026-07-15;13:30:00;-03:00;43,15999984741211;43,22999954223633;43,13999938964844;43,20000076293945;200300
2026-07-15;13:35:00;-03:00;43,20000076293945;43,2400016784668;43,18000030517578;43,18000030517578;111400
2026-07-15;13:40:00;-03:00;43,189998626708984;43,20000076293945;43,16999816894531;43,16999816894531;69100
2026-07-15;13:45:00;-03:00;43,16999816894531;43,25;43,16999816894531;43,20000076293945;173400
2026-07-15;13:50:00;-03:00;43,209999084472656;43,209999084472656;43,16999816894531;43,18000030517578;41600
2026-07-15;13:55:00;-03:00;43,16999816894531;43,18000030517578;43,099998474121094;43,130001068115234;163600
2026-07-15;14:00:00;-03:00;43,130001068115234;43,18000030517578;43,119998931884766;43,15999984741211;240500
2026-07-15;14:05:00;-03:00;43,15999984741211;43,220001220703125;43,13999938964844;43,16999816894531;192900
2026-07-15;14:10:00;-03:00;43,16999816894531;43,20000076293945;43,13999938964844;43,13999938964844;108100
2026-07-15;14:15:00;-03:00;43,13999938964844;43,15999984741211;43,09000015258789;43,11000061035156;308600
2026-07-15;14:20:00;-03:00;43,130001068115234;43,13999938964844;43,06999969482422;43,09000015258789;81300
2026-07-15;14:25:00;-03:00;43,09000015258789;43,16999816894531;43,08000183105469;43,150001525878906;187600
2026-07-15;14:30:00;-03:00;43,150001525878906;43,20000076293945;43,13999938964844;43,16999816894531;193200
2026-07-15;14:35:00;-03:00;43,16999816894531;43,220001220703125;43,150001525878906;43,20000076293945;139400
2026-07-15;14:40:00;-03:00;43,20000076293945;43,25;43,189998626708984;43,25;256700
2026-07-15;14:45:00;-03:00;43,22999954223633;43,290000915527344;43,220001220703125;43,2599983215332;812000
2026-07-15;14:50:00;-03:00;43,2599983215332;43,290000915527344;43,22999954223633;43,22999954223633;184100
2026-07-15;14:55:00;-03:00;43,22999954223633;43,25;43,189998626708984;43,220001220703125;483400
2026-07-15;15:00:00;-03:00;43,220001220703125;43,2400016784668;43,16999816894531;43,20000076293945;191700
2026-07-15;15:05:00;-03:00;43,20000076293945;43,2599983215332;43,20000076293945;43,20000076293945;179100
2026-07-15;15:10:00;-03:00;43,20000076293945;43,279998779296875;43,18000030517578;43,220001220703125;156400
2026-07-15;15:15:00;-03:00;43,220001220703125;43,290000915527344;43,220001220703125;43,22999954223633;360900
2026-07-15;15:20:00;-03:00;43,22999954223633;43,27000045776367;43,20000076293945;43,220001220703125;238500
2026-07-15;15:25:00;-03:00;43,209999084472656;43,2400016784668;43,20000076293945;43,209999084472656;166400
2026-07-15;15:30:00;-03:00;43,209999084472656;43,2599983215332;43,189998626708984;43,2400016784668;170500
2026-07-15;15:35:00;-03:00;43,2400016784668;43,2400016784668;43,16999816894531;43,18000030517578;222800
2026-07-15;15:40:00;-03:00;43,16999816894531;43,20000076293945;43,119998931884766;43,150001525878906;185100
2026-07-15;15:45:00;-03:00;43,150001525878906;43,209999084472656;43,150001525878906;43,189998626708984;230000
2026-07-15;15:50:00;-03:00;43,18000030517578;43,20000076293945;43,15999984741211;43,18000030517578;169000
2026-07-15;15:55:00;-03:00;43,18000030517578;43,209999084472656;43,150001525878906;43,15999984741211;211500
2026-07-15;16:00:00;-03:00;43,150001525878906;43,220001220703125;43,13999938964844;43,20000076293945;226900
2026-07-15;16:05:00;-03:00;43,189998626708984;43,2400016784668;43,16999816894531;43,209999084472656;268500
2026-07-15;16:10:00;-03:00;43,20000076293945;43,27000045776367;43,18000030517578;43,2400016784668;222800
2026-07-15;16:15:00;-03:00;43,22999954223633;43,25;43,209999084472656;43,209999084472656;193600
2026-07-15;16:20:00;-03:00;43,209999084472656;43,2400016784668;43,189998626708984;43,20000076293945;222400
2026-07-15;16:25:00;-03:00;43,20000076293945;43,220001220703125;43,15999984741211;43,20000076293945;234600
2026-07-15;16:30:00;-03:00;43,189998626708984;43,20000076293945;43,119998931884766;43,130001068115234;214400
2026-07-15;16:35:00;-03:00;43,130001068115234;43,16999816894531;43,11000061035156;43,13999938964844;320300
2026-07-15;16:40:00;-03:00;43,13999938964844;43,150001525878906;43,08000183105469;43,11000061035156;345900
2026-07-15;16:45:00;-03:00;43,11000061035156;43,119998931884766;43,06999969482422;43,099998474121094;255200
2026-07-15;16:50:00;-03:00;43,09000015258789;43,119998931884766;43,04999923706055;43,08000183105469;384700
2026-07-15;16:55:00;-03:00;43,060001373291016;43,060001373291016;43,060001373291016;43,060001373291016;500
2026-07-16;10:00:00;-03:00;43,22999954223633;43,22999954223633;42,959999084472656;42,959999084472656;378000
2026-07-16;10:05:00;-03:00;42,97999954223633;43,0;42,81999969482422;42,900001525878906;421800
2026-07-16;10:10:00;-03:00;42,900001525878906;42,900001525878906;42,86000061035156;42,900001525878906;170200
2026-07-16;10:15:00;-03:00;42,88999938964844;42,91999816894531;42,83000183105469;42,900001525878906;194600
2026-07-16;10:20:00;-03:00;42,88999938964844;42,939998626708984;42,880001068115234;42,90999984741211;88100
2026-07-16;10:25:00;-03:00;42,91999816894531;42,95000076293945;42,900001525878906;42,900001525878906;53600
2026-07-16;10:30:00;-03:00;42,90999984741211;42,93000030517578;42,40999984741211;42,40999984741211;578900
2026-07-16;10:35:00;-03:00;42,41999816894531;42,4900016784668;42,400001525878906;42,47999954223633;111000
2026-07-16;10:40:00;-03:00;42,459999084472656;42,4900016784668;42,38999938964844;42,41999816894531;459500
2026-07-16;10:45:00;-03:00;42,439998626708984;42,52000045776367;42,43000030517578;42,5099983215332;144100
2026-07-16;10:50:00;-03:00;42,5099983215332;42,560001373291016;42,47999954223633;42,560001373291016;226900
2026-07-16;10:55:00;-03:00;42,54999923706055;42,560001373291016;42,41999816894531;42,459999084472656;249200
2026-07-16;11:00:00;-03:00;42,470001220703125;42,61000061035156;42,470001220703125;42,5099983215332;416700
2026-07-16;11:05:00;-03:00;42,52000045776367;42,59000015258789;42,4900016784668;42,59000015258789;448700
2026-07-16;11:10:00;-03:00;42,59000015258789;42,689998626708984;42,59000015258789;42,65999984741211;318000
2026-07-16;11:15:00;-03:00;42,65999984741211;42,689998626708984;42,599998474121094;42,63999938964844;185300
2026-07-16;11:20:00;-03:00;42,650001525878906;42,68000030517578;42,619998931884766;42,650001525878906;53200
2026-07-16;11:25:00;-03:00;42,650001525878906;42,720001220703125;42,599998474121094;42,720001220703125;123200
2026-07-16;11:30:00;-03:00;42,709999084472656;42,810001373291016;42,70000076293945;42,779998779296875;304600
2026-07-16;11:35:00;-03:00;42,790000915527344;42,84000015258789;42,7599983215332;42,83000183105469;149100
2026-07-16;11:40:00;-03:00;42,84000015258789;42,900001525878906;42,81999969482422;42,880001068115234;589500
2026-07-16;11:45:00;-03:00;42,880001068115234;42,880001068115234;42,81999969482422;42,880001068115234;107000
2026-07-16;11:50:00;-03:00;42,880001068115234;42,91999816894531;42,84000015258789;42,849998474121094;570500
2026-07-16;11:55:00;-03:00;42,849998474121094;42,849998474121094;42,77000045776367;42,790000915527344;120200
2026-07-16;12:00:00;-03:00;42,790000915527344;42,849998474121094;42,75;42,81999969482422;76300
2026-07-16;12:05:00;-03:00;42,81999969482422;42,84000015258789;42,7599983215332;42,810001373291016;128200
2026-07-16;12:10:00;-03:00;42,810001373291016;42,869998931884766;42,810001373291016;42,84000015258789;172000
2026-07-16;12:15:00;-03:00;42,849998474121094;42,869998931884766;42,79999923706055;42,810001373291016;54000
2026-07-16;12:20:00;-03:00;42,81999969482422;42,869998931884766;42,790000915527344;42,849998474121094;212000
2026-07-16;12:25:00;-03:00;42,869998931884766;42,869998931884766;42,79999923706055;42,84000015258789;149100
2026-07-16;12:30:00;-03:00;42,81999969482422;42,81999969482422;42,7400016784668;42,810001373291016;244800
2026-07-16;12:35:00;-03:00;42,79999923706055;42,86000061035156;42,779998779296875;42,84000015258789;125400
2026-07-16;12:40:00;-03:00;42,86000061035156;42,86000061035156;42,779998779296875;42,790000915527344;34600
2026-07-16;12:45:00;-03:00;42,810001373291016;42,810001373291016;42,720001220703125;42,790000915527344;113800
2026-07-16;12:50:00;-03:00;42,779998779296875;42,81999969482422;42,77000045776367;42,81999969482422;50900
2026-07-16;12:55:00;-03:00;42,810001373291016;42,83000183105469;42,790000915527344;42,810001373291016;52600
2026-07-16;13:00:00;-03:00;42,810001373291016;42,83000183105469;42,7599983215332;42,7599983215332;55100
2026-07-16;13:05:00;-03:00;42,7599983215332;42,790000915527344;42,72999954223633;42,779998779296875;146300
2026-07-16;13:10:00;-03:00;42,790000915527344;42,79999923706055;42,70000076293945;42,709999084472656;165300
2026-07-16;13:15:00;-03:00;42,709999084472656;42,709999084472656;42,619998931884766;42,630001068115234;107100
2026-07-16;13:20:00;-03:00;42,630001068115234;42,650001525878906;42,56999969482422;42,630001068115234;209200
2026-07-16;13:25:00;-03:00;42,630001068115234;42,65999984741211;42,61000061035156;42,630001068115234;41300
2026-07-16;13:30:00;-03:00;42,650001525878906;42,65999984741211;42,58000183105469;42,599998474121094;208700
2026-07-16;13:35:00;-03:00;42,599998474121094;42,65999984741211;42,59000015258789;42,65999984741211;192000
2026-07-16;13:40:00;-03:00;42,63999938964844;42,66999816894531;42,619998931884766;42,63999938964844;45700
2026-07-16;13:45:00;-03:00;42,65999984741211;42,65999984741211;42,56999969482422;42,599998474121094;197400
2026-07-16;13:50:00;-03:00;42,619998931884766;42,63999938964844;42,59000015258789;42,630001068115234;80900
2026-07-16;13:55:00;-03:00;42,650001525878906;42,65999984741211;42,599998474121094;42,619998931884766;63300
2026-07-16;14:00:00;-03:00;42,630001068115234;42,63999938964844;42,599998474121094;42,61000061035156;81200
2026-07-16;14:05:00;-03:00;42,61000061035156;42,61000061035156;42,5099983215332;42,529998779296875;118100
2026-07-16;14:10:00;-03:00;42,560001373291016;42,599998474121094;42,529998779296875;42,58000183105469;164300
2026-07-16;14:15:00;-03:00;42,58000183105469;42,619998931884766;42,560001373291016;42,61000061035156;120600
2026-07-16;14:20:00;-03:00;42,599998474121094;42,61000061035156;42,560001373291016;42,56999969482422;49400
2026-07-16;14:25:00;-03:00;42,56999969482422;42,630001068115234;42,56999969482422;42,59000015258789;55700
2026-07-16;14:30:00;-03:00;42,59000015258789;42,63999938964844;42,59000015258789;42,61000061035156;40200
2026-07-16;14:35:00;-03:00;42,61000061035156;42,650001525878906;42,599998474121094;42,619998931884766;48700
2026-07-16;14:40:00;-03:00;42,630001068115234;42,66999816894531;42,61000061035156;42,650001525878906;180400
2026-07-16;14:45:00;-03:00;42,650001525878906;42,68000030517578;42,650001525878906;42,68000030517578;54900
2026-07-16;14:50:00;-03:00;42,68000030517578;42,72999954223633;42,65999984741211;42,65999984741211;123900
2026-07-16;14:55:00;-03:00;42,65999984741211;42,65999984741211;42,56999969482422;42,59000015258789;130600
2026-07-16;15:00:00;-03:00;42,59000015258789;42,59000015258789;42,540000915527344;42,540000915527344;69900
2026-07-16;15:05:00;-03:00;42,540000915527344;42,540000915527344;42,459999084472656;42,470001220703125;118900
2026-07-16;15:10:00;-03:00;42,459999084472656;42,56999969482422;42,459999084472656;42,54999923706055;106300
2026-07-16;15:15:00;-03:00;42,560001373291016;42,56999969482422;42,5099983215332;42,52000045776367;143300
2026-07-16;15:20:00;-03:00;42,52000045776367;42,56999969482422;42,5;42,54999923706055;130500
2026-07-16;15:25:00;-03:00;42,54999923706055;42,560001373291016;42,52000045776367;42,529998779296875;114100
2026-07-16;15:30:00;-03:00;42,529998779296875;42,540000915527344;42,34000015258789;42,400001525878906;902000
2026-07-16;15:35:00;-03:00;42,41999816894531;42,43000030517578;42,36000061035156;42,36000061035156;122200
2026-07-16;15:40:00;-03:00;42,36000061035156;42,380001068115234;42,34000015258789;42,380001068115234;129200
2026-07-16;15:45:00;-03:00;42,36000061035156;42,45000076293945;42,36000061035156;42,439998626708984;166300
2026-07-16;15:50:00;-03:00;42,439998626708984;42,58000183105469;42,40999984741211;42,54999923706055;327500
2026-07-16;15:55:00;-03:00;42,560001373291016;42,63999938964844;42,529998779296875;42,61000061035156;803400
2026-07-16;16:00:00;-03:00;42,63999938964844;42,68000030517578;42,58000183105469;42,63999938964844;342100
2026-07-16;16:05:00;-03:00;42,63999938964844;42,65999984741211;42,599998474121094;42,619998931884766;97200
2026-07-16;16:10:00;-03:00;42,619998931884766;42,63999938964844;42,56999969482422;42,61000061035156;90200
2026-07-16;16:15:00;-03:00;42,619998931884766;42,650001525878906;42,61000061035156;42,61000061035156;89600
2026-07-16;16:20:00;-03:00;42,61000061035156;42,619998931884766;42,540000915527344;42,540000915527344;274600
2026-07-16;16:25:00;-03:00;42,560001373291016;42,560001373291016;42,5099983215332;42,529998779296875;235600
2026-07-16;16:30:00;-03:00;42,529998779296875;42,54999923706055;42,470001220703125;42,47999954223633;142300
2026-07-16;16:35:00;-03:00;42,47999954223633;42,540000915527344;42,45000076293945;42,5;207600
2026-07-16;16:40:00;-03:00;42,5;42,529998779296875;42,47999954223633;42,47999954223633;173300
2026-07-16;16:45:00;-03:00;42,4900016784668;42,52000045776367;42,459999084472656;42,4900016784668;227500
2026-07-16;16:50:00;-03:00;42,4900016784668;42,52000045776367;42,470001220703125;42,470001220703125;380200
2026-07-17;10:05:00;-03:00;42,5;42,61000061035156;42,400001525878906;42,45000076293945;317600
2026-07-17;10:10:00;-03:00;42,4900016784668;42,5;42,31999969482422;42,369998931884766;167300
2026-07-17;10:15:00;-03:00;42,369998931884766;42,470001220703125;42,349998474121094;42,400001525878906;80800
2026-07-17;10:20:00;-03:00;42,380001068115234;42,380001068115234;42,22999954223633;42,22999954223633;246100
2026-07-17;10:25:00;-03:00;42,2400016784668;42,33000183105469;42,220001220703125;42,290000915527344;82900
2026-07-17;10:30:00;-03:00;42,29999923706055;42,400001525878906;42,22999954223633;42,349998474121094;168900
2026-07-17;10:35:00;-03:00;42,349998474121094;42,349998474121094;42,09000015258789;42,09000015258789;236400
2026-07-17;10:40:00;-03:00;42,09000015258789;42,189998626708984;42,029998779296875;42,029998779296875;272900
2026-07-17;10:45:00;-03:00;42,060001373291016;42,09000015258789;42,0099983215332;42,060001373291016;142600
2026-07-17;10:50:00;-03:00;42,099998474121094;42,119998931884766;42,029998779296875;42,08000183105469;79500
2026-07-17;10:55:00;-03:00;42,09000015258789;42,189998626708984;42,08000183105469;42,150001525878906;688800
2026-07-17;11:00:00;-03:00;42,150001525878906;42,15999984741211;42,04999923706055;42,13999938964844;333500
2026-07-17;11:05:00;-03:00;42,13999938964844;42,150001525878906;42,040000915527344;42,06999969482422;213800
2026-07-17;11:10:00;-03:00;42,06999969482422;42,099998474121094;42,0;42,08000183105469;304200
2026-07-17;11:15:00;-03:00;42,060001373291016;42,130001068115234;42,060001373291016;42,060001373291016;116200
2026-07-17;11:20:00;-03:00;42,060001373291016;42,15999984741211;42,060001373291016;42,09000015258789;583200
2026-07-17;11:25:00;-03:00;42,099998474121094;42,13999938964844;42,06999969482422;42,08000183105469;568700
2026-07-17;11:30:00;-03:00;42,08000183105469;42,08000183105469;42,0;42,029998779296875;189100
2026-07-17;11:35:00;-03:00;42,040000915527344;42,04999923706055;42,0;42,040000915527344;103000
2026-07-17;11:40:00;-03:00;42,029998779296875;42,130001068115234;42,0099983215332;42,08000183105469;292000
2026-07-17;11:45:00;-03:00;42,08000183105469;42,2400016784668;42,06999969482422;42,150001525878906;448000
2026-07-17;11:50:00;-03:00;42,150001525878906;42,220001220703125;42,13999938964844;42,189998626708984;397900
2026-07-17;11:55:00;-03:00;42,189998626708984;42,25;42,189998626708984;42,189998626708984;440100
2026-07-17;12:00:00;-03:00;42,20000076293945;42,20000076293945;42,099998474121094;42,13999938964844;273300
2026-07-17;12:05:00;-03:00;42,150001525878906;42,220001220703125;42,130001068115234;42,189998626708984;211200
2026-07-17;12:10:00;-03:00;42,189998626708984;42,2400016784668;42,18000030517578;42,220001220703125;155300
2026-07-17;12:15:00;-03:00;42,220001220703125;42,34000015258789;42,189998626708984;42,33000183105469;418300
2026-07-17;12:20:00;-03:00;42,33000183105469;42,41999816894531;42,310001373291016;42,34000015258789;343400
2026-07-17;12:25:00;-03:00;42,349998474121094;42,369998931884766;42,310001373291016;42,34000015258789;264000
2026-07-17;12:30:00;-03:00;42,33000183105469;42,380001068115234;42,27000045776367;42,290000915527344;223300
2026-07-17;12:35:00;-03:00;42,29999923706055;42,29999923706055;42,2400016784668;42,25;250800
2026-07-17;12:40:00;-03:00;42,25;42,27000045776367;42,220001220703125;42,220001220703125;56000
2026-07-17;12:45:00;-03:00;42,220001220703125;42,22999954223633;42,20000076293945;42,22999954223633;62000
2026-07-17;12:50:00;-03:00;42,22999954223633;42,25;42,220001220703125;42,25;87700
2026-07-17;12:55:00;-03:00;42,2400016784668;42,290000915527344;42,22999954223633;42,25;58700
2026-07-17;13:00:00;-03:00;42,25;42,27000045776367;42,22999954223633;42,22999954223633;48200
2026-07-17;13:05:00;-03:00;42,22999954223633;42,29999923706055;42,20000076293945;42,290000915527344;135800
2026-07-17;13:10:00;-03:00;42,29999923706055;42,29999923706055;42,130001068115234;42,150001525878906;249500
2026-07-17;13:15:00;-03:00;42,13999938964844;42,150001525878906;42,06999969482422;42,08000183105469;135900
2026-07-17;13:20:00;-03:00;42,06999969482422;42,11000061035156;42,029998779296875;42,08000183105469;170200
2026-07-17;13:25:00;-03:00;42,08000183105469;42,08000183105469;41,9900016784668;42,029998779296875;724200
2026-07-17;13:30:00;-03:00;42,040000915527344;42,060001373291016;42,0099983215332;42,060001373291016;124300
2026-07-17;13:35:00;-03:00;42,060001373291016;42,08000183105469;42,029998779296875;42,060001373291016;84500
2026-07-17;13:40:00;-03:00;42,06999969482422;42,119998931884766;42,060001373291016;42,099998474121094;213700
2026-07-17;13:45:00;-03:00;42,099998474121094;42,130001068115234;42,09000015258789;42,119998931884766;131100
2026-07-17;13:50:00;-03:00;42,11000061035156;42,130001068115234;42,099998474121094;42,119998931884766;254800
2026-07-17;13:55:00;-03:00;42,130001068115234;42,130001068115234;42,099998474121094;42,130001068115234;164000
2026-07-17;14:00:00;-03:00;42,119998931884766;42,13999938964844;42,099998474121094;42,130001068115234;59000
2026-07-17;14:05:00;-03:00;42,119998931884766;42,13999938964844;42,11000061035156;42,130001068115234;50600
2026-07-17;14:10:00;-03:00;42,13999938964844;42,13999938964844;42,099998474121094;42,11000061035156;126400
2026-07-17;14:15:00;-03:00;42,099998474121094;42,119998931884766;42,099998474121094;42,11000061035156;145900
2026-07-17;14:20:00;-03:00;42,11000061035156;42,13999938964844;42,099998474121094;42,11000061035156;169400
2026-07-17;14:25:00;-03:00;42,119998931884766;42,119998931884766;42,060001373291016;42,06999969482422;203100
2026-07-17;14:30:00;-03:00;42,06999969482422;42,11000061035156;42,060001373291016;42,099998474121094;145300
2026-07-17;14:35:00;-03:00;42,11000061035156;42,11000061035156;42,06999969482422;42,06999969482422;170800
2026-07-17;14:40:00;-03:00;42,06999969482422;42,08000183105469;42,02000045776367;42,029998779296875;449200
2026-07-17;14:45:00;-03:00;42,029998779296875;42,08000183105469;42,029998779296875;42,060001373291016;111600
2026-07-17;14:50:00;-03:00;42,06999969482422;42,08000183105469;42,040000915527344;42,04999923706055;57100
2026-07-17;14:55:00;-03:00;42,040000915527344;42,060001373291016;41,9900016784668;42,0;127800
2026-07-17;15:00:00;-03:00;41,9900016784668;42,0;41,95000076293945;41,959999084472656;158900
2026-07-17;15:05:00;-03:00;41,970001220703125;41,970001220703125;41,900001525878906;41,93000030517578;184700
2026-07-17;15:10:00;-03:00;41,93000030517578;41,939998626708984;41,900001525878906;41,90999984741211;99000
2026-07-17;15:15:00;-03:00;41,90999984741211;41,959999084472656;41,88999938964844;41,95000076293945;341300
2026-07-17;15:20:00;-03:00;41,93000030517578;41,95000076293945;41,88999938964844;41,900001525878906;122500
2026-07-17;15:25:00;-03:00;41,900001525878906;41,900001525878906;41,869998931884766;41,900001525878906;130300
2026-07-17;15:30:00;-03:00;41,900001525878906;41,91999816894531;41,869998931884766;41,880001068115234;86300
2026-07-17;15:35:00;-03:00;41,880001068115234;41,91999816894531;41,869998931884766;41,90999984741211;103600
2026-07-17;15:40:00;-03:00;41,91999816894531;41,93000030517578;41,900001525878906;41,93000030517578;156400
2026-07-17;15:45:00;-03:00;41,93000030517578;41,93000030517578;41,90999984741211;41,91999816894531;56300
2026-07-17;15:50:00;-03:00;41,90999984741211;41,95000076293945;41,90999984741211;41,91999816894531;91300
2026-07-17;15:55:00;-03:00;41,93000030517578;41,95000076293945;41,90999984741211;41,91999816894531;110900
2026-07-17;16:00:00;-03:00;41,90999984741211;41,91999816894531;41,90999984741211;41,91999816894531;78700
2026-07-17;16:05:00;-03:00;41,90999984741211;41,91999816894531;41,900001525878906;41,90999984741211;153500
2026-07-17;16:10:00;-03:00;41,90999984741211;41,90999984741211;41,880001068115234;41,88999938964844;136600
2026-07-17;16:15:00;-03:00;41,88999938964844;41,91999816894531;41,869998931884766;41,91999816894531;265600
2026-07-17;16:20:00;-03:00;41,91999816894531;41,93000030517578;41,880001068115234;41,900001525878906;110200
2026-07-17;16:25:00;-03:00;41,900001525878906;41,970001220703125;41,869998931884766;41,970001220703125;248200
2026-07-17;16:30:00;-03:00;41,970001220703125;41,97999954223633;41,90999984741211;41,90999984741211;235500
2026-07-17;16:35:00;-03:00;41,91999816894531;41,95000076293945;41,88999938964844;41,88999938964844;237500
2026-07-17;16:40:00;-03:00;41,900001525878906;41,9900016784668;41,88999938964844;41,97999954223633;435400
2026-07-17;16:45:00;-03:00;41,97999954223633;42,0;41,93000030517578;41,970001220703125;483300
2026-07-17;16:50:00;-03:00;41,97999954223633;42,029998779296875;41,95000076293945;41,959999084472656;129200
2026-07-20;10:00:00;-03:00;42,13999938964844;42,25;42,099998474121094;42,18000030517578;0
2026-07-20;10:05:00;-03:00;42,18000030517578;42,209999084472656;42,130001068115234;42,20000076293945;114500
2026-07-20;10:10:00;-03:00;42,209999084472656;42,279998779296875;42,119998931884766;42,209999084472656;67200
2026-07-20;10:15:00;-03:00;42,209999084472656;42,2400016784668;42,11000061035156;42,150001525878906;138500
2026-07-20;10:20:00;-03:00;42,150001525878906;42,29999923706055;42,150001525878906;42,2599983215332;811100
2026-07-20;10:25:00;-03:00;42,2599983215332;42,34000015258789;42,2400016784668;42,290000915527344;36900
2026-07-20;10:30:00;-03:00;42,27000045776367;42,290000915527344;42,15999984741211;42,20000076293945;685400
2026-07-20;10:35:00;-03:00;42,20000076293945;42,380001068115234;42,20000076293945;42,369998931884766;384300
2026-07-20;10:40:00;-03:00;42,380001068115234;42,38999938964844;42,15999984741211;42,189998626708984;215000
2026-07-20;10:45:00;-03:00;42,189998626708984;42,400001525878906;42,16999816894531;42,400001525878906;169100
2026-07-20;10:50:00;-03:00;42,400001525878906;42,5;42,400001525878906;42,41999816894531;182600
2026-07-20;10:55:00;-03:00;42,40999984741211;42,43000030517578;42,29999923706055;42,29999923706055;177800
2026-07-20;11:00:00;-03:00;42,29999923706055;42,400001525878906;42,29999923706055;42,38999938964844;71700
2026-07-20;11:05:00;-03:00;42,38999938964844;42,45000076293945;42,369998931884766;42,380001068115234;72800
2026-07-20;11:10:00;-03:00;42,380001068115234;42,40999984741211;42,33000183105469;42,380001068115234;50800
2026-07-20;11:15:00;-03:00;42,380001068115234;42,43000030517578;42,369998931884766;42,38999938964844;83400
2026-07-20;11:20:00;-03:00;42,380001068115234;42,40999984741211;42,31999969482422;42,369998931884766;51100
2026-07-20;11:25:00;-03:00;42,380001068115234;42,400001525878906;42,349998474121094;42,36000061035156;51800
2026-07-20;11:30:00;-03:00;42,34000015258789;42,43000030517578;42,33000183105469;42,43000030517578;115800
2026-07-20;11:35:00;-03:00;42,40999984741211;42,439998626708984;42,380001068115234;42,43000030517578;47200
2026-07-20;11:40:00;-03:00;42,43000030517578;42,43000030517578;42,349998474121094;42,369998931884766;41900
2026-07-20;11:45:00;-03:00;42,369998931884766;42,45000076293945;42,369998931884766;42,400001525878906;104400
2026-07-20;11:50:00;-03:00;42,400001525878906;42,459999084472656;42,380001068115234;42,380001068115234;75300
2026-07-20;11:55:00;-03:00;42,38999938964844;42,38999938964844;42,31999969482422;42,34000015258789;78500
2026-07-20;12:00:00;-03:00;42,349998474121094;42,41999816894531;42,31999969482422;42,40999984741211;85200
2026-07-20;12:05:00;-03:00;42,41999816894531;42,41999816894531;42,34000015258789;42,400001525878906;102800
2026-07-20;12:10:00;-03:00;42,38999938964844;42,40999984741211;42,33000183105469;42,349998474121094;45200
2026-07-20;12:15:00;-03:00;42,34000015258789;42,349998474121094;42,29999923706055;42,33000183105469;77800
2026-07-20;12:20:00;-03:00;42,33000183105469;42,349998474121094;42,31999969482422;42,33000183105469;69700
2026-07-20;12:25:00;-03:00;42,34000015258789;42,40999984741211;42,33000183105469;42,380001068115234;99800
2026-07-20;12:30:00;-03:00;42,380001068115234;42,45000076293945;42,36000061035156;42,380001068115234;121700
2026-07-20;12:35:00;-03:00;42,380001068115234;42,400001525878906;42,349998474121094;42,400001525878906;49400
2026-07-20;12:40:00;-03:00;42,38999938964844;42,45000076293945;42,349998474121094;42,369998931884766;193100
2026-07-20;12:45:00;-03:00;42,380001068115234;42,41999816894531;42,34000015258789;42,400001525878906;159600
2026-07-20;12:50:00;-03:00;42,40999984741211;42,459999084472656;42,400001525878906;42,459999084472656;57700
2026-07-20;12:55:00;-03:00;42,459999084472656;42,529998779296875;42,41999816894531;42,43000030517578;102000
2026-07-20;13:00:00;-03:00;42,43000030517578;42,5099983215332;42,43000030517578;42,5;36700
2026-07-20;13:05:00;-03:00;42,5;42,529998779296875;42,4900016784668;42,5099983215332;49000
2026-07-20;13:10:00;-03:00;42,5;42,5099983215332;42,47999954223633;42,4900016784668;37900
2026-07-20;13:15:00;-03:00;42,47999954223633;42,52000045776367;42,459999084472656;42,47999954223633;56100
2026-07-20;13:20:00;-03:00;42,470001220703125;42,5;42,459999084472656;42,459999084472656;33800
2026-07-20;13:25:00;-03:00;42,459999084472656;42,470001220703125;42,380001068115234;42,400001525878906;81800
2026-07-20;13:30:00;-03:00;42,38999938964844;42,459999084472656;42,38999938964844;42,459999084472656;179800
2026-07-20;13:35:00;-03:00;42,45000076293945;42,470001220703125;42,400001525878906;42,43000030517578;146000
2026-07-20;13:40:00;-03:00;42,41999816894531;42,43000030517578;42,33000183105469;42,349998474121094;158000
2026-07-20;13:45:00;-03:00;42,34000015258789;42,38999938964844;42,34000015258789;42,38999938964844;99900
2026-07-20;13:50:00;-03:00;42,38999938964844;42,38999938964844;42,310001373291016;42,31999969482422;81500
2026-07-20;13:55:00;-03:00;42,33000183105469;42,34000015258789;42,279998779296875;42,29999923706055;138400
2026-07-20;14:00:00;-03:00;42,31999969482422;42,349998474121094;42,279998779296875;42,31999969482422;86900
2026-07-20;14:05:00;-03:00;42,310001373291016;42,33000183105469;42,279998779296875;42,290000915527344;49600
2026-07-20;14:10:00;-03:00;42,279998779296875;42,31999969482422;42,27000045776367;42,29999923706055;42100
2026-07-20;14:15:00;-03:00;42,290000915527344;42,34000015258789;42,27000045776367;42,33000183105469;87800
2026-07-20;14:20:00;-03:00;42,31999969482422;42,349998474121094;42,29999923706055;42,349998474121094;38500
2026-07-20;14:25:00;-03:00;42,33000183105469;42,33000183105469;42,27000045776367;42,310001373291016;417400
2026-07-20;14:30:00;-03:00;42,310001373291016;42,34000015258789;42,279998779296875;42,310001373291016;73200
2026-07-20;14:35:00;-03:00;42,310001373291016;42,310001373291016;42,2599983215332;42,29999923706055;498500
2026-07-20;14:40:00;-03:00;42,279998779296875;42,310001373291016;42,279998779296875;42,310001373291016;60100
2026-07-20;14:45:00;-03:00;42,310001373291016;42,31999969482422;42,290000915527344;42,310001373291016;64700
2026-07-20;14:50:00;-03:00;42,310001373291016;42,40999984741211;42,310001373291016;42,38999938964844;186500
2026-07-20;14:55:00;-03:00;42,380001068115234;42,41999816894531;42,369998931884766;42,400001525878906;41500
2026-07-20;15:00:00;-03:00;42,400001525878906;42,43000030517578;42,38999938964844;42,40999984741211;41900
2026-07-20;15:05:00;-03:00;42,40999984741211;42,40999984741211;42,369998931884766;42,400001525878906;38600
2026-07-20;15:10:00;-03:00;42,400001525878906;42,41999816894531;42,38999938964844;42,400001525878906;52200
2026-07-20;15:15:00;-03:00;42,400001525878906;42,40999984741211;42,380001068115234;42,400001525878906;41800
2026-07-20;15:20:00;-03:00;42,400001525878906;42,400001525878906;42,349998474121094;42,369998931884766;59200
2026-07-20;15:25:00;-03:00;42,369998931884766;42,380001068115234;42,33000183105469;42,34000015258789;49200
2026-07-20;15:30:00;-03:00;42,33000183105469;42,38999938964844;42,33000183105469;42,38999938964844;108600
2026-07-20;15:35:00;-03:00;42,380001068115234;42,400001525878906;42,36000061035156;42,369998931884766;36700
2026-07-20;15:40:00;-03:00;42,36000061035156;42,369998931884766;42,33000183105469;42,36000061035156;76200
2026-07-20;15:45:00;-03:00;42,36000061035156;42,369998931884766;42,31999969482422;42,34000015258789;100500
2026-07-20;15:50:00;-03:00;42,34000015258789;42,369998931884766;42,310001373291016;42,310001373291016;77000
2026-07-20;15:55:00;-03:00;42,310001373291016;42,34000015258789;42,29999923706055;42,31999969482422;97700
2026-07-20;16:00:00;-03:00;42,31999969482422;42,38999938964844;42,31999969482422;42,349998474121094;93500
2026-07-20;16:05:00;-03:00;42,369998931884766;42,369998931884766;42,33000183105469;42,36000061035156;57500
2026-07-20;16:10:00;-03:00;42,349998474121094;42,369998931884766;42,33000183105469;42,349998474121094;106300
2026-07-20;16:15:00;-03:00;42,34000015258789;42,349998474121094;42,29999923706055;42,349998474121094;108000
2026-07-20;16:20:00;-03:00;42,34000015258789;42,349998474121094;42,29999923706055;42,33000183105469;186000
2026-07-20;16:25:00;-03:00;42,310001373291016;42,439998626708984;42,290000915527344;42,40999984741211;294100
2026-07-20;16:30:00;-03:00;42,41999816894531;42,4900016784668;42,40999984741211;42,459999084472656;142200
2026-07-20;16:35:00;-03:00;42,470001220703125;42,4900016784668;42,43000030517578;42,470001220703125;141700
2026-07-20;16:40:00;-03:00;42,45000076293945;42,470001220703125;42,41999816894531;42,439998626708984;266700
2026-07-20;16:45:00;-03:00;42,41999816894531;42,4900016784668;42,40999984741211;42,459999084472656;499400
2026-07-20;16:50:00;-03:00;42,459999084472656;42,4900016784668;42,349998474121094;42,349998474121094;420400
2026-07-21;10:00:00;-03:00;42,380001068115234;42,439998626708984;42,29999923706055;42,400001525878906;0
2026-07-21;10:05:00;-03:00;42,41999816894531;42,41999816894531;42,29999923706055;42,38999938964844;84600
2026-07-21;10:10:00;-03:00;42,349998474121094;42,38999938964844;42,27000045776367;42,31999969482422;94100
2026-07-21;10:15:00;-03:00;42,31999969482422;42,34000015258789;42,220001220703125;42,27000045776367;150100
2026-07-21;10:20:00;-03:00;42,27000045776367;42,31999969482422;42,18000030517578;42,27000045776367;133200
2026-07-21;10:25:00;-03:00;42,27000045776367;42,369998931884766;42,27000045776367;42,349998474121094;70600
2026-07-21;10:30:00;-03:00;42,33000183105469;42,529998779296875;42,310001373291016;42,38999938964844;233200
2026-07-21;10:35:00;-03:00;42,38999938964844;42,41999816894531;42,29999923706055;42,40999984741211;158600
2026-07-21;10:40:00;-03:00;42,400001525878906;42,40999984741211;42,2599983215332;42,31999969482422;192100
2026-07-21;10:45:00;-03:00;42,29999923706055;42,45000076293945;42,290000915527344;42,40999984741211;154800
2026-07-21;10:50:00;-03:00;42,41999816894531;42,41999816894531;42,310001373291016;42,31999969482422;81700
2026-07-21;10:55:00;-03:00;42,33000183105469;42,40999984741211;42,31999969482422;42,369998931884766;254000
2026-07-21;11:00:00;-03:00;42,36000061035156;42,52000045776367;42,29999923706055;42,47999954223633;173000
2026-07-21;11:05:00;-03:00;42,5;42,5;42,400001525878906;42,47999954223633;126500
2026-07-21;11:10:00;-03:00;42,47999954223633;42,4900016784668;42,41999816894531;42,470001220703125;76800
2026-07-21;11:15:00;-03:00;42,470001220703125;42,5;42,41999816894531;42,43000030517578;154700
2026-07-21;11:20:00;-03:00;42,41999816894531;42,45000076293945;42,38999938964844;42,40999984741211;51000
2026-07-21;11:25:00;-03:00;42,400001525878906;42,41999816894531;42,34000015258789;42,400001525878906;37800
2026-07-21;11:30:00;-03:00;42,38999938964844;42,43000030517578;42,369998931884766;42,38999938964844;181700
2026-07-21;11:35:00;-03:00;42,380001068115234;42,38999938964844;42,310001373291016;42,33000183105469;86200
2026-07-21;11:40:00;-03:00;42,31999969482422;42,36000061035156;42,310001373291016;42,349998474121094;65200
2026-07-21;11:45:00;-03:00;42,33000183105469;42,38999938964844;42,29999923706055;42,31999969482422;75700
2026-07-21;11:50:00;-03:00;42,31999969482422;42,369998931884766;42,290000915527344;42,349998474121094;165400
2026-07-21;11:55:00;-03:00;42,33000183105469;42,36000061035156;42,22999954223633;42,2400016784668;212000
2026-07-21;12:00:00;-03:00;42,2400016784668;42,27000045776367;42,189998626708984;42,220001220703125;95000
2026-07-21;12:05:00;-03:00;42,220001220703125;42,310001373291016;42,220001220703125;42,310001373291016;93500
2026-07-21;12:10:00;-03:00;42,29999923706055;42,33000183105469;42,27000045776367;42,279998779296875;118200
2026-07-21;12:15:00;-03:00;42,279998779296875;42,33000183105469;42,27000045776367;42,310001373291016;59600
2026-07-21;12:20:00;-03:00;42,310001373291016;42,33000183105469;42,27000045776367;42,279998779296875;90100
2026-07-21;12:25:00;-03:00;42,279998779296875;42,33000183105469;42,279998779296875;42,310001373291016;49200
2026-07-21;12:30:00;-03:00;42,310001373291016;42,369998931884766;42,29999923706055;42,369998931884766;122300
2026-07-21;12:35:00;-03:00;42,34000015258789;42,369998931884766;42,34000015258789;42,349998474121094;35800
2026-07-21;12:40:00;-03:00;42,34000015258789;42,40999984741211;42,34000015258789;42,400001525878906;235300
2026-07-21;12:45:00;-03:00;42,38999938964844;42,400001525878906;42,349998474121094;42,36000061035156;76200
2026-07-21;12:50:00;-03:00;42,349998474121094;42,40999984741211;42,34000015258789;42,40999984741211;108400
2026-07-21;12:55:00;-03:00;42,40999984741211;42,43000030517578;42,380001068115234;42,38999938964844;156400
2026-07-21;13:00:00;-03:00;42,369998931884766;42,400001525878906;42,36000061035156;42,38999938964844;32400
2026-07-21;13:05:00;-03:00;42,38999938964844;42,40999984741211;42,36000061035156;42,369998931884766;40600
2026-07-21;13:10:00;-03:00;42,36000061035156;42,38999938964844;42,36000061035156;42,38999938964844;29100
2026-07-21;13:15:00;-03:00;42,38999938964844;42,45000076293945;42,38999938964844;42,439998626708984;53600
2026-07-21;13:20:00;-03:00;42,439998626708984;42,5;42,43000030517578;42,5;88900
2026-07-21;13:25:00;-03:00;42,5;42,5099983215332;42,470001220703125;42,47999954223633;87700
2026-07-21;13:30:00;-03:00;42,4900016784668;42,5099983215332;42,47999954223633;42,5099983215332;36600
2026-07-21;13:35:00;-03:00;42,5099983215332;42,52000045776367;42,459999084472656;42,459999084472656;84500
2026-07-21;13:40:00;-03:00;42,470001220703125;42,4900016784668;42,45000076293945;42,459999084472656;71800
2026-07-21;13:45:00;-03:00;42,45000076293945;42,5;42,439998626708984;42,45000076293945;168100
2026-07-21;13:50:00;-03:00;42,439998626708984;42,560001373291016;42,439998626708984;42,540000915527344;208000
2026-07-21;13:55:00;-03:00;42,540000915527344;42,540000915527344;42,47999954223633;42,5099983215332;106100
2026-07-21;14:00:00;-03:00;42,5099983215332;42,5099983215332;42,439998626708984;42,439998626708984;75500
2026-07-21;14:05:00;-03:00;42,439998626708984;42,459999084472656;42,36000061035156;42,380001068115234;121400
2026-07-21;14:10:00;-03:00;42,36000061035156;42,38999938964844;42,349998474121094;42,38999938964844;95900
2026-07-21;14:15:00;-03:00;42,380001068115234;42,38999938964844;42,36000061035156;42,380001068115234;30000
2026-07-21;14:20:00;-03:00;42,380001068115234;42,380001068115234;42,349998474121094;42,349998474121094;32400
2026-07-21;14:25:00;-03:00;42,36000061035156;42,400001525878906;42,33000183105469;42,38999938964844;81600
2026-07-21;14:30:00;-03:00;42,380001068115234;42,40999984741211;42,36000061035156;42,400001525878906;26100
2026-07-21;14:35:00;-03:00;42,40999984741211;42,45000076293945;42,380001068115234;42,41999816894531;51400
2026-07-21;14:40:00;-03:00;42,400001525878906;42,459999084472656;42,400001525878906;42,43000030517578;148700
2026-07-21;14:45:00;-03:00;42,439998626708984;42,439998626708984;42,369998931884766;42,38999938964844;34700
2026-07-21;14:50:00;-03:00;42,38999938964844;42,459999084472656;42,369998931884766;42,439998626708984;87900
2026-07-21;14:55:00;-03:00;42,459999084472656;42,52000045776367;42,439998626708984;42,52000045776367;80800
2026-07-21;15:00:00;-03:00;42,5;42,529998779296875;42,4900016784668;42,5;53600
2026-07-21;15:05:00;-03:00;42,5;42,529998779296875;42,4900016784668;42,52000045776367;57600
2026-07-21;15:10:00;-03:00;42,52000045776367;42,540000915527344;42,5;42,5099983215332;54200
2026-07-21;15:15:00;-03:00;42,5;42,529998779296875;42,47999954223633;42,5099983215332;149500
2026-07-21;15:20:00;-03:00;42,4900016784668;42,52000045776367;42,4900016784668;42,4900016784668;41700
2026-07-21;15:25:00;-03:00;42,52000045776367;42,52000045776367;42,4900016784668;42,4900016784668;47400
2026-07-21;15:30:00;-03:00;42,5;42,540000915527344;42,47999954223633;42,5099983215332;93400
2026-07-21;15:35:00;-03:00;42,4900016784668;42,540000915527344;42,47999954223633;42,540000915527344;75700
2026-07-21;15:40:00;-03:00;42,540000915527344;42,540000915527344;42,5099983215332;42,529998779296875;51700
2026-07-21;15:45:00;-03:00;42,540000915527344;42,54999923706055;42,52000045776367;42,540000915527344;46700
2026-07-21;15:50:00;-03:00;42,529998779296875;42,54999923706055;42,52000045776367;42,529998779296875;38600
2026-07-21;15:55:00;-03:00;42,540000915527344;42,54999923706055;42,5099983215332;42,54999923706055;56700
2026-07-21;16:00:00;-03:00;42,54999923706055;42,58000183105469;42,52000045776367;42,56999969482422;83100
2026-07-21;16:05:00;-03:00;42,560001373291016;42,56999969482422;42,54999923706055;42,560001373291016;85800
2026-07-21;16:10:00;-03:00;42,560001373291016;42,58000183105469;42,52000045776367;42,52000045776367;87500
2026-07-21;16:15:00;-03:00;42,529998779296875;42,540000915527344;42,5099983215332;42,52000045776367;82600
2026-07-21;16:20:00;-03:00;42,52000045776367;42,54999923706055;42,5099983215332;42,54999923706055;45300
2026-07-21;16:25:00;-03:00;42,54999923706055;42,560001373291016;42,5;42,5099983215332;91900
2026-07-21;16:30:00;-03:00;42,5;42,5;42,43000030517578;42,470001220703125;226400
2026-07-21;16:35:00;-03:00;42,470001220703125;42,5099983215332;42,459999084472656;42,47999954223633;70800
2026-07-21;16:40:00;-03:00;42,470001220703125;42,52000045776367;42,459999084472656;42,52000045776367;144500
2026-07-21;16:45:00;-03:00;42,52000045776367;42,540000915527344;42,5099983215332;42,52000045776367;53400
2026-07-21;16:50:00;-03:00;42,5099983215332;42,56999969482422;42,5;42,560001373291016;185200
2026-07-22;10:00:00;-03:00;42,68000030517578;42,75;42,619998931884766;42,630001068115234;0
2026-07-22;10:05:00;-03:00;42,68000030517578;42,689998626708984;42,560001373291016;42,59000015258789;92500
2026-07-22;10:10:00;-03:00;42,599998474121094;42,68000030517578;42,58000183105469;42,66999816894531;80700
2026-07-22;10:15:00;-03:00;42,66999816894531;42,7599983215332;42,619998931884766;42,650001525878906;192000
2026-07-22;10:20:00;-03:00;42,650001525878906;42,720001220703125;42,61000061035156;42,709999084472656;94300
2026-07-22;10:25:00;-03:00;42,709999084472656;42,75;42,65999984741211;42,65999984741211;101400
2026-07-22;10:30:00;-03:00;42,689998626708984;42,79999923706055;42,58000183105469;42,63999938964844;218400
2026-07-22;10:35:00;-03:00;42,63999938964844;42,720001220703125;42,61000061035156;42,66999816894531;113900
2026-07-22;10:40:00;-03:00;42,66999816894531;42,849998474121094;42,63999938964844;42,81999969482422;259800
2026-07-22;10:45:00;-03:00;42,81999969482422;42,970001220703125;42,79999923706055;42,95000076293945;176300
2026-07-22;10:50:00;-03:00;42,939998626708984;42,970001220703125;42,83000183105469;42,84000015258789;166600
2026-07-22;10:55:00;-03:00;42,849998474121094;42,97999954223633;42,84000015258789;42,880001068115234;230000
2026-07-22;11:00:00;-03:00;42,880001068115234;42,900001525878906;42,779998779296875;42,81999969482422;287300
2026-07-22;11:05:00;-03:00;42,83000183105469;42,84000015258789;42,54999923706055;42,58000183105469;328200
2026-07-22;11:10:00;-03:00;42,58000183105469;42,61000061035156;42,54999923706055;42,56999969482422;132500
2026-07-22;11:15:00;-03:00;42,56999969482422;42,650001525878906;42,560001373291016;42,630001068115234;183700
2026-07-22;11:20:00;-03:00;42,63999938964844;42,63999938964844;42,5099983215332;42,560001373291016;248700
2026-07-22;11:25:00;-03:00;42,560001373291016;42,599998474121094;42,529998779296875;42,599998474121094;120100
2026-07-22;11:30:00;-03:00;42,599998474121094;42,599998474121094;42,470001220703125;42,470001220703125;116900
2026-07-22;11:35:00;-03:00;42,47999954223633;42,5;42,43000030517578;42,43000030517578;193600
2026-07-22;11:40:00;-03:00;42,439998626708984;42,5;42,40999984741211;42,439998626708984;201300
2026-07-22;11:45:00;-03:00;42,43000030517578;42,52000045776367;42,290000915527344;42,34000015258789;429300
2026-07-22;11:50:00;-03:00;42,34000015258789;42,369998931884766;42,27000045776367;42,31999969482422;395000
2026-07-22;11:55:00;-03:00;42,31999969482422;42,369998931884766;42,290000915527344;42,349998474121094;181600
2026-07-22;12:00:00;-03:00;42,34000015258789;42,349998474121094;42,290000915527344;42,31999969482422;155600
2026-07-22;12:05:00;-03:00;42,31999969482422;42,400001525878906;42,310001373291016;42,36000061035156;489500
2026-07-22;12:10:00;-03:00;42,369998931884766;42,38999938964844;42,33000183105469;42,369998931884766;116200
2026-07-22;12:15:00;-03:00;42,369998931884766;42,38999938964844;42,33000183105469;42,36000061035156;116800
2026-07-22;12:20:00;-03:00;42,33000183105469;42,41999816894531;42,33000183105469;42,40999984741211;156300
2026-07-22;12:25:00;-03:00;42,38999938964844;42,40999984741211;42,36000061035156;42,400001525878906;215500
2026-07-22;12:30:00;-03:00;42,38999938964844;42,5;42,380001068115234;42,4900016784668;162400
2026-07-22;12:35:00;-03:00;42,4900016784668;42,5;42,400001525878906;42,43000030517578;311300
2026-07-22;12:40:00;-03:00;42,43000030517578;42,4900016784668;42,38999938964844;42,459999084472656;220800
2026-07-22;12:45:00;-03:00;42,459999084472656;42,5;42,43000030517578;42,45000076293945;309900
2026-07-22;12:50:00;-03:00;42,47999954223633;42,47999954223633;42,43000030517578;42,439998626708984;243400
2026-07-22;12:55:00;-03:00;42,459999084472656;42,4900016784668;42,43000030517578;42,47999954223633;146900
2026-07-22;13:00:00;-03:00;42,4900016784668;42,5099983215332;42,470001220703125;42,5;146300
2026-07-22;13:05:00;-03:00;42,5099983215332;42,529998779296875;42,470001220703125;42,5;158800
2026-07-22;13:10:00;-03:00;42,5099983215332;42,52000045776367;42,45000076293945;42,5099983215332;109000
2026-07-22;13:15:00;-03:00;42,52000045776367;42,529998779296875;42,470001220703125;42,470001220703125;106000
2026-07-22;13:20:00;-03:00;42,4900016784668;42,5099983215332;42,470001220703125;42,5099983215332;69000
2026-07-22;13:25:00;-03:00;42,5099983215332;42,540000915527344;42,45000076293945;42,4900016784668;134700
2026-07-22;13:30:00;-03:00;42,47999954223633;42,58000183105469;42,47999954223633;42,560001373291016;206000
2026-07-22;13:35:00;-03:00;42,56999969482422;42,56999969482422;42,529998779296875;42,540000915527344;120800
2026-07-22;13:40:00;-03:00;42,54999923706055;42,58000183105469;42,529998779296875;42,54999923706055;167100
2026-07-22;13:45:00;-03:00;42,540000915527344;42,599998474121094;42,5099983215332;42,59000015258789;338800
2026-07-22;13:50:00;-03:00;42,599998474121094;42,630001068115234;42,560001373291016;42,619998931884766;189700
2026-07-22;13:55:00;-03:00;42,630001068115234;42,63999938964844;42,599998474121094;42,63999938964844;82300
2026-07-22;14:00:00;-03:00;42,63999938964844;42,72999954223633;42,630001068115234;42,709999084472656;164100
2026-07-22;14:05:00;-03:00;42,72999954223633;42,7400016784668;42,65999984741211;42,689998626708984;287800
2026-07-22;14:10:00;-03:00;42,689998626708984;42,720001220703125;42,65999984741211;42,689998626708984;157600
2026-07-22;14:15:00;-03:00;42,70000076293945;42,72999954223633;42,619998931884766;42,63999938964844;242200
2026-07-22;14:20:00;-03:00;42,63999938964844;42,689998626708984;42,63999938964844;42,66999816894531;137300
2026-07-22;14:25:00;-03:00;42,66999816894531;42,70000076293945;42,650001525878906;42,689998626708984;117100
2026-07-22;14:30:00;-03:00;42,68000030517578;42,7400016784668;42,650001525878906;42,709999084472656;230000
2026-07-22;14:35:00;-03:00;42,720001220703125;42,72999954223633;42,689998626708984;42,720001220703125;108700
2026-07-22;14:40:00;-03:00;42,720001220703125;42,7599983215332;42,720001220703125;42,7599983215332;175900
2026-07-22;14:45:00;-03:00;42,7599983215332;42,84000015258789;42,75;42,83000183105469;281400
2026-07-22;14:50:00;-03:00;42,81999969482422;42,849998474121094;42,810001373291016;42,81999969482422;199200
2026-07-22;14:55:00;-03:00;42,83000183105469;42,88999938964844;42,77000045776367;42,79999923706055;219800
2026-07-22;15:00:00;-03:00;42,79999923706055;42,88999938964844;42,790000915527344;42,84000015258789;499500
2026-07-22;15:05:00;-03:00;42,84000015258789;42,88999938964844;42,83000183105469;42,84000015258789;266100
2026-07-22;15:10:00;-03:00;42,84000015258789;42,869998931884766;42,83000183105469;42,849998474121094;91900
2026-07-22;15:15:00;-03:00;42,84000015258789;42,869998931884766;42,779998779296875;42,779998779296875;557900
2026-07-22;15:20:00;-03:00;42,77000045776367;42,83000183105469;42,7400016784668;42,779998779296875;211900
2026-07-22;15:25:00;-03:00;42,779998779296875;42,86000061035156;42,779998779296875;42,81999969482422;253000
2026-07-22;15:30:00;-03:00;42,81999969482422;42,83000183105469;42,79999923706055;42,81999969482422;69600
2026-07-22;15:35:00;-03:00;42,81999969482422;42,849998474121094;42,790000915527344;42,849998474121094;183900
2026-07-22;15:40:00;-03:00;42,83000183105469;42,88999938964844;42,81999969482422;42,869998931884766;98200
2026-07-22;15:45:00;-03:00;42,869998931884766;42,880001068115234;42,84000015258789;42,849998474121094;98200
2026-07-22;15:50:00;-03:00;42,849998474121094;42,900001525878906;42,84000015258789;42,869998931884766;209500
2026-07-22;15:55:00;-03:00;42,86000061035156;42,93000030517578;42,849998474121094;42,900001525878906;442200
2026-07-22;16:00:00;-03:00;42,900001525878906;42,970001220703125;42,869998931884766;42,869998931884766;197100
2026-07-22;16:05:00;-03:00;42,869998931884766;42,91999816894531;42,869998931884766;42,900001525878906;233400
2026-07-22;16:10:00;-03:00;42,900001525878906;42,91999816894531;42,869998931884766;42,900001525878906;260600
2026-07-22;16:15:00;-03:00;42,900001525878906;42,91999816894531;42,84000015258789;42,880001068115234;1021700
2026-07-22;16:20:00;-03:00;42,880001068115234;42,88999938964844;42,84000015258789;42,880001068115234;247300
2026-07-22;16:25:00;-03:00;42,869998931884766;42,88999938964844;42,849998474121094;42,849998474121094;161800
2026-07-22;16:30:00;-03:00;42,86000061035156;42,869998931884766;42,83000183105469;42,83000183105469;158600
2026-07-22;16:35:00;-03:00;42,84000015258789;42,86000061035156;42,81999969482422;42,81999969482422;323800
2026-07-22;16:40:00;-03:00;42,81999969482422;42,869998931884766;42,79999923706055;42,849998474121094;323600
2026-07-22;16:45:00;-03:00;42,849998474121094;42,900001525878906;42,83000183105469;42,88999938964844;679800
2026-07-22;16:50:00;-03:00;42,88999938964844;42,93000030517578;42,86000061035156;42,88999938964844;870100
2026-07-23;10:05:00;-03:00;42,63999938964844;42,689998626708984;42,5099983215332;42,540000915527344;80000
2026-07-23;10:10:00;-03:00;42,56999969482422;42,56999969482422;42,439998626708984;42,5;266300
2026-07-23;10:15:00;-03:00;42,470001220703125;42,540000915527344;42,439998626708984;42,52000045776367;180100
2026-07-23;10:20:00;-03:00;42,529998779296875;42,54999923706055;42,400001525878906;42,40999984741211;115400
2026-07-23;10:25:00;-03:00;42,40999984741211;42,77000045776367;42,400001525878906;42,77000045776367;291800
2026-07-23;10:30:00;-03:00;42,779998779296875;42,79999923706055;42,599998474121094;42,650001525878906;142200
2026-07-23;10:35:00;-03:00;42,63999938964844;42,650001525878906;42,529998779296875;42,560001373291016;453800
2026-07-23;10:40:00;-03:00;42,560001373291016;42,77000045776367;42,560001373291016;42,66999816894531;445800
2026-07-23;10:45:00;-03:00;42,689998626708984;42,849998474121094;42,650001525878906;42,83000183105469;412900
2026-07-23;10:50:00;-03:00;42,81999969482422;42,869998931884766;42,77000045776367;42,83000183105469;425300
2026-07-23;10:55:00;-03:00;42,83000183105469;42,84000015258789;42,529998779296875;42,54999923706055;234100
2026-07-23;11:00:00;-03:00;42,529998779296875;42,59000015258789;42,5099983215332;42,540000915527344;106800
2026-07-23;11:05:00;-03:00;42,54999923706055;42,56999969482422;42,45000076293945;42,5099983215332;213700
2026-07-23;11:10:00;-03:00;42,5099983215332;42,619998931884766;42,47999954223633;42,58000183105469;225700
2026-07-23;11:15:00;-03:00;42,56999969482422;42,58000183105469;42,5099983215332;42,5099983215332;89100
2026-07-23;11:20:00;-03:00;42,52000045776367;42,59000015258789;42,5099983215332;42,54999923706055;40700
2026-07-23;11:25:00;-03:00;42,54999923706055;42,61000061035156;42,54999923706055;42,58000183105469;28700
2026-07-23;11:30:00;-03:00;42,58000183105469;42,619998931884766;42,5099983215332;42,529998779296875;84300
2026-07-23;11:35:00;-03:00;42,529998779296875;42,619998931884766;42,52000045776367;42,619998931884766;51200
2026-07-23;11:40:00;-03:00;42,61000061035156;42,619998931884766;42,52000045776367;42,52000045776367;29900
2026-07-23;11:45:00;-03:00;42,52000045776367;42,59000015258789;42,5099983215332;42,52000045776367;112800
2026-07-23;11:50:00;-03:00;42,52000045776367;42,54999923706055;42,5099983215332;42,5099983215332;56900
2026-07-23;11:55:00;-03:00;42,52000045776367;42,58000183105469;42,5099983215332;42,540000915527344;56200
2026-07-23;12:00:00;-03:00;42,560001373291016;42,56999969482422;42,52000045776367;42,560001373291016;113200
2026-07-23;12:05:00;-03:00;42,56999969482422;42,56999969482422;42,4900016784668;42,54999923706055;244200
2026-07-23;12:10:00;-03:00;42,540000915527344;42,540000915527344;42,45000076293945;42,5099983215332;140700
2026-07-23;12:15:00;-03:00;42,5099983215332;42,529998779296875;42,47999954223633;42,4900016784668;52000
2026-07-23;12:20:00;-03:00;42,4900016784668;42,4900016784668;42,43000030517578;42,45000076293945;136800
2026-07-23;12:25:00;-03:00;42,459999084472656;42,459999084472656;42,36000061035156;42,380001068115234;226900
2026-07-23;12:30:00;-03:00;42,369998931884766;42,41999816894531;42,349998474121094;42,41999816894531;125600
2026-07-23;12:35:00;-03:00;42,43000030517578;42,43000030517578;42,369998931884766;42,40999984741211;86200
2026-07-23;12:40:00;-03:00;42,40999984741211;42,43000030517578;42,349998474121094;42,349998474121094;118100
2026-07-23;12:45:00;-03:00;42,349998474121094;42,38999938964844;42,31999969482422;42,349998474121094;193100
2026-07-23;12:50:00;-03:00;42,36000061035156;42,380001068115234;42,36000061035156;42,36000061035156;47400
2026-07-23;12:55:00;-03:00;42,380001068115234;42,38999938964844;42,31999969482422;42,36000061035156;139700
2026-07-23;13:00:00;-03:00;42,369998931884766;42,38999938964844;42,31999969482422;42,33000183105469;78200
2026-07-23;13:05:00;-03:00;42,349998474121094;42,369998931884766;42,33000183105469;42,349998474121094;59100
2026-07-23;13:10:00;-03:00;42,349998474121094;42,380001068115234;42,349998474121094;42,349998474121094;24100
2026-07-23;13:15:00;-03:00;42,349998474121094;42,38999938964844;42,34000015258789;42,380001068115234;41700
2026-07-23;13:20:00;-03:00;42,380001068115234;42,400001525878906;42,36000061035156;42,380001068115234;137700
2026-07-23;13:25:00;-03:00;42,380001068115234;42,38999938964844;42,349998474121094;42,369998931884766;58300
2026-07-23;13:30:00;-03:00;42,36000061035156;42,369998931884766;42,33000183105469;42,33000183105469;70600
2026-07-23;13:35:00;-03:00;42,34000015258789;42,380001068115234;42,310001373291016;42,36000061035156;241100
2026-07-23;13:40:00;-03:00;42,36000061035156;42,369998931884766;42,33000183105469;42,33000183105469;15100
2026-07-23;13:45:00;-03:00;42,34000015258789;42,36000061035156;42,34000015258789;42,36000061035156;61500
2026-07-23;13:50:00;-03:00;42,36000061035156;42,36000061035156;42,31999969482422;42,34000015258789;21100
2026-07-23;13:55:00;-03:00;42,33000183105469;42,36000061035156;42,33000183105469;42,349998474121094;48200
2026-07-23;14:00:00;-03:00;42,36000061035156;42,369998931884766;42,31999969482422;42,34000015258789;84500
2026-07-23;14:05:00;-03:00;42,31999969482422;42,349998474121094;42,279998779296875;42,34000015258789;455100
2026-07-23;14:10:00;-03:00;42,349998474121094;42,36000061035156;42,27000045776367;42,310001373291016;181600
2026-07-23;14:15:00;-03:00;42,31999969482422;42,34000015258789;42,290000915527344;42,33000183105469;43600
2026-07-23;14:20:00;-03:00;42,33000183105469;42,369998931884766;42,31999969482422;42,369998931884766;55900
2026-07-23;14:25:00;-03:00;42,36000061035156;42,36000061035156;42,34000015258789;42,349998474121094;39200
2026-07-23;14:30:00;-03:00;42,349998474121094;42,369998931884766;42,33000183105469;42,33000183105469;54200
2026-07-23;14:35:00;-03:00;42,349998474121094;42,369998931884766;42,29999923706055;42,34000015258789;79400
2026-07-23;14:40:00;-03:00;42,34000015258789;42,38999938964844;42,33000183105469;42,38999938964844;127400
2026-07-23;14:45:00;-03:00;42,380001068115234;42,439998626708984;42,380001068115234;42,43000030517578;140400
2026-07-23;14:50:00;-03:00;42,439998626708984;42,470001220703125;42,400001525878906;42,400001525878906;178500
2026-07-23;14:55:00;-03:00;42,400001525878906;42,43000030517578;42,369998931884766;42,41999816894531;133800
2026-07-23;15:00:00;-03:00;42,40999984741211;42,40999984741211;42,369998931884766;42,38999938964844;56500
2026-07-23;15:05:00;-03:00;42,400001525878906;42,400001525878906;42,349998474121094;42,36000061035156;76200
2026-07-23;15:10:00;-03:00;42,36000061035156;42,380001068115234;42,34000015258789;42,349998474121094;32700
2026-07-23;15:15:00;-03:00;42,34000015258789;42,40999984741211;42,310001373291016;42,400001525878906;93600
2026-07-23;15:20:00;-03:00;42,400001525878906;42,41999816894531;42,38999938964844;42,400001525878906;33200
2026-07-23;15:25:00;-03:00;42,400001525878906;42,43000030517578;42,400001525878906;42,41999816894531;57800
2026-07-23;15:30:00;-03:00;42,41999816894531;42,47999954223633;42,400001525878906;42,470001220703125;159500
2026-07-23;15:35:00;-03:00;42,470001220703125;42,47999954223633;42,45000076293945;42,45000076293945;70700
2026-07-23;15:40:00;-03:00;42,45000076293945;42,459999084472656;42,38999938964844;42,40999984741211;207700
2026-07-23;15:45:00;-03:00;42,40999984741211;42,43000030517578;42,40999984741211;42,41999816894531;66800
2026-07-23;15:50:00;-03:00;42,40999984741211;42,41999816894531;42,380001068115234;42,38999938964844;31700
2026-07-23;15:55:00;-03:00;42,38999938964844;42,400001525878906;42,380001068115234;42,400001525878906;97100
2026-07-23;16:00:00;-03:00;42,38999938964844;42,45000076293945;42,38999938964844;42,43000030517578;88800
2026-07-23;16:05:00;-03:00;42,43000030517578;42,459999084472656;42,41999816894531;42,43000030517578;115800
2026-07-23;16:10:00;-03:00;42,439998626708984;42,45000076293945;42,400001525878906;42,439998626708984;127700
2026-07-23;16:15:00;-03:00;42,43000030517578;42,470001220703125;42,369998931884766;42,38999938964844;335200
2026-07-23;16:20:00;-03:00;42,380001068115234;42,40999984741211;42,380001068115234;42,400001525878906;100500
2026-07-23;16:25:00;-03:00;42,400001525878906;42,439998626708984;42,400001525878906;42,439998626708984;121100
2026-07-23;16:30:00;-03:00;42,43000030517578;42,540000915527344;42,43000030517578;42,470001220703125;258600
2026-07-23;16:35:00;-03:00;42,470001220703125;42,4900016784668;42,41999816894531;42,439998626708984;235000
2026-07-23;16:40:00;-03:00;42,45000076293945;42,459999084472656;42,41999816894531;42,41999816894531;273900
2026-07-23;16:45:00;-03:00;42,41999816894531;42,45000076293945;42,38999938964844;42,40999984741211;370700
2026-07-23;16:50:00;-03:00;42,38999938964844;42,45000076293945;42,369998931884766;42,45000076293945;319200
2026-07-24;10:00:00;-03:00;42,29999923706055;42,29999923706055;42,130001068115234;42,20000076293945;0
2026-07-24;10:05:00;-03:00;42,20000076293945;42,29999923706055;42,20000076293945;42,27000045776367;63400
2026-07-24;10:10:00;-03:00;42,2599983215332;42,279998779296875;42,16999816894531;42,279998779296875;99200
2026-07-24;10:15:00;-03:00;42,27000045776367;42,290000915527344;42,130001068115234;42,20000076293945;477700
2026-07-24;10:20:00;-03:00;42,16999816894531;42,22999954223633;42,15999984741211;42,16999816894531;70800
2026-07-24;10:25:00;-03:00;42,15999984741211;42,20000076293945;42,13999938964844;42,20000076293945;148200
2026-07-24;10:30:00;-03:00;42,20000076293945;42,36000061035156;42,150001525878906;42,220001220703125;413600
2026-07-24;10:35:00;-03:00;42,22999954223633;42,2400016784668;42,16999816894531;42,18000030517578;234400
2026-07-24;10:40:00;-03:00;42,189998626708984;42,279998779296875;42,15999984741211;42,20000076293945;209700
2026-07-24;10:45:00;-03:00;42,20000076293945;42,45000076293945;42,20000076293945;42,279998779296875;654700
2026-07-24;10:50:00;-03:00;42,29999923706055;42,33000183105469;42,27000045776367;42,31999969482422;99600
2026-07-24;10:55:00;-03:00;42,33000183105469;42,34000015258789;42,209999084472656;42,290000915527344;107700
2026-07-24;11:00:00;-03:00;42,27000045776367;42,36000061035156;42,27000045776367;42,29999923706055;68900
2026-07-24;11:05:00;-03:00;42,29999923706055;42,349998474121094;42,290000915527344;42,29999923706055;35300
2026-07-24;11:10:00;-03:00;42,29999923706055;42,31999969482422;42,2599983215332;42,2599983215332;66600
2026-07-24;11:15:00;-03:00;42,2599983215332;42,33000183105469;42,220001220703125;42,31999969482422;171400
2026-07-24;11:20:00;-03:00;42,31999969482422;42,380001068115234;42,290000915527344;42,33000183105469;40600
2026-07-24;11:25:00;-03:00;42,33000183105469;42,349998474121094;42,29999923706055;42,310001373291016;17400
2026-07-24;11:30:00;-03:00;42,33000183105469;42,349998474121094;42,20000076293945;42,20000076293945;73500
2026-07-24;11:35:00;-03:00;42,20000076293945;42,220001220703125;42,09000015258789;42,09000015258789;139000
2026-07-24;11:40:00;-03:00;42,08000183105469;42,130001068115234;42,08000183105469;42,119998931884766;84400
2026-07-24;11:45:00;-03:00;42,130001068115234;42,18000030517578;42,119998931884766;42,18000030517578;80600
2026-07-24;11:50:00;-03:00;42,18000030517578;42,18000030517578;42,150001525878906;42,15999984741211;38600
2026-07-24;11:55:00;-03:00;42,15999984741211;42,220001220703125;42,150001525878906;42,189998626708984;136100
2026-07-24;12:00:00;-03:00;42,189998626708984;42,209999084472656;42,11000061035156;42,11000061035156;57800
2026-07-24;12:05:00;-03:00;42,11000061035156;42,150001525878906;42,08000183105469;42,119998931884766;96900
2026-07-24;12:10:00;-03:00;42,11000061035156;42,279998779296875;42,11000061035156;42,279998779296875;121700
2026-07-24;12:15:00;-03:00;42,2599983215332;42,349998474121094;42,22999954223633;42,310001373291016;91400
2026-07-24;12:20:00;-03:00;42,31999969482422;42,369998931884766;42,290000915527344;42,29999923706055;43500
2026-07-24;12:25:00;-03:00;42,290000915527344;42,34000015258789;42,27000045776367;42,27000045776367;30200
2026-07-24;12:30:00;-03:00;42,27000045776367;42,279998779296875;42,2400016784668;42,2400016784668;47500
2026-07-24;12:35:00;-03:00;42,2400016784668;42,279998779296875;42,2400016784668;42,2599983215332;31100
2026-07-24;12:40:00;-03:00;42,2599983215332;42,310001373291016;42,25;42,27000045776367;114200
2026-07-24;12:45:00;-03:00;42,27000045776367;42,310001373291016;42,2599983215332;42,279998779296875;147200
2026-07-24;12:50:00;-03:00;42,279998779296875;42,279998779296875;42,2400016784668;42,27000045776367;46900
2026-07-24;12:55:00;-03:00;42,2599983215332;42,279998779296875;42,25;42,2599983215332;24400
2026-07-24;13:00:00;-03:00;42,27000045776367;42,279998779296875;42,25;42,279998779296875;33000
2026-07-24;13:05:00;-03:00;42,2599983215332;42,27000045776367;42,25;42,25;22100
2026-07-24;13:10:00;-03:00;42,2400016784668;42,2599983215332;42,22999954223633;42,25;58600
2026-07-24;13:15:00;-03:00;42,2599983215332;42,2599983215332;42,189998626708984;42,189998626708984;72600
2026-07-24;13:20:00;-03:00;42,189998626708984;42,22999954223633;42,15999984741211;42,18000030517578;48900
2026-07-24;13:25:00;-03:00;42,20000076293945;42,209999084472656;42,18000030517578;42,20000076293945;17900
2026-07-24;13:30:00;-03:00;42,18000030517578;42,189998626708984;42,13999938964844;42,18000030517578;60200
2026-07-24;13:35:00;-03:00;42,18000030517578;42,18000030517578;42,119998931884766;42,130001068115234;102300
2026-07-24;13:40:00;-03:00;42,13999938964844;42,15999984741211;42,130001068115234;42,13999938964844;38600
2026-07-24;13:45:00;-03:00;42,13999938964844;42,13999938964844;42,099998474121094;42,099998474121094;51000
2026-07-24;13:50:00;-03:00;42,11000061035156;42,119998931884766;42,08000183105469;42,099998474121094;108400
2026-07-24;13:55:00;-03:00;42,11000061035156;42,130001068115234;42,09000015258789;42,119998931884766;44900
2026-07-24;14:00:00;-03:00;42,119998931884766;42,150001525878906;42,11000061035156;42,130001068115234;559400
2026-07-24;14:05:00;-03:00;42,130001068115234;42,150001525878906;42,11000061035156;42,130001068115234;103400
2026-07-24;14:10:00;-03:00;42,130001068115234;42,15999984741211;42,119998931884766;42,150001525878906;38100
2026-07-24;14:15:00;-03:00;42,13999938964844;42,18000030517578;42,13999938964844;42,16999816894531;49300
2026-07-24;14:20:00;-03:00;42,150001525878906;42,16999816894531;42,150001525878906;42,15999984741211;33500
2026-07-24;14:25:00;-03:00;42,16999816894531;42,20000076293945;42,13999938964844;42,20000076293945;73300
2026-07-24;14:30:00;-03:00;42,209999084472656;42,209999084472656;42,16999816894531;42,209999084472656;84800
2026-07-24;14:35:00;-03:00;42,209999084472656;42,220001220703125;42,16999816894531;42,189998626708984;65700
2026-07-24;14:40:00;-03:00;42,189998626708984;42,20000076293945;42,150001525878906;42,20000076293945;151900
2026-07-24;14:45:00;-03:00;42,189998626708984;42,209999084472656;42,18000030517578;42,20000076293945;38100
2026-07-24;14:50:00;-03:00;42,18000030517578;42,20000076293945;42,119998931884766;42,13999938964844;55300
2026-07-24;14:55:00;-03:00;42,130001068115234;42,15999984741211;42,119998931884766;42,15999984741211;40100
2026-07-24;15:00:00;-03:00;42,150001525878906;42,15999984741211;42,130001068115234;42,15999984741211;24800
2026-07-24;15:05:00;-03:00;42,13999938964844;42,15999984741211;42,119998931884766;42,150001525878906;41000
2026-07-24;15:10:00;-03:00;42,150001525878906;42,18000030517578;42,130001068115234;42,16999816894531;42400
2026-07-24;15:15:00;-03:00;42,15999984741211;42,189998626708984;42,13999938964844;42,150001525878906;78400
2026-07-24;15:20:00;-03:00;42,13999938964844;42,150001525878906;42,119998931884766;42,119998931884766;44100
2026-07-24;15:25:00;-03:00;42,130001068115234;42,13999938964844;42,099998474121094;42,11000061035156;50500
2026-07-24;15:30:00;-03:00;42,11000061035156;42,13999938964844;42,099998474121094;42,130001068115234;63000
2026-07-24;15:35:00;-03:00;42,119998931884766;42,15999984741211;42,119998931884766;42,13999938964844;64100
2026-07-24;15:40:00;-03:00;42,150001525878906;42,150001525878906;42,119998931884766;42,130001068115234;61000
2026-07-24;15:45:00;-03:00;42,130001068115234;42,16999816894531;42,130001068115234;42,150001525878906;25100
2026-07-24;15:50:00;-03:00;42,15999984741211;42,15999984741211;42,13999938964844;42,150001525878906;44000
2026-07-24;15:55:00;-03:00;42,13999938964844;42,16999816894531;42,130001068115234;42,150001525878906;50600
2026-07-24;16:00:00;-03:00;42,150001525878906;42,16999816894531;42,130001068115234;42,15999984741211;75000
2026-07-24;16:05:00;-03:00;42,15999984741211;42,16999816894531;42,13999938964844;42,13999938964844;59600
2026-07-24;16:10:00;-03:00;42,150001525878906;42,15999984741211;42,11000061035156;42,11000061035156;94700
2026-07-24;16:15:00;-03:00;42,11000061035156;42,119998931884766;42,099998474121094;42,099998474121094;76200
2026-07-24;16:20:00;-03:00;42,11000061035156;42,11000061035156;42,04999923706055;42,04999923706055;94500
2026-07-24;16:25:00;-03:00;42,04999923706055;42,08000183105469;42,040000915527344;42,08000183105469;104700
2026-07-24;16:30:00;-03:00;42,06999969482422;42,09000015258789;42,04999923706055;42,06999969482422;91600
2026-07-24;16:35:00;-03:00;42,08000183105469;42,11000061035156;42,06999969482422;42,08000183105469;114900
2026-07-24;16:40:00;-03:00;42,08000183105469;42,16999816894531;42,08000183105469;42,150001525878906;258600
2026-07-24;16:45:00;-03:00;42,150001525878906;42,150001525878906;42,06999969482422;42,11000061035156;259300
2026-07-24;16:50:00;-03:00;42,11000061035156;42,13999938964844;42,06999969482422;42,13999938964844;177800
2026-07-27;10:00:00;-03:00;42,45000076293945;42,5;42,349998474121094;42,40999984741211;0
2026-07-27;10:05:00;-03:00;42,439998626708984;42,470001220703125;42,349998474121094;42,400001525878906;121100
2026-07-27;10:10:00;-03:00;42,400001525878906;42,43000030517578;42,349998474121094;42,369998931884766;135300
2026-07-27;10:15:00;-03:00;42,369998931884766;42,41999816894531;42,349998474121094;42,369998931884766;119800
2026-07-27;10:20:00;-03:00;42,40999984741211;42,43000030517578;42,33000183105469;42,380001068115234;78700
2026-07-27;10:25:00;-03:00;42,38999938964844;42,540000915527344;42,380001068115234;42,5;112800
2026-07-27;10:30:00;-03:00;42,5099983215332;42,650001525878906;42,45000076293945;42,61000061035156;415900
2026-07-27;10:35:00;-03:00;42,599998474121094;42,689998626708984;42,59000015258789;42,619998931884766;254600
2026-07-27;10:40:00;-03:00;42,630001068115234;42,86000061035156;42,630001068115234;42,77000045776367;546500
2026-07-27;10:45:00;-03:00;42,779998779296875;42,79999923706055;42,709999084472656;42,7599983215332;135500
2026-07-27;10:50:00;-03:00;42,75;42,77000045776367;42,61000061035156;42,619998931884766;215000
2026-07-27;10:55:00;-03:00;42,599998474121094;42,66999816894531;42,59000015258789;42,650001525878906;126300
2026-07-27;11:00:00;-03:00;42,63999938964844;42,720001220703125;42,59000015258789;42,65999984741211;168300
2026-07-27;11:05:00;-03:00;42,650001525878906;42,68000030517578;42,54999923706055;42,66999816894531;315200
2026-07-27;11:10:00;-03:00;42,66999816894531;42,709999084472656;42,619998931884766;42,630001068115234;200200
2026-07-27;11:15:00;-03:00;42,630001068115234;42,66999816894531;42,61000061035156;42,630001068115234;48200
2026-07-27;11:20:00;-03:00;42,619998931884766;42,66999816894531;42,599998474121094;42,63999938964844;72600
2026-07-27;11:25:00;-03:00;42,650001525878906;42,66999816894531;42,61000061035156;42,619998931884766;81700
2026-07-27;11:30:00;-03:00;42,619998931884766;42,68000030517578;42,59000015258789;42,630001068115234;117700
2026-07-27;11:35:00;-03:00;42,61000061035156;42,68000030517578;42,58000183105469;42,68000030517578;116700
2026-07-27;11:40:00;-03:00;42,66999816894531;42,7400016784668;42,63999938964844;42,70000076293945;121300
2026-07-27;11:45:00;-03:00;42,70000076293945;42,7599983215332;42,70000076293945;42,720001220703125;124700
2026-07-27;11:50:00;-03:00;42,72999954223633;42,790000915527344;42,70000076293945;42,77000045776367;260700
2026-07-27;11:55:00;-03:00;42,77000045776367;42,790000915527344;42,66999816894531;42,709999084472656;214600
2026-07-27;12:00:00;-03:00;42,709999084472656;42,75;42,619998931884766;42,619998931884766;195700
2026-07-27;12:05:00;-03:00;42,619998931884766;42,63999938964844;42,599998474121094;42,630001068115234;407800
2026-07-27;12:10:00;-03:00;42,599998474121094;42,599998474121094;42,52000045776367;42,540000915527344;231700
2026-07-27;12:15:00;-03:00;42,540000915527344;42,58000183105469;42,540000915527344;42,540000915527344;154200
2026-07-27;12:20:00;-03:00;42,540000915527344;42,599998474121094;42,540000915527344;42,56999969482422;122400
2026-07-27;12:25:00;-03:00;42,56999969482422;42,58000183105469;42,560001373291016;42,560001373291016;93600
2026-07-27;12:30:00;-03:00;42,560001373291016;42,560001373291016;42,5099983215332;42,5099983215332;80900
2026-07-27;12:35:00;-03:00;42,5099983215332;42,52000045776367;42,47999954223633;42,5;269600
2026-07-27;12:40:00;-03:00;42,5;42,56999969482422;42,4900016784668;42,5099983215332;197400
2026-07-27;12:45:00;-03:00;42,5099983215332;42,529998779296875;42,5;42,5099983215332;43100
2026-07-27;12:50:00;-03:00;42,52000045776367;42,54999923706055;42,5099983215332;42,529998779296875;84100
2026-07-27;12:55:00;-03:00;42,529998779296875;42,54999923706055;42,5099983215332;42,54999923706055;85400
2026-07-27;13:00:00;-03:00;42,540000915527344;42,54999923706055;42,5099983215332;42,52000045776367;74400
2026-07-27;13:05:00;-03:00;42,529998779296875;42,54999923706055;42,5099983215332;42,540000915527344;40500
2026-07-27;13:10:00;-03:00;42,529998779296875;42,54999923706055;42,5099983215332;42,529998779296875;118500
2026-07-27;13:15:00;-03:00;42,529998779296875;42,540000915527344;42,43000030517578;42,45000076293945;234400
2026-07-27;13:20:00;-03:00;42,45000076293945;42,470001220703125;42,439998626708984;42,439998626708984;56800
2026-07-27;13:25:00;-03:00;42,459999084472656;42,58000183105469;42,439998626708984;42,4900016784668;154000
2026-07-27;13:30:00;-03:00;42,4900016784668;42,560001373291016;42,47999954223633;42,5099983215332;146600
2026-07-27;13:35:00;-03:00;42,52000045776367;42,52000045776367;42,470001220703125;42,4900016784668;59600
2026-07-27;13:40:00;-03:00;42,4900016784668;42,5;42,439998626708984;42,459999084472656;675700
2026-07-27;13:45:00;-03:00;42,459999084472656;42,47999954223633;42,45000076293945;42,459999084472656;226200
2026-07-27;13:50:00;-03:00;42,45000076293945;42,459999084472656;42,43000030517578;42,43000030517578;270400
2026-07-27;13:55:00;-03:00;42,439998626708984;42,45000076293945;42,40999984741211;42,439998626708984;128900
2026-07-27;14:00:00;-03:00;42,41999816894531;42,439998626708984;42,400001525878906;42,400001525878906;67400
2026-07-27;14:05:00;-03:00;42,400001525878906;42,40999984741211;42,38999938964844;42,400001525878906;59100
2026-07-27;14:10:00;-03:00;42,38999938964844;42,439998626708984;42,380001068115234;42,41999816894531;66500
2026-07-27;14:15:00;-03:00;42,43000030517578;42,43000030517578;42,369998931884766;42,38999938964844;113700
2026-07-27;14:20:00;-03:00;42,380001068115234;42,41999816894531;42,369998931884766;42,400001525878906;116900
2026-07-27;14:25:00;-03:00;42,40999984741211;42,5;42,38999938964844;42,47999954223633;121300
2026-07-27;14:30:00;-03:00;42,47999954223633;42,52000045776367;42,470001220703125;42,52000045776367;79200
2026-07-27;14:35:00;-03:00;42,52000045776367;42,56999969482422;42,5;42,529998779296875;98800
2026-07-27;14:40:00;-03:00;42,540000915527344;42,540000915527344;42,5099983215332;42,5099983215332;55200
2026-07-27;14:45:00;-03:00;42,5099983215332;42,529998779296875;42,470001220703125;42,5;111200
2026-07-27;14:50:00;-03:00;42,5099983215332;42,540000915527344;42,4900016784668;42,540000915527344;79300
2026-07-27;14:55:00;-03:00;42,529998779296875;42,61000061035156;42,5099983215332;42,599998474121094;206600
2026-07-27;15:00:00;-03:00;42,59000015258789;42,599998474121094;42,52000045776367;42,52000045776367;74200
2026-07-27;15:05:00;-03:00;42,52000045776367;42,529998779296875;42,470001220703125;42,470001220703125;306500
2026-07-27;15:10:00;-03:00;42,470001220703125;42,5;42,459999084472656;42,4900016784668;53500
2026-07-27;15:15:00;-03:00;42,47999954223633;42,5;42,459999084472656;42,4900016784668;63500
2026-07-27;15:20:00;-03:00;42,4900016784668;42,5;42,47999954223633;42,4900016784668;59400
2026-07-27;15:25:00;-03:00;42,5;42,529998779296875;42,4900016784668;42,5;70900
2026-07-27;15:30:00;-03:00;42,5;42,5;42,470001220703125;42,47999954223633;66300
2026-07-27;15:35:00;-03:00;42,470001220703125;42,5;42,45000076293945;42,459999084472656;100100
2026-07-27;15:40:00;-03:00;42,459999084472656;42,5;42,439998626708984;42,47999954223633;88600
2026-07-27;15:45:00;-03:00;42,4900016784668;42,52000045776367;42,47999954223633;42,5099983215332;60200
2026-07-27;15:50:00;-03:00;42,52000045776367;42,54999923706055;42,5;42,529998779296875;155500
2026-07-27;15:55:00;-03:00;42,52000045776367;42,54999923706055;42,5099983215332;42,529998779296875;82700
2026-07-27;16:00:00;-03:00;42,540000915527344;42,54999923706055;42,529998779296875;42,540000915527344;66800
2026-07-27;16:05:00;-03:00;42,540000915527344;42,56999969482422;42,52000045776367;42,560001373291016;122200
2026-07-27;16:10:00;-03:00;42,54999923706055;42,560001373291016;42,52000045776367;42,529998779296875;174900
2026-07-27;16:15:00;-03:00;42,529998779296875;42,560001373291016;42,52000045776367;42,560001373291016;100900
2026-07-27;16:20:00;-03:00;42,560001373291016;42,61000061035156;42,540000915527344;42,599998474121094;191800
2026-07-27;16:25:00;-03:00;42,61000061035156;42,61000061035156;42,56999969482422;42,58000183105469;102900
2026-07-27;16:30:00;-03:00;42,56999969482422;42,63999938964844;42,56999969482422;42,61000061035156;133100
2026-07-27;16:35:00;-03:00;42,61000061035156;42,63999938964844;42,599998474121094;42,619998931884766;148000
2026-07-27;16:40:00;-03:00;42,63999938964844;42,68000030517578;42,61000061035156;42,65999984741211;227200
2026-07-27;16:45:00;-03:00;42,68000030517578;42,790000915527344;42,650001525878906;42,779998779296875;320200
2026-07-27;16:50:00;-03:00;42,790000915527344;42,810001373291016;42,72999954223633;42,77000045776367;405800
2026-07-28;10:05:00;-03:00;43,5;43,66999816894531;43,47999954223633;43,560001373291016;356100
2026-07-28;10:10:00;-03:00;43,560001373291016;43,560001373291016;43,27000045776367;43,31999969482422;362500
2026-07-28;10:15:00;-03:00;43,31999969482422;43,33000183105469;43,279998779296875;43,31999969482422;121400
2026-07-28;10:20:00;-03:00;43,31999969482422;43,41999816894531;43,29999923706055;43,310001373291016;133200
2026-07-28;10:25:00;-03:00;43,33000183105469;43,33000183105469;43,189998626708984;43,22999954223633;178100
2026-07-28;10:30:00;-03:00;43,22999954223633;43,34000015258789;43,150001525878906;43,15999984741211;352300
2026-07-28;10:35:00;-03:00;43,16999816894531;43,2400016784668;42,9900016784668;42,9900016784668;299400
2026-07-28;10:40:00;-03:00;42,9900016784668;43,02000045776367;42,81999969482422;42,869998931884766;279200
2026-07-28;10:45:00;-03:00;42,849998474121094;42,90999984741211;42,689998626708984;42,7599983215332;674800
2026-07-28;10:50:00;-03:00;42,77000045776367;42,779998779296875;42,599998474121094;42,650001525878906;608100
2026-07-28;10:55:00;-03:00;42,650001525878906;42,68000030517578;42,61000061035156;42,66999816894531;81700
2026-07-28;11:00:00;-03:00;42,66999816894531;42,7400016784668;42,619998931884766;42,7400016784668;192500
2026-07-28;11:05:00;-03:00;42,7400016784668;42,79999923706055;42,72999954223633;42,779998779296875;165300
2026-07-28;11:10:00;-03:00;42,779998779296875;42,900001525878906;42,77000045776367;42,849998474121094;161800
2026-07-28;11:15:00;-03:00;42,84000015258789;42,880001068115234;42,72999954223633;42,75;190700
2026-07-28;11:20:00;-03:00;42,7400016784668;42,81999969482422;42,689998626708984;42,779998779296875;111300
2026-07-28;11:25:00;-03:00;42,790000915527344;42,81999969482422;42,75;42,810001373291016;117100
2026-07-28;11:30:00;-03:00;42,81999969482422;42,86000061035156;42,790000915527344;42,849998474121094;107800
2026-07-28;11:35:00;-03:00;42,83000183105469;42,849998474121094;42,790000915527344;42,84000015258789;82500
2026-07-28;11:40:00;-03:00;42,849998474121094;42,900001525878906;42,83000183105469;42,86000061035156;89900
2026-07-28;11:45:00;-03:00;42,86000061035156;42,900001525878906;42,83000183105469;42,86000061035156;141000
2026-07-28;11:50:00;-03:00;42,86000061035156;42,88999938964844;42,83000183105469;42,849998474121094;77200
2026-07-28;11:55:00;-03:00;42,849998474121094;42,869998931884766;42,79999923706055;42,810001373291016;80200
2026-07-28;12:00:00;-03:00;42,810001373291016;42,88999938964844;42,79999923706055;42,84000015258789;267400
2026-07-28;12:05:00;-03:00;42,81999969482422;42,84000015258789;42,79999923706055;42,81999969482422;79200
2026-07-28;12:10:00;-03:00;42,83000183105469;42,900001525878906;42,79999923706055;42,849998474121094;154700
2026-07-28;12:15:00;-03:00;42,84000015258789;42,84000015258789;42,77000045776367;42,790000915527344;152700
2026-07-28;12:20:00;-03:00;42,79999923706055;42,849998474121094;42,790000915527344;42,81999969482422;132100
2026-07-28;12:25:00;-03:00;42,83000183105469;42,86000061035156;42,810001373291016;42,83000183105469;114600
2026-07-28;12:30:00;-03:00;42,83000183105469;42,880001068115234;42,83000183105469;42,869998931884766;85400
2026-07-28;12:35:00;-03:00;42,869998931884766;42,880001068115234;42,84000015258789;42,869998931884766;154200
2026-07-28;12:40:00;-03:00;42,869998931884766;42,91999816894531;42,86000061035156;42,900001525878906;131100
2026-07-28;12:45:00;-03:00;42,90999984741211;42,95000076293945;42,88999938964844;42,90999984741211;181100
2026-07-28;12:50:00;-03:00;42,91999816894531;42,959999084472656;42,90999984741211;42,959999084472656;85000
2026-07-28;12:55:00;-03:00;42,959999084472656;43,0;42,95000076293945;42,97999954223633;94200
2026-07-28;13:00:00;-03:00;42,97999954223633;43,02000045776367;42,93000030517578;42,939998626708984;102100
2026-07-28;13:05:00;-03:00;42,939998626708984;42,939998626708984;42,880001068115234;42,880001068115234;83000
2026-07-28;13:10:00;-03:00;42,88999938964844;42,959999084472656;42,880001068115234;42,959999084472656;87100
2026-07-28;13:15:00;-03:00;42,939998626708984;42,97999954223633;42,90999984741211;42,90999984741211;124900
2026-07-28;13:20:00;-03:00;42,90999984741211;42,939998626708984;42,880001068115234;42,880001068115234;105000
2026-07-28;13:25:00;-03:00;42,880001068115234;42,88999938964844;42,869998931884766;42,880001068115234;82800
2026-07-28;13:30:00;-03:00;42,869998931884766;42,959999084472656;42,869998931884766;42,939998626708984;2071500
2026-07-28;13:35:00;-03:00;42,93000030517578;42,9900016784668;42,93000030517578;42,95000076293945;141600
2026-07-28;13:40:00;-03:00;42,95000076293945;43,0;42,95000076293945;42,95000076293945;62100
2026-07-28;13:45:00;-03:00;42,95000076293945;42,95000076293945;42,869998931884766;42,880001068115234;96100
2026-07-28;13:50:00;-03:00;42,869998931884766;42,91999816894531;42,869998931884766;42,91999816894531;82400
2026-07-28;13:55:00;-03:00;42,90999984741211;42,939998626708984;42,88999938964844;42,93000030517578;64200
2026-07-28;14:00:00;-03:00;42,91999816894531;42,970001220703125;42,91999816894531;42,939998626708984;129800
2026-07-28;14:05:00;-03:00;42,95000076293945;42,95000076293945;42,90999984741211;42,90999984741211;55400
2026-07-28;14:10:00;-03:00;42,90999984741211;42,970001220703125;42,90999984741211;42,93000030517578;94600
2026-07-28;14:15:00;-03:00;42,95000076293945;42,95000076293945;42,880001068115234;42,88999938964844;74400
2026-07-28;14:20:00;-03:00;42,900001525878906;42,970001220703125;42,88999938964844;42,90999984741211;114800
2026-07-28;14:25:00;-03:00;42,93000030517578;42,95000076293945;42,900001525878906;42,900001525878906;63800
2026-07-28;14:30:00;-03:00;42,90999984741211;42,939998626708984;42,900001525878906;42,939998626708984;75100
2026-07-28;14:35:00;-03:00;42,939998626708984;42,939998626708984;42,84000015258789;42,86000061035156;100600
2026-07-28;14:40:00;-03:00;42,86000061035156;42,869998931884766;42,83000183105469;42,86000061035156;63400
2026-07-28;14:45:00;-03:00;42,84000015258789;42,880001068115234;42,81999969482422;42,849998474121094;89300
2026-07-28;14:50:00;-03:00;42,86000061035156;42,880001068115234;42,849998474121094;42,849998474121094;1069500
2026-07-28;14:55:00;-03:00;42,869998931884766;42,869998931884766;42,83000183105469;42,869998931884766;54700
2026-07-28;15:00:00;-03:00;42,86000061035156;42,88999938964844;42,849998474121094;42,880001068115234;77600
2026-07-28;15:05:00;-03:00;42,86000061035156;42,86000061035156;42,81999969482422;42,84000015258789;78400
2026-07-28;15:10:00;-03:00;42,84000015258789;42,869998931884766;42,75;42,75;157700
2026-07-28;15:15:00;-03:00;42,75;42,810001373291016;42,75;42,779998779296875;134100
2026-07-28;15:20:00;-03:00;42,779998779296875;42,81999969482422;42,779998779296875;42,79999923706055;58500
2026-07-28;15:25:00;-03:00;42,810001373291016;42,81999969482422;42,779998779296875;42,779998779296875;68900
2026-07-28;15:30:00;-03:00;42,779998779296875;42,84000015258789;42,779998779296875;42,810001373291016;89000
2026-07-28;15:35:00;-03:00;42,81999969482422;42,83000183105469;42,790000915527344;42,81999969482422;92200
2026-07-28;15:40:00;-03:00;42,79999923706055;42,83000183105469;42,79999923706055;42,810001373291016;60400
2026-07-28;15:45:00;-03:00;42,790000915527344;42,81999969482422;42,779998779296875;42,779998779296875;149100
2026-07-28;15:50:00;-03:00;42,779998779296875;42,83000183105469;42,779998779296875;42,779998779296875;97200
2026-07-28;15:55:00;-03:00;42,779998779296875;42,81999969482422;42,7599983215332;42,790000915527344;133600
2026-07-28;16:00:00;-03:00;42,790000915527344;42,83000183105469;42,790000915527344;42,81999969482422;95700
2026-07-28;16:05:00;-03:00;42,79999923706055;42,81999969482422;42,790000915527344;42,790000915527344;57700
2026-07-28;16:10:00;-03:00;42,79999923706055;42,83000183105469;42,790000915527344;42,79999923706055;49600
2026-07-28;16:15:00;-03:00;42,79999923706055;42,849998474121094;42,790000915527344;42,83000183105469;198400
2026-07-28;16:20:00;-03:00;42,83000183105469;42,849998474121094;42,81999969482422;42,83000183105469;79400
2026-07-28;16:25:00;-03:00;42,83000183105469;42,849998474121094;42,79999923706055;42,84000015258789;107400
2026-07-28;16:30:00;-03:00;42,81999969482422;42,849998474121094;42,810001373291016;42,83000183105469;105900
2026-07-28;16:35:00;-03:00;42,83000183105469;42,849998474121094;42,689998626708984;42,689998626708984;94000
2026-07-28;16:40:00;-03:00;42,779998779296875;42,790000915527344;42,7400016784668;42,7599983215332;323000
2026-07-28;16:45:00;-03:00;42,75;42,79999923706055;42,70000076293945;42,70000076293945;322100
2026-07-28;16:50:00;-03:00;42,709999084472656;42,7400016784668;42,689998626708984;42,720001220703125;212900
2026-07-29;10:00:00;-03:00;42,650001525878906;42,72999954223633;42,45000076293945;42,630001068115234;0
2026-07-29;10:05:00;-03:00;42,630001068115234;42,68000030517578;42,33000183105469;42,400001525878906;268500
2026-07-29;10:10:00;-03:00;42,400001525878906;42,45000076293945;42,20000076293945;42,20000076293945;223700
2026-07-29;10:15:00;-03:00;42,209999084472656;42,290000915527344;42,16999816894531;42,220001220703125;216300
2026-07-29;10:20:00;-03:00;42,209999084472656;42,25;42,150001525878906;42,16999816894531;411400
2026-07-29;10:25:00;-03:00;42,18000030517578;42,310001373291016;42,15999984741211;42,279998779296875;169000
2026-07-29;10:30:00;-03:00;42,279998779296875;42,470001220703125;42,279998779296875;42,31999969482422;267300
2026-07-29;10:35:00;-03:00;42,310001373291016;42,47999954223633;42,279998779296875;42,400001525878906;353900
2026-07-29;10:40:00;-03:00;42,38999938964844;42,40999984741211;42,310001373291016;42,31999969482422;73100
2026-07-29;10:45:00;-03:00;42,310001373291016;42,33000183105469;42,150001525878906;42,189998626708984;456300
2026-07-29;10:50:00;-03:00;42,189998626708984;42,20000076293945;42,029998779296875;42,06999969482422;277600
2026-07-29;10:55:00;-03:00;42,060001373291016;42,11000061035156;42,02000045776367;42,099998474121094;125200
2026-07-29;11:00:00;-03:00;42,099998474121094;42,16999816894531;42,060001373291016;42,11000061035156;199400
2026-07-29;11:05:00;-03:00;42,09000015258789;42,20000076293945;42,08000183105469;42,18000030517578;223600
2026-07-29;11:10:00;-03:00;42,18000030517578;42,20000076293945;42,130001068115234;42,150001525878906;243700
2026-07-29;11:15:00;-03:00;42,150001525878906;42,220001220703125;42,130001068115234;42,20000076293945;405600
2026-07-29;11:20:00;-03:00;42,20000076293945;42,22999954223633;42,130001068115234;42,15999984741211;361600
2026-07-29;11:25:00;-03:00;42,15999984741211;42,189998626708984;42,150001525878906;42,15999984741211;61600
2026-07-29;11:30:00;-03:00;42,18000030517578;42,18000030517578;42,09000015258789;42,099998474121094;141600
2026-07-29;11:35:00;-03:00;42,09000015258789;42,09000015258789;42,060001373291016;42,09000015258789;107000
2026-07-29;11:40:00;-03:00;42,08000183105469;42,09000015258789;42,0;42,060001373291016;246400
2026-07-29;11:45:00;-03:00;42,04999923706055;42,099998474121094;42,040000915527344;42,08000183105469;89900
2026-07-29;11:50:00;-03:00;42,060001373291016;42,13999938964844;42,060001373291016;42,130001068115234;54800
2026-07-29;11:55:00;-03:00;42,119998931884766;42,13999938964844;42,08000183105469;42,099998474121094;65600
2026-07-29;12:00:00;-03:00;42,11000061035156;42,119998931884766;42,06999969482422;42,08000183105469;65400
2026-07-29;12:05:00;-03:00;42,06999969482422;42,130001068115234;42,060001373291016;42,119998931884766;160100
2026-07-29;12:10:00;-03:00;42,13999938964844;42,220001220703125;42,119998931884766;42,209999084472656;178000
2026-07-29;12:15:00;-03:00;42,20000076293945;42,25;42,16999816894531;42,189998626708984;256200
2026-07-29;12:20:00;-03:00;42,20000076293945;42,209999084472656;42,13999938964844;42,150001525878906;83000
2026-07-29;12:25:00;-03:00;42,15999984741211;42,16999816894531;42,11000061035156;42,15999984741211;68400
2026-07-29;12:30:00;-03:00;42,13999938964844;42,150001525878906;42,09000015258789;42,13999938964844;266400
2026-07-29;12:35:00;-03:00;42,13999938964844;42,15999984741211;42,099998474121094;42,119998931884766;86000
2026-07-29;12:40:00;-03:00;42,11000061035156;42,130001068115234;42,04999923706055;42,099998474121094;139800
2026-07-29;12:45:00;-03:00;42,099998474121094;42,119998931884766;42,08000183105469;42,09000015258789;90200
2026-07-29;12:50:00;-03:00;42,09000015258789;42,119998931884766;42,06999969482422;42,09000015258789;64400
2026-07-29;12:55:00;-03:00;42,08000183105469;42,09000015258789;42,06999969482422;42,06999969482422;58000
2026-07-29;13:00:00;-03:00;42,06999969482422;42,099998474121094;42,02000045776367;42,029998779296875;115100
2026-07-29;13:05:00;-03:00;42,029998779296875;42,04999923706055;42,0099983215332;42,029998779296875;37300
2026-07-29;13:10:00;-03:00;42,029998779296875;42,029998779296875;41,97999954223633;41,97999954223633;90200
2026-07-29;13:15:00;-03:00;41,97999954223633;41,9900016784668;41,970001220703125;41,97999954223633;45800
2026-07-29;13:20:00;-03:00;41,9900016784668;42,040000915527344;41,97999954223633;42,02000045776367;64600
2026-07-29;13:25:00;-03:00;42,02000045776367;42,06999969482422;42,02000045776367;42,060001373291016;123000
2026-07-29;13:30:00;-03:00;42,060001373291016;42,060001373291016;42,0099983215332;42,02000045776367;114700
2026-07-29;13:35:00;-03:00;42,02000045776367;42,040000915527344;42,0;42,0099983215332;82900
2026-07-29;13:40:00;-03:00;42,0099983215332;42,040000915527344;42,0099983215332;42,040000915527344;1057700
2026-07-29;13:45:00;-03:00;42,029998779296875;42,040000915527344;41,970001220703125;41,97999954223633;156800
2026-07-29;13:50:00;-03:00;41,970001220703125;42,029998779296875;41,93000030517578;42,029998779296875;223300
2026-07-29;13:55:00;-03:00;42,02000045776367;42,040000915527344;41,9900016784668;42,0099983215332;115600
2026-07-29;14:00:00;-03:00;42,0;42,02000045776367;41,959999084472656;42,02000045776367;134300
2026-07-29;14:05:00;-03:00;42,02000045776367;42,02000045776367;41,93000030517578;41,939998626708984;98500
2026-07-29;14:10:00;-03:00;41,93000030517578;41,970001220703125;41,91999816894531;41,970001220703125;1646200
2026-07-29;14:15:00;-03:00;41,970001220703125;41,97999954223633;41,939998626708984;41,95000076293945;51700
2026-07-29;14:20:00;-03:00;41,95000076293945;42,0;41,95000076293945;41,97999954223633;68700
2026-07-29;14:25:00;-03:00;41,97999954223633;41,9900016784668;41,93000030517578;41,97999954223633;165000
2026-07-29;14:30:00;-03:00;41,97999954223633;42,02000045776367;41,939998626708984;41,95000076293945;145900
2026-07-29;14:35:00;-03:00;41,939998626708984;41,970001220703125;41,91999816894531;41,939998626708984;82700
2026-07-29;14:40:00;-03:00;41,939998626708984;41,97999954223633;41,939998626708984;41,959999084472656;96600
2026-07-29;14:45:00;-03:00;41,959999084472656;42,0099983215332;41,95000076293945;41,970001220703125;259100
2026-07-29;14:50:00;-03:00;41,97999954223633;42,0099983215332;41,959999084472656;41,9900016784668;140900
2026-07-29;14:55:00;-03:00;41,9900016784668;42,040000915527344;41,939998626708984;42,02000045776367;290500
2026-07-29;15:00:00;-03:00;42,029998779296875;42,16999816894531;42,029998779296875;42,09000015258789;809300
2026-07-29;15:05:00;-03:00;42,099998474121094;42,130001068115234;42,0099983215332;42,04999923706055;292300
2026-07-29;15:10:00;-03:00;42,04999923706055;42,09000015258789;42,02000045776367;42,02000045776367;172000
2026-07-29;15:15:00;-03:00;42,029998779296875;42,060001373291016;42,0;42,0099983215332;169800
2026-07-29;15:20:00;-03:00;42,0099983215332;42,02000045776367;41,97999954223633;41,97999954223633;100700
2026-07-29;15:25:00;-03:00;41,97999954223633;42,02000045776367;41,970001220703125;42,0099983215332;102800
2026-07-29;15:30:00;-03:00;42,02000045776367;42,04999923706055;41,95000076293945;42,0;192500
2026-07-29;15:35:00;-03:00;42,0;42,06999969482422;41,97999954223633;42,060001373291016;113400
2026-07-29;15:40:00;-03:00;42,060001373291016;42,130001068115234;42,040000915527344;42,11000061035156;388500
2026-07-29;15:45:00;-03:00;42,119998931884766;42,220001220703125;42,11000061035156;42,20000076293945;235900
2026-07-29;15:50:00;-03:00;42,220001220703125;42,220001220703125;42,150001525878906;42,209999084472656;264600
2026-07-29;15:55:00;-03:00;42,220001220703125;42,2599983215332;42,16999816894531;42,2400016784668;193200
2026-07-29;16:00:00;-03:00;42,2599983215332;42,29999923706055;42,18000030517578;42,20000076293945;294100
2026-07-29;16:05:00;-03:00;42,209999084472656;42,209999084472656;42,130001068115234;42,130001068115234;128600
2026-07-29;16:10:00;-03:00;42,13999938964844;42,18000030517578;42,11000061035156;42,150001525878906;190700
2026-07-29;16:15:00;-03:00;42,13999938964844;42,20000076293945;42,13999938964844;42,15999984741211;162200
2026-07-29;16:20:00;-03:00;42,15999984741211;42,16999816894531;42,02000045776367;42,029998779296875;182100
2026-07-29;16:25:00;-03:00;42,029998779296875;42,029998779296875;41,970001220703125;41,970001220703125;215200
2026-07-29;16:30:00;-03:00;41,970001220703125;42,029998779296875;41,900001525878906;41,90999984741211;247600
2026-07-29;16:35:00;-03:00;41,91999816894531;41,95000076293945;41,869998931884766;41,900001525878906;171900
2026-07-29;16:40:00;-03:00;41,900001525878906;41,93000030517578;41,849998474121094;41,880001068115234;469900
2026-07-29;16:45:00;-03:00;41,880001068115234;41,900001525878906;41,849998474121094;41,900001525878906;319800
2026-07-29;16:50:00;-03:00;41,900001525878906;41,970001220703125;41,86000061035156;41,91999816894531;486700
2026-07-30;10:00:00;-03:00;42,189998626708984;42,279998779296875;42,099998474121094;42,099998474121094;0
2026-07-30;10:05:00;-03:00;42,08000183105469;42,25;42,060001373291016;42,099998474121094;217300
2026-07-30;10:10:00;-03:00;42,060001373291016;42,130001068115234;42,0;42,08000183105469;73100
2026-07-30;10:15:00;-03:00;42,09000015258789;42,119998931884766;41,970001220703125;42,0;131800
2026-07-30;10:20:00;-03:00;42,02000045776367;42,099998474121094;41,970001220703125;42,08000183105469;45400
2026-07-30;10:25:00;-03:00;42,11000061035156;42,11000061035156;41,849998474121094;41,88999938964844;282700
2026-07-30;10:30:00;-03:00;41,86000061035156;42,04999923706055;41,83000183105469;42,02000045776367;102400
2026-07-30;10:35:00;-03:00;42,02000045776367;42,02000045776367;41,91999816894531;42,0099983215332;46600
2026-07-30;10:40:00;-03:00;42,0099983215332;42,119998931884766;41,93000030517578;42,099998474121094;150700
2026-07-30;10:45:00;-03:00;42,09000015258789;42,16999816894531;42,06999969482422;42,130001068115234;154400
2026-07-30;10:50:00;-03:00;42,150001525878906;42,189998626708984;42,099998474121094;42,15999984741211;39200
2026-07-30;10:55:00;-03:00;42,150001525878906;42,2400016784668;42,150001525878906;42,220001220703125;131500
2026-07-30;11:00:00;-03:00;42,22999954223633;42,25;42,20000076293945;42,2400016784668;60900
2026-07-30;11:05:00;-03:00;42,2400016784668;42,33000183105469;42,189998626708984;42,310001373291016;168900
2026-07-30;11:10:00;-03:00;42,310001373291016;42,380001068115234;42,279998779296875;42,380001068115234;106500
2026-07-30;11:15:00;-03:00;42,380001068115234;42,38999938964844;42,34000015258789;42,369998931884766;54000
2026-07-30;11:20:00;-03:00;42,380001068115234;42,45000076293945;42,369998931884766;42,43000030517578;154000
2026-07-30;11:25:00;-03:00;42,41999816894531;42,439998626708984;42,36000061035156;42,38999938964844;101800
2026-07-30;11:30:00;-03:00;42,38999938964844;42,45000076293945;42,380001068115234;42,400001525878906;81100
2026-07-30;11:35:00;-03:00;42,400001525878906;42,47999954223633;42,400001525878906;42,41999816894531;34600
2026-07-30;11:40:00;-03:00;42,41999816894531;42,459999084472656;42,400001525878906;42,40999984741211;169600
2026-07-30;11:45:00;-03:00;42,41999816894531;42,459999084472656;42,36000061035156;42,439998626708984;160100
2026-07-30;11:50:00;-03:00;42,41999816894531;42,470001220703125;42,38999938964844;42,45000076293945;34000
2026-07-30;11:55:00;-03:00;42,45000076293945;42,459999084472656;42,41999816894531;42,41999816894531;57300
2026-07-30;12:00:00;-03:00;42,40999984741211;42,40999984741211;42,36000061035156;42,36000061035156;24100
2026-07-30;12:05:00;-03:00;42,36000061035156;42,380001068115234;42,29999923706055;42,380001068115234;58600
2026-07-30;12:10:00;-03:00;42,38999938964844;42,400001525878906;42,33000183105469;42,349998474121094;60900
2026-07-30;12:15:00;-03:00;42,36000061035156;42,380001068115234;42,349998474121094;42,380001068115234;17300
2026-07-30;12:20:00;-03:00;42,380001068115234;42,400001525878906;42,36000061035156;42,369998931884766;39400
2026-07-30;12:25:00;-03:00;42,380001068115234;42,470001220703125;42,380001068115234;42,43000030517578;53200
2026-07-30;12:30:00;-03:00;42,43000030517578;42,5;42,41999816894531;42,5;88900
2026-07-30;12:35:00;-03:00;42,4900016784668;42,540000915527344;42,47999954223633;42,4900016784668;147300
2026-07-30;12:40:00;-03:00;42,5;42,540000915527344;42,4900016784668;42,529998779296875;83000
2026-07-30;12:45:00;-03:00;42,52000045776367;42,52000045776367;42,459999084472656;42,470001220703125;31600
2026-07-30;12:50:00;-03:00;42,470001220703125;42,52000045776367;42,470001220703125;42,5099983215332;56800
2026-07-30;12:55:00;-03:00;42,5099983215332;42,540000915527344;42,470001220703125;42,529998779296875;67000
2026-07-30;13:00:00;-03:00;42,529998779296875;42,56999969482422;42,5099983215332;42,560001373291016;64900
2026-07-30;13:05:00;-03:00;42,54999923706055;42,61000061035156;42,5099983215332;42,58000183105469;102600
2026-07-30;13:10:00;-03:00;42,59000015258789;42,599998474121094;42,560001373291016;42,59000015258789;34300
2026-07-30;13:15:00;-03:00;42,58000183105469;42,61000061035156;42,56999969482422;42,59000015258789;68700
2026-07-30;13:20:00;-03:00;42,61000061035156;42,630001068115234;42,56999969482422;42,619998931884766;84200
2026-07-30;13:25:00;-03:00;42,61000061035156;42,650001525878906;42,56999969482422;42,56999969482422;199400
2026-07-30;13:30:00;-03:00;42,59000015258789;42,65999984741211;42,56999969482422;42,63999938964844;88300
2026-07-30;13:35:00;-03:00;42,65999984741211;42,689998626708984;42,630001068115234;42,63999938964844;94200
2026-07-30;13:40:00;-03:00;42,63999938964844;42,650001525878906;42,54999923706055;42,58000183105469;191500
2026-07-30;13:45:00;-03:00;42,58000183105469;42,61000061035156;42,56999969482422;42,58000183105469;46700
2026-07-30;13:50:00;-03:00;42,59000015258789;42,599998474121094;42,560001373291016;42,560001373291016;120300
2026-07-30;13:55:00;-03:00;42,560001373291016;42,619998931884766;42,560001373291016;42,56999969482422;85100
2026-07-30;14:00:00;-03:00;42,56999969482422;42,619998931884766;42,56999969482422;42,619998931884766;62300
2026-07-30;14:05:00;-03:00;42,61000061035156;42,630001068115234;42,59000015258789;42,61000061035156;46200
2026-07-30;14:10:00;-03:00;42,619998931884766;42,63999938964844;42,560001373291016;42,61000061035156;131100
2026-07-30;14:15:00;-03:00;42,61000061035156;42,619998931884766;42,58000183105469;42,61000061035156;54000
2026-07-30;14:20:00;-03:00;42,61000061035156;42,61000061035156;42,54999923706055;42,560001373291016;92300
2026-07-30;14:25:00;-03:00;42,560001373291016;42,560001373291016;42,5099983215332;42,529998779296875;87600
2026-07-30;14:30:00;-03:00;42,529998779296875;42,560001373291016;42,52000045776367;42,560001373291016;56600
2026-07-30;14:35:00;-03:00;42,560001373291016;42,599998474121094;42,529998779296875;42,560001373291016;86900
2026-07-30;14:40:00;-03:00;42,56999969482422;42,58000183105469;42,54999923706055;42,54999923706055;46500
2026-07-30;14:45:00;-03:00;42,56999969482422;42,58000183105469;42,54999923706055;42,560001373291016;60100
2026-07-30;14:50:00;-03:00;42,54999923706055;42,59000015258789;42,54999923706055;42,58000183105469;56100
2026-07-30;14:55:00;-03:00;42,58000183105469;42,599998474121094;42,54999923706055;42,54999923706055;130300
2026-07-30;15:00:00;-03:00;42,54999923706055;42,560001373291016;42,5099983215332;42,5099983215332;76700
2026-07-30;15:05:00;-03:00;42,5099983215332;42,529998779296875;42,5;42,5099983215332;57100
2026-07-30;15:10:00;-03:00;42,5099983215332;42,52000045776367;42,47999954223633;42,52000045776367;50500
2026-07-30;15:15:00;-03:00;42,5099983215332;42,529998779296875;42,459999084472656;42,470001220703125;162900
2026-07-30;15:20:00;-03:00;42,4900016784668;42,54999923706055;42,470001220703125;42,529998779296875;74900
2026-07-30;15:25:00;-03:00;42,540000915527344;42,560001373291016;42,52000045776367;42,540000915527344;58300
2026-07-30;15:30:00;-03:00;42,54999923706055;42,560001373291016;42,52000045776367;42,529998779296875;103200
2026-07-30;15:35:00;-03:00;42,529998779296875;42,529998779296875;42,47999954223633;42,47999954223633;67600
2026-07-30;15:40:00;-03:00;42,4900016784668;42,529998779296875;42,47999954223633;42,5;207400
2026-07-30;15:45:00;-03:00;42,5099983215332;42,560001373291016;42,5;42,540000915527344;169900
2026-07-30;15:50:00;-03:00;42,54999923706055;42,58000183105469;42,540000915527344;42,560001373291016;111300
2026-07-30;15:55:00;-03:00;42,560001373291016;42,56999969482422;42,529998779296875;42,560001373291016;99200
2026-07-30;16:00:00;-03:00;42,560001373291016;42,58000183105469;42,540000915527344;42,560001373291016;108800
2026-07-30;16:05:00;-03:00;42,560001373291016;42,619998931884766;42,54999923706055;42,61000061035156;156000
2026-07-30;16:10:00;-03:00;42,619998931884766;42,63999938964844;42,59000015258789;42,599998474121094;146500
2026-07-30;16:15:00;-03:00;42,619998931884766;42,65999984741211;42,58000183105469;42,63999938964844;178400
2026-07-30;16:20:00;-03:00;42,63999938964844;42,70000076293945;42,63999938964844;42,689998626708984;197800
2026-07-30;16:25:00;-03:00;42,689998626708984;42,779998779296875;42,68000030517578;42,709999084472656;316400
2026-07-30;16:30:00;-03:00;42,720001220703125;42,7599983215332;42,689998626708984;42,75;265500
2026-07-30;16:35:00;-03:00;42,7400016784668;42,810001373291016;42,7400016784668;42,779998779296875;385500
2026-07-30;16:40:00;-03:00;42,779998779296875;42,81999969482422;42,720001220703125;42,790000915527344;430300
2026-07-30;16:45:00;-03:00;42,81999969482422;42,849998474121094;42,720001220703125;42,790000915527344;636300
2026-07-30;16:50:00;-03:00;42,790000915527344;42,81999969482422;42,72999954223633;42,790000915527344;433500
2026-07-31;12:45:00;-03:00;43,25;43,29999923706055;43,13999938964844;43,22999954223633;0
2026-07-31;12:50:00;-03:00;43,25;43,2599983215332;43,0;43,13999938964844;385400
2026-07-31;12:55:00;-03:00;43,130001068115234;43,18000030517578;42,970001220703125;42,97999954223633;157500
2026-07-31;13:00:00;-03:00;42,97999954223633;43,060001373291016;42,90999984741211;43,0099983215332;129500
2026-07-31;13:05:00;-03:00;43,0;43,060001373291016;42,95000076293945;42,97999954223633;104800
2026-07-31;13:10:00;-03:00;42,9900016784668;43,04999923706055;42,97999954223633;43,040000915527344;83900
2026-07-31;13:15:00;-03:00;43,04999923706055;43,09000015258789;42,91999816894531;43,0;95900
2026-07-31;13:20:00;-03:00;42,9900016784668;43,040000915527344;42,9900016784668;43,029998779296875;111900
2026-07-31;13:25:00;-03:00;43,029998779296875;43,119998931884766;43,029998779296875;43,08000183105469;84900
2026-07-31;13:30:00;-03:00;43,09000015258789;43,11000061035156;43,06999969482422;43,06999969482422;96300
2026-07-31;13:35:00;-03:00;43,08000183105469;43,11000061035156;43,04999923706055;43,08000183105469;148400
2026-07-31;13:40:00;-03:00;43,08000183105469;43,11000061035156;43,02000045776367;43,02000045776367;113500
2026-07-31;13:45:00;-03:00;43,029998779296875;43,040000915527344;42,9900016784668;43,0;76800
2026-07-31;13:50:00;-03:00;43,0;43,060001373291016;43,0;43,040000915527344;55200
2026-07-31;13:55:00;-03:00;43,040000915527344;43,040000915527344;42,97999954223633;43,0;55000
2026-07-31;14:00:00;-03:00;42,9900016784668;43,0;42,959999084472656;42,959999084472656;48900
2026-07-31;14:05:00;-03:00;42,959999084472656;42,970001220703125;42,93000030517578;42,939998626708984;92500
2026-07-31;14:10:00;-03:00;42,959999084472656;43,02000045776367;42,939998626708984;43,0099983215332;124900
2026-07-31;14:15:00;-03:00;43,0;43,06999969482422;42,9900016784668;43,0099983215332;86400
2026-07-31;14:20:00;-03:00;42,9900016784668;43,04999923706055;42,9900016784668;43,029998779296875;122400
2026-07-31;14:25:00;-03:00;43,040000915527344;43,060001373291016;43,02000045776367;43,04999923706055;70000
2026-07-31;14:30:00;-03:00;43,04999923706055;43,099998474121094;43,02000045776367;43,040000915527344;118000
2026-07-31;14:35:00;-03:00;43,02000045776367;43,09000015258789;43,0;43,040000915527344;73600
2026-07-31;14:40:00;-03:00;43,040000915527344;43,119998931884766;43,040000915527344;43,06999969482422;139700
2026-07-31;14:45:00;-03:00;43,06999969482422;43,099998474121094;43,02000045776367;43,04999923706055;338500
2026-07-31;14:50:00;-03:00;43,040000915527344;43,09000015258789;43,02000045776367;43,09000015258789;78900
2026-07-31;14:55:00;-03:00;43,099998474121094;43,11000061035156;43,060001373291016;43,060001373291016;76500
2026-07-31;15:00:00;-03:00;43,060001373291016;43,09000015258789;43,029998779296875;43,040000915527344;87400
2026-07-31;15:05:00;-03:00;43,029998779296875;43,06999969482422;43,029998779296875;43,040000915527344;104500
2026-07-31;15:10:00;-03:00;43,029998779296875;43,060001373291016;42,9900016784668;42,9900016784668;149500
2026-07-31;15:15:00;-03:00;43,0;43,029998779296875;42,95000076293945;43,0099983215332;147500
2026-07-31;15:20:00;-03:00;43,02000045776367;43,099998474121094;43,02000045776367;43,099998474121094;130800
2026-07-31;15:25:00;-03:00;43,06999969482422;43,08000183105469;43,0;43,0;105900
2026-07-31;15:30:00;-03:00;43,0099983215332;43,06999969482422;43,0099983215332;43,04999923706055;163700
2026-07-31;15:35:00;-03:00;43,060001373291016;43,099998474121094;43,040000915527344;43,08000183105469;106700
2026-07-31;15:40:00;-03:00;43,06999969482422;43,119998931884766;43,04999923706055;43,08000183105469;116300
2026-07-31;15:45:00;-03:00;43,08000183105469;43,13999938964844;43,060001373291016;43,099998474121094;182100
2026-07-31;15:50:00;-03:00;43,11000061035156;43,150001525878906;43,11000061035156;43,119998931884766;122600
2026-07-31;15:55:00;-03:00;43,130001068115234;43,130001068115234;43,060001373291016;43,06999969482422;118300
2026-07-31;16:00:00;-03:00;43,06999969482422;43,130001068115234;43,060001373291016;43,060001373291016;126100
2026-07-31;16:05:00;-03:00;43,060001373291016;43,11000061035156;43,060001373291016;43,09000015258789;101700
2026-07-31;16:10:00;-03:00;43,09000015258789;43,11000061035156;43,029998779296875;43,060001373291016;133700
2026-07-31;16:15:00;-03:00;43,060001373291016;43,06999969482422;43,0;43,0099983215332;126600
2026-07-31;16:20:00;-03:00;43,0099983215332;43,02000045776367;42,97999954223633;42,97999954223633;117100
2026-07-31;16:25:00;-03:00;42,97999954223633;42,9900016784668;42,90999984741211;42,93000030517578;127900
2026-07-31;16:30:00;-03:00;42,90999984741211;42,970001220703125;42,90999984741211;42,91999816894531;172200
2026-07-31;16:35:00;-03:00;42,93000030517578;42,9900016784668;42,900001525878906;42,900001525878906;147800
2026-07-31;16:40:00;-03:00;42,900001525878906;43,040000915527344;42,900001525878906;43,0099983215332;254800
2026-07-31;16:45:00;-03:00;43,0;43,040000915527344;42,9900016784668;43,029998779296875;228400
2026-07-31;16:50:00;-03:00;43,0099983215332;43,060001373291016;43,0;43,029998779296875;362500
2026-08-03;10:00:00;-03:00;;;;;0
2026-08-03;10:05:00;-03:00;43,349998474121094;43,470001220703125;43,279998779296875;43,290000915527344;0
2026-08-03;10:10:00;-03:00;43,290000915527344;43,33000183105469;43,15999984741211;43,22999954223633;234300
2026-08-03;10:15:00;-03:00;43,22999954223633;43,2400016784668;43,02000045776367;43,08000183105469;232200
2026-08-03;10:20:00;-03:00;43,08000183105469;43,150001525878906;43,029998779296875;43,04999923706055;442700
2026-08-03;10:25:00;-03:00;43,04999923706055;43,08000183105469;43,029998779296875;43,06999969482422;351500
2026-08-03;10:30:00;-03:00;43,04999923706055;43,22999954223633;43,0;43,0;479300
2026-08-03;10:35:00;-03:00;42,9900016784668;43,099998474121094;42,970001220703125;43,060001373291016;139000
2026-08-03;10:40:00;-03:00;43,09000015258789;43,16999816894531;43,029998779296875;43,04999923706055;329500
2026-08-03;10:45:00;-03:00;43,04999923706055;43,150001525878906;43,029998779296875;43,09000015258789;282400
2026-08-03;10:50:00;-03:00;43,11000061035156;43,119998931884766;43,040000915527344;43,040000915527344;350300
2026-08-03;10:55:00;-03:00;43,04999923706055;43,11000061035156;43,040000915527344;43,06999969482422;104500
2026-08-03;11:00:00;-03:00;43,06999969482422;43,09000015258789;43,0;43,029998779296875;203200
2026-08-03;11:05:00;-03:00;43,02000045776367;43,099998474121094;42,9900016784668;43,04999923706055;121100
2026-08-03;11:10:00;-03:00;43,060001373291016;43,06999969482422;43,0;43,04999923706055;273400
2026-08-03;11:15:00;-03:00;43,04999923706055;43,06999969482422;43,0099983215332;43,040000915527344;274500
2026-08-03;11:20:00;-03:00;43,04999923706055;43,08000183105469;43,040000915527344;43,060001373291016;144300
2026-08-03;11:25:00;-03:00;43,040000915527344;43,130001068115234;43,040000915527344;43,130001068115234;190500
2026-08-03;11:30:00;-03:00;43,130001068115234;43,16999816894531;43,11000061035156;43,130001068115234;344100
2026-08-03;11:35:00;-03:00;43,130001068115234;43,20000076293945;43,06999969482422;43,06999969482422;498900
2026-08-03;11:40:00;-03:00;43,06999969482422;43,08000183105469;42,95000076293945;42,959999084472656;99100
2026-08-03;11:45:00;-03:00;42,95000076293945;43,02000045776367;42,93000030517578;43,0;61000
2026-08-03;11:50:00;-03:00;43,02000045776367;43,02000045776367;42,95000076293945;42,97999954223633;63400
2026-08-03;11:55:00;-03:00;42,9900016784668;43,0099983215332;42,970001220703125;43,0099983215332;39300
2026-08-03;12:00:00;-03:00;42,9900016784668;43,029998779296875;42,970001220703125;43,02000045776367;58100
2026-08-03;12:05:00;-03:00;43,0;43,0099983215332;42,970001220703125;42,9900016784668;35700
2026-08-03;12:10:00;-03:00;43,0;43,040000915527344;42,9900016784668;43,029998779296875;42400
2026-08-03;12:15:00;-03:00;43,029998779296875;43,06999969482422;43,029998779296875;43,060001373291016;64300
2026-08-03;12:20:00;-03:00;43,04999923706055;43,060001373291016;43,02000045776367;43,060001373291016;43400
2026-08-03;12:25:00;-03:00;43,04999923706055;43,06999969482422;43,02000045776367;43,029998779296875;56200
2026-08-03;12:30:00;-03:00;43,040000915527344;43,06999969482422;42,9900016784668;43,0;60400
2026-08-03;12:35:00;-03:00;43,0;43,02000045776367;42,9900016784668;43,0;25200
2026-08-03;12:40:00;-03:00;43,0;43,029998779296875;42,97999954223633;42,97999954223633;28800
2026-08-03;12:45:00;-03:00;42,9900016784668;43,0;42,97999954223633;42,97999954223633;16200
2026-08-03;12:50:00;-03:00;42,97999954223633;43,029998779296875;42,97999954223633;43,029998779296875;55500
2026-08-03;12:55:00;-03:00;43,029998779296875;43,040000915527344;43,0;43,0;151700
2026-08-03;13:00:00;-03:00;42,9900016784668;42,9900016784668;42,90999984741211;42,91999816894531;133700
2026-08-03;13:05:00;-03:00;42,90999984741211;42,91999816894531;42,869998931884766;42,90999984741211;3063400
2026-08-03;13:10:00;-03:00;42,91999816894531;42,91999816894531;42,83000183105469;42,880001068115234;100300
2026-08-03;13:15:00;-03:00;42,880001068115234;42,91999816894531;42,86000061035156;42,900001525878906;36300
2026-08-03;13:20:00;-03:00;42,91999816894531;42,939998626708984;42,880001068115234;42,93000030517578;57100
2026-08-03;13:25:00;-03:00;42,91999816894531;42,93000030517578;42,88999938964844;42,90999984741211;38100
2026-08-03;13:30:00;-03:00;42,90999984741211;42,939998626708984;42,900001525878906;42,93000030517578;33900
2026-08-03;13:35:00;-03:00;42,91999816894531;42,939998626708984;42,90999984741211;42,91999816894531;39900
2026-08-03;13:40:00;-03:00;42,91999816894531;42,93000030517578;42,900001525878906;42,91999816894531;54200
2026-08-03;13:45:00;-03:00;42,91999816894531;42,93000030517578;42,88999938964844;42,90999984741211;47600
2026-08-03;13:50:00;-03:00;42,90999984741211;42,91999816894531;42,869998931884766;42,90999984741211;53900
2026-08-03;13:55:00;-03:00;42,90999984741211;42,93000030517578;42,880001068115234;42,91999816894531;22500
2026-08-03;14:00:00;-03:00;42,91999816894531;42,95000076293945;42,900001525878906;42,90999984741211;80300
2026-08-03;14:05:00;-03:00;42,90999984741211;42,91999816894531;42,90999984741211;42,90999984741211;30800
2026-08-03;14:10:00;-03:00;42,90999984741211;43,0099983215332;42,90999984741211;42,9900016784668;102600
2026-08-03;14:15:00;-03:00;42,9900016784668;43,0;42,95000076293945;42,959999084472656;47800
2026-08-03;14:20:00;-03:00;42,95000076293945;42,97999954223633;42,93000030517578;42,970001220703125;28400
2026-08-03;14:25:00;-03:00;42,970001220703125;42,9900016784668;42,959999084472656;42,959999084472656;26500
2026-08-03;14:30:00;-03:00;42,959999084472656;42,970001220703125;42,93000030517578;42,970001220703125;39800
2026-08-03;14:35:00;-03:00;42,959999084472656;42,9900016784668;42,939998626708984;42,939998626708984;82200
2026-08-03;14:40:00;-03:00;42,939998626708984;43,0;42,939998626708984;42,9900016784668;75900
2026-08-03;14:45:00;-03:00;43,0;43,029998779296875;42,97999954223633;43,029998779296875;87900
2026-08-03;14:50:00;-03:00;43,029998779296875;43,029998779296875;42,97999954223633;42,97999954223633;96000
2026-08-03;14:55:00;-03:00;42,97999954223633;43,029998779296875;42,97999954223633;43,0099983215332;90900
2026-08-03;15:00:00;-03:00;43,0099983215332;43,040000915527344;42,9900016784668;43,040000915527344;75600
2026-08-03;15:05:00;-03:00;43,029998779296875;43,04999923706055;42,970001220703125;42,97999954223633;131700
2026-08-03;15:10:00;-03:00;42,9900016784668;43,02000045776367;42,97999954223633;43,0099983215332;392600
2026-08-03;15:15:00;-03:00;43,0099983215332;43,0099983215332;42,97999954223633;42,97999954223633;80100
2026-08-03;15:20:00;-03:00;42,97999954223633;43,0;42,970001220703125;42,9900016784668;93400
2026-08-03;15:25:00;-03:00;43,0;43,0099983215332;42,970001220703125;42,9900016784668;248200
2026-08-03;15:30:00;-03:00;42,97999954223633;43,0;42,97999954223633;42,97999954223633;217900
2026-08-03;15:35:00;-03:00;42,97999954223633;42,9900016784668;42,95000076293945;42,959999084472656;208300
2026-08-03;15:40:00;-03:00;42,970001220703125;42,970001220703125;42,93000030517578;42,939998626708984;72900
2026-08-03;15:45:00;-03:00;42,939998626708984;42,970001220703125;42,93000030517578;42,939998626708984;80900
2026-08-03;15:50:00;-03:00;42,939998626708984;42,970001220703125;42,93000030517578;42,939998626708984;89300
2026-08-03;15:55:00;-03:00;42,95000076293945;42,95000076293945;42,90999984741211;42,90999984741211;97600
2026-08-03;16:00:00;-03:00;42,90999984741211;42,970001220703125;42,90999984741211;42,939998626708984;399100
2026-08-03;16:05:00;-03:00;42,939998626708984;42,9900016784668;42,93000030517578;42,970001220703125;129000
2026-08-03;16:10:00;-03:00;42,970001220703125;42,9900016784668;42,959999084472656;42,970001220703125;103400
2026-08-03;16:15:00;-03:00;42,970001220703125;43,0;42,95000076293945;42,970001220703125;948200
2026-08-03;16:20:00;-03:00;42,97999954223633;43,029998779296875;42,970001220703125;42,9900016784668;242100
2026-08-03;16:25:00;-03:00;43,0;43,02000045776367;42,97999954223633;43,0;99800
2026-08-03;16:30:00;-03:00;43,0099983215332;43,08000183105469;43,0;43,08000183105469;302300
2026-08-03;16:35:00;-03:00;43,06999969482422;43,08000183105469;43,029998779296875;43,060001373291016;160100
2026-08-03;16:40:00;-03:00;43,060001373291016;43,08000183105469;43,040000915527344;43,040000915527344;248600
2026-08-03;16:45:00;-03:00;43,040000915527344;43,130001068115234;43,040000915527344;43,11000061035156;278200
2026-08-03;16:50:00;-03:00;43,11000061035156;43,15999984741211;43,09000015258789;43,15999984741211;308300
2026-08-04;10:05:00;-03:00;43,81999969482422;43,84000015258789;43,70000076293945;43,83000183105469;145700
2026-08-04;10:10:00;-03:00;43,83000183105469;43,86000061035156;43,630001068115234;43,70000076293945;378600
2026-08-04;10:15:00;-03:00;43,709999084472656;43,779998779296875;43,470001220703125;43,470001220703125;614600
2026-08-04;10:20:00;-03:00;43,470001220703125;43,54999923706055;43,36000061035156;43,41999816894531;289800
2026-08-04;10:25:00;-03:00;43,439998626708984;43,47999954223633;43,27000045776367;43,27000045776367;184700
2026-08-04;10:30:00;-03:00;43,27000045776367;43,43000030517578;43,16999816894531;43,22999954223633;454800
2026-08-04;10:35:00;-03:00;43,25;43,31999969482422;43,18000030517578;43,290000915527344;280700
2026-08-04;10:40:00;-03:00;43,310001373291016;43,380001068115234;43,209999084472656;43,27000045776367;209300
2026-08-04;10:45:00;-03:00;43,27000045776367;43,279998779296875;43,150001525878906;43,20000076293945;108300
2026-08-04;10:50:00;-03:00;43,20000076293945;43,209999084472656;43,060001373291016;43,119998931884766;120400
2026-08-04;10:55:00;-03:00;43,130001068115234;43,16999816894531;43,04999923706055;43,15999984741211;223600
2026-08-04;11:00:00;-03:00;43,13999938964844;43,2400016784668;43,11000061035156;43,220001220703125;90200
2026-08-04;11:05:00;-03:00;43,22999954223633;43,22999954223633;43,099998474121094;43,13999938964844;101100
2026-08-04;11:10:00;-03:00;43,13999938964844;43,220001220703125;43,119998931884766;43,189998626708984;199500
2026-08-04;11:15:00;-03:00;43,20000076293945;43,220001220703125;43,099998474121094;43,11000061035156;181900
2026-08-04;11:20:00;-03:00;43,13999938964844;43,13999938964844;43,06999969482422;43,11000061035156;132700
2026-08-04;11:25:00;-03:00;43,130001068115234;43,13999938964844;43,09000015258789;43,11000061035156;55400
2026-08-04;11:30:00;-03:00;43,11000061035156;43,18000030517578;43,099998474121094;43,150001525878906;121300
2026-08-04;11:35:00;-03:00;43,13999938964844;43,20000076293945;43,130001068115234;43,15999984741211;107100
2026-08-04;11:40:00;-03:00;43,15999984741211;43,189998626708984;43,099998474121094;43,15999984741211;144600
2026-08-04;11:45:00;-03:00;43,15999984741211;43,290000915527344;43,130001068115234;43,290000915527344;122700
2026-08-04;11:50:00;-03:00;43,279998779296875;43,290000915527344;43,18000030517578;43,189998626708984;193000
2026-08-04;11:55:00;-03:00;43,209999084472656;43,220001220703125;43,16999816894531;43,18000030517578;61400
2026-08-04;12:00:00;-03:00;43,18000030517578;43,20000076293945;43,099998474121094;43,16999816894531;201500
2026-08-04;12:05:00;-03:00;43,16999816894531;43,16999816894531;43,06999969482422;43,099998474121094;89900
2026-08-04;12:10:00;-03:00;43,11000061035156;43,11000061035156;42,9900016784668;43,0099983215332;169600
2026-08-04;12:15:00;-03:00;43,029998779296875;43,060001373291016;43,0099983215332;43,04999923706055;80300
2026-08-04;12:20:00;-03:00;43,060001373291016;43,099998474121094;43,02000045776367;43,04999923706055;47800
2026-08-04;12:25:00;-03:00;43,04999923706055;43,08000183105469;43,04999923706055;43,04999923706055;61900
2026-08-04;12:30:00;-03:00;43,04999923706055;43,09000015258789;43,02000045776367;43,02000045776367;129600
2026-08-04;12:35:00;-03:00;43,02000045776367;43,09000015258789;43,0;43,06999969482422;96800
2026-08-04;12:40:00;-03:00;43,08000183105469;43,09000015258789;43,04999923706055;43,08000183105469;191900
2026-08-04;12:45:00;-03:00;43,08000183105469;43,09000015258789;43,04999923706055;43,060001373291016;42500
2026-08-04;12:50:00;-03:00;43,08000183105469;43,099998474121094;43,060001373291016;43,099998474121094;50400
2026-08-04;12:55:00;-03:00;43,099998474121094;43,130001068115234;43,06999969482422;43,08000183105469;93000
2026-08-04;13:00:00;-03:00;43,08000183105469;43,09000015258789;42,95000076293945;42,970001220703125;320700
2026-08-04;13:05:00;-03:00;42,970001220703125;42,970001220703125;42,939998626708984;42,95000076293945;77900
2026-08-04;13:10:00;-03:00;42,959999084472656;42,9900016784668;42,93000030517578;42,93000030517578;685600
2026-08-04;13:15:00;-03:00;42,93000030517578;42,95000076293945;42,90999984741211;42,95000076293945;383600
2026-08-04;13:20:00;-03:00;42,939998626708984;42,970001220703125;42,91999816894531;42,959999084472656;153500
2026-08-04;13:25:00;-03:00;42,970001220703125;42,970001220703125;42,88999938964844;42,900001525878906;103000
2026-08-04;13:30:00;-03:00;42,900001525878906;42,900001525878906;42,810001373291016;42,83000183105469;134100
2026-08-04;13:35:00;-03:00;42,81999969482422;42,869998931884766;42,81999969482422;42,849998474121094;57500
2026-08-04;13:40:00;-03:00;42,86000061035156;42,900001525878906;42,83000183105469;42,88999938964844;74000
2026-08-04;13:45:00;-03:00;42,900001525878906;42,93000030517578;42,86000061035156;42,90999984741211;111500
2026-08-04;13:50:00;-03:00;42,91999816894531;42,939998626708984;42,88999938964844;42,939998626708984;48900
2026-08-04;13:55:00;-03:00;42,939998626708984;42,939998626708984;42,88999938964844;42,91999816894531;47500
2026-08-04;14:00:00;-03:00;42,90999984741211;42,90999984741211;42,81999969482422;42,900001525878906;401700
2026-08-04;14:05:00;-03:00;42,90999984741211;42,91999816894531;42,880001068115234;42,880001068115234;106800
2026-08-04;14:10:00;-03:00;42,88999938964844;42,90999984741211;42,83000183105469;42,86000061035156;391100
2026-08-04;14:15:00;-03:00;42,880001068115234;42,880001068115234;42,79999923706055;42,81999969482422;154700
2026-08-04;14:20:00;-03:00;42,81999969482422;42,849998474121094;42,79999923706055;42,810001373291016;68200
2026-08-04;14:25:00;-03:00;42,81999969482422;42,84000015258789;42,790000915527344;42,83000183105469;72700
2026-08-04;14:30:00;-03:00;42,84000015258789;42,849998474121094;42,779998779296875;42,779998779296875;164000
2026-08-04;14:35:00;-03:00;42,779998779296875;42,81999969482422;42,779998779296875;42,79999923706055;139500
2026-08-04;14:40:00;-03:00;42,790000915527344;42,81999969482422;42,790000915527344;42,81999969482422;274900
2026-08-04;14:45:00;-03:00;42,79999923706055;42,84000015258789;42,70000076293945;42,709999084472656;414300
2026-08-04;14:50:00;-03:00;42,720001220703125;42,72999954223633;42,369998931884766;42,439998626708984;883600
2026-08-04;14:55:00;-03:00;42,45000076293945;42,47999954223633;42,40999984741211;42,40999984741211;318300
2026-08-04;15:00:00;-03:00;42,40999984741211;42,470001220703125;42,2400016784668;42,2400016784668;578200
2026-08-04;15:05:00;-03:00;42,27000045776367;42,349998474121094;42,2400016784668;42,27000045776367;990200
2026-08-04;15:10:00;-03:00;42,25;42,290000915527344;42,209999084472656;42,2400016784668;338100
2026-08-04;15:15:00;-03:00;42,2400016784668;42,2400016784668;42,150001525878906;42,20000076293945;350400
2026-08-04;15:20:00;-03:00;42,20000076293945;42,209999084472656;42,119998931884766;42,15999984741211;496100
2026-08-04;15:25:00;-03:00;42,15999984741211;42,189998626708984;42,08000183105469;42,119998931884766;467000
2026-08-04;15:30:00;-03:00;42,130001068115234;42,22999954223633;42,119998931884766;42,15999984741211;526700
2026-08-04;15:35:00;-03:00;42,16999816894531;42,27000045776367;42,150001525878906;42,16999816894531;349000
2026-08-04;15:40:00;-03:00;42,16999816894531;42,22999954223633;42,15999984741211;42,20000076293945;252500
2026-08-04;15:45:00;-03:00;42,220001220703125;42,2400016784668;42,189998626708984;42,20000076293945;216100
2026-08-04;15:50:00;-03:00;42,209999084472656;42,310001373291016;42,189998626708984;42,279998779296875;400900
2026-08-04;15:55:00;-03:00;42,279998779296875;42,34000015258789;42,189998626708984;42,20000076293945;894100
2026-08-04;16:00:00;-03:00;42,209999084472656;42,2400016784668;42,150001525878906;42,18000030517578;569100
2026-08-04;16:05:00;-03:00;42,18000030517578;42,20000076293945;42,099998474121094;42,189998626708984;491800
2026-08-04;16:10:00;-03:00;42,189998626708984;42,20000076293945;42,11000061035156;42,119998931884766;379700
2026-08-04;16:15:00;-03:00;42,119998931884766;42,15999984741211;42,09000015258789;42,09000015258789;439000
2026-08-04;16:20:00;-03:00;42,099998474121094;42,13999938964844;42,060001373291016;42,09000015258789;476400
2026-08-04;16:25:00;-03:00;42,06999969482422;42,150001525878906;42,04999923706055;42,150001525878906;588100
2026-08-04;16:30:00;-03:00;42,130001068115234;42,15999984741211;42,04999923706055;42,150001525878906;546600
2026-08-04;16:35:00;-03:00;42,119998931884766;42,15999984741211;42,099998474121094;42,150001525878906;473300
2026-08-04;16:40:00;-03:00;42,15999984741211;42,15999984741211;42,11000061035156;42,13999938964844;455600
2026-08-04;16:45:00;-03:00;42,130001068115234;42,16999816894531;42,08000183105469;42,15999984741211;598000
2026-08-04;16:50:00;-03:00;42,15999984741211;42,18000030517578;42,11000061035156;42,13999938964844;680800
2026-08-05;10:05:00;-03:00;42,61000061035156;42,619998931884766;42,400001525878906;42,58000183105469;392700
2026-08-05;10:10:00;-03:00;42,529998779296875;42,95000076293945;42,529998779296875;42,939998626708984;1351600
2026-08-05;10:15:00;-03:00;42,939998626708984;43,029998779296875;42,7599983215332;42,880001068115234;462700
2026-08-05;10:20:00;-03:00;42,88999938964844;43,15999984741211;42,869998931884766;43,119998931884766;587800
2026-08-05;10:25:00;-03:00;43,09000015258789;43,189998626708984;43,0;43,02000045776367;500700
2026-08-05;10:30:00;-03:00;43,04999923706055;43,11000061035156;42,84000015258789;43,06999969482422;974400
2026-08-05;10:35:00;-03:00;43,06999969482422;43,22999954223633;43,0;43,119998931884766;1020000
2026-08-05;10:40:00;-03:00;43,11000061035156;43,20000076293945;42,900001525878906;42,9900016784668;555300
2026-08-05;10:45:00;-03:00;42,9900016784668;43,0;42,880001068115234;42,93000030517578;1168200
2026-08-05;10:50:00;-03:00;42,95000076293945;43,11000061035156;42,900001525878906;43,04999923706055;460400
2026-08-05;10:55:00;-03:00;43,040000915527344;43,08000183105469;42,95000076293945;42,970001220703125;525000
2026-08-05;11:00:00;-03:00;42,970001220703125;43,06999969482422;42,869998931884766;43,040000915527344;405600
2026-08-05;11:05:00;-03:00;43,04999923706055;43,29999923706055;43,029998779296875;43,2599983215332;557500
2026-08-05;11:10:00;-03:00;43,2599983215332;43,380001068115234;43,25;43,27000045776367;297500
2026-08-05;11:15:00;-03:00;43,27000045776367;43,290000915527344;43,130001068115234;43,13999938964844;382400
2026-08-05;11:20:00;-03:00;43,13999938964844;43,18000030517578;42,970001220703125;43,0;253800
2026-08-05;11:25:00;-03:00;43,0099983215332;43,06999969482422;42,91999816894531;42,93000030517578;1375500
2026-08-05;11:30:00;-03:00;42,91999816894531;42,959999084472656;42,79999923706055;42,810001373291016;344500
2026-08-05;11:35:00;-03:00;42,810001373291016;42,970001220703125;42,810001373291016;42,959999084472656;707800
2026-08-05;11:40:00;-03:00;42,959999084472656;43,02000045776367;42,95000076293945;43,02000045776367;170000
2026-08-05;11:45:00;-03:00;43,029998779296875;43,16999816894531;43,02000045776367;43,099998474121094;499100
2026-08-05;11:50:00;-03:00;43,099998474121094;43,119998931884766;43,0;43,04999923706055;97400
2026-08-05;11:55:00;-03:00;43,04999923706055;43,060001373291016;42,97999954223633;43,04999923706055;123000
2026-08-05;12:00:00;-03:00;43,04999923706055;43,16999816894531;42,97999954223633;43,150001525878906;454500
2026-08-05;12:05:00;-03:00;43,13999938964844;43,15999984741211;43,060001373291016;43,11000061035156;210100
2026-08-05;12:10:00;-03:00;43,119998931884766;43,13999938964844;43,029998779296875;43,06999969482422;369100
2026-08-05;12:15:00;-03:00;43,060001373291016;43,06999969482422;42,959999084472656;42,9900016784668;1369700
2026-08-05;12:20:00;-03:00;43,0099983215332;43,099998474121094;43,0099983215332;43,029998779296875;0
2026-08-05;12:25:00;-03:00;43,0099983215332;43,040000915527344;43,0;43,029998779296875;148800
2026-08-05;12:30:00;-03:00;43,040000915527344;43,04999923706055;43,0;43,0;74700
2026-08-05;12:35:00;-03:00;43,0;43,09000015258789;43,0;43,02000045776367;113600
2026-08-05;12:40:00;-03:00;43,02000045776367;43,040000915527344;42,9900016784668;42,9900016784668;80300
2026-08-05;12:45:00;-03:00;43,0;43,029998779296875;42,970001220703125;43,02000045776367;159700
2026-08-05;12:50:00;-03:00;43,0099983215332;43,08000183105469;43,0099983215332;43,04999923706055;134500
2026-08-05;12:55:00;-03:00;43,040000915527344;43,13999938964844;43,029998779296875;43,099998474121094;128000
2026-08-05;13:00:00;-03:00;43,09000015258789;43,119998931884766;43,0099983215332;43,02000045776367;89400
2026-08-05;13:05:00;-03:00;43,0099983215332;43,09000015258789;43,0099983215332;43,040000915527344;168900
2026-08-05;13:10:00;-03:00;43,04999923706055;43,06999969482422;43,029998779296875;43,04999923706055;123900
2026-08-05;13:15:00;-03:00;43,060001373291016;43,060001373291016;43,0099983215332;43,02000045776367;104500
2026-08-05;13:20:00;-03:00;43,02000045776367;43,060001373291016;42,970001220703125;43,0;153000
2026-08-05;13:25:00;-03:00;42,970001220703125;43,040000915527344;42,970001220703125;43,029998779296875;138700
2026-08-05;13:30:00;-03:00;43,02000045776367;43,04999923706055;43,0099983215332;43,040000915527344;72700
2026-08-05;13:35:00;-03:00;43,040000915527344;43,060001373291016;43,029998779296875;43,04999923706055;93200
2026-08-05;13:40:00;-03:00;43,040000915527344;43,060001373291016;43,029998779296875;43,040000915527344;52700
2026-08-05;13:45:00;-03:00;43,04999923706055;43,060001373291016;43,029998779296875;43,04999923706055;51000
2026-08-05;13:50:00;-03:00;43,040000915527344;43,06999969482422;43,040000915527344;43,060001373291016;89700
2026-08-05;13:55:00;-03:00;43,06999969482422;43,06999969482422;42,9900016784668;43,02000045776367;84300
2026-08-05;14:00:00;-03:00;43,02000045776367;43,04999923706055;43,0099983215332;43,040000915527344;256500
2026-08-05;14:05:00;-03:00;43,040000915527344;43,040000915527344;43,0;43,0;56300
2026-08-05;14:10:00;-03:00;43,0099983215332;43,06999969482422;42,9900016784668;43,04999923706055;166500
2026-08-05;14:15:00;-03:00;43,040000915527344;43,060001373291016;42,97999954223633;43,02000045776367;236900
2026-08-05;14:20:00;-03:00;43,02000045776367;43,040000915527344;42,9900016784668;43,0099983215332;179000
2026-08-05;14:25:00;-03:00;43,0;43,02000045776367;42,959999084472656;42,9900016784668;217900
2026-08-05;14:30:00;-03:00;42,9900016784668;43,029998779296875;42,970001220703125;43,029998779296875;74900
2026-08-05;14:35:00;-03:00;43,029998779296875;43,040000915527344;43,0;43,02000045776367;62100
2026-08-05;14:40:00;-03:00;43,0;43,08000183105469;43,0;43,08000183105469;169600
2026-08-05;14:45:00;-03:00;43,08000183105469;43,08000183105469;42,9900016784668;43,029998779296875;76500
2026-08-05;14:50:00;-03:00;43,029998779296875;43,029998779296875;43,0099983215332;43,02000045776367;42500
2026-08-05;14:55:00;-03:00;43,029998779296875;43,029998779296875;42,95000076293945;42,95000076293945;79600
2026-08-05;15:00:00;-03:00;42,95000076293945;42,959999084472656;42,90999984741211;42,939998626708984;108700
2026-08-05;15:05:00;-03:00;42,939998626708984;42,939998626708984;42,869998931884766;42,869998931884766;479900
2026-08-05;15:10:00;-03:00;42,880001068115234;42,93000030517578;42,869998931884766;42,900001525878906;68400
2026-08-05;15:15:00;-03:00;42,88999938964844;42,90999984741211;42,86000061035156;42,86000061035156;52900
2026-08-05;15:20:00;-03:00;42,86000061035156;42,88999938964844;42,86000061035156;42,880001068115234;124900
2026-08-05;15:25:00;-03:00;42,88999938964844;42,900001525878906;42,869998931884766;42,869998931884766;88100
2026-08-05;15:30:00;-03:00;42,880001068115234;42,880001068115234;42,84000015258789;42,869998931884766;120900
2026-08-05;15:35:00;-03:00;42,869998931884766;42,880001068115234;42,84000015258789;42,84000015258789;49600
2026-08-05;15:40:00;-03:00;42,84000015258789;42,849998474121094;42,81999969482422;42,84000015258789;119900
2026-08-05;15:45:00;-03:00;42,84000015258789;42,880001068115234;42,83000183105469;42,86000061035156;157400
2026-08-05;15:50:00;-03:00;42,86000061035156;42,88999938964844;42,83000183105469;42,84000015258789;200400
2026-08-05;15:55:00;-03:00;42,84000015258789;42,86000061035156;42,790000915527344;42,81999969482422;171700
2026-08-05;16:00:00;-03:00;42,810001373291016;42,81999969482422;42,779998779296875;42,810001373291016;171900
2026-08-05;16:05:00;-03:00;42,810001373291016;42,81999969482422;42,7599983215332;42,790000915527344;121100
2026-08-05;16:10:00;-03:00;42,790000915527344;42,79999923706055;42,7599983215332;42,790000915527344;336800
2026-08-05;16:15:00;-03:00;42,779998779296875;42,83000183105469;42,77000045776367;42,810001373291016;124500
2026-08-05;16:20:00;-03:00;42,810001373291016;42,81999969482422;42,75;42,77000045776367;351000
2026-08-05;16:25:00;-03:00;42,77000045776367;42,790000915527344;42,7400016784668;42,7599983215332;284300
2026-08-05;16:30:00;-03:00;42,7400016784668;42,75;42,45000076293945;42,459999084472656;1157400
2026-08-05;16:35:00;-03:00;42,47999954223633;42,54999923706055;42,43000030517578;42,47999954223633;359200
2026-08-05;16:40:00;-03:00;42,4900016784668;42,529998779296875;42,43000030517578;42,439998626708984;208200
2026-08-05;16:45:00;-03:00;42,439998626708984;42,459999084472656;42,369998931884766;42,380001068115234;767600
2026-08-05;16:50:00;-03:00;42,400001525878906;42,45000076293945;42,279998779296875;42,41999816894531;1785000
2026-08-06;10:00:00;-03:00;42,29999923706055;42,34000015258789;42,119998931884766;42,29999923706055;0
2026-08-06;10:05:00;-03:00;42,33000183105469;42,459999084472656;42,279998779296875;42,43000030517578;122000
2026-08-06;10:10:00;-03:00;42,43000030517578;42,849998474121094;42,41999816894531;42,84000015258789;807100
2026-08-06;10:15:00;-03:00;42,84000015258789;42,900001525878906;42,75;42,79999923706055;1021900
2026-08-06;10:20:00;-03:00;42,810001373291016;42,900001525878906;42,709999084472656;42,7400016784668;246800
2026-08-06;10:25:00;-03:00;42,72999954223633;42,72999954223633;42,5099983215332;42,58000183105469;375700
2026-08-06;10:30:00;-03:00;42,58000183105469;42,58000183105469;42,349998474121094;42,380001068115234;1872800
2026-08-06;10:35:00;-03:00;42,38999938964844;42,630001068115234;42,290000915527344;42,459999084472656;399700
2026-08-06;10:40:00;-03:00;42,470001220703125;42,599998474121094;42,439998626708984;42,47999954223633;776900
2026-08-06;10:45:00;-03:00;42,47999954223633;42,56999969482422;42,45000076293945;42,529998779296875;299800
2026-08-06;10:50:00;-03:00;42,56999969482422;42,61000061035156;42,5;42,56999969482422;446700
2026-08-06;10:55:00;-03:00;42,58000183105469;42,68000030517578;42,54999923706055;42,68000030517578;277900
2026-08-06;11:00:00;-03:00;42,66999816894531;42,66999816894531;42,5099983215332;42,560001373291016;219300
2026-08-06;11:05:00;-03:00;42,59000015258789;42,59000015258789;42,5;42,5099983215332;188800
2026-08-06;11:10:00;-03:00;42,5099983215332;42,529998779296875;42,47999954223633;42,52000045776367;81500
2026-08-06;11:15:00;-03:00;42,5;42,52000045776367;42,380001068115234;42,400001525878906;161000
2026-08-06;11:20:00;-03:00;42,400001525878906;42,45000076293945;42,31999969482422;42,45000076293945;152000
2026-08-06;11:25:00;-03:00;42,45000076293945;42,459999084472656;42,38999938964844;42,43000030517578;108300
2026-08-06;11:30:00;-03:00;42,40999984741211;42,5099983215332;42,400001525878906;42,4900016784668;177700
2026-08-06;11:35:00;-03:00;42,5;42,66999816894531;42,47999954223633;42,63999938964844;273800
2026-08-06;11:40:00;-03:00;42,650001525878906;42,709999084472656;42,619998931884766;42,630001068115234;228200
2026-08-06;11:45:00;-03:00;42,630001068115234;42,65999984741211;42,58000183105469;42,599998474121094;152900
2026-08-06;11:50:00;-03:00;42,619998931884766;42,72999954223633;42,599998474121094;42,689998626708984;471800
2026-08-06;11:55:00;-03:00;42,709999084472656;42,75;42,599998474121094;42,61000061035156;453700
2026-08-06;12:00:00;-03:00;42,61000061035156;42,709999084472656;42,54999923706055;42,70000076293945;261800
2026-08-06;12:05:00;-03:00;42,709999084472656;42,709999084472656;42,58000183105469;42,61000061035156;88400
2026-08-06;12:10:00;-03:00;42,599998474121094;42,61000061035156;42,5099983215332;42,540000915527344;142800
2026-08-06;12:15:00;-03:00;42,529998779296875;42,529998779296875;42,40999984741211;42,45000076293945;200500
2026-08-06;12:20:00;-03:00;42,459999084472656;42,470001220703125;42,40999984741211;42,470001220703125;106600
2026-08-06;12:25:00;-03:00;42,45000076293945;42,45000076293945;42,36000061035156;42,380001068115234;163600
2026-08-06;12:30:00;-03:00;42,369998931884766;42,38999938964844;42,36000061035156;42,369998931884766;86800
2026-08-06;12:35:00;-03:00;42,369998931884766;42,380001068115234;42,310001373291016;42,33000183105469;148700
2026-08-06;12:40:00;-03:00;42,33000183105469;42,349998474121094;42,279998779296875;42,29999923706055;71300
2026-08-06;12:45:00;-03:00;42,29999923706055;42,349998474121094;42,29999923706055;42,31999969482422;124400
2026-08-06;12:50:00;-03:00;42,31999969482422;42,41999816894531;42,310001373291016;42,380001068115234;688200
2026-08-06;12:55:00;-03:00;42,36000061035156;42,45000076293945;42,36000061035156;42,400001525878906;271400
2026-08-06;13:00:00;-03:00;42,400001525878906;42,400001525878906;42,349998474121094;42,38999938964844;111400
2026-08-06;13:05:00;-03:00;42,38999938964844;42,38999938964844;42,34000015258789;42,380001068115234;44200
2026-08-06;13:10:00;-03:00;42,380001068115234;42,380001068115234;42,290000915527344;42,310001373291016;110100
2026-08-06;13:15:00;-03:00;42,31999969482422;42,38999938964844;42,29999923706055;42,349998474121094;140100
2026-08-06;13:20:00;-03:00;42,36000061035156;42,369998931884766;42,33000183105469;42,349998474121094;154400
2026-08-06;13:25:00;-03:00;42,349998474121094;42,369998931884766;42,33000183105469;42,33000183105469;54100
2026-08-06;13:30:00;-03:00;42,34000015258789;42,36000061035156;42,33000183105469;42,349998474121094;57200
2026-08-06;13:35:00;-03:00;42,349998474121094;42,36000061035156;42,31999969482422;42,34000015258789;55900
2026-08-06;13:40:00;-03:00;42,349998474121094;42,349998474121094;42,29999923706055;42,31999969482422;45500
2026-08-06;13:45:00;-03:00;42,31999969482422;42,31999969482422;42,2599983215332;42,279998779296875;53800
2026-08-06;13:50:00;-03:00;42,290000915527344;42,290000915527344;42,25;42,279998779296875;44200
2026-08-06;13:55:00;-03:00;42,279998779296875;42,29999923706055;42,2599983215332;42,290000915527344;26300
2026-08-06;14:00:00;-03:00;42,27000045776367;42,310001373291016;42,2599983215332;42,2599983215332;68900
2026-08-06;14:05:00;-03:00;42,2599983215332;42,27000045776367;42,209999084472656;42,2400016784668;161800
2026-08-06;14:10:00;-03:00;42,220001220703125;42,2400016784668;42,189998626708984;42,209999084472656;431100
2026-08-06;14:15:00;-03:00;42,209999084472656;42,22999954223633;42,15999984741211;42,189998626708984;274400
2026-08-06;14:20:00;-03:00;42,20000076293945;42,20000076293945;42,13999938964844;42,189998626708984;126700
2026-08-06;14:25:00;-03:00;42,20000076293945;42,209999084472656;42,130001068115234;42,18000030517578;144700
2026-08-06;14:30:00;-03:00;42,18000030517578;42,18000030517578;42,13999938964844;42,150001525878906;77500
2026-08-06;14:35:00;-03:00;42,15999984741211;42,220001220703125;42,150001525878906;42,209999084472656;80500
2026-08-06;14:40:00;-03:00;42,209999084472656;42,209999084472656;42,18000030517578;42,18000030517578;119100
2026-08-06;14:45:00;-03:00;42,189998626708984;42,189998626708984;42,13999938964844;42,15999984741211;61700
2026-08-06;14:50:00;-03:00;42,150001525878906;42,16999816894531;42,119998931884766;42,150001525878906;138200
2026-08-06;14:55:00;-03:00;42,150001525878906;42,150001525878906;42,09000015258789;42,099998474121094;123800
2026-08-06;15:00:00;-03:00;42,11000061035156;42,119998931884766;42,08000183105469;42,119998931884766;99200
2026-08-06;15:05:00;-03:00;42,119998931884766;42,119998931884766;42,06999969482422;42,099998474121094;119400
2026-08-06;15:10:00;-03:00;42,09000015258789;42,099998474121094;42,04999923706055;42,08000183105469;96200
2026-08-06;15:15:00;-03:00;42,060001373291016;42,09000015258789;42,02000045776367;42,09000015258789;160300
2026-08-06;15:20:00;-03:00;42,06999969482422;42,099998474121094;42,060001373291016;42,08000183105469;174100
2026-08-06;15:25:00;-03:00;42,09000015258789;42,16999816894531;42,08000183105469;42,150001525878906;205600
2026-08-06;15:30:00;-03:00;42,15999984741211;42,15999984741211;42,13999938964844;42,150001525878906;106200
2026-08-06;15:35:00;-03:00;42,150001525878906;42,20000076293945;42,13999938964844;42,189998626708984;104100
2026-08-06;15:40:00;-03:00;42,189998626708984;42,20000076293945;42,16999816894531;42,18000030517578;99900
2026-08-06;15:45:00;-03:00;42,18000030517578;42,20000076293945;42,16999816894531;42,189998626708984;161600
2026-08-06;15:50:00;-03:00;42,18000030517578;42,20000076293945;42,150001525878906;42,16999816894531;117000
2026-08-06;15:55:00;-03:00;42,16999816894531;42,189998626708984;42,150001525878906;42,15999984741211;95100
2026-08-06;16:00:00;-03:00;42,15999984741211;42,15999984741211;42,09000015258789;42,13999938964844;199900
2026-08-06;16:05:00;-03:00;42,13999938964844;42,150001525878906;42,119998931884766;42,130001068115234;103500
2026-08-06;16:10:00;-03:00;42,130001068115234;42,13999938964844;42,060001373291016;42,08000183105469;134200
2026-08-06;16:15:00;-03:00;42,08000183105469;42,11000061035156;42,060001373291016;42,099998474121094;160000
2026-08-06;16:20:00;-03:00;42,099998474121094;42,099998474121094;42,04999923706055;42,060001373291016;136900
2026-08-06;16:25:00;-03:00;42,04999923706055;42,04999923706055;41,97999954223633;41,9900016784668;229400
2026-08-06;16:30:00;-03:00;41,9900016784668;42,0;41,91999816894531;41,91999816894531;200300
2026-08-06;16:35:00;-03:00;41,91999816894531;41,970001220703125;41,88999938964844;41,900001525878906;329500
2026-08-06;16:40:00;-03:00;41,900001525878906;41,90999984741211;41,84000015258789;41,849998474121094;309000
2026-08-06;16:45:00;-03:00;41,869998931884766;41,939998626708984;41,84000015258789;41,939998626708984;1023200
2026-08-06;16:50:00;-03:00;41,93000030517578;41,939998626708984;41,849998474121094;41,93000030517578;563600
2026-08-07;10:00:00;-03:00;42,0099983215332;42,130001068115234;41,88999938964844;41,97999954223633;191200
2026-08-07;10:05:00;-03:00;41,95000076293945;41,959999084472656;41,84000015258789;41,84000015258789;108300
2026-08-07;10:10:00;-03:00;41,86000061035156;42,029998779296875;41,849998474121094;41,91999816894531;134500
2026-08-07;10:15:00;-03:00;41,91999816894531;41,91999816894531;41,849998474121094;41,88999938964844;40700
2026-08-07;10:20:00;-03:00;41,88999938964844;41,970001220703125;41,86000061035156;41,880001068115234;78800
2026-08-07;10:25:00;-03:00;41,86000061035156;41,900001525878906;41,810001373291016;41,81999969482422;101700
2026-08-07;10:30:00;-03:00;41,810001373291016;41,83000183105469;41,619998931884766;41,75;406000
2026-08-07;10:35:00;-03:00;41,75;41,75;41,58000183105469;41,650001525878906;152600
2026-08-07;10:40:00;-03:00;41,65999984741211;41,65999984741211;41,59000015258789;41,63999938964844;83600
2026-08-07;10:45:00;-03:00;41,630001068115234;41,650001525878906;41,560001373291016;41,56999969482422;60600
2026-08-07;10:50:00;-03:00;41,56999969482422;41,59000015258789;41,5099983215332;41,52000045776367;73300
2026-08-07;10:55:00;-03:00;41,52000045776367;41,560001373291016;41,459999084472656;41,459999084472656;87500
2026-08-07;11:00:00;-03:00;41,470001220703125;41,4900016784668;41,31999969482422;41,34000015258789;130800
2026-08-07;11:05:00;-03:00;41,310001373291016;41,369998931884766;41,290000915527344;41,31999969482422;214200
2026-08-07;11:10:00;-03:00;41,31999969482422;41,36000061035156;41,290000915527344;41,34000015258789;182200
2026-08-07;11:15:00;-03:00;41,31999969482422;41,43000030517578;41,31999969482422;41,40999984741211;200700
2026-08-07;11:20:00;-03:00;41,40999984741211;41,43000030517578;41,369998931884766;41,41999816894531;213100
2026-08-07;11:25:00;-03:00;41,41999816894531;41,41999816894531;41,290000915527344;41,29999923706055;143300
2026-08-07;11:30:00;-03:00;41,29999923706055;41,29999923706055;41,20000076293945;41,27000045776367;156000
2026-08-07;11:35:00;-03:00;41,27000045776367;41,310001373291016;41,220001220703125;41,22999954223633;74600
2026-08-07;11:40:00;-03:00;41,25;41,25;41,189998626708984;41,25;68800
2026-08-07;11:45:00;-03:00;41,2400016784668;41,27000045776367;41,209999084472656;41,2400016784668;112200
2026-08-07;11:50:00;-03:00;41,2400016784668;41,2400016784668;41,18000030517578;41,22999954223633;108500
2026-08-07;11:55:00;-03:00;41,22999954223633;41,22999954223633;41,040000915527344;41,06999969482422;1087700
2026-08-07;12:00:00;-03:00;41,06999969482422;41,189998626708984;41,060001373291016;41,119998931884766;465400
2026-08-07;12:05:00;-03:00;41,119998931884766;41,150001525878906;40,970001220703125;40,970001220703125;424700
2026-08-07;12:10:00;-03:00;41,0;41,060001373291016;40,970001220703125;41,04999923706055;139100
2026-08-07;12:15:00;-03:00;41,040000915527344;41,150001525878906;41,02000045776367;41,09000015258789;814900
2026-08-07;12:20:00;-03:00;41,09000015258789;41,150001525878906;41,06999969482422;41,13999938964844;641700
2026-08-07;12:25:00;-03:00;41,119998931884766;41,22999954223633;41,11000061035156;41,16999816894531;519600
2026-08-07;12:30:00;-03:00;41,16999816894531;41,20000076293945;41,13999938964844;41,150001525878906;144000
2026-08-07;12:35:00;-03:00;41,150001525878906;41,22999954223633;41,150001525878906;41,189998626708984;166100
2026-08-07;12:40:00;-03:00;41,18000030517578;41,22999954223633;41,15999984741211;41,209999084472656;161200
2026-08-07;12:45:00;-03:00;41,209999084472656;41,2400016784668;41,150001525878906;41,16999816894531;102800
2026-08-07;12:50:00;-03:00;41,15999984741211;41,18000030517578;41,130001068115234;41,150001525878906;293700
2026-08-07;12:55:00;-03:00;41,150001525878906;41,16999816894531;41,119998931884766;41,13999938964844;114300
2026-08-07;13:00:00;-03:00;41,13999938964844;41,18000030517578;41,130001068115234;41,150001525878906;227400
2026-08-07;13:05:00;-03:00;41,15999984741211;41,15999984741211;41,099998474121094;41,130001068115234;81400
2026-08-07;13:10:00;-03:00;41,130001068115234;41,150001525878906;41,11000061035156;41,130001068115234;141600
2026-08-07;13:15:00;-03:00;41,130001068115234;41,15999984741211;41,130001068115234;41,15999984741211;33700
2026-08-07;13:20:00;-03:00;41,13999938964844;41,16999816894531;41,029998779296875;41,04999923706055;134600
2026-08-07;13:25:00;-03:00;41,04999923706055;41,08000183105469;41,040000915527344;41,06999969482422;88800
2026-08-07;13:30:00;-03:00;41,060001373291016;41,06999969482422;41,0;41,060001373291016;145800
2026-08-07;13:35:00;-03:00;41,04999923706055;41,099998474121094;41,040000915527344;41,09000015258789;74500
2026-08-07;13:40:00;-03:00;41,099998474121094;41,119998931884766;41,04999923706055;41,04999923706055;82900
2026-08-07;13:45:00;-03:00;41,060001373291016;41,08000183105469;41,029998779296875;41,06999969482422;65800
2026-08-07;13:50:00;-03:00;41,06999969482422;41,099998474121094;41,04999923706055;41,06999969482422;104600
2026-08-07;13:55:00;-03:00;41,06999969482422;41,09000015258789;41,060001373291016;41,060001373291016;68900
2026-08-07;14:00:00;-03:00;41,060001373291016;41,08000183105469;41,02000045776367;41,02000045776367;147400
2026-08-07;14:05:00;-03:00;41,02000045776367;41,060001373291016;41,0099983215332;41,040000915527344;197400
2026-08-07;14:10:00;-03:00;41,040000915527344;41,060001373291016;40,9900016784668;41,0;111900
2026-08-07;14:15:00;-03:00;41,0;41,0099983215332;40,97999954223633;41,0;61900
2026-08-07;14:20:00;-03:00;41,0099983215332;41,029998779296875;40,97999954223633;41,0;174600
2026-08-07;14:25:00;-03:00;40,9900016784668;41,02000045776367;40,97999954223633;41,0099983215332;105400
2026-08-07;14:30:00;-03:00;41,0099983215332;41,060001373291016;41,0;41,0;146600
2026-08-07;14:35:00;-03:00;41,0;41,02000045776367;40,970001220703125;40,9900016784668;137900
2026-08-07;14:40:00;-03:00;40,9900016784668;41,029998779296875;40,97999954223633;40,97999954223633;85100
2026-08-07;14:45:00;-03:00;40,97999954223633;40,9900016784668;40,959999084472656;40,959999084472656;80800
2026-08-07;14:50:00;-03:00;40,959999084472656;40,9900016784668;40,959999084472656;40,97999954223633;135400
2026-08-07;14:55:00;-03:00;40,97999954223633;40,9900016784668;40,95000076293945;40,97999954223633;83700
2026-08-07;15:00:00;-03:00;40,970001220703125;40,97999954223633;40,91999816894531;40,93000030517578;520700
2026-08-07;15:05:00;-03:00;40,939998626708984;40,959999084472656;40,90999984741211;40,959999084472656;173800
2026-08-07;15:10:00;-03:00;40,959999084472656;40,959999084472656;40,900001525878906;40,900001525878906;194000
2026-08-07;15:15:00;-03:00;40,900001525878906;40,90999984741211;40,880001068115234;40,88999938964844;126100
2026-08-07;15:20:00;-03:00;40,880001068115234;40,90999984741211;40,880001068115234;40,900001525878906;95800
2026-08-07;15:25:00;-03:00;40,88999938964844;40,939998626708984;40,880001068115234;40,93000030517578;131900
2026-08-07;15:30:00;-03:00;40,91999816894531;40,95000076293945;40,88999938964844;40,939998626708984;98200
2026-08-07;15:35:00;-03:00;40,939998626708984;40,95000076293945;40,88999938964844;40,90999984741211;130400
2026-08-07;15:40:00;-03:00;40,90999984741211;40,91999816894531;40,83000183105469;40,83000183105469;324300
2026-08-07;15:45:00;-03:00;40,84000015258789;40,88999938964844;40,83000183105469;40,88999938964844;218200
2026-08-07;15:50:00;-03:00;40,88999938964844;40,88999938964844;40,79999923706055;40,81999969482422;87600
2026-08-07;15:55:00;-03:00;40,81999969482422;40,83000183105469;40,790000915527344;40,81999969482422;109700
2026-08-07;16:00:00;-03:00;40,83000183105469;40,86000061035156;40,779998779296875;40,790000915527344;748100
2026-08-07;16:05:00;-03:00;40,779998779296875;40,83000183105469;40,70000076293945;40,70000076293945;742500
2026-08-07;16:10:00;-03:00;40,720001220703125;40,720001220703125;40,63999938964844;40,720001220703125;796400
2026-08-07;16:15:00;-03:00;40,720001220703125;40,7400016784668;40,70000076293945;40,720001220703125;192400
2026-08-07;16:20:00;-03:00;40,72999954223633;40,7400016784668;40,61000061035156;40,650001525878906;1178600
2026-08-07;16:25:00;-03:00;40,63999938964844;40,650001525878906;40,56999969482422;40,619998931884766;516600
2026-08-07;16:30:00;-03:00;40,619998931884766;40,70000076293945;40,61000061035156;40,68000030517578;566000
2026-08-07;16:35:00;-03:00;40,68000030517578;40,70000076293945;40,61000061035156;40,63999938964844;316000
2026-08-07;16:40:00;-03:00;40,63999938964844;40,63999938964844;40,52000045776367;40,529998779296875;544600
2026-08-07;16:45:00;-03:00;40,540000915527344;40,560001373291016;40,5;40,529998779296875;836200
2026-08-07;16:50:00;-03:00;40,529998779296875;40,560001373291016;40,5;40,529998779296875;633100
2026-08-10;10:10:00;-03:00;40,75;40,849998474121094;40,70000076293945;40,77000045776367;87000
2026-08-10;10:15:00;-03:00;40,7599983215332;40,84000015258789;40,720001220703125;40,77000045776367;80800
2026-08-10;10:20:00;-03:00;40,77000045776367;40,880001068115234;40,709999084472656;40,7599983215332;145300
2026-08-10;10:25:00;-03:00;40,7599983215332;40,790000915527344;40,66999816894531;40,689998626708984;122400
2026-08-10;10:30:00;-03:00;40,689998626708984;40,81999969482422;40,560001373291016;40,709999084472656;448900
2026-08-10;10:35:00;-03:00;40,720001220703125;40,779998779296875;40,65999984741211;40,709999084472656;160700
2026-08-10;10:40:00;-03:00;40,7400016784668;40,7400016784668;40,54999923706055;40,560001373291016;261200
2026-08-10;10:45:00;-03:00;40,56999969482422;40,599998474121094;40,5;40,58000183105469;295500
2026-08-10;10:50:00;-03:00;40,58000183105469;40,599998474121094;40,5099983215332;40,58000183105469;128500
2026-08-10;10:55:00;-03:00;40,599998474121094;40,599998474121094;40,41999816894531;40,43000030517578;222600
2026-08-10;11:00:00;-03:00;40,43000030517578;40,459999084472656;40,349998474121094;40,369998931884766;652800
2026-08-10;11:05:00;-03:00;40,369998931884766;40,43000030517578;40,34000015258789;40,369998931884766;261800
2026-08-10;11:10:00;-03:00;40,369998931884766;40,4900016784668;40,369998931884766;40,4900016784668;264400
2026-08-10;11:15:00;-03:00;40,4900016784668;40,58000183105469;40,45000076293945;40,459999084472656;346000
2026-08-10;11:20:00;-03:00;40,470001220703125;40,529998779296875;40,41999816894531;40,4900016784668;382000
2026-08-10;11:25:00;-03:00;40,5;40,52000045776367;40,45000076293945;40,47999954223633;139100
2026-08-10;11:30:00;-03:00;40,4900016784668;40,58000183105469;40,41999816894531;40,58000183105469;332600
2026-08-10;11:35:00;-03:00;40,58000183105469;40,599998474121094;40,56999969482422;40,56999969482422;111300
2026-08-10;11:40:00;-03:00;40,58000183105469;40,58000183105469;40,540000915527344;40,560001373291016;205200
2026-08-10;11:45:00;-03:00;40,56999969482422;40,65999984741211;40,540000915527344;40,650001525878906;382900
2026-08-10;11:50:00;-03:00;40,63999938964844;40,650001525878906;40,560001373291016;40,61000061035156;318900
2026-08-10;11:55:00;-03:00;40,630001068115234;40,66999816894531;40,61000061035156;40,650001525878906;154700
2026-08-10;12:00:00;-03:00;40,650001525878906;40,66999816894531;40,619998931884766;40,65999984741211;102000
2026-08-10;12:05:00;-03:00;40,65999984741211;40,70000076293945;40,63999938964844;40,65999984741211;274800
2026-08-10;12:10:00;-03:00;40,65999984741211;40,689998626708984;40,63999938964844;40,68000030517578;97000
2026-08-10;12:15:00;-03:00;40,68000030517578;40,720001220703125;40,65999984741211;40,689998626708984;163200
2026-08-10;12:20:00;-03:00;40,70000076293945;40,720001220703125;40,65999984741211;40,66999816894531;576300
2026-08-10;12:25:00;-03:00;40,68000030517578;40,790000915527344;40,68000030517578;40,720001220703125;230200
2026-08-10;12:30:00;-03:00;40,720001220703125;40,75;40,65999984741211;40,68000030517578;539500
2026-08-10;12:35:00;-03:00;40,68000030517578;40,709999084472656;40,66999816894531;40,709999084472656;83500
2026-08-10;12:40:00;-03:00;40,70000076293945;40,709999084472656;40,650001525878906;40,68000030517578;339100
2026-08-10;12:45:00;-03:00;40,689998626708984;40,70000076293945;40,650001525878906;40,68000030517578;116400
2026-08-10;12:50:00;-03:00;40,68000030517578;40,720001220703125;40,650001525878906;40,70000076293945;248900
2026-08-10;12:55:00;-03:00;40,70000076293945;40,70000076293945;40,650001525878906;40,68000030517578;108700
2026-08-10;13:00:00;-03:00;40,66999816894531;40,68000030517578;40,630001068115234;40,63999938964844;110900
2026-08-10;13:05:00;-03:00;40,63999938964844;40,689998626708984;40,63999938964844;40,689998626708984;123300
2026-08-10;13:10:00;-03:00;40,689998626708984;40,70000076293945;40,599998474121094;40,61000061035156;356700
2026-08-10;13:15:00;-03:00;40,61000061035156;40,63999938964844;40,59000015258789;40,59000015258789;249800
2026-08-10;13:20:00;-03:00;40,59000015258789;40,63999938964844;40,56999969482422;40,61000061035156;185200
2026-08-10;13:25:00;-03:00;40,61000061035156;40,619998931884766;40,58000183105469;40,61000061035156;62300
2026-08-10;13:30:00;-03:00;40,619998931884766;40,650001525878906;40,58000183105469;40,650001525878906;78800
2026-08-10;13:35:00;-03:00;40,650001525878906;40,689998626708984;40,630001068115234;40,63999938964844;180700
2026-08-10;13:40:00;-03:00;40,650001525878906;40,65999984741211;40,56999969482422;40,599998474121094;94900
2026-08-10;13:45:00;-03:00;40,59000015258789;40,61000061035156;40,560001373291016;40,599998474121094;231300
2026-08-10;13:50:00;-03:00;40,61000061035156;40,619998931884766;40,58000183105469;40,58000183105469;327200
2026-08-10;13:55:00;-03:00;40,59000015258789;40,59000015258789;40,560001373291016;40,56999969482422;72800
2026-08-10;14:00:00;-03:00;40,58000183105469;40,58000183105469;40,52000045776367;40,52000045776367;86100
2026-08-10;14:05:00;-03:00;40,529998779296875;40,529998779296875;40,47999954223633;40,4900016784668;150700
2026-08-10;14:10:00;-03:00;40,47999954223633;40,5099983215332;40,439998626708984;40,459999084472656;148300
2026-08-10;14:15:00;-03:00;40,459999084472656;40,4900016784668;40,439998626708984;40,47999954223633;283300
2026-08-10;14:20:00;-03:00;40,47999954223633;40,5;40,45000076293945;40,470001220703125;90500
2026-08-10;14:25:00;-03:00;40,470001220703125;40,470001220703125;40,400001525878906;40,439998626708984;131400
2026-08-10;14:30:00;-03:00;40,43000030517578;40,4900016784668;40,43000030517578;40,47999954223633;122800
2026-08-10;14:35:00;-03:00;40,47999954223633;40,5;40,45000076293945;40,45000076293945;70300
2026-08-10;14:40:00;-03:00;40,45000076293945;40,5;40,41999816894531;40,470001220703125;138300
2026-08-10;14:45:00;-03:00;40,470001220703125;40,5;40,459999084472656;40,5;58300
2026-08-10;14:50:00;-03:00;40,4900016784668;40,54999923706055;40,4900016784668;40,52000045776367;124700
2026-08-10;14:55:00;-03:00;40,529998779296875;40,56999969482422;40,5;40,5099983215332;124400
2026-08-10;15:00:00;-03:00;40,52000045776367;40,65999984741211;40,4900016784668;40,63999938964844;473800
2026-08-10;15:05:00;-03:00;40,650001525878906;40,650001525878906;40,56999969482422;40,56999969482422;450300
2026-08-10;15:10:00;-03:00;40,56999969482422;40,59000015258789;40,540000915527344;40,59000015258789;125300
2026-08-10;15:15:00;-03:00;40,58000183105469;40,59000015258789;40,52000045776367;40,529998779296875;193100
2026-08-10;15:20:00;-03:00;40,540000915527344;40,540000915527344;40,5;40,5;88100
2026-08-10;15:25:00;-03:00;40,5099983215332;40,52000045776367;40,47999954223633;40,5;107400
2026-08-10;15:30:00;-03:00;40,4900016784668;40,52000045776367;40,47999954223633;40,5;141800
2026-08-10;15:35:00;-03:00;40,5;40,540000915527344;40,4900016784668;40,52000045776367;111800
2026-08-10;15:40:00;-03:00;40,52000045776367;40,529998779296875;40,52000045776367;40,52000045776367;90200
2026-08-10;15:45:00;-03:00;40,529998779296875;40,529998779296875;40,47999954223633;40,47999954223633;100800
2026-08-10;15:50:00;-03:00;40,47999954223633;40,4900016784668;40,459999084472656;40,4900016784668;131900
2026-08-10;15:55:00;-03:00;40,4900016784668;40,4900016784668;40,439998626708984;40,470001220703125;164400
2026-08-10;16:00:00;-03:00;40,470001220703125;40,4900016784668;40,439998626708984;40,459999084472656;178800
2026-08-10;16:05:00;-03:00;40,470001220703125;40,4900016784668;40,43000030517578;40,439998626708984;180100
2026-08-10;16:10:00;-03:00;40,439998626708984;40,529998779296875;40,439998626708984;40,5099983215332;216200
2026-08-10;16:15:00;-03:00;40,52000045776367;40,540000915527344;40,5099983215332;40,529998779296875;199800
2026-08-10;16:20:00;-03:00;40,529998779296875;40,560001373291016;40,5099983215332;40,560001373291016;227600
2026-08-10;16:25:00;-03:00;40,560001373291016;40,56999969482422;40,52000045776367;40,529998779296875;180600
2026-08-10;16:30:00;-03:00;40,529998779296875;40,529998779296875;40,5;40,52000045776367;894500
2026-08-10;16:35:00;-03:00;40,5099983215332;40,54999923706055;40,5099983215332;40,529998779296875;143600
2026-08-10;16:40:00;-03:00;40,52000045776367;40,59000015258789;40,5;40,560001373291016;318100
2026-08-10;16:45:00;-03:00;40,560001373291016;40,560001373291016;40,5099983215332;40,52000045776367;301200
2026-08-10;16:50:00;-03:00;40,52000045776367;40,529998779296875;40,47999954223633;40,5099983215332;240600
2026-08-11;10:00:00;-03:00;40,45000076293945;40,52000045776367;40,439998626708984;40,5;0
2026-08-11;10:05:00;-03:00;40,5;40,529998779296875;40,439998626708984;40,459999084472656;184100
2026-08-11;10:10:00;-03:00;40,5;40,54999923706055;40,45000076293945;40,47999954223633;567100
2026-08-11;10:15:00;-03:00;40,47999954223633;40,4900016784668;40,349998474121094;40,369998931884766;155600
2026-08-11;10:20:00;-03:00;40,36000061035156;40,369998931884766;40,27000045776367;40,349998474121094;346000
2026-08-11;10:25:00;-03:00;40,34000015258789;40,349998474121094;40,220001220703125;40,25;181700
2026-08-11;10:30:00;-03:00;40,25;40,279998779296875;40,130001068115234;40,18000030517578;341400
2026-08-11;10:35:00;-03:00;40,15999984741211;40,290000915527344;40,150001525878906;40,2599983215332;142900
2026-08-11;10:40:00;-03:00;40,2400016784668;40,34000015258789;40,20000076293945;40,29999923706055;125000
2026-08-11;10:45:00;-03:00;40,310001373291016;40,36000061035156;40,2599983215332;40,290000915527344;135500
2026-08-11;10:50:00;-03:00;40,290000915527344;40,29999923706055;40,119998931884766;40,13999938964844;266100
2026-08-11;10:55:00;-03:00;40,15999984741211;40,279998779296875;40,119998931884766;40,119998931884766;333300
2026-08-11;11:00:00;-03:00;40,119998931884766;40,150001525878906;40,029998779296875;40,04999923706055;476600
2026-08-11;11:05:00;-03:00;40,06999969482422;40,09000015258789;39,95000076293945;39,9900016784668;469200
2026-08-11;11:10:00;-03:00;39,97999954223633;40,040000915527344;39,880001068115234;39,90999984741211;222200
2026-08-11;11:15:00;-03:00;39,90999984741211;39,93000030517578;39,810001373291016;39,81999969482422;181700
2026-08-11;11:20:00;-03:00;39,83000183105469;39,880001068115234;39,779998779296875;39,86000061035156;228000
2026-08-11;11:25:00;-03:00;39,869998931884766;39,95000076293945;39,86000061035156;39,93000030517578;397300
2026-08-11;11:30:00;-03:00;39,939998626708984;40,02000045776367;39,939998626708984;39,95000076293945;221700
2026-08-11;11:35:00;-03:00;39,959999084472656;39,9900016784668;39,880001068115234;39,900001525878906;138200
2026-08-11;11:40:00;-03:00;39,88999938964844;39,939998626708984;39,880001068115234;39,90999984741211;79300
2026-08-11;11:45:00;-03:00;39,90999984741211;39,93000030517578;39,81999969482422;39,86000061035156;513600
2026-08-11;11:50:00;-03:00;39,86000061035156;39,880001068115234;39,810001373291016;39,849998474121094;511600
2026-08-11;11:55:00;-03:00;39,84000015258789;39,900001525878906;39,810001373291016;39,88999938964844;102600
2026-08-11;12:00:00;-03:00;39,869998931884766;39,91999816894531;39,79999923706055;39,83000183105469;172000
2026-08-11;12:05:00;-03:00;39,81999969482422;39,83000183105469;39,720001220703125;39,7400016784668;205700
2026-08-11;12:10:00;-03:00;39,72999954223633;39,7400016784668;39,709999084472656;39,72999954223633;131500
2026-08-11;12:15:00;-03:00;39,720001220703125;39,77000045776367;39,70000076293945;39,7599983215332;245800
2026-08-11;12:20:00;-03:00;39,7599983215332;39,779998779296875;39,720001220703125;39,7400016784668;185000
2026-08-11;12:25:00;-03:00;39,72999954223633;39,7400016784668;39,63999938964844;39,650001525878906;253400
2026-08-11;12:30:00;-03:00;39,63999938964844;39,66999816894531;39,529998779296875;39,58000183105469;346800
2026-08-11;12:35:00;-03:00;39,58000183105469;39,599998474121094;39,5;39,5099983215332;217300
2026-08-11;12:40:00;-03:00;39,5099983215332;39,529998779296875;39,43000030517578;39,45000076293945;238200
2026-08-11;12:45:00;-03:00;39,45000076293945;39,4900016784668;39,41999816894531;39,470001220703125;290800
2026-08-11;12:50:00;-03:00;39,47999954223633;39,47999954223633;39,38999938964844;39,400001525878906;419300
2026-08-11;12:55:00;-03:00;39,40999984741211;39,439998626708984;39,369998931884766;39,38999938964844;261800
2026-08-11;13:00:00;-03:00;39,400001525878906;39,439998626708984;39,380001068115234;39,40999984741211;297500
2026-08-11;13:05:00;-03:00;39,40999984741211;39,45000076293945;39,400001525878906;39,45000076293945;211600
2026-08-11;13:10:00;-03:00;39,439998626708984;39,529998779296875;39,43000030517578;39,5099983215332;465400
2026-08-11;13:15:00;-03:00;39,5099983215332;39,5099983215332;39,45000076293945;39,470001220703125;338400
2026-08-11;13:20:00;-03:00;39,470001220703125;39,5;39,43000030517578;39,47999954223633;256500
2026-08-11;13:25:00;-03:00;39,470001220703125;39,47999954223633;39,400001525878906;39,43000030517578;247000
2026-08-11;13:30:00;-03:00;39,41999816894531;39,47999954223633;39,40999984741211;39,43000030517578;254500
2026-08-11;13:35:00;-03:00;39,43000030517578;39,47999954223633;39,40999984741211;39,45000076293945;1008900
2026-08-11;13:40:00;-03:00;39,45000076293945;39,459999084472656;39,40999984741211;39,43000030517578;210800
2026-08-11;13:45:00;-03:00;39,41999816894531;39,439998626708984;39,400001525878906;39,43000030517578;286400
2026-08-11;13:50:00;-03:00;39,41999816894531;39,41999816894531;39,31999969482422;39,34000015258789;378600
2026-08-11;13:55:00;-03:00;39,34000015258789;39,349998474121094;39,279998779296875;39,29999923706055;416300
2026-08-11;14:00:00;-03:00;39,290000915527344;39,34000015258789;39,25;39,33000183105469;466300
2026-08-11;14:05:00;-03:00;39,34000015258789;39,369998931884766;39,29999923706055;39,310001373291016;481900
2026-08-11;14:10:00;-03:00;39,310001373291016;39,400001525878906;39,2599983215332;39,349998474121094;590500
2026-08-11;14:15:00;-03:00;39,36000061035156;39,369998931884766;39,220001220703125;39,2400016784668;390900
2026-08-11;14:20:00;-03:00;39,2599983215332;39,2599983215332;39,189998626708984;39,189998626708984;291200
2026-08-11;14:25:00;-03:00;39,209999084472656;39,209999084472656;39,15999984741211;39,20000076293945;337400
2026-08-11;14:30:00;-03:00;39,20000076293945;39,220001220703125;39,16999816894531;39,20000076293945;220500
2026-08-11;14:35:00;-03:00;39,20000076293945;39,220001220703125;39,18000030517578;39,209999084472656;272300
2026-08-11;14:40:00;-03:00;39,209999084472656;39,25;39,18000030517578;39,209999084472656;199300
2026-08-11;14:45:00;-03:00;39,20000076293945;39,290000915527344;39,18000030517578;39,27000045776367;258000
2026-08-11;14:50:00;-03:00;39,27000045776367;39,27000045776367;39,20000076293945;39,20000076293945;278300
2026-08-11;14:55:00;-03:00;39,209999084472656;39,209999084472656;39,150001525878906;39,18000030517578;278700
2026-08-11;15:00:00;-03:00;39,18000030517578;39,20000076293945;39,130001068115234;39,130001068115234;318100
2026-08-11;15:05:00;-03:00;39,13999938964844;39,18000030517578;39,099998474121094;39,15999984741211;416800
2026-08-11;15:10:00;-03:00;39,15999984741211;39,15999984741211;39,099998474121094;39,11000061035156;512300
2026-08-11;15:15:00;-03:00;39,130001068115234;39,130001068115234;39,08000183105469;39,099998474121094;514200
2026-08-11;15:20:00;-03:00;39,099998474121094;39,119998931884766;39,029998779296875;39,119998931884766;749000
2026-08-11;15:25:00;-03:00;39,119998931884766;39,119998931884766;39,0;39,02000045776367;1393500
2026-08-11;15:30:00;-03:00;39,02000045776367;39,06999969482422;39,0099983215332;39,029998779296875;473500
2026-08-11;15:35:00;-03:00;39,029998779296875;39,060001373291016;38,9900016784668;38,9900016784668;477900
2026-08-11;15:40:00;-03:00;38,9900016784668;39,0;38,939998626708984;38,959999084472656;514100
2026-08-11;15:45:00;-03:00;38,95000076293945;39,040000915527344;38,93000030517578;39,02000045776367;536000
2026-08-11;15:50:00;-03:00;39,02000045776367;39,06999969482422;39,0099983215332;39,029998779296875;533500
2026-08-11;15:55:00;-03:00;39,029998779296875;39,04999923706055;39,0099983215332;39,029998779296875;221700
2026-08-11;16:00:00;-03:00;39,029998779296875;39,099998474121094;39,0099983215332;39,08000183105469;986300
2026-08-11;16:05:00;-03:00;39,09000015258789;39,119998931884766;39,060001373291016;39,099998474121094;1204700
2026-08-11;16:10:00;-03:00;39,09000015258789;39,099998474121094;38,97999954223633;39,0;3190700
2026-08-11;16:15:00;-03:00;39,0;39,02000045776367;38,970001220703125;38,970001220703125;478800
2026-08-11;16:20:00;-03:00;38,9900016784668;38,9900016784668;38,970001220703125;38,9900016784668;245000
2026-08-11;16:25:00;-03:00;38,97999954223633;38,9900016784668;38,900001525878906;38,93000030517578;571500
2026-08-11;16:30:00;-03:00;38,91999816894531;38,95000076293945;38,869998931884766;38,90999984741211;657800
2026-08-11;16:35:00;-03:00;38,900001525878906;38,90999984741211;38,79999923706055;38,849998474121094;4089000
2026-08-11;16:40:00;-03:00;38,84000015258789;38,880001068115234;38,81999969482422;38,86000061035156;881300
2026-08-11;16:45:00;-03:00;38,86000061035156;38,95000076293945;38,86000061035156;38,900001525878906;1144700
2026-08-11;16:50:00;-03:00;38,880001068115234;38,97999954223633;38,880001068115234;38,939998626708984;1093600
2026-08-12;10:00:00;-03:00;39,209999084472656;39,34000015258789;39,209999084472656;39,290000915527344;0
2026-08-12;10:05:00;-03:00;39,25;39,27000045776367;39,09000015258789;39,09000015258789;369800
2026-08-12;10:10:00;-03:00;39,09000015258789;39,099998474121094;38,970001220703125;39,0;462100
2026-08-12;10:15:00;-03:00;39,02000045776367;39,029998779296875;38,79999923706055;38,810001373291016;359300
2026-08-12;10:20:00;-03:00;38,79999923706055;38,810001373291016;38,650001525878906;38,75;379400
2026-08-12;10:25:00;-03:00;38,7400016784668;38,900001525878906;38,689998626708984;38,72999954223633;522000
2026-08-12;10:30:00;-03:00;38,72999954223633;38,9900016784668;38,58000183105469;38,86000061035156;1173900
2026-08-12;10:35:00;-03:00;38,86000061035156;38,88999938964844;38,65999984741211;38,66999816894531;1171200
2026-08-12;10:40:00;-03:00;38,70000076293945;38,7400016784668;38,540000915527344;38,54999923706055;700900
2026-08-12;10:45:00;-03:00;38,560001373291016;38,65999984741211;38,45000076293945;38,56999969482422;809800
2026-08-12;10:50:00;-03:00;38,56999969482422;38,650001525878906;38,43000030517578;38,54999923706055;1164200
2026-08-12;10:55:00;-03:00;38,560001373291016;38,56999969482422;38,41999816894531;38,43000030517578;1765600
2026-08-12;11:00:00;-03:00;38,439998626708984;38,529998779296875;38,439998626708984;38,529998779296875;537100
2026-08-12;11:05:00;-03:00;38,540000915527344;38,58000183105469;38,5;38,5099983215332;270900
2026-08-12;11:10:00;-03:00;38,5099983215332;38,52000045776367;38,38999938964844;38,5;711900
2026-08-12;11:15:00;-03:00;38,5;38,70000076293945;38,470001220703125;38,689998626708984;1104800
2026-08-12;11:20:00;-03:00;38,70000076293945;38,86000061035156;38,689998626708984;38,810001373291016;386300
2026-08-12;11:25:00;-03:00;38,79999923706055;38,900001525878906;38,77000045776367;38,880001068115234;1162800
2026-08-12;11:30:00;-03:00;38,880001068115234;38,959999084472656;38,83000183105469;38,83000183105469;553000
2026-08-12;11:35:00;-03:00;38,83000183105469;38,869998931884766;38,77000045776367;38,86000061035156;1240000
2026-08-12;11:40:00;-03:00;38,86000061035156;38,869998931884766;38,779998779296875;38,81999969482422;595100
2026-08-12;11:45:00;-03:00;38,83000183105469;38,86000061035156;38,75;38,79999923706055;873700
2026-08-12;11:50:00;-03:00;38,79999923706055;38,83000183105469;38,720001220703125;38,779998779296875;1010300
2026-08-12;11:55:00;-03:00;38,77000045776367;38,84000015258789;38,77000045776367;38,779998779296875;170500
2026-08-12;12:00:00;-03:00;38,779998779296875;38,790000915527344;38,72999954223633;38,77000045776367;240400
2026-08-12;12:05:00;-03:00;38,77000045776367;38,790000915527344;38,720001220703125;38,720001220703125;246100
2026-08-12;12:10:00;-03:00;38,72999954223633;38,7599983215332;38,709999084472656;38,720001220703125;131300
2026-08-12;12:15:00;-03:00;38,720001220703125;38,779998779296875;38,720001220703125;38,7599983215332;146700
2026-08-12;12:20:00;-03:00;38,7599983215332;38,77000045776367;38,66999816894531;38,66999816894531;270400
2026-08-12;12:25:00;-03:00;38,68000030517578;38,70000076293945;38,66999816894531;38,689998626708984;122000
2026-08-12;12:30:00;-03:00;38,70000076293945;38,70000076293945;38,59000015258789;38,599998474121094;222500
2026-08-12;12:35:00;-03:00;38,61000061035156;38,61000061035156;38,58000183105469;38,59000015258789;222100
2026-08-12;12:40:00;-03:00;38,61000061035156;38,61000061035156;38,560001373291016;38,58000183105469;89500
2026-08-12;12:45:00;-03:00;38,56999969482422;38,58000183105469;38,54999923706055;38,56999969482422;70200
2026-08-12;12:50:00;-03:00;38,560001373291016;38,56999969482422;38,54999923706055;38,54999923706055;84100
2026-08-12;12:55:00;-03:00;38,54999923706055;38,560001373291016;38,52000045776367;38,529998779296875;171000
2026-08-12;13:00:00;-03:00;38,540000915527344;38,66999816894531;38,540000915527344;38,630001068115234;250800
2026-08-12;13:05:00;-03:00;38,63999938964844;38,63999938964844;38,560001373291016;38,58000183105469;142800
2026-08-12;13:10:00;-03:00;38,59000015258789;38,619998931884766;38,58000183105469;38,599998474121094;102200
2026-08-12;13:15:00;-03:00;38,599998474121094;38,68000030517578;38,599998474121094;38,66999816894531;324100
2026-08-12;13:20:00;-03:00;38,66999816894531;38,689998626708984;38,630001068115234;38,63999938964844;208600
2026-08-12;13:25:00;-03:00;38,630001068115234;38,65999984741211;38,56999969482422;38,56999969482422;647700
2026-08-12;13:30:00;-03:00;38,56999969482422;38,599998474121094;38,54999923706055;38,58000183105469;263900
2026-08-12;13:35:00;-03:00;38,58000183105469;38,61000061035156;38,56999969482422;38,59000015258789;101400
2026-08-12;13:40:00;-03:00;38,59000015258789;38,599998474121094;38,54999923706055;38,58000183105469;107000
2026-08-12;13:45:00;-03:00;38,58000183105469;38,61000061035156;38,56999969482422;38,56999969482422;108800
2026-08-12;13:50:00;-03:00;38,56999969482422;38,689998626708984;38,560001373291016;38,68000030517578;620500
2026-08-12;13:55:00;-03:00;38,68000030517578;38,709999084472656;38,63999938964844;38,650001525878906;460700
2026-08-12;14:00:00;-03:00;38,65999984741211;38,66999816894531;38,599998474121094;38,599998474121094;246200
2026-08-12;14:05:00;-03:00;38,61000061035156;38,65999984741211;38,58000183105469;38,599998474121094;458900
2026-08-12;14:10:00;-03:00;38,61000061035156;38,65999984741211;38,59000015258789;38,599998474121094;412100
2026-08-12;14:15:00;-03:00;38,61000061035156;38,619998931884766;38,560001373291016;38,560001373291016;452500
2026-08-12;14:20:00;-03:00;38,56999969482422;38,56999969482422;38,540000915527344;38,56999969482422;295300
2026-08-12;14:25:00;-03:00;38,56999969482422;38,56999969482422;38,5099983215332;38,529998779296875;934100
2026-08-12;14:30:00;-03:00;38,529998779296875;38,529998779296875;38,459999084472656;38,52000045776367;843800
2026-08-12;14:35:00;-03:00;38,52000045776367;38,54999923706055;38,5099983215332;38,529998779296875;315000
2026-08-12;14:40:00;-03:00;38,529998779296875;38,560001373291016;38,52000045776367;38,540000915527344;311100
2026-08-12;14:45:00;-03:00;38,540000915527344;38,59000015258789;38,529998779296875;38,59000015258789;492800
2026-08-12;14:50:00;-03:00;38,599998474121094;38,650001525878906;38,58000183105469;38,61000061035156;907100
2026-08-12;14:55:00;-03:00;38,619998931884766;38,65999984741211;38,599998474121094;38,61000061035156;617900
2026-08-12;15:00:00;-03:00;38,619998931884766;38,619998931884766;38,560001373291016;38,56999969482422;192600
2026-08-12;15:05:00;-03:00;38,56999969482422;38,650001525878906;38,54999923706055;38,619998931884766;611100
2026-08-12;15:10:00;-03:00;38,619998931884766;38,619998931884766;38,54999923706055;38,54999923706055;226400
2026-08-12;15:15:00;-03:00;38,560001373291016;38,560001373291016;38,5099983215332;38,52000045776367;348600
2026-08-12;15:20:00;-03:00;38,529998779296875;38,560001373291016;38,5099983215332;38,540000915527344;229100
2026-08-12;15:25:00;-03:00;38,54999923706055;38,54999923706055;38,52000045776367;38,529998779296875;187600
2026-08-12;15:30:00;-03:00;38,540000915527344;38,54999923706055;38,5;38,54999923706055;252200
2026-08-12;15:35:00;-03:00;38,54999923706055;38,560001373291016;38,5;38,5;248600
2026-08-12;15:40:00;-03:00;38,5099983215332;38,529998779296875;38,470001220703125;38,529998779296875;368600
2026-08-12;15:45:00;-03:00;38,529998779296875;38,59000015258789;38,52000045776367;38,56999969482422;371200
2026-08-12;15:50:00;-03:00;38,560001373291016;38,58000183105469;38,560001373291016;38,56999969482422;218800
2026-08-12;15:55:00;-03:00;38,56999969482422;38,58000183105469;38,54999923706055;38,56999969482422;287500
2026-08-12;16:00:00;-03:00;38,56999969482422;38,619998931884766;38,560001373291016;38,61000061035156;282100
2026-08-12;16:05:00;-03:00;38,61000061035156;38,630001068115234;38,59000015258789;38,599998474121094;465500
2026-08-12;16:10:00;-03:00;38,599998474121094;38,619998931884766;38,58000183105469;38,599998474121094;284600
2026-08-12;16:15:00;-03:00;38,59000015258789;38,619998931884766;38,560001373291016;38,56999969482422;1487600
2026-08-12;16:20:00;-03:00;38,560001373291016;38,599998474121094;38,54999923706055;38,560001373291016;268600
2026-08-12;16:25:00;-03:00;38,560001373291016;38,56999969482422;38,540000915527344;38,54999923706055;371900
2026-08-12;16:30:00;-03:00;38,54999923706055;38,56999969482422;38,5;38,560001373291016;600100
2026-08-12;16:35:00;-03:00;38,560001373291016;38,56999969482422;38,5;38,529998779296875;817500
2026-08-12;16:40:00;-03:00;38,52000045776367;38,56999969482422;38,47999954223633;38,560001373291016;667800
2026-08-12;16:45:00;-03:00;38,54999923706055;38,560001373291016;38,45000076293945;38,459999084472656;579200
2026-08-12;16:50:00;-03:00;38,459999084472656;38,5;38,41999816894531;38,47999954223633;4785300
2026-08-12;16:55:00;-03:00;38,47999954223633;38,47999954223633;38,470001220703125;38,470001220703125;0
2026-08-13;10:00:00;-03:00;38,380001068115234;38,47999954223633;38,34000015258789;38,439998626708984;0
2026-08-13;10:05:00;-03:00;38,45000076293945;38,529998779296875;38,38999938964844;38,5;114300
2026-08-13;10:10:00;-03:00;38,4900016784668;38,52000045776367;38,41999816894531;38,43000030517578;90700
2026-08-13;10:15:00;-03:00;38,459999084472656;38,5099983215332;38,349998474121094;38,400001525878906;164500
2026-08-13;10:20:00;-03:00;38,40999984741211;38,4900016784668;38,36000061035156;38,439998626708984;224400
2026-08-13;10:25:00;-03:00;38,470001220703125;38,599998474121094;38,45000076293945;38,529998779296875;272500
2026-08-13;10:30:00;-03:00;38,529998779296875;38,630001068115234;38,400001525878906;38,52000045776367;768800
2026-08-13;10:35:00;-03:00;38,540000915527344;38,75;38,52000045776367;38,70000076293945;500700
2026-08-13;10:40:00;-03:00;38,689998626708984;38,90999984741211;38,65999984741211;38,84000015258789;1013900
2026-08-13;10:45:00;-03:00;38,86000061035156;38,880001068115234;38,65999984741211;38,65999984741211;543200
2026-08-13;10:50:00;-03:00;38,66999816894531;38,72999954223633;38,65999984741211;38,65999984741211;231900
2026-08-13;10:55:00;-03:00;38,68000030517578;38,689998626708984;38,560001373291016;38,56999969482422;269100
2026-08-13;11:00:00;-03:00;38,56999969482422;38,599998474121094;38,5099983215332;38,56999969482422;176600
2026-08-13;11:05:00;-03:00;38,560001373291016;38,599998474121094;38,52000045776367;38,56999969482422;106500
2026-08-13;11:10:00;-03:00;38,560001373291016;38,59000015258789;38,540000915527344;38,560001373291016;133400
2026-08-13;11:15:00;-03:00;38,560001373291016;38,59000015258789;38,5099983215332;38,560001373291016;164900
2026-08-13;11:20:00;-03:00;38,540000915527344;38,560001373291016;38,439998626708984;38,529998779296875;508100
2026-08-13;11:25:00;-03:00;38,5099983215332;38,540000915527344;38,470001220703125;38,470001220703125;167000
2026-08-13;11:30:00;-03:00;38,5;38,5;38,41999816894531;38,459999084472656;118200
2026-08-13;11:35:00;-03:00;38,459999084472656;38,5;38,439998626708984;38,45000076293945;152500
2026-08-13;11:40:00;-03:00;38,45000076293945;38,5099983215332;38,439998626708984;38,439998626708984;226600
2026-08-13;11:45:00;-03:00;38,459999084472656;38,470001220703125;38,380001068115234;38,400001525878906;170300
2026-08-13;11:50:00;-03:00;38,380001068115234;38,459999084472656;38,34000015258789;38,40999984741211;215900
2026-08-13;11:55:00;-03:00;38,40999984741211;38,45000076293945;38,38999938964844;38,40999984741211;115500
2026-08-13;12:00:00;-03:00;38,400001525878906;38,43000030517578;38,38999938964844;38,40999984741211;168000
2026-08-13;12:05:00;-03:00;38,400001525878906;38,40999984741211;38,31999969482422;38,38999938964844;174500
2026-08-13;12:10:00;-03:00;38,380001068115234;38,38999938964844;38,25;38,25;784300
2026-08-13;12:15:00;-03:00;38,2599983215332;38,27000045776367;38,16999816894531;38,20000076293945;274700
2026-08-13;12:20:00;-03:00;38,209999084472656;38,22999954223633;38,16999816894531;38,22999954223633;194700
2026-08-13;12:25:00;-03:00;38,22999954223633;38,31999969482422;38,220001220703125;38,27000045776367;308800
2026-08-13;12:30:00;-03:00;38,279998779296875;38,279998779296875;38,209999084472656;38,220001220703125;141700
2026-08-13;12:35:00;-03:00;38,220001220703125;38,290000915527344;38,209999084472656;38,2599983215332;534000
2026-08-13;12:40:00;-03:00;38,279998779296875;38,29999923706055;38,2599983215332;38,27000045776367;88400
2026-08-13;12:45:00;-03:00;38,27000045776367;38,29999923706055;38,2599983215332;38,27000045776367;119000
2026-08-13;12:50:00;-03:00;38,279998779296875;38,29999923706055;38,209999084472656;38,209999084472656;143200
2026-08-13;12:55:00;-03:00;38,22999954223633;38,25;38,18000030517578;38,209999084472656;226400
2026-08-13;13:00:00;-03:00;38,209999084472656;38,22999954223633;38,15999984741211;38,189998626708984;243700
2026-08-13;13:05:00;-03:00;38,20000076293945;38,2599983215332;38,18000030517578;38,20000076293945;318900
2026-08-13;13:10:00;-03:00;38,209999084472656;38,220001220703125;38,15999984741211;38,209999084472656;114700
2026-08-13;13:15:00;-03:00;38,220001220703125;38,2400016784668;38,18000030517578;38,209999084472656;136000
2026-08-13;13:20:00;-03:00;38,220001220703125;38,2599983215332;38,189998626708984;38,2599983215332;139700
2026-08-13;13:25:00;-03:00;38,27000045776367;38,290000915527344;38,2400016784668;38,279998779296875;117400
2026-08-13;13:30:00;-03:00;38,279998779296875;38,290000915527344;38,25;38,27000045776367;185400
2026-08-13;13:35:00;-03:00;38,279998779296875;38,34000015258789;38,2599983215332;38,310001373291016;266200
2026-08-13;13:40:00;-03:00;38,310001373291016;38,36000061035156;38,29999923706055;38,310001373291016;201600
2026-08-13;13:45:00;-03:00;38,29999923706055;38,33000183105469;38,29999923706055;38,31999969482422;85600
2026-08-13;13:50:00;-03:00;38,33000183105469;38,33000183105469;38,279998779296875;38,29999923706055;108000
2026-08-13;13:55:00;-03:00;38,31999969482422;38,34000015258789;38,29999923706055;38,34000015258789;191500
2026-08-13;14:00:00;-03:00;38,349998474121094;38,369998931884766;38,310001373291016;38,310001373291016;186700
2026-08-13;14:05:00;-03:00;38,310001373291016;38,31999969482422;38,290000915527344;38,290000915527344;114100
2026-08-13;14:10:00;-03:00;38,29999923706055;38,31999969482422;38,290000915527344;38,310001373291016;129400
2026-08-13;14:15:00;-03:00;38,310001373291016;38,34000015258789;38,290000915527344;38,310001373291016;191300
2026-08-13;14:20:00;-03:00;38,310001373291016;38,38999938964844;38,310001373291016;38,380001068115234;443600
2026-08-13;14:25:00;-03:00;38,380001068115234;38,400001525878906;38,369998931884766;38,400001525878906;123500
2026-08-13;14:30:00;-03:00;38,400001525878906;38,400001525878906;38,369998931884766;38,369998931884766;142900
2026-08-13;14:35:00;-03:00;38,369998931884766;38,439998626708984;38,36000061035156;38,41999816894531;258500
2026-08-13;14:40:00;-03:00;38,43000030517578;38,4900016784668;38,40999984741211;38,47999954223633;144600
2026-08-13;14:45:00;-03:00;38,4900016784668;38,5099983215332;38,41999816894531;38,43000030517578;141100
2026-08-13;14:50:00;-03:00;38,43000030517578;38,45000076293945;38,369998931884766;38,369998931884766;127400
2026-08-13;14:55:00;-03:00;38,38999938964844;38,43000030517578;38,369998931884766;38,40999984741211;221100
2026-08-13;15:00:00;-03:00;38,40999984741211;38,439998626708984;38,400001525878906;38,400001525878906;105700
2026-08-13;15:05:00;-03:00;38,400001525878906;38,470001220703125;38,400001525878906;38,459999084472656;114400
2026-08-13;15:10:00;-03:00;38,459999084472656;38,529998779296875;38,439998626708984;38,5099983215332;177300
2026-08-13;15:15:00;-03:00;38,5099983215332;38,52000045776367;38,4900016784668;38,5;103200
2026-08-13;15:20:00;-03:00;38,5;38,5099983215332;38,40999984741211;38,45000076293945;213300
2026-08-13;15:25:00;-03:00;38,459999084472656;38,4900016784668;38,43000030517578;38,470001220703125;279200
2026-08-13;15:30:00;-03:00;38,47999954223633;38,5;38,40999984741211;38,40999984741211;474700
2026-08-13;15:35:00;-03:00;38,400001525878906;38,40999984741211;38,31999969482422;38,369998931884766;246700
2026-08-13;15:40:00;-03:00;38,369998931884766;38,380001068115234;38,34000015258789;38,34000015258789;212100
2026-08-13;15:45:00;-03:00;38,34000015258789;38,380001068115234;38,33000183105469;38,369998931884766;153700
2026-08-13;15:50:00;-03:00;38,36000061035156;38,43000030517578;38,36000061035156;38,41999816894531;162900
2026-08-13;15:55:00;-03:00;38,41999816894531;38,439998626708984;38,369998931884766;38,380001068115234;230400
2026-08-13;16:00:00;-03:00;38,380001068115234;38,38999938964844;38,34000015258789;38,36000061035156;206400
2026-08-13;16:05:00;-03:00;38,36000061035156;38,369998931884766;38,33000183105469;38,33000183105469;798500
2026-08-13;16:10:00;-03:00;38,34000015258789;38,34000015258789;38,290000915527344;38,29999923706055;227200
2026-08-13;16:15:00;-03:00;38,29999923706055;38,34000015258789;38,290000915527344;38,33000183105469;202400
2026-08-13;16:20:00;-03:00;38,31999969482422;38,34000015258789;38,290000915527344;38,290000915527344;185600
2026-08-13;16:25:00;-03:00;38,29999923706055;38,29999923706055;38,27000045776367;38,290000915527344;236300
2026-08-13;16:30:00;-03:00;38,279998779296875;38,290000915527344;38,2599983215332;38,2599983215332;237200
2026-08-13;16:35:00;-03:00;38,279998779296875;38,290000915527344;38,25;38,25;424400
2026-08-13;16:40:00;-03:00;38,25;38,31999969482422;38,2400016784668;38,290000915527344;454700
2026-08-13;16:45:00;-03:00;38,29999923706055;38,31999969482422;38,27000045776367;38,290000915527344;459000
2026-08-13;16:50:00;-03:00;38,29999923706055;38,29999923706055;38,15999984741211;38,27000045776367;478500
2026-08-14;10:00:00;-03:00;38,2599983215332;38,2599983215332;38,16999816894531;38,25;0
2026-08-14;10:05:00;-03:00;38,2400016784668;38,369998931884766;38,220001220703125;38,29999923706055;100100
2026-08-14;10:10:00;-03:00;38,310001373291016;38,349998474121094;38,189998626708984;38,27000045776367;247000
2026-08-14;10:15:00;-03:00;38,27000045776367;38,279998779296875;38,209999084472656;38,2400016784668;182900
2026-08-14;10:20:00;-03:00;38,22999954223633;38,29999923706055;38,16999816894531;38,279998779296875;235700
2026-08-14;10:25:00;-03:00;38,279998779296875;38,38999938964844;38,2599983215332;38,31999969482422;262600
2026-08-14;10:30:00;-03:00;38,29999923706055;38,310001373291016;38,119998931884766;38,189998626708984;491200
2026-08-14;10:35:00;-03:00;38,15999984741211;38,220001220703125;38,130001068115234;38,16999816894531;431500
2026-08-14;10:40:00;-03:00;38,16999816894531;38,16999816894531;38,06999969482422;38,11000061035156;567300
2026-08-14;10:45:00;-03:00;38,11000061035156;38,310001373291016;38,11000061035156;38,290000915527344;410300
2026-08-14;10:50:00;-03:00;38,279998779296875;38,290000915527344;38,150001525878906;38,15999984741211;210000
2026-08-14;10:55:00;-03:00;38,15999984741211;38,189998626708984;38,130001068115234;38,16999816894531;218700
2026-08-14;11:00:00;-03:00;38,16999816894531;38,20000076293945;38,099998474121094;38,119998931884766;539100
2026-08-14;11:05:00;-03:00;38,119998931884766;38,130001068115234;38,0;38,060001373291016;445900
2026-08-14;11:10:00;-03:00;38,060001373291016;38,08000183105469;37,93000030517578;37,959999084472656;449700
2026-08-14;11:15:00;-03:00;37,95000076293945;38,0;37,869998931884766;37,939998626708984;786700
2026-08-14;11:20:00;-03:00;37,939998626708984;38,040000915527344;37,93000030517578;38,029998779296875;509200
2026-08-14;11:25:00;-03:00;38,029998779296875;38,04999923706055;37,9900016784668;37,9900016784668;260000
2026-08-14;11:30:00;-03:00;38,02000045776367;38,11000061035156;38,02000045776367;38,09000015258789;442400
2026-08-14;11:35:00;-03:00;38,099998474121094;38,11000061035156;37,9900016784668;38,040000915527344;298200
2026-08-14;11:40:00;-03:00;38,040000915527344;38,11000061035156;38,0;38,04999923706055;323600
2026-08-14;11:45:00;-03:00;38,04999923706055;38,08000183105469;37,97999954223633;38,08000183105469;193400
2026-08-14;11:50:00;-03:00;38,06999969482422;38,06999969482422;38,02000045776367;38,02000045776367;177200
2026-08-14;11:55:00;-03:00;38,040000915527344;38,04999923706055;37,9900016784668;38,02000045776367;232200
2026-08-14;12:00:00;-03:00;38,02000045776367;38,060001373291016;37,970001220703125;38,02000045776367;204700
2026-08-14;12:05:00;-03:00;38,02000045776367;38,060001373291016;37,9900016784668;38,060001373291016;279400
2026-08-14;12:10:00;-03:00;38,060001373291016;38,06999969482422;38,02000045776367;38,029998779296875;426400
2026-08-14;12:15:00;-03:00;38,02000045776367;38,04999923706055;38,0099983215332;38,029998779296875;161300
2026-08-14;12:20:00;-03:00;38,02000045776367;38,060001373291016;38,0;38,029998779296875;168700
2026-08-14;12:25:00;-03:00;38,040000915527344;38,040000915527344;37,9900016784668;38,02000045776367;267200
2026-08-14;12:30:00;-03:00;38,029998779296875;38,040000915527344;37,97999954223633;38,029998779296875;213800
2026-08-14;12:35:00;-03:00;38,02000045776367;38,09000015258789;38,02000045776367;38,06999969482422;115100
2026-08-14;12:40:00;-03:00;38,08000183105469;38,130001068115234;38,06999969482422;38,119998931884766;279900
2026-08-14;12:45:00;-03:00;38,119998931884766;38,130001068115234;38,06999969482422;38,06999969482422;187400
2026-08-14;12:50:00;-03:00;38,06999969482422;38,119998931884766;38,04999923706055;38,06999969482422;1926300
2026-08-14;12:55:00;-03:00;38,06999969482422;38,09000015258789;38,060001373291016;38,060001373291016;215700
2026-08-14;13:00:00;-03:00;38,08000183105469;38,08000183105469;38,02000045776367;38,029998779296875;196800
2026-08-14;13:05:00;-03:00;38,029998779296875;38,06999969482422;38,029998779296875;38,060001373291016;206500
2026-08-14;13:10:00;-03:00;38,06999969482422;38,08000183105469;38,040000915527344;38,040000915527344;277900
2026-08-14;13:15:00;-03:00;38,040000915527344;38,08000183105469;38,029998779296875;38,04999923706055;236200
2026-08-14;13:20:00;-03:00;38,04999923706055;38,06999969482422;38,02000045776367;38,040000915527344;300800
2026-08-14;13:25:00;-03:00;38,040000915527344;38,060001373291016;38,0099983215332;38,060001373291016;180000
2026-08-14;13:30:00;-03:00;38,04999923706055;38,099998474121094;38,040000915527344;38,06999969482422;173300
2026-08-14;13:35:00;-03:00;38,06999969482422;38,08000183105469;38,04999923706055;38,06999969482422;107800
2026-08-14;13:40:00;-03:00;38,060001373291016;38,09000015258789;38,04999923706055;38,08000183105469;282400
2026-08-14;13:45:00;-03:00;38,08000183105469;38,119998931884766;38,04999923706055;38,099998474121094;157200
2026-08-14;13:50:00;-03:00;38,11000061035156;38,11000061035156;38,02000045776367;38,02000045776367;331900
2026-08-14;13:55:00;-03:00;38,02000045776367;38,029998779296875;37,9900016784668;38,0099983215332;308400
2026-08-14;14:00:00;-03:00;38,0;38,02000045776367;37,970001220703125;38,0099983215332;260400
2026-08-14;14:05:00;-03:00;38,0099983215332;38,029998779296875;37,9900016784668;38,0;157100
2026-08-14;14:10:00;-03:00;38,0;38,02000045776367;37,97999954223633;38,0;197900
2026-08-14;14:15:00;-03:00;37,9900016784668;38,0;37,939998626708984;37,939998626708984;134600
2026-08-14;14:20:00;-03:00;37,939998626708984;37,970001220703125;37,93000030517578;37,939998626708984;166300
2026-08-14;14:25:00;-03:00;37,95000076293945;37,970001220703125;37,93000030517578;37,970001220703125;174900
2026-08-14;14:30:00;-03:00;37,959999084472656;37,9900016784668;37,939998626708984;37,95000076293945;376800
2026-08-14;14:35:00;-03:00;37,970001220703125;38,0;37,939998626708984;37,9900016784668;300700
2026-08-14;14:40:00;-03:00;37,9900016784668;38,0099983215332;37,970001220703125;37,9900016784668;195900
2026-08-14;14:45:00;-03:00;37,9900016784668;38,0099983215332;37,970001220703125;38,0;187400
2026-08-14;14:50:00;-03:00;38,0;38,02000045776367;37,97999954223633;38,0;183700
2026-08-14;14:55:00;-03:00;38,0;38,04999923706055;37,97999954223633;38,04999923706055;239200
2026-08-14;15:00:00;-03:00;38,040000915527344;38,08000183105469;38,029998779296875;38,06999969482422;146100
2026-08-14;15:05:00;-03:00;38,08000183105469;38,119998931884766;38,060001373291016;38,119998931884766;196900
2026-08-14;15:10:00;-03:00;38,119998931884766;38,119998931884766;38,099998474121094;38,099998474121094;198600
2026-08-14;15:15:00;-03:00;38,11000061035156;38,16999816894531;38,09000015258789;38,119998931884766;342000
2026-08-14;15:20:00;-03:00;38,130001068115234;38,130001068115234;38,08000183105469;38,119998931884766;158600
2026-08-14;15:25:00;-03:00;38,11000061035156;38,150001525878906;38,11000061035156;38,150001525878906;194100
2026-08-14;15:30:00;-03:00;38,13999938964844;38,150001525878906;38,11000061035156;38,119998931884766;158200
2026-08-14;15:35:00;-03:00;38,119998931884766;38,130001068115234;38,099998474121094;38,119998931884766;199400
2026-08-14;15:40:00;-03:00;38,11000061035156;38,13999938964844;38,099998474121094;38,119998931884766;214100
2026-08-14;15:45:00;-03:00;38,130001068115234;38,279998779296875;38,11000061035156;38,2599983215332;944000
2026-08-14;15:50:00;-03:00;38,2599983215332;38,310001373291016;38,2400016784668;38,290000915527344;228600
2026-08-14;15:55:00;-03:00;38,290000915527344;38,310001373291016;38,27000045776367;38,279998779296875;1425300
2026-08-14;16:00:00;-03:00;38,279998779296875;38,279998779296875;38,220001220703125;38,2400016784668;239200
2026-08-14;16:05:00;-03:00;38,2400016784668;38,310001373291016;38,2400016784668;38,310001373291016;323400
2026-08-14;16:10:00;-03:00;38,310001373291016;38,36000061035156;38,29999923706055;38,34000015258789;294000
2026-08-14;16:15:00;-03:00;38,34000015258789;38,369998931884766;38,31999969482422;38,369998931884766;241000
2026-08-14;16:20:00;-03:00;38,36000061035156;38,380001068115234;38,34000015258789;38,369998931884766;174600
2026-08-14;16:25:00;-03:00;38,36000061035156;38,5;38,31999969482422;38,470001220703125;506900
2026-08-14;16:30:00;-03:00;38,470001220703125;38,56999969482422;38,459999084472656;38,529998779296875;839700
2026-08-14;16:35:00;-03:00;38,529998779296875;38,560001373291016;38,45000076293945;38,47999954223633;656200
2026-08-14;16:40:00;-03:00;38,470001220703125;38,529998779296875;38,43000030517578;38,5099983215332;384800
2026-08-14;16:45:00;-03:00;38,5;38,83000183105469;38,470001220703125;38,810001373291016;2612900
2026-08-14;16:50:00;-03:00;38,810001373291016;39,130001068115234;38,790000915527344;38,810001373291016;4994000
2026-08-17;10:00:00;-03:00;38,91999816894531;38,97999954223633;38,86000061035156;38,869998931884766;0
2026-08-17;10:05:00;-03:00;38,86000061035156;38,95000076293945;38,72999954223633;38,84000015258789;639400
2026-08-17;10:10:00;-03:00;38,81999969482422;38,880001068115234;38,7400016784668;38,75;158800
2026-08-17;10:15:00;-03:00;38,75;38,939998626708984;38,75;38,869998931884766;273800
2026-08-17;10:20:00;-03:00;38,869998931884766;38,959999084472656;38,84000015258789;38,95000076293945;330000
2026-08-17;10:25:00;-03:00;38,939998626708984;38,95000076293945;38,790000915527344;38,810001373291016;131900
2026-08-17;10:30:00;-03:00;38,810001373291016;38,81999969482422;38,630001068115234;38,65999984741211;242700
2026-08-17;10:35:00;-03:00;38,650001525878906;38,68000030517578;38,619998931884766;38,63999938964844;99300
2026-08-17;10:40:00;-03:00;38,650001525878906;38,650001525878906;38,540000915527344;38,56999969482422;186500
2026-08-17;10:45:00;-03:00;38,56999969482422;38,650001525878906;38,540000915527344;38,560001373291016;179700
2026-08-17;10:50:00;-03:00;38,56999969482422;38,61000061035156;38,540000915527344;38,58000183105469;83600
2026-08-17;10:55:00;-03:00;38,59000015258789;38,59000015258789;38,47999954223633;38,5;256300
2026-08-17;11:00:00;-03:00;38,52000045776367;38,70000076293945;38,52000045776367;38,61000061035156;135900
2026-08-17;11:05:00;-03:00;38,630001068115234;38,689998626708984;38,56999969482422;38,630001068115234;155200
2026-08-17;11:10:00;-03:00;38,63999938964844;38,650001525878906;38,52000045776367;38,56999969482422;368300
2026-08-17;11:15:00;-03:00;38,560001373291016;38,56999969482422;38,470001220703125;38,540000915527344;139500
2026-08-17;11:20:00;-03:00;38,529998779296875;38,65999984741211;38,52000045776367;38,61000061035156;426300
2026-08-17;11:25:00;-03:00;38,630001068115234;38,65999984741211;38,59000015258789;38,61000061035156;177100
2026-08-17;11:30:00;-03:00;38,61000061035156;38,619998931884766;38,40999984741211;38,439998626708984;493100
2026-08-17;11:35:00;-03:00;38,43000030517578;38,45000076293945;38,34000015258789;38,369998931884766;409100
2026-08-17;11:40:00;-03:00;38,36000061035156;38,439998626708984;38,349998474121094;38,36000061035156;352700
2026-08-17;11:45:00;-03:00;38,380001068115234;38,43000030517578;38,36000061035156;38,41999816894531;174700
2026-08-17;11:50:00;-03:00;38,40999984741211;38,45000076293945;38,349998474121094;38,38999938964844;436700
2026-08-17;11:55:00;-03:00;38,380001068115234;38,43000030517578;38,349998474121094;38,369998931884766;126100
2026-08-17;12:00:00;-03:00;38,380001068115234;38,380001068115234;38,34000015258789;38,380001068115234;149700
2026-08-17;12:05:00;-03:00;38,369998931884766;38,380001068115234;38,34000015258789;38,380001068115234;67800
2026-08-17;12:10:00;-03:00;38,369998931884766;38,47999954223633;38,369998931884766;38,47999954223633;147000
2026-08-17;12:15:00;-03:00;38,47999954223633;38,5;38,369998931884766;38,38999938964844;274200
2026-08-17;12:20:00;-03:00;38,38999938964844;38,400001525878906;38,349998474121094;38,349998474121094;55400
2026-08-17;12:25:00;-03:00;38,349998474121094;38,439998626708984;38,34000015258789;38,380001068115234;140200
2026-08-17;12:30:00;-03:00;38,38999938964844;38,43000030517578;38,380001068115234;38,400001525878906;105100
2026-08-17;12:35:00;-03:00;38,400001525878906;38,45000076293945;38,400001525878906;38,45000076293945;83400
2026-08-17;12:40:00;-03:00;38,45000076293945;38,45000076293945;38,38999938964844;38,439998626708984;83500
2026-08-17;12:45:00;-03:00;38,43000030517578;38,45000076293945;38,36000061035156;38,369998931884766;134300
2026-08-17;12:50:00;-03:00;38,369998931884766;38,380001068115234;38,349998474121094;38,380001068115234;65300
2026-08-17;12:55:00;-03:00;38,380001068115234;38,380001068115234;38,33000183105469;38,369998931884766;235000
2026-08-17;13:00:00;-03:00;38,36000061035156;38,36000061035156;38,31999969482422;38,31999969482422;614500
2026-08-17;13:05:00;-03:00;38,33000183105469;38,349998474121094;38,31999969482422;38,34000015258789;107500
2026-08-17;13:10:00;-03:00;38,33000183105469;38,380001068115234;38,31999969482422;38,33000183105469;184600
2026-08-17;13:15:00;-03:00;38,34000015258789;38,38999938964844;38,31999969482422;38,38999938964844;135000
2026-08-17;13:20:00;-03:00;38,38999938964844;38,38999938964844;38,2599983215332;38,310001373291016;607000
2026-08-17;13:25:00;-03:00;38,310001373291016;38,369998931884766;38,29999923706055;38,349998474121094;256700
2026-08-17;13:30:00;-03:00;38,349998474121094;38,349998474121094;38,310001373291016;38,310001373291016;133500
2026-08-17;13:35:00;-03:00;38,31999969482422;38,34000015258789;38,290000915527344;38,310001373291016;134200
2026-08-17;13:40:00;-03:00;38,310001373291016;38,310001373291016;38,2400016784668;38,279998779296875;177100
2026-08-17;13:45:00;-03:00;38,279998779296875;38,33000183105469;38,2599983215332;38,310001373291016;255100
2026-08-17;13:50:00;-03:00;38,310001373291016;38,31999969482422;38,2599983215332;38,290000915527344;414600
2026-08-17;13:55:00;-03:00;38,29999923706055;38,31999969482422;38,2400016784668;38,279998779296875;130200
2026-08-17;14:00:00;-03:00;38,279998779296875;38,310001373291016;38,2599983215332;38,2599983215332;87600
2026-08-17;14:05:00;-03:00;38,27000045776367;38,290000915527344;38,220001220703125;38,290000915527344;144700
2026-08-17;14:10:00;-03:00;38,290000915527344;38,31999969482422;38,27000045776367;38,29999923706055;465900
2026-08-17;14:15:00;-03:00;38,310001373291016;38,33000183105469;38,290000915527344;38,290000915527344;144900
2026-08-17;14:20:00;-03:00;38,29999923706055;38,349998474121094;38,220001220703125;38,27000045776367;573200
2026-08-17;14:25:00;-03:00;38,27000045776367;38,310001373291016;38,2400016784668;38,2400016784668;212800
2026-08-17;14:30:00;-03:00;38,2599983215332;38,27000045776367;38,20000076293945;38,209999084472656;157400
2026-08-17;14:35:00;-03:00;38,209999084472656;38,220001220703125;38,18000030517578;38,18000030517578;156500
2026-08-17;14:40:00;-03:00;38,18000030517578;38,22999954223633;38,16999816894531;38,22999954223633;116200
2026-08-17;14:45:00;-03:00;38,22999954223633;38,25;38,20000076293945;38,209999084472656;90600
2026-08-17;14:50:00;-03:00;38,209999084472656;38,2400016784668;38,20000076293945;38,209999084472656;109300
2026-08-17;14:55:00;-03:00;38,209999084472656;38,2400016784668;38,18000030517578;38,209999084472656;169000
2026-08-17;15:00:00;-03:00;38,189998626708984;38,2400016784668;38,189998626708984;38,2400016784668;98300
2026-08-17;15:05:00;-03:00;38,2400016784668;38,2400016784668;38,189998626708984;38,20000076293945;192800
2026-08-17;15:10:00;-03:00;38,209999084472656;38,279998779296875;38,20000076293945;38,27000045776367;180900
2026-08-17;15:15:00;-03:00;38,279998779296875;38,31999969482422;38,2599983215332;38,290000915527344;201800
2026-08-17;15:20:00;-03:00;38,290000915527344;38,34000015258789;38,27000045776367;38,29999923706055;289300
2026-08-17;15:25:00;-03:00;38,29999923706055;38,310001373291016;38,27000045776367;38,29999923706055;148700
2026-08-17;15:30:00;-03:00;38,29999923706055;38,310001373291016;38,25;38,290000915527344;323900
2026-08-17;15:35:00;-03:00;38,290000915527344;38,29999923706055;38,2599983215332;38,279998779296875;180700
2026-08-17;15:40:00;-03:00;38,279998779296875;38,29999923706055;38,25;38,290000915527344;146400
2026-08-17;15:45:00;-03:00;38,290000915527344;38,36000061035156;38,27000045776367;38,36000061035156;170700
2026-08-17;15:50:00;-03:00;38,36000061035156;38,36000061035156;38,29999923706055;38,31999969482422;213400
2026-08-17;15:55:00;-03:00;38,33000183105469;38,33000183105469;38,290000915527344;38,31999969482422;135400
2026-08-17;16:00:00;-03:00;38,31999969482422;38,34000015258789;38,279998779296875;38,279998779296875;198500
2026-08-17;16:05:00;-03:00;38,290000915527344;38,33000183105469;38,279998779296875;38,29999923706055;157100
2026-08-17;16:10:00;-03:00;38,310001373291016;38,34000015258789;38,29999923706055;38,29999923706055;214300
2026-08-17;16:15:00;-03:00;38,310001373291016;38,33000183105469;38,29999923706055;38,33000183105469;126200
2026-08-17;16:20:00;-03:00;38,31999969482422;38,31999969482422;38,290000915527344;38,290000915527344;151600
2026-08-17;16:25:00;-03:00;38,310001373291016;38,31999969482422;38,29999923706055;38,310001373291016;137000
2026-08-17;16:30:00;-03:00;38,310001373291016;38,31999969482422;38,25;38,279998779296875;238400
2026-08-17;16:35:00;-03:00;38,27000045776367;38,36000061035156;38,2599983215332;38,349998474121094;384900
2026-08-17;16:40:00;-03:00;38,36000061035156;38,41999816894531;38,34000015258789;38,400001525878906;227300
2026-08-17;16:45:00;-03:00;38,400001525878906;38,40999984741211;38,36000061035156;38,38999938964844;246900
2026-08-17;16:50:00;-03:00;38,369998931884766;38,38999938964844;38,31999969482422;38,33000183105469;229700
2026-08-18;10:00:00;-03:00;38,47999954223633;38,529998779296875;38,38999938964844;38,38999938964844;0
2026-08-18;10:05:00;-03:00;38,400001525878906;38,400001525878906;38,33000183105469;38,380001068115234;59100
2026-08-18;10:10:00;-03:00;38,380001068115234;38,43000030517578;38,33000183105469;38,43000030517578;85900
2026-08-18;10:15:00;-03:00;38,41999816894531;38,45000076293945;38,33000183105469;38,33000183105469;84100
2026-08-18;10:20:00;-03:00;38,34000015258789;38,34000015258789;38,2599983215332;38,310001373291016;88900
2026-08-18;10:25:00;-03:00;38,34000015258789;38,41999816894531;38,290000915527344;38,41999816894531;58200
2026-08-18;10:30:00;-03:00;38,41999816894531;38,68000030517578;38,369998931884766;38,63999938964844;207500
2026-08-18;10:35:00;-03:00;38,599998474121094;38,66999816894531;38,58000183105469;38,619998931884766;251200
2026-08-18;10:40:00;-03:00;38,619998931884766;38,70000076293945;38,560001373291016;38,70000076293945;163500
2026-08-18;10:45:00;-03:00;38,68000030517578;38,709999084472656;38,66999816894531;38,70000076293945;60600
2026-08-18;10:50:00;-03:00;38,70000076293945;38,7400016784668;38,56999969482422;38,619998931884766;439600
2026-08-18;10:55:00;-03:00;38,619998931884766;38,689998626708984;38,619998931884766;38,65999984741211;53100
2026-08-18;11:00:00;-03:00;38,65999984741211;38,689998626708984;38,560001373291016;38,58000183105469;53500
2026-08-18;11:05:00;-03:00;38,59000015258789;38,599998474121094;38,540000915527344;38,56999969482422;83400
2026-08-18;11:10:00;-03:00;38,58000183105469;38,619998931884766;38,56999969482422;38,58000183105469;73100
2026-08-18;11:15:00;-03:00;38,58000183105469;38,58000183105469;38,52000045776367;38,540000915527344;156400
2026-08-18;11:20:00;-03:00;38,529998779296875;38,54999923706055;38,43000030517578;38,52000045776367;565000
2026-08-18;11:25:00;-03:00;38,5099983215332;38,5099983215332;38,36000061035156;38,41999816894531;319500
2026-08-18;11:30:00;-03:00;38,43000030517578;38,470001220703125;38,400001525878906;38,400001525878906;124400
2026-08-18;11:35:00;-03:00;38,400001525878906;38,43000030517578;38,400001525878906;38,41999816894531;225200
2026-08-18;11:40:00;-03:00;38,41999816894531;38,439998626708984;38,400001525878906;38,439998626708984;69600
2026-08-18;11:45:00;-03:00;38,43000030517578;38,47999954223633;38,400001525878906;38,470001220703125;101700
2026-08-18;11:50:00;-03:00;38,459999084472656;38,5;38,369998931884766;38,380001068115234;572900
2026-08-18;11:55:00;-03:00;38,380001068115234;38,38999938964844;38,290000915527344;38,31999969482422;411600
2026-08-18;12:00:00;-03:00;38,31999969482422;38,41999816894531;38,31999969482422;38,38999938964844;112700
2026-08-18;12:05:00;-03:00;38,38999938964844;38,439998626708984;38,369998931884766;38,400001525878906;95300
2026-08-18;12:10:00;-03:00;38,400001525878906;38,439998626708984;38,38999938964844;38,41999816894531;76800
2026-08-18;12:15:00;-03:00;38,41999816894531;38,470001220703125;38,38999938964844;38,40999984741211;122800
2026-08-18;12:20:00;-03:00;38,40999984741211;38,459999084472656;38,40999984741211;38,41999816894531;61200
2026-08-18;12:25:00;-03:00;38,41999816894531;38,45000076293945;38,40999984741211;38,40999984741211;54700
2026-08-18;12:30:00;-03:00;38,43000030517578;38,45000076293945;38,400001525878906;38,41999816894531;83700
2026-08-18;12:35:00;-03:00;38,40999984741211;38,5;38,380001068115234;38,470001220703125;214800
2026-08-18;12:40:00;-03:00;38,459999084472656;38,52000045776367;38,439998626708984;38,470001220703125;160800
2026-08-18;12:45:00;-03:00;38,47999954223633;38,5;38,459999084472656;38,470001220703125;66900
2026-08-18;12:50:00;-03:00;38,470001220703125;38,5099983215332;38,470001220703125;38,4900016784668;27300
2026-08-18;12:55:00;-03:00;38,47999954223633;38,4900016784668;38,43000030517578;38,43000030517578;63600
2026-08-18;13:00:00;-03:00;38,439998626708984;38,45000076293945;38,400001525878906;38,40999984741211;68700
2026-08-18;13:05:00;-03:00;38,41999816894531;38,439998626708984;38,400001525878906;38,43000030517578;77500
2026-08-18;13:10:00;-03:00;38,41999816894531;38,439998626708984;38,400001525878906;38,40999984741211;47600
2026-08-18;13:15:00;-03:00;38,400001525878906;38,439998626708984;38,400001525878906;38,41999816894531;101000
2026-08-18;13:20:00;-03:00;38,43000030517578;38,45000076293945;38,400001525878906;38,41999816894531;76100
2026-08-18;13:25:00;-03:00;38,41999816894531;38,470001220703125;38,40999984741211;38,45000076293945;74100
2026-08-18;13:30:00;-03:00;38,470001220703125;38,5;38,439998626708984;38,470001220703125;147500
2026-08-18;13:35:00;-03:00;38,459999084472656;38,470001220703125;38,439998626708984;38,45000076293945;128200
2026-08-18;13:40:00;-03:00;38,459999084472656;38,47999954223633;38,439998626708984;38,470001220703125;186700
2026-08-18;13:45:00;-03:00;38,470001220703125;38,5099983215332;38,45000076293945;38,4900016784668;113600
2026-08-18;13:50:00;-03:00;38,470001220703125;38,5099983215332;38,459999084472656;38,4900016784668;65600
2026-08-18;13:55:00;-03:00;38,4900016784668;38,540000915527344;38,4900016784668;38,5099983215332;109800
2026-08-18;14:00:00;-03:00;38,5;38,52000045776367;38,470001220703125;38,5099983215332;58500
2026-08-18;14:05:00;-03:00;38,5;38,560001373291016;38,470001220703125;38,54999923706055;145200
2026-08-18;14:10:00;-03:00;38,54999923706055;38,59000015258789;38,4900016784668;38,5099983215332;82900
2026-08-18;14:15:00;-03:00;38,52000045776367;38,54999923706055;38,5;38,529998779296875;156500
2026-08-18;14:20:00;-03:00;38,52000045776367;38,59000015258789;38,5099983215332;38,560001373291016;177600
2026-08-18;14:25:00;-03:00;38,560001373291016;38,56999969482422;38,52000045776367;38,540000915527344;94000
2026-08-18;14:30:00;-03:00;38,540000915527344;38,59000015258789;38,540000915527344;38,54999923706055;81300
2026-08-18;14:35:00;-03:00;38,54999923706055;38,59000015258789;38,45000076293945;38,47999954223633;246200
2026-08-18;14:40:00;-03:00;38,47999954223633;38,52000045776367;38,45000076293945;38,45000076293945;120100
2026-08-18;14:45:00;-03:00;38,45000076293945;38,470001220703125;38,380001068115234;38,380001068115234;180600
2026-08-18;14:50:00;-03:00;38,380001068115234;38,40999984741211;38,349998474121094;38,349998474121094;131800
2026-08-18;14:55:00;-03:00;38,349998474121094;38,380001068115234;38,33000183105469;38,33000183105469;186400
2026-08-18;15:00:00;-03:00;38,33000183105469;38,38999938964844;38,31999969482422;38,349998474121094;335100
2026-08-18;15:05:00;-03:00;38,349998474121094;38,36000061035156;38,29999923706055;38,33000183105469;212500
2026-08-18;15:10:00;-03:00;38,33000183105469;38,369998931884766;38,31999969482422;38,36000061035156;190000
2026-08-18;15:15:00;-03:00;38,36000061035156;38,400001525878906;38,349998474121094;38,349998474121094;120200
2026-08-18;15:20:00;-03:00;38,349998474121094;38,349998474121094;38,31999969482422;38,33000183105469;73400
2026-08-18;15:25:00;-03:00;38,33000183105469;38,33000183105469;38,279998779296875;38,279998779296875;109100
2026-08-18;15:30:00;-03:00;38,279998779296875;38,31999969482422;38,279998779296875;38,290000915527344;72200
2026-08-18;15:35:00;-03:00;38,290000915527344;38,29999923706055;38,22999954223633;38,22999954223633;114700
2026-08-18;15:40:00;-03:00;38,22999954223633;38,2400016784668;38,18000030517578;38,20000076293945;157700
2026-08-18;15:45:00;-03:00;38,20000076293945;38,220001220703125;38,18000030517578;38,189998626708984;127500
2026-08-18;15:50:00;-03:00;38,189998626708984;38,209999084472656;38,119998931884766;38,15999984741211;171300
2026-08-18;15:55:00;-03:00;38,15999984741211;38,189998626708984;38,150001525878906;38,15999984741211;182200
2026-08-18;16:00:00;-03:00;38,15999984741211;38,18000030517578;38,119998931884766;38,13999938964844;115900
2026-08-18;16:05:00;-03:00;38,13999938964844;38,18000030517578;38,099998474121094;38,13999938964844;195400
2026-08-18;16:10:00;-03:00;38,13999938964844;38,15999984741211;38,119998931884766;38,130001068115234;100400
2026-08-18;16:15:00;-03:00;38,130001068115234;38,15999984741211;38,130001068115234;38,150001525878906;106300
2026-08-18;16:20:00;-03:00;38,150001525878906;38,16999816894531;38,130001068115234;38,15999984741211;121300
2026-08-18;16:25:00;-03:00;38,15999984741211;38,18000030517578;38,13999938964844;38,13999938964844;86600
2026-08-18;16:30:00;-03:00;38,13999938964844;38,20000076293945;38,13999938964844;38,189998626708984;190800
2026-08-18;16:35:00;-03:00;38,189998626708984;38,22999954223633;38,16999816894531;38,209999084472656;128300
2026-08-18;16:40:00;-03:00;38,209999084472656;38,22999954223633;38,18000030517578;38,189998626708984;172900
2026-08-18;16:45:00;-03:00;38,189998626708984;38,220001220703125;38,18000030517578;38,209999084472656;180500
2026-08-18;16:50:00;-03:00;38,20000076293945;38,209999084472656;38,13999938964844;38,150001525878906;401500
2026-08-19;10:00:00;-03:00;38,720001220703125;38,77000045776367;38,560001373291016;38,75;0
2026-08-19;10:05:00;-03:00;38,75;38,9900016784668;38,75;38,959999084472656;882200
2026-08-19;10:10:00;-03:00;38,95000076293945;39,0;38,75;38,7599983215332;799200
2026-08-19;10:15:00;-03:00;38,77000045776367;38,849998474121094;38,70000076293945;38,79999923706055;230200
2026-08-19;10:20:00;-03:00;38,81999969482422;38,86000061035156;38,720001220703125;38,790000915527344;477000
2026-08-19;10:25:00;-03:00;38,790000915527344;38,88999938964844;38,7599983215332;38,880001068115234;471000
2026-08-19;10:30:00;-03:00;38,869998931884766;38,880001068115234;38,720001220703125;38,75;600700
2026-08-19;10:35:00;-03:00;38,7599983215332;38,900001525878906;38,7599983215332;38,869998931884766;268100
2026-08-19;10:40:00;-03:00;38,88999938964844;38,90999984741211;38,779998779296875;38,869998931884766;272400
2026-08-19;10:45:00;-03:00;38,869998931884766;38,93000030517578;38,849998474121094;38,88999938964844;254200
2026-08-19;10:50:00;-03:00;38,869998931884766;38,939998626708984;38,810001373291016;38,91999816894531;311900
2026-08-19;10:55:00;-03:00;38,900001525878906;39,0;38,900001525878906;38,95000076293945;491000
2026-08-19;11:00:00;-03:00;38,95000076293945;38,959999084472656;38,81999969482422;38,849998474121094;305500
2026-08-19;11:05:00;-03:00;38,86000061035156;38,90999984741211;38,810001373291016;38,83000183105469;155000
2026-08-19;11:10:00;-03:00;38,83000183105469;38,86000061035156;38,7599983215332;38,810001373291016;247100
2026-08-19;11:15:00;-03:00;38,790000915527344;38,83000183105469;38,7599983215332;38,779998779296875;285500
2026-08-19;11:20:00;-03:00;38,77000045776367;38,779998779296875;38,709999084472656;38,75;136000
2026-08-19;11:25:00;-03:00;38,75;38,779998779296875;38,689998626708984;38,7599983215332;227800
2026-08-19;11:30:00;-03:00;38,77000045776367;38,79999923706055;38,709999084472656;38,790000915527344;293100
2026-08-19;11:35:00;-03:00;38,779998779296875;38,810001373291016;38,70000076293945;38,709999084472656;139500
2026-08-19;11:40:00;-03:00;38,709999084472656;38,709999084472656;38,5;38,52000045776367;405200
2026-08-19;11:45:00;-03:00;38,52000045776367;38,54999923706055;38,470001220703125;38,47999954223633;398700
2026-08-19;11:50:00;-03:00;38,470001220703125;38,47999954223633;38,43000030517578;38,47999954223633;231100
2026-08-19;11:55:00;-03:00;38,459999084472656;38,540000915527344;38,45000076293945;38,5;249300
2026-08-19;12:00:00;-03:00;38,5;38,529998779296875;38,439998626708984;38,529998779296875;157200
2026-08-19;12:05:00;-03:00;38,5099983215332;38,54999923706055;38,459999084472656;38,5099983215332;128400
2026-08-19;12:10:00;-03:00;38,5099983215332;38,5099983215332;38,41999816894531;38,45000076293945;127100
2026-08-19;12:15:00;-03:00;38,43000030517578;38,439998626708984;38,369998931884766;38,38999938964844;144900
2026-08-19;12:20:00;-03:00;38,380001068115234;38,40999984741211;38,349998474121094;38,380001068115234;97200
2026-08-19;12:25:00;-03:00;38,369998931884766;38,38999938964844;38,31999969482422;38,349998474121094;93200
2026-08-19;12:30:00;-03:00;38,349998474121094;38,36000061035156;38,2599983215332;38,2599983215332;197200
2026-08-19;12:35:00;-03:00;38,27000045776367;38,310001373291016;38,2400016784668;38,2599983215332;155100
2026-08-19;12:40:00;-03:00;38,2599983215332;38,2599983215332;38,209999084472656;38,2400016784668;119200
2026-08-19;12:45:00;-03:00;38,2400016784668;38,279998779296875;38,15999984741211;38,279998779296875;1852500
2026-08-19;12:50:00;-03:00;38,279998779296875;38,31999969482422;38,2400016784668;38,290000915527344;402500
2026-08-19;12:55:00;-03:00;38,290000915527344;38,310001373291016;38,2400016784668;38,2599983215332;442800
2026-08-19;13:00:00;-03:00;38,2599983215332;38,279998779296875;38,22999954223633;38,22999954223633;1291300
2026-08-19;13:05:00;-03:00;38,25;38,27000045776367;38,22999954223633;38,2599983215332;130700
2026-08-19;13:10:00;-03:00;38,2599983215332;38,31999969482422;38,2599983215332;38,310001373291016;212300
2026-08-19;13:15:00;-03:00;38,310001373291016;38,31999969482422;38,209999084472656;38,209999084472656;351700
2026-08-19;13:20:00;-03:00;38,209999084472656;38,279998779296875;38,209999084472656;38,25;240400
2026-08-19;13:25:00;-03:00;38,25;38,2599983215332;38,20000076293945;38,209999084472656;266300
2026-08-19;13:30:00;-03:00;38,22999954223633;38,25;38,20000076293945;38,209999084472656;533400
2026-08-19;13:35:00;-03:00;38,22999954223633;38,22999954223633;38,18000030517578;38,209999084472656;244200
2026-08-19;13:40:00;-03:00;38,20000076293945;38,27000045776367;38,20000076293945;38,25;269200
2026-08-19;13:45:00;-03:00;38,25;38,27000045776367;38,22999954223633;38,2400016784668;117400
2026-08-19;13:50:00;-03:00;38,2400016784668;38,2599983215332;38,22999954223633;38,22999954223633;394700
2026-08-19;13:55:00;-03:00;38,2400016784668;38,290000915527344;38,22999954223633;38,2599983215332;180900
2026-08-19;14:00:00;-03:00;38,25;38,29999923706055;38,25;38,27000045776367;130200
2026-08-19;14:05:00;-03:00;38,27000045776367;38,279998779296875;38,220001220703125;38,22999954223633;184100
2026-08-19;14:10:00;-03:00;38,22999954223633;38,25;38,22999954223633;38,2400016784668;124300
2026-08-19;14:15:00;-03:00;38,2400016784668;38,27000045776367;38,22999954223633;38,25;122900
2026-08-19;14:20:00;-03:00;38,2599983215332;38,27000045776367;38,25;38,25;142100
2026-08-19;14:25:00;-03:00;38,25;38,2599983215332;38,22999954223633;38,25;139500
2026-08-19;14:30:00;-03:00;38,2599983215332;38,279998779296875;38,22999954223633;38,27000045776367;574500
2026-08-19;14:35:00;-03:00;38,27000045776367;38,29999923706055;38,25;38,27000045776367;192700
2026-08-19;14:40:00;-03:00;38,27000045776367;38,34000015258789;38,2400016784668;38,33000183105469;381600
2026-08-19;14:45:00;-03:00;38,33000183105469;38,369998931884766;38,31999969482422;38,349998474121094;376400
2026-08-19;14:50:00;-03:00;38,33000183105469;38,369998931884766;38,33000183105469;38,349998474121094;144300
2026-08-19;14:55:00;-03:00;38,34000015258789;38,38999938964844;38,29999923706055;38,36000061035156;260700
2026-08-19;15:00:00;-03:00;38,36000061035156;38,400001525878906;38,349998474121094;38,38999938964844;214000
2026-08-19;15:05:00;-03:00;38,38999938964844;38,40999984741211;38,380001068115234;38,38999938964844;216100
2026-08-19;15:10:00;-03:00;38,38999938964844;38,43000030517578;38,38999938964844;38,400001525878906;430400
2026-08-19;15:15:00;-03:00;38,38999938964844;38,40999984741211;38,369998931884766;38,38999938964844;306000
2026-08-19;15:20:00;-03:00;38,38999938964844;38,400001525878906;38,349998474121094;38,38999938964844;213000
2026-08-19;15:25:00;-03:00;38,38999938964844;38,40999984741211;38,36000061035156;38,38999938964844;219500
2026-08-19;15:30:00;-03:00;38,400001525878906;38,470001220703125;38,38999938964844;38,470001220703125;452000
2026-08-19;15:35:00;-03:00;38,459999084472656;38,4900016784668;38,43000030517578;38,47999954223633;330800
2026-08-19;15:40:00;-03:00;38,470001220703125;38,540000915527344;38,470001220703125;38,5;633500
2026-08-19;15:45:00;-03:00;38,5099983215332;38,52000045776367;38,470001220703125;38,5;337800
2026-08-19;15:50:00;-03:00;38,5;38,52000045776367;38,470001220703125;38,5099983215332;1158800
2026-08-19;15:55:00;-03:00;38,5099983215332;38,52000045776367;38,40999984741211;38,40999984741211;5269700
2026-08-19;16:00:00;-03:00;38,40999984741211;38,439998626708984;38,40999984741211;38,40999984741211;285900
2026-08-19;16:05:00;-03:00;38,41999816894531;38,439998626708984;38,40999984741211;38,439998626708984;323900
2026-08-19;16:10:00;-03:00;38,43000030517578;38,439998626708984;38,400001525878906;38,40999984741211;230200
2026-08-19;16:15:00;-03:00;38,41999816894531;38,459999084472656;38,400001525878906;38,45000076293945;567700
2026-08-19;16:20:00;-03:00;38,43000030517578;38,45000076293945;38,40999984741211;38,43000030517578;183900
2026-08-19;16:25:00;-03:00;38,439998626708984;38,459999084472656;38,43000030517578;38,43000030517578;188200
2026-08-19;16:30:00;-03:00;38,43000030517578;38,45000076293945;38,400001525878906;38,45000076293945;327200
2026-08-19;16:35:00;-03:00;38,45000076293945;38,459999084472656;38,38999938964844;38,400001525878906;349800
2026-08-19;16:40:00;-03:00;38,40999984741211;38,40999984741211;38,400001525878906;38,40999984741211;388500
2026-08-19;16:45:00;-03:00;38,400001525878906;38,40999984741211;38,349998474121094;38,36000061035156;484100
2026-08-19;16:50:00;-03:00;38,36000061035156;38,43000030517578;38,349998474121094;38,43000030517578;763900
2026-08-20;10:05:00;-03:00;38,220001220703125;38,279998779296875;38,13999938964844;38,27000045776367;44000
2026-08-20;10:10:00;-03:00;38,279998779296875;38,279998779296875;38,150001525878906;38,15999984741211;65600
2026-08-20;10:15:00;-03:00;38,15999984741211;38,22999954223633;38,11000061035156;38,16999816894531;162300
2026-08-20;10:20:00;-03:00;38,15999984741211;38,16999816894531;38,099998474121094;38,130001068115234;91100
2026-08-20;10:25:00;-03:00;38,13999938964844;38,209999084472656;38,13999938964844;38,20000076293945;54900
2026-08-20;10:30:00;-03:00;38,209999084472656;38,31999969482422;38,15999984741211;38,29999923706055;289900
2026-08-20;10:35:00;-03:00;38,310001373291016;38,34000015258789;38,2400016784668;38,25;234100
2026-08-20;10:40:00;-03:00;38,2400016784668;38,310001373291016;38,22999954223633;38,29999923706055;215500
2026-08-20;10:45:00;-03:00;38,290000915527344;38,29999923706055;38,20000076293945;38,20000076293945;124000
2026-08-20;10:50:00;-03:00;38,209999084472656;38,2400016784668;38,189998626708984;38,220001220703125;156000
2026-08-20;10:55:00;-03:00;38,189998626708984;38,2599983215332;38,119998931884766;38,13999938964844;301400
2026-08-20;11:00:00;-03:00;38,13999938964844;38,18000030517578;38,119998931884766;38,150001525878906;655400
2026-08-20;11:05:00;-03:00;38,130001068115234;38,150001525878906;38,040000915527344;38,060001373291016;537100
2026-08-20;11:10:00;-03:00;38,06999969482422;38,09000015258789;38,0;38,0;430200
2026-08-20;11:15:00;-03:00;38,0099983215332;38,02000045776367;37,95000076293945;37,959999084472656;207100
2026-08-20;11:20:00;-03:00;37,95000076293945;38,0099983215332;37,88999938964844;38,0;728300
2026-08-20;11:25:00;-03:00;38,0;38,06999969482422;37,970001220703125;38,02000045776367;501900
2026-08-20;11:30:00;-03:00;38,0099983215332;38,06999969482422;38,0;38,02000045776367;507300
2026-08-20;11:35:00;-03:00;38,02000045776367;38,040000915527344;37,970001220703125;38,0;390500
2026-08-20;11:40:00;-03:00;37,9900016784668;38,060001373291016;37,97999954223633;38,029998779296875;1089400
2026-08-20;11:45:00;-03:00;38,040000915527344;38,099998474121094;38,0;38,099998474121094;890800
2026-08-20;11:50:00;-03:00;38,08000183105469;38,11000061035156;38,029998779296875;38,08000183105469;403800
2026-08-20;11:55:00;-03:00;38,08000183105469;38,13999938964844;38,06999969482422;38,099998474121094;463600
2026-08-20;12:00:00;-03:00;38,119998931884766;38,2400016784668;38,09000015258789;38,2400016784668;454000
2026-08-20;12:05:00;-03:00;38,2400016784668;38,2599983215332;38,09000015258789;38,11000061035156;484900
2026-08-20;12:10:00;-03:00;38,11000061035156;38,13999938964844;38,09000015258789;38,119998931884766;181500
2026-08-20;12:15:00;-03:00;38,11000061035156;38,119998931884766;38,060001373291016;38,060001373291016;164400
2026-08-20;12:20:00;-03:00;38,06999969482422;38,06999969482422;37,95000076293945;38,0;365700
2026-08-20;12:25:00;-03:00;38,0;38,02000045776367;37,970001220703125;37,970001220703125;271300
2026-08-20;12:30:00;-03:00;37,97999954223633;37,97999954223633;37,91999816894531;37,93000030517578;179000
2026-08-20;12:35:00;-03:00;37,939998626708984;37,939998626708984;37,7599983215332;37,779998779296875;489000
2026-08-20;12:40:00;-03:00;37,77000045776367;37,79999923706055;37,70000076293945;37,7400016784668;266900
2026-08-20;12:45:00;-03:00;37,72999954223633;37,75;37,63999938964844;37,65999984741211;271300
2026-08-20;12:50:00;-03:00;37,65999984741211;37,689998626708984;37,630001068115234;37,68000030517578;285300
2026-08-20;12:55:00;-03:00;37,68000030517578;37,68000030517578;37,63999938964844;37,66999816894531;105000
2026-08-20;13:00:00;-03:00;37,65999984741211;37,689998626708984;37,619998931884766;37,65999984741211;309900
2026-08-20;13:05:00;-03:00;37,65999984741211;37,689998626708984;37,650001525878906;37,68000030517578;137800
2026-08-20;13:10:00;-03:00;37,66999816894531;37,68000030517578;37,650001525878906;37,65999984741211;61700
2026-08-20;13:15:00;-03:00;37,66999816894531;37,68000030517578;37,650001525878906;37,68000030517578;84700
2026-08-20;13:20:00;-03:00;37,68000030517578;37,709999084472656;37,650001525878906;37,689998626708984;214800
2026-08-20;13:25:00;-03:00;37,70000076293945;37,70000076293945;37,630001068115234;37,65999984741211;136300
2026-08-20;13:30:00;-03:00;37,65999984741211;37,68000030517578;37,599998474121094;37,68000030517578;152800
2026-08-20;13:35:00;-03:00;37,66999816894531;37,689998626708984;37,650001525878906;37,689998626708984;125700
2026-08-20;13:40:00;-03:00;37,66999816894531;37,7400016784668;37,65999984741211;37,7400016784668;149800
2026-08-20;13:45:00;-03:00;37,7400016784668;37,7400016784668;37,68000030517578;37,689998626708984;112000
2026-08-20;13:50:00;-03:00;37,68000030517578;37,70000076293945;37,61000061035156;37,650001525878906;283500
2026-08-20;13:55:00;-03:00;37,63999938964844;37,650001525878906;37,529998779296875;37,529998779296875;365600
2026-08-20;14:00:00;-03:00;37,529998779296875;37,560001373291016;37,5099983215332;37,5099983215332;167200
2026-08-20;14:05:00;-03:00;37,52000045776367;37,54999923706055;37,52000045776367;37,52000045776367;117300
2026-08-20;14:10:00;-03:00;37,52000045776367;37,529998779296875;37,41999816894531;37,459999084472656;606200
2026-08-20;14:15:00;-03:00;37,459999084472656;37,470001220703125;37,400001525878906;37,41999816894531;266900
2026-08-20;14:20:00;-03:00;37,40999984741211;37,40999984741211;37,36000061035156;37,38999938964844;427600
2026-08-20;14:25:00;-03:00;37,38999938964844;37,38999938964844;37,36000061035156;37,369998931884766;280100
2026-08-20;14:30:00;-03:00;37,369998931884766;37,470001220703125;37,36000061035156;37,45000076293945;1005100
2026-08-20;14:35:00;-03:00;37,45000076293945;37,459999084472656;37,349998474121094;37,41999816894531;351800
2026-08-20;14:40:00;-03:00;37,41999816894531;37,45000076293945;37,40999984741211;37,439998626708984;130000
2026-08-20;14:45:00;-03:00;37,45000076293945;37,4900016784668;37,439998626708984;37,47999954223633;247900
2026-08-20;14:50:00;-03:00;37,47999954223633;37,4900016784668;37,459999084472656;37,459999084472656;88900
2026-08-20;14:55:00;-03:00;37,47999954223633;37,5;37,45000076293945;37,4900016784668;152600
2026-08-20;15:00:00;-03:00;37,47999954223633;37,529998779296875;37,459999084472656;37,4900016784668;544300
2026-08-20;15:05:00;-03:00;37,47999954223633;37,4900016784668;37,459999084472656;37,470001220703125;123800
2026-08-20;15:10:00;-03:00;37,47999954223633;37,47999954223633;37,45000076293945;37,459999084472656;108500
2026-08-20;15:15:00;-03:00;37,459999084472656;37,5099983215332;37,45000076293945;37,5099983215332;175400
2026-08-20;15:20:00;-03:00;37,5099983215332;37,52000045776367;37,459999084472656;37,5;298900
2026-08-20;15:25:00;-03:00;37,5099983215332;37,5099983215332;37,459999084472656;37,47999954223633;86600
2026-08-20;15:30:00;-03:00;37,470001220703125;37,5;37,45000076293945;37,5;170300
2026-08-20;15:35:00;-03:00;37,4900016784668;37,52000045776367;37,4900016784668;37,5099983215332;128300
2026-08-20;15:40:00;-03:00;37,5099983215332;37,529998779296875;37,5;37,5;195300
2026-08-20;15:45:00;-03:00;37,5;37,529998779296875;37,4900016784668;37,529998779296875;166700
2026-08-20;15:50:00;-03:00;37,529998779296875;37,529998779296875;37,45000076293945;37,459999084472656;192700
2026-08-20;15:55:00;-03:00;37,459999084472656;37,4900016784668;37,43000030517578;37,439998626708984;186800
2026-08-20;16:00:00;-03:00;37,43000030517578;37,439998626708984;37,400001525878906;37,41999816894531;277300
2026-08-20;16:05:00;-03:00;37,41999816894531;37,439998626708984;37,38999938964844;37,43000030517578;221500
2026-08-20;16:10:00;-03:00;37,43000030517578;37,45000076293945;37,43000030517578;37,439998626708984;127800
2026-08-20;16:15:00;-03:00;37,439998626708984;37,470001220703125;37,43000030517578;37,45000076293945;177300
2026-08-20;16:20:00;-03:00;37,45000076293945;37,52000045776367;37,45000076293945;37,5099983215332;578300
2026-08-20;16:25:00;-03:00;37,52000045776367;37,59000015258789;37,5099983215332;37,540000915527344;662100
2026-08-20;16:30:00;-03:00;37,54999923706055;37,56999969482422;37,5;37,5099983215332;421100
2026-08-20;16:35:00;-03:00;37,5099983215332;37,54999923706055;37,5;37,529998779296875;531700
2026-08-20;16:40:00;-03:00;37,540000915527344;37,540000915527344;37,470001220703125;37,470001220703125;408100
2026-08-20;16:45:00;-03:00;37,470001220703125;37,4900016784668;37,45000076293945;37,470001220703125;193100
2026-08-20;16:50:00;-03:00;37,470001220703125;37,4900016784668;37,41999816894531;37,439998626708984;391800
2026-08-21;10:00:00;-03:00;37,79999923706055;37,869998931884766;37,77000045776367;37,77000045776367;0
2026-08-21;10:05:00;-03:00;37,779998779296875;37,779998779296875;37,599998474121094;37,630001068115234;165100
2026-08-21;10:10:00;-03:00;37,63999938964844;37,650001525878906;37,56999969482422;37,61000061035156;213600
2026-08-21;10:15:00;-03:00;37,61000061035156;37,66999816894531;37,560001373291016;37,619998931884766;246500
2026-08-21;10:20:00;-03:00;37,599998474121094;37,650001525878906;37,58000183105469;37,650001525878906;83500
2026-08-21;10:25:00;-03:00;37,650001525878906;37,72999954223633;37,560001373291016;37,72999954223633;149700
2026-08-21;10:30:00;-03:00;37,720001220703125;37,84000015258789;37,720001220703125;37,81999969482422;428100
2026-08-21;10:35:00;-03:00;37,81999969482422;38,119998931884766;37,81999969482422;38,09000015258789;525700
2026-08-21;10:40:00;-03:00;38,06999969482422;38,22999954223633;38,04999923706055;38,20000076293945;516100
2026-08-21;10:45:00;-03:00;38,20000076293945;38,209999084472656;38,04999923706055;38,15999984741211;238500
2026-08-21;10:50:00;-03:00;38,16999816894531;38,27000045776367;38,09000015258789;38,18000030517578;310200
2026-08-21;10:55:00;-03:00;38,18000030517578;38,27000045776367;38,16999816894531;38,25;123200
2026-08-21;11:00:00;-03:00;38,2400016784668;38,2599983215332;38,06999969482422;38,16999816894531;482200
2026-08-21;11:05:00;-03:00;38,150001525878906;38,20000076293945;38,099998474121094;38,15999984741211;343300
2026-08-21;11:10:00;-03:00;38,16999816894531;38,25;38,15999984741211;38,220001220703125;171400
2026-08-21;11:15:00;-03:00;38,220001220703125;38,369998931884766;38,209999084472656;38,369998931884766;307400
2026-08-21;11:20:00;-03:00;38,369998931884766;38,459999084472656;38,34000015258789;38,369998931884766;966200
2026-08-21;11:25:00;-03:00;38,380001068115234;38,439998626708984;38,369998931884766;38,380001068115234;195500
2026-08-21;11:30:00;-03:00;38,380001068115234;38,43000030517578;38,310001373291016;38,33000183105469;374100
2026-08-21;11:35:00;-03:00;38,34000015258789;38,38999938964844;38,27000045776367;38,279998779296875;229300
2026-08-21;11:40:00;-03:00;38,290000915527344;38,349998474121094;38,279998779296875;38,349998474121094;121700
2026-08-21;11:45:00;-03:00;38,34000015258789;38,349998474121094;38,279998779296875;38,33000183105469;573200
2026-08-21;11:50:00;-03:00;38,33000183105469;38,349998474121094;38,27000045776367;38,310001373291016;250900
2026-08-21;11:55:00;-03:00;38,290000915527344;38,310001373291016;38,2599983215332;38,2599983215332;82400
2026-08-21;12:00:00;-03:00;38,27000045776367;38,290000915527344;38,18000030517578;38,2400016784668;890900
2026-08-21;12:05:00;-03:00;38,2400016784668;38,310001373291016;38,209999084472656;38,279998779296875;265700
2026-08-21;12:10:00;-03:00;38,27000045776367;38,31999969482422;38,2400016784668;38,25;225400
2026-08-21;12:15:00;-03:00;38,25;38,27000045776367;38,220001220703125;38,27000045776367;63600
2026-08-21;12:20:00;-03:00;38,27000045776367;38,31999969482422;38,2599983215332;38,31999969482422;151900
2026-08-21;12:25:00;-03:00;38,31999969482422;38,41999816894531;38,31999969482422;38,41999816894531;263100
2026-08-21;12:30:00;-03:00;38,41999816894531;38,47999954223633;38,41999816894531;38,47999954223633;288500
2026-08-21;12:35:00;-03:00;38,470001220703125;38,560001373291016;38,45000076293945;38,540000915527344;407700
2026-08-21;12:40:00;-03:00;38,540000915527344;38,619998931884766;38,540000915527344;38,599998474121094;142600
2026-08-21;12:45:00;-03:00;38,599998474121094;38,619998931884766;38,560001373291016;38,56999969482422;129700
2026-08-21;12:50:00;-03:00;38,56999969482422;38,689998626708984;38,54999923706055;38,630001068115234;459800
2026-08-21;12:55:00;-03:00;38,63999938964844;38,63999938964844;38,529998779296875;38,599998474121094;659400
2026-08-21;13:00:00;-03:00;38,59000015258789;38,65999984741211;38,56999969482422;38,63999938964844;174100
2026-08-21;13:05:00;-03:00;38,63999938964844;38,63999938964844;38,529998779296875;38,58000183105469;123600
2026-08-21;13:10:00;-03:00;38,58000183105469;38,58000183105469;38,52000045776367;38,529998779296875;69700
2026-08-21;13:15:00;-03:00;38,540000915527344;38,540000915527344;38,4900016784668;38,5;140700
2026-08-21;13:20:00;-03:00;38,5;38,54999923706055;38,470001220703125;38,47999954223633;155100
2026-08-21;13:25:00;-03:00;38,47999954223633;38,47999954223633;38,38999938964844;38,41999816894531;244800
2026-08-21;13:30:00;-03:00;38,40999984741211;38,4900016784668;38,40999984741211;38,470001220703125;213300
2026-08-21;13:35:00;-03:00;38,459999084472656;38,5099983215332;38,459999084472656;38,470001220703125;178200
2026-08-21;13:40:00;-03:00;38,459999084472656;38,540000915527344;38,439998626708984;38,470001220703125;143900
2026-08-21;13:45:00;-03:00;38,470001220703125;38,52000045776367;38,459999084472656;38,47999954223633;103400
2026-08-21;13:50:00;-03:00;38,47999954223633;38,529998779296875;38,439998626708984;38,45000076293945;205700
2026-08-21;13:55:00;-03:00;38,439998626708984;38,459999084472656;38,40999984741211;38,43000030517578;1600900
2026-08-21;14:00:00;-03:00;38,439998626708984;38,47999954223633;38,41999816894531;38,459999084472656;269700
2026-08-21;14:05:00;-03:00;38,45000076293945;38,47999954223633;38,439998626708984;38,459999084472656;79200
2026-08-21;14:10:00;-03:00;38,45000076293945;38,459999084472656;38,41999816894531;38,459999084472656;99300
2026-08-21;14:15:00;-03:00;38,459999084472656;38,459999084472656;38,380001068115234;38,38999938964844;165200
2026-08-21;14:20:00;-03:00;38,380001068115234;38,43000030517578;38,369998931884766;38,41999816894531;176100
2026-08-21;14:25:00;-03:00;38,41999816894531;38,470001220703125;38,40999984741211;38,459999084472656;101100
2026-08-21;14:30:00;-03:00;38,45000076293945;38,52000045776367;38,439998626708984;38,5;456900
2026-08-21;14:35:00;-03:00;38,5099983215332;38,540000915527344;38,459999084472656;38,459999084472656;112800
2026-08-21;14:40:00;-03:00;38,470001220703125;38,52000045776367;38,470001220703125;38,5;82100
2026-08-21;14:45:00;-03:00;38,5099983215332;38,5099983215332;38,470001220703125;38,5099983215332;137500
2026-08-21;14:50:00;-03:00;38,5099983215332;38,54999923706055;38,47999954223633;38,52000045776367;3428400
2026-08-21;14:55:00;-03:00;38,529998779296875;38,540000915527344;38,5099983215332;38,540000915527344;94800
2026-08-21;15:00:00;-03:00;38,540000915527344;38,63999938964844;38,529998779296875;38,61000061035156;780700
2026-08-21;15:05:00;-03:00;38,599998474121094;38,63999938964844;38,58000183105469;38,619998931884766;169000
2026-08-21;15:10:00;-03:00;38,619998931884766;38,70000076293945;38,619998931884766;38,68000030517578;349300
2026-08-21;15:15:00;-03:00;38,66999816894531;38,709999084472656;38,65999984741211;38,70000076293945;185800
2026-08-21;15:20:00;-03:00;38,70000076293945;38,709999084472656;38,650001525878906;38,68000030517578;216500
2026-08-21;15:25:00;-03:00;38,68000030517578;38,720001220703125;38,66999816894531;38,70000076293945;186000
2026-08-21;15:30:00;-03:00;38,70000076293945;38,709999084472656;38,65999984741211;38,66999816894531;169800
2026-08-21;15:35:00;-03:00;38,65999984741211;38,66999816894531;38,58000183105469;38,59000015258789;1295100
2026-08-21;15:40:00;-03:00;38,59000015258789;38,630001068115234;38,58000183105469;38,619998931884766;139900
2026-08-21;15:45:00;-03:00;38,61000061035156;38,619998931884766;38,560001373291016;38,58000183105469;286200
2026-08-21;15:50:00;-03:00;38,56999969482422;38,630001068115234;38,560001373291016;38,630001068115234;204400
2026-08-21;15:55:00;-03:00;38,619998931884766;38,650001525878906;38,61000061035156;38,619998931884766;167900
2026-08-21;16:00:00;-03:00;38,630001068115234;38,650001525878906;38,61000061035156;38,619998931884766;141300
2026-08-21;16:05:00;-03:00;38,630001068115234;38,68000030517578;38,61000061035156;38,66999816894531;214300
2026-08-21;16:10:00;-03:00;38,66999816894531;38,720001220703125;38,66999816894531;38,709999084472656;182600
2026-08-21;16:15:00;-03:00;38,709999084472656;38,709999084472656;38,650001525878906;38,689998626708984;273400
2026-08-21;16:20:00;-03:00;38,689998626708984;38,709999084472656;38,650001525878906;38,70000076293945;334500
2026-08-21;16:25:00;-03:00;38,70000076293945;38,70000076293945;38,599998474121094;38,630001068115234;335900
2026-08-21;16:30:00;-03:00;38,619998931884766;38,650001525878906;38,52000045776367;38,540000915527344;318700
2026-08-21;16:35:00;-03:00;38,540000915527344;38,56999969482422;38,4900016784668;38,540000915527344;344600
2026-08-21;16:40:00;-03:00;38,529998779296875;38,58000183105469;38,529998779296875;38,560001373291016;329100
2026-08-21;16:45:00;-03:00;38,560001373291016;38,59000015258789;38,5099983215332;38,52000045776367;376400
2026-08-21;16:50:00;-03:00;38,52000045776367;38,54999923706055;38,5;38,54999923706055;363000
2026-08-24;10:00:00;-03:00;38,25;38,27000045776367;38,16999816894531;38,2400016784668;0
2026-08-24;10:05:00;-03:00;38,209999084472656;38,34000015258789;38,20000076293945;38,33000183105469;215500
2026-08-24;10:10:00;-03:00;38,33000183105469;38,41999816894531;38,2599983215332;38,31999969482422;188200
2026-08-24;10:15:00;-03:00;38,31999969482422;38,40999984741211;38,29999923706055;38,310001373291016;133600
2026-08-24;10:20:00;-03:00;38,310001373291016;38,31999969482422;38,2599983215332;38,290000915527344;163900
2026-08-24;10:25:00;-03:00;38,27000045776367;38,310001373291016;38,150001525878906;38,16999816894531;192000
2026-08-24;10:30:00;-03:00;38,18000030517578;38,400001525878906;38,16999816894531;38,36000061035156;405300
2026-08-24;10:35:00;-03:00;38,369998931884766;38,5;38,349998474121094;38,5;393500
2026-08-24;10:40:00;-03:00;38,4900016784668;38,630001068115234;38,47999954223633;38,54999923706055;473000
2026-08-24;10:45:00;-03:00;38,54999923706055;38,720001220703125;38,47999954223633;38,720001220703125;308700
2026-08-24;10:50:00;-03:00;38,709999084472656;38,900001525878906;38,65999984741211;38,86000061035156;492800
2026-08-24;10:55:00;-03:00;38,869998931884766;39,08000183105469;38,849998474121094;39,029998779296875;747200
2026-08-24;11:00:00;-03:00;39,060001373291016;39,060001373291016;38,83000183105469;38,83000183105469;458700
2026-08-24;11:05:00;-03:00;38,86000061035156;38,86000061035156;38,7400016784668;38,75;216300
2026-08-24;11:10:00;-03:00;38,7599983215332;38,849998474121094;38,75;38,77000045776367;184200
2026-08-24;11:15:00;-03:00;38,779998779296875;38,83000183105469;38,68000030517578;38,70000076293945;310400
2026-08-24;11:20:00;-03:00;38,70000076293945;38,7599983215332;38,630001068115234;38,72999954223633;277400
2026-08-24;11:25:00;-03:00;38,72999954223633;38,75;38,66999816894531;38,7400016784668;454800
2026-08-24;11:30:00;-03:00;38,75;38,849998474121094;38,7400016784668;38,81999969482422;262600
2026-08-24;11:35:00;-03:00;38,81999969482422;38,900001525878906;38,810001373291016;38,84000015258789;167400
2026-08-24;11:40:00;-03:00;38,84000015258789;38,849998474121094;38,720001220703125;38,77000045776367;453700
2026-08-24;11:45:00;-03:00;38,77000045776367;38,86000061035156;38,7400016784668;38,84000015258789;232400
2026-08-24;11:50:00;-03:00;38,86000061035156;38,88999938964844;38,79999923706055;38,88999938964844;96200
2026-08-24;11:55:00;-03:00;38,880001068115234;38,880001068115234;38,79999923706055;38,81999969482422;158700
2026-08-24;12:00:00;-03:00;38,81999969482422;38,849998474121094;38,79999923706055;38,81999969482422;186100
2026-08-24;12:05:00;-03:00;38,83000183105469;38,88999938964844;38,83000183105469;38,84000015258789;184900
2026-08-24;12:10:00;-03:00;38,84000015258789;38,91999816894531;38,790000915527344;38,900001525878906;103100
2026-08-24;12:15:00;-03:00;38,900001525878906;38,97999954223633;38,880001068115234;38,95000076293945;170900
2026-08-24;12:20:00;-03:00;38,970001220703125;39,04999923706055;38,91999816894531;39,040000915527344;168500
2026-08-24;12:25:00;-03:00;39,04999923706055;39,13999938964844;39,04999923706055;39,08000183105469;369400
2026-08-24;12:30:00;-03:00;39,08000183105469;39,099998474121094;38,869998931884766;38,880001068115234;454200
2026-08-24;12:35:00;-03:00;38,900001525878906;38,93000030517578;38,83000183105469;38,880001068115234;165800
2026-08-24;12:40:00;-03:00;38,880001068115234;38,90999984741211;38,849998474121094;38,880001068115234;192000
2026-08-24;12:45:00;-03:00;38,880001068115234;38,959999084472656;38,880001068115234;38,95000076293945;124300
2026-08-24;12:50:00;-03:00;38,95000076293945;38,970001220703125;38,90999984741211;38,939998626708984;126000
2026-08-24;12:55:00;-03:00;38,939998626708984;39,0;38,93000030517578;38,959999084472656;133600
2026-08-24;13:00:00;-03:00;38,959999084472656;38,9900016784668;38,91999816894531;38,95000076293945;98700
2026-08-24;13:05:00;-03:00;38,939998626708984;38,95000076293945;38,91999816894531;38,91999816894531;87500
2026-08-24;13:10:00;-03:00;38,939998626708984;38,95000076293945;38,90999984741211;38,939998626708984;83000
2026-08-24;13:15:00;-03:00;38,939998626708984;38,970001220703125;38,91999816894531;38,939998626708984;57000
2026-08-24;13:20:00;-03:00;38,93000030517578;38,959999084472656;38,869998931884766;38,869998931884766;88300
2026-08-24;13:25:00;-03:00;38,869998931884766;38,900001525878906;38,849998474121094;38,869998931884766;187700
2026-08-24;13:30:00;-03:00;38,86000061035156;38,900001525878906;38,84000015258789;38,849998474121094;332200
2026-08-24;13:35:00;-03:00;38,849998474121094;38,88999938964844;38,83000183105469;38,83000183105469;102800
2026-08-24;13:40:00;-03:00;38,83000183105469;38,83000183105469;38,77000045776367;38,810001373291016;209400
2026-08-24;13:45:00;-03:00;38,810001373291016;38,810001373291016;38,75;38,7599983215332;315200
2026-08-24;13:50:00;-03:00;38,7599983215332;38,810001373291016;38,7599983215332;38,7599983215332;142300
2026-08-24;13:55:00;-03:00;38,7599983215332;38,790000915527344;38,7599983215332;38,7599983215332;88600
2026-08-24;14:00:00;-03:00;38,77000045776367;38,790000915527344;38,7599983215332;38,7599983215332;85600
2026-08-24;14:05:00;-03:00;38,7599983215332;38,779998779296875;38,709999084472656;38,779998779296875;241200
2026-08-24;14:10:00;-03:00;38,77000045776367;38,81999969482422;38,77000045776367;38,810001373291016;110000
2026-08-24;14:15:00;-03:00;38,810001373291016;38,849998474121094;38,810001373291016;38,83000183105469;81800
2026-08-24;14:20:00;-03:00;38,83000183105469;38,84000015258789;38,7599983215332;38,790000915527344;88300
2026-08-24;14:25:00;-03:00;38,779998779296875;38,83000183105469;38,7599983215332;38,79999923706055;67800
2026-08-24;14:30:00;-03:00;38,79999923706055;38,83000183105469;38,75;38,779998779296875;121400
2026-08-24;14:35:00;-03:00;38,790000915527344;38,81999969482422;38,779998779296875;38,790000915527344;93800
2026-08-24;14:40:00;-03:00;38,790000915527344;38,849998474121094;38,779998779296875;38,849998474121094;101500
2026-08-24;14:45:00;-03:00;38,849998474121094;38,880001068115234;38,779998779296875;38,790000915527344;114100
2026-08-24;14:50:00;-03:00;38,779998779296875;38,849998474121094;38,77000045776367;38,84000015258789;116000
2026-08-24;14:55:00;-03:00;38,849998474121094;38,900001525878906;38,81999969482422;38,88999938964844;84100
2026-08-24;15:00:00;-03:00;38,88999938964844;38,88999938964844;38,849998474121094;38,880001068115234;95500
2026-08-24;15:05:00;-03:00;38,869998931884766;38,900001525878906;38,83000183105469;38,869998931884766;96700
2026-08-24;15:10:00;-03:00;38,86000061035156;38,880001068115234;38,86000061035156;38,880001068115234;54300
2026-08-24;15:15:00;-03:00;38,869998931884766;38,9900016784668;38,869998931884766;38,90999984741211;155200
2026-08-24;15:20:00;-03:00;38,93000030517578;38,93000030517578;38,849998474121094;38,849998474121094;107300
2026-08-24;15:25:00;-03:00;38,869998931884766;38,90999984741211;38,849998474121094;38,88999938964844;71300
2026-08-24;15:30:00;-03:00;38,900001525878906;38,900001525878906;38,810001373291016;38,83000183105469;152300
2026-08-24;15:35:00;-03:00;38,83000183105469;38,880001068115234;38,79999923706055;38,81999969482422;187500
2026-08-24;15:40:00;-03:00;38,81999969482422;38,83000183105469;38,79999923706055;38,83000183105469;51100
2026-08-24;15:45:00;-03:00;38,81999969482422;38,849998474121094;38,810001373291016;38,83000183105469;102900
2026-08-24;15:50:00;-03:00;38,849998474121094;38,86000061035156;38,810001373291016;38,849998474121094;114600
2026-08-24;15:55:00;-03:00;38,86000061035156;38,869998931884766;38,84000015258789;38,84000015258789;116100
2026-08-24;16:00:00;-03:00;38,84000015258789;38,880001068115234;38,84000015258789;38,84000015258789;82300
2026-08-24;16:05:00;-03:00;38,84000015258789;38,869998931884766;38,84000015258789;38,849998474121094;117400
2026-08-24;16:10:00;-03:00;38,86000061035156;38,880001068115234;38,83000183105469;38,86000061035156;76000
2026-08-24;16:15:00;-03:00;38,86000061035156;38,869998931884766;38,83000183105469;38,86000061035156;282700
2026-08-24;16:20:00;-03:00;38,849998474121094;38,849998474121094;38,810001373291016;38,81999969482422;86400
2026-08-24;16:25:00;-03:00;38,81999969482422;38,81999969482422;38,79999923706055;38,79999923706055;100700
2026-08-24;16:30:00;-03:00;38,79999923706055;38,810001373291016;38,75;38,7599983215332;210600
2026-08-24;16:35:00;-03:00;38,75;38,81999969482422;38,7400016784668;38,77000045776367;141800
2026-08-24;16:40:00;-03:00;38,779998779296875;38,810001373291016;38,77000045776367;38,79999923706055;216100
2026-08-24;16:45:00;-03:00;38,790000915527344;38,79999923706055;38,75;38,7599983215332;141600
2026-08-24;16:50:00;-03:00;38,7599983215332;38,79999923706055;38,7400016784668;38,7599983215332;179300
2026-08-25;10:00:00;-03:00;38,849998474121094;38,97999954223633;38,849998474121094;38,959999084472656;91100
2026-08-25;10:05:00;-03:00;38,95000076293945;39,0099983215332;38,81999969482422;38,869998931884766;183400
2026-08-25;10:10:00;-03:00;38,86000061035156;38,970001220703125;38,81999969482422;38,88999938964844;204100
2026-08-25;10:15:00;-03:00;38,900001525878906;38,95000076293945;38,81999969482422;38,95000076293945;119300
2026-08-25;10:20:00;-03:00;38,95000076293945;38,970001220703125;38,810001373291016;38,86000061035156;496200
2026-08-25;10:25:00;-03:00;38,86000061035156;38,93000030517578;38,84000015258789;38,90999984741211;103900
2026-08-25;10:30:00;-03:00;38,90999984741211;38,90999984741211;38,63999938964844;38,68000030517578;270700
2026-08-25;10:35:00;-03:00;38,709999084472656;38,75;38,58000183105469;38,59000015258789;574400
2026-08-25;10:40:00;-03:00;38,599998474121094;38,619998931884766;38,5;38,52000045776367;391900
2026-08-25;10:45:00;-03:00;38,540000915527344;38,599998474121094;38,459999084472656;38,459999084472656;491200
2026-08-25;10:50:00;-03:00;38,470001220703125;38,5099983215332;38,43000030517578;38,4900016784668;131000
2026-08-25;10:55:00;-03:00;38,4900016784668;38,619998931884766;38,47999954223633;38,59000015258789;120900
2026-08-25;11:00:00;-03:00;38,619998931884766;38,689998626708984;38,56999969482422;38,650001525878906;87800
2026-08-25;11:05:00;-03:00;38,65999984741211;38,7599983215332;38,63999938964844;38,72999954223633;154300
2026-08-25;11:10:00;-03:00;38,7400016784668;38,77000045776367;38,709999084472656;38,7599983215332;54700
2026-08-25;11:15:00;-03:00;38,77000045776367;38,790000915527344;38,72999954223633;38,7400016784668;169000
2026-08-25;11:20:00;-03:00;38,75;38,81999969482422;38,7400016784668;38,77000045776367;306100
2026-08-25;11:25:00;-03:00;38,779998779296875;38,81999969482422;38,7599983215332;38,779998779296875;64700
2026-08-25;11:30:00;-03:00;38,790000915527344;38,79999923706055;38,720001220703125;38,7599983215332;120100
2026-08-25;11:35:00;-03:00;38,77000045776367;38,77000045776367;38,70000076293945;38,72999954223633;72700
2026-08-25;11:40:00;-03:00;38,72999954223633;38,79999923706055;38,70000076293945;38,77000045776367;113500
2026-08-25;11:45:00;-03:00;38,790000915527344;38,81999969482422;38,720001220703125;38,72999954223633;66300
2026-08-25;11:50:00;-03:00;38,7400016784668;38,7599983215332;38,720001220703125;38,7400016784668;19600
2026-08-25;11:55:00;-03:00;38,7400016784668;38,75;38,70000076293945;38,72999954223633;35200
2026-08-25;12:00:00;-03:00;38,7400016784668;38,810001373291016;38,72999954223633;38,790000915527344;191100
2026-08-25;12:05:00;-03:00;38,79999923706055;38,79999923706055;38,7400016784668;38,7599983215332;135800
2026-08-25;12:10:00;-03:00;38,779998779296875;38,83000183105469;38,7599983215332;38,779998779296875;57600
2026-08-25;12:15:00;-03:00;38,790000915527344;38,880001068115234;38,7599983215332;38,880001068115234;563700
2026-08-25;12:20:00;-03:00;38,869998931884766;38,95000076293945;38,86000061035156;38,900001525878906;206300
2026-08-25;12:25:00;-03:00;38,90999984741211;38,970001220703125;38,900001525878906;38,91999816894531;95800
2026-08-25;12:30:00;-03:00;38,91999816894531;38,970001220703125;38,91999816894531;38,95000076293945;93000
2026-08-25;12:35:00;-03:00;38,959999084472656;39,040000915527344;38,939998626708984;39,02000045776367;134700
2026-08-25;12:40:00;-03:00;39,029998779296875;39,150001525878906;39,02000045776367;39,04999923706055;521900
2026-08-25;12:45:00;-03:00;39,060001373291016;39,099998474121094;39,04999923706055;39,099998474121094;45200
2026-08-25;12:50:00;-03:00;39,099998474121094;39,15999984741211;39,040000915527344;39,150001525878906;127500
2026-08-25;12:55:00;-03:00;39,150001525878906;39,2400016784668;39,13999938964844;39,15999984741211;288300
2026-08-25;13:00:00;-03:00;39,16999816894531;39,20000076293945;39,099998474121094;39,11000061035156;245900
2026-08-25;13:05:00;-03:00;39,11000061035156;39,119998931884766;39,02000045776367;39,09000015258789;235500
2026-08-25;13:10:00;-03:00;39,08000183105469;39,150001525878906;39,060001373291016;39,150001525878906;136300
2026-08-25;13:15:00;-03:00;39,150001525878906;39,15999984741211;39,11000061035156;39,13999938964844;58900
2026-08-25;13:20:00;-03:00;39,15999984741211;39,16999816894531;39,06999969482422;39,11000061035156;132600
2026-08-25;13:25:00;-03:00;39,119998931884766;39,130001068115234;39,099998474121094;39,119998931884766;68000
2026-08-25;13:30:00;-03:00;39,119998931884766;39,150001525878906;39,099998474121094;39,130001068115234;88200
2026-08-25;13:35:00;-03:00;39,13999938964844;39,15999984741211;39,119998931884766;39,130001068115234;110600
2026-08-25;13:40:00;-03:00;39,13999938964844;39,15999984741211;39,11000061035156;39,119998931884766;97300
2026-08-25;13:45:00;-03:00;39,119998931884766;39,15999984741211;39,119998931884766;39,119998931884766;52300
2026-08-25;13:50:00;-03:00;39,130001068115234;39,13999938964844;39,11000061035156;39,119998931884766;39800
2026-08-25;13:55:00;-03:00;39,11000061035156;39,13999938964844;39,11000061035156;39,130001068115234;88500
2026-08-25;14:00:00;-03:00;39,130001068115234;39,150001525878906;39,130001068115234;39,130001068115234;49700
2026-08-25;14:05:00;-03:00;39,130001068115234;39,13999938964844;39,11000061035156;39,13999938964844;68800
2026-08-25;14:10:00;-03:00;39,13999938964844;39,13999938964844;39,099998474121094;39,119998931884766;50700
2026-08-25;14:15:00;-03:00;39,119998931884766;39,130001068115234;39,099998474121094;39,11000061035156;62300
2026-08-25;14:20:00;-03:00;39,119998931884766;39,13999938964844;39,099998474121094;39,13999938964844;73000
2026-08-25;14:25:00;-03:00;39,130001068115234;39,13999938964844;39,11000061035156;39,119998931884766;18000
2026-08-25;14:30:00;-03:00;39,119998931884766;39,189998626708984;39,119998931884766;39,15999984741211;308800
2026-08-25;14:35:00;-03:00;39,15999984741211;39,209999084472656;39,150001525878906;39,18000030517578;219500
2026-08-25;14:40:00;-03:00;39,18000030517578;39,2400016784668;39,16999816894531;39,22999954223633;231700
2026-08-25;14:45:00;-03:00;39,22999954223633;39,2599983215332;39,18000030517578;39,18000030517578;166000
2026-08-25;14:50:00;-03:00;39,189998626708984;39,22999954223633;39,18000030517578;39,22999954223633;93300
2026-08-25;14:55:00;-03:00;39,22999954223633;39,25;39,20000076293945;39,22999954223633;84900
2026-08-25;15:00:00;-03:00;39,220001220703125;39,2599983215332;39,189998626708984;39,20000076293945;60400
2026-08-25;15:05:00;-03:00;39,20000076293945;39,25;39,189998626708984;39,220001220703125;71900
2026-08-25;15:10:00;-03:00;39,220001220703125;39,22999954223633;39,189998626708984;39,209999084472656;94100
2026-08-25;15:15:00;-03:00;39,220001220703125;39,220001220703125;39,150001525878906;39,15999984741211;101500
2026-08-25;15:20:00;-03:00;39,15999984741211;39,18000030517578;39,150001525878906;39,16999816894531;196700
2026-08-25;15:25:00;-03:00;39,16999816894531;39,2599983215332;39,16999816894531;39,20000076293945;319400
2026-08-25;15:30:00;-03:00;39,189998626708984;39,2599983215332;39,18000030517578;39,2400016784668;180400
2026-08-25;15:35:00;-03:00;39,2400016784668;39,2400016784668;39,18000030517578;39,209999084472656;246000
2026-08-25;15:40:00;-03:00;39,20000076293945;39,2599983215332;39,18000030517578;39,2599983215332;264700
2026-08-25;15:45:00;-03:00;39,2599983215332;39,33000183105469;39,25;39,31999969482422;271500
2026-08-25;15:50:00;-03:00;39,310001373291016;39,349998474121094;39,29999923706055;39,349998474121094;204900
2026-08-25;15:55:00;-03:00;39,34000015258789;39,369998931884766;39,310001373291016;39,34000015258789;203900
2026-08-25;16:00:00;-03:00;39,34000015258789;39,369998931884766;39,310001373291016;39,349998474121094;185500
2026-08-25;16:05:00;-03:00;39,349998474121094;39,38999938964844;39,34000015258789;39,369998931884766;240900
2026-08-25;16:10:00;-03:00;39,36000061035156;39,459999084472656;39,349998474121094;39,43000030517578;406900
2026-08-25;16:15:00;-03:00;39,439998626708984;39,47999954223633;39,41999816894531;39,459999084472656;250300
2026-08-25;16:20:00;-03:00;39,459999084472656;39,5;39,43000030517578;39,459999084472656;223100
2026-08-25;16:25:00;-03:00;39,45000076293945;39,52000045776367;39,439998626708984;39,5099983215332;280200
2026-08-25;16:30:00;-03:00;39,5;39,540000915527344;39,470001220703125;39,4900016784668;376000
2026-08-25;16:35:00;-03:00;39,5;39,54999923706055;39,4900016784668;39,540000915527344;401300
2026-08-25;16:40:00;-03:00;39,529998779296875;39,56999969482422;39,5;39,5099983215332;612200
2026-08-25;16:45:00;-03:00;39,5099983215332;39,529998779296875;39,45000076293945;39,459999084472656;644000
2026-08-25;16:50:00;-03:00;39,470001220703125;39,560001373291016;39,459999084472656;39,5099983215332;636900
2026-08-26;10:00:00;-03:00;39,5;39,61000061035156;39,439998626708984;39,5099983215332;0
2026-08-26;10:05:00;-03:00;39,5;39,650001525878906;39,470001220703125;39,63999938964844;150700
2026-08-26;10:10:00;-03:00;39,63999938964844;39,91999816894531;39,630001068115234;39,91999816894531;187000
2026-08-26;10:15:00;-03:00;39,93000030517578;39,97999954223633;39,849998474121094;39,97999954223633;202800
2026-08-26;10:20:00;-03:00;39,959999084472656;40,040000915527344;39,939998626708984;40,0;137700
2026-08-26;10:25:00;-03:00;40,029998779296875;40,09000015258789;39,9900016784668;40,0;134900
2026-08-26;10:30:00;-03:00;40,0;40,02000045776367;39,790000915527344;39,84000015258789;361500
2026-08-26;10:35:00;-03:00;39,84000015258789;39,93000030517578;39,79999923706055;39,93000030517578;149400
2026-08-26;10:40:00;-03:00;39,91999816894531;39,970001220703125;39,869998931884766;39,900001525878906;262700
2026-08-26;10:45:00;-03:00;39,88999938964844;40,11000061035156;39,88999938964844;40,060001373291016;323100
2026-08-26;10:50:00;-03:00;40,06999969482422;40,13999938964844;40,029998779296875;40,11000061035156;208400
2026-08-26;10:55:00;-03:00;40,099998474121094;40,13999938964844;40,04999923706055;40,06999969482422;133000
2026-08-26;11:00:00;-03:00;40,06999969482422;40,15999984741211;40,04999923706055;40,04999923706055;179200
2026-08-26;11:05:00;-03:00;40,04999923706055;40,099998474121094;39,97999954223633;40,029998779296875;280800
2026-08-26;11:10:00;-03:00;40,02000045776367;40,04999923706055;39,970001220703125;40,0;167200
2026-08-26;11:15:00;-03:00;40,0;40,040000915527344;39,90999984741211;39,91999816894531;375500
2026-08-26;11:20:00;-03:00;39,91999816894531;39,93000030517578;39,709999084472656;39,810001373291016;377500
2026-08-26;11:25:00;-03:00;39,810001373291016;39,810001373291016;39,63999938964844;39,650001525878906;340900
2026-08-26;11:30:00;-03:00;39,650001525878906;39,7400016784668;39,630001068115234;39,7400016784668;361600
2026-08-26;11:35:00;-03:00;39,72999954223633;39,779998779296875;39,720001220703125;39,75;313900
2026-08-26;11:40:00;-03:00;39,72999954223633;39,79999923706055;39,72999954223633;39,7400016784668;89200
2026-08-26;11:45:00;-03:00;39,7599983215332;39,79999923706055;39,72999954223633;39,7400016784668;111100
2026-08-26;11:50:00;-03:00;39,72999954223633;39,79999923706055;39,689998626708984;39,72999954223633;245600
2026-08-26;11:55:00;-03:00;39,709999084472656;39,779998779296875;39,709999084472656;39,7599983215332;82300
2026-08-26;12:00:00;-03:00;39,7599983215332;39,86000061035156;39,7400016784668;39,790000915527344;374300
2026-08-26;12:05:00;-03:00;39,79999923706055;39,79999923706055;39,7400016784668;39,75;87100
2026-08-26;12:10:00;-03:00;39,75;39,7599983215332;39,68000030517578;39,72999954223633;105900
2026-08-26;12:15:00;-03:00;39,72999954223633;39,810001373291016;39,720001220703125;39,810001373291016;479200
2026-08-26;12:20:00;-03:00;39,790000915527344;39,810001373291016;39,75;39,779998779296875;250500
2026-08-26;12:25:00;-03:00;39,7599983215332;39,77000045776367;39,720001220703125;39,72999954223633;56700
2026-08-26;12:30:00;-03:00;39,720001220703125;39,72999954223633;39,68000030517578;39,70000076293945;90500
2026-08-26;12:35:00;-03:00;39,70000076293945;39,72999954223633;39,68000030517578;39,70000076293945;76000
2026-08-26;12:40:00;-03:00;39,709999084472656;39,75;39,70000076293945;39,709999084472656;70500
2026-08-26;12:45:00;-03:00;39,70000076293945;39,720001220703125;39,68000030517578;39,70000076293945;82300
2026-08-26;12:50:00;-03:00;39,689998626708984;39,70000076293945;39,619998931884766;39,630001068115234;92600
2026-08-26;12:55:00;-03:00;39,63999938964844;39,68000030517578;39,619998931884766;39,66999816894531;65300
2026-08-26;13:00:00;-03:00;39,66999816894531;39,68000030517578;39,540000915527344;39,54999923706055;214100
2026-08-26;13:05:00;-03:00;39,54999923706055;39,59000015258789;39,54999923706055;39,58000183105469;49800
2026-08-26;13:10:00;-03:00;39,58000183105469;39,61000061035156;39,56999969482422;39,59000015258789;78900
2026-08-26;13:15:00;-03:00;39,58000183105469;39,599998474121094;39,5099983215332;39,540000915527344;118900
2026-08-26;13:20:00;-03:00;39,54999923706055;39,650001525878906;39,54999923706055;39,630001068115234;173000
2026-08-26;13:25:00;-03:00;39,630001068115234;39,66999816894531;39,61000061035156;39,619998931884766;81000
2026-08-26;13:30:00;-03:00;39,630001068115234;39,63999938964844;39,59000015258789;39,599998474121094;91000
2026-08-26;13:35:00;-03:00;39,599998474121094;39,619998931884766;39,56999969482422;39,599998474121094;69900
2026-08-26;13:40:00;-03:00;39,599998474121094;39,619998931884766;39,529998779296875;39,540000915527344;77300
2026-08-26;13:45:00;-03:00;39,540000915527344;39,540000915527344;39,470001220703125;39,5;540400
2026-08-26;13:50:00;-03:00;39,5;39,52000045776367;39,470001220703125;39,5;56800
2026-08-26;13:55:00;-03:00;39,4900016784668;39,59000015258789;39,4900016784668;39,56999969482422;78800
2026-08-26;14:00:00;-03:00;39,56999969482422;39,650001525878906;39,56999969482422;39,650001525878906;108100
2026-08-26;14:05:00;-03:00;39,63999938964844;39,65999984741211;39,59000015258789;39,59000015258789;79400
2026-08-26;14:10:00;-03:00;39,599998474121094;39,630001068115234;39,56999969482422;39,59000015258789;70400
2026-08-26;14:15:00;-03:00;39,58000183105469;39,630001068115234;39,58000183105469;39,619998931884766;46800
2026-08-26;14:20:00;-03:00;39,619998931884766;39,65999984741211;39,61000061035156;39,61000061035156;162700
2026-08-26;14:25:00;-03:00;39,61000061035156;39,63999938964844;39,599998474121094;39,630001068115234;51300
2026-08-26;14:30:00;-03:00;39,630001068115234;39,630001068115234;39,56999969482422;39,599998474121094;164300
2026-08-26;14:35:00;-03:00;39,599998474121094;39,619998931884766;39,540000915527344;39,58000183105469;88500
2026-08-26;14:40:00;-03:00;39,58000183105469;39,599998474121094;39,54999923706055;39,560001373291016;1760900
2026-08-26;14:45:00;-03:00;39,560001373291016;39,619998931884766;39,529998779296875;39,58000183105469;117500
2026-08-26;14:50:00;-03:00;39,58000183105469;39,599998474121094;39,560001373291016;39,58000183105469;92300
2026-08-26;14:55:00;-03:00;39,59000015258789;39,599998474121094;39,52000045776367;39,52000045776367;856800
2026-08-26;15:00:00;-03:00;39,52000045776367;39,560001373291016;39,5099983215332;39,540000915527344;184800
2026-08-26;15:05:00;-03:00;39,540000915527344;39,540000915527344;39,5;39,529998779296875;274000
2026-08-26;15:10:00;-03:00;39,529998779296875;39,529998779296875;39,5;39,5;146000
2026-08-26;15:15:00;-03:00;39,5;39,529998779296875;39,5;39,52000045776367;139600
2026-08-26;15:20:00;-03:00;39,5099983215332;39,529998779296875;39,439998626708984;39,45000076293945;105000
2026-08-26;15:25:00;-03:00;39,45000076293945;39,459999084472656;39,43000030517578;39,439998626708984;68200
2026-08-26;15:30:00;-03:00;39,439998626708984;39,439998626708984;39,33000183105469;39,349998474121094;160000
2026-08-26;15:35:00;-03:00;39,349998474121094;39,36000061035156;39,33000183105469;39,34000015258789;83000
2026-08-26;15:40:00;-03:00;39,349998474121094;39,38999938964844;39,34000015258789;39,369998931884766;502300
2026-08-26;15:45:00;-03:00;39,369998931884766;39,459999084472656;39,369998931884766;39,45000076293945;286500
2026-08-26;15:50:00;-03:00;39,45000076293945;39,45000076293945;39,38999938964844;39,41999816894531;390900
2026-08-26;15:55:00;-03:00;39,41999816894531;39,43000030517578;39,380001068115234;39,40999984741211;148700
2026-08-26;16:00:00;-03:00;39,40999984741211;39,5;39,400001525878906;39,4900016784668;278600
2026-08-26;16:05:00;-03:00;39,5;39,540000915527344;39,47999954223633;39,5099983215332;129600
2026-08-26;16:10:00;-03:00;39,5099983215332;39,529998779296875;39,5;39,5099983215332;78400
2026-08-26;16:15:00;-03:00;39,5099983215332;39,52000045776367;39,470001220703125;39,5;374700
2026-08-26;16:20:00;-03:00;39,5;39,5099983215332;39,47999954223633;39,4900016784668;82500
2026-08-26;16:25:00;-03:00;39,4900016784668;39,5099983215332;39,470001220703125;39,47999954223633;197800
2026-08-26;16:30:00;-03:00;39,47999954223633;39,5;39,459999084472656;39,459999084472656;138100
2026-08-26;16:35:00;-03:00;39,459999084472656;39,47999954223633;39,400001525878906;39,400001525878906;358000
2026-08-26;16:40:00;-03:00;39,400001525878906;39,43000030517578;39,369998931884766;39,369998931884766;391900
2026-08-26;16:45:00;-03:00;39,369998931884766;39,40999984741211;39,369998931884766;39,400001525878906;306800
2026-08-26;16:50:00;-03:00;39,400001525878906;39,400001525878906;39,29999923706055;39,33000183105469;623300
2026-08-27;10:00:00;-03:00;39,25;39,290000915527344;39,15999984741211;39,18000030517578;0
2026-08-27;10:05:00;-03:00;39,18000030517578;39,279998779296875;39,15999984741211;39,279998779296875;127100
2026-08-27;10:10:00;-03:00;39,279998779296875;39,349998474121094;39,2400016784668;39,279998779296875;103100
2026-08-27;10:15:00;-03:00;39,2599983215332;39,34000015258789;39,20000076293945;39,220001220703125;140400
2026-08-27;10:20:00;-03:00;39,209999084472656;39,349998474121094;39,209999084472656;39,34000015258789;88500
2026-08-27;10:25:00;-03:00;39,34000015258789;39,380001068115234;39,25;39,310001373291016;114100
2026-08-27;10:30:00;-03:00;39,31999969482422;39,349998474121094;39,189998626708984;39,349998474121094;203100
2026-08-27;10:35:00;-03:00;39,349998474121094;39,439998626708984;39,29999923706055;39,29999923706055;144200
2026-08-27;10:40:00;-03:00;39,290000915527344;39,290000915527344;39,209999084472656;39,209999084472656;162600
2026-08-27;10:45:00;-03:00;39,220001220703125;39,29999923706055;39,16999816894531;39,20000076293945;259700
2026-08-27;10:50:00;-03:00;39,20000076293945;39,279998779296875;39,16999816894531;39,27000045776367;221000
2026-08-27;10:55:00;-03:00;39,25;39,290000915527344;39,150001525878906;39,150001525878906;114600
2026-08-27;11:00:00;-03:00;39,150001525878906;39,20000076293945;39,11000061035156;39,16999816894531;328000
2026-08-27;11:05:00;-03:00;39,18000030517578;39,220001220703125;39,119998931884766;39,15999984741211;845500
2026-08-27;11:10:00;-03:00;39,15999984741211;39,189998626708984;39,06999969482422;39,150001525878906;743400
2026-08-27;11:15:00;-03:00;39,13999938964844;39,189998626708984;39,06999969482422;39,09000015258789;709200
2026-08-27;11:20:00;-03:00;39,09000015258789;39,119998931884766;39,029998779296875;39,040000915527344;254100
2026-08-27;11:25:00;-03:00;39,029998779296875;39,040000915527344;38,880001068115234;38,939998626708984;538300
2026-08-27;11:30:00;-03:00;38,959999084472656;38,97999954223633;38,88999938964844;38,939998626708984;420200
2026-08-27;11:35:00;-03:00;38,93000030517578;39,029998779296875;38,93000030517578;38,9900016784668;312800
2026-08-27;11:40:00;-03:00;38,9900016784668;39,11000061035156;38,9900016784668;39,060001373291016;382800
2026-08-27;11:45:00;-03:00;39,060001373291016;39,16999816894531;39,04999923706055;39,130001068115234;328800
2026-08-27;11:50:00;-03:00;39,13999938964844;39,15999984741211;39,09000015258789;39,119998931884766;309100
2026-08-27;11:55:00;-03:00;39,119998931884766;39,119998931884766;38,970001220703125;39,0;173700
2026-08-27;12:00:00;-03:00;39,0;39,029998779296875;38,90999984741211;38,939998626708984;210700
2026-08-27;12:05:00;-03:00;38,939998626708984;38,970001220703125;38,869998931884766;38,91999816894531;462000
2026-08-27;12:10:00;-03:00;38,939998626708984;39,02000045776367;38,91999816894531;39,0;321600
2026-08-27;12:15:00;-03:00;39,0099983215332;39,060001373291016;39,0;39,0099983215332;191300
2026-08-27;12:20:00;-03:00;39,0099983215332;39,029998779296875;38,970001220703125;39,02000045776367;149900
2026-08-27;12:25:00;-03:00;39,029998779296875;39,029998779296875;38,97999954223633;38,97999954223633;148800
2026-08-27;12:30:00;-03:00;38,9900016784668;38,9900016784668;38,90999984741211;38,91999816894531;128800
2026-08-27;12:35:00;-03:00;38,90999984741211;38,959999084472656;38,900001525878906;38,939998626708984;142200
2026-08-27;12:40:00;-03:00;38,939998626708984;39,0;38,93000030517578;38,970001220703125;178400
2026-08-27;12:45:00;-03:00;38,970001220703125;38,97999954223633;38,900001525878906;38,90999984741211;272100
2026-08-27;12:50:00;-03:00;38,91999816894531;38,95000076293945;38,90999984741211;38,91999816894531;82400
2026-08-27;12:55:00;-03:00;38,91999816894531;38,95000076293945;38,90999984741211;38,95000076293945;113400
2026-08-27;13:00:00;-03:00;38,93000030517578;38,97999954223633;38,900001525878906;38,90999984741211;248100
2026-08-27;13:05:00;-03:00;38,91999816894531;38,939998626708984;38,880001068115234;38,90999984741211;506100
2026-08-27;13:10:00;-03:00;38,90999984741211;38,959999084472656;38,869998931884766;38,939998626708984;241800
2026-08-27;13:15:00;-03:00;38,95000076293945;39,0;38,93000030517578;38,97999954223633;107400
2026-08-27;13:20:00;-03:00;38,97999954223633;39,0;38,959999084472656;38,959999084472656;150800
2026-08-27;13:25:00;-03:00;38,959999084472656;38,9900016784668;38,959999084472656;38,9900016784668;123700
2026-08-27;13:30:00;-03:00;38,9900016784668;39,040000915527344;38,97999954223633;39,0099983215332;127900
2026-08-27;13:35:00;-03:00;39,029998779296875;39,029998779296875;39,0;39,02000045776367;154500
2026-08-27;13:40:00;-03:00;39,02000045776367;39,13999938964844;39,0099983215332;39,119998931884766;405500
2026-08-27;13:45:00;-03:00;39,119998931884766;39,130001068115234;39,08000183105469;39,08000183105469;82000
2026-08-27;13:50:00;-03:00;39,08000183105469;39,130001068115234;39,06999969482422;39,11000061035156;88100
2026-08-27;13:55:00;-03:00;39,11000061035156;39,11000061035156;39,04999923706055;39,06999969482422;118100
2026-08-27;14:00:00;-03:00;39,06999969482422;39,099998474121094;39,029998779296875;39,060001373291016;133300
2026-08-27;14:05:00;-03:00;39,060001373291016;39,119998931884766;39,04999923706055;39,11000061035156;138300
2026-08-27;14:10:00;-03:00;39,11000061035156;39,220001220703125;39,11000061035156;39,209999084472656;432200
2026-08-27;14:15:00;-03:00;39,20000076293945;39,220001220703125;39,13999938964844;39,189998626708984;175400
2026-08-27;14:20:00;-03:00;39,189998626708984;39,209999084472656;39,11000061035156;39,16999816894531;357500
2026-08-27;14:25:00;-03:00;39,16999816894531;39,16999816894531;39,099998474121094;39,11000061035156;128900
2026-08-27;14:30:00;-03:00;39,11000061035156;39,16999816894531;39,099998474121094;39,15999984741211;205900
2026-08-27;14:35:00;-03:00;39,150001525878906;39,15999984741211;39,119998931884766;39,119998931884766;108700
2026-08-27;14:40:00;-03:00;39,130001068115234;39,130001068115234;39,09000015258789;39,099998474121094;245700
2026-08-27;14:45:00;-03:00;39,11000061035156;39,130001068115234;39,09000015258789;39,119998931884766;241200
2026-08-27;14:50:00;-03:00;39,119998931884766;39,13999938964844;39,09000015258789;39,11000061035156;146400
2026-08-27;14:55:00;-03:00;39,119998931884766;39,130001068115234;39,08000183105469;39,09000015258789;120100
2026-08-27;15:00:00;-03:00;39,09000015258789;39,099998474121094;39,04999923706055;39,099998474121094;378200
2026-08-27;15:05:00;-03:00;39,099998474121094;39,18000030517578;39,09000015258789;39,16999816894531;254500
2026-08-27;15:10:00;-03:00;39,16999816894531;39,18000030517578;39,11000061035156;39,13999938964844;187900
2026-08-27;15:15:00;-03:00;39,130001068115234;39,18000030517578;39,119998931884766;39,150001525878906;253500
2026-08-27;15:20:00;-03:00;39,150001525878906;39,15999984741211;39,099998474121094;39,099998474121094;144500
2026-08-27;15:25:00;-03:00;39,099998474121094;39,130001068115234;39,08000183105469;39,119998931884766;153700
2026-08-27;15:30:00;-03:00;39,119998931884766;39,130001068115234;39,08000183105469;39,09000015258789;124200
2026-08-27;15:35:00;-03:00;39,08000183105469;39,130001068115234;39,08000183105469;39,099998474121094;257500
2026-08-27;15:40:00;-03:00;39,09000015258789;39,119998931884766;39,06999969482422;39,11000061035156;221400
2026-08-27;15:45:00;-03:00;39,11000061035156;39,11000061035156;39,06999969482422;39,06999969482422;295600
2026-08-27;15:50:00;-03:00;39,06999969482422;39,08000183105469;39,04999923706055;39,060001373291016;172400
2026-08-27;15:55:00;-03:00;39,060001373291016;39,130001068115234;39,060001373291016;39,08000183105469;295900
2026-08-27;16:00:00;-03:00;39,08000183105469;39,119998931884766;39,06999969482422;39,09000015258789;441000
2026-08-27;16:05:00;-03:00;39,09000015258789;39,11000061035156;39,06999969482422;39,08000183105469;246100
2026-08-27;16:10:00;-03:00;39,08000183105469;39,119998931884766;39,08000183105469;39,08000183105469;192700
2026-08-27;16:15:00;-03:00;39,08000183105469;39,08000183105469;38,9900016784668;39,0099983215332;451100
2026-08-27;16:20:00;-03:00;39,0099983215332;39,029998779296875;38,97999954223633;39,029998779296875;353200
2026-08-27;16:25:00;-03:00;39,029998779296875;39,04999923706055;39,0;39,029998779296875;360600
2026-08-27;16:30:00;-03:00;39,029998779296875;39,09000015258789;39,029998779296875;39,060001373291016;279100
2026-08-27;16:35:00;-03:00;39,04999923706055;39,09000015258789;39,04999923706055;39,08000183105469;310200
2026-08-27;16:40:00;-03:00;39,08000183105469;39,119998931884766;39,04999923706055;39,11000061035156;352900
2026-08-27;16:45:00;-03:00;39,099998474121094;39,119998931884766;39,09000015258789;39,09000015258789;363100
2026-08-27;16:50:00;-03:00;39,09000015258789;39,119998931884766;39,06999969482422;39,119998931884766;1073700
2026-08-27;16:55:00;-03:00;39,119998931884766;39,119998931884766;39,119998931884766;39,119998931884766;200
2026-08-28;10:00:00;-03:00;39,31999969482422;39,380001068115234;39,22999954223633;39,290000915527344;0
2026-08-28;10:05:00;-03:00;39,29999923706055;39,29999923706055;39,150001525878906;39,16999816894531;250000
2026-08-28;10:10:00;-03:00;39,16999816894531;39,29999923706055;39,130001068115234;39,29999923706055;306700
2026-08-28;10:15:00;-03:00;39,279998779296875;39,290000915527344;39,13999938964844;39,209999084472656;199900
2026-08-28;10:20:00;-03:00;39,220001220703125;39,290000915527344;39,15999984741211;39,20000076293945;187200
2026-08-28;10:25:00;-03:00;39,20000076293945;39,20000076293945;39,15999984741211;39,189998626708984;89100
2026-08-28;10:30:00;-03:00;39,16999816894531;39,18000030517578;39,060001373291016;39,08000183105469;504700
2026-08-28;10:35:00;-03:00;39,09000015258789;39,15999984741211;38,9900016784668;39,0;411100
2026-08-28;10:40:00;-03:00;38,9900016784668;39,04999923706055;38,95000076293945;38,97999954223633;325700
2026-08-28;10:45:00;-03:00;38,97999954223633;38,9900016784668;38,93000030517578;38,970001220703125;316900
2026-08-28;10:50:00;-03:00;38,959999084472656;39,029998779296875;38,95000076293945;38,959999084472656;184300
2026-08-28;10:55:00;-03:00;38,970001220703125;39,029998779296875;38,939998626708984;38,939998626708984;183700
2026-08-28;11:00:00;-03:00;38,95000076293945;39,029998779296875;38,91999816894531;38,97999954223633;271000
2026-08-28;11:05:00;-03:00;38,97999954223633;39,02000045776367;38,95000076293945;39,0;138400
2026-08-28;11:10:00;-03:00;39,0099983215332;39,029998779296875;38,95000076293945;38,97999954223633;159300
2026-08-28;11:15:00;-03:00;38,97999954223633;39,06999969482422;38,900001525878906;38,900001525878906;306900
2026-08-28;11:20:00;-03:00;38,90999984741211;39,0;38,900001525878906;38,970001220703125;169900
2026-08-28;11:25:00;-03:00;38,97999954223633;39,0099983215332;38,90999984741211;38,939998626708984;312400
2026-08-28;11:30:00;-03:00;38,959999084472656;39,02000045776367;38,939998626708984;38,9900016784668;78700
2026-08-28;11:35:00;-03:00;39,0;39,0;38,939998626708984;38,939998626708984;94800
2026-08-28;11:40:00;-03:00;38,939998626708984;38,9900016784668;38,91999816894531;38,970001220703125;154300
2026-08-28;11:45:00;-03:00;38,970001220703125;38,97999954223633;38,880001068115234;38,88999938964844;199300
2026-08-28;11:50:00;-03:00;38,88999938964844;38,90999984741211;38,779998779296875;38,81999969482422;623500
2026-08-28;11:55:00;-03:00;38,81999969482422;38,88999938964844;38,81999969482422;38,84000015258789;300600
2026-08-28;12:00:00;-03:00;38,84000015258789;38,869998931884766;38,790000915527344;38,810001373291016;114800
2026-08-28;12:05:00;-03:00;38,81999969482422;38,869998931884766;38,79999923706055;38,83000183105469;98700
2026-08-28;12:10:00;-03:00;38,83000183105469;38,849998474121094;38,81999969482422;38,81999969482422;61600
2026-08-28;12:15:00;-03:00;38,81999969482422;38,849998474121094;38,79999923706055;38,810001373291016;156500
2026-08-28;12:20:00;-03:00;38,810001373291016;38,83000183105469;38,77000045776367;38,790000915527344;173600
2026-08-28;12:25:00;-03:00;38,79999923706055;38,83000183105469;38,779998779296875;38,79999923706055;468800
2026-08-28;12:30:00;-03:00;38,81999969482422;38,81999969482422;38,7599983215332;38,790000915527344;182500
2026-08-28;12:35:00;-03:00;38,790000915527344;38,84000015258789;38,7599983215332;38,77000045776367;92600
2026-08-28;12:40:00;-03:00;38,779998779296875;38,779998779296875;38,7400016784668;38,77000045776367;124100
2026-08-28;12:45:00;-03:00;38,77000045776367;38,810001373291016;38,7599983215332;38,790000915527344;94000
2026-08-28;12:50:00;-03:00;38,79999923706055;38,84000015258789;38,790000915527344;38,79999923706055;111200
2026-08-28;12:55:00;-03:00;38,810001373291016;38,84000015258789;38,790000915527344;38,790000915527344;88200
2026-08-28;13:00:00;-03:00;38,790000915527344;38,83000183105469;38,779998779296875;38,779998779296875;92900
2026-08-28;13:05:00;-03:00;38,779998779296875;38,810001373291016;38,75;38,7599983215332;507000
2026-08-28;13:10:00;-03:00;38,77000045776367;38,77000045776367;38,72999954223633;38,7599983215332;224800
2026-08-28;13:15:00;-03:00;38,7599983215332;38,79999923706055;38,75;38,779998779296875;68200
2026-08-28;13:20:00;-03:00;38,790000915527344;38,84000015258789;38,779998779296875;38,81999969482422;89700
2026-08-28;13:25:00;-03:00;38,81999969482422;38,869998931884766;38,79999923706055;38,86000061035156;160400
2026-08-28;13:30:00;-03:00;38,86000061035156;38,939998626708984;38,86000061035156;38,91999816894531;217800
2026-08-28;13:35:00;-03:00;38,91999816894531;39,0;38,91999816894531;38,9900016784668;303100
2026-08-28;13:40:00;-03:00;38,9900016784668;39,0;38,93000030517578;38,93000030517578;86900
2026-08-28;13:45:00;-03:00;38,93000030517578;39,0099983215332;38,93000030517578;39,0;188700
2026-08-28;13:50:00;-03:00;38,9900016784668;39,040000915527344;38,9900016784668;39,0099983215332;405000
2026-08-28;13:55:00;-03:00;39,0099983215332;39,02000045776367;38,9900016784668;38,9900016784668;65600
2026-08-28;14:00:00;-03:00;38,9900016784668;39,02000045776367;38,959999084472656;39,0;93000
2026-08-28;14:05:00;-03:00;39,0099983215332;39,0099983215332;38,97999954223633;38,97999954223633;68900
2026-08-28;14:10:00;-03:00;38,97999954223633;39,0099983215332;38,97999954223633;39,0099983215332;78500
2026-08-28;14:15:00;-03:00;39,0;39,040000915527344;39,0;39,0099983215332;74400
2026-08-28;14:20:00;-03:00;39,0099983215332;39,06999969482422;39,0099983215332;39,02000045776367;207000
2026-08-28;14:25:00;-03:00;39,040000915527344;39,04999923706055;39,0099983215332;39,04999923706055;105500
2026-08-28;14:30:00;-03:00;39,04999923706055;39,04999923706055;39,0099983215332;39,02000045776367;103800
2026-08-28;14:35:00;-03:00;39,02000045776367;39,040000915527344;39,0;39,0099983215332;59500
2026-08-28;14:40:00;-03:00;39,0;39,0099983215332;39,0;39,0;48400
2026-08-28;14:45:00;-03:00;39,0;39,029998779296875;38,97999954223633;39,02000045776367;108400
2026-08-28;14:50:00;-03:00;39,0099983215332;39,02000045776367;38,97999954223633;38,9900016784668;72700
2026-08-28;14:55:00;-03:00;38,97999954223633;39,040000915527344;38,97999954223633;39,029998779296875;115900
2026-08-28;15:00:00;-03:00;39,029998779296875;39,11000061035156;39,029998779296875;39,04999923706055;323000
2026-08-28;15:05:00;-03:00;39,060001373291016;39,11000061035156;39,04999923706055;39,06999969482422;185200
2026-08-28;15:10:00;-03:00;39,06999969482422;39,099998474121094;39,02000045776367;39,04999923706055;174000
2026-08-28;15:15:00;-03:00;39,06999969482422;39,119998931884766;39,04999923706055;39,09000015258789;90900
2026-08-28;15:20:00;-03:00;39,09000015258789;39,099998474121094;39,04999923706055;39,060001373291016;130900
2026-08-28;15:25:00;-03:00;39,06999969482422;39,06999969482422;39,04999923706055;39,060001373291016;60700
2026-08-28;15:30:00;-03:00;39,06999969482422;39,09000015258789;39,040000915527344;39,060001373291016;221300
2026-08-28;15:35:00;-03:00;39,060001373291016;39,09000015258789;39,060001373291016;39,08000183105469;99700
2026-08-28;15:40:00;-03:00;39,08000183105469;39,09000015258789;39,0099983215332;39,060001373291016;341900
2026-08-28;15:45:00;-03:00;39,060001373291016;39,060001373291016;39,029998779296875;39,040000915527344;90900
2026-08-28;15:50:00;-03:00;39,04999923706055;39,09000015258789;39,040000915527344;39,08000183105469;170500
2026-08-28;15:55:00;-03:00;39,08000183105469;39,209999084472656;39,08000183105469;39,099998474121094;495300
2026-08-28;16:00:00;-03:00;39,119998931884766;39,18000030517578;39,09000015258789;39,130001068115234;591500
2026-08-28;16:05:00;-03:00;39,119998931884766;39,13999938964844;39,09000015258789;39,119998931884766;181300
2026-08-28;16:10:00;-03:00;39,13999938964844;39,18000030517578;39,13999938964844;39,18000030517578;324700
2026-08-28;16:15:00;-03:00;39,16999816894531;39,189998626708984;39,099998474121094;39,11000061035156;477600
2026-08-28;16:20:00;-03:00;39,119998931884766;39,130001068115234;39,08000183105469;39,099998474121094;252400
2026-08-28;16:25:00;-03:00;39,119998931884766;39,15999984741211;39,099998474121094;39,11000061035156;258300
2026-08-28;16:30:00;-03:00;39,130001068115234;39,15999984741211;39,06999969482422;39,15999984741211;315000
2026-08-28;16:35:00;-03:00;39,13999938964844;39,150001525878906;39,09000015258789;39,130001068115234;317100
2026-08-28;16:40:00;-03:00;39,13999938964844;39,13999938964844;39,040000915527344;39,06999969482422;678400
2026-08-28;16:45:00;-03:00;39,08000183105469;39,130001068115234;39,06999969482422;39,099998474121094;287000
2026-08-28;16:50:00;-03:00;39,099998474121094;39,119998931884766;39,060001373291016;39,09000015258789;500000
2026-08-31;10:00:00;-03:00;39,58000183105469;39,630001068115234;39,43000030517578;39,45000076293945;0
2026-08-31;10:05:00;-03:00;39,470001220703125;39,59000015258789;39,400001525878906;39,59000015258789;211800
2026-08-31;10:10:00;-03:00;39,560001373291016;39,70000076293945;39,560001373291016;39,66999816894531;292200
2026-08-31;10:15:00;-03:00;39,66999816894531;39,70000076293945;39,599998474121094;39,650001525878906;242200
2026-08-31;10:20:00;-03:00;39,63999938964844;39,689998626708984;39,599998474121094;39,65999984741211;190500
2026-08-31;10:25:00;-03:00;39,65999984741211;39,79999923706055;39,650001525878906;39,79999923706055;235500
2026-08-31;10:30:00;-03:00;39,7599983215332;39,849998474121094;39,61000061035156;39,709999084472656;396200
2026-08-31;10:35:00;-03:00;39,709999084472656;39,7400016784668;39,56999969482422;39,72999954223633;316400
2026-08-31;10:40:00;-03:00;39,72999954223633;39,7400016784668;39,58000183105469;39,58000183105469;198200
2026-08-31;10:45:00;-03:00;39,59000015258789;39,61000061035156;39,47999954223633;39,52000045776367;161500
2026-08-31;10:50:00;-03:00;39,529998779296875;39,529998779296875;39,40999984741211;39,47999954223633;278100
2026-08-31;10:55:00;-03:00;39,470001220703125;39,5099983215332;39,43000030517578;39,470001220703125;168600
2026-08-31;11:00:00;-03:00;39,459999084472656;39,4900016784668;39,40999984741211;39,40999984741211;643100
2026-08-31;11:05:00;-03:00;39,40999984741211;39,529998779296875;39,380001068115234;39,47999954223633;356100
2026-08-31;11:10:00;-03:00;39,47999954223633;39,47999954223633;39,380001068115234;39,41999816894531;79300
2026-08-31;11:15:00;-03:00;39,41999816894531;39,41999816894531;39,31999969482422;39,38999938964844;216200
2026-08-31;11:20:00;-03:00;39,380001068115234;39,43000030517578;39,349998474121094;39,400001525878906;105600
2026-08-31;11:25:00;-03:00;39,400001525878906;39,40999984741211;39,29999923706055;39,33000183105469;96300
2026-08-31;11:30:00;-03:00;39,31999969482422;39,33000183105469;39,27000045776367;39,310001373291016;126500
2026-08-31;11:35:00;-03:00;39,310001373291016;39,349998474121094;39,29999923706055;39,310001373291016;78800
2026-08-31;11:40:00;-03:00;39,29999923706055;39,36000061035156;39,29999923706055;39,349998474121094;107200
2026-08-31;11:45:00;-03:00;39,349998474121094;39,349998474121094;39,279998779296875;39,310001373291016;116800
2026-08-31;11:50:00;-03:00;39,310001373291016;39,34000015258789;39,290000915527344;39,310001373291016;95500
2026-08-31;11:55:00;-03:00;39,29999923706055;39,400001525878906;39,290000915527344;39,38999938964844;148300
2026-08-31;12:00:00;-03:00;39,380001068115234;39,40999984741211;39,31999969482422;39,33000183105469;155300
2026-08-31;12:05:00;-03:00;39,34000015258789;39,400001525878906;39,31999969482422;39,400001525878906;165500
2026-08-31;12:10:00;-03:00;39,380001068115234;39,43000030517578;39,369998931884766;39,40999984741211;127400
2026-08-31;12:15:00;-03:00;39,40999984741211;39,459999084472656;39,38999938964844;39,40999984741211;177800
2026-08-31;12:20:00;-03:00;39,40999984741211;39,459999084472656;39,380001068115234;39,38999938964844;106700
2026-08-31;12:25:00;-03:00;39,38999938964844;39,4900016784668;39,380001068115234;39,47999954223633;301700
2026-08-31;12:30:00;-03:00;39,4900016784668;39,5;39,45000076293945;39,459999084472656;235500
2026-08-31;12:35:00;-03:00;39,470001220703125;39,47999954223633;39,41999816894531;39,439998626708984;167200
2026-08-31;12:40:00;-03:00;39,439998626708984;39,47999954223633;39,41999816894531;39,45000076293945;151200
2026-08-31;12:45:00;-03:00;39,45000076293945;39,459999084472656;39,41999816894531;39,43000030517578;53200
2026-08-31;12:50:00;-03:00;39,439998626708984;39,459999084472656;39,41999816894531;39,43000030517578;91700
2026-08-31;12:55:00;-03:00;39,439998626708984;39,45000076293945;39,400001525878906;39,41999816894531;118900
2026-08-31;13:00:00;-03:00;39,43000030517578;39,52000045776367;39,40999984741211;39,4900016784668;163400
2026-08-31;13:05:00;-03:00;39,4900016784668;39,52000045776367;39,470001220703125;39,4900016784668;74900
2026-08-31;13:10:00;-03:00;39,4900016784668;39,529998779296875;39,47999954223633;39,529998779296875;101900
2026-08-31;13:15:00;-03:00;39,52000045776367;39,54999923706055;39,5;39,529998779296875;123100
2026-08-31;13:20:00;-03:00;39,529998779296875;39,540000915527344;39,459999084472656;39,47999954223633;108600
2026-08-31;13:25:00;-03:00;39,470001220703125;39,47999954223633;39,439998626708984;39,470001220703125;121300
2026-08-31;13:30:00;-03:00;39,47999954223633;39,5;39,439998626708984;39,459999084472656;106000
2026-08-31;13:35:00;-03:00;39,459999084472656;39,470001220703125;39,439998626708984;39,439998626708984;70400
2026-08-31;13:40:00;-03:00;39,439998626708984;39,47999954223633;39,40999984741211;39,459999084472656;88700
2026-08-31;13:45:00;-03:00;39,459999084472656;39,5;39,45000076293945;39,470001220703125;132300
2026-08-31;13:50:00;-03:00;39,470001220703125;39,54999923706055;39,470001220703125;39,52000045776367;389200
2026-08-31;13:55:00;-03:00;39,52000045776367;39,560001373291016;39,47999954223633;39,52000045776367;150000
2026-08-31;14:00:00;-03:00;39,52000045776367;39,560001373291016;39,47999954223633;39,5099983215332;170600
2026-08-31;14:05:00;-03:00;39,4900016784668;39,560001373291016;39,470001220703125;39,540000915527344;704200
2026-08-31;14:10:00;-03:00;39,560001373291016;39,58000183105469;39,52000045776367;39,529998779296875;104800
2026-08-31;14:15:00;-03:00;39,52000045776367;39,540000915527344;39,4900016784668;39,529998779296875;133700
2026-08-31;14:20:00;-03:00;39,5099983215332;39,540000915527344;39,5099983215332;39,5099983215332;80900
2026-08-31;14:25:00;-03:00;39,5099983215332;39,599998474121094;39,5099983215332;39,540000915527344;763200
2026-08-31;14:30:00;-03:00;39,540000915527344;39,560001373291016;39,52000045776367;39,560001373291016;302600
2026-08-31;14:35:00;-03:00;39,56999969482422;39,59000015258789;39,540000915527344;39,560001373291016;121600
2026-08-31;14:40:00;-03:00;39,560001373291016;39,58000183105469;39,529998779296875;39,560001373291016;122100
2026-08-31;14:45:00;-03:00;39,56999969482422;39,619998931884766;39,54999923706055;39,61000061035156;849300
2026-08-31;14:50:00;-03:00;39,599998474121094;39,630001068115234;39,58000183105469;39,59000015258789;237200
2026-08-31;14:55:00;-03:00;39,59000015258789;39,599998474121094;39,54999923706055;39,560001373291016;490500
2026-08-31;15:00:00;-03:00;39,58000183105469;39,61000061035156;39,540000915527344;39,59000015258789;239200
2026-08-31;15:05:00;-03:00;39,58000183105469;39,59000015258789;39,529998779296875;39,54999923706055;118900
2026-08-31;15:10:00;-03:00;39,540000915527344;39,560001373291016;39,5099983215332;39,540000915527344;125200
2026-08-31;15:15:00;-03:00;39,54999923706055;39,56999969482422;39,5;39,5099983215332;82800
2026-08-31;15:20:00;-03:00;39,5099983215332;39,52000045776367;39,4900016784668;39,5;74800
2026-08-31;15:25:00;-03:00;39,5;39,5099983215332;39,43000030517578;39,43000030517578;122100
2026-08-31;15:30:00;-03:00;39,439998626708984;39,47999954223633;39,41999816894531;39,470001220703125;669900
2026-08-31;15:35:00;-03:00;39,470001220703125;39,470001220703125;39,43000030517578;39,43000030517578;89800
2026-08-31;15:40:00;-03:00;39,43000030517578;39,47999954223633;39,43000030517578;39,459999084472656;156000
2026-08-31;15:45:00;-03:00;39,459999084472656;39,470001220703125;39,40999984741211;39,45000076293945;129700
2026-08-31;15:50:00;-03:00;39,45000076293945;39,47999954223633;39,439998626708984;39,439998626708984;120900
2026-08-31;15:55:00;-03:00;39,45000076293945;39,47999954223633;39,439998626708984;39,45000076293945;137300
2026-08-31;16:00:00;-03:00;39,45000076293945;39,47999954223633;39,439998626708984;39,45000076293945;108900
2026-08-31;16:05:00;-03:00;39,45000076293945;39,52000045776367;39,45000076293945;39,4900016784668;189700
2026-08-31;16:10:00;-03:00;39,5;39,540000915527344;39,4900016784668;39,540000915527344;115200
2026-08-31;16:15:00;-03:00;39,529998779296875;39,560001373291016;39,52000045776367;39,540000915527344;112700
2026-08-31;16:20:00;-03:00;39,54999923706055;39,599998474121094;39,540000915527344;39,59000015258789;207600
2026-08-31;16:25:00;-03:00;39,58000183105469;39,66999816894531;39,58000183105469;39,65999984741211;204800
2026-08-31;16:30:00;-03:00;39,65999984741211;39,689998626708984;39,630001068115234;39,65999984741211;427200
2026-08-31;16:35:00;-03:00;39,65999984741211;39,65999984741211;39,56999969482422;39,56999969482422;257300
2026-08-31;16:40:00;-03:00;39,58000183105469;39,59000015258789;39,52000045776367;39,54999923706055;324500
2026-08-31;16:45:00;-03:00;39,540000915527344;39,54999923706055;39,470001220703125;39,52000045776367;270000
2026-09-01;10:00:00;-03:00;;;;;0
2026-09-01;10:05:00;-03:00;39,779998779296875;39,79999923706055;39,599998474121094;39,65999984741211;69900
2026-09-01;10:10:00;-03:00;39,66999816894531;39,70000076293945;39,56999969482422;39,599998474121094;165700
2026-09-01;10:15:00;-03:00;39,59000015258789;39,630001068115234;39,45000076293945;39,470001220703125;90600
2026-09-01;10:20:00;-03:00;39,459999084472656;39,459999084472656;39,36000061035156;39,43000030517578;92100
2026-09-01;10:25:00;-03:00;39,41999816894531;39,5;39,40999984741211;39,459999084472656;211000
2026-09-01;10:30:00;-03:00;39,45000076293945;39,689998626708984;39,45000076293945;39,66999816894531;189500
2026-09-01;10:35:00;-03:00;39,66999816894531;39,77000045776367;39,66999816894531;39,7400016784668;184500
2026-09-01;10:40:00;-03:00;39,75;39,790000915527344;39,70000076293945;39,70000076293945;563400
2026-09-01;10:45:00;-03:00;39,70000076293945;39,75;39,65999984741211;39,709999084472656;178100
2026-09-01;10:50:00;-03:00;39,709999084472656;39,880001068115234;39,709999084472656;39,849998474121094;276000
2026-09-01;10:55:00;-03:00;39,849998474121094;40,150001525878906;39,849998474121094;40,130001068115234;1152900
2026-09-01;11:00:00;-03:00;40,130001068115234;40,27000045776367;40,099998474121094;40,25;1816400
2026-09-01;11:05:00;-03:00;40,25;40,41999816894531;40,25;40,380001068115234;1247000
2026-09-01;11:10:00;-03:00;40,38999938964844;40,41999816894531;40,2400016784668;40,279998779296875;608600
2026-09-01;11:15:00;-03:00;40,290000915527344;40,31999969482422;40,20000076293945;40,2400016784668;339400
2026-09-01;11:20:00;-03:00;40,2400016784668;40,34000015258789;40,16999816894531;40,29999923706055;1217800
2026-09-01;11:25:00;-03:00;40,29999923706055;40,33000183105469;40,25;40,279998779296875;309700
2026-09-01;11:30:00;-03:00;40,279998779296875;40,34000015258789;40,22999954223633;40,290000915527344;444100
2026-09-01;11:35:00;-03:00;40,310001373291016;40,380001068115234;40,279998779296875;40,34000015258789;223600
2026-09-01;11:40:00;-03:00;40,33000183105469;40,36000061035156;40,29999923706055;40,310001373291016;143000
2026-09-01;11:45:00;-03:00;40,310001373291016;40,349998474121094;40,27000045776367;40,27000045776367;152800
2026-09-01;11:50:00;-03:00;40,279998779296875;40,31999969482422;40,189998626708984;40,220001220703125;288100
2026-09-01;11:55:00;-03:00;40,22999954223633;40,25;40,150001525878906;40,25;189500
2026-09-01;12:00:00;-03:00;40,2400016784668;40,25;40,099998474121094;40,11000061035156;246600
2026-09-01;12:05:00;-03:00;40,11000061035156;40,150001525878906;40,099998474121094;40,099998474121094;182400
2026-09-01;12:10:00;-03:00;40,119998931884766;40,13999938964844;40,099998474121094;40,13999938964844;114600
2026-09-01;12:15:00;-03:00;40,13999938964844;40,13999938964844;40,04999923706055;40,099998474121094;355100
2026-09-01;12:20:00;-03:00;40,09000015258789;40,099998474121094;40,040000915527344;40,060001373291016;116100
2026-09-01;12:25:00;-03:00;40,060001373291016;40,060001373291016;39,970001220703125;40,0099983215332;134600
2026-09-01;12:30:00;-03:00;40,0099983215332;40,02000045776367;40,0;40,0;85700
2026-09-01;12:35:00;-03:00;40,0099983215332;40,0099983215332;39,970001220703125;39,9900016784668;77800
2026-09-01;12:40:00;-03:00;39,9900016784668;40,04999923706055;39,9900016784668;40,02000045776367;157300
2026-09-01;12:45:00;-03:00;40,02000045776367;40,08000183105469;40,02000045776367;40,040000915527344;142900
2026-09-01;12:50:00;-03:00;40,029998779296875;40,060001373291016;40,029998779296875;40,040000915527344;129600
2026-09-01;12:55:00;-03:00;40,029998779296875;40,06999969482422;40,029998779296875;40,040000915527344;161800
2026-09-01;13:00:00;-03:00;40,04999923706055;40,11000061035156;40,040000915527344;40,099998474121094;180800
2026-09-01;13:05:00;-03:00;40,099998474121094;40,20000076293945;40,09000015258789;40,16999816894531;298400
2026-09-01;13:10:00;-03:00;40,16999816894531;40,220001220703125;40,13999938964844;40,13999938964844;221400
2026-09-01;13:15:00;-03:00;40,13999938964844;40,150001525878906;40,0;40,02000045776367;185500
2026-09-01;13:20:00;-03:00;40,0099983215332;40,0099983215332;39,90999984741211;39,93000030517578;199700
2026-09-01;13:25:00;-03:00;39,939998626708984;40,0;39,939998626708984;39,9900016784668;111000
2026-09-01;13:30:00;-03:00;39,9900016784668;39,9900016784668;39,91999816894531;39,93000030517578;84300
2026-09-01;13:35:00;-03:00;39,939998626708984;40,0099983215332;39,91999816894531;40,0;150900
2026-09-01;13:40:00;-03:00;40,0;40,0099983215332;39,88999938964844;39,970001220703125;255500
2026-09-01;13:45:00;-03:00;39,970001220703125;40,0;39,93000030517578;39,970001220703125;182200
2026-09-01;13:50:00;-03:00;39,970001220703125;39,9900016784668;39,91999816894531;39,93000030517578;75400
2026-09-01;13:55:00;-03:00;39,93000030517578;39,93000030517578;39,880001068115234;39,88999938964844;132600
2026-09-01;14:00:00;-03:00;39,88999938964844;39,95000076293945;39,869998931884766;39,90999984741211;82400
2026-09-01;14:05:00;-03:00;39,90999984741211;39,970001220703125;39,880001068115234;39,93000030517578;118700
2026-09-01;14:10:00;-03:00;39,93000030517578;39,9900016784668;39,93000030517578;39,970001220703125;96300
2026-09-01;14:15:00;-03:00;39,970001220703125;40,02000045776367;39,95000076293945;39,959999084472656;313400
2026-09-01;14:20:00;-03:00;39,959999084472656;39,970001220703125;39,91999816894531;39,959999084472656;96900
2026-09-01;14:25:00;-03:00;39,959999084472656;39,970001220703125;39,90999984741211;39,959999084472656;133200
2026-09-01;14:30:00;-03:00;39,959999084472656;39,9900016784668;39,939998626708984;39,97999954223633;178900
2026-09-01;14:35:00;-03:00;39,970001220703125;40,029998779296875;39,959999084472656;40,0099983215332;292700
2026-09-01;14:40:00;-03:00;40,0;40,029998779296875;39,9900016784668;39,9900016784668;142800
2026-09-01;14:45:00;-03:00;39,9900016784668;40,029998779296875;39,959999084472656;39,970001220703125;139200
2026-09-01;14:50:00;-03:00;39,970001220703125;40,0;39,95000076293945;39,97999954223633;117300
2026-09-01;14:55:00;-03:00;39,970001220703125;40,02000045776367;39,93000030517578;39,95000076293945;149100
2026-09-01;15:00:00;-03:00;39,95000076293945;40,0;39,95000076293945;39,9900016784668;166200
2026-09-01;15:05:00;-03:00;39,9900016784668;40,0;39,939998626708984;39,970001220703125;217300
2026-09-01;15:10:00;-03:00;39,97999954223633;39,9900016784668;39,959999084472656;39,959999084472656;92300
2026-09-01;15:15:00;-03:00;39,970001220703125;40,0;39,959999084472656;39,9900016784668;141800
2026-09-01;15:20:00;-03:00;39,9900016784668;40,0;39,95000076293945;39,95000076293945;65900
2026-09-01;15:25:00;-03:00;39,95000076293945;39,970001220703125;39,88999938964844;39,900001525878906;121600
2026-09-01;15:30:00;-03:00;39,90999984741211;39,93000030517578;39,869998931884766;39,91999816894531;150000
2026-09-01;15:35:00;-03:00;39,90999984741211;39,93000030517578;39,86000061035156;39,880001068115234;152800
2026-09-01;15:40:00;-03:00;39,880001068115234;39,95000076293945;39,849998474121094;39,93000030517578;187700
2026-09-01;15:45:00;-03:00;39,939998626708984;39,959999084472656;39,83000183105469;39,849998474121094;165400
2026-09-01;15:50:00;-03:00;39,849998474121094;39,880001068115234;39,83000183105469;39,880001068115234;130700
2026-09-01;15:55:00;-03:00;39,880001068115234;39,90999984741211;39,849998474121094;39,900001525878906;182400
2026-09-01;16:00:00;-03:00;39,900001525878906;39,939998626708984;39,900001525878906;39,939998626708984;236300
2026-09-01;16:05:00;-03:00;39,939998626708984;39,970001220703125;39,880001068115234;39,90999984741211;214300
2026-09-01;16:10:00;-03:00;39,88999938964844;39,93000030517578;39,880001068115234;39,91999816894531;140800
2026-09-01;16:15:00;-03:00;39,91999816894531;39,91999816894531;39,86000061035156;39,869998931884766;120300
2026-09-01;16:20:00;-03:00;39,869998931884766;39,869998931884766;39,83000183105469;39,849998474121094;131100
2026-09-01;16:25:00;-03:00;39,86000061035156;39,88999938964844;39,83000183105469;39,849998474121094;302700
2026-09-01;16:30:00;-03:00;39,849998474121094;39,849998474121094;39,7599983215332;39,779998779296875;383100
2026-09-01;16:35:00;-03:00;39,779998779296875;39,810001373291016;39,7599983215332;39,790000915527344;238500
2026-09-01;16:40:00;-03:00;39,790000915527344;39,81999969482422;39,75;39,77000045776367;271100
2026-09-01;16:45:00;-03:00;39,779998779296875;39,79999923706055;39,77000045776367;39,77000045776367;234500
2026-09-01;16:50:00;-03:00;39,77000045776367;39,84000015258789;39,7599983215332;39,84000015258789;277600
2026-09-02;10:00:00;-03:00;40,27000045776367;40,27000045776367;40,18000030517578;40,189998626708984;0
2026-09-02;10:05:00;-03:00;40,18000030517578;40,25;40,11000061035156;40,13999938964844;133100
2026-09-02;10:10:00;-03:00;40,150001525878906;40,15999984741211;40,04999923706055;40,060001373291016;138200
2026-09-02;10:15:00;-03:00;40,04999923706055;40,150001525878906;40,0;40,11000061035156;272600
2026-09-02;10:20:00;-03:00;40,08000183105469;40,2599983215332;40,029998779296875;40,25;227800
2026-09-02;10:25:00;-03:00;40,27000045776367;40,529998779296875;40,2599983215332;40,40999984741211;832700
2026-09-02;10:30:00;-03:00;40,40999984741211;40,68000030517578;40,369998931884766;40,63999938964844;831200
2026-09-02;10:35:00;-03:00;40,630001068115234;40,72999954223633;40,560001373291016;40,650001525878906;518300
2026-09-02;10:40:00;-03:00;40,650001525878906;40,849998474121094;40,61000061035156;40,84000015258789;439200
2026-09-02;10:45:00;-03:00;40,81999969482422;40,900001525878906;40,779998779296875;40,79999923706055;369700
2026-09-02;10:50:00;-03:00;40,790000915527344;40,959999084472656;40,77000045776367;40,86000061035156;500900
2026-09-02;10:55:00;-03:00;40,849998474121094;41,06999969482422;40,84000015258789;41,0099983215332;492400
2026-09-02;11:00:00;-03:00;41,02000045776367;41,11000061035156;40,97999954223633;41,06999969482422;333700
2026-09-02;11:05:00;-03:00;41,08000183105469;41,099998474121094;40,90999984741211;40,939998626708984;340400
2026-09-02;11:10:00;-03:00;40,91999816894531;41,08000183105469;40,90999984741211;41,06999969482422;341200
2026-09-02;11:15:00;-03:00;41,08000183105469;41,189998626708984;41,06999969482422;41,09000015258789;457800
2026-09-02;11:20:00;-03:00;41,119998931884766;41,220001220703125;41,04999923706055;41,130001068115234;663900
2026-09-02;11:25:00;-03:00;41,130001068115234;41,15999984741211;41,04999923706055;41,119998931884766;563500
2026-09-02;11:30:00;-03:00;41,11000061035156;41,2400016784668;41,11000061035156;41,220001220703125;468500
2026-09-02;11:35:00;-03:00;41,209999084472656;41,400001525878906;41,209999084472656;41,369998931884766;425600
2026-09-02;11:40:00;-03:00;41,36000061035156;41,369998931884766;41,2599983215332;41,29999923706055;410100
2026-09-02;11:45:00;-03:00;41,290000915527344;41,369998931884766;41,27000045776367;41,31999969482422;376400
2026-09-02;11:50:00;-03:00;41,31999969482422;41,31999969482422;41,18000030517578;41,2599983215332;745000
2026-09-02;11:55:00;-03:00;41,2599983215332;41,27000045776367;41,13999938964844;41,25;1205500
2026-09-02;12:00:00;-03:00;41,25;41,599998474121094;41,22999954223633;41,41999816894531;746000
2026-09-02;12:05:00;-03:00;41,400001525878906;41,4900016784668;41,38999938964844;41,439998626708984;1016900
2026-09-02;12:10:00;-03:00;41,43000030517578;41,5;41,400001525878906;41,470001220703125;250600
2026-09-02;12:15:00;-03:00;41,459999084472656;41,5;41,349998474121094;41,349998474121094;364100
2026-09-02;12:20:00;-03:00;41,36000061035156;41,40999984741211;41,33000183105469;41,400001525878906;466000
2026-09-02;12:25:00;-03:00;41,40999984741211;41,47999954223633;41,380001068115234;41,439998626708984;420500
2026-09-02;12:30:00;-03:00;41,43000030517578;41,47999954223633;41,400001525878906;41,439998626708984;285000
2026-09-02;12:35:00;-03:00;41,439998626708984;41,47999954223633;41,380001068115234;41,41999816894531;801100
2026-09-02;12:40:00;-03:00;41,41999816894531;41,540000915527344;41,41999816894531;41,45000076293945;578300
2026-09-02;12:45:00;-03:00;41,439998626708984;41,52000045776367;41,40999984741211;41,439998626708984;485400
2026-09-02;12:50:00;-03:00;41,439998626708984;41,45000076293945;41,33000183105469;41,34000015258789;346100
2026-09-02;12:55:00;-03:00;41,34000015258789;41,369998931884766;41,20000076293945;41,209999084472656;769500
2026-09-02;13:00:00;-03:00;41,220001220703125;41,2400016784668;41,130001068115234;41,13999938964844;423300
2026-09-02;13:05:00;-03:00;41,130001068115234;41,150001525878906;41,06999969482422;41,11000061035156;273900
2026-09-02;13:10:00;-03:00;41,119998931884766;41,130001068115234;41,0;41,040000915527344;1097600
2026-09-02;13:15:00;-03:00;41,04999923706055;41,130001068115234;41,0099983215332;41,09000015258789;399500
2026-09-02;13:20:00;-03:00;41,08000183105469;41,16999816894531;41,08000183105469;41,13999938964844;204600
2026-09-02;13:25:00;-03:00;41,150001525878906;41,16999816894531;41,11000061035156;41,119998931884766;2221700
2026-09-02;13:30:00;-03:00;41,11000061035156;41,18000030517578;41,099998474121094;41,15999984741211;181700
2026-09-02;13:35:00;-03:00;41,15999984741211;41,20000076293945;41,150001525878906;41,189998626708984;263800
2026-09-02;13:40:00;-03:00;41,189998626708984;41,20000076293945;41,13999938964844;41,18000030517578;150400
2026-09-02;13:45:00;-03:00;41,18000030517578;41,25;41,16999816894531;41,18000030517578;215100
2026-09-02;13:50:00;-03:00;41,18000030517578;41,25;41,16999816894531;41,2400016784668;188900
2026-09-02;13:55:00;-03:00;41,22999954223633;41,25;41,189998626708984;41,209999084472656;120300
2026-09-02;14:00:00;-03:00;41,20000076293945;41,2599983215332;41,16999816894531;41,220001220703125;282400
2026-09-02;14:05:00;-03:00;41,220001220703125;41,22999954223633;41,15999984741211;41,15999984741211;105700
2026-09-02;14:10:00;-03:00;41,16999816894531;41,16999816894531;41,119998931884766;41,119998931884766;221300
2026-09-02;14:15:00;-03:00;41,119998931884766;41,119998931884766;41,08000183105469;41,099998474121094;183700
2026-09-02;14:20:00;-03:00;41,099998474121094;41,20000076293945;41,099998474121094;41,18000030517578;163400
2026-09-02;14:25:00;-03:00;41,18000030517578;41,22999954223633;41,16999816894531;41,209999084472656;194900
2026-09-02;14:30:00;-03:00;41,209999084472656;41,22999954223633;41,15999984741211;41,16999816894531;190200
2026-09-02;14:35:00;-03:00;41,18000030517578;41,20000076293945;41,15999984741211;41,15999984741211;161000
2026-09-02;14:40:00;-03:00;41,150001525878906;41,18000030517578;41,119998931884766;41,150001525878906;145700
2026-09-02;14:45:00;-03:00;41,15999984741211;41,20000076293945;41,099998474121094;41,099998474121094;172200
2026-09-02;14:50:00;-03:00;41,099998474121094;41,11000061035156;41,04999923706055;41,099998474121094;162300
2026-09-02;14:55:00;-03:00;41,09000015258789;41,22999954223633;41,09000015258789;41,18000030517578;271800
2026-09-02;15:00:00;-03:00;41,189998626708984;41,27000045776367;41,150001525878906;41,220001220703125;367800
2026-09-02;15:05:00;-03:00;41,220001220703125;41,2599983215332;41,189998626708984;41,209999084472656;249100
2026-09-02;15:10:00;-03:00;41,20000076293945;41,2400016784668;41,16999816894531;41,18000030517578;241100
2026-09-02;15:15:00;-03:00;41,189998626708984;41,33000183105469;41,18000030517578;41,22999954223633;511400
2026-09-02;15:20:00;-03:00;41,2400016784668;41,27000045776367;41,18000030517578;41,18000030517578;272400
2026-09-02;15:25:00;-03:00;41,18000030517578;41,25;41,16999816894531;41,22999954223633;262200
2026-09-02;15:30:00;-03:00;41,22999954223633;41,29999923706055;41,220001220703125;41,2400016784668;294700
2026-09-02;15:35:00;-03:00;41,25;41,279998779296875;41,2400016784668;41,279998779296875;282800
2026-09-02;15:40:00;-03:00;41,279998779296875;41,400001525878906;41,2599983215332;41,31999969482422;565500
2026-09-02;15:45:00;-03:00;41,33000183105469;41,369998931884766;41,31999969482422;41,349998474121094;260800
2026-09-02;15:50:00;-03:00;41,34000015258789;41,380001068115234;41,31999969482422;41,33000183105469;236800
2026-09-02;15:55:00;-03:00;41,33000183105469;41,36000061035156;41,310001373291016;41,34000015258789;292700
2026-09-02;16:00:00;-03:00;41,34000015258789;41,36000061035156;41,2599983215332;41,290000915527344;440400
2026-09-02;16:05:00;-03:00;41,290000915527344;41,31999969482422;41,220001220703125;41,2400016784668;316500
2026-09-02;16:10:00;-03:00;41,25;41,33000183105469;41,2400016784668;41,31999969482422;368200
2026-09-02;16:15:00;-03:00;41,31999969482422;41,349998474121094;41,279998779296875;41,29999923706055;327600
2026-09-02;16:20:00;-03:00;41,310001373291016;41,31999969482422;41,25;41,29999923706055;398700
2026-09-02;16:25:00;-03:00;41,29999923706055;41,33000183105469;41,2599983215332;41,310001373291016;468700
2026-09-02;16:30:00;-03:00;41,310001373291016;41,34000015258789;41,290000915527344;41,31999969482422;537300
2026-09-02;16:35:00;-03:00;41,33000183105469;41,380001068115234;41,290000915527344;41,310001373291016;739300
2026-09-02;16:40:00;-03:00;41,29999923706055;41,349998474121094;41,279998779296875;41,310001373291016;498400
2026-09-02;16:45:00;-03:00;41,310001373291016;41,33000183105469;41,2599983215332;41,290000915527344;469200
2026-09-02;16:50:00;-03:00;41,29999923706055;41,349998474121094;41,2400016784668;41,33000183105469;6712100
2026-09-03;10:05:00;-03:00;41,869998931884766;42,029998779296875;41,81999969482422;42,0;0
2026-09-03;10:10:00;-03:00;41,9900016784668;42,13999938964844;41,900001525878906;42,119998931884766;362500
2026-09-03;10:15:00;-03:00;42,119998931884766;42,25;42,099998474121094;42,189998626708984;247700
2026-09-03;10:20:00;-03:00;42,189998626708984;42,47999954223633;42,189998626708984;42,380001068115234;1170200
2026-09-03;10:25:00;-03:00;42,38999938964844;42,47999954223633;42,349998474121094;42,380001068115234;277100
2026-09-03;10:30:00;-03:00;42,369998931884766;42,52000045776367;42,2400016784668;42,380001068115234;714100
2026-09-03;10:35:00;-03:00;42,38999938964844;42,56999969482422;42,36000061035156;42,41999816894531;1161800
2026-09-03;10:40:00;-03:00;42,41999816894531;42,47999954223633;42,29999923706055;42,400001525878906;529400
2026-09-03;10:45:00;-03:00;42,41999816894531;42,45000076293945;42,27000045776367;42,31999969482422;639300
2026-09-03;10:50:00;-03:00;42,310001373291016;42,4900016784668;42,29999923706055;42,400001525878906;460200
2026-09-03;10:55:00;-03:00;42,38999938964844;42,470001220703125;42,349998474121094;42,45000076293945;390500
2026-09-03;11:00:00;-03:00;42,439998626708984;42,4900016784668;42,310001373291016;42,349998474121094;1080100
2026-09-03;11:05:00;-03:00;42,34000015258789;42,36000061035156;42,18000030517578;42,209999084472656;1077500
2026-09-03;11:10:00;-03:00;42,220001220703125;42,25;42,16999816894531;42,20000076293945;539300
2026-09-03;11:15:00;-03:00;42,20000076293945;42,279998779296875;42,18000030517578;42,189998626708984;395300
2026-09-03;11:20:00;-03:00;42,189998626708984;42,20000076293945;42,08000183105469;42,119998931884766;586400
2026-09-03;11:25:00;-03:00;42,119998931884766;42,13999938964844;42,040000915527344;42,060001373291016;467000
2026-09-03;11:30:00;-03:00;42,060001373291016;42,060001373291016;41,81999969482422;41,849998474121094;1303400
2026-09-03;11:35:00;-03:00;41,84000015258789;41,93000030517578;41,810001373291016;41,849998474121094;928600
2026-09-03;11:40:00;-03:00;41,849998474121094;41,900001525878906;41,810001373291016;41,83000183105469;367900
2026-09-03;11:45:00;-03:00;41,83000183105469;41,88999938964844;41,81999969482422;41,880001068115234;355000
2026-09-03;11:50:00;-03:00;41,880001068115234;41,95000076293945;41,75;41,7599983215332;1043600
2026-09-03;11:55:00;-03:00;41,7599983215332;41,849998474121094;41,68000030517578;41,77000045776367;1101300
2026-09-03;12:00:00;-03:00;41,790000915527344;41,849998474121094;41,720001220703125;41,7599983215332;541700
2026-09-03;12:05:00;-03:00;41,75;41,77000045776367;41,72999954223633;41,75;291300
2026-09-03;12:10:00;-03:00;41,75;41,779998779296875;41,63999938964844;41,66999816894531;504100
2026-09-03;12:15:00;-03:00;41,65999984741211;41,70000076293945;41,59000015258789;41,689998626708984;537500
2026-09-03;12:20:00;-03:00;41,689998626708984;41,70000076293945;41,599998474121094;41,599998474121094;313800
2026-09-03;12:25:00;-03:00;41,59000015258789;41,68000030517578;41,59000015258789;41,68000030517578;321300
2026-09-03;12:30:00;-03:00;41,66999816894531;41,79999923706055;41,66999816894531;41,790000915527344;278900
2026-09-03;12:35:00;-03:00;41,790000915527344;41,79999923706055;41,720001220703125;41,7599983215332;177000
2026-09-03;12:40:00;-03:00;41,7599983215332;41,779998779296875;41,7400016784668;41,7599983215332;130000
2026-09-03;12:45:00;-03:00;41,7599983215332;41,83000183105469;41,75;41,79999923706055;203700
2026-09-03;12:50:00;-03:00;41,79999923706055;41,83000183105469;41,7599983215332;41,810001373291016;248600
2026-09-03;12:55:00;-03:00;41,810001373291016;41,810001373291016;41,77000045776367;41,79999923706055;141400
2026-09-03;13:00:00;-03:00;41,79999923706055;41,84000015258789;41,7599983215332;41,83000183105469;298600
2026-09-03;13:05:00;-03:00;41,83000183105469;41,84000015258789;41,810001373291016;41,81999969482422;179900
2026-09-03;13:10:00;-03:00;41,81999969482422;41,849998474121094;41,779998779296875;41,79999923706055;320900
2026-09-03;13:15:00;-03:00;41,79999923706055;41,81999969482422;41,77000045776367;41,810001373291016;241200
2026-09-03;13:20:00;-03:00;41,810001373291016;41,810001373291016;41,7400016784668;41,7599983215332;194400
2026-09-03;13:25:00;-03:00;41,77000045776367;41,779998779296875;41,66999816894531;41,709999084472656;436900
2026-09-03;13:30:00;-03:00;41,709999084472656;41,709999084472656;41,59000015258789;41,65999984741211;346100
2026-09-03;13:35:00;-03:00;41,65999984741211;41,709999084472656;41,63999938964844;41,70000076293945;285900
2026-09-03;13:40:00;-03:00;41,70000076293945;41,72999954223633;41,650001525878906;41,720001220703125;292500
2026-09-03;13:45:00;-03:00;41,720001220703125;41,779998779296875;41,70000076293945;41,77000045776367;199000
2026-09-03;13:50:00;-03:00;41,7599983215332;41,779998779296875;41,709999084472656;41,720001220703125;216900
2026-09-03;13:55:00;-03:00;41,720001220703125;41,7599983215332;41,66999816894531;41,68000030517578;830500
2026-09-03;14:00:00;-03:00;41,66999816894531;41,709999084472656;41,59000015258789;41,619998931884766;402700
2026-09-03;14:05:00;-03:00;41,630001068115234;41,720001220703125;41,599998474121094;41,70000076293945;306700
2026-09-03;14:10:00;-03:00;41,70000076293945;41,75;41,68000030517578;41,720001220703125;191300
2026-09-03;14:15:00;-03:00;41,720001220703125;41,72999954223633;41,68000030517578;41,70000076293945;133100
2026-09-03;14:20:00;-03:00;41,709999084472656;41,75;41,70000076293945;41,7400016784668;131400
2026-09-03;14:25:00;-03:00;41,75;41,75;41,689998626708984;41,75;239400
2026-09-03;14:30:00;-03:00;41,7400016784668;41,790000915527344;41,7400016784668;41,77000045776367;164600
2026-09-03;14:35:00;-03:00;41,77000045776367;41,779998779296875;41,7400016784668;41,75;171700
2026-09-03;14:40:00;-03:00;41,7599983215332;41,790000915527344;41,7400016784668;41,77000045776367;148200
2026-09-03;14:45:00;-03:00;41,77000045776367;41,849998474121094;41,75;41,81999969482422;328000
2026-09-03;14:50:00;-03:00;41,77000045776367;41,779998779296875;41,75;41,77000045776367;198800
2026-09-03;14:55:00;-03:00;41,79999923706055;41,83000183105469;41,779998779296875;41,83000183105469;1714600
2026-09-03;15:00:00;-03:00;41,84000015258789;41,849998474121094;41,7599983215332;41,779998779296875;686200
2026-09-03;15:05:00;-03:00;41,779998779296875;41,81999969482422;41,75;41,7599983215332;349300
2026-09-03;15:10:00;-03:00;41,75;41,810001373291016;41,75;41,779998779296875;258000
2026-09-03;15:15:00;-03:00;41,779998779296875;41,83000183105469;41,77000045776367;41,81999969482422;241800
2026-09-03;15:20:00;-03:00;41,810001373291016;41,849998474121094;41,7599983215332;41,84000015258789;351800
2026-09-03;15:25:00;-03:00;41,83000183105469;41,84000015258789;41,790000915527344;41,79999923706055;153400
2026-09-03;15:30:00;-03:00;41,790000915527344;41,81999969482422;41,75;41,790000915527344;169700
2026-09-03;15:35:00;-03:00;41,79999923706055;41,84000015258789;41,77000045776367;41,79999923706055;214500
2026-09-03;15:40:00;-03:00;41,810001373291016;41,84000015258789;41,79999923706055;41,83000183105469;160800
2026-09-03;15:45:00;-03:00;41,84000015258789;41,849998474121094;41,81999969482422;41,83000183105469;169000
2026-09-03;15:50:00;-03:00;41,83000183105469;41,869998931884766;41,81999969482422;41,86000061035156;174000
2026-09-03;15:55:00;-03:00;41,86000061035156;41,869998931884766;41,790000915527344;41,83000183105469;238800
2026-09-03;16:00:00;-03:00;41,81999969482422;41,83000183105469;41,790000915527344;41,810001373291016;193100
2026-09-03;16:05:00;-03:00;41,79999923706055;41,84000015258789;41,77000045776367;41,84000015258789;307700
2026-09-03;16:10:00;-03:00;41,849998474121094;41,900001525878906;41,84000015258789;41,900001525878906;138800
2026-09-03;16:15:00;-03:00;41,900001525878906;41,90999984741211;41,869998931884766;41,900001525878906;226300
2026-09-03;16:20:00;-03:00;41,900001525878906;41,93000030517578;41,880001068115234;41,900001525878906;334000
2026-09-03;16:25:00;-03:00;41,88999938964844;41,959999084472656;41,880001068115234;41,959999084472656;288600
2026-09-03;16:30:00;-03:00;41,959999084472656;42,0;41,939998626708984;42,0;272000
2026-09-03;16:35:00;-03:00;42,0;42,0;41,939998626708984;41,959999084472656;354900
2026-09-03;16:40:00;-03:00;41,959999084472656;41,9900016784668;41,939998626708984;41,970001220703125;646900
2026-09-03;16:45:00;-03:00;41,970001220703125;42,58000183105469;41,93000030517578;42,58000183105469;757700
2026-09-03;16:50:00;-03:00;42,16999816894531;42,18000030517578;41,9900016784668;41,9900016784668;712900
2026-09-04;10:05:00;-03:00;41,91999816894531;41,91999816894531;41,63999938964844;41,63999938964844;0
2026-09-04;10:10:00;-03:00;41,66999816894531;41,75;41,599998474121094;41,72999954223633;218800
2026-09-04;10:15:00;-03:00;41,720001220703125;41,79999923706055;41,59000015258789;41,61000061035156;226200
2026-09-04;10:20:00;-03:00;41,61000061035156;41,630001068115234;41,52000045776367;41,59000015258789;157000
2026-09-04;10:25:00;-03:00;41,56999969482422;41,56999969482422;41,38999938964844;41,400001525878906;289100
2026-09-04;10:30:00;-03:00;41,400001525878906;41,54999923706055;41,400001525878906;41,47999954223633;210700
2026-09-04;10:35:00;-03:00;41,47999954223633;41,540000915527344;41,45000076293945;41,529998779296875;178500
2026-09-04;10:40:00;-03:00;41,540000915527344;41,7400016784668;41,529998779296875;41,66999816894531;245200
2026-09-04;10:45:00;-03:00;41,70000076293945;41,79999923706055;41,66999816894531;41,7400016784668;186200
2026-09-04;10:50:00;-03:00;41,7400016784668;41,7400016784668;41,619998931884766;41,65999984741211;140300
2026-09-04;10:55:00;-03:00;41,650001525878906;41,720001220703125;41,630001068115234;41,709999084472656;125800
2026-09-04;11:00:00;-03:00;41,70000076293945;41,79999923706055;41,70000076293945;41,77000045776367;169400
2026-09-04;11:05:00;-03:00;41,779998779296875;41,849998474121094;41,72999954223633;41,75;220800
2026-09-04;11:10:00;-03:00;41,77000045776367;41,88999938964844;41,7400016784668;41,869998931884766;233300
2026-09-04;11:15:00;-03:00;41,869998931884766;41,939998626708984;41,84000015258789;41,91999816894531;218400
2026-09-04;11:20:00;-03:00;41,90999984741211;42,0;41,90999984741211;41,93000030517578;137500
2026-09-04;11:25:00;-03:00;41,95000076293945;41,9900016784668;41,90999984741211;41,959999084472656;133600
2026-09-04;11:30:00;-03:00;41,95000076293945;41,95000076293945;41,880001068115234;41,90999984741211;143100
2026-09-04;11:35:00;-03:00;41,91999816894531;41,9900016784668;41,869998931884766;41,970001220703125;192100
2026-09-04;11:40:00;-03:00;41,959999084472656;42,0;41,95000076293945;42,0;145100
2026-09-04;11:45:00;-03:00;42,0;42,04999923706055;41,95000076293945;41,970001220703125;198500
2026-09-04;11:50:00;-03:00;41,970001220703125;42,029998779296875;41,959999084472656;41,9900016784668;103200
2026-09-04;11:55:00;-03:00;41,970001220703125;42,04999923706055;41,970001220703125;42,02000045776367;116800
2026-09-04;12:00:00;-03:00;42,02000045776367;42,11000061035156;42,0;42,06999969482422;242000
2026-09-04;12:05:00;-03:00;42,08000183105469;42,09000015258789;42,0;42,0099983215332;103400
2026-09-04;12:10:00;-03:00;42,029998779296875;42,029998779296875;42,0;42,0;64200
2026-09-04;12:15:00;-03:00;42,0;42,040000915527344;41,959999084472656;41,97999954223633;90000
2026-09-04;12:20:00;-03:00;41,959999084472656;42,04999923706055;41,939998626708984;42,029998779296875;73400
2026-09-04;12:25:00;-03:00;42,040000915527344;42,209999084472656;42,02000045776367;42,150001525878906;276400
2026-09-04;12:30:00;-03:00;42,13999938964844;42,150001525878906;42,11000061035156;42,13999938964844;95900
2026-09-04;12:35:00;-03:00;42,150001525878906;42,18000030517578;42,11000061035156;42,130001068115234;312800
2026-09-04;12:40:00;-03:00;42,130001068115234;42,220001220703125;42,119998931884766;42,20000076293945;324600
2026-09-04;12:45:00;-03:00;42,20000076293945;42,33000183105469;42,189998626708984;42,33000183105469;2907400
2026-09-04;12:50:00;-03:00;42,310001373291016;42,36000061035156;42,29999923706055;42,33000183105469;190500
2026-09-04;12:55:00;-03:00;42,33000183105469;42,41999816894531;42,310001373291016;42,400001525878906;133700
2026-09-04;13:00:00;-03:00;42,400001525878906;42,4900016784668;42,38999938964844;42,41999816894531;1112300
2026-09-04;13:05:00;-03:00;42,41999816894531;42,41999816894531;42,310001373291016;42,34000015258789;432800
2026-09-04;13:10:00;-03:00;42,33000183105469;42,36000061035156;42,27000045776367;42,290000915527344;112600
2026-09-04;13:15:00;-03:00;42,279998779296875;42,369998931884766;42,2599983215332;42,310001373291016;303000
2026-09-04;13:20:00;-03:00;42,310001373291016;42,33000183105469;42,22999954223633;42,25;210100
2026-09-04;13:25:00;-03:00;42,22999954223633;42,310001373291016;42,209999084472656;42,279998779296875;169400
2026-09-04;13:30:00;-03:00;42,290000915527344;42,310001373291016;42,279998779296875;42,29999923706055;160600
2026-09-04;13:35:00;-03:00;42,29999923706055;42,31999969482422;42,279998779296875;42,29999923706055;254100
2026-09-04;13:40:00;-03:00;42,290000915527344;42,29999923706055;42,22999954223633;42,2400016784668;137100
2026-09-04;13:45:00;-03:00;42,25;42,31999969482422;42,25;42,310001373291016;168100
2026-09-04;13:50:00;-03:00;42,310001373291016;42,349998474121094;42,290000915527344;42,29999923706055;146000
2026-09-04;13:55:00;-03:00;42,29999923706055;42,310001373291016;42,2400016784668;42,25;162900
2026-09-04;14:00:00;-03:00;42,25;42,310001373291016;42,209999084472656;42,220001220703125;1106100
2026-09-04;14:05:00;-03:00;42,209999084472656;42,22999954223633;42,130001068115234;42,150001525878906;273200
2026-09-04;14:10:00;-03:00;42,150001525878906;42,16999816894531;42,119998931884766;42,130001068115234;214800
2026-09-04;14:15:00;-03:00;42,13999938964844;42,18000030517578;42,11000061035156;42,150001525878906;103700
2026-09-04;14:20:00;-03:00;42,150001525878906;42,20000076293945;42,119998931884766;42,130001068115234;173800
2026-09-04;14:25:00;-03:00;42,119998931884766;42,130001068115234;42,029998779296875;42,060001373291016;243700
2026-09-04;14:30:00;-03:00;42,04999923706055;42,060001373291016;42,0;42,0099983215332;194000
2026-09-04;14:35:00;-03:00;42,0099983215332;42,09000015258789;42,0099983215332;42,06999969482422;107200
2026-09-04;14:40:00;-03:00;42,08000183105469;42,09000015258789;41,970001220703125;41,9900016784668;121500
2026-09-04;14:45:00;-03:00;41,9900016784668;42,0099983215332;41,970001220703125;42,0099983215332;78400
2026-09-04;14:50:00;-03:00;42,0;42,02000045776367;41,97999954223633;42,0;79500
2026-09-04;14:55:00;-03:00;42,0;42,02000045776367;42,0;42,02000045776367;58900
2026-09-04;15:00:00;-03:00;42,02000045776367;42,029998779296875;41,97999954223633;41,97999954223633;73000
2026-09-04;15:05:00;-03:00;41,97999954223633;42,0;41,95000076293945;41,9900016784668;117400
2026-09-04;15:10:00;-03:00;41,97999954223633;42,02000045776367;41,970001220703125;41,9900016784668;203500
2026-09-04;15:15:00;-03:00;41,97999954223633;42,0099983215332;41,970001220703125;41,97999954223633;89900
2026-09-04;15:20:00;-03:00;41,970001220703125;42,02000045776367;41,970001220703125;41,970001220703125;87300
2026-09-04;15:25:00;-03:00;41,970001220703125;41,97999954223633;41,970001220703125;41,97999954223633;55800
2026-09-04;15:30:00;-03:00;41,970001220703125;42,0;41,95000076293945;42,0;113300
2026-09-04;15:35:00;-03:00;41,9900016784668;42,0;41,97999954223633;41,97999954223633;51700
2026-09-04;15:40:00;-03:00;41,9900016784668;42,0;41,97999954223633;42,0;95000
2026-09-04;15:45:00;-03:00;41,9900016784668;42,0;41,95000076293945;42,0;96000
2026-09-04;15:50:00;-03:00;41,9900016784668;42,0;41,95000076293945;41,97999954223633;109100
2026-09-04;15:55:00;-03:00;41,97999954223633;42,0;41,970001220703125;41,97999954223633;124700
2026-09-04;16:00:00;-03:00;41,97999954223633;42,0099983215332;41,970001220703125;41,97999954223633;191900
2026-09-04;16:05:00;-03:00;41,970001220703125;41,97999954223633;41,939998626708984;41,970001220703125;112500
2026-09-04;16:10:00;-03:00;41,959999084472656;41,97999954223633;41,939998626708984;41,970001220703125;76600
2026-09-04;16:15:00;-03:00;41,959999084472656;41,959999084472656;41,93000030517578;41,95000076293945;72900
2026-09-04;16:20:00;-03:00;41,95000076293945;41,9900016784668;41,93000030517578;41,9900016784668;107900
2026-09-04;16:25:00;-03:00;41,9900016784668;42,0;41,939998626708984;41,939998626708984;238500
2026-09-04;16:30:00;-03:00;41,939998626708984;41,939998626708984;41,849998474121094;41,900001525878906;243400
2026-09-04;16:35:00;-03:00;41,900001525878906;41,939998626708984;41,900001525878906;41,939998626708984;241700
2026-09-04;16:40:00;-03:00;41,93000030517578;41,970001220703125;41,90999984741211;41,970001220703125;275900
2026-09-04;16:45:00;-03:00;41,970001220703125;41,9900016784668;41,880001068115234;41,880001068115234;331900
2026-09-08;10:05:00;-03:00;42,630001068115234;42,779998779296875;42,61000061035156;42,63999938964844;149600
2026-09-08;10:10:00;-03:00;42,63999938964844;42,72999954223633;42,619998931884766;42,720001220703125;297100
2026-09-08;10:15:00;-03:00;42,709999084472656;42,95000076293945;42,65999984741211;42,90999984741211;423000
2026-09-08;10:20:00;-03:00;42,88999938964844;42,90999984741211;42,720001220703125;42,7599983215332;263900
2026-09-08;10:25:00;-03:00;42,75;42,7599983215332;42,61000061035156;42,65999984741211;166000
2026-09-08;10:30:00;-03:00;42,65999984741211;42,68000030517578;42,439998626708984;42,470001220703125;596700
2026-09-08;10:35:00;-03:00;42,47999954223633;42,709999084472656;42,459999084472656;42,619998931884766;201500
2026-09-08;10:40:00;-03:00;42,630001068115234;42,91999816894531;42,619998931884766;42,84000015258789;351700
2026-09-08;10:45:00;-03:00;42,849998474121094;42,93000030517578;42,75;42,779998779296875;189400
2026-09-08;10:50:00;-03:00;42,790000915527344;42,93000030517578;42,77000045776367;42,88999938964844;412000
2026-09-08;10:55:00;-03:00;42,900001525878906;42,90999984741211;42,81999969482422;42,86000061035156;253600
2026-09-08;11:00:00;-03:00;42,86000061035156;43,029998779296875;42,849998474121094;43,0099983215332;478000
2026-09-08;11:05:00;-03:00;43,02000045776367;43,11000061035156;43,02000045776367;43,09000015258789;254300
2026-09-08;11:10:00;-03:00;43,08000183105469;43,150001525878906;42,9900016784668;43,040000915527344;352400
2026-09-08;11:15:00;-03:00;43,040000915527344;43,04999923706055;42,83000183105469;42,939998626708984;801700
2026-09-08;11:20:00;-03:00;42,959999084472656;43,08000183105469;42,91999816894531;43,0099983215332;296600
2026-09-08;11:25:00;-03:00;43,0099983215332;43,09000015258789;43,0099983215332;43,060001373291016;225400
2026-09-08;11:30:00;-03:00;43,060001373291016;43,099998474121094;43,0099983215332;43,099998474121094;420000
2026-09-08;11:35:00;-03:00;43,099998474121094;43,099998474121094;42,93000030517578;42,93000030517578;419400
2026-09-08;11:40:00;-03:00;42,93000030517578;42,959999084472656;42,880001068115234;42,939998626708984;267800
2026-09-08;11:45:00;-03:00;42,93000030517578;43,04999923706055;42,93000030517578;43,0099983215332;383700
2026-09-08;11:50:00;-03:00;43,02000045776367;43,029998779296875;42,939998626708984;42,970001220703125;389500
2026-09-08;11:55:00;-03:00;42,970001220703125;42,970001220703125;42,869998931884766;42,91999816894531;176200
2026-09-08;12:00:00;-03:00;42,91999816894531;42,939998626708984;42,83000183105469;42,90999984741211;112500
2026-09-08;12:05:00;-03:00;42,900001525878906;42,95000076293945;42,810001373291016;42,83000183105469;262800
2026-09-08;12:10:00;-03:00;42,83000183105469;42,83000183105469;42,75;42,790000915527344;347200
2026-09-08;12:15:00;-03:00;42,779998779296875;42,790000915527344;42,709999084472656;42,72999954223633;196900
2026-09-08;12:20:00;-03:00;42,72999954223633;42,790000915527344;42,709999084472656;42,77000045776367;99200
2026-09-08;12:25:00;-03:00;42,779998779296875;42,790000915527344;42,72999954223633;42,72999954223633;192200
2026-09-08;12:30:00;-03:00;42,75;42,77000045776367;42,70000076293945;42,75;183300
2026-09-08;12:35:00;-03:00;42,7599983215332;42,790000915527344;42,7400016784668;42,75;91100
2026-09-08;12:40:00;-03:00;42,75;42,79999923706055;42,7400016784668;42,75;125100
2026-09-08;12:45:00;-03:00;42,7400016784668;42,7599983215332;42,709999084472656;42,72999954223633;135000
2026-09-08;12:50:00;-03:00;42,72999954223633;42,77000045776367;42,709999084472656;42,709999084472656;142400
2026-09-08;12:55:00;-03:00;42,70000076293945;42,709999084472656;42,560001373291016;42,619998931884766;187800
2026-09-08;13:00:00;-03:00;42,619998931884766;42,619998931884766;42,47999954223633;42,5;183300
2026-09-08;13:05:00;-03:00;42,47999954223633;42,52000045776367;42,439998626708984;42,5;198200
2026-09-08;13:10:00;-03:00;42,5099983215332;42,5099983215332;42,43000030517578;42,5;237200
2026-09-08;13:15:00;-03:00;42,4900016784668;42,5099983215332;42,41999816894531;42,459999084472656;349200
2026-09-08;13:20:00;-03:00;42,45000076293945;42,5;42,41999816894531;42,43000030517578;95600
2026-09-08;13:25:00;-03:00;42,41999816894531;42,43000030517578;42,369998931884766;42,369998931884766;303600
2026-09-08;13:30:00;-03:00;42,380001068115234;42,439998626708984;42,369998931884766;42,43000030517578;282600
2026-09-08;13:35:00;-03:00;42,43000030517578;42,43000030517578;42,36000061035156;42,369998931884766;170400
2026-09-08;13:40:00;-03:00;42,380001068115234;42,459999084472656;42,349998474121094;42,43000030517578;484500
2026-09-08;13:45:00;-03:00;42,43000030517578;42,5;42,400001525878906;42,459999084472656;284900
2026-09-08;13:50:00;-03:00;42,45000076293945;42,470001220703125;42,43000030517578;42,43000030517578;246200
2026-09-08;13:55:00;-03:00;42,439998626708984;42,470001220703125;42,349998474121094;42,36000061035156;228500
2026-09-08;14:00:00;-03:00;42,36000061035156;42,4900016784668;42,36000061035156;42,470001220703125;358300
2026-09-08;14:05:00;-03:00;42,470001220703125;42,5099983215332;42,439998626708984;42,4900016784668;205400
2026-09-08;14:10:00;-03:00;42,4900016784668;42,5;42,41999816894531;42,43000030517578;308100
2026-09-08;14:15:00;-03:00;42,439998626708984;42,5;42,43000030517578;42,4900016784668;206600
2026-09-08;14:20:00;-03:00;42,4900016784668;42,54999923706055;42,47999954223633;42,52000045776367;187200
2026-09-08;14:25:00;-03:00;42,52000045776367;42,540000915527344;42,4900016784668;42,529998779296875;198900
2026-09-08;14:30:00;-03:00;42,529998779296875;42,560001373291016;42,459999084472656;42,4900016784668;205600
2026-09-08;14:35:00;-03:00;42,47999954223633;42,5;42,470001220703125;42,47999954223633;151300
2026-09-08;14:40:00;-03:00;42,47999954223633;42,529998779296875;42,459999084472656;42,5099983215332;154200
2026-09-08;14:45:00;-03:00;42,52000045776367;42,52000045776367;42,45000076293945;42,470001220703125;109200
2026-09-08;14:50:00;-03:00;42,470001220703125;42,4900016784668;42,45000076293945;42,459999084472656;145000
2026-09-08;14:55:00;-03:00;42,459999084472656;42,5099983215332;42,43000030517578;42,45000076293945;186200
2026-09-08;15:00:00;-03:00;42,439998626708984;42,54999923706055;42,439998626708984;42,52000045776367;231600
2026-09-08;15:05:00;-03:00;42,5099983215332;42,59000015258789;42,5099983215332;42,56999969482422;157700
2026-09-08;15:10:00;-03:00;42,56999969482422;42,59000015258789;42,529998779296875;42,540000915527344;212600
2026-09-08;15:15:00;-03:00;42,540000915527344;42,560001373291016;42,5099983215332;42,529998779296875;149000
2026-09-08;15:20:00;-03:00;42,529998779296875;42,619998931884766;42,5099983215332;42,61000061035156;205500
2026-09-08;15:25:00;-03:00;42,619998931884766;42,68000030517578;42,61000061035156;42,65999984741211;200600
2026-09-08;15:30:00;-03:00;42,68000030517578;42,70000076293945;42,65999984741211;42,68000030517578;183600
2026-09-08;15:35:00;-03:00;42,70000076293945;42,70000076293945;42,65999984741211;42,689998626708984;167300
2026-09-08;15:40:00;-03:00;42,689998626708984;42,7400016784668;42,66999816894531;42,7400016784668;235200
2026-09-08;15:45:00;-03:00;42,7400016784668;42,7400016784668;42,529998779296875;42,56999969482422;299600
2026-09-08;15:50:00;-03:00;42,56999969482422;42,619998931884766;42,4900016784668;42,599998474121094;1005000
2026-09-08;15:55:00;-03:00;42,61000061035156;42,65999984741211;42,56999969482422;42,650001525878906;181100
2026-09-08;16:00:00;-03:00;42,650001525878906;42,68000030517578;42,61000061035156;42,66999816894531;148500
2026-09-08;16:05:00;-03:00;42,66999816894531;42,70000076293945;42,63999938964844;42,65999984741211;212100
2026-09-08;16:10:00;-03:00;42,650001525878906;42,65999984741211;42,59000015258789;42,59000015258789;149700
2026-09-08;16:15:00;-03:00;42,599998474121094;42,619998931884766;42,58000183105469;42,59000015258789;118400
2026-09-08;16:20:00;-03:00;42,58000183105469;42,599998474121094;42,529998779296875;42,59000015258789;212300
2026-09-08;16:25:00;-03:00;42,59000015258789;42,59000015258789;42,529998779296875;42,54999923706055;150600
2026-09-08;16:30:00;-03:00;42,54999923706055;42,54999923706055;42,470001220703125;42,5099983215332;268200
2026-09-08;16:35:00;-03:00;42,5099983215332;42,58000183105469;42,5;42,54999923706055;243600
2026-09-08;16:40:00;-03:00;42,540000915527344;42,56999969482422;42,52000045776367;42,54999923706055;150800
2026-09-08;16:45:00;-03:00;42,54999923706055;42,54999923706055;42,4900016784668;42,52000045776367;177900
2026-09-08;16:50:00;-03:00;42,52000045776367;42,52000045776367;42,41999816894531;42,45000076293945;293200
2026-09-09;10:00:00;-03:00;42,040000915527344;42,040000915527344;41,7599983215332;41,79999923706055;0
2026-09-09;10:05:00;-03:00;41,81999969482422;42,189998626708984;41,790000915527344;42,150001525878906;420400
2026-09-09;10:10:00;-03:00;42,13999938964844;42,15999984741211;42,0099983215332;42,08000183105469;222200
2026-09-09;10:15:00;-03:00;42,099998474121094;42,099998474121094;41,95000076293945;41,970001220703125;121800
2026-09-09;10:20:00;-03:00;41,970001220703125;42,04999923706055;41,93000030517578;42,0;147000
2026-09-09;10:25:00;-03:00;42,0;42,08000183105469;41,970001220703125;42,0;173200
2026-09-09;10:30:00;-03:00;41,9900016784668;41,9900016784668;41,540000915527344;41,619998931884766;1213400
2026-09-09;10:35:00;-03:00;41,61000061035156;41,650001525878906;41,29999923706055;41,349998474121094;1530900
2026-09-09;10:40:00;-03:00;41,34000015258789;41,5;41,29999923706055;41,36000061035156;1475700
2026-09-09;10:45:00;-03:00;41,349998474121094;41,7400016784668;41,2599983215332;41,689998626708984;2642500
2026-09-09;10:50:00;-03:00;41,66999816894531;42,04999923706055;41,63999938964844;41,810001373291016;3008300
2026-09-09;10:55:00;-03:00;41,79999923706055;41,849998474121094;41,72999954223633;41,779998779296875;456900
2026-09-09;11:00:00;-03:00;41,79999923706055;41,93000030517578;41,77000045776367;41,810001373291016;361800
2026-09-09;11:05:00;-03:00;41,810001373291016;41,83000183105469;41,70000076293945;41,83000183105469;402900
2026-09-09;11:10:00;-03:00;41,83000183105469;41,83000183105469;41,720001220703125;41,81999969482422;464600
2026-09-09;11:15:00;-03:00;41,81999969482422;41,849998474121094;41,7599983215332;41,79999923706055;307600
2026-09-09;11:20:00;-03:00;41,810001373291016;41,900001525878906;41,79999923706055;41,83000183105469;241900
2026-09-09;11:25:00;-03:00;41,84000015258789;41,939998626708984;41,84000015258789;41,880001068115234;309700
2026-09-09;11:30:00;-03:00;41,880001068115234;41,939998626708984;41,84000015258789;41,86000061035156;153500
2026-09-09;11:35:00;-03:00;41,86000061035156;41,91999816894531;41,84000015258789;41,900001525878906;181500
2026-09-09;11:40:00;-03:00;41,880001068115234;41,88999938964844;41,79999923706055;41,81999969482422;317000
2026-09-09;11:45:00;-03:00;41,810001373291016;41,83000183105469;41,70000076293945;41,77000045776367;263800
2026-09-09;11:50:00;-03:00;41,7599983215332;41,869998931884766;41,75;41,83000183105469;175700
2026-09-09;11:55:00;-03:00;41,81999969482422;41,86000061035156;41,790000915527344;41,84000015258789;111800
2026-09-09;12:00:00;-03:00;41,84000015258789;41,93000030517578;41,72999954223633;41,7400016784668;199700
2026-09-09;12:05:00;-03:00;41,7400016784668;41,75;41,65999984741211;41,75;165100
2026-09-09;12:10:00;-03:00;41,7400016784668;41,75;41,70000076293945;41,720001220703125;57900
2026-09-09;12:15:00;-03:00;41,709999084472656;41,75;41,56999969482422;41,599998474121094;202000
2026-09-09;12:20:00;-03:00;41,59000015258789;41,650001525878906;41,560001373291016;41,63999938964844;214000
2026-09-09;12:25:00;-03:00;41,630001068115234;41,77000045776367;41,630001068115234;41,7400016784668;122900
2026-09-09;12:30:00;-03:00;41,72999954223633;41,75;41,68000030517578;41,7400016784668;74000
2026-09-09;12:35:00;-03:00;41,72999954223633;41,83000183105469;41,72999954223633;41,83000183105469;175700
2026-09-09;12:40:00;-03:00;41,81999969482422;41,88999938964844;41,810001373291016;41,81999969482422;91000
2026-09-09;12:45:00;-03:00;41,81999969482422;41,849998474121094;41,75;41,779998779296875;112900
2026-09-09;12:50:00;-03:00;41,779998779296875;41,790000915527344;41,72999954223633;41,72999954223633;55200
2026-09-09;12:55:00;-03:00;41,72999954223633;41,7400016784668;41,70000076293945;41,709999084472656;72100
2026-09-09;13:00:00;-03:00;41,709999084472656;41,75;41,68000030517578;41,7400016784668;115800
2026-09-09;13:05:00;-03:00;41,7400016784668;41,7599983215332;41,68000030517578;41,68000030517578;91700
2026-09-09;13:10:00;-03:00;41,70000076293945;41,790000915527344;41,68000030517578;41,779998779296875;144800
2026-09-09;13:15:00;-03:00;41,77000045776367;41,779998779296875;41,68000030517578;41,689998626708984;93400
2026-09-09;13:20:00;-03:00;41,689998626708984;41,77000045776367;41,65999984741211;41,75;121000
2026-09-09;13:25:00;-03:00;41,75;41,77000045776367;41,720001220703125;41,7599983215332;74000
2026-09-09;13:30:00;-03:00;41,7599983215332;41,83000183105469;41,7400016784668;41,79999923706055;219600
2026-09-09;13:35:00;-03:00;41,81999969482422;41,849998474121094;41,79999923706055;41,83000183105469;86500
2026-09-09;13:40:00;-03:00;41,849998474121094;41,939998626708984;41,83000183105469;41,90999984741211;404500
2026-09-09;13:45:00;-03:00;41,90999984741211;41,939998626708984;41,880001068115234;41,900001525878906;179900
2026-09-09;13:50:00;-03:00;41,900001525878906;41,91999816894531;41,869998931884766;41,900001525878906;106300
2026-09-09;13:55:00;-03:00;41,90999984741211;41,93000030517578;41,83000183105469;41,83000183105469;227900
2026-09-09;14:00:00;-03:00;41,83000183105469;41,849998474121094;41,79999923706055;41,81999969482422;282400
2026-09-09;14:05:00;-03:00;41,83000183105469;41,849998474121094;41,790000915527344;41,81999969482422;121200
2026-09-09;14:10:00;-03:00;41,81999969482422;41,849998474121094;41,810001373291016;41,83000183105469;95300
2026-09-09;14:15:00;-03:00;41,83000183105469;41,880001068115234;41,81999969482422;41,86000061035156;172800
2026-09-09;14:20:00;-03:00;41,86000061035156;41,869998931884766;41,83000183105469;41,84000015258789;63700
2026-09-09;14:25:00;-03:00;41,849998474121094;41,900001525878906;41,84000015258789;41,869998931884766;130000
2026-09-09;14:30:00;-03:00;41,880001068115234;41,88999938964844;41,849998474121094;41,86000061035156;61900
2026-09-09;14:35:00;-03:00;41,86000061035156;41,90999984741211;41,810001373291016;41,900001525878906;215100
2026-09-09;14:40:00;-03:00;41,900001525878906;41,90999984741211;41,81999969482422;41,83000183105469;146300
2026-09-09;14:45:00;-03:00;41,83000183105469;41,86000061035156;41,79999923706055;41,81999969482422;131600
2026-09-09;14:50:00;-03:00;41,83000183105469;41,869998931884766;41,810001373291016;41,86000061035156;99000
2026-09-09;14:55:00;-03:00;41,86000061035156;41,869998931884766;41,810001373291016;41,810001373291016;133200
2026-09-09;15:00:00;-03:00;41,810001373291016;41,84000015258789;41,810001373291016;41,810001373291016;224700
2026-09-09;15:05:00;-03:00;41,810001373291016;41,83000183105469;41,77000045776367;41,810001373291016;235300
2026-09-09;15:10:00;-03:00;41,810001373291016;41,84000015258789;41,779998779296875;41,81999969482422;132800
2026-09-09;15:15:00;-03:00;41,81999969482422;41,849998474121094;41,79999923706055;41,810001373291016;143700
2026-09-09;15:20:00;-03:00;41,810001373291016;41,849998474121094;41,79999923706055;41,83000183105469;96600
2026-09-09;15:25:00;-03:00;41,84000015258789;41,849998474121094;41,81999969482422;41,81999969482422;81400
2026-09-09;15:30:00;-03:00;41,81999969482422;41,93000030517578;41,81999969482422;41,90999984741211;141400
2026-09-09;15:35:00;-03:00;41,900001525878906;41,93000030517578;41,86000061035156;41,869998931884766;107600
2026-09-09;15:40:00;-03:00;41,869998931884766;41,88999938964844;41,720001220703125;41,72999954223633;1234100
2026-09-09;15:45:00;-03:00;41,72999954223633;41,7400016784668;41,52000045776367;41,58000183105469;334800
2026-09-09;15:50:00;-03:00;41,58000183105469;41,59000015258789;41,52000045776367;41,560001373291016;263100
2026-09-09;15:55:00;-03:00;41,560001373291016;41,599998474121094;41,529998779296875;41,59000015258789;151200
2026-09-09;16:00:00;-03:00;41,599998474121094;41,619998931884766;41,540000915527344;41,54999923706055;135500
2026-09-09;16:05:00;-03:00;41,54999923706055;41,63999938964844;41,540000915527344;41,61000061035156;314600
2026-09-09;16:10:00;-03:00;41,61000061035156;41,630001068115234;41,560001373291016;41,619998931884766;257800
2026-09-09;16:15:00;-03:00;41,619998931884766;41,66999816894531;41,58000183105469;41,65999984741211;184700
2026-09-09;16:20:00;-03:00;41,650001525878906;41,70000076293945;41,630001068115234;41,70000076293945;340900
2026-09-09;16:25:00;-03:00;41,70000076293945;41,720001220703125;41,63999938964844;41,689998626708984;252900
2026-09-09;16:30:00;-03:00;41,689998626708984;41,75;41,66999816894531;41,7400016784668;391900
2026-09-09;16:35:00;-03:00;41,7400016784668;41,7599983215332;41,689998626708984;41,7400016784668;272100
2026-09-09;16:40:00;-03:00;41,7400016784668;41,779998779296875;41,7400016784668;41,75;286800
2026-09-09;16:45:00;-03:00;41,75;41,77000045776367;41,689998626708984;41,720001220703125;280900
2026-09-09;16:50:00;-03:00;41,72999954223633;41,72999954223633;41,650001525878906;41,689998626708984;366700
2026-09-10;10:00:00;-03:00;41,5;41,5;41,20000076293945;41,279998779296875;0
2026-09-10;10:05:00;-03:00;41,290000915527344;41,4900016784668;41,290000915527344;41,4900016784668;329900
2026-09-10;10:10:00;-03:00;41,470001220703125;41,470001220703125;41,349998474121094;41,369998931884766;198700
2026-09-10;10:15:00;-03:00;41,36000061035156;41,459999084472656;41,36000061035156;41,459999084472656;56800
2026-09-10;10:20:00;-03:00;41,470001220703125;41,4900016784668;41,380001068115234;41,41999816894531;142200
2026-09-10;10:25:00;-03:00;41,41999816894531;41,56999969482422;41,400001525878906;41,5099983215332;153300
2026-09-10;10:30:00;-03:00;41,5099983215332;41,689998626708984;41,470001220703125;41,65999984741211;464100
2026-09-10;10:35:00;-03:00;41,65999984741211;41,65999984741211;41,43000030517578;41,5;607500
2026-09-10;10:40:00;-03:00;41,5;41,540000915527344;41,45000076293945;41,47999954223633;223800
2026-09-10;10:45:00;-03:00;41,47999954223633;41,529998779296875;41,470001220703125;41,47999954223633;258800
2026-09-10;10:50:00;-03:00;41,470001220703125;41,560001373291016;41,400001525878906;41,540000915527344;322200
2026-09-10;10:55:00;-03:00;41,540000915527344;41,54999923706055;41,459999084472656;41,540000915527344;241000
2026-09-10;11:00:00;-03:00;41,540000915527344;41,72999954223633;41,529998779296875;41,68000030517578;636000
2026-09-10;11:05:00;-03:00;41,68000030517578;41,75;41,65999984741211;41,709999084472656;308100
2026-09-10;11:10:00;-03:00;41,709999084472656;41,72999954223633;41,630001068115234;41,65999984741211;236600
2026-09-10;11:15:00;-03:00;41,65999984741211;41,83000183105469;41,65999984741211;41,79999923706055;368100
2026-09-10;11:20:00;-03:00;41,79999923706055;41,91999816894531;41,779998779296875;41,900001525878906;554400
2026-09-10;11:25:00;-03:00;41,900001525878906;42,0099983215332;41,88999938964844;41,95000076293945;684100
2026-09-10;11:30:00;-03:00;41,95000076293945;41,9900016784668;41,91999816894531;41,939998626708984;235100
2026-09-10;11:35:00;-03:00;41,939998626708984;42,06999969482422;41,939998626708984;42,02000045776367;658300
2026-09-10;11:40:00;-03:00;42,0099983215332;42,13999938964844;42,0;42,02000045776367;1035200
2026-09-10;11:45:00;-03:00;42,02000045776367;42,290000915527344;42,02000045776367;42,279998779296875;1766200
2026-09-10;11:50:00;-03:00;42,279998779296875;42,439998626708984;42,27000045776367;42,279998779296875;668800
2026-09-10;11:55:00;-03:00;42,290000915527344;42,45000076293945;42,2599983215332;42,43000030517578;915000
2026-09-10;12:00:00;-03:00;42,43000030517578;42,52000045776367;42,380001068115234;42,43000030517578;706500
2026-09-10;12:05:00;-03:00;42,43000030517578;42,560001373291016;42,43000030517578;42,5099983215332;330600
2026-09-10;12:10:00;-03:00;42,52000045776367;42,650001525878906;42,4900016784668;42,54999923706055;963000
2026-09-10;12:15:00;-03:00;42,540000915527344;42,630001068115234;42,529998779296875;42,59000015258789;575200
2026-09-10;12:20:00;-03:00;42,59000015258789;42,689998626708984;42,56999969482422;42,56999969482422;415500
2026-09-10;12:25:00;-03:00;42,56999969482422;42,56999969482422;42,369998931884766;42,369998931884766;788700
2026-09-10;12:30:00;-03:00;42,36000061035156;42,40999984741211;42,33000183105469;42,34000015258789;284800
2026-09-10;12:35:00;-03:00;42,34000015258789;42,470001220703125;42,31999969482422;42,36000061035156;445800
2026-09-10;12:40:00;-03:00;42,36000061035156;42,369998931884766;42,279998779296875;42,29999923706055;392300
2026-09-10;12:45:00;-03:00;42,290000915527344;42,310001373291016;42,220001220703125;42,22999954223633;218400
2026-09-10;12:50:00;-03:00;42,22999954223633;42,2599983215332;42,150001525878906;42,220001220703125;288100
2026-09-10;12:55:00;-03:00;42,220001220703125;42,22999954223633;42,15999984741211;42,16999816894531;200600
2026-09-10;13:00:00;-03:00;42,16999816894531;42,29999923706055;42,15999984741211;42,20000076293945;251100
2026-09-10;13:05:00;-03:00;42,220001220703125;42,279998779296875;42,209999084472656;42,27000045776367;126100
2026-09-10;13:10:00;-03:00;42,27000045776367;42,349998474121094;42,2599983215332;42,290000915527344;261500
2026-09-10;13:15:00;-03:00;42,29999923706055;42,31999969482422;42,20000076293945;42,31999969482422;190200
2026-09-10;13:20:00;-03:00;42,31999969482422;42,41999816894531;42,290000915527344;42,349998474121094;317000
2026-09-10;13:25:00;-03:00;42,36000061035156;42,400001525878906;42,33000183105469;42,400001525878906;99000
2026-09-10;13:30:00;-03:00;42,38999938964844;42,45000076293945;42,369998931884766;42,369998931884766;504600
2026-09-10;13:35:00;-03:00;42,380001068115234;42,470001220703125;42,369998931884766;42,470001220703125;402400
2026-09-10;13:40:00;-03:00;42,459999084472656;42,5;42,40999984741211;42,4900016784668;389200
2026-09-10;13:45:00;-03:00;42,5;42,58000183105469;42,470001220703125;42,529998779296875;261500
2026-09-10;13:50:00;-03:00;42,529998779296875;42,54999923706055;42,470001220703125;42,5;151200
2026-09-10;13:55:00;-03:00;42,5099983215332;42,52000045776367;42,47999954223633;42,5;73500
2026-09-10;14:00:00;-03:00;42,4900016784668;42,5;42,459999084472656;42,4900016784668;139400
2026-09-10;14:05:00;-03:00;42,47999954223633;42,56999969482422;42,459999084472656;42,56999969482422;347300
2026-09-10;14:10:00;-03:00;42,56999969482422;42,599998474121094;42,560001373291016;42,56999969482422;191700
2026-09-10;14:15:00;-03:00;42,56999969482422;42,720001220703125;42,56999969482422;42,709999084472656;249700
2026-09-10;14:20:00;-03:00;42,70000076293945;42,790000915527344;42,68000030517578;42,75;341500
2026-09-10;14:25:00;-03:00;42,77000045776367;42,779998779296875;42,66999816894531;42,72999954223633;272600
2026-09-10;14:30:00;-03:00;42,72999954223633;42,810001373291016;42,70000076293945;42,709999084472656;286000
2026-09-10;14:35:00;-03:00;42,72999954223633;42,779998779296875;42,650001525878906;42,65999984741211;266000
2026-09-10;14:40:00;-03:00;42,66999816894531;42,689998626708984;42,58000183105469;42,599998474121094;241000
2026-09-10;14:45:00;-03:00;42,59000015258789;42,599998474121094;42,45000076293945;42,45000076293945;303700
2026-09-10;14:50:00;-03:00;42,45000076293945;42,459999084472656;42,349998474121094;42,349998474121094;414100
2026-09-10;14:55:00;-03:00;42,36000061035156;42,43000030517578;42,349998474121094;42,43000030517578;213800
2026-09-10;15:00:00;-03:00;42,41999816894531;42,5;42,33000183105469;42,36000061035156;295000
2026-09-10;15:05:00;-03:00;42,36000061035156;42,380001068115234;42,279998779296875;42,310001373291016;341300
2026-09-10;15:10:00;-03:00;42,31999969482422;42,36000061035156;42,290000915527344;42,36000061035156;270900
2026-09-10;15:15:00;-03:00;42,349998474121094;42,47999954223633;42,349998474121094;42,43000030517578;447900
2026-09-10;15:20:00;-03:00;42,43000030517578;42,459999084472656;42,400001525878906;42,439998626708984;449200
2026-09-10;15:25:00;-03:00;42,45000076293945;42,470001220703125;42,400001525878906;42,400001525878906;645900
2026-09-10;15:30:00;-03:00;42,40999984741211;42,41999816894531;42,33000183105469;42,34000015258789;615500
2026-09-10;15:35:00;-03:00;42,349998474121094;42,40999984741211;42,34000015258789;42,38999938964844;700500
2026-09-10;15:40:00;-03:00;42,38999938964844;42,45000076293945;42,38999938964844;42,40999984741211;127800
2026-09-10;15:45:00;-03:00;42,40999984741211;42,43000030517578;42,369998931884766;42,400001525878906;214000
2026-09-10;15:50:00;-03:00;42,400001525878906;42,47999954223633;42,38999938964844;42,470001220703125;114700
2026-09-10;15:55:00;-03:00;42,470001220703125;42,52000045776367;42,459999084472656;42,459999084472656;196300
2026-09-10;16:00:00;-03:00;42,45000076293945;42,56999969482422;42,43000030517578;42,54999923706055;563600
2026-09-10;16:05:00;-03:00;42,54999923706055;42,54999923706055;42,439998626708984;42,47999954223633;785700
2026-09-10;16:10:00;-03:00;42,47999954223633;42,5;42,439998626708984;42,45000076293945;327900
2026-09-10;16:15:00;-03:00;42,459999084472656;42,459999084472656;42,400001525878906;42,400001525878906;421900
2026-09-10;16:20:00;-03:00;42,400001525878906;42,439998626708984;42,400001525878906;42,43000030517578;152400
2026-09-10;16:25:00;-03:00;42,43000030517578;42,439998626708984;42,38999938964844;42,41999816894531;276900
2026-09-10;16:30:00;-03:00;42,41999816894531;42,47999954223633;42,400001525878906;42,439998626708984;431400
2026-09-10;16:35:00;-03:00;42,45000076293945;42,47999954223633;42,439998626708984;42,470001220703125;235900
2026-09-10;16:40:00;-03:00;42,470001220703125;42,5;42,439998626708984;42,45000076293945;581300
2026-09-10;16:45:00;-03:00;42,45000076293945;42,470001220703125;42,369998931884766;42,369998931884766;627800
2026-09-10;16:50:00;-03:00;42,369998931884766;42,47999954223633;42,36000061035156;42,47999954223633;671500
2026-09-11;10:00:00;-03:00;42,54999923706055;42,77000045776367;42,529998779296875;42,59000015258789;0
2026-09-11;10:05:00;-03:00;42,560001373291016;42,58000183105469;42,31999969482422;42,5099983215332;271900
2026-09-11;10:10:00;-03:00;42,5;42,5099983215332;42,380001068115234;42,43000030517578;89000
2026-09-11;10:15:00;-03:00;42,439998626708984;42,439998626708984;42,27000045776367;42,34000015258789;341800
2026-09-11;10:20:00;-03:00;42,36000061035156;42,459999084472656;42,36000061035156;42,45000076293945;130700
2026-09-11;10:25:00;-03:00;42,45000076293945;42,59000015258789;42,439998626708984;42,52000045776367;127500
2026-09-11;10:30:00;-03:00;42,4900016784668;42,5;42,29999923706055;42,349998474121094;326300
2026-09-11;10:35:00;-03:00;42,36000061035156;42,41999816894531;42,2599983215332;42,33000183105469;303700
2026-09-11;10:40:00;-03:00;42,33000183105469;42,470001220703125;42,33000183105469;42,40999984741211;299100
2026-09-11;10:45:00;-03:00;42,40999984741211;42,54999923706055;42,36000061035156;42,36000061035156;301800
2026-09-11;10:50:00;-03:00;42,36000061035156;42,47999954223633;42,310001373291016;42,45000076293945;259400
2026-09-11;10:55:00;-03:00;42,439998626708984;42,5;42,369998931884766;42,470001220703125;196100
2026-09-11;11:00:00;-03:00;42,459999084472656;42,459999084472656;42,279998779296875;42,41999816894531;460600
2026-09-11;11:05:00;-03:00;42,43000030517578;42,45000076293945;42,33000183105469;42,34000015258789;358500
2026-09-11;11:10:00;-03:00;42,36000061035156;42,459999084472656;42,349998474121094;42,38999938964844;135300
2026-09-11;11:15:00;-03:00;42,400001525878906;42,439998626708984;42,349998474121094;42,400001525878906;67100
2026-09-11;11:20:00;-03:00;42,40999984741211;42,41999816894531;42,279998779296875;42,279998779296875;233900
2026-09-11;11:25:00;-03:00;42,29999923706055;42,349998474121094;42,220001220703125;42,34000015258789;313900
2026-09-11;11:30:00;-03:00;42,34000015258789;42,38999938964844;42,290000915527344;42,310001373291016;105500
2026-09-11;11:35:00;-03:00;42,310001373291016;42,33000183105469;42,25;42,279998779296875;73200
2026-09-11;11:40:00;-03:00;42,290000915527344;42,369998931884766;42,290000915527344;42,310001373291016;74400
2026-09-11;11:45:00;-03:00;42,33000183105469;42,459999084472656;42,33000183105469;42,41999816894531;212600
2026-09-11;11:50:00;-03:00;42,41999816894531;42,439998626708984;42,369998931884766;42,400001525878906;84900
2026-09-11;11:55:00;-03:00;42,38999938964844;42,439998626708984;42,380001068115234;42,40999984741211;58500
2026-09-11;12:00:00;-03:00;42,41999816894531;42,5;42,40999984741211;42,439998626708984;150100
2026-09-11;12:05:00;-03:00;42,439998626708984;42,59000015258789;42,43000030517578;42,5;493700
2026-09-11;12:10:00;-03:00;42,4900016784668;42,52000045776367;42,40999984741211;42,459999084472656;85100
2026-09-11;12:15:00;-03:00;42,45000076293945;42,540000915527344;42,45000076293945;42,529998779296875;113700
2026-09-11;12:20:00;-03:00;42,540000915527344;42,560001373291016;42,529998779296875;42,529998779296875;60200
2026-09-11;12:25:00;-03:00;42,540000915527344;42,56999969482422;42,529998779296875;42,540000915527344;99100
2026-09-11;12:30:00;-03:00;42,529998779296875;42,56999969482422;42,529998779296875;42,529998779296875;119000
2026-09-11;12:35:00;-03:00;42,529998779296875;42,540000915527344;42,470001220703125;42,47999954223633;85600
2026-09-11;12:40:00;-03:00;42,47999954223633;42,5099983215332;42,470001220703125;42,5;69000
2026-09-11;12:45:00;-03:00;42,4900016784668;42,5099983215332;42,45000076293945;42,47999954223633;48900
2026-09-11;12:50:00;-03:00;42,5;42,52000045776367;42,43000030517578;42,459999084472656;126500
2026-09-11;12:55:00;-03:00;42,459999084472656;42,5;42,45000076293945;42,47999954223633;131800
2026-09-11;13:00:00;-03:00;42,47999954223633;42,56999969482422;42,47999954223633;42,560001373291016;72000
2026-09-11;13:05:00;-03:00;42,560001373291016;42,56999969482422;42,5099983215332;42,529998779296875;46900
2026-09-11;13:10:00;-03:00;42,529998779296875;42,59000015258789;42,529998779296875;42,56999969482422;62300
2026-09-11;13:15:00;-03:00;42,56999969482422;42,61000061035156;42,400001525878906;42,470001220703125;216900
2026-09-11;13:20:00;-03:00;42,470001220703125;42,52000045776367;42,439998626708984;42,52000045776367;57000
2026-09-11;13:25:00;-03:00;42,5099983215332;42,560001373291016;42,5099983215332;42,529998779296875;48800
2026-09-11;13:30:00;-03:00;42,529998779296875;42,61000061035156;42,52000045776367;42,59000015258789;84400
2026-09-11;13:35:00;-03:00;42,59000015258789;42,61000061035156;42,4900016784668;42,5099983215332;62600
2026-09-11;13:40:00;-03:00;42,47999954223633;42,529998779296875;42,470001220703125;42,52000045776367;63100
2026-09-11;13:45:00;-03:00;42,5099983215332;42,529998779296875;42,4900016784668;42,5099983215332;27400
2026-09-11;13:50:00;-03:00;42,529998779296875;42,560001373291016;42,47999954223633;42,5;124600
2026-09-11;13:55:00;-03:00;42,5099983215332;42,56999969482422;42,5;42,560001373291016;54200
2026-09-11;14:00:00;-03:00;42,56999969482422;42,56999969482422;42,540000915527344;42,560001373291016;26300
2026-09-11;14:05:00;-03:00;42,560001373291016;42,599998474121094;42,540000915527344;42,56999969482422;51000
2026-09-11;14:10:00;-03:00;42,560001373291016;42,599998474121094;42,54999923706055;42,56999969482422;52700
2026-09-11;14:15:00;-03:00;42,56999969482422;42,56999969482422;42,4900016784668;42,5099983215332;57700
2026-09-11;14:20:00;-03:00;42,52000045776367;42,529998779296875;42,4900016784668;42,52000045776367;37700
2026-09-11;14:25:00;-03:00;42,52000045776367;42,540000915527344;42,5;42,52000045776367;64100
2026-09-11;14:30:00;-03:00;42,52000045776367;42,52000045776367;42,38999938964844;42,43000030517578;177500
2026-09-11;14:35:00;-03:00;42,43000030517578;42,439998626708984;42,369998931884766;42,41999816894531;163000
2026-09-11;14:40:00;-03:00;42,43000030517578;42,43000030517578;42,349998474121094;42,380001068115234;91100
2026-09-11;14:45:00;-03:00;42,380001068115234;42,41999816894531;42,29999923706055;42,31999969482422;245800
2026-09-11;14:50:00;-03:00;42,31999969482422;42,400001525878906;42,279998779296875;42,380001068115234;140000
2026-09-11;14:55:00;-03:00;42,38999938964844;42,5099983215332;42,33000183105469;42,439998626708984;487900
2026-09-11;15:00:00;-03:00;42,439998626708984;42,5;42,400001525878906;42,47999954223633;235700
2026-09-11;15:05:00;-03:00;42,47999954223633;42,5099983215332;42,45000076293945;42,47999954223633;196800
2026-09-11;15:10:00;-03:00;42,4900016784668;42,5;42,459999084472656;42,4900016784668;86200
2026-09-11;15:15:00;-03:00;42,4900016784668;42,5099983215332;42,470001220703125;42,5;241200
2026-09-11;15:20:00;-03:00;42,4900016784668;42,5;42,40999984741211;42,43000030517578;247300
2026-09-11;15:25:00;-03:00;42,41999816894531;42,470001220703125;42,400001525878906;42,40999984741211;148100
2026-09-11;15:30:00;-03:00;42,400001525878906;42,40999984741211;42,31999969482422;42,380001068115234;224800
2026-09-11;15:35:00;-03:00;42,380001068115234;42,40999984741211;42,349998474121094;42,400001525878906;297000
2026-09-11;15:40:00;-03:00;42,38999938964844;42,439998626708984;42,369998931884766;42,43000030517578;155700
2026-09-11;15:45:00;-03:00;42,41999816894531;42,459999084472656;42,400001525878906;42,459999084472656;94600
2026-09-11;15:50:00;-03:00;42,459999084472656;42,52000045776367;42,43000030517578;42,52000045776367;272300
2026-09-11;15:55:00;-03:00;42,5;42,540000915527344;42,47999954223633;42,5;284600
2026-09-11;16:00:00;-03:00;42,4900016784668;42,5099983215332;42,47999954223633;42,4900016784668;200600
2026-09-11;16:05:00;-03:00;42,47999954223633;42,59000015258789;42,47999954223633;42,58000183105469;329200
2026-09-11;16:10:00;-03:00;42,58000183105469;42,619998931884766;42,54999923706055;42,599998474121094;190400
2026-09-11;16:15:00;-03:00;42,59000015258789;42,650001525878906;42,54999923706055;42,58000183105469;315400
2026-09-11;16:20:00;-03:00;42,58000183105469;42,619998931884766;42,54999923706055;42,619998931884766;343300
2026-09-11;16:25:00;-03:00;42,599998474121094;42,650001525878906;42,54999923706055;42,58000183105469;229100
2026-09-11;16:30:00;-03:00;42,56999969482422;42,619998931884766;42,56999969482422;42,599998474121094;146600
2026-09-11;16:35:00;-03:00;42,58000183105469;42,630001068115234;42,58000183105469;42,619998931884766;180000
2026-09-11;16:40:00;-03:00;42,61000061035156;42,63999938964844;42,599998474121094;42,619998931884766;386300
2026-09-11;16:45:00;-03:00;42,61000061035156;42,630001068115234;42,56999969482422;42,59000015258789;143600
2026-09-11;16:50:00;-03:00;42,59000015258789;42,619998931884766;42,56999969482422;42,619998931884766;182700
2026-09-14;10:10:00;-03:00;41,86000061035156;41,939998626708984;41,75;41,81999969482422;338700
2026-09-14;10:15:00;-03:00;41,83000183105469;42,119998931884766;41,77000045776367;41,970001220703125;420100
2026-09-14;10:20:00;-03:00;41,970001220703125;41,9900016784668;41,77000045776367;41,79999923706055;271900
2026-09-14;10:25:00;-03:00;41,79999923706055;41,83000183105469;41,650001525878906;41,68000030517578;379700
2026-09-14;10:30:00;-03:00;41,70000076293945;41,93000030517578;41,68000030517578;41,81999969482422;1475500
2026-09-14;10:35:00;-03:00;41,810001373291016;42,0;41,779998779296875;41,86000061035156;704800
2026-09-14;10:40:00;-03:00;41,86000061035156;41,9900016784668;41,81999969482422;41,900001525878906;285900
2026-09-14;10:45:00;-03:00;41,88999938964844;42,09000015258789;41,88999938964844;42,04999923706055;757400
2026-09-14;10:50:00;-03:00;42,040000915527344;42,13999938964844;42,0;42,0099983215332;521100
2026-09-14;10:55:00;-03:00;42,02000045776367;42,04999923706055;41,93000030517578;41,93000030517578;180400
2026-09-14;11:00:00;-03:00;41,95000076293945;42,04999923706055;41,95000076293945;41,97999954223633;154100
2026-09-14;11:05:00;-03:00;41,9900016784668;42,0099983215332;41,88999938964844;41,90999984741211;125800
2026-09-14;11:10:00;-03:00;41,91999816894531;42,0;41,90999984741211;42,0;159800
2026-09-14;11:15:00;-03:00;41,9900016784668;41,9900016784668;41,88999938964844;41,900001525878906;148000
2026-09-14;11:20:00;-03:00;41,900001525878906;41,959999084472656;41,810001373291016;41,810001373291016;354800
2026-09-14;11:25:00;-03:00;41,810001373291016;41,90999984741211;41,79999923706055;41,900001525878906;201200
2026-09-14;11:30:00;-03:00;41,90999984741211;41,959999084472656;41,86000061035156;41,939998626708984;190500
2026-09-14;11:35:00;-03:00;41,95000076293945;42,040000915527344;41,95000076293945;42,0;126100
2026-09-14;11:40:00;-03:00;42,0;42,06999969482422;41,97999954223633;42,02000045776367;211100
2026-09-14;11:45:00;-03:00;42,02000045776367;42,09000015258789;42,02000045776367;42,060001373291016;287000
2026-09-14;11:50:00;-03:00;42,06999969482422;42,06999969482422;41,95000076293945;41,95000076293945;162900
2026-09-14;11:55:00;-03:00;41,970001220703125;42,130001068115234;41,95000076293945;42,09000015258789;250900
2026-09-14;12:00:00;-03:00;42,08000183105469;42,11000061035156;42,02000045776367;42,09000015258789;231300
2026-09-14;12:05:00;-03:00;42,09000015258789;42,25;42,09000015258789;42,220001220703125;399400
2026-09-14;12:10:00;-03:00;42,209999084472656;42,2599983215332;42,150001525878906;42,150001525878906;155400
2026-09-14;12:15:00;-03:00;42,150001525878906;42,20000076293945;42,13999938964844;42,150001525878906;178800
2026-09-14;12:20:00;-03:00;42,150001525878906;42,220001220703125;42,150001525878906;42,220001220703125;45600
2026-09-14;12:25:00;-03:00;42,209999084472656;42,220001220703125;42,15999984741211;42,220001220703125;127800
2026-09-14;12:30:00;-03:00;42,220001220703125;42,279998779296875;42,209999084472656;42,22999954223633;115900
2026-09-14;12:35:00;-03:00;42,22999954223633;42,27000045776367;42,220001220703125;42,25;114100
2026-09-14;12:40:00;-03:00;42,2400016784668;42,29999923706055;42,209999084472656;42,290000915527344;198000
2026-09-14;12:45:00;-03:00;42,279998779296875;42,279998779296875;42,220001220703125;42,22999954223633;57200
2026-09-14;12:50:00;-03:00;42,2400016784668;42,2599983215332;42,220001220703125;42,25;71000
2026-09-14;12:55:00;-03:00;42,2599983215332;42,279998779296875;42,2400016784668;42,2599983215332;47100
2026-09-14;13:00:00;-03:00;42,2599983215332;42,290000915527344;42,25;42,290000915527344;61600
2026-09-14;13:05:00;-03:00;42,279998779296875;42,34000015258789;42,279998779296875;42,34000015258789;151900
2026-09-14;13:10:00;-03:00;42,34000015258789;42,349998474121094;42,31999969482422;42,34000015258789;436100
2026-09-14;13:15:00;-03:00;42,34000015258789;42,369998931884766;42,31999969482422;42,349998474121094;58700
2026-09-14;13:20:00;-03:00;42,349998474121094;42,400001525878906;42,33000183105469;42,38999938964844;106900
2026-09-14;13:25:00;-03:00;42,38999938964844;42,41999816894531;42,29999923706055;42,310001373291016;590600
2026-09-14;13:30:00;-03:00;42,33000183105469;42,369998931884766;42,310001373291016;42,31999969482422;113700
2026-09-14;13:35:00;-03:00;42,310001373291016;42,369998931884766;42,279998779296875;42,36000061035156;125600
2026-09-14;13:40:00;-03:00;42,36000061035156;42,380001068115234;42,349998474121094;42,369998931884766;57300
2026-09-14;13:45:00;-03:00;42,380001068115234;42,439998626708984;42,31999969482422;42,369998931884766;194400
2026-09-14;13:50:00;-03:00;42,369998931884766;42,47999954223633;42,36000061035156;42,459999084472656;228700
2026-09-14;13:55:00;-03:00;42,459999084472656;42,470001220703125;42,38999938964844;42,470001220703125;347900
2026-09-14;14:00:00;-03:00;42,47999954223633;42,5;42,43000030517578;42,439998626708984;536500
2026-09-14;14:05:00;-03:00;42,439998626708984;42,439998626708984;42,349998474121094;42,349998474121094;572400
2026-09-14;14:10:00;-03:00;42,349998474121094;42,41999816894531;42,33000183105469;42,349998474121094;187700
2026-09-14;14:15:00;-03:00;42,349998474121094;42,349998474121094;42,2599983215332;42,279998779296875;231100
2026-09-14;14:20:00;-03:00;42,279998779296875;42,310001373291016;42,27000045776367;42,290000915527344;83300
2026-09-14;14:25:00;-03:00;42,29999923706055;42,34000015258789;42,27000045776367;42,31999969482422;104000
2026-09-14;14:30:00;-03:00;42,31999969482422;42,36000061035156;42,290000915527344;42,34000015258789;88100
2026-09-14;14:35:00;-03:00;42,349998474121094;42,349998474121094;42,279998779296875;42,31999969482422;101800
2026-09-14;14:40:00;-03:00;42,310001373291016;42,31999969482422;42,22999954223633;42,2599983215332;98900
2026-09-14;14:45:00;-03:00;42,25;42,279998779296875;42,2400016784668;42,2599983215332;90000
2026-09-14;14:50:00;-03:00;42,2599983215332;42,29999923706055;42,2400016784668;42,27000045776367;80400
2026-09-14;14:55:00;-03:00;42,279998779296875;42,290000915527344;42,25;42,27000045776367;178400
2026-09-14;15:00:00;-03:00;42,290000915527344;42,310001373291016;42,27000045776367;42,27000045776367;102500
2026-09-14;15:05:00;-03:00;42,27000045776367;42,310001373291016;42,27000045776367;42,310001373291016;92100
2026-09-14;15:10:00;-03:00;42,29999923706055;42,34000015258789;42,27000045776367;42,34000015258789;152200
2026-09-14;15:15:00;-03:00;42,33000183105469;42,380001068115234;42,33000183105469;42,33000183105469;242700
2026-09-14;15:20:00;-03:00;42,34000015258789;42,380001068115234;42,310001373291016;42,380001068115234;95800
2026-09-14;15:25:00;-03:00;42,369998931884766;42,380001068115234;42,33000183105469;42,33000183105469;181000
2026-09-14;15:30:00;-03:00;42,34000015258789;42,41999816894531;42,33000183105469;42,41999816894531;148600
2026-09-14;15:35:00;-03:00;42,40999984741211;42,439998626708984;42,36000061035156;42,369998931884766;193200
2026-09-14;15:40:00;-03:00;42,380001068115234;42,400001525878906;42,34000015258789;42,349998474121094;194300
2026-09-14;15:45:00;-03:00;42,34000015258789;42,40999984741211;42,34000015258789;42,38999938964844;282100
2026-09-14;15:50:00;-03:00;42,38999938964844;42,40999984741211;42,33000183105469;42,400001525878906;195100
2026-09-14;15:55:00;-03:00;42,38999938964844;42,40999984741211;42,33000183105469;42,36000061035156;443800
2026-09-14;16:00:00;-03:00;42,36000061035156;42,36000061035156;42,31999969482422;42,36000061035156;147100
2026-09-14;16:05:00;-03:00;42,349998474121094;42,380001068115234;42,349998474121094;42,36000061035156;215900
2026-09-14;16:10:00;-03:00;42,36000061035156;42,369998931884766;42,33000183105469;42,349998474121094;151800
2026-09-14;16:15:00;-03:00;42,34000015258789;42,400001525878906;42,33000183105469;42,349998474121094;232700
2026-09-14;16:20:00;-03:00;42,34000015258789;42,369998931884766;42,34000015258789;42,36000061035156;210700
2026-09-14;16:25:00;-03:00;42,349998474121094;42,380001068115234;42,34000015258789;42,369998931884766;180700
2026-09-14;16:30:00;-03:00;42,36000061035156;42,52000045776367;42,36000061035156;42,40999984741211;343600
2026-09-14;16:35:00;-03:00;42,41999816894531;42,5099983215332;42,400001525878906;42,5099983215332;408600
2026-09-14;16:40:00;-03:00;42,5;42,58000183105469;42,4900016784668;42,56999969482422;247800
2026-09-14;16:45:00;-03:00;42,560001373291016;42,56999969482422;42,4900016784668;42,5;205600
2026-09-14;16:50:00;-03:00;42,5;42,54999923706055;42,45000076293945;42,5099983215332;555300
2026-09-15;10:00:00;-03:00;42,650001525878906;42,720001220703125;42,58000183105469;42,59000015258789;0
2026-09-15;10:05:00;-03:00;42,59000015258789;42,630001068115234;42,45000076293945;42,45000076293945;84200
2026-09-15;10:10:00;-03:00;42,459999084472656;42,47999954223633;42,310001373291016;42,380001068115234;458900
2026-09-15;10:15:00;-03:00;42,369998931884766;42,400001525878906;42,18000030517578;42,18000030517578;117200
2026-09-15;10:20:00;-03:00;42,18000030517578;42,22999954223633;42,099998474121094;42,16999816894531;107800
2026-09-15;10:25:00;-03:00;42,16999816894531;42,220001220703125;42,119998931884766;42,13999938964844;198800
2026-09-15;10:30:00;-03:00;42,16999816894531;42,45000076293945;42,13999938964844;42,369998931884766;297300
2026-09-15;10:35:00;-03:00;42,400001525878906;42,459999084472656;42,27000045776367;42,27000045776367;551900
2026-09-15;10:40:00;-03:00;42,27000045776367;42,40999984741211;42,27000045776367;42,34000015258789;130400
2026-09-15;10:45:00;-03:00;42,36000061035156;42,40999984741211;42,220001220703125;42,290000915527344;394800
2026-09-15;10:50:00;-03:00;42,279998779296875;42,290000915527344;42,18000030517578;42,27000045776367;395500
2026-09-15;10:55:00;-03:00;42,2400016784668;42,33000183105469;42,22999954223633;42,27000045776367;181400
2026-09-15;11:00:00;-03:00;42,27000045776367;42,400001525878906;42,2599983215332;42,369998931884766;191300
2026-09-15;11:05:00;-03:00;42,36000061035156;42,36000061035156;42,310001373291016;42,31999969482422;94300
2026-09-15;11:10:00;-03:00;42,31999969482422;42,380001068115234;42,29999923706055;42,33000183105469;120900
2026-09-15;11:15:00;-03:00;42,31999969482422;42,41999816894531;42,290000915527344;42,40999984741211;199800
2026-09-15;11:20:00;-03:00;42,41999816894531;42,439998626708984;42,33000183105469;42,369998931884766;403700
2026-09-15;11:25:00;-03:00;42,369998931884766;42,40999984741211;42,290000915527344;42,290000915527344;114900
2026-09-15;11:30:00;-03:00;42,29999923706055;42,439998626708984;42,29999923706055;42,41999816894531;90100
2026-09-15;11:35:00;-03:00;42,41999816894531;42,5;42,38999938964844;42,45000076293945;275100
2026-09-15;11:40:00;-03:00;42,45000076293945;42,470001220703125;42,34000015258789;42,34000015258789;74300
2026-09-15;11:45:00;-03:00;42,34000015258789;42,349998474121094;42,29999923706055;42,31999969482422;48000
2026-09-15;11:50:00;-03:00;42,31999969482422;42,41999816894531;42,310001373291016;42,41999816894531;189400
2026-09-15;11:55:00;-03:00;42,41999816894531;42,45000076293945;42,349998474121094;42,36000061035156;99200
2026-09-15;12:00:00;-03:00;42,36000061035156;42,45000076293945;42,33000183105469;42,400001525878906;109300
2026-09-15;12:05:00;-03:00;42,40999984741211;42,41999816894531;42,369998931884766;42,38999938964844;62200
2026-09-15;12:10:00;-03:00;42,38999938964844;42,439998626708984;42,369998931884766;42,439998626708984;126600
2026-09-15;12:15:00;-03:00;42,439998626708984;42,560001373291016;42,43000030517578;42,54999923706055;111000
2026-09-15;12:20:00;-03:00;42,540000915527344;42,599998474121094;42,5099983215332;42,58000183105469;695200
2026-09-15;12:25:00;-03:00;42,58000183105469;42,720001220703125;42,56999969482422;42,63999938964844;448100
2026-09-15;12:30:00;-03:00;42,650001525878906;42,720001220703125;42,630001068115234;42,650001525878906;131400
2026-09-15;12:35:00;-03:00;42,650001525878906;42,689998626708984;42,61000061035156;42,65999984741211;216400
2026-09-15;12:40:00;-03:00;42,65999984741211;42,68000030517578;42,63999938964844;42,65999984741211;221000
2026-09-15;12:45:00;-03:00;42,65999984741211;42,65999984741211;42,59000015258789;42,59000015258789;380200
2026-09-15;12:50:00;-03:00;42,599998474121094;42,619998931884766;42,58000183105469;42,59000015258789;43000
2026-09-15;12:55:00;-03:00;42,58000183105469;42,58000183105469;42,4900016784668;42,5;102600
2026-09-15;13:00:00;-03:00;42,4900016784668;42,529998779296875;42,45000076293945;42,5;106900
2026-09-15;13:05:00;-03:00;42,4900016784668;42,5099983215332;42,470001220703125;42,4900016784668;118000
2026-09-15;13:10:00;-03:00;42,47999954223633;42,5;42,459999084472656;42,5;45300
2026-09-15;13:15:00;-03:00;42,4900016784668;42,540000915527344;42,4900016784668;42,5;401000
2026-09-15;13:20:00;-03:00;42,5;42,54999923706055;42,4900016784668;42,54999923706055;48100
2026-09-15;13:25:00;-03:00;42,54999923706055;42,54999923706055;42,5099983215332;42,529998779296875;60300
2026-09-15;13:30:00;-03:00;42,529998779296875;42,630001068115234;42,529998779296875;42,58000183105469;241600
2026-09-15;13:35:00;-03:00;42,59000015258789;42,619998931884766;42,58000183105469;42,59000015258789;60300
2026-09-15;13:40:00;-03:00;42,58000183105469;42,599998474121094;42,56999969482422;42,599998474121094;83500
2026-09-15;13:45:00;-03:00;42,599998474121094;42,63999938964844;42,59000015258789;42,619998931884766;163200
2026-09-15;13:50:00;-03:00;42,619998931884766;42,7400016784668;42,619998931884766;42,72999954223633;261000
2026-09-15;13:55:00;-03:00;42,7400016784668;42,7599983215332;42,72999954223633;42,7599983215332;99500
2026-09-15;14:00:00;-03:00;42,7599983215332;42,79999923706055;42,65999984741211;42,66999816894531;206700
2026-09-15;14:05:00;-03:00;42,66999816894531;42,70000076293945;42,630001068115234;42,650001525878906;558400
2026-09-15;14:10:00;-03:00;42,63999938964844;42,68000030517578;42,630001068115234;42,63999938964844;114800
2026-09-15;14:15:00;-03:00;42,650001525878906;42,68000030517578;42,619998931884766;42,68000030517578;174500
2026-09-15;14:20:00;-03:00;42,66999816894531;42,68000030517578;42,630001068115234;42,63999938964844;234500
2026-09-15;14:25:00;-03:00;42,63999938964844;42,65999984741211;42,58000183105469;42,61000061035156;150600
2026-09-15;14:30:00;-03:00;42,61000061035156;42,630001068115234;42,56999969482422;42,630001068115234;103600
2026-09-15;14:35:00;-03:00;42,630001068115234;42,630001068115234;42,599998474121094;42,630001068115234;91200
2026-09-15;14:40:00;-03:00;42,619998931884766;42,630001068115234;42,56999969482422;42,630001068115234;70200
2026-09-15;14:45:00;-03:00;42,619998931884766;42,63999938964844;42,560001373291016;42,599998474121094;106000
2026-09-15;14:50:00;-03:00;42,619998931884766;42,619998931884766;42,56999969482422;42,58000183105469;114500
2026-09-15;14:55:00;-03:00;42,59000015258789;42,63999938964844;42,59000015258789;42,619998931884766;118500
2026-09-15;15:00:00;-03:00;42,619998931884766;42,70000076293945;42,61000061035156;42,689998626708984;444900
2026-09-15;15:05:00;-03:00;42,66999816894531;42,689998626708984;42,619998931884766;42,63999938964844;163600
2026-09-15;15:10:00;-03:00;42,630001068115234;42,68000030517578;42,630001068115234;42,65999984741211;95500
2026-09-15;15:15:00;-03:00;42,65999984741211;42,66999816894531;42,630001068115234;42,63999938964844;82000
2026-09-15;15:20:00;-03:00;42,63999938964844;42,720001220703125;42,63999938964844;42,70000076293945;124100
2026-09-15;15:25:00;-03:00;42,70000076293945;42,709999084472656;42,66999816894531;42,66999816894531;65200
2026-09-15;15:30:00;-03:00;42,66999816894531;42,72999954223633;42,650001525878906;42,709999084472656;130700
2026-09-15;15:35:00;-03:00;42,70000076293945;42,720001220703125;42,630001068115234;42,650001525878906;93500
2026-09-15;15:40:00;-03:00;42,650001525878906;42,68000030517578;42,61000061035156;42,619998931884766;116000
2026-09-15;15:45:00;-03:00;42,61000061035156;42,63999938964844;42,58000183105469;42,630001068115234;110000
2026-09-15;15:50:00;-03:00;42,619998931884766;42,63999938964844;42,61000061035156;42,619998931884766;73600
2026-09-15;15:55:00;-03:00;42,619998931884766;42,650001525878906;42,61000061035156;42,650001525878906;47000
2026-09-15;16:00:00;-03:00;42,63999938964844;42,70000076293945;42,63999938964844;42,689998626708984;186400
2026-09-15;16:05:00;-03:00;42,68000030517578;42,720001220703125;42,650001525878906;42,689998626708984;203900
2026-09-15;16:10:00;-03:00;42,70000076293945;42,72999954223633;42,68000030517578;42,720001220703125;71600
2026-09-15;16:15:00;-03:00;42,720001220703125;42,779998779296875;42,720001220703125;42,75;152200
2026-09-15;16:20:00;-03:00;42,77000045776367;42,790000915527344;42,70000076293945;42,779998779296875;233300
2026-09-15;16:25:00;-03:00;42,779998779296875;42,79999923706055;42,77000045776367;42,79999923706055;90700
2026-09-15;16:30:00;-03:00;42,790000915527344;42,84000015258789;42,779998779296875;42,83000183105469;161700
2026-09-15;16:35:00;-03:00;42,83000183105469;42,84000015258789;42,779998779296875;42,779998779296875;133000
2026-09-15;16:40:00;-03:00;42,779998779296875;42,79999923706055;42,720001220703125;42,72999954223633;164000
2026-09-15;16:45:00;-03:00;42,72999954223633;42,7400016784668;42,70000076293945;42,709999084472656;144600
2026-09-15;16:50:00;-03:00;42,709999084472656;42,75;42,689998626708984;42,689998626708984;156000
2026-09-16;10:00:00;-03:00;42,52000045776367;42,66999816894531;42,47999954223633;42,54999923706055;0
2026-09-16;10:05:00;-03:00;42,560001373291016;42,63999938964844;42,5;42,599998474121094;98000
2026-09-16;10:10:00;-03:00;42,599998474121094;42,630001068115234;42,540000915527344;42,58000183105469;64800
2026-09-16;10:15:00;-03:00;42,4900016784668;42,58000183105469;42,43000030517578;42,470001220703125;111100
2026-09-16;10:20:00;-03:00;42,4900016784668;42,59000015258789;42,4900016784668;42,56999969482422;143400
2026-09-16;10:25:00;-03:00;42,56999969482422;42,56999969482422;42,5;42,5;194300
2026-09-16;10:30:00;-03:00;42,4900016784668;42,4900016784668;42,130001068115234;42,16999816894531;453200
2026-09-16;10:35:00;-03:00;42,16999816894531;42,209999084472656;42,130001068115234;42,16999816894531;109700
2026-09-16;10:40:00;-03:00;42,18000030517578;42,33000183105469;42,150001525878906;42,33000183105469;92800
2026-09-16;10:45:00;-03:00;42,33000183105469;42,36000061035156;42,27000045776367;42,279998779296875;128800
2026-09-16;10:50:00;-03:00;42,27000045776367;42,310001373291016;42,20000076293945;42,27000045776367;365100
2026-09-16;10:55:00;-03:00;42,279998779296875;42,290000915527344;42,18000030517578;42,18000030517578;101400
2026-09-16;11:00:00;-03:00;42,18000030517578;42,209999084472656;42,040000915527344;42,04999923706055;289500
2026-09-16;11:05:00;-03:00;42,04999923706055;42,130001068115234;42,0099983215332;42,060001373291016;298100
2026-09-16;11:10:00;-03:00;42,060001373291016;42,25;42,060001373291016;42,2400016784668;614200
2026-09-16;11:15:00;-03:00;42,2400016784668;42,2599983215332;42,189998626708984;42,25;181800
2026-09-16;11:20:00;-03:00;42,25;42,349998474121094;42,2400016784668;42,2599983215332;430900
2026-09-16;11:25:00;-03:00;42,2400016784668;42,29999923706055;42,189998626708984;42,290000915527344;176400
2026-09-16;11:30:00;-03:00;42,290000915527344;42,349998474121094;42,279998779296875;42,29999923706055;225100
2026-09-16;11:35:00;-03:00;42,31999969482422;42,400001525878906;42,31999969482422;42,380001068115234;142000
2026-09-16;11:40:00;-03:00;42,380001068115234;42,5;42,36000061035156;42,5;623400
2026-09-16;11:45:00;-03:00;42,5;42,529998779296875;42,400001525878906;42,470001220703125;261400
2026-09-16;11:50:00;-03:00;42,470001220703125;42,470001220703125;42,43000030517578;42,459999084472656;88200
2026-09-16;11:55:00;-03:00;42,459999084472656;42,47999954223633;42,380001068115234;42,439998626708984;246800
2026-09-16;12:00:00;-03:00;42,439998626708984;42,540000915527344;42,439998626708984;42,470001220703125;402800
2026-09-16;12:05:00;-03:00;42,470001220703125;42,560001373291016;42,470001220703125;42,529998779296875;462200
2026-09-16;12:10:00;-03:00;42,529998779296875;42,560001373291016;42,47999954223633;42,52000045776367;199900
2026-09-16;12:15:00;-03:00;42,5099983215332;42,529998779296875;42,38999938964844;42,40999984741211;65600
2026-09-16;12:20:00;-03:00;42,400001525878906;42,40999984741211;42,369998931884766;42,38999938964844;200500
2026-09-16;12:25:00;-03:00;42,38999938964844;42,45000076293945;42,380001068115234;42,38999938964844;79100
2026-09-16;12:30:00;-03:00;42,38999938964844;42,5;42,38999938964844;42,45000076293945;122700
2026-09-16;12:35:00;-03:00;42,45000076293945;42,54999923706055;42,45000076293945;42,529998779296875;130100
2026-09-16;12:40:00;-03:00;42,52000045776367;42,59000015258789;42,5099983215332;42,529998779296875;227400
2026-09-16;12:45:00;-03:00;42,529998779296875;42,63999938964844;42,470001220703125;42,47999954223633;333400
2026-09-16;12:50:00;-03:00;42,47999954223633;42,4900016784668;42,43000030517578;42,439998626708984;85900
2026-09-16;12:55:00;-03:00;42,439998626708984;42,47999954223633;42,439998626708984;42,470001220703125;125100
2026-09-16;13:00:00;-03:00;42,459999084472656;42,52000045776367;42,439998626708984;42,459999084472656;113800
2026-09-16;13:05:00;-03:00;42,459999084472656;42,529998779296875;42,45000076293945;42,52000045776367;103100
2026-09-16;13:10:00;-03:00;42,529998779296875;42,540000915527344;42,459999084472656;42,47999954223633;80800
2026-09-16;13:15:00;-03:00;42,4900016784668;42,52000045776367;42,47999954223633;42,5;71400
2026-09-16;13:20:00;-03:00;42,5099983215332;42,52000045776367;42,5;42,5099983215332;69300
2026-09-16;13:25:00;-03:00;42,5099983215332;42,540000915527344;42,4900016784668;42,5;495100
2026-09-16;13:30:00;-03:00;42,5;42,52000045776367;42,45000076293945;42,4900016784668;73200
2026-09-16;13:35:00;-03:00;42,47999954223633;42,52000045776367;42,47999954223633;42,5099983215332;34900
2026-09-16;13:40:00;-03:00;42,52000045776367;42,529998779296875;42,459999084472656;42,47999954223633;94900
2026-09-16;13:45:00;-03:00;42,47999954223633;42,4900016784668;42,369998931884766;42,380001068115234;362300
2026-09-16;13:50:00;-03:00;42,380001068115234;42,40999984741211;42,33000183105469;42,349998474121094;191800
2026-09-16;13:55:00;-03:00;42,349998474121094;42,36000061035156;42,310001373291016;42,33000183105469;241200
2026-09-16;14:00:00;-03:00;42,33000183105469;42,400001525878906;42,310001373291016;42,38999938964844;113200
2026-09-16;14:05:00;-03:00;42,380001068115234;42,400001525878906;42,33000183105469;42,369998931884766;218700
2026-09-16;14:10:00;-03:00;42,36000061035156;42,380001068115234;42,349998474121094;42,380001068115234;69400
2026-09-16;14:15:00;-03:00;42,369998931884766;42,40999984741211;42,36000061035156;42,38999938964844;121100
2026-09-16;14:20:00;-03:00;42,380001068115234;42,400001525878906;42,33000183105469;42,33000183105469;138300
2026-09-16;14:25:00;-03:00;42,33000183105469;42,36000061035156;42,290000915527344;42,349998474121094;349100
2026-09-16;14:30:00;-03:00;42,349998474121094;42,38999938964844;42,33000183105469;42,380001068115234;237000
2026-09-16;14:35:00;-03:00;42,369998931884766;42,40999984741211;42,34000015258789;42,34000015258789;99600
2026-09-16;14:40:00;-03:00;42,34000015258789;42,38999938964844;42,33000183105469;42,34000015258789;94400
2026-09-16;14:45:00;-03:00;42,34000015258789;42,38999938964844;42,33000183105469;42,36000061035156;129300
2026-09-16;14:50:00;-03:00;42,36000061035156;42,400001525878906;42,34000015258789;42,369998931884766;118300
2026-09-16;14:55:00;-03:00;42,369998931884766;42,439998626708984;42,34000015258789;42,41999816894531;245100
2026-09-16;15:00:00;-03:00;42,40999984741211;42,4900016784668;42,2400016784668;42,2400016784668;362200
2026-09-16;15:05:00;-03:00;42,2400016784668;42,45000076293945;42,2400016784668;42,38999938964844;475700
2026-09-16;15:10:00;-03:00;42,380001068115234;42,400001525878906;42,29999923706055;42,36000061035156;327200
2026-09-16;15:15:00;-03:00;42,36000061035156;42,58000183105469;42,36000061035156;42,4900016784668;317000
2026-09-16;15:20:00;-03:00;42,470001220703125;42,59000015258789;42,470001220703125;42,58000183105469;231900
2026-09-16;15:25:00;-03:00;42,560001373291016;42,58000183105469;42,5099983215332;42,54999923706055;190800
2026-09-16;15:30:00;-03:00;42,54999923706055;42,58000183105469;42,459999084472656;42,4900016784668;397300
2026-09-16;15:35:00;-03:00;42,47999954223633;42,540000915527344;42,38999938964844;42,529998779296875;420800
2026-09-16;15:40:00;-03:00;42,529998779296875;42,630001068115234;42,529998779296875;42,54999923706055;156700
2026-09-16;15:45:00;-03:00;42,529998779296875;42,59000015258789;42,52000045776367;42,54999923706055;116200
2026-09-16;15:50:00;-03:00;42,54999923706055;42,54999923706055;42,310001373291016;42,33000183105469;229600
2026-09-16;15:55:00;-03:00;42,31999969482422;42,36000061035156;42,279998779296875;42,29999923706055;156900
2026-09-16;16:00:00;-03:00;42,290000915527344;42,43000030517578;42,290000915527344;42,34000015258789;181300
2026-09-16;16:05:00;-03:00;42,34000015258789;42,369998931884766;42,290000915527344;42,29999923706055;111300
2026-09-16;16:10:00;-03:00;42,29999923706055;42,31999969482422;42,27000045776367;42,310001373291016;129200
2026-09-16;16:15:00;-03:00;42,290000915527344;42,349998474121094;42,2599983215332;42,290000915527344;225800
2026-09-16;16:20:00;-03:00;42,290000915527344;42,34000015258789;42,2599983215332;42,29999923706055;324900
2026-09-16;16:25:00;-03:00;42,29999923706055;42,41999816894531;42,2400016784668;42,41999816894531;213900
2026-09-16;16:30:00;-03:00;42,40999984741211;42,5099983215332;42,400001525878906;42,5;234800
2026-09-16;16:35:00;-03:00;42,5;42,529998779296875;42,45000076293945;42,470001220703125;182800
2026-09-16;16:40:00;-03:00;42,470001220703125;42,52000045776367;42,45000076293945;42,5;153200
2026-09-16;16:45:00;-03:00;42,5;42,599998474121094;42,470001220703125;42,58000183105469;197900
2026-09-16;16:50:00;-03:00;42,58000183105469;42,689998626708984;42,58000183105469;42,63999938964844;665500
2026-09-16;16:55:00;-03:00;42,63999938964844;42,63999938964844;42,619998931884766;42,619998931884766;200
2026-09-17;10:05:00;-03:00;42,790000915527344;42,880001068115234;42,65999984741211;42,72999954223633;108200
2026-09-17;10:10:00;-03:00;42,709999084472656;42,7599983215332;42,65999984741211;42,709999084472656;127300
2026-09-17;10:15:00;-03:00;42,75;42,880001068115234;42,720001220703125;42,880001068115234;380600
2026-09-17;10:20:00;-03:00;42,88999938964844;42,91999816894531;42,79999923706055;42,849998474121094;140900
2026-09-17;10:25:00;-03:00;42,86000061035156;42,90999984741211;42,79999923706055;42,84000015258789;287200
2026-09-17;10:30:00;-03:00;42,86000061035156;43,04999923706055;42,45000076293945;42,470001220703125;1048300
2026-09-17;10:35:00;-03:00;42,47999954223633;42,540000915527344;42,2400016784668;42,33000183105469;564300
2026-09-17;10:40:00;-03:00;42,31999969482422;42,36000061035156;42,02000045776367;42,119998931884766;1452100
2026-09-17;10:45:00;-03:00;42,13999938964844;42,310001373291016;42,099998474121094;42,20000076293945;302700
2026-09-17;10:50:00;-03:00;42,189998626708984;42,349998474121094;42,189998626708984;42,290000915527344;243500
2026-09-17;10:55:00;-03:00;42,290000915527344;42,34000015258789;42,220001220703125;42,29999923706055;332900
2026-09-17;11:00:00;-03:00;42,29999923706055;42,5099983215332;42,279998779296875;42,5099983215332;748200
2026-09-17;11:05:00;-03:00;42,5;42,529998779296875;42,43000030517578;42,529998779296875;267500
2026-09-17;11:10:00;-03:00;42,529998779296875;42,59000015258789;42,470001220703125;42,5;116400
2026-09-17;11:15:00;-03:00;42,52000045776367;42,52000045776367;42,41999816894531;42,45000076293945;208800
2026-09-17;11:20:00;-03:00;42,439998626708984;42,45000076293945;42,33000183105469;42,349998474121094;209700
2026-09-17;11:25:00;-03:00;42,34000015258789;42,38999938964844;42,310001373291016;42,380001068115234;184100
2026-09-17;11:30:00;-03:00;42,369998931884766;42,43000030517578;42,349998474121094;42,43000030517578;75700
2026-09-17;11:35:00;-03:00;42,41999816894531;42,45000076293945;42,369998931884766;42,439998626708984;211300
2026-09-17;11:40:00;-03:00;42,439998626708984;42,619998931884766;42,439998626708984;42,619998931884766;508800
2026-09-17;11:45:00;-03:00;42,61000061035156;42,689998626708984;42,56999969482422;42,66999816894531;435400
2026-09-17;11:50:00;-03:00;42,65999984741211;42,720001220703125;42,650001525878906;42,709999084472656;146700
2026-09-17;11:55:00;-03:00;42,70000076293945;42,779998779296875;42,68000030517578;42,720001220703125;206400
2026-09-17;12:00:00;-03:00;42,709999084472656;42,75;42,650001525878906;42,72999954223633;123000
2026-09-17;12:05:00;-03:00;42,709999084472656;42,810001373291016;42,709999084472656;42,810001373291016;138700
2026-09-17;12:10:00;-03:00;42,810001373291016;42,84000015258789;42,77000045776367;42,779998779296875;170600
2026-09-17;12:15:00;-03:00;42,77000045776367;43,0;42,7599983215332;42,939998626708984;976200
2026-09-17;12:20:00;-03:00;42,939998626708984;42,959999084472656;42,84000015258789;42,86000061035156;107300
2026-09-17;12:25:00;-03:00;42,86000061035156;42,9900016784668;42,86000061035156;42,959999084472656;93500
2026-09-17;12:30:00;-03:00;42,959999084472656;42,97999954223633;42,93000030517578;42,95000076293945;81600
2026-09-17;12:35:00;-03:00;42,959999084472656;43,08000183105469;42,939998626708984;43,04999923706055;266700
2026-09-17;12:40:00;-03:00;43,04999923706055;43,060001373291016;43,0;43,040000915527344;179300
2026-09-17;12:45:00;-03:00;43,02000045776367;43,04999923706055;43,0;43,02000045776367;211500
2026-09-17;12:50:00;-03:00;43,029998779296875;43,04999923706055;42,88999938964844;42,90999984741211;203800
2026-09-17;12:55:00;-03:00;42,91999816894531;42,939998626708984;42,84000015258789;42,88999938964844;126600
2026-09-17;13:00:00;-03:00;42,900001525878906;42,970001220703125;42,88999938964844;42,95000076293945;101100
2026-09-17;13:05:00;-03:00;42,95000076293945;43,02000045776367;42,93000030517578;43,0;132300
2026-09-17;13:10:00;-03:00;43,0;43,0099983215332;42,93000030517578;42,939998626708984;67600
2026-09-17;13:15:00;-03:00;42,939998626708984;43,04999923706055;42,939998626708984;43,0;107600
2026-09-17;13:20:00;-03:00;43,02000045776367;43,02000045776367;42,97999954223633;42,97999954223633;80100
2026-09-17;13:25:00;-03:00;42,97999954223633;43,040000915527344;42,970001220703125;43,0099983215332;71200
2026-09-17;13:30:00;-03:00;43,0099983215332;43,029998779296875;42,93000030517578;42,9900016784668;126700
2026-09-17;13:35:00;-03:00;42,97999954223633;42,9900016784668;42,939998626708984;42,95000076293945;62000
2026-09-17;13:40:00;-03:00;42,95000076293945;42,959999084472656;42,93000030517578;42,95000076293945;55900
2026-09-17;13:45:00;-03:00;42,939998626708984;42,9900016784668;42,91999816894531;42,939998626708984;90700
2026-09-17;13:50:00;-03:00;42,93000030517578;42,939998626708984;42,90999984741211;42,93000030517578;94000
2026-09-17;13:55:00;-03:00;42,93000030517578;42,959999084472656;42,880001068115234;42,91999816894531;130300
2026-09-17;14:00:00;-03:00;42,93000030517578;42,939998626708984;42,849998474121094;42,91999816894531;83000
2026-09-17;14:05:00;-03:00;42,91999816894531;43,04999923706055;42,91999816894531;42,9900016784668;191900
2026-09-17;14:10:00;-03:00;42,97999954223633;42,97999954223633;42,90999984741211;42,90999984741211;82800
2026-09-17;14:15:00;-03:00;42,91999816894531;42,93000030517578;42,849998474121094;42,849998474121094;186600
2026-09-17;14:20:00;-03:00;42,849998474121094;42,869998931884766;42,81999969482422;42,84000015258789;168900
2026-09-17;14:25:00;-03:00;42,849998474121094;42,869998931884766;42,84000015258789;42,849998474121094;66900
2026-09-17;14:30:00;-03:00;42,849998474121094;42,939998626708984;42,849998474121094;42,900001525878906;154700
2026-09-17;14:35:00;-03:00;42,900001525878906;43,029998779296875;42,900001525878906;42,97999954223633;304500
2026-09-17;14:40:00;-03:00;42,970001220703125;42,97999954223633;42,900001525878906;42,91999816894531;780800
2026-09-17;14:45:00;-03:00;42,91999816894531;42,970001220703125;42,880001068115234;42,970001220703125;117100
2026-09-17;14:50:00;-03:00;42,959999084472656;42,97999954223633;42,900001525878906;42,900001525878906;391500
2026-09-17;14:55:00;-03:00;42,90999984741211;42,97999954223633;42,88999938964844;42,959999084472656;154600
2026-09-17;15:00:00;-03:00;42,959999084472656;42,9900016784668;42,900001525878906;42,90999984741211;185700
2026-09-17;15:05:00;-03:00;42,90999984741211;42,91999816894531;42,83000183105469;42,83000183105469;99900
2026-09-17;15:10:00;-03:00;42,84000015258789;42,880001068115234;42,810001373291016;42,86000061035156;142100
2026-09-17;15:15:00;-03:00;42,849998474121094;42,86000061035156;42,83000183105469;42,84000015258789;105700
2026-09-17;15:20:00;-03:00;42,849998474121094;42,86000061035156;42,790000915527344;42,810001373291016;92500
2026-09-17;15:25:00;-03:00;42,79999923706055;42,81999969482422;42,779998779296875;42,79999923706055;79600
2026-09-17;15:30:00;-03:00;42,810001373291016;42,849998474121094;42,779998779296875;42,79999923706055;214100
2026-09-17;15:35:00;-03:00;42,790000915527344;42,810001373291016;42,75;42,7599983215332;125800
2026-09-17;15:40:00;-03:00;42,77000045776367;42,790000915527344;42,75;42,77000045776367;313000
2026-09-17;15:45:00;-03:00;42,77000045776367;42,81999969482422;42,7599983215332;42,81999969482422;176700
2026-09-17;15:50:00;-03:00;42,810001373291016;42,849998474121094;42,779998779296875;42,83000183105469;456800
2026-09-17;15:55:00;-03:00;42,83000183105469;42,84000015258789;42,810001373291016;42,81999969482422;97100
2026-09-17;16:00:00;-03:00;42,83000183105469;42,97999954223633;42,83000183105469;42,91999816894531;251100
2026-09-17;16:05:00;-03:00;42,93000030517578;43,0;42,93000030517578;42,9900016784668;114400
2026-09-17;16:10:00;-03:00;43,0;43,0;42,93000030517578;42,97999954223633;156300
2026-09-17;16:15:00;-03:00;42,970001220703125;42,97999954223633;42,900001525878906;42,90999984741211;95600
2026-09-17;16:20:00;-03:00;42,90999984741211;42,91999816894531;42,83000183105469;42,86000061035156;192200
2026-09-17;16:25:00;-03:00;42,849998474121094;42,900001525878906;42,83000183105469;42,84000015258789;133000
2026-09-17;16:30:00;-03:00;42,83000183105469;42,86000061035156;42,81999969482422;42,849998474121094;130100
2026-09-17;16:35:00;-03:00;42,84000015258789;42,880001068115234;42,81999969482422;42,84000015258789;186500
2026-09-17;16:40:00;-03:00;42,83000183105469;42,84000015258789;42,790000915527344;42,81999969482422;139000
2026-09-17;16:45:00;-03:00;42,810001373291016;42,81999969482422;42,720001220703125;42,720001220703125;137900
2026-09-17;16:50:00;-03:00;42,720001220703125;42,7400016784668;42,68000030517578;42,720001220703125;182000
2026-09-18;10:00:00;-03:00;42,400001525878906;42,43000030517578;42,22999954223633;42,38999938964844;0
2026-09-18;10:05:00;-03:00;42,38999938964844;42,599998474121094;42,38999938964844;42,45000076293945;253900
2026-09-18;10:10:00;-03:00;42,459999084472656;42,52000045776367;42,43000030517578;42,47999954223633;90000
2026-09-18;10:15:00;-03:00;42,470001220703125;42,5;42,40999984741211;42,439998626708984;78300
2026-09-18;10:20:00;-03:00;42,41999816894531;42,54999923706055;42,40999984741211;42,529998779296875;130800
2026-09-18;10:25:00;-03:00;42,540000915527344;42,54999923706055;42,36000061035156;42,40999984741211;108700
2026-09-18;10:30:00;-03:00;42,400001525878906;42,45000076293945;42,310001373291016;42,400001525878906;227400
2026-09-18;10:35:00;-03:00;42,400001525878906;42,400001525878906;42,25;42,2599983215332;660500
2026-09-18;10:40:00;-03:00;42,27000045776367;42,34000015258789;42,22999954223633;42,310001373291016;101000
2026-09-18;10:45:00;-03:00;42,29999923706055;42,310001373291016;42,18000030517578;42,25;148200
2026-09-18;10:50:00;-03:00;42,2599983215332;42,2599983215332;42,11000061035156;42,13999938964844;205200
2026-09-18;10:55:00;-03:00;42,13999938964844;42,20000076293945;42,119998931884766;42,150001525878906;150300
2026-09-18;11:00:00;-03:00;42,15999984741211;42,2400016784668;42,150001525878906;42,189998626708984;160500
2026-09-18;11:05:00;-03:00;42,16999816894531;42,27000045776367;42,13999938964844;42,209999084472656;259900
2026-09-18;11:10:00;-03:00;42,220001220703125;42,2400016784668;42,13999938964844;42,15999984741211;81500
2026-09-18;11:15:00;-03:00;42,15999984741211;42,189998626708984;42,119998931884766;42,15999984741211;122800
2026-09-18;11:20:00;-03:00;42,15999984741211;42,189998626708984;42,11000061035156;42,130001068115234;161600
2026-09-18;11:25:00;-03:00;42,130001068115234;42,220001220703125;42,130001068115234;42,189998626708984;66100
2026-09-18;11:30:00;-03:00;42,189998626708984;42,189998626708984;42,11000061035156;42,119998931884766;112000
2026-09-18;11:35:00;-03:00;42,119998931884766;42,20000076293945;42,11000061035156;42,20000076293945;77600
2026-09-18;11:40:00;-03:00;42,189998626708984;42,220001220703125;42,060001373291016;42,08000183105469;212900
2026-09-18;11:45:00;-03:00;42,08000183105469;42,099998474121094;42,060001373291016;42,08000183105469;56600
2026-09-18;11:50:00;-03:00;42,06999969482422;42,08000183105469;42,040000915527344;42,060001373291016;157000
2026-09-18;11:55:00;-03:00;42,04999923706055;42,16999816894531;42,04999923706055;42,16999816894531;66300
2026-09-18;12:00:00;-03:00;42,16999816894531;42,189998626708984;42,06999969482422;42,09000015258789;160900
2026-09-18;12:05:00;-03:00;42,09000015258789;42,09000015258789;41,97999954223633;41,9900016784668;201900
2026-09-18;12:10:00;-03:00;41,9900016784668;42,11000061035156;41,97999954223633;42,11000061035156;226600
2026-09-18;12:15:00;-03:00;42,11000061035156;42,130001068115234;42,029998779296875;42,119998931884766;189100
2026-09-18;12:20:00;-03:00;42,119998931884766;42,20000076293945;42,099998474121094;42,189998626708984;458900
2026-09-18;12:25:00;-03:00;42,189998626708984;42,36000061035156;42,13999938964844;42,33000183105469;1132100
2026-09-18;12:30:00;-03:00;42,31999969482422;42,349998474121094;42,290000915527344;42,310001373291016;1014900
2026-09-18;12:35:00;-03:00;42,310001373291016;42,34000015258789;42,290000915527344;42,31999969482422;143300
2026-09-18;12:40:00;-03:00;42,310001373291016;42,34000015258789;42,290000915527344;42,34000015258789;76700
2026-09-18;12:45:00;-03:00;42,34000015258789;42,5;42,31999969482422;42,47999954223633;712700
2026-09-18;12:50:00;-03:00;42,47999954223633;42,560001373291016;42,459999084472656;42,5099983215332;305400
2026-09-18;12:55:00;-03:00;42,5099983215332;42,54999923706055;42,459999084472656;42,470001220703125;107800
2026-09-18;13:00:00;-03:00;42,470001220703125;42,5;42,38999938964844;42,40999984741211;144200
2026-09-18;13:05:00;-03:00;42,40999984741211;42,459999084472656;42,400001525878906;42,45000076293945;143300
2026-09-18;13:10:00;-03:00;42,459999084472656;42,459999084472656;42,38999938964844;42,439998626708984;88000
2026-09-18;13:15:00;-03:00;42,45000076293945;42,4900016784668;42,43000030517578;42,470001220703125;97200
2026-09-18;13:20:00;-03:00;42,459999084472656;42,470001220703125;42,400001525878906;42,43000030517578;61300
2026-09-18;13:25:00;-03:00;42,43000030517578;42,45000076293945;42,36000061035156;42,43000030517578;357500
2026-09-18;13:30:00;-03:00;42,43000030517578;42,47999954223633;42,41999816894531;42,459999084472656;64900
2026-09-18;13:35:00;-03:00;42,45000076293945;42,459999084472656;42,380001068115234;42,400001525878906;89700
2026-09-18;13:40:00;-03:00;42,38999938964844;42,439998626708984;42,380001068115234;42,41999816894531;64800
2026-09-18;13:45:00;-03:00;42,41999816894531;42,43000030517578;42,38999938964844;42,40999984741211;65700
2026-09-18;13:50:00;-03:00;42,400001525878906;42,47999954223633;42,400001525878906;42,470001220703125;316100
2026-09-18;13:55:00;-03:00;42,459999084472656;42,5;42,400001525878906;42,41999816894531;344700
2026-09-18;14:00:00;-03:00;42,40999984741211;42,439998626708984;42,400001525878906;42,439998626708984;142900
2026-09-18;14:05:00;-03:00;42,439998626708984;42,47999954223633;42,400001525878906;42,43000030517578;124300
2026-09-18;14:10:00;-03:00;42,43000030517578;42,439998626708984;42,38999938964844;42,439998626708984;45900
2026-09-18;14:15:00;-03:00;42,43000030517578;42,439998626708984;42,380001068115234;42,380001068115234;78400
2026-09-18;14:20:00;-03:00;42,380001068115234;42,400001525878906;42,36000061035156;42,380001068115234;92900
2026-09-18;14:25:00;-03:00;42,380001068115234;42,43000030517578;42,34000015258789;42,40999984741211;90100
2026-09-18;14:30:00;-03:00;42,400001525878906;42,41999816894531;42,290000915527344;42,349998474121094;635500
2026-09-18;14:35:00;-03:00;42,349998474121094;42,38999938964844;42,279998779296875;42,31999969482422;174200
2026-09-18;14:40:00;-03:00;42,33000183105469;42,34000015258789;42,31999969482422;42,34000015258789;90300
2026-09-18;14:45:00;-03:00;42,34000015258789;42,369998931884766;42,310001373291016;42,349998474121094;78100
2026-09-18;14:50:00;-03:00;42,349998474121094;42,41999816894531;42,34000015258789;42,36000061035156;73600
2026-09-18;14:55:00;-03:00;42,36000061035156;42,40999984741211;42,36000061035156;42,36000061035156;68400
2026-09-18;15:00:00;-03:00;42,36000061035156;42,41999816894531;42,349998474121094;42,41999816894531;74900
2026-09-18;15:05:00;-03:00;42,41999816894531;42,41999816894531;42,369998931884766;42,369998931884766;70000
2026-09-18;15:10:00;-03:00;42,369998931884766;42,41999816894531;42,369998931884766;42,400001525878906;80800
2026-09-18;15:15:00;-03:00;42,40999984741211;42,40999984741211;42,380001068115234;42,380001068115234;55400
2026-09-18;15:20:00;-03:00;42,380001068115234;42,40999984741211;42,369998931884766;42,400001525878906;71300
2026-09-18;15:25:00;-03:00;42,40999984741211;42,439998626708984;42,400001525878906;42,439998626708984;66100
2026-09-18;15:30:00;-03:00;42,43000030517578;42,45000076293945;42,369998931884766;42,38999938964844;173700
2026-09-18;15:35:00;-03:00;42,380001068115234;42,38999938964844;42,36000061035156;42,369998931884766;74300
2026-09-18;15:40:00;-03:00;42,369998931884766;42,38999938964844;42,31999969482422;42,380001068115234;197700
2026-09-18;15:45:00;-03:00;42,380001068115234;42,43000030517578;42,369998931884766;42,43000030517578;398500
2026-09-18;15:50:00;-03:00;42,43000030517578;42,47999954223633;42,400001525878906;42,47999954223633;154900
2026-09-18;15:55:00;-03:00;42,47999954223633;42,47999954223633;42,439998626708984;42,459999084472656;101900
2026-09-18;16:00:00;-03:00;42,470001220703125;42,470001220703125;42,41999816894531;42,41999816894531;142100
2026-09-18;16:05:00;-03:00;42,41999816894531;42,439998626708984;42,40999984741211;42,43000030517578;89900
2026-09-18;16:10:00;-03:00;42,43000030517578;42,5;42,40999984741211;42,5;204000
2026-09-18;16:15:00;-03:00;42,5;42,5099983215332;42,4900016784668;42,5099983215332;123600
2026-09-18;16:20:00;-03:00;42,5099983215332;42,540000915527344;42,5099983215332;42,5099983215332;173600
2026-09-18;16:25:00;-03:00;42,5099983215332;42,540000915527344;42,5;42,529998779296875;105600
2026-09-18;16:30:00;-03:00;42,529998779296875;42,540000915527344;42,470001220703125;42,529998779296875;172000
2026-09-18;16:35:00;-03:00;42,529998779296875;42,529998779296875;42,4900016784668;42,5099983215332;168000
2026-09-18;16:40:00;-03:00;42,5099983215332;42,52000045776367;42,439998626708984;42,459999084472656;223000
2026-09-18;16:45:00;-03:00;42,459999084472656;42,459999084472656;42,400001525878906;42,43000030517578;255100
2026-09-21;10:00:00;-03:00;42,70000076293945;42,91999816894531;42,70000076293945;42,810001373291016;132800
2026-09-21;10:05:00;-03:00;42,810001373291016;42,88999938964844;42,77000045776367;42,869998931884766;213400
2026-09-21;10:10:00;-03:00;42,849998474121094;42,9900016784668;42,84000015258789;42,880001068115234;132500
2026-09-21;10:15:00;-03:00;42,880001068115234;42,90999984741211;42,779998779296875;42,79999923706055;199700
2026-09-21;10:20:00;-03:00;42,79999923706055;42,880001068115234;42,79999923706055;42,84000015258789;61900
2026-09-21;10:25:00;-03:00;42,849998474121094;42,93000030517578;42,77000045776367;42,93000030517578;113500
2026-09-21;10:30:00;-03:00;42,93000030517578;43,13999938964844;42,869998931884766;43,029998779296875;285500
2026-09-21;10:35:00;-03:00;43,02000045776367;43,02000045776367;42,880001068115234;43,0099983215332;131200
2026-09-21;10:40:00;-03:00;43,0;43,150001525878906;42,939998626708984;43,029998779296875;387800
2026-09-21;10:45:00;-03:00;43,02000045776367;43,040000915527344;42,939998626708984;43,0;200000
2026-09-21;10:50:00;-03:00;43,0;43,0;42,81999969482422;42,84000015258789;585800
2026-09-21;10:55:00;-03:00;42,84000015258789;42,939998626708984;42,83000183105469;42,90999984741211;126400
2026-09-21;11:00:00;-03:00;42,90999984741211;42,90999984741211;42,79999923706055;42,880001068115234;83700
2026-09-21;11:05:00;-03:00;42,86000061035156;42,939998626708984;42,83000183105469;42,869998931884766;67900
2026-09-21;11:10:00;-03:00;42,880001068115234;43,0;42,880001068115234;42,959999084472656;55700
2026-09-21;11:15:00;-03:00;42,959999084472656;42,959999084472656;42,790000915527344;42,790000915527344;777100
2026-09-21;11:20:00;-03:00;42,81999969482422;42,849998474121094;42,77000045776367;42,79999923706055;96400
2026-09-21;11:25:00;-03:00;42,79999923706055;42,88999938964844;42,77000045776367;42,88999938964844;122700
2026-09-21;11:30:00;-03:00;42,88999938964844;42,90999984741211;42,849998474121094;42,880001068115234;104400
2026-09-21;11:35:00;-03:00;42,880001068115234;42,90999984741211;42,810001373291016;42,849998474121094;90000
2026-09-21;11:40:00;-03:00;42,849998474121094;42,9900016784668;42,83000183105469;42,970001220703125;655200
2026-09-21;11:45:00;-03:00;42,959999084472656;43,0;42,880001068115234;42,900001525878906;107900
2026-09-21;11:50:00;-03:00;42,88999938964844;43,0;42,88999938964844;42,9900016784668;75100
2026-09-21;11:55:00;-03:00;42,9900016784668;43,029998779296875;42,91999816894531;42,95000076293945;126600
2026-09-21;12:00:00;-03:00;42,939998626708984;42,97999954223633;42,91999816894531;42,959999084472656;47700
2026-09-21;12:05:00;-03:00;42,95000076293945;42,970001220703125;42,91999816894531;42,939998626708984;39800
2026-09-21;12:10:00;-03:00;42,939998626708984;43,0;42,939998626708984;43,0;87400
2026-09-21;12:15:00;-03:00;43,0;43,029998779296875;42,959999084472656;43,0099983215332;102700
2026-09-21;12:20:00;-03:00;43,0099983215332;43,0099983215332;42,900001525878906;42,959999084472656;55000
2026-09-21;12:25:00;-03:00;42,95000076293945;42,95000076293945;42,83000183105469;42,84000015258789;350700
2026-09-21;12:30:00;-03:00;42,84000015258789;42,880001068115234;42,81999969482422;42,84000015258789;109700
2026-09-21;12:35:00;-03:00;42,849998474121094;42,88999938964844;42,79999923706055;42,86000061035156;188000
2026-09-21;12:40:00;-03:00;42,869998931884766;42,88999938964844;42,849998474121094;42,849998474121094;68300
2026-09-21;12:45:00;-03:00;42,869998931884766;42,880001068115234;42,81999969482422;42,869998931884766;181900
2026-09-21;12:50:00;-03:00;42,880001068115234;42,900001525878906;42,83000183105469;42,86000061035156;101400
2026-09-21;12:55:00;-03:00;42,86000061035156;42,900001525878906;42,84000015258789;42,869998931884766;140900
2026-09-21;13:00:00;-03:00;42,869998931884766;42,95000076293945;42,869998931884766;42,900001525878906;282100
2026-09-21;13:05:00;-03:00;42,900001525878906;42,95000076293945;42,849998474121094;42,90999984741211;114900
2026-09-21;13:10:00;-03:00;42,91999816894531;43,0;42,91999816894531;42,9900016784668;161700
2026-09-21;13:15:00;-03:00;43,0099983215332;43,029998779296875;42,9900016784668;43,0;128200
2026-09-21;13:20:00;-03:00;43,0099983215332;43,029998779296875;42,93000030517578;42,939998626708984;100100
2026-09-21;13:25:00;-03:00;42,95000076293945;42,95000076293945;42,880001068115234;42,880001068115234;54100
2026-09-21;13:30:00;-03:00;42,880001068115234;42,970001220703125;42,869998931884766;42,93000030517578;77200
2026-09-21;13:35:00;-03:00;42,939998626708984;42,970001220703125;42,93000030517578;42,939998626708984;46900
2026-09-21;13:40:00;-03:00;42,939998626708984;42,939998626708984;42,880001068115234;42,900001525878906;60600
2026-09-21;13:45:00;-03:00;42,900001525878906;42,93000030517578;42,869998931884766;42,90999984741211;47600
2026-09-21;13:50:00;-03:00;42,91999816894531;42,97999954223633;42,90999984741211;42,93000030517578;58600
2026-09-21;13:55:00;-03:00;42,93000030517578;42,9900016784668;42,91999816894531;42,959999084472656;104400
2026-09-21;14:00:00;-03:00;42,970001220703125;43,02000045776367;42,959999084472656;43,0;56100
2026-09-21;14:05:00;-03:00;43,02000045776367;43,099998474121094;43,0099983215332;43,060001373291016;256300
2026-09-21;14:10:00;-03:00;43,060001373291016;43,18000030517578;43,04999923706055;43,15999984741211;193100
2026-09-21;14:15:00;-03:00;43,15999984741211;43,209999084472656;43,150001525878906;43,18000030517578;117400
2026-09-21;14:20:00;-03:00;43,189998626708984;43,2400016784668;43,15999984741211;43,189998626708984;195000
2026-09-21;14:25:00;-03:00;43,20000076293945;43,22999954223633;43,18000030517578;43,189998626708984;62100
2026-09-21;14:30:00;-03:00;43,189998626708984;43,189998626708984;43,119998931884766;43,15999984741211;396000
2026-09-21;14:35:00;-03:00;43,150001525878906;43,15999984741211;43,06999969482422;43,09000015258789;235600
2026-09-21;14:40:00;-03:00;43,08000183105469;43,099998474121094;43,0099983215332;43,029998779296875;187100
2026-09-21;14:45:00;-03:00;43,040000915527344;43,040000915527344;42,97999954223633;42,9900016784668;119300
2026-09-21;14:50:00;-03:00;42,9900016784668;42,9900016784668;42,91999816894531;42,939998626708984;140400
2026-09-21;14:55:00;-03:00;42,95000076293945;42,970001220703125;42,900001525878906;42,900001525878906;127800
2026-09-21;15:00:00;-03:00;42,90999984741211;42,97999954223633;42,90999984741211;42,959999084472656;102400
2026-09-21;15:05:00;-03:00;42,959999084472656;42,970001220703125;42,93000030517578;42,95000076293945;63400
2026-09-21;15:10:00;-03:00;42,959999084472656;43,0;42,95000076293945;42,959999084472656;112300
2026-09-21;15:15:00;-03:00;42,970001220703125;42,97999954223633;42,93000030517578;42,970001220703125;78500
2026-09-21;15:20:00;-03:00;42,97999954223633;43,029998779296875;42,97999954223633;43,0099983215332;182000
2026-09-21;15:25:00;-03:00;43,0099983215332;43,02000045776367;42,970001220703125;43,0099983215332;84700
2026-09-21;15:30:00;-03:00;43,02000045776367;43,029998779296875;42,959999084472656;43,02000045776367;104700
2026-09-21;15:35:00;-03:00;43,029998779296875;43,099998474121094;43,02000045776367;43,08000183105469;148000
2026-09-21;15:40:00;-03:00;43,08000183105469;43,150001525878906;43,06999969482422;43,150001525878906;141300
2026-09-21;15:45:00;-03:00;43,150001525878906;43,15999984741211;43,130001068115234;43,15999984741211;166000
2026-09-21;15:50:00;-03:00;43,15999984741211;43,16999816894531;43,130001068115234;43,16999816894531;261800
2026-09-21;15:55:00;-03:00;43,15999984741211;43,16999816894531;43,130001068115234;43,150001525878906;230200
2026-09-21;16:00:00;-03:00;43,150001525878906;43,15999984741211;43,099998474121094;43,119998931884766;161600
2026-09-21;16:05:00;-03:00;43,130001068115234;43,150001525878906;43,09000015258789;43,119998931884766;193100
2026-09-21;16:10:00;-03:00;43,11000061035156;43,13999938964844;43,11000061035156;43,13999938964844;105200
2026-09-21;16:15:00;-03:00;43,130001068115234;43,13999938964844;43,099998474121094;43,130001068115234;160600
2026-09-21;16:20:00;-03:00;43,13999938964844;43,150001525878906;43,09000015258789;43,119998931884766;190700
2026-09-21;16:25:00;-03:00;43,119998931884766;43,15999984741211;43,09000015258789;43,150001525878906;283500
2026-09-21;16:30:00;-03:00;43,150001525878906;43,20000076293945;43,150001525878906;43,189998626708984;156300
2026-09-21;16:35:00;-03:00;43,189998626708984;43,25;43,189998626708984;43,2400016784668;303300
2026-09-21;16:40:00;-03:00;43,22999954223633;43,2400016784668;43,18000030517578;43,209999084472656;161800
2026-09-21;16:45:00;-03:00;43,209999084472656;43,22999954223633;43,20000076293945;43,209999084472656;207600
2026-09-21;16:50:00;-03:00;43,209999084472656;43,209999084472656;43,099998474121094;43,13999938964844;256700
2026-09-22;10:00:00;-03:00;42,77000045776367;42,93000030517578;42,619998931884766;42,709999084472656;0
2026-09-22;10:05:00;-03:00;42,709999084472656;42,720001220703125;42,61000061035156;42,650001525878906;247300
2026-09-22;10:10:00;-03:00;42,650001525878906;42,650001525878906;42,47999954223633;42,540000915527344;385800
2026-09-22;10:15:00;-03:00;42,52000045776367;42,619998931884766;42,5;42,619998931884766;341700
2026-09-22;10:20:00;-03:00;42,619998931884766;42,7400016784668;42,599998474121094;42,70000076293945;197600
2026-09-22;10:25:00;-03:00;42,709999084472656;42,75;42,630001068115234;42,68000030517578;155100
2026-09-22;10:30:00;-03:00;42,68000030517578;42,81999969482422;42,68000030517578;42,7400016784668;634300
2026-09-22;10:35:00;-03:00;42,720001220703125;42,900001525878906;42,68000030517578;42,84000015258789;382500
2026-09-22;10:40:00;-03:00;42,849998474121094;42,90999984741211;42,77000045776367;42,810001373291016;391700
2026-09-22;10:45:00;-03:00;42,79999923706055;42,95000076293945;42,790000915527344;42,90999984741211;299100
2026-09-22;10:50:00;-03:00;42,90999984741211;42,91999816894531;42,75;42,81999969482422;248700
2026-09-22;10:55:00;-03:00;42,810001373291016;42,81999969482422;42,7400016784668;42,79999923706055;45600
2026-09-22;11:00:00;-03:00;42,810001373291016;42,90999984741211;42,79999923706055;42,84000015258789;142100
2026-09-22;11:05:00;-03:00;42,84000015258789;42,880001068115234;42,689998626708984;42,70000076293945;124000
2026-09-22;11:10:00;-03:00;42,709999084472656;42,72999954223633;42,630001068115234;42,70000076293945;256200
2026-09-22;11:15:00;-03:00;42,70000076293945;42,70000076293945;42,61000061035156;42,689998626708984;168500
2026-09-22;11:20:00;-03:00;42,689998626708984;42,720001220703125;42,630001068115234;42,630001068115234;83200
2026-09-22;11:25:00;-03:00;42,630001068115234;42,689998626708984;42,59000015258789;42,630001068115234;150600
2026-09-22;11:30:00;-03:00;42,630001068115234;42,650001525878906;42,52000045776367;42,560001373291016;214800
2026-09-22;11:35:00;-03:00;42,540000915527344;42,689998626708984;42,5099983215332;42,619998931884766;274700
2026-09-22;11:40:00;-03:00;42,61000061035156;42,63999938964844;42,540000915527344;42,630001068115234;255400
2026-09-22;11:45:00;-03:00;42,63999938964844;42,70000076293945;42,630001068115234;42,650001525878906;105700
2026-09-22;11:50:00;-03:00;42,650001525878906;42,79999923706055;42,63999938964844;42,75;134400
2026-09-22;11:55:00;-03:00;42,7400016784668;42,790000915527344;42,70000076293945;42,77000045776367;178700
2026-09-22;12:00:00;-03:00;42,77000045776367;42,86000061035156;42,75;42,79999923706055;375600
2026-09-22;12:05:00;-03:00;42,79999923706055;42,91999816894531;42,79999923706055;42,869998931884766;163700
2026-09-22;12:10:00;-03:00;42,849998474121094;42,880001068115234;42,7599983215332;42,79999923706055;107000
2026-09-22;12:15:00;-03:00;42,79999923706055;42,83000183105469;42,720001220703125;42,790000915527344;185100
2026-09-22;12:20:00;-03:00;42,790000915527344;42,79999923706055;42,75;42,79999923706055;259100
2026-09-22;12:25:00;-03:00;42,790000915527344;42,79999923706055;42,72999954223633;42,790000915527344;289600
2026-09-22;12:30:00;-03:00;42,779998779296875;42,779998779296875;42,689998626708984;42,709999084472656;88800
2026-09-22;12:35:00;-03:00;42,709999084472656;42,7400016784668;42,65999984741211;42,65999984741211;213900
2026-09-22;12:40:00;-03:00;42,65999984741211;42,720001220703125;42,630001068115234;42,689998626708984;104200
2026-09-22;12:45:00;-03:00;42,689998626708984;42,709999084472656;42,630001068115234;42,65999984741211;291900
2026-09-22;12:50:00;-03:00;42,65999984741211;42,68000030517578;42,63999938964844;42,68000030517578;145900
2026-09-22;12:55:00;-03:00;42,66999816894531;42,75;42,66999816894531;42,7400016784668;86100
2026-09-22;13:00:00;-03:00;42,7400016784668;42,7599983215332;42,709999084472656;42,720001220703125;76800
2026-09-22;13:05:00;-03:00;42,709999084472656;42,7400016784668;42,709999084472656;42,709999084472656;43300
2026-09-22;13:10:00;-03:00;42,709999084472656;42,7400016784668;42,70000076293945;42,72999954223633;68600
2026-09-22;13:15:00;-03:00;42,72999954223633;42,810001373291016;42,709999084472656;42,79999923706055;94100
2026-09-22;13:20:00;-03:00;42,79999923706055;42,810001373291016;42,779998779296875;42,790000915527344;84600
2026-09-22;13:25:00;-03:00;42,790000915527344;42,86000061035156;42,790000915527344;42,86000061035156;270100
2026-09-22;13:30:00;-03:00;42,86000061035156;42,91999816894531;42,86000061035156;42,88999938964844;200600
2026-09-22;13:35:00;-03:00;42,900001525878906;42,91999816894531;42,869998931884766;42,90999984741211;195200
2026-09-22;13:40:00;-03:00;42,90999984741211;42,91999816894531;42,77000045776367;42,790000915527344;161000
2026-09-22;13:45:00;-03:00;42,790000915527344;42,83000183105469;42,7599983215332;42,779998779296875;153400
2026-09-22;13:50:00;-03:00;42,779998779296875;42,84000015258789;42,77000045776367;42,810001373291016;82400
2026-09-22;13:55:00;-03:00;42,810001373291016;42,810001373291016;42,7599983215332;42,810001373291016;81400
2026-09-22;14:00:00;-03:00;42,810001373291016;42,83000183105469;42,79999923706055;42,83000183105469;138800
2026-09-22;14:05:00;-03:00;42,83000183105469;42,83000183105469;42,7599983215332;42,77000045776367;86200
2026-09-22;14:10:00;-03:00;42,77000045776367;42,79999923706055;42,75;42,779998779296875;103600
2026-09-22;14:15:00;-03:00;42,779998779296875;42,81999969482422;42,7599983215332;42,779998779296875;74200
2026-09-22;14:20:00;-03:00;42,790000915527344;42,81999969482422;42,779998779296875;42,79999923706055;48700
2026-09-22;14:25:00;-03:00;42,79999923706055;42,849998474121094;42,779998779296875;42,849998474121094;105400
2026-09-22;14:30:00;-03:00;42,849998474121094;42,88999938964844;42,83000183105469;42,88999938964844;132800
2026-09-22;14:35:00;-03:00;42,88999938964844;42,91999816894531;42,869998931884766;42,88999938964844;72700
2026-09-22;14:40:00;-03:00;42,88999938964844;42,939998626708984;42,880001068115234;42,939998626708984;69200
2026-09-22;14:45:00;-03:00;42,939998626708984;42,95000076293945;42,91999816894531;42,91999816894531;70800
2026-09-22;14:50:00;-03:00;42,91999816894531;43,099998474121094;42,91999816894531;43,029998779296875;429700
2026-09-22;14:55:00;-03:00;43,040000915527344;43,099998474121094;42,970001220703125;43,060001373291016;317600
2026-09-22;15:00:00;-03:00;43,04999923706055;43,06999969482422;42,97999954223633;43,06999969482422;189900
2026-09-22;15:05:00;-03:00;43,06999969482422;43,130001068115234;43,04999923706055;43,11000061035156;299400
2026-09-22;15:10:00;-03:00;43,099998474121094;43,16999816894531;43,099998474121094;43,13999938964844;209200
2026-09-22;15:15:00;-03:00;43,150001525878906;43,25;43,11000061035156;43,2400016784668;359500
2026-09-22;15:20:00;-03:00;43,25;43,27000045776367;43,220001220703125;43,2599983215332;374200
2026-09-22;15:25:00;-03:00;43,2599983215332;43,31999969482422;43,2599983215332;43,29999923706055;276900
2026-09-22;15:30:00;-03:00;43,31999969482422;43,349998474121094;43,29999923706055;43,310001373291016;117900
2026-09-22;15:35:00;-03:00;43,310001373291016;43,400001525878906;43,290000915527344;43,29999923706055;315800
2026-09-22;15:40:00;-03:00;43,29999923706055;43,36000061035156;43,29999923706055;43,31999969482422;96400
2026-09-22;15:45:00;-03:00;43,34000015258789;43,349998474121094;43,290000915527344;43,29999923706055;215500
2026-09-22;15:50:00;-03:00;43,310001373291016;43,36000061035156;43,290000915527344;43,29999923706055;123200
2026-09-22;15:55:00;-03:00;43,29999923706055;43,34000015258789;43,279998779296875;43,29999923706055;220600
2026-09-22;16:00:00;-03:00;43,310001373291016;43,36000061035156;43,290000915527344;43,31999969482422;163500
2026-09-22;16:05:00;-03:00;43,31999969482422;43,34000015258789;43,27000045776367;43,27000045776367;261100
2026-09-22;16:10:00;-03:00;43,279998779296875;43,33000183105469;43,27000045776367;43,290000915527344;157700
2026-09-22;16:15:00;-03:00;43,290000915527344;43,38999938964844;43,290000915527344;43,36000061035156;342100
2026-09-22;16:20:00;-03:00;43,369998931884766;43,38999938964844;43,34000015258789;43,349998474121094;150400
2026-09-22;16:25:00;-03:00;43,349998474121094;43,400001525878906;43,29999923706055;43,36000061035156;337200
2026-09-22;16:30:00;-03:00;43,36000061035156;43,43000030517578;43,36000061035156;43,38999938964844;301200
2026-09-22;16:35:00;-03:00;43,38999938964844;43,439998626708984;43,369998931884766;43,380001068115234;216800
2026-09-22;16:40:00;-03:00;43,38999938964844;43,40999984741211;43,34000015258789;43,369998931884766;423800
2026-09-22;16:45:00;-03:00;43,369998931884766;43,400001525878906;43,34000015258789;43,38999938964844;320500
2026-09-22;16:50:00;-03:00;43,380001068115234;43,380001068115234;43,2599983215332;43,29999923706055;522800
2026-09-23;10:00:00;-03:00;42,70000076293945;42,7599983215332;42,66999816894531;42,75;0
2026-09-23;10:05:00;-03:00;42,75;42,900001525878906;42,75;42,79999923706055;191900
2026-09-23;10:10:00;-03:00;42,79999923706055;42,939998626708984;42,779998779296875;42,849998474121094;168200
2026-09-23;10:15:00;-03:00;42,86000061035156;43,0;42,77000045776367;42,97999954223633;153200
2026-09-23;10:20:00;-03:00;43,0;43,08000183105469;42,91999816894531;43,0099983215332;138600
2026-09-23;10:25:00;-03:00;43,0099983215332;43,459999084472656;43,0099983215332;43,439998626708984;275400
2026-09-23;10:30:00;-03:00;43,459999084472656;43,689998626708984;43,38999938964844;43,5099983215332;1189400
2026-09-23;10:35:00;-03:00;43,5;43,720001220703125;43,41999816894531;43,68000030517578;239600
2026-09-23;10:40:00;-03:00;43,689998626708984;43,70000076293945;43,41999816894531;43,470001220703125;374900
2026-09-23;10:45:00;-03:00;43,470001220703125;43,470001220703125;43,310001373291016;43,33000183105469;247000
2026-09-23;10:50:00;-03:00;43,33000183105469;43,47999954223633;43,33000183105469;43,470001220703125;85600
2026-09-23;10:55:00;-03:00;43,470001220703125;43,54999923706055;43,40999984741211;43,40999984741211;142300
2026-09-23;11:00:00;-03:00;43,43000030517578;43,58000183105469;43,43000030517578;43,5;90500
2026-09-23;11:05:00;-03:00;43,47999954223633;43,56999969482422;43,45000076293945;43,47999954223633;133100
2026-09-23;11:10:00;-03:00;43,470001220703125;43,4900016784668;43,349998474121094;43,38999938964844;136400
2026-09-23;11:15:00;-03:00;43,380001068115234;43,47999954223633;43,279998779296875;43,310001373291016;211700
2026-09-23;11:20:00;-03:00;43,310001373291016;43,380001068115234;43,22999954223633;43,369998931884766;141600
2026-09-23;11:25:00;-03:00;43,380001068115234;43,400001525878906;43,29999923706055;43,310001373291016;130400
2026-09-23;11:30:00;-03:00;43,29999923706055;43,31999969482422;43,189998626708984;43,25;438800
2026-09-23;11:35:00;-03:00;43,25;43,310001373291016;43,13999938964844;43,13999938964844;199500
2026-09-23;11:40:00;-03:00;43,15999984741211;43,27000045776367;43,13999938964844;43,220001220703125;269700
2026-09-23;11:45:00;-03:00;43,209999084472656;43,25;43,060001373291016;43,08000183105469;213900
2026-09-23;11:50:00;-03:00;43,08000183105469;43,130001068115234;43,0099983215332;43,04999923706055;326200
2026-09-23;11:55:00;-03:00;43,04999923706055;43,04999923706055;42,959999084472656;43,0;227400
2026-09-23;12:00:00;-03:00;43,0;43,04999923706055;42,959999084472656;42,97999954223633;153700
2026-09-23;12:05:00;-03:00;42,9900016784668;43,02000045776367;42,959999084472656;42,959999084472656;118800
2026-09-23;12:10:00;-03:00;42,959999084472656;42,97999954223633;42,90999984741211;42,95000076293945;250800
2026-09-23;12:15:00;-03:00;42,959999084472656;43,0099983215332;42,91999816894531;42,959999084472656;167500
2026-09-23;12:20:00;-03:00;42,959999084472656;42,970001220703125;42,86000061035156;42,93000030517578;158400
2026-09-23;12:25:00;-03:00;42,93000030517578;43,040000915527344;42,93000030517578;43,0;112700
2026-09-23;12:30:00;-03:00;43,0;43,0099983215332;42,900001525878906;42,90999984741211;125800
2026-09-23;12:35:00;-03:00;42,91999816894531;42,970001220703125;42,900001525878906;42,90999984741211;119600
2026-09-23;12:40:00;-03:00;42,90999984741211;42,93000030517578;42,880001068115234;42,90999984741211;144500
2026-09-23;12:45:00;-03:00;42,90999984741211;42,93000030517578;42,869998931884766;42,880001068115234;161800
2026-09-23;12:50:00;-03:00;42,88999938964844;42,91999816894531;42,86000061035156;42,90999984741211;126100
2026-09-23;12:55:00;-03:00;42,90999984741211;42,91999816894531;42,83000183105469;42,880001068115234;93300
2026-09-23;13:00:00;-03:00;42,869998931884766;42,88999938964844;42,7400016784668;42,810001373291016;222000
2026-09-23;13:05:00;-03:00;42,810001373291016;42,86000061035156;42,790000915527344;42,84000015258789;82300
2026-09-23;13:10:00;-03:00;42,84000015258789;42,869998931884766;42,81999969482422;42,86000061035156;86000
2026-09-23;13:15:00;-03:00;42,86000061035156;42,900001525878906;42,810001373291016;42,88999938964844;142300
2026-09-23;13:20:00;-03:00;42,88999938964844;42,95000076293945;42,849998474121094;42,849998474121094;226100
2026-09-23;13:25:00;-03:00;42,869998931884766;42,97999954223633;42,86000061035156;42,970001220703125;128000
2026-09-23;13:30:00;-03:00;42,97999954223633;42,97999954223633;42,869998931884766;42,90999984741211;82300
2026-09-23;13:35:00;-03:00;42,900001525878906;42,90999984741211;42,869998931884766;42,900001525878906;72900
2026-09-23;13:40:00;-03:00;42,88999938964844;42,900001525878906;42,84000015258789;42,849998474121094;54000
2026-09-23;13:45:00;-03:00;42,84000015258789;42,849998474121094;42,77000045776367;42,779998779296875;212600
2026-09-23;13:50:00;-03:00;42,77000045776367;42,81999969482422;42,709999084472656;42,7400016784668;168600
2026-09-23;13:55:00;-03:00;42,72999954223633;42,79999923706055;42,709999084472656;42,77000045776367;99200
2026-09-23;14:00:00;-03:00;42,77000045776367;42,790000915527344;42,66999816894531;42,689998626708984;111000
2026-09-23;14:05:00;-03:00;42,709999084472656;42,72999954223633;42,66999816894531;42,689998626708984;92100
2026-09-23;14:10:00;-03:00;42,70000076293945;42,7599983215332;42,68000030517578;42,68000030517578;350900
2026-09-23;14:15:00;-03:00;42,68000030517578;42,720001220703125;42,619998931884766;42,689998626708984;565700
2026-09-23;14:20:00;-03:00;42,70000076293945;42,72999954223633;42,689998626708984;42,689998626708984;73500
2026-09-23;14:25:00;-03:00;42,70000076293945;42,720001220703125;42,61000061035156;42,630001068115234;112200
2026-09-23;14:30:00;-03:00;42,630001068115234;42,650001525878906;42,599998474121094;42,599998474121094;136000
2026-09-23;14:35:00;-03:00;42,599998474121094;42,599998474121094;42,5;42,5099983215332;161400
2026-09-23;14:40:00;-03:00;42,5;42,63999938964844;42,4900016784668;42,61000061035156;206000
2026-09-23;14:45:00;-03:00;42,61000061035156;42,689998626708984;42,599998474121094;42,630001068115234;345800
2026-09-23;14:50:00;-03:00;42,630001068115234;42,68000030517578;42,619998931884766;42,650001525878906;96900
2026-09-23;14:55:00;-03:00;42,65999984741211;42,68000030517578;42,560001373291016;42,68000030517578;435600
2026-09-23;15:00:00;-03:00;42,68000030517578;42,689998626708984;42,619998931884766;42,63999938964844;107500
2026-09-23;15:05:00;-03:00;42,63999938964844;42,689998626708984;42,63999938964844;42,66999816894531;63600
2026-09-23;15:10:00;-03:00;42,66999816894531;42,68000030517578;42,59000015258789;42,650001525878906;136300
2026-09-23;15:15:00;-03:00;42,650001525878906;42,65999984741211;42,619998931884766;42,650001525878906;81000
2026-09-23;15:20:00;-03:00;42,630001068115234;42,650001525878906;42,61000061035156;42,650001525878906;56800
2026-09-23;15:25:00;-03:00;42,63999938964844;42,650001525878906;42,59000015258789;42,59000015258789;87700
2026-09-23;15:30:00;-03:00;42,59000015258789;42,619998931884766;42,560001373291016;42,61000061035156;272500
2026-09-23;15:35:00;-03:00;42,61000061035156;42,63999938964844;42,58000183105469;42,630001068115234;120100
2026-09-23;15:40:00;-03:00;42,619998931884766;42,63999938964844;42,56999969482422;42,59000015258789;83300
2026-09-23;15:45:00;-03:00;42,58000183105469;42,59000015258789;42,54999923706055;42,59000015258789;361300
2026-09-23;15:50:00;-03:00;42,59000015258789;42,599998474121094;42,54999923706055;42,59000015258789;111800
2026-09-23;15:55:00;-03:00;42,58000183105469;42,61000061035156;42,540000915527344;42,560001373291016;115400
2026-09-23;16:00:00;-03:00;42,54999923706055;42,56999969482422;42,5;42,54999923706055;195700
2026-09-23;16:05:00;-03:00;42,54999923706055;42,56999969482422;42,52000045776367;42,540000915527344;139800
2026-09-23;16:10:00;-03:00;42,540000915527344;42,54999923706055;42,5099983215332;42,52000045776367;156700
2026-09-23;16:15:00;-03:00;42,52000045776367;42,529998779296875;42,41999816894531;42,439998626708984;318700
2026-09-23;16:20:00;-03:00;42,45000076293945;42,4900016784668;42,41999816894531;42,43000030517578;208700
2026-09-23;16:25:00;-03:00;42,43000030517578;42,439998626708984;42,400001525878906;42,400001525878906;157200
2026-09-23;16:30:00;-03:00;42,40999984741211;42,4900016784668;42,40999984741211;42,45000076293945;231600
2026-09-23;16:35:00;-03:00;42,439998626708984;42,459999084472656;42,41999816894531;42,45000076293945;320100
2026-09-23;16:40:00;-03:00;42,45000076293945;42,47999954223633;42,43000030517578;42,43000030517578;195800
2026-09-23;16:45:00;-03:00;42,43000030517578;42,45000076293945;42,380001068115234;42,40999984741211;390200
2026-09-23;16:50:00;-03:00;42,400001525878906;42,40999984741211;42,349998474121094;42,400001525878906;353300
2026-09-24;10:00:00;-03:00;42,54999923706055;42,54999923706055;42,38999938964844;42,47999954223633;108900
2026-09-24;10:05:00;-03:00;42,47999954223633;42,47999954223633;42,25;42,27000045776367;179900
2026-09-24;10:10:00;-03:00;42,2599983215332;42,33000183105469;42,220001220703125;42,33000183105469;283400
2026-09-24;10:15:00;-03:00;42,31999969482422;42,45000076293945;42,25;42,349998474121094;373800
2026-09-24;10:20:00;-03:00;42,349998474121094;42,439998626708984;42,33000183105469;42,380001068115234;222900
2026-09-24;10:25:00;-03:00;42,380001068115234;42,40999984741211;42,34000015258789;42,40999984741211;55500
2026-09-24;10:30:00;-03:00;42,40999984741211;42,650001525878906;42,349998474121094;42,4900016784668;331700
2026-09-24;10:35:00;-03:00;42,470001220703125;42,59000015258789;42,45000076293945;42,529998779296875;93800
2026-09-24;10:40:00;-03:00;42,52000045776367;42,54999923706055;42,439998626708984;42,470001220703125;136000
2026-09-24;10:45:00;-03:00;42,45000076293945;42,4900016784668;42,33000183105469;42,400001525878906;93900
2026-09-24;10:50:00;-03:00;42,38999938964844;42,529998779296875;42,36000061035156;42,529998779296875;66200
2026-09-24;10:55:00;-03:00;42,529998779296875;42,560001373291016;42,439998626708984;42,470001220703125;243000
2026-09-24;11:00:00;-03:00;42,5;42,5;42,40999984741211;42,47999954223633;114900
2026-09-24;11:05:00;-03:00;42,47999954223633;42,5;42,41999816894531;42,45000076293945;103200
2026-09-24;11:10:00;-03:00;42,45000076293945;42,47999954223633;42,369998931884766;42,38999938964844;56200
2026-09-24;11:15:00;-03:00;42,369998931884766;42,369998931884766;42,27000045776367;42,31999969482422;228100
2026-09-24;11:20:00;-03:00;42,31999969482422;42,41999816894531;42,27000045776367;42,41999816894531;81800
2026-09-24;11:25:00;-03:00;42,400001525878906;42,43000030517578;42,349998474121094;42,380001068115234;93000
2026-09-24;11:30:00;-03:00;42,380001068115234;42,4900016784668;42,380001068115234;42,470001220703125;53100
2026-09-24;11:35:00;-03:00;42,4900016784668;42,5;42,459999084472656;42,5;45500
2026-09-24;11:40:00;-03:00;42,5;42,5;42,369998931884766;42,400001525878906;70100
2026-09-24;11:45:00;-03:00;42,380001068115234;42,38999938964844;42,27000045776367;42,29999923706055;107100
2026-09-24;11:50:00;-03:00;42,29999923706055;42,34000015258789;42,279998779296875;42,31999969482422;45200
2026-09-24;11:55:00;-03:00;42,310001373291016;42,34000015258789;42,290000915527344;42,310001373291016;79100
2026-09-24;12:00:00;-03:00;42,29999923706055;42,31999969482422;42,150001525878906;42,15999984741211;372000
2026-09-24;12:05:00;-03:00;42,15999984741211;42,18000030517578;42,060001373291016;42,06999969482422;794100
2026-09-24;12:10:00;-03:00;42,09000015258789;42,119998931884766;41,95000076293945;41,970001220703125;540700
2026-09-24;12:15:00;-03:00;41,97999954223633;42,040000915527344;41,95000076293945;42,0099983215332;159900
2026-09-24;12:20:00;-03:00;42,0;42,040000915527344;41,93000030517578;42,02000045776367;206000
2026-09-24;12:25:00;-03:00;42,0099983215332;42,0099983215332;41,93000030517578;41,970001220703125;126500
2026-09-24;12:30:00;-03:00;41,970001220703125;42,02000045776367;41,95000076293945;41,9900016784668;131900
2026-09-24;12:35:00;-03:00;41,97999954223633;42,040000915527344;41,97999954223633;42,0099983215332;55700
2026-09-24;12:40:00;-03:00;42,029998779296875;42,060001373291016;42,0;42,02000045776367;119000
2026-09-24;12:45:00;-03:00;42,0099983215332;42,040000915527344;41,95000076293945;41,9900016784668;281600
2026-09-24;12:50:00;-03:00;42,0;42,029998779296875;41,959999084472656;42,0099983215332;98300
2026-09-24;12:55:00;-03:00;42,0099983215332;42,02000045776367;41,93000030517578;41,970001220703125;139500
2026-09-24;13:00:00;-03:00;41,970001220703125;41,970001220703125;41,880001068115234;41,970001220703125;164500
2026-09-24;13:05:00;-03:00;41,959999084472656;41,970001220703125;41,95000076293945;41,95000076293945;27100
2026-09-24;13:10:00;-03:00;41,939998626708984;42,0099983215332;41,90999984741211;42,0;48200
2026-09-24;13:15:00;-03:00;42,0099983215332;42,310001373291016;41,97999954223633;42,2400016784668;558600
2026-09-24;13:20:00;-03:00;42,25;42,33000183105469;42,20000076293945;42,27000045776367;101000
2026-09-24;13:25:00;-03:00;42,27000045776367;42,29999923706055;42,18000030517578;42,29999923706055;95500
2026-09-24;13:30:00;-03:00;42,290000915527344;42,310001373291016;42,209999084472656;42,29999923706055;85200
2026-09-24;13:35:00;-03:00;42,310001373291016;42,349998474121094;42,27000045776367;42,279998779296875;113400
2026-09-24;13:40:00;-03:00;42,2599983215332;42,349998474121094;42,25;42,279998779296875;106300
2026-09-24;13:45:00;-03:00;42,27000045776367;42,27000045776367;42,20000076293945;42,25;42400
2026-09-24;13:50:00;-03:00;42,2400016784668;42,279998779296875;42,189998626708984;42,20000076293945;70800
2026-09-24;13:55:00;-03:00;42,20000076293945;42,20000076293945;42,150001525878906;42,16999816894531;36000
2026-09-24;14:00:00;-03:00;42,150001525878906;42,209999084472656;42,099998474121094;42,150001525878906;84400
2026-09-24;14:05:00;-03:00;42,18000030517578;42,18000030517578;42,11000061035156;42,119998931884766;33900
2026-09-24;14:10:00;-03:00;42,130001068115234;42,13999938964844;42,09000015258789;42,13999938964844;51500
2026-09-24;14:15:00;-03:00;42,130001068115234;42,189998626708984;42,11000061035156;42,150001525878906;45500
2026-09-24;14:20:00;-03:00;42,150001525878906;42,150001525878906;42,099998474121094;42,11000061035156;53500
2026-09-24;14:25:00;-03:00;42,09000015258789;42,119998931884766;42,040000915527344;42,08000183105469;209700
2026-09-24;14:30:00;-03:00;42,06999969482422;42,09000015258789;42,0;42,0;89400
2026-09-24;14:35:00;-03:00;42,0099983215332;42,040000915527344;41,9900016784668;42,0099983215332;90700
2026-09-24;14:40:00;-03:00;42,0;42,029998779296875;41,970001220703125;41,9900016784668;157100
2026-09-24;14:45:00;-03:00;41,97999954223633;42,02000045776367;41,959999084472656;41,97999954223633;126800
2026-09-24;14:50:00;-03:00;41,97999954223633;41,97999954223633;41,939998626708984;41,959999084472656;96700
2026-09-24;14:55:00;-03:00;41,959999084472656;42,0;41,91999816894531;41,959999084472656;130900
2026-09-24;15:00:00;-03:00;41,959999084472656;41,97999954223633;41,86000061035156;41,88999938964844;328000
2026-09-24;15:05:00;-03:00;41,88999938964844;42,0;41,88999938964844;41,970001220703125;61600
2026-09-24;15:10:00;-03:00;41,970001220703125;42,02000045776367;41,95000076293945;42,0;137900
2026-09-24;15:15:00;-03:00;41,9900016784668;42,0099983215332;41,97999954223633;42,0099983215332;125900
2026-09-24;15:20:00;-03:00;41,9900016784668;42,02000045776367;41,970001220703125;42,0099983215332;81300
2026-09-24;15:25:00;-03:00;42,0099983215332;42,09000015258789;42,0;42,09000015258789;162500
2026-09-24;15:30:00;-03:00;42,099998474121094;42,099998474121094;42,0099983215332;42,029998779296875;51700
2026-09-24;15:35:00;-03:00;42,02000045776367;42,16999816894531;42,0;42,09000015258789;148400
2026-09-24;15:40:00;-03:00;42,08000183105469;42,08000183105469;41,9900016784668;42,02000045776367;62000
2026-09-24;15:45:00;-03:00;42,0;42,040000915527344;41,9900016784668;42,0099983215332;41300
2026-09-24;15:50:00;-03:00;42,0;42,029998779296875;41,959999084472656;41,9900016784668;60800
2026-09-24;15:55:00;-03:00;42,0;42,04999923706055;41,9900016784668;42,02000045776367;62000
2026-09-24;16:00:00;-03:00;42,02000045776367;42,029998779296875;41,91999816894531;41,959999084472656;97800
2026-09-24;16:05:00;-03:00;41,959999084472656;42,0099983215332;41,95000076293945;42,0099983215332;157900
2026-09-24;16:10:00;-03:00;42,0;42,0099983215332;41,959999084472656;41,959999084472656;73100
2026-09-24;16:15:00;-03:00;41,959999084472656;41,97999954223633;41,91999816894531;41,970001220703125;190200
2026-09-24;16:20:00;-03:00;41,95000076293945;42,04999923706055;41,939998626708984;42,02000045776367;903800
2026-09-24;16:25:00;-03:00;42,029998779296875;42,09000015258789;42,02000045776367;42,02000045776367;135300
2026-09-24;16:30:00;-03:00;42,029998779296875;42,06999969482422;42,02000045776367;42,04999923706055;137600
2026-09-24;16:35:00;-03:00;42,04999923706055;42,04999923706055;41,970001220703125;42,02000045776367;204000
2026-09-24;16:40:00;-03:00;42,0099983215332;42,029998779296875;41,970001220703125;42,02000045776367;260800
2026-09-24;16:45:00;-03:00;42,0099983215332;42,040000915527344;42,0;42,0;124400
2026-09-24;16:50:00;-03:00;41,9900016784668;42,04999923706055;41,9900016784668;42,040000915527344;172000
2026-09-25;10:00:00;-03:00;41,849998474121094;41,91999816894531;41,81999969482422;41,88999938964844;0
2026-09-25;10:05:00;-03:00;41,900001525878906;41,95000076293945;41,88999938964844;41,95000076293945;94900
2026-09-25;10:10:00;-03:00;42,0;42,060001373291016;41,95000076293945;42,0099983215332;243200
2026-09-25;10:15:00;-03:00;41,9900016784668;42,0099983215332;41,81999969482422;41,849998474121094;147200
2026-09-25;10:20:00;-03:00;41,849998474121094;41,849998474121094;41,7599983215332;41,790000915527344;199200
2026-09-25;10:25:00;-03:00;41,79999923706055;41,83000183105469;41,720001220703125;41,790000915527344;340100
2026-09-25;10:30:00;-03:00;41,77000045776367;41,970001220703125;41,77000045776367;41,900001525878906;240200
2026-09-25;10:35:00;-03:00;41,900001525878906;41,90999984741211;41,7400016784668;41,7599983215332;2626000
2026-09-25;10:40:00;-03:00;41,7599983215332;41,81999969482422;41,7400016784668;41,810001373291016;730000
2026-09-25;10:45:00;-03:00;41,79999923706055;41,88999938964844;41,77000045776367;41,869998931884766;453200
2026-09-25;10:50:00;-03:00;41,869998931884766;41,97999954223633;41,869998931884766;41,959999084472656;170000
2026-09-25;10:55:00;-03:00;41,95000076293945;41,959999084472656;41,880001068115234;41,88999938964844;97500
2026-09-25;11:00:00;-03:00;41,88999938964844;41,93000030517578;41,810001373291016;41,83000183105469;239800
2026-09-25;11:05:00;-03:00;41,81999969482422;41,869998931884766;41,790000915527344;41,869998931884766;117200
2026-09-25;11:10:00;-03:00;41,880001068115234;41,95000076293945;41,869998931884766;41,91999816894531;72100
2026-09-25;11:15:00;-03:00;41,91999816894531;42,04999923706055;41,90999984741211;42,04999923706055;279100
2026-09-25;11:20:00;-03:00;42,040000915527344;42,119998931884766;41,97999954223633;42,09000015258789;329400
2026-09-25;11:25:00;-03:00;42,09000015258789;42,099998474121094;42,04999923706055;42,09000015258789;344000
2026-09-25;11:30:00;-03:00;42,099998474121094;42,099998474121094;42,02000045776367;42,060001373291016;155900
2026-09-25;11:35:00;-03:00;42,060001373291016;42,09000015258789;42,04999923706055;42,060001373291016;86500
2026-09-25;11:40:00;-03:00;42,060001373291016;42,099998474121094;41,9900016784668;42,099998474121094;69300
2026-09-25;11:45:00;-03:00;42,08000183105469;42,09000015258789;42,02000045776367;42,04999923706055;346200
2026-09-25;11:50:00;-03:00;42,040000915527344;42,060001373291016;41,959999084472656;42,04999923706055;173800
2026-09-25;11:55:00;-03:00;42,04999923706055;42,119998931884766;42,04999923706055;42,08000183105469;148100
2026-09-25;12:00:00;-03:00;42,06999969482422;42,09000015258789;42,040000915527344;42,060001373291016;58400
2026-09-25;12:05:00;-03:00;42,040000915527344;42,08000183105469;41,970001220703125;42,0099983215332;116400
2026-09-25;12:10:00;-03:00;42,0099983215332;42,13999938964844;41,97999954223633;42,13999938964844;133600
2026-09-25;12:15:00;-03:00;42,130001068115234;42,189998626708984;42,11000061035156;42,150001525878906;99300
2026-09-25;12:20:00;-03:00;42,13999938964844;42,18000030517578;42,119998931884766;42,13999938964844;32900
2026-09-25;12:25:00;-03:00;42,150001525878906;42,189998626708984;42,119998931884766;42,15999984741211;77700
2026-09-25;12:30:00;-03:00;42,15999984741211;42,20000076293945;42,150001525878906;42,150001525878906;47000
2026-09-25;12:35:00;-03:00;42,150001525878906;42,18000030517578;42,119998931884766;42,13999938964844;90100
2026-09-25;12:40:00;-03:00;42,13999938964844;42,15999984741211;42,08000183105469;42,09000015258789;60800
2026-09-25;12:45:00;-03:00;42,09000015258789;42,099998474121094;42,029998779296875;42,09000015258789;49700
2026-09-25;12:50:00;-03:00;42,09000015258789;42,189998626708984;42,09000015258789;42,16999816894531;34100
2026-09-25;12:55:00;-03:00;42,18000030517578;42,2400016784668;42,13999938964844;42,22999954223633;124200
2026-09-25;13:00:00;-03:00;42,2400016784668;42,41999816894531;42,22999954223633;42,41999816894531;270600
2026-09-25;13:05:00;-03:00;42,400001525878906;42,43000030517578;42,290000915527344;42,349998474121094;174500
2026-09-25;13:10:00;-03:00;42,33000183105469;42,349998474121094;42,25;42,31999969482422;157600
2026-09-25;13:15:00;-03:00;42,310001373291016;42,31999969482422;42,25;42,2599983215332;78200
2026-09-25;13:20:00;-03:00;42,25;42,29999923706055;42,220001220703125;42,29999923706055;125700
2026-09-25;13:25:00;-03:00;42,29999923706055;42,349998474121094;42,29999923706055;42,33000183105469;105900
2026-09-25;13:30:00;-03:00;42,33000183105469;42,34000015258789;42,27000045776367;42,29999923706055;71900
2026-09-25;13:35:00;-03:00;42,29999923706055;42,31999969482422;42,2599983215332;42,290000915527344;102500
2026-09-25;13:40:00;-03:00;42,290000915527344;42,310001373291016;42,2599983215332;42,290000915527344;91100
2026-09-25;13:45:00;-03:00;42,290000915527344;42,290000915527344;42,2400016784668;42,2599983215332;83200
2026-09-25;13:50:00;-03:00;42,2599983215332;42,29999923706055;42,150001525878906;42,15999984741211;247800
2026-09-25;13:55:00;-03:00;42,13999938964844;42,150001525878906;42,11000061035156;42,11000061035156;41400
2026-09-25;14:00:00;-03:00;42,11000061035156;42,189998626708984;42,099998474121094;42,16999816894531;50800
2026-09-25;14:05:00;-03:00;42,16999816894531;42,209999084472656;42,15999984741211;42,20000076293945;36600
2026-09-25;14:10:00;-03:00;42,209999084472656;42,2599983215332;42,18000030517578;42,2400016784668;58000
2026-09-25;14:15:00;-03:00;42,2400016784668;42,25;42,16999816894531;42,209999084472656;52300
2026-09-25;14:20:00;-03:00;42,20000076293945;42,2400016784668;42,189998626708984;42,220001220703125;28800
2026-09-25;14:25:00;-03:00;42,22999954223633;42,22999954223633;42,20000076293945;42,20000076293945;16100
2026-09-25;14:30:00;-03:00;42,20000076293945;42,27000045776367;42,189998626708984;42,220001220703125;113800
2026-09-25;14:35:00;-03:00;42,220001220703125;42,220001220703125;42,18000030517578;42,20000076293945;32500
2026-09-25;14:40:00;-03:00;42,20000076293945;42,22999954223633;42,20000076293945;42,220001220703125;32500
2026-09-25;14:45:00;-03:00;42,220001220703125;42,2400016784668;42,16999816894531;42,189998626708984;38200
2026-09-25;14:50:00;-03:00;42,189998626708984;42,209999084472656;42,16999816894531;42,189998626708984;23700
2026-09-25;14:55:00;-03:00;42,189998626708984;42,2599983215332;42,16999816894531;42,2400016784668;115200
2026-09-25;15:00:00;-03:00;42,25;42,2599983215332;42,209999084472656;42,2400016784668;326200
2026-09-25;15:05:00;-03:00;42,22999954223633;42,2599983215332;42,20000076293945;42,22999954223633;73700
2026-09-25;15:10:00;-03:00;42,20000076293945;42,2599983215332;42,20000076293945;42,2599983215332;55900
2026-09-25;15:15:00;-03:00;42,2599983215332;42,2599983215332;42,22999954223633;42,25;40500
2026-09-25;15:20:00;-03:00;42,25;42,2599983215332;42,22999954223633;42,2400016784668;53400
2026-09-25;15:25:00;-03:00;42,2400016784668;42,25;42,18000030517578;42,220001220703125;69300
2026-09-25;15:30:00;-03:00;42,22999954223633;42,2400016784668;42,209999084472656;42,220001220703125;28900
2026-09-25;15:35:00;-03:00;42,220001220703125;42,220001220703125;42,13999938964844;42,16999816894531;91000
2026-09-25;15:40:00;-03:00;42,16999816894531;42,18000030517578;42,13999938964844;42,15999984741211;73200
2026-09-25;15:45:00;-03:00;42,15999984741211;42,18000030517578;42,150001525878906;42,16999816894531;47900
2026-09-25;15:50:00;-03:00;42,16999816894531;42,209999084472656;42,15999984741211;42,20000076293945;88300
2026-09-25;15:55:00;-03:00;42,189998626708984;42,2400016784668;42,18000030517578;42,2400016784668;86400
2026-09-25;16:00:00;-03:00;42,2400016784668;42,2400016784668;42,119998931884766;42,130001068115234;119700
2026-09-25;16:05:00;-03:00;42,130001068115234;42,15999984741211;42,119998931884766;42,150001525878906;142000
2026-09-25;16:10:00;-03:00;42,150001525878906;42,150001525878906;42,119998931884766;42,13999938964844;87300
2026-09-25;16:15:00;-03:00;42,13999938964844;42,150001525878906;42,099998474121094;42,11000061035156;119000
2026-09-25;16:20:00;-03:00;42,099998474121094;42,11000061035156;42,04999923706055;42,08000183105469;336700
2026-09-25;16:25:00;-03:00;42,08000183105469;42,09000015258789;42,040000915527344;42,08000183105469;295000
2026-09-25;16:30:00;-03:00;42,08000183105469;42,11000061035156;42,04999923706055;42,11000061035156;601300
2026-09-25;16:35:00;-03:00;42,09000015258789;42,18000030517578;42,09000015258789;42,15999984741211;236800
2026-09-25;16:40:00;-03:00;42,15999984741211;42,15999984741211;42,130001068115234;42,150001525878906;184800
2026-09-25;16:45:00;-03:00;42,150001525878906;42,150001525878906;42,099998474121094;42,119998931884766;146100
2026-09-25;16:50:00;-03:00;42,119998931884766;42,130001068115234;42,029998779296875;42,029998779296875;305300
2026-09-28;10:00:00;-03:00;41,84000015258789;41,84000015258789;41,689998626708984;41,709999084472656;0
2026-09-28;10:05:00;-03:00;41,689998626708984;41,810001373291016;41,68000030517578;41,689998626708984;105400
2026-09-28;10:10:00;-03:00;41,68000030517578;41,689998626708984;41,560001373291016;41,61000061035156;154600
2026-09-28;10:15:00;-03:00;41,619998931884766;41,689998626708984;41,58000183105469;41,63999938964844;101500
2026-09-28;10:20:00;-03:00;41,619998931884766;41,65999984741211;41,58000183105469;41,65999984741211;90200
2026-09-28;10:25:00;-03:00;41,65999984741211;41,79999923706055;41,63999938964844;41,7599983215332;312600
2026-09-28;10:30:00;-03:00;41,7599983215332;41,869998931884766;41,619998931884766;41,779998779296875;606200
2026-09-28;10:35:00;-03:00;41,7599983215332;41,81999969482422;41,72999954223633;41,75;203800
2026-09-28;10:40:00;-03:00;41,7599983215332;41,77000045776367;41,630001068115234;41,709999084472656;196100
2026-09-28;10:45:00;-03:00;41,709999084472656;41,79999923706055;41,709999084472656;41,7400016784668;75900
2026-09-28;10:50:00;-03:00;41,7400016784668;41,75;41,65999984741211;41,689998626708984;79300
2026-09-28;10:55:00;-03:00;41,68000030517578;41,68000030517578;41,529998779296875;41,61000061035156;345100
2026-09-28;11:00:00;-03:00;41,619998931884766;41,630001068115234;41,54999923706055;41,56999969482422;85200
2026-09-28;11:05:00;-03:00;41,58000183105469;41,75;41,58000183105469;41,75;532200
2026-09-28;11:10:00;-03:00;41,7599983215332;41,84000015258789;41,7400016784668;41,75;225200
2026-09-28;11:15:00;-03:00;41,77000045776367;41,900001525878906;41,70000076293945;41,88999938964844;310900
2026-09-28;11:20:00;-03:00;41,880001068115234;41,970001220703125;41,84000015258789;41,959999084472656;284100
2026-09-28;11:25:00;-03:00;41,959999084472656;42,029998779296875;41,939998626708984;42,02000045776367;185900
2026-09-28;11:30:00;-03:00;42,029998779296875;42,04999923706055;41,959999084472656;42,02000045776367;129400
2026-09-28;11:35:00;-03:00;42,029998779296875;42,11000061035156;42,0;42,099998474121094;125300
2026-09-28;11:40:00;-03:00;42,11000061035156;42,119998931884766;41,97999954223633;41,9900016784668;180900
2026-09-28;11:45:00;-03:00;41,9900016784668;41,9900016784668;41,90999984741211;41,970001220703125;168000
2026-09-28;11:50:00;-03:00;41,959999084472656;41,9900016784668;41,869998931884766;41,91999816894531;146300
2026-09-28;11:55:00;-03:00;41,91999816894531;42,0099983215332;41,88999938964844;41,97999954223633;1407800
2026-09-28;12:00:00;-03:00;41,970001220703125;41,970001220703125;41,869998931884766;41,88999938964844;130200
2026-09-28;12:05:00;-03:00;41,88999938964844;41,900001525878906;41,79999923706055;41,880001068115234;163700
2026-09-28;12:10:00;-03:00;41,869998931884766;41,869998931884766;41,75;41,7599983215332;132700
2026-09-28;12:15:00;-03:00;41,75;41,810001373291016;41,720001220703125;41,810001373291016;372100
2026-09-28;12:20:00;-03:00;41,79999923706055;41,83000183105469;41,7599983215332;41,7599983215332;116300
2026-09-28;12:25:00;-03:00;41,7599983215332;41,779998779296875;41,65999984741211;41,689998626708984;156700
2026-09-28;12:30:00;-03:00;41,70000076293945;41,75;41,65999984741211;41,689998626708984;158600
2026-09-28;12:35:00;-03:00;41,689998626708984;41,779998779296875;41,68000030517578;41,7400016784668;302400
2026-09-28;12:40:00;-03:00;41,7400016784668;41,75;41,66999816894531;41,689998626708984;34600
2026-09-28;12:45:00;-03:00;41,689998626708984;41,72999954223633;41,68000030517578;41,70000076293945;55200
2026-09-28;12:50:00;-03:00;41,709999084472656;41,77000045776367;41,70000076293945;41,77000045776367;372200
2026-09-28;12:55:00;-03:00;41,77000045776367;41,779998779296875;41,7400016784668;41,75;27700
2026-09-28;13:00:00;-03:00;41,7400016784668;41,77000045776367;41,709999084472656;41,75;47200
2026-09-28;13:05:00;-03:00;41,75;41,79999923706055;41,7400016784668;41,79999923706055;62200
2026-09-28;13:10:00;-03:00;41,79999923706055;41,83000183105469;41,720001220703125;41,72999954223633;63000
2026-09-28;13:15:00;-03:00;41,72999954223633;41,849998474121094;41,720001220703125;41,79999923706055;60100
2026-09-28;13:20:00;-03:00;41,79999923706055;41,959999084472656;41,79999923706055;41,88999938964844;222800
2026-09-28;13:25:00;-03:00;41,900001525878906;42,099998474121094;41,869998931884766;42,0099983215332;305300
2026-09-28;13:30:00;-03:00;42,0;42,0;41,900001525878906;41,93000030517578;143400
2026-09-28;13:35:00;-03:00;41,939998626708984;41,95000076293945;41,84000015258789;41,84000015258789;88200
2026-09-28;13:40:00;-03:00;41,84000015258789;41,88999938964844;41,81999969482422;41,86000061035156;134200
2026-09-28;13:45:00;-03:00;41,86000061035156;41,86000061035156;41,810001373291016;41,84000015258789;62000
2026-09-28;13:50:00;-03:00;41,84000015258789;41,88999938964844;41,83000183105469;41,880001068115234;59000
2026-09-28;13:55:00;-03:00;41,880001068115234;41,900001525878906;41,869998931884766;41,900001525878906;37000
2026-09-28;14:00:00;-03:00;41,88999938964844;41,88999938964844;41,83000183105469;41,84000015258789;48000
2026-09-28;14:05:00;-03:00;41,83000183105469;41,880001068115234;41,83000183105469;41,880001068115234;45300
2026-09-28;14:10:00;-03:00;41,880001068115234;42,13999938964844;41,880001068115234;42,04999923706055;351400
2026-09-28;14:15:00;-03:00;42,04999923706055;42,04999923706055;41,91999816894531;41,91999816894531;144900
2026-09-28;14:20:00;-03:00;41,90999984741211;41,93000030517578;41,849998474121094;41,86000061035156;67700
2026-09-28;14:25:00;-03:00;41,869998931884766;41,880001068115234;41,84000015258789;41,86000061035156;60500
2026-09-28;14:30:00;-03:00;41,86000061035156;41,90999984741211;41,83000183105469;41,849998474121094;111000
2026-09-28;14:35:00;-03:00;41,84000015258789;41,900001525878906;41,81999969482422;41,869998931884766;380700
2026-09-28;14:40:00;-03:00;41,869998931884766;41,900001525878906;41,86000061035156;41,900001525878906;74400
2026-09-28;14:45:00;-03:00;41,88999938964844;41,900001525878906;41,849998474121094;41,880001068115234;50300
2026-09-28;14:50:00;-03:00;41,869998931884766;41,95000076293945;41,849998474121094;41,939998626708984;90300
2026-09-28;14:55:00;-03:00;41,91999816894531;41,91999816894531;41,86000061035156;41,90999984741211;463000
2026-09-28;15:00:00;-03:00;41,91999816894531;41,93000030517578;41,900001525878906;41,90999984741211;67600
2026-09-28;15:05:00;-03:00;41,91999816894531;41,91999816894531;41,88999938964844;41,88999938964844;74800
2026-09-28;15:10:00;-03:00;41,88999938964844;41,900001525878906;41,849998474121094;41,88999938964844;117000
2026-09-28;15:15:00;-03:00;41,88999938964844;41,900001525878906;41,84000015258789;41,849998474121094;68200
2026-09-28;15:20:00;-03:00;41,849998474121094;41,880001068115234;41,84000015258789;41,880001068115234;53300
2026-09-28;15:25:00;-03:00;41,880001068115234;41,880001068115234;41,83000183105469;41,849998474121094;62700
2026-09-28;15:30:00;-03:00;41,86000061035156;41,869998931884766;41,83000183105469;41,84000015258789;72700
2026-09-28;15:35:00;-03:00;41,849998474121094;41,86000061035156;41,79999923706055;41,79999923706055;91800
2026-09-28;15:40:00;-03:00;41,810001373291016;41,84000015258789;41,779998779296875;41,79999923706055;85500
2026-09-28;15:45:00;-03:00;41,79999923706055;41,83000183105469;41,7599983215332;41,810001373291016;100600
2026-09-28;15:50:00;-03:00;41,810001373291016;41,81999969482422;41,779998779296875;41,810001373291016;85600
2026-09-28;15:55:00;-03:00;41,79999923706055;41,79999923706055;41,77000045776367;41,77000045776367;58900
2026-09-28;16:00:00;-03:00;41,77000045776367;41,79999923706055;41,7400016784668;41,7599983215332;210900
2026-09-28;16:05:00;-03:00;41,7599983215332;41,7599983215332;41,68000030517578;41,689998626708984;680400
2026-09-28;16:10:00;-03:00;41,70000076293945;41,709999084472656;41,66999816894531;41,68000030517578;71800
2026-09-28;16:15:00;-03:00;41,689998626708984;41,720001220703125;41,66999816894531;41,70000076293945;107600
2026-09-28;16:20:00;-03:00;41,709999084472656;41,7400016784668;41,70000076293945;41,7400016784668;157400
2026-09-28;16:25:00;-03:00;41,7400016784668;41,779998779296875;41,72999954223633;41,77000045776367;119100
2026-09-28;16:30:00;-03:00;41,77000045776367;41,810001373291016;41,75;41,810001373291016;323200
2026-09-28;16:35:00;-03:00;41,810001373291016;41,83000183105469;41,790000915527344;41,810001373291016;128100
2026-09-28;16:40:00;-03:00;41,810001373291016;41,81999969482422;41,790000915527344;41,79999923706055;121900
2026-09-28;16:45:00;-03:00;41,810001373291016;41,849998474121094;41,810001373291016;41,849998474121094;189900
2026-09-28;16:50:00;-03:00;41,84000015258789;41,849998474121094;41,779998779296875;41,779998779296875;222000
2026-09-29;10:00:00;-03:00;41,709999084472656;41,720001220703125;41,54999923706055;41,56999969482422;0
2026-09-29;10:05:00;-03:00;41,56999969482422;41,779998779296875;41,52000045776367;41,75;407300
2026-09-29;10:10:00;-03:00;41,7400016784668;41,7400016784668;41,66999816894531;41,709999084472656;123700
2026-09-29;10:15:00;-03:00;41,70000076293945;41,709999084472656;41,560001373291016;41,599998474121094;152400
2026-09-29;10:20:00;-03:00;41,599998474121094;41,650001525878906;41,560001373291016;41,58000183105469;52600
2026-09-29;10:25:00;-03:00;41,56999969482422;41,619998931884766;41,5099983215332;41,56999969482422;147600
2026-09-29;10:30:00;-03:00;41,560001373291016;41,70000076293945;41,5099983215332;41,58000183105469;231700
2026-09-29;10:35:00;-03:00;41,58000183105469;41,61000061035156;41,540000915527344;41,58000183105469;76800
2026-09-29;10:40:00;-03:00;41,560001373291016;41,66999816894531;41,560001373291016;41,630001068115234;72100
2026-09-29;10:45:00;-03:00;41,63999938964844;41,72999954223633;41,63999938964844;41,720001220703125;84300
2026-09-29;10:50:00;-03:00;41,72999954223633;41,77000045776367;41,65999984741211;41,689998626708984;70200
2026-09-29;10:55:00;-03:00;41,66999816894531;41,70000076293945;41,619998931884766;41,65999984741211;263200
2026-09-29;11:00:00;-03:00;41,65999984741211;41,77000045776367;41,650001525878906;41,709999084472656;105000
2026-09-29;11:05:00;-03:00;41,709999084472656;41,810001373291016;41,70000076293945;41,79999923706055;61100
2026-09-29;11:10:00;-03:00;41,810001373291016;41,86000061035156;41,779998779296875;41,810001373291016;78400
2026-09-29;11:15:00;-03:00;41,79999923706055;41,81999969482422;41,720001220703125;41,810001373291016;254100
2026-09-29;11:20:00;-03:00;41,81999969482422;41,869998931884766;41,7599983215332;41,7599983215332;105900
2026-09-29;11:25:00;-03:00;41,77000045776367;41,790000915527344;41,66999816894531;41,68000030517578;132800
2026-09-29;11:30:00;-03:00;41,68000030517578;41,689998626708984;41,56999969482422;41,61000061035156;172600
2026-09-29;11:35:00;-03:00;41,599998474121094;41,650001525878906;41,58000183105469;41,650001525878906;119700
2026-09-29;11:40:00;-03:00;41,65999984741211;41,72999954223633;41,630001068115234;41,720001220703125;163200
2026-09-29;11:45:00;-03:00;41,72999954223633;41,7400016784668;41,66999816894531;41,709999084472656;70000
2026-09-29;11:50:00;-03:00;41,709999084472656;41,7400016784668;41,68000030517578;41,720001220703125;159000
2026-09-29;11:55:00;-03:00;41,709999084472656;41,72999954223633;41,689998626708984;41,720001220703125;615600
2026-09-29;12:00:00;-03:00;41,709999084472656;41,720001220703125;41,689998626708984;41,689998626708984;72200
2026-09-29;12:05:00;-03:00;41,689998626708984;41,689998626708984;41,63999938964844;41,66999816894531;57500
2026-09-29;12:10:00;-03:00;41,66999816894531;41,72999954223633;41,66999816894531;41,689998626708984;99100
2026-09-29;12:15:00;-03:00;41,70000076293945;41,72999954223633;41,650001525878906;41,65999984741211;59800
2026-09-29;12:20:00;-03:00;41,65999984741211;41,70000076293945;41,630001068115234;41,70000076293945;88200
2026-09-29;12:25:00;-03:00;41,70000076293945;41,70000076293945;41,650001525878906;41,66999816894531;46900
2026-09-29;12:30:00;-03:00;41,66999816894531;41,7400016784668;41,65999984741211;41,72999954223633;130400
2026-09-29;12:35:00;-03:00;41,720001220703125;41,810001373291016;41,70000076293945;41,790000915527344;92200
2026-09-29;12:40:00;-03:00;41,810001373291016;41,83000183105469;41,7400016784668;41,75;112700
2026-09-29;12:45:00;-03:00;41,7599983215332;41,81999969482422;41,72999954223633;41,7400016784668;109500
2026-09-29;12:50:00;-03:00;41,75;41,75;41,66999816894531;41,72999954223633;75400
2026-09-29;12:55:00;-03:00;41,720001220703125;41,720001220703125;41,68000030517578;41,70000076293945;36900
2026-09-29;13:00:00;-03:00;41,68000030517578;41,7400016784668;41,68000030517578;41,72999954223633;66600
2026-09-29;13:05:00;-03:00;41,7400016784668;41,79999923706055;41,709999084472656;41,77000045776367;218700
2026-09-29;13:10:00;-03:00;41,7599983215332;41,79999923706055;41,7400016784668;41,77000045776367;89600
2026-09-29;13:15:00;-03:00;41,790000915527344;41,79999923706055;41,77000045776367;41,77000045776367;56400
2026-09-29;13:20:00;-03:00;41,790000915527344;41,79999923706055;41,75;41,779998779296875;93400
2026-09-29;13:25:00;-03:00;41,779998779296875;41,810001373291016;41,779998779296875;41,79999923706055;49700
2026-09-29;13:30:00;-03:00;41,790000915527344;41,790000915527344;41,7400016784668;41,77000045776367;79500
2026-09-29;13:35:00;-03:00;41,77000045776367;41,849998474121094;41,75;41,83000183105469;119600
2026-09-29;13:40:00;-03:00;41,84000015258789;41,849998474121094;41,790000915527344;41,83000183105469;641700
2026-09-29;13:45:00;-03:00;41,84000015258789;41,84000015258789;41,790000915527344;41,790000915527344;30400
2026-09-29;13:50:00;-03:00;41,79999923706055;41,849998474121094;41,790000915527344;41,83000183105469;76800
2026-09-29;13:55:00;-03:00;41,84000015258789;41,91999816894531;41,83000183105469;41,91999816894531;173500
2026-09-29;14:00:00;-03:00;41,90999984741211;41,90999984741211;41,869998931884766;41,88999938964844;34100
2026-09-29;14:05:00;-03:00;41,900001525878906;41,90999984741211;41,84000015258789;41,88999938964844;125300
2026-09-29;14:10:00;-03:00;41,869998931884766;41,88999938964844;41,84000015258789;41,86000061035156;97500
2026-09-29;14:15:00;-03:00;41,869998931884766;41,88999938964844;41,849998474121094;41,869998931884766;58200
2026-09-29;14:20:00;-03:00;41,86000061035156;41,869998931884766;41,79999923706055;41,810001373291016;183600
2026-09-29;14:25:00;-03:00;41,79999923706055;41,900001525878906;41,779998779296875;41,869998931884766;316600
2026-09-29;14:30:00;-03:00;41,880001068115234;41,880001068115234;41,84000015258789;41,869998931884766;92500
2026-09-29;14:35:00;-03:00;41,86000061035156;41,95000076293945;41,86000061035156;41,91999816894531;144000
2026-09-29;14:40:00;-03:00;41,93000030517578;42,06999969482422;41,91999816894531;42,040000915527344;313500
2026-09-29;14:45:00;-03:00;42,040000915527344;42,060001373291016;42,0;42,029998779296875;201700
2026-09-29;14:50:00;-03:00;42,029998779296875;42,09000015258789;41,97999954223633;42,0;148500
2026-09-29;14:55:00;-03:00;42,0;42,029998779296875;41,970001220703125;42,0;123000
2026-09-29;15:00:00;-03:00;42,0099983215332;42,130001068115234;41,959999084472656;42,0099983215332;408900
2026-09-29;15:05:00;-03:00;42,0099983215332;42,060001373291016;41,9900016784668;41,9900016784668;231100
2026-09-29;15:10:00;-03:00;42,0;42,04999923706055;42,0;42,040000915527344;202900
2026-09-29;15:15:00;-03:00;42,040000915527344;42,119998931884766;42,040000915527344;42,11000061035156;916400
2026-09-29;15:20:00;-03:00;42,11000061035156;42,13999938964844;42,08000183105469;42,130001068115234;172300
2026-09-29;15:25:00;-03:00;42,130001068115234;42,13999938964844;42,06999969482422;42,09000015258789;303600
2026-09-29;15:30:00;-03:00;42,099998474121094;42,150001525878906;42,09000015258789;42,13999938964844;317600
2026-09-29;15:35:00;-03:00;42,13999938964844;42,2400016784668;42,13999938964844;42,2400016784668;274700
2026-09-29;15:40:00;-03:00;42,25;42,290000915527344;42,209999084472656;42,209999084472656;216500
2026-09-29;15:45:00;-03:00;42,220001220703125;42,220001220703125;42,150001525878906;42,18000030517578;171100
2026-09-29;15:50:00;-03:00;42,18000030517578;42,20000076293945;42,11000061035156;42,11000061035156;124700
2026-09-29;15:55:00;-03:00;42,119998931884766;42,130001068115234;42,08000183105469;42,11000061035156;187200
2026-09-29;16:00:00;-03:00;42,119998931884766;42,13999938964844;42,099998474121094;42,11000061035156;147000
2026-09-29;16:05:00;-03:00;42,119998931884766;42,15999984741211;42,11000061035156;42,13999938964844;89700
2026-09-29;16:10:00;-03:00;42,13999938964844;42,16999816894531;42,08000183105469;42,130001068115234;298200
2026-09-29;16:15:00;-03:00;42,13999938964844;42,150001525878906;42,119998931884766;42,13999938964844;48000
2026-09-29;16:20:00;-03:00;42,13999938964844;42,18000030517578;42,099998474121094;42,18000030517578;125300
2026-09-29;16:25:00;-03:00;42,16999816894531;42,27000045776367;42,16999816894531;42,2400016784668;321700
2026-09-29;16:30:00;-03:00;42,2400016784668;42,310001373291016;42,22999954223633;42,27000045776367;383700
2026-09-29;16:35:00;-03:00;42,279998779296875;42,36000061035156;42,279998779296875;42,31999969482422;448600
2026-09-29;16:40:00;-03:00;42,29999923706055;42,34000015258789;42,25;42,2599983215332;484100
2026-09-29;16:45:00;-03:00;42,27000045776367;42,27000045776367;42,220001220703125;42,2400016784668;126200
2026-09-29;16:50:00;-03:00;42,25;42,290000915527344;42,209999084472656;42,27000045776367;188900
2026-09-30;10:05:00;-03:00;43,16999816894531;43,16999816894531;43,0;43,08000183105469;0
2026-09-30;10:10:00;-03:00;43,060001373291016;43,08000183105469;42,880001068115234;42,880001068115234;195000
2026-09-30;10:15:00;-03:00;42,880001068115234;42,95000076293945;42,709999084472656;42,779998779296875;453000
2026-09-30;10:20:00;-03:00;42,7599983215332;42,9900016784668;42,720001220703125;42,9900016784668;1130900
2026-09-30;10:25:00;-03:00;42,9900016784668;43,119998931884766;42,900001525878906;43,099998474121094;2350700
2026-09-30;10:30:00;-03:00;43,099998474121094;43,16999816894531;43,0;43,150001525878906;1129500
2026-09-30;10:35:00;-03:00;43,150001525878906;43,20000076293945;43,0099983215332;43,08000183105469;1775100
2026-09-30;10:40:00;-03:00;43,08000183105469;43,18000030517578;43,029998779296875;43,04999923706055;1071700
2026-09-30;10:45:00;-03:00;43,04999923706055;43,16999816894531;43,04999923706055;43,119998931884766;378000
2026-09-30;10:50:00;-03:00;43,119998931884766;43,150001525878906;43,08000183105469;43,11000061035156;372300
2026-09-30;10:55:00;-03:00;43,099998474121094;43,22999954223633;43,099998474121094;43,22999954223633;326000
2026-09-30;11:00:00;-03:00;43,22999954223633;43,27000045776367;43,150001525878906;43,2599983215332;480900
2026-09-30;11:05:00;-03:00;43,2599983215332;43,38999938964844;43,22999954223633;43,369998931884766;2434000
2026-09-30;11:10:00;-03:00;43,369998931884766;43,45000076293945;43,349998474121094;43,40999984741211;290300
2026-09-30;11:15:00;-03:00;43,40999984741211;43,540000915527344;43,400001525878906;43,540000915527344;327100
2026-09-30;11:20:00;-03:00;43,540000915527344;43,66999816894531;43,540000915527344;43,619998931884766;754300
2026-09-30;11:25:00;-03:00;43,599998474121094;43,650001525878906;43,349998474121094;43,400001525878906;560200
2026-09-30;11:30:00;-03:00;43,400001525878906;43,439998626708984;43,349998474121094;43,36000061035156;464800
2026-09-30;11:35:00;-03:00;43,36000061035156;43,41999816894531;43,310001373291016;43,400001525878906;1383000
2026-09-30;11:40:00;-03:00;43,40999984741211;43,56999969482422;43,369998931884766;43,540000915527344;340200
2026-09-30;11:45:00;-03:00;43,540000915527344;43,63999938964844;43,540000915527344;43,63999938964844;297900
2026-09-30;11:50:00;-03:00;43,619998931884766;43,70000076293945;43,56999969482422;43,630001068115234;593500
2026-09-30;11:55:00;-03:00;43,63999938964844;43,66999816894531;43,56999969482422;43,66999816894531;322200
2026-09-30;12:00:00;-03:00;43,66999816894531;43,880001068115234;43,63999938964844;43,849998474121094;712000
2026-09-30;12:05:00;-03:00;43,849998474121094;43,88999938964844;43,79999923706055;43,869998931884766;704800
2026-09-30;12:10:00;-03:00;43,869998931884766;43,939998626708984;43,81999969482422;43,90999984741211;824900
2026-09-30;12:15:00;-03:00;43,90999984741211;44,0099983215332;43,869998931884766;43,900001525878906;898300
2026-09-30;12:20:00;-03:00;43,880001068115234;43,939998626708984;43,880001068115234;43,91999816894531;683400
2026-09-30;12:25:00;-03:00;43,91999816894531;44,0;43,91999816894531;43,970001220703125;197000
2026-09-30;12:30:00;-03:00;43,970001220703125;44,040000915527344;43,939998626708984;44,02000045776367;427000
2026-09-30;12:35:00;-03:00;44,0;44,040000915527344;43,91999816894531;43,959999084472656;945700
2026-09-30;12:40:00;-03:00;43,970001220703125;43,970001220703125;43,88999938964844;43,900001525878906;1994000
2026-09-30;12:45:00;-03:00;43,880001068115234;44,0;43,83000183105469;43,9900016784668;802000
2026-09-30;12:50:00;-03:00;44,0;44,040000915527344;43,970001220703125;43,97999954223633;590800
2026-09-30;12:55:00;-03:00;43,970001220703125;44,08000183105469;43,959999084472656;44,060001373291016;468700
2026-09-30;13:00:00;-03:00;44,06999969482422;44,08000183105469;44,0;44,04999923706055;250100
2026-09-30;13:05:00;-03:00;44,04999923706055;44,06999969482422;44,0099983215332;44,060001373291016;293300
2026-09-30;13:10:00;-03:00;44,060001373291016;44,099998474121094;44,029998779296875;44,08000183105469;163000
2026-09-30;13:15:00;-03:00;44,08000183105469;44,099998474121094;44,04999923706055;44,08000183105469;165500
2026-09-30;13:20:00;-03:00;44,06999969482422;44,189998626708984;44,06999969482422;44,15999984741211;281100
2026-09-30;13:25:00;-03:00;44,150001525878906;44,25;44,13999938964844;44,22999954223633;246700
2026-09-30;13:30:00;-03:00;44,22999954223633;44,380001068115234;44,22999954223633;44,36000061035156;333200
2026-09-30;13:35:00;-03:00;44,36000061035156;44,36000061035156;44,279998779296875;44,29999923706055;348900
2026-09-30;13:40:00;-03:00;44,290000915527344;44,33000183105469;44,18000030517578;44,209999084472656;291100
2026-09-30;13:45:00;-03:00;44,189998626708984;44,22999954223633;44,16999816894531;44,18000030517578;153600
2026-09-30;13:50:00;-03:00;44,18000030517578;44,22999954223633;44,02000045776367;44,029998779296875;695500
2026-09-30;13:55:00;-03:00;44,04999923706055;44,060001373291016;44,0;44,060001373291016;282700
2026-09-30;14:00:00;-03:00;44,060001373291016;44,099998474121094;44,029998779296875;44,06999969482422;378200
2026-09-30;14:05:00;-03:00;44,060001373291016;44,15999984741211;44,040000915527344;44,150001525878906;364800
2026-09-30;14:10:00;-03:00;44,150001525878906;44,220001220703125;44,150001525878906;44,20000076293945;287600
2026-09-30;14:15:00;-03:00;44,20000076293945;44,20000076293945;44,099998474121094;44,119998931884766;227400
2026-09-30;14:20:00;-03:00;44,11000061035156;44,189998626708984;44,11000061035156;44,18000030517578;268700
2026-09-30;14:25:00;-03:00;44,18000030517578;44,20000076293945;44,099998474121094;44,13999938964844;753000
2026-09-30;14:30:00;-03:00;44,150001525878906;44,20000076293945;44,099998474121094;44,18000030517578;422000
2026-09-30;14:35:00;-03:00;44,18000030517578;44,27000045776367;44,150001525878906;44,220001220703125;685700
2026-09-30;14:40:00;-03:00;44,220001220703125;44,33000183105469;44,220001220703125;44,31999969482422;504600
2026-09-30;14:45:00;-03:00;44,33000183105469;44,4900016784668;44,29999923706055;44,40999984741211;721600
2026-09-30;14:50:00;-03:00;44,41999816894531;44,52000045776367;44,400001525878906;44,5;1174600
2026-09-30;14:55:00;-03:00;44,5;44,61000061035156;44,4900016784668;44,58000183105469;839100
2026-09-30;15:00:00;-03:00;44,58000183105469;44,59000015258789;44,540000915527344;44,54999923706055;915000
2026-09-30;15:05:00;-03:00;44,54999923706055;44,599998474121094;44,52000045776367;44,59000015258789;1139000
2026-09-30;15:10:00;-03:00;44,59000015258789;44,599998474121094;44,5;44,52000045776367;1049400
2026-09-30;15:15:00;-03:00;44,52000045776367;44,52000045776367;44,25;44,31999969482422;937600
2026-09-30;15:20:00;-03:00;44,31999969482422;44,43000030517578;44,310001373291016;44,369998931884766;374000
2026-09-30;15:25:00;-03:00;44,36000061035156;44,40999984741211;44,25;44,2599983215332;762700
2026-09-30;15:30:00;-03:00;44,27000045776367;44,31999969482422;44,2400016784668;44,29999923706055;363900
2026-09-30;15:35:00;-03:00;44,29999923706055;44,349998474121094;44,27000045776367;44,34000015258789;756600
2026-09-30;15:40:00;-03:00;44,34000015258789;44,5;44,34000015258789;44,47999954223633;573900
2026-09-30;15:45:00;-03:00;44,47999954223633;44,529998779296875;44,29999923706055;44,349998474121094;1349000
2026-09-30;15:50:00;-03:00;44,349998474121094;44,40999984741211;44,31999969482422;44,34000015258789;627500
2026-09-30;15:55:00;-03:00;44,349998474121094;44,349998474121094;44,27000045776367;44,290000915527344;290200
2026-09-30;16:00:00;-03:00;44,290000915527344;44,31999969482422;44,27000045776367;44,29999923706055;458100
2026-09-30;16:05:00;-03:00;44,29999923706055;44,470001220703125;44,279998779296875;44,380001068115234;532100
2026-09-30;16:10:00;-03:00;44,38999938964844;44,5;44,369998931884766;44,4900016784668;480300
2026-09-30;16:15:00;-03:00;44,47999954223633;44,52000045776367;44,45000076293945;44,4900016784668;607400
2026-09-30;16:20:00;-03:00;44,4900016784668;44,52000045776367;44,47999954223633;44,5;517800
2026-09-30;16:25:00;-03:00;44,5;44,599998474121094;44,4900016784668;44,599998474121094;751800
2026-09-30;16:30:00;-03:00;44,59000015258789;44,66999816894531;44,560001373291016;44,619998931884766;997500
2026-09-30;16:35:00;-03:00;44,619998931884766;44,65999984741211;44,529998779296875;44,59000015258789;785000
2026-09-30;16:40:00;-03:00;44,59000015258789;44,599998474121094;44,43000030517578;44,4900016784668;3463700
2026-09-30;16:45:00;-03:00;44,4900016784668;44,540000915527344;44,459999084472656;44,47999954223633;670900
2026-09-30;16:50:00;-03:00;44,47999954223633;44,5;44,380001068115234;44,47999954223633;748900
2026-10-01;10:00:00;-03:00;;;;;0
2026-10-01;10:05:00;-03:00;44,349998474121094;44,54999923706055;44,29999923706055;44,45000076293945;322900
2026-10-01;10:10:00;-03:00;44,459999084472656;44,56999969482422;44,41999816894531;44,5;182400
2026-10-01;10:15:00;-03:00;44,5;44,59000015258789;44,43000030517578;44,540000915527344;164800
2026-10-01;10:20:00;-03:00;44,54999923706055;44,599998474121094;44,439998626708984;44,470001220703125;231500
2026-10-01;10:25:00;-03:00;44,470001220703125;44,52000045776367;44,400001525878906;44,400001525878906;240200
2026-10-01;10:30:00;-03:00;44,400001525878906;44,61000061035156;44,349998474121094;44,54999923706055;560900
2026-10-01;10:35:00;-03:00;44,540000915527344;44,540000915527344;44,29999923706055;44,380001068115234;432900
2026-10-01;10:40:00;-03:00;44,380001068115234;44,54999923706055;44,36000061035156;44,54999923706055;550400
2026-10-01;10:45:00;-03:00;44,54999923706055;44,630001068115234;44,41999816894531;44,45000076293945;255400
2026-10-01;10:50:00;-03:00;44,45000076293945;44,540000915527344;44,2599983215332;44,2599983215332;650600
2026-10-01;10:55:00;-03:00;44,2599983215332;44,279998779296875;44,20000076293945;44,27000045776367;2093300
2026-10-01;11:00:00;-03:00;44,27000045776367;44,27000045776367;44,0;44,08000183105469;399500
2026-10-01;11:05:00;-03:00;44,08000183105469;44,189998626708984;44,029998779296875;44,119998931884766;235200
2026-10-01;11:10:00;-03:00;44,119998931884766;44,119998931884766;43,91999816894531;43,95000076293945;364500
2026-10-01;11:15:00;-03:00;43,959999084472656;44,09000015258789;43,959999084472656;44,02000045776367;170800
2026-10-01;11:20:00;-03:00;44,029998779296875;44,11000061035156;44,0099983215332;44,06999969482422;344000
2026-10-01;11:25:00;-03:00;44,06999969482422;44,06999969482422;43,939998626708984;43,9900016784668;246200
2026-10-01;11:30:00;-03:00;44,0;44,099998474121094;43,88999938964844;43,93000030517578;283300
2026-10-01;11:35:00;-03:00;43,93000030517578;43,959999084472656;43,88999938964844;43,939998626708984;1111300
2026-10-01;11:40:00;-03:00;43,95000076293945;43,970001220703125;43,79999923706055;43,88999938964844;612600
2026-10-01;11:45:00;-03:00;43,88999938964844;44,040000915527344;43,83000183105469;43,88999938964844;272800
2026-10-01;11:50:00;-03:00;43,869998931884766;43,88999938964844;43,65999984741211;43,720001220703125;307200
2026-10-01;11:55:00;-03:00;43,70000076293945;43,7400016784668;43,58000183105469;43,68000030517578;1411200
2026-10-01;12:00:00;-03:00;43,689998626708984;43,81999969482422;43,66999816894531;43,75;1106200
2026-10-01;12:05:00;-03:00;43,75;43,7599983215332;43,56999969482422;43,61000061035156;2407500
2026-10-01;12:10:00;-03:00;43,61000061035156;43,630001068115234;43,540000915527344;43,540000915527344;1048200
2026-10-01;12:15:00;-03:00;43,540000915527344;43,599998474121094;43,5;43,529998779296875;220200
2026-10-01;12:20:00;-03:00;43,529998779296875;43,630001068115234;43,52000045776367;43,61000061035156;354600
2026-10-01;12:25:00;-03:00;43,61000061035156;43,7400016784668;43,61000061035156;43,720001220703125;582700
2026-10-01;12:30:00;-03:00;43,72999954223633;43,72999954223633;43,529998779296875;43,560001373291016;565500
2026-10-01;12:35:00;-03:00;43,56999969482422;43,58000183105469;43,459999084472656;43,540000915527344;880700
2026-10-01;12:40:00;-03:00;43,529998779296875;43,58000183105469;43,40999984741211;43,439998626708984;418500
2026-10-01;12:45:00;-03:00;43,439998626708984;43,58000183105469;43,40999984741211;43,529998779296875;162100
2026-10-01;12:50:00;-03:00;43,529998779296875;43,58000183105469;43,5;43,54999923706055;446300
2026-10-01;12:55:00;-03:00;43,560001373291016;43,59000015258789;43,529998779296875;43,540000915527344;168300
2026-10-01;13:00:00;-03:00;43,540000915527344;43,599998474121094;43,529998779296875;43,54999923706055;367600
2026-10-01;13:05:00;-03:00;43,54999923706055;43,72999954223633;43,54999923706055;43,66999816894531;981600
2026-10-01;13:10:00;-03:00;43,66999816894531;43,709999084472656;43,619998931884766;43,65999984741211;646200
2026-10-01;13:15:00;-03:00;43,66999816894531;43,77000045776367;43,65999984741211;43,68000030517578;502100
2026-10-01;13:20:00;-03:00;43,68000030517578;43,880001068115234;43,66999816894531;43,869998931884766;480300
2026-10-01;13:25:00;-03:00;43,880001068115234;44,040000915527344;43,84000015258789;44,0099983215332;1073400
2026-10-01;13:30:00;-03:00;44,0;44,09000015258789;44,0;44,08000183105469;424100
2026-10-01;13:35:00;-03:00;44,08000183105469;44,09000015258789;43,849998474121094;43,880001068115234;431200
2026-10-01;13:40:00;-03:00;43,88999938964844;43,95000076293945;43,79999923706055;43,86000061035156;321100
2026-10-01;13:45:00;-03:00;43,86000061035156;43,91999816894531;43,84000015258789;43,880001068115234;215000
2026-10-01;13:50:00;-03:00;43,869998931884766;43,869998931884766;43,7599983215332;43,810001373291016;261700
2026-10-01;13:55:00;-03:00;43,810001373291016;43,81999969482422;43,70000076293945;43,810001373291016;397300
2026-10-01;14:00:00;-03:00;43,79999923706055;43,869998931884766;43,720001220703125;43,86000061035156;1067700
2026-10-01;14:05:00;-03:00;43,869998931884766;43,91999816894531;43,779998779296875;43,810001373291016;483200
2026-10-01;14:10:00;-03:00;43,810001373291016;43,869998931884766;43,790000915527344;43,84000015258789;121000
2026-10-01;14:15:00;-03:00;43,84000015258789;44,0;43,83000183105469;43,9900016784668;224100
2026-10-01;14:20:00;-03:00;43,9900016784668;44,06999969482422;43,97999954223633;44,06999969482422;265100
2026-10-01;14:25:00;-03:00;44,06999969482422;44,150001525878906;44,029998779296875;44,04999923706055;324100
2026-10-01;14:30:00;-03:00;44,04999923706055;44,16999816894531;44,04999923706055;44,08000183105469;163900
2026-10-01;14:35:00;-03:00;44,06999969482422;44,119998931884766;44,029998779296875;44,08000183105469;5225600
2026-10-01;14:40:00;-03:00;44,06999969482422;44,08000183105469;44,0099983215332;44,060001373291016;132500
2026-10-01;14:45:00;-03:00;44,060001373291016;44,099998474121094;44,029998779296875;44,04999923706055;117600
2026-10-01;14:50:00;-03:00;44,040000915527344;44,099998474121094;43,97999954223633;43,97999954223633;363000
2026-10-01;14:55:00;-03:00;43,9900016784668;44,04999923706055;43,91999816894531;44,02000045776367;809900
2026-10-01;15:00:00;-03:00;44,02000045776367;44,06999969482422;43,95000076293945;44,0099983215332;3955800
2026-10-01;15:05:00;-03:00;44,0;44,02000045776367;43,93000030517578;43,97999954223633;308000
2026-10-01;15:10:00;-03:00;43,959999084472656;44,0099983215332;43,959999084472656;44,0;320900
2026-10-01;15:15:00;-03:00;44,0099983215332;44,029998779296875;43,97999954223633;43,9900016784668;419400
2026-10-01;15:20:00;-03:00;43,97999954223633;44,04999923706055;43,95000076293945;44,029998779296875;509300
2026-10-01;15:25:00;-03:00;44,02000045776367;44,02000045776367;43,93000030517578;43,959999084472656;451200
