Data;Hora;Fuso;Open;High;Low;Close;Volume
2026-09-28;10:03:00;-03:00;21,389999389648438;21,389999389648438;21,350000381469727;21,3700008392334;0
2026-09-28;10:04:00;-03:00;21,360000610351562;21,3700008392334;21,329999923706055;21,350000381469727;24500
2026-09-28;10:05:00;-03:00;21,34000015258789;21,40999984741211;21,329999923706055;21,40999984741211;81800
2026-09-28;10:06:00;-03:00;21,420000076293945;21,420000076293945;21,3700008392334;21,40999984741211;43100
2026-09-28;10:07:00;-03:00;21,420000076293945;21,420000076293945;21,31999969482422;21,31999969482422;100800
2026-09-28;10:08:00;-03:00;21,31999969482422;21,31999969482422;21,25;21,290000915527344;374300
2026-09-28;10:09:00;-03:00;21,290000915527344;21,299999237060547;21,270000457763672;21,270000457763672;152700
2026-09-28;10:10:00;-03:00;21,270000457763672;21,270000457763672;21,219999313354492;21,219999313354492;73300
2026-09-28;10:11:00;-03:00;21,219999313354492;21,239999771118164;21,18000030517578;21,219999313354492;276300
2026-09-28;10:12:00;-03:00;21,209999084472656;21,239999771118164;21,209999084472656;21,239999771118164;21800
2026-09-28;10:13:00;-03:00;21,239999771118164;21,270000457763672;21,239999771118164;21,270000457763672;34400
2026-09-28;10:14:00;-03:00;21,270000457763672;21,299999237060547;21,260000228881836;21,299999237060547;142700
2026-09-28;10:15:00;-03:00;21,299999237060547;21,309999465942383;21,280000686645508;21,299999237060547;208600
2026-09-28;10:16:00;-03:00;21,299999237060547;21,299999237060547;21,280000686645508;21,280000686645508;27200
2026-09-28;10:17:00;-03:00;21,290000915527344;21,290000915527344;21,229999542236328;21,239999771118164;81300
2026-09-28;10:18:00;-03:00;21,239999771118164;21,270000457763672;21,239999771118164;21,239999771118164;236600
2026-09-28;10:19:00;-03:00;21,229999542236328;21,229999542236328;21,200000762939453;21,229999542236328;80600
2026-09-28;10:20:00;-03:00;21,219999313354492;21,239999771118164;21,219999313354492;21,239999771118164;1117500
2026-09-28;10:21:00;-03:00;21,229999542236328;21,25;21,219999313354492;21,229999542236328;489300
2026-09-28;10:22:00;-03:00;21,229999542236328;21,239999771118164;21,219999313354492;21,229999542236328;17400
2026-09-28;10:23:00;-03:00;21,219999313354492;21,229999542236328;21,209999084472656;21,229999542236328;11100
2026-09-28;10:24:00;-03:00;21,229999542236328;21,25;21,219999313354492;21,25;29400
2026-09-28;10:25:00;-03:00;21,25;21,260000228881836;21,229999542236328;21,25;33000
2026-09-28;10:26:00;-03:00;21,25;21,299999237060547;21,25;21,299999237060547;42800
2026-09-28;10:27:00;-03:00;21,299999237060547;21,350000381469727;21,280000686645508;21,350000381469727;113300
2026-09-28;10:28:00;-03:00;21,34000015258789;21,350000381469727;21,329999923706055;21,350000381469727;342600
2026-09-28;10:29:00;-03:00;21,350000381469727;21,40999984741211;21,350000381469727;21,40999984741211;810500
2026-09-28;10:30:00;-03:00;21,399999618530273;21,440000534057617;21,389999389648438;21,399999618530273;55800
2026-09-28;10:31:00;-03:00;21,40999984741211;21,43000030517578;21,389999389648438;21,43000030517578;126400
2026-09-28;10:32:00;-03:00;21,40999984741211;21,459999084472656;21,40999984741211;21,459999084472656;74600
2026-09-28;10:33:00;-03:00;21,459999084472656;21,479999542236328;21,440000534057617;21,450000762939453;87400
2026-09-28;10:34:00;-03:00;21,450000762939453;21,510000228881836;21,450000762939453;21,510000228881836;110300
2026-09-28;10:35:00;-03:00;21,510000228881836;21,520000457763672;21,5;21,510000228881836;28700
2026-09-28;10:36:00;-03:00;21,5;21,520000457763672;21,489999771118164;21,520000457763672;73800
2026-09-28;10:37:00;-03:00;21,510000228881836;21,59000015258789;21,510000228881836;21,56999969482422;97200
2026-09-28;10:38:00;-03:00;21,56999969482422;21,600000381469727;21,549999237060547;21,600000381469727;150100
2026-09-28;10:39:00;-03:00;21,600000381469727;21,65999984741211;21,600000381469727;21,639999389648438;171900
2026-09-28;10:40:00;-03:00;21,6299991607666;21,639999389648438;21,600000381469727;21,610000610351562;56300
2026-09-28;10:41:00;-03:00;21,6200008392334;21,6200008392334;21,56999969482422;21,579999923706055;73300
2026-09-28;10:42:00;-03:00;21,579999923706055;21,610000610351562;21,56999969482422;21,59000015258789;177900
2026-09-28;10:43:00;-03:00;21,59000015258789;21,600000381469727;21,56999969482422;21,600000381469727;74400
2026-09-28;10:44:00;-03:00;21,610000610351562;21,65999984741211;21,59000015258789;21,65999984741211;118200
2026-09-28;10:45:00;-03:00;21,65999984741211;21,700000762939453;21,649999618530273;21,690000534057617;337500
2026-09-28;10:46:00;-03:00;21,700000762939453;21,700000762939453;21,639999389648438;21,649999618530273;80200
2026-09-28;10:47:00;-03:00;21,649999618530273;21,690000534057617;21,6200008392334;21,68000030517578;1054000
2026-09-28;10:48:00;-03:00;21,690000534057617;21,690000534057617;21,6200008392334;21,639999389648438;44400
2026-09-28;10:49:00;-03:00;21,6299991607666;21,649999618530273;21,56999969482422;21,56999969482422;765800
2026-09-28;10:50:00;-03:00;21,56999969482422;21,56999969482422;21,520000457763672;21,549999237060547;122900
2026-09-28;10:51:00;-03:00;21,549999237060547;21,56999969482422;21,530000686645508;21,56999969482422;45800
2026-09-28;10:52:00;-03:00;21,56999969482422;21,59000015258789;21,559999465942383;21,56999969482422;42900
2026-09-28;10:53:00;-03:00;21,559999465942383;21,56999969482422;21,530000686645508;21,549999237060547;79800
2026-09-28;10:54:00;-03:00;21,549999237060547;21,549999237060547;21,520000457763672;21,540000915527344;47500
2026-09-28;10:55:00;-03:00;21,540000915527344;21,540000915527344;21,489999771118164;21,5;54400
2026-09-28;10:56:00;-03:00;21,489999771118164;21,489999771118164;21,469999313354492;21,469999313354492;113400
2026-09-28;10:57:00;-03:00;21,469999313354492;21,489999771118164;21,459999084472656;21,469999313354492;34500
2026-09-28;10:58:00;-03:00;21,479999542236328;21,479999542236328;21,459999084472656;21,479999542236328;24900
2026-09-28;10:59:00;-03:00;21,479999542236328;21,489999771118164;21,459999084472656;21,469999313354492;161800
2026-09-28;11:00:00;-03:00;21,479999542236328;21,479999542236328;21,450000762939453;21,459999084472656;102800
2026-09-28;11:01:00;-03:00;21,450000762939453;21,450000762939453;21,3799991607666;21,399999618530273;1640500
2026-09-28;11:02:00;-03:00;21,389999389648438;21,399999618530273;21,3799991607666;21,389999389648438;47600
2026-09-28;11:03:00;-03:00;21,40999984741211;21,420000076293945;21,399999618530273;21,420000076293945;14900
2026-09-28;11:04:00;-03:00;21,40999984741211;21,40999984741211;21,3799991607666;21,3799991607666;43100
2026-09-28;11:05:00;-03:00;21,389999389648438;21,420000076293945;21,3799991607666;21,40999984741211;308800
2026-09-28;11:06:00;-03:00;21,40999984741211;21,469999313354492;21,399999618530273;21,469999313354492;373800
2026-09-28;11:07:00;-03:00;21,479999542236328;21,510000228881836;21,479999542236328;21,510000228881836;60600
2026-09-28;11:08:00;-03:00;21,510000228881836;21,510000228881836;21,469999313354492;21,489999771118164;222300
2026-09-28;11:09:00;-03:00;21,489999771118164;21,489999771118164;21,450000762939453;21,489999771118164;157300
2026-09-28;11:10:00;-03:00;21,5;21,520000457763672;21,489999771118164;21,489999771118164;765100
2026-09-28;11:11:00;-03:00;21,5;21,520000457763672;21,469999313354492;21,5;666700
2026-09-28;11:12:00;-03:00;21,520000457763672;21,56999969482422;21,520000457763672;21,540000915527344;207500
2026-09-28;11:13:00;-03:00;21,540000915527344;21,540000915527344;21,489999771118164;21,5;61700
2026-09-28;11:14:00;-03:00;21,479999542236328;21,479999542236328;21,450000762939453;21,479999542236328;62300
2026-09-28;11:15:00;-03:00;21,489999771118164;21,5;21,469999313354492;21,469999313354492;35900
2026-09-28;11:16:00;-03:00;21,479999542236328;21,530000686645508;21,479999542236328;21,530000686645508;140700
2026-09-28;11:17:00;-03:00;21,549999237060547;21,600000381469727;21,540000915527344;21,600000381469727;841800
2026-09-28;11:18:00;-03:00;21,600000381469727;21,6200008392334;21,600000381469727;21,610000610351562;23100
2026-09-28;11:19:00;-03:00;21,610000610351562;21,6200008392334;21,56999969482422;21,59000015258789;203800
2026-09-28;11:20:00;-03:00;21,59000015258789;21,600000381469727;21,59000015258789;21,59000015258789;25800
2026-09-28;11:21:00;-03:00;21,59000015258789;21,610000610351562;21,579999923706055;21,610000610351562;247200
2026-09-28;11:22:00;-03:00;21,600000381469727;21,610000610351562;21,59000015258789;21,610000610351562;30800
2026-09-28;11:23:00;-03:00;21,610000610351562;21,65999984741211;21,610000610351562;21,65999984741211;128000
2026-09-28;11:24:00;-03:00;21,670000076293945;21,709999084472656;21,639999389648438;21,639999389648438;335800
2026-09-28;11:25:00;-03:00;21,639999389648438;21,65999984741211;21,610000610351562;21,610000610351562;47300
2026-09-28;11:26:00;-03:00;21,6299991607666;21,670000076293945;21,6299991607666;21,670000076293945;39500
2026-09-28;11:27:00;-03:00;21,65999984741211;21,670000076293945;21,649999618530273;21,670000076293945;13600
2026-09-28;11:28:00;-03:00;21,65999984741211;21,670000076293945;21,65999984741211;21,670000076293945;22100
2026-09-28;11:29:00;-03:00;21,670000076293945;21,709999084472656;21,670000076293945;21,68000030517578;78100
2026-09-28;11:30:00;-03:00;21,670000076293945;21,670000076293945;21,65999984741211;21,670000076293945;13200
2026-09-28;11:31:00;-03:00;21,670000076293945;21,68000030517578;21,649999618530273;21,65999984741211;48200
2026-09-28;11:32:00;-03:00;21,65999984741211;21,65999984741211;21,600000381469727;21,600000381469727;59000
2026-09-28;11:33:00;-03:00;21,610000610351562;21,639999389648438;21,59000015258789;21,59000015258789;253900
2026-09-28;11:34:00;-03:00;21,610000610351562;21,610000610351562;21,59000015258789;21,600000381469727;34000
2026-09-28;11:35:00;-03:00;21,600000381469727;21,610000610351562;21,579999923706055;21,579999923706055;45700
2026-09-28;11:36:00;-03:00;21,59000015258789;21,6200008392334;21,579999923706055;21,6200008392334;8000
2026-09-28;11:37:00;-03:00;21,6200008392334;21,6200008392334;21,610000610351562;21,610000610351562;32100
2026-09-28;11:38:00;-03:00;21,6200008392334;21,6200008392334;21,600000381469727;21,600000381469727;43100
2026-09-28;11:39:00;-03:00;21,600000381469727;21,610000610351562;21,59000015258789;21,600000381469727;17100
2026-09-28;11:40:00;-03:00;21,610000610351562;21,639999389648438;21,600000381469727;21,610000610351562;163700
2026-09-28;11:41:00;-03:00;21,6299991607666;21,6299991607666;21,610000610351562;21,6200008392334;32700
2026-09-28;11:42:00;-03:00;21,6200008392334;21,6200008392334;21,600000381469727;21,610000610351562;15000
2026-09-28;11:43:00;-03:00;21,600000381469727;21,600000381469727;21,59000015258789;21,600000381469727;16400
2026-09-28;11:44:00;-03:00;21,59000015258789;21,639999389648438;21,59000015258789;21,639999389648438;114100
2026-09-28;11:45:00;-03:00;21,6200008392334;21,6299991607666;21,610000610351562;21,610000610351562;14700
2026-09-28;11:46:00;-03:00;21,600000381469727;21,600000381469727;21,579999923706055;21,579999923706055;67700
2026-09-28;11:47:00;-03:00;21,56999969482422;21,56999969482422;21,559999465942383;21,56999969482422;50600
2026-09-28;11:48:00;-03:00;21,579999923706055;21,610000610351562;21,579999923706055;21,600000381469727;83400
2026-09-28;11:49:00;-03:00;21,600000381469727;21,670000076293945;21,59000015258789;21,639999389648438;166000
2026-09-28;11:50:00;-03:00;21,6299991607666;21,68000030517578;21,6299991607666;21,670000076293945;218700
2026-09-28;11:51:00;-03:00;21,670000076293945;21,670000076293945;21,6200008392334;21,6200008392334;22400
2026-09-28;11:52:00;-03:00;21,6200008392334;21,639999389648438;21,6200008392334;21,6299991607666;14500
2026-09-28;11:53:00;-03:00;21,639999389648438;21,639999389648438;21,610000610351562;21,6200008392334;19400
2026-09-28;11:54:00;-03:00;21,6200008392334;21,6200008392334;21,600000381469727;21,610000610351562;14900
2026-09-28;11:55:00;-03:00;21,610000610351562;21,610000610351562;21,600000381469727;21,610000610351562;106900
2026-09-28;11:56:00;-03:00;21,610000610351562;21,6299991607666;21,610000610351562;21,6200008392334;46200
2026-09-28;11:57:00;-03:00;21,6200008392334;21,6200008392334;21,59000015258789;21,600000381469727;62000
2026-09-28;11:58:00;-03:00;21,610000610351562;21,6299991607666;21,610000610351562;21,6299991607666;2229900
2026-09-28;11:59:00;-03:00;21,6299991607666;21,6299991607666;21,6200008392334;21,6299991607666;20100
2026-09-28;12:00:00;-03:00;21,6200008392334;21,6299991607666;21,6200008392334;21,6299991607666;5500
2026-09-28;12:01:00;-03:00;21,6299991607666;21,6299991607666;21,600000381469727;21,600000381469727;91400
2026-09-28;12:02:00;-03:00;21,600000381469727;21,600000381469727;21,56999969482422;21,59000015258789;81900
2026-09-28;12:03:00;-03:00;21,600000381469727;21,610000610351562;21,59000015258789;21,59000015258789;42400
2026-09-28;12:04:00;-03:00;21,59000015258789;21,600000381469727;21,59000015258789;21,600000381469727;19500
2026-09-28;12:05:00;-03:00;21,600000381469727;21,610000610351562;21,579999923706055;21,579999923706055;32400
2026-09-28;12:06:00;-03:00;21,579999923706055;21,579999923706055;21,56999969482422;21,579999923706055;57500
2026-09-28;12:07:00;-03:00;21,579999923706055;21,600000381469727;21,579999923706055;21,600000381469727;6800
2026-09-28;12:08:00;-03:00;21,59000015258789;21,600000381469727;21,59000015258789;21,59000015258789;40100
2026-09-28;12:09:00;-03:00;21,579999923706055;21,610000610351562;21,579999923706055;21,600000381469727;37500
2026-09-28;12:10:00;-03:00;21,59000015258789;21,59000015258789;21,579999923706055;21,579999923706055;49600
2026-09-28;12:11:00;-03:00;21,579999923706055;21,59000015258789;21,56999969482422;21,59000015258789;5800
2026-09-28;12:12:00;-03:00;21,59000015258789;21,59000015258789;21,579999923706055;21,59000015258789;4400
2026-09-28;12:13:00;-03:00;21,59000015258789;21,600000381469727;21,579999923706055;21,600000381469727;26300
2026-09-28;12:14:00;-03:00;21,579999923706055;21,600000381469727;21,579999923706055;21,59000015258789;33500
2026-09-28;12:15:00;-03:00;21,579999923706055;21,600000381469727;21,559999465942383;21,579999923706055;41200
2026-09-28;12:16:00;-03:00;21,579999923706055;21,600000381469727;21,579999923706055;21,600000381469727;1100
2026-09-28;12:17:00;-03:00;21,600000381469727;21,600000381469727;21,59000015258789;21,600000381469727;3700
2026-09-28;12:18:00;-03:00;21,600000381469727;21,6200008392334;21,600000381469727;21,610000610351562;49000
2026-09-28;12:19:00;-03:00;21,6200008392334;21,6200008392334;21,610000610351562;21,6200008392334;5300
2026-09-28;12:20:00;-03:00;21,6200008392334;21,6200008392334;21,610000610351562;21,6200008392334;10300
2026-09-28;12:21:00;-03:00;21,6200008392334;21,6200008392334;21,610000610351562;21,6200008392334;17900
2026-09-28;12:22:00;-03:00;21,6200008392334;21,6200008392334;21,610000610351562;21,6200008392334;10300
2026-09-28;12:23:00;-03:00;21,6200008392334;21,639999389648438;21,610000610351562;21,6200008392334;135100
2026-09-28;12:24:00;-03:00;21,6200008392334;21,6200008392334;21,610000610351562;21,610000610351562;15500
2026-09-28;12:25:00;-03:00;21,610000610351562;21,610000610351562;21,56999969482422;21,56999969482422;219600
2026-09-28;12:26:00;-03:00;21,579999923706055;21,579999923706055;21,56999969482422;21,579999923706055;25800
2026-09-28;12:27:00;-03:00;21,59000015258789;21,59000015258789;21,579999923706055;21,579999923706055;5900
2026-09-28;12:28:00;-03:00;21,59000015258789;21,59000015258789;21,549999237060547;21,559999465942383;37700
2026-09-28;12:29:00;-03:00;21,559999465942383;21,579999923706055;21,559999465942383;21,56999969482422;5200
2026-09-28;12:30:00;-03:00;21,56999969482422;21,579999923706055;21,56999969482422;21,579999923706055;4000
2026-09-28;12:31:00;-03:00;21,56999969482422;21,579999923706055;21,56999969482422;21,56999969482422;12200
2026-09-28;12:32:00;-03:00;21,579999923706055;21,579999923706055;21,56999969482422;21,56999969482422;6100
2026-09-28;12:33:00;-03:00;21,579999923706055;21,579999923706055;21,549999237060547;21,549999237060547;48600
2026-09-28;12:34:00;-03:00;21,559999465942383;21,56999969482422;21,559999465942383;21,56999969482422;8500
2026-09-28;12:35:00;-03:00;21,579999923706055;21,579999923706055;21,56999969482422;21,56999969482422;2900
2026-09-28;12:36:00;-03:00;21,579999923706055;21,600000381469727;21,579999923706055;21,600000381469727;21600
2026-09-28;12:37:00;-03:00;21,59000015258789;21,600000381469727;21,579999923706055;21,600000381469727;21500
2026-09-28;12:38:00;-03:00;21,59000015258789;21,610000610351562;21,59000015258789;21,610000610351562;9900
2026-09-28;12:39:00;-03:00;21,600000381469727;21,600000381469727;21,59000015258789;21,600000381469727;7900
2026-09-28;12:40:00;-03:00;21,59000015258789;21,600000381469727;21,59000015258789;21,600000381469727;49600
2026-09-28;12:41:00;-03:00;21,59000015258789;21,59000015258789;21,579999923706055;21,579999923706055;17500
2026-09-28;12:42:00;-03:00;21,579999923706055;21,59000015258789;21,579999923706055;21,579999923706055;3600
2026-09-28;12:43:00;-03:00;21,59000015258789;21,59000015258789;21,56999969482422;21,56999969482422;23100
2026-09-28;12:44:00;-03:00;21,56999969482422;21,56999969482422;21,559999465942383;21,56999969482422;38500
2026-09-28;12:45:00;-03:00;21,559999465942383;21,56999969482422;21,559999465942383;21,56999969482422;5100
2026-09-28;12:46:00;-03:00;21,56999969482422;21,579999923706055;21,559999465942383;21,56999969482422;6200
2026-09-28;12:47:00;-03:00;21,579999923706055;21,579999923706055;21,56999969482422;21,579999923706055;15200
2026-09-28;12:48:00;-03:00;21,579999923706055;21,59000015258789;21,56999969482422;21,59000015258789;20300
2026-09-28;12:49:00;-03:00;21,59000015258789;21,59000015258789;21,579999923706055;21,579999923706055;4900
2026-09-28;12:50:00;-03:00;21,59000015258789;21,59000015258789;21,579999923706055;21,59000015258789;2800
2026-09-28;12:51:00;-03:00;21,59000015258789;21,600000381469727;21,579999923706055;21,59000015258789;44000
2026-09-28;12:52:00;-03:00;21,579999923706055;21,579999923706055;21,56999969482422;21,56999969482422;13300
2026-09-28;12:53:00;-03:00;21,56999969482422;21,59000015258789;21,56999969482422;21,59000015258789;3600
2026-09-28;12:54:00;-03:00;21,59000015258789;21,610000610351562;21,579999923706055;21,610000610351562;15800
2026-09-28;12:55:00;-03:00;21,610000610351562;21,6299991607666;21,600000381469727;21,610000610351562;24600
2026-09-28;12:56:00;-03:00;21,6200008392334;21,6200008392334;21,610000610351562;21,610000610351562;8500
2026-09-28;12:57:00;-03:00;21,6200008392334;21,6200008392334;21,610000610351562;21,6200008392334;4100
2026-09-28;12:58:00;-03:00;21,6200008392334;21,6200008392334;21,600000381469727;21,600000381469727;17900
2026-09-28;12:59:00;-03:00;21,610000610351562;21,610000610351562;21,600000381469727;21,610000610351562;3100
2026-09-28;13:00:00;-03:00;21,610000610351562;21,610000610351562;21,600000381469727;21,610000610351562;5900
2026-09-28;13:01:00;-03:00;21,600000381469727;21,600000381469727;21,600000381469727;21,600000381469727;17300
2026-09-28;13:02:00;-03:00;21,610000610351562;21,610000610351562;21,600000381469727;21,600000381469727;4400
2026-09-28;13:03:00;-03:00;21,600000381469727;21,600000381469727;21,59000015258789;21,59000015258789;44300
2026-09-28;13:04:00;-03:00;21,600000381469727;21,600000381469727;21,59000015258789;21,600000381469727;14700
2026-09-28;13:05:00;-03:00;21,600000381469727;21,600000381469727;21,59000015258789;21,600000381469727;27000
2026-09-28;13:06:00;-03:00;21,600000381469727;21,600000381469727;21,59000015258789;21,59000015258789;23600
2026-09-28;13:07:00;-03:00;21,59000015258789;21,6200008392334;21,59000015258789;21,6200008392334;93700
2026-09-28;13:08:00;-03:00;21,6200008392334;21,6200008392334;21,610000610351562;21,6200008392334;11700
2026-09-28;13:09:00;-03:00;21,6200008392334;21,639999389648438;21,6200008392334;21,6299991607666;41900
2026-09-28;13:10:00;-03:00;21,6299991607666;21,6299991607666;21,6200008392334;21,6299991607666;4800
2026-09-28;13:11:00;-03:00;21,6200008392334;21,6299991607666;21,610000610351562;21,6200008392334;12000
2026-09-28;13:12:00;-03:00;21,6200008392334;21,6200008392334;21,600000381469727;21,600000381469727;21600
2026-09-28;13:13:00;-03:00;21,600000381469727;21,6200008392334;21,59000015258789;21,6200008392334;77800
2026-09-28;13:14:00;-03:00;21,6200008392334;21,6200008392334;21,610000610351562;21,610000610351562;2900
2026-09-28;13:15:00;-03:00;21,600000381469727;21,6200008392334;21,600000381469727;21,610000610351562;10100
2026-09-28;13:16:00;-03:00;21,610000610351562;21,6299991607666;21,59000015258789;21,6299991607666;170000
2026-09-28;13:17:00;-03:00;21,6299991607666;21,6299991607666;21,610000610351562;21,610000610351562;199100
2026-09-28;13:18:00;-03:00;21,610000610351562;21,6200008392334;21,610000610351562;21,6200008392334;3800
2026-09-28;13:19:00;-03:00;21,610000610351562;21,610000610351562;21,600000381469727;21,610000610351562;8000
2026-09-28;13:20:00;-03:00;21,610000610351562;21,649999618530273;21,610000610351562;21,649999618530273;360100
2026-09-28;13:21:00;-03:00;21,649999618530273;21,649999618530273;21,6299991607666;21,649999618530273;3116200
2026-09-28;13:22:00;-03:00;21,65999984741211;21,670000076293945;21,649999618530273;21,65999984741211;26500
2026-09-28;13:23:00;-03:00;21,65999984741211;21,670000076293945;21,649999618530273;21,65999984741211;15300
2026-09-28;13:24:00;-03:00;21,65999984741211;21,780000686645508;21,65999984741211;21,760000228881836;119400
2026-09-28;13:25:00;-03:00;21,75;21,75;21,690000534057617;21,719999313354492;406600
2026-09-28;13:26:00;-03:00;21,709999084472656;21,809999465942383;21,709999084472656;21,790000915527344;351600
2026-09-28;13:27:00;-03:00;21,790000915527344;21,809999465942383;21,75;21,75;484700
2026-09-28;13:28:00;-03:00;21,75;21,760000228881836;21,739999771118164;21,75;57300
2026-09-28;13:29:00;-03:00;21,75;21,770000457763672;21,739999771118164;21,739999771118164;69400
2026-09-28;13:30:00;-03:00;21,729999542236328;21,729999542236328;21,68000030517578;21,700000762939453;65100
2026-09-28;13:31:00;-03:00;21,700000762939453;21,700000762939453;21,68000030517578;21,68000030517578;17600
2026-09-28;13:32:00;-03:00;21,68000030517578;21,690000534057617;21,670000076293945;21,670000076293945;30700
2026-09-28;13:33:00;-03:00;21,670000076293945;21,68000030517578;21,65999984741211;21,670000076293945;12200
2026-09-28;13:34:00;-03:00;21,65999984741211;21,709999084472656;21,65999984741211;21,709999084472656;77000
2026-09-28;13:35:00;-03:00;21,709999084472656;21,709999084472656;21,700000762939453;21,700000762939453;29800
2026-09-28;13:36:00;-03:00;21,709999084472656;21,709999084472656;21,700000762939453;21,700000762939453;9500
2026-09-28;13:37:00;-03:00;21,709999084472656;21,709999084472656;21,68000030517578;21,690000534057617;60200
2026-09-28;13:38:00;-03:00;21,68000030517578;21,690000534057617;21,649999618530273;21,65999984741211;18100
2026-09-28;13:39:00;-03:00;21,649999618530273;21,670000076293945;21,639999389648438;21,649999618530273;25000
2026-09-28;13:40:00;-03:00;21,65999984741211;21,65999984741211;21,639999389648438;21,649999618530273;3800
2026-09-28;13:41:00;-03:00;21,649999618530273;21,649999618530273;21,639999389648438;21,649999618530273;15900
2026-09-28;13:42:00;-03:00;21,639999389648438;21,649999618530273;21,639999389648438;21,649999618530273;5900
2026-09-28;13:43:00;-03:00;21,639999389648438;21,639999389648438;21,6299991607666;21,639999389648438;10900
2026-09-28;13:44:00;-03:00;21,6299991607666;21,639999389648438;21,6299991607666;21,6299991607666;5500
2026-09-28;13:45:00;-03:00;21,6299991607666;21,649999618530273;21,6299991607666;21,649999618530273;8800
2026-09-28;13:46:00;-03:00;21,639999389648438;21,639999389648438;21,6299991607666;21,6299991607666;6100
2026-09-28;13:47:00;-03:00;21,6299991607666;21,639999389648438;21,6299991607666;21,6299991607666;7700
2026-09-28;13:48:00;-03:00;21,639999389648438;21,649999618530273;21,6299991607666;21,639999389648438;13400
2026-09-28;13:49:00;-03:00;21,649999618530273;21,649999618530273;21,639999389648438;21,639999389648438;5400
2026-09-28;13:50:00;-03:00;21,649999618530273;21,649999618530273;21,639999389648438;21,639999389648438;7900
2026-09-28;13:51:00;-03:00;21,649999618530273;21,65999984741211;21,639999389648438;21,649999618530273;10200
2026-09-28;13:52:00;-03:00;21,65999984741211;21,65999984741211;21,6299991607666;21,639999389648438;48200
2026-09-28;13:53:00;-03:00;21,639999389648438;21,639999389648438;21,6200008392334;21,6200008392334;15300
2026-09-28;13:54:00;-03:00;21,6299991607666;21,639999389648438;21,6200008392334;21,6200008392334;403600
2026-09-28;13:55:00;-03:00;21,6299991607666;21,6299991607666;21,6200008392334;21,6200008392334;14700
2026-09-28;13:56:00;-03:00;21,6200008392334;21,6299991607666;21,6200008392334;21,6299991607666;3900
2026-09-28;13:57:00;-03:00;21,6200008392334;21,6299991607666;21,610000610351562;21,6200008392334;9700
2026-09-28;13:58:00;-03:00;21,610000610351562;21,6299991607666;21,610000610351562;21,6200008392334;20700
2026-09-28;13:59:00;-03:00;21,6200008392334;21,6299991607666;21,610000610351562;21,610000610351562;12200
2026-09-28;14:00:00;-03:00;21,610000610351562;21,6200008392334;21,600000381469727;21,6200008392334;30800
2026-09-28;14:01:00;-03:00;21,610000610351562;21,6200008392334;21,579999923706055;21,579999923706055;82900
2026-09-28;14:02:00;-03:00;21,579999923706055;21,59000015258789;21,579999923706055;21,59000015258789;47400
2026-09-28;14:03:00;-03:00;21,59000015258789;21,59000015258789;21,579999923706055;21,59000015258789;9200
2026-09-28;14:04:00;-03:00;21,59000015258789;21,59000015258789;21,56999969482422;21,56999969482422;33000
2026-09-28;14:05:00;-03:00;21,579999923706055;21,59000015258789;21,579999923706055;21,579999923706055;24500
2026-09-28;14:06:00;-03:00;21,579999923706055;21,59000015258789;21,579999923706055;21,579999923706055;8900
2026-09-28;14:07:00;-03:00;21,59000015258789;21,59000015258789;21,579999923706055;21,579999923706055;10700
2026-09-28;14:08:00;-03:00;21,59000015258789;21,59000015258789;21,579999923706055;21,59000015258789;25900
2026-09-28;14:09:00;-03:00;21,579999923706055;21,600000381469727;21,579999923706055;21,59000015258789;26700
2026-09-28;14:10:00;-03:00;21,600000381469727;21,610000610351562;21,59000015258789;21,600000381469727;11700
2026-09-28;14:11:00;-03:00;21,600000381469727;21,700000762939453;21,600000381469727;21,690000534057617;96400
2026-09-28;14:12:00;-03:00;21,700000762939453;21,729999542236328;21,690000534057617;21,690000534057617;85700
2026-09-28;14:13:00;-03:00;21,690000534057617;21,690000534057617;21,639999389648438;21,649999618530273;99100
2026-09-28;14:14:00;-03:00;21,649999618530273;21,649999618530273;21,6299991607666;21,649999618530273;92800
2026-09-28;14:15:00;-03:00;21,639999389648438;21,649999618530273;21,610000610351562;21,6200008392334;31800
2026-09-28;14:16:00;-03:00;21,6299991607666;21,65999984741211;21,6299991607666;21,65999984741211;17200
2026-09-28;14:17:00;-03:00;21,65999984741211;21,65999984741211;21,6200008392334;21,6299991607666;50000
2026-09-28;14:18:00;-03:00;21,6299991607666;21,649999618530273;21,6299991607666;21,6299991607666;12300
2026-09-28;14:19:00;-03:00;21,6299991607666;21,6299991607666;21,610000610351562;21,610000610351562;14200
2026-09-28;14:20:00;-03:00;21,610000610351562;21,6200008392334;21,610000610351562;21,610000610351562;17800
2026-09-28;14:21:00;-03:00;21,610000610351562;21,6200008392334;21,610000610351562;21,610000610351562;11500
2026-09-28;14:22:00;-03:00;21,6200008392334;21,6299991607666;21,610000610351562;21,6200008392334;27100
2026-09-28;14:23:00;-03:00;21,610000610351562;21,6200008392334;21,600000381469727;21,610000610351562;12400
2026-09-28;14:24:00;-03:00;21,610000610351562;21,6200008392334;21,610000610351562;21,6200008392334;9800
2026-09-28;14:25:00;-03:00;21,610000610351562;21,6200008392334;21,610000610351562;21,6200008392334;10600
2026-09-28;14:26:00;-03:00;21,610000610351562;21,6200008392334;21,600000381469727;21,600000381469727;22200
2026-09-28;14:27:00;-03:00;21,600000381469727;21,610000610351562;21,600000381469727;21,610000610351562;8000
2026-09-28;14:28:00;-03:00;21,610000610351562;21,610000610351562;21,600000381469727;21,610000610351562;10900
2026-09-28;14:29:00;-03:00;21,610000610351562;21,610000610351562;21,600000381469727;21,600000381469727;18200
2026-09-28;14:30:00;-03:00;21,610000610351562;21,649999618530273;21,610000610351562;21,6299991607666;54300
2026-09-28;14:31:00;-03:00;21,6299991607666;21,639999389648438;21,6299991607666;21,639999389648438;10500
2026-09-28;14:32:00;-03:00;21,6299991607666;21,639999389648438;21,6200008392334;21,6200008392334;11700
2026-09-28;14:33:00;-03:00;21,6200008392334;21,6299991607666;21,6200008392334;21,6200008392334;6700
2026-09-28;14:34:00;-03:00;21,6299991607666;21,6299991607666;21,59000015258789;21,600000381469727;70200
2026-09-28;14:35:00;-03:00;21,59000015258789;21,600000381469727;21,59000015258789;21,59000015258789;16700
2026-09-28;14:36:00;-03:00;21,600000381469727;21,610000610351562;21,59000015258789;21,610000610351562;55800
2026-09-28;14:37:00;-03:00;21,600000381469727;21,610000610351562;21,59000015258789;21,59000015258789;41200
2026-09-28;14:38:00;-03:00;21,59000015258789;21,610000610351562;21,579999923706055;21,610000610351562;38300
2026-09-28;14:39:00;-03:00;21,600000381469727;21,610000610351562;21,600000381469727;21,600000381469727;18300
2026-09-28;14:40:00;-03:00;21,59000015258789;21,600000381469727;21,59000015258789;21,59000015258789;9900
2026-09-28;14:41:00;-03:00;21,600000381469727;21,610000610351562;21,59000015258789;21,600000381469727;68300
2026-09-28;14:42:00;-03:00;21,600000381469727;21,610000610351562;21,59000015258789;21,600000381469727;20900
2026-09-28;14:43:00;-03:00;21,59000015258789;21,600000381469727;21,579999923706055;21,59000015258789;53800
2026-09-28;14:44:00;-03:00;21,59000015258789;21,610000610351562;21,59000015258789;21,600000381469727;20000
2026-09-28;14:45:00;-03:00;21,600000381469727;21,610000610351562;21,600000381469727;21,600000381469727;5700
2026-09-28;14:46:00;-03:00;21,600000381469727;21,600000381469727;21,56999969482422;21,56999969482422;67600
2026-09-28;14:47:00;-03:00;21,559999465942383;21,59000015258789;21,559999465942383;21,56999969482422;58300
2026-09-28;14:48:00;-03:00;21,56999969482422;21,579999923706055;21,56999969482422;21,56999969482422;15000
2026-09-28;14:49:00;-03:00;21,56999969482422;21,579999923706055;21,56999969482422;21,56999969482422;4500
2026-09-28;14:50:00;-03:00;21,579999923706055;21,579999923706055;21,56999969482422;21,579999923706055;17700
2026-09-28;14:51:00;-03:00;21,56999969482422;21,579999923706055;21,56999969482422;21,56999969482422;9900
2026-09-28;14:52:00;-03:00;21,56999969482422;21,579999923706055;21,549999237060547;21,549999237060547;56500
2026-09-28;14:53:00;-03:00;21,549999237060547;21,559999465942383;21,549999237060547;21,549999237060547;24700
2026-09-28;14:54:00;-03:00;21,549999237060547;21,559999465942383;21,530000686645508;21,549999237060547;116700
2026-09-28;14:55:00;-03:00;21,549999237060547;21,559999465942383;21,530000686645508;21,530000686645508;58300
2026-09-28;14:56:00;-03:00;21,540000915527344;21,549999237060547;21,540000915527344;21,549999237060547;9700
2026-09-28;14:57:00;-03:00;21,549999237060547;21,559999465942383;21,540000915527344;21,549999237060547;16800
2026-09-28;14:58:00;-03:00;21,559999465942383;21,559999465942383;21,530000686645508;21,530000686645508;34100
2026-09-28;14:59:00;-03:00;21,530000686645508;21,559999465942383;21,530000686645508;21,549999237060547;34200
2026-09-28;15:00:00;-03:00;21,559999465942383;21,559999465942383;21,549999237060547;21,549999237060547;24600
2026-09-28;15:01:00;-03:00;21,549999237060547;21,559999465942383;21,549999237060547;21,549999237060547;18700
2026-09-28;15:02:00;-03:00;21,559999465942383;21,56999969482422;21,549999237060547;21,559999465942383;57500
2026-09-28;15:03:00;-03:00;21,56999969482422;21,56999969482422;21,549999237060547;21,549999237060547;5541100
2026-09-28;15:04:00;-03:00;21,549999237060547;21,56999969482422;21,549999237060547;21,549999237060547;19800
2026-09-28;15:05:00;-03:00;21,549999237060547;21,56999969482422;21,549999237060547;21,56999969482422;15000
2026-09-28;15:06:00;-03:00;21,559999465942383;21,56999969482422;21,559999465942383;21,56999969482422;12400
2026-09-28;15:07:00;-03:00;21,559999465942383;21,56999969482422;21,559999465942383;21,56999969482422;15100
2026-09-28;15:08:00;-03:00;21,559999465942383;21,56999969482422;21,549999237060547;21,549999237060547;39900
2026-09-28;15:09:00;-03:00;21,549999237060547;21,559999465942383;21,549999237060547;21,549999237060547;15300
2026-09-28;15:10:00;-03:00;21,559999465942383;21,559999465942383;21,530000686645508;21,530000686645508;46700
2026-09-28;15:11:00;-03:00;21,540000915527344;21,540000915527344;21,520000457763672;21,530000686645508;46900
2026-09-28;15:12:00;-03:00;21,540000915527344;21,549999237060547;21,530000686645508;21,540000915527344;9400
2026-09-28;15:13:00;-03:00;21,540000915527344;21,549999237060547;21,540000915527344;21,549999237060547;18800
2026-09-28;15:14:00;-03:00;21,549999237060547;21,549999237060547;21,540000915527344;21,540000915527344;13600
2026-09-28;15:15:00;-03:00;21,549999237060547;21,549999237060547;21,530000686645508;21,530000686645508;21700
2026-09-28;15:16:00;-03:00;21,540000915527344;21,540000915527344;21,530000686645508;21,540000915527344;10000
2026-09-28;15:17:00;-03:00;21,530000686645508;21,540000915527344;21,530000686645508;21,530000686645508;25600
2026-09-28;15:18:00;-03:00;21,530000686645508;21,540000915527344;21,530000686645508;21,530000686645508;13200
2026-09-28;15:19:00;-03:00;21,540000915527344;21,540000915527344;21,510000228881836;21,520000457763672;35100
2026-09-28;15:20:00;-03:00;21,520000457763672;21,530000686645508;21,510000228881836;21,520000457763672;847600
2026-09-28;15:21:00;-03:00;21,520000457763672;21,530000686645508;21,479999542236328;21,510000228881836;0
2026-09-28;15:22:00;-03:00;21,489999771118164;21,540000915527344;21,489999771118164;21,530000686645508;43800
2026-09-28;15:23:00;-03:00;21,530000686645508;21,549999237060547;21,520000457763672;21,530000686645508;66500
2026-09-28;15:24:00;-03:00;21,520000457763672;21,520000457763672;21,510000228881836;21,510000228881836;13800
2026-09-28;15:25:00;-03:00;21,510000228881836;21,520000457763672;21,510000228881836;21,510000228881836;16400
2026-09-28;15:26:00;-03:00;21,510000228881836;21,520000457763672;21,5;21,520000457763672;651000
2026-09-28;15:27:00;-03:00;21,510000228881836;21,559999465942383;21,510000228881836;21,540000915527344;240200
2026-09-28;15:28:00;-03:00;21,549999237060547;21,549999237060547;21,530000686645508;21,540000915527344;42500
2026-09-28;15:29:00;-03:00;21,530000686645508;21,559999465942383;21,530000686645508;21,549999237060547;22500
2026-09-28;15:30:00;-03:00;21,540000915527344;21,540000915527344;21,510000228881836;21,520000457763672;57400
2026-09-28;15:31:00;-03:00;21,530000686645508;21,549999237060547;21,530000686645508;21,549999237060547;17000
2026-09-28;15:32:00;-03:00;21,540000915527344;21,549999237060547;21,540000915527344;21,549999237060547;10700
2026-09-28;15:33:00;-03:00;21,540000915527344;21,549999237060547;21,540000915527344;21,549999237060547;11100
2026-09-28;15:34:00;-03:00;21,549999237060547;21,549999237060547;21,540000915527344;21,540000915527344;198100
2026-09-28;15:35:00;-03:00;21,530000686645508;21,540000915527344;21,530000686645508;21,540000915527344;25900
2026-09-28;15:36:00;-03:00;21,530000686645508;21,540000915527344;21,520000457763672;21,520000457763672;35800
2026-09-28;15:37:00;-03:00;21,520000457763672;21,540000915527344;21,520000457763672;21,540000915527344;29500
2026-09-28;15:38:00;-03:00;21,540000915527344;21,540000915527344;21,520000457763672;21,530000686645508;46300
2026-09-28;15:39:00;-03:00;21,530000686645508;21,530000686645508;21,510000228881836;21,510000228881836;12900
2026-09-28;15:40:00;-03:00;21,510000228881836;21,530000686645508;21,5;21,520000457763672;75000
2026-09-28;15:41:00;-03:00;21,520000457763672;21,530000686645508;21,520000457763672;21,520000457763672;17500
2026-09-28;15:42:00;-03:00;21,520000457763672;21,520000457763672;21,5;21,5;32400
2026-09-28;15:43:00;-03:00;21,5;21,510000228881836;21,5;21,5;24700
2026-09-28;15:44:00;-03:00;21,510000228881836;21,510000228881836;21,5;21,5;19200
2026-09-28;15:45:00;-03:00;21,5;21,510000228881836;21,5;21,510000228881836;11100
2026-09-28;15:46:00;-03:00;21,5;21,510000228881836;21,5;21,510000228881836;13700
2026-09-28;15:47:00;-03:00;21,5;21,520000457763672;21,5;21,520000457763672;46000
2026-09-28;15:48:00;-03:00;21,510000228881836;21,530000686645508;21,510000228881836;21,530000686645508;32400
2026-09-28;15:49:00;-03:00;21,520000457763672;21,530000686645508;21,510000228881836;21,510000228881836;39500
2026-09-28;15:50:00;-03:00;21,510000228881836;21,520000457763672;21,510000228881836;21,510000228881836;18900
2026-09-28;15:51:00;-03:00;21,510000228881836;21,520000457763672;21,5;21,5;17900
2026-09-28;15:52:00;-03:00;21,510000228881836;21,510000228881836;21,5;21,510000228881836;10900
2026-09-28;15:53:00;-03:00;21,5;21,510000228881836;21,489999771118164;21,489999771118164;45500
2026-09-28;15:54:00;-03:00;21,5;21,5;21,489999771118164;21,489999771118164;13700
2026-09-28;15:55:00;-03:00;21,489999771118164;21,510000228881836;21,489999771118164;21,510000228881836;25900
2026-09-28;15:56:00;-03:00;21,5;21,510000228881836;21,5;21,5;15500
2026-09-28;15:57:00;-03:00;21,5;21,540000915527344;21,5;21,520000457763672;100500
2026-09-28;15:58:00;-03:00;21,520000457763672;21,530000686645508;21,520000457763672;21,520000457763672;24700
2026-09-28;15:59:00;-03:00;21,520000457763672;21,530000686645508;21,520000457763672;21,530000686645508;28100
2026-09-28;16:00:00;-03:00;21,530000686645508;21,530000686645508;21,5;21,510000228881836;58800
2026-09-28;16:01:00;-03:00;21,5;21,520000457763672;21,489999771118164;21,5;34200
2026-09-28;16:02:00;-03:00;21,5;21,520000457763672;21,5;21,520000457763672;27400
2026-09-28;16:03:00;-03:00;21,520000457763672;21,530000686645508;21,510000228881836;21,520000457763672;8000
2026-09-28;16:04:00;-03:00;21,520000457763672;21,530000686645508;21,520000457763672;21,530000686645508;26700
2026-09-28;16:05:00;-03:00;21,530000686645508;21,530000686645508;21,510000228881836;21,510000228881836;33600
2026-09-28;16:06:00;-03:00;21,510000228881836;21,520000457763672;21,510000228881836;21,510000228881836;17400
2026-09-28;16:07:00;-03:00;21,510000228881836;21,520000457763672;21,5;21,5;45000
2026-09-28;16:08:00;-03:00;21,5;21,510000228881836;21,489999771118164;21,489999771118164;49600
2026-09-28;16:09:00;-03:00;21,489999771118164;21,5;21,489999771118164;21,489999771118164;23400
2026-09-28;16:10:00;-03:00;21,5;21,510000228881836;21,489999771118164;21,510000228881836;24300
2026-09-28;16:11:00;-03:00;21,5;21,510000228881836;21,5;21,5;14700
2026-09-28;16:12:00;-03:00;21,510000228881836;21,510000228881836;21,489999771118164;21,489999771118164;61600
2026-09-28;16:13:00;-03:00;21,5;21,5;21,479999542236328;21,479999542236328;42000
2026-09-28;16:14:00;-03:00;21,479999542236328;21,489999771118164;21,479999542236328;21,489999771118164;16600
2026-09-28;16:15:00;-03:00;21,479999542236328;21,479999542236328;21,450000762939453;21,459999084472656;49600
2026-09-28;16:16:00;-03:00;21,469999313354492;21,489999771118164;21,459999084472656;21,469999313354492;56100
2026-09-28;16:17:00;-03:00;21,469999313354492;21,479999542236328;21,459999084472656;21,459999084472656;50900
2026-09-28;16:18:00;-03:00;21,469999313354492;21,469999313354492;21,459999084472656;21,459999084472656;19200
2026-09-28;16:19:00;-03:00;21,459999084472656;21,469999313354492;21,459999084472656;21,459999084472656;17900
2026-09-28;16:20:00;-03:00;21,469999313354492;21,469999313354492;21,459999084472656;21,459999084472656;18400
2026-09-28;16:21:00;-03:00;21,459999084472656;21,469999313354492;21,459999084472656;21,469999313354492;19300
2026-09-28;16:22:00;-03:00;21,459999084472656;21,479999542236328;21,450000762939453;21,479999542236328;64100
2026-09-28;16:23:00;-03:00;21,479999542236328;21,479999542236328;21,459999084472656;21,469999313354492;29000
2026-09-28;16:24:00;-03:00;21,469999313354492;21,469999313354492;21,459999084472656;21,459999084472656;13100
2026-09-28;16:25:00;-03:00;21,459999084472656;21,469999313354492;21,459999084472656;21,459999084472656;22200
2026-09-28;16:26:00;-03:00;21,459999084472656;21,489999771118164;21,450000762939453;21,489999771118164;46300
2026-09-28;16:27:00;-03:00;21,479999542236328;21,489999771118164;21,479999542236328;21,479999542236328;9800
2026-09-28;16:28:00;-03:00;21,479999542236328;21,489999771118164;21,469999313354492;21,469999313354492;30000
2026-09-28;16:29:00;-03:00;21,469999313354492;21,5;21,469999313354492;21,5;44300
2026-09-28;16:30:00;-03:00;21,479999542236328;21,5;21,479999542236328;21,5;14300
2026-09-28;16:31:00;-03:00;21,489999771118164;21,510000228881836;21,489999771118164;21,510000228881836;64300
2026-09-28;16:32:00;-03:00;21,5;21,510000228881836;21,489999771118164;21,489999771118164;76900
2026-09-28;16:33:00;-03:00;21,479999542236328;21,489999771118164;21,469999313354492;21,489999771118164;75900
2026-09-28;16:34:00;-03:00;21,489999771118164;21,489999771118164;21,479999542236328;21,479999542236328;32400
2026-09-28;16:35:00;-03:00;21,479999542236328;21,5;21,459999084472656;21,489999771118164;141300
2026-09-28;16:36:00;-03:00;21,479999542236328;21,5;21,469999313354492;21,489999771118164;34900
2026-09-28;16:37:00;-03:00;21,5;21,510000228881836;21,489999771118164;21,510000228881836;198100
2026-09-28;16:38:00;-03:00;21,5;21,510000228881836;21,479999542236328;21,5;154100
2026-09-28;16:39:00;-03:00;21,489999771118164;21,5;21,479999542236328;21,479999542236328;39300
2026-09-28;16:40:00;-03:00;21,489999771118164;21,510000228881836;21,479999542236328;21,510000228881836;45100
2026-09-28;16:41:00;-03:00;21,5;21,510000228881836;21,489999771118164;21,5;59800
2026-09-28;16:42:00;-03:00;21,5;21,5;21,489999771118164;21,5;51000
2026-09-28;16:43:00;-03:00;21,5;21,5;21,469999313354492;21,479999542236328;106300
2026-09-28;16:44:00;-03:00;21,469999313354492;21,489999771118164;21,469999313354492;21,489999771118164;36700
2026-09-28;16:45:00;-03:00;21,489999771118164;21,510000228881836;21,479999542236328;21,5;77300
2026-09-28;16:46:00;-03:00;21,510000228881836;21,530000686645508;21,5;21,520000457763672;49200
2026-09-28;16:47:00;-03:00;21,520000457763672;21,530000686645508;21,510000228881836;21,520000457763672;29600
2026-09-28;16:48:00;-03:00;21,520000457763672;21,530000686645508;21,510000228881836;21,520000457763672;36300
2026-09-28;16:49:00;-03:00;21,520000457763672;21,530000686645508;21,510000228881836;21,530000686645508;82200
2026-09-28;16:50:00;-03:00;21,530000686645508;21,540000915527344;21,520000457763672;21,540000915527344;44900
2026-09-28;16:51:00;-03:00;21,540000915527344;21,540000915527344;21,520000457763672;21,540000915527344;105300
2026-09-28;16:52:00;-03:00;21,530000686645508;21,549999237060547;21,520000457763672;21,549999237060547;67200
2026-09-28;16:53:00;-03:00;21,540000915527344;21,549999237060547;21,530000686645508;21,540000915527344;38200
2026-09-28;16:54:00;-03:00;21,549999237060547;21,549999237060547;21,530000686645508;21,549999237060547;33400
2026-09-29;10:03:00;-03:00;21,469999313354492;21,479999542236328;21,399999618530273;21,469999313354492;0
2026-09-29;10:04:00;-03:00;21,479999542236328;21,510000228881836;21,43000030517578;21,450000762939453;41200
2026-09-29;10:05:00;-03:00;21,450000762939453;21,450000762939453;21,40999984741211;21,420000076293945;35900
2026-09-29;10:06:00;-03:00;21,40999984741211;21,43000030517578;21,399999618530273;21,43000030517578;24500
2026-09-29;10:07:00;-03:00;21,420000076293945;21,450000762939453;21,40999984741211;21,43000030517578;4100
2026-09-29;10:08:00;-03:00;21,450000762939453;21,450000762939453;21,43000030517578;21,440000534057617;25000
2026-09-29;10:09:00;-03:00;21,440000534057617;21,479999542236328;21,43000030517578;21,479999542236328;36900
2026-09-29;10:10:00;-03:00;21,459999084472656;21,459999084472656;21,3799991607666;21,389999389648438;157200
2026-09-29;10:11:00;-03:00;21,389999389648438;21,420000076293945;21,389999389648438;21,389999389648438;35100
2026-09-29;10:12:00;-03:00;21,389999389648438;21,420000076293945;21,389999389648438;21,40999984741211;76400
2026-09-29;10:13:00;-03:00;21,40999984741211;21,450000762939453;21,40999984741211;21,43000030517578;105600
2026-09-29;10:14:00;-03:00;21,450000762939453;21,450000762939453;21,40999984741211;21,420000076293945;87000
2026-09-29;10:15:00;-03:00;21,40999984741211;21,420000076293945;21,3799991607666;21,3799991607666;33000
2026-09-29;10:16:00;-03:00;21,3799991607666;21,420000076293945;21,3799991607666;21,420000076293945;76900
2026-09-29;10:17:00;-03:00;21,399999618530273;21,420000076293945;21,399999618530273;21,420000076293945;8700
2026-09-29;10:18:00;-03:00;21,399999618530273;21,43000030517578;21,389999389648438;21,399999618530273;15900
2026-09-29;10:19:00;-03:00;21,399999618530273;21,420000076293945;21,389999389648438;21,399999618530273;13800
2026-09-29;10:20:00;-03:00;21,420000076293945;21,440000534057617;21,40999984741211;21,440000534057617;6200
2026-09-29;10:21:00;-03:00;21,440000534057617;21,440000534057617;21,420000076293945;21,420000076293945;10800
2026-09-29;10:22:00;-03:00;21,420000076293945;21,43000030517578;21,389999389648438;21,399999618530273;9000
2026-09-29;10:23:00;-03:00;21,389999389648438;21,40999984741211;21,389999389648438;21,40999984741211;11800
2026-09-29;10:24:00;-03:00;21,389999389648438;21,40999984741211;21,389999389648438;21,40999984741211;4700
2026-09-29;10:25:00;-03:00;21,399999618530273;21,399999618530273;21,3799991607666;21,389999389648438;22900
2026-09-29;10:26:00;-03:00;21,3799991607666;21,389999389648438;21,350000381469727;21,3700008392334;214000
2026-09-29;10:27:00;-03:00;21,360000610351562;21,3799991607666;21,360000610351562;21,360000610351562;20100
2026-09-29;10:28:00;-03:00;21,350000381469727;21,360000610351562;21,34000015258789;21,350000381469727;35700
2026-09-29;10:29:00;-03:00;21,350000381469727;21,3799991607666;21,350000381469727;21,3799991607666;53700
2026-09-29;10:30:00;-03:00;21,3799991607666;21,440000534057617;21,3799991607666;21,440000534057617;57200
2026-09-29;10:31:00;-03:00;21,420000076293945;21,43000030517578;21,360000610351562;21,3700008392334;158800
2026-09-29;10:32:00;-03:00;21,3700008392334;21,440000534057617;21,3700008392334;21,420000076293945;80500
2026-09-29;10:33:00;-03:00;21,40999984741211;21,420000076293945;21,3700008392334;21,3799991607666;43800
2026-09-29;10:34:00;-03:00;21,3799991607666;21,420000076293945;21,3700008392334;21,40999984741211;14900
2026-09-29;10:35:00;-03:00;21,40999984741211;21,40999984741211;21,360000610351562;21,389999389648438;221100
2026-09-29;10:36:00;-03:00;21,389999389648438;21,399999618530273;21,3700008392334;21,399999618530273;55900
2026-09-29;10:37:00;-03:00;21,399999618530273;21,40999984741211;21,3700008392334;21,40999984741211;713700
2026-09-29;10:38:00;-03:00;21,399999618530273;21,43000030517578;21,399999618530273;21,43000030517578;32800
2026-09-29;10:39:00;-03:00;21,420000076293945;21,440000534057617;21,420000076293945;21,43000030517578;51800
2026-09-29;10:40:00;-03:00;21,43000030517578;21,450000762939453;21,40999984741211;21,450000762939453;54900
2026-09-29;10:41:00;-03:00;21,440000534057617;21,459999084472656;21,43000030517578;21,450000762939453;100600
2026-09-29;10:42:00;-03:00;21,450000762939453;21,479999542236328;21,450000762939453;21,469999313354492;25300
2026-09-29;10:43:00;-03:00;21,469999313354492;21,5;21,459999084472656;21,469999313354492;62400
2026-09-29;10:44:00;-03:00;21,459999084472656;21,469999313354492;21,459999084472656;21,469999313354492;11900
2026-09-29;10:45:00;-03:00;21,469999313354492;21,520000457763672;21,459999084472656;21,459999084472656;219600
2026-09-29;10:46:00;-03:00;21,469999313354492;21,469999313354492;21,440000534057617;21,440000534057617;117300
2026-09-29;10:47:00;-03:00;21,440000534057617;21,489999771118164;21,43000030517578;21,469999313354492;2586400
2026-09-29;10:48:00;-03:00;21,479999542236328;21,5;21,450000762939453;21,489999771118164;228100
2026-09-29;10:49:00;-03:00;21,479999542236328;21,530000686645508;21,459999084472656;21,5;261300
2026-09-29;10:50:00;-03:00;21,520000457763672;21,56999969482422;21,520000457763672;21,540000915527344;98400
2026-09-29;10:51:00;-03:00;21,530000686645508;21,549999237060547;21,530000686645508;21,530000686645508;11900
2026-09-29;10:52:00;-03:00;21,530000686645508;21,59000015258789;21,530000686645508;21,59000015258789;59300
2026-09-29;10:53:00;-03:00;21,59000015258789;21,610000610351562;21,56999969482422;21,56999969482422;172100
2026-09-29;10:54:00;-03:00;21,559999465942383;21,6299991607666;21,559999465942383;21,6200008392334;70700
2026-09-29;10:55:00;-03:00;21,610000610351562;21,610000610351562;21,59000015258789;21,600000381469727;23600
2026-09-29;10:56:00;-03:00;21,579999923706055;21,600000381469727;21,579999923706055;21,600000381469727;24900
2026-09-29;10:57:00;-03:00;21,59000015258789;21,6299991607666;21,59000015258789;21,6200008392334;200900
2026-09-29;10:58:00;-03:00;21,6200008392334;21,639999389648438;21,610000610351562;21,6299991607666;53700
2026-09-29;10:59:00;-03:00;21,6299991607666;21,639999389648438;21,600000381469727;21,6200008392334;46800
2026-09-29;11:00:00;-03:00;21,6200008392334;21,690000534057617;21,6200008392334;21,690000534057617;326300
2026-09-29;11:01:00;-03:00;21,690000534057617;21,690000534057617;21,670000076293945;21,68000030517578;37400
2026-09-29;11:02:00;-03:00;21,670000076293945;21,68000030517578;21,649999618530273;21,68000030517578;80000
2026-09-29;11:03:00;-03:00;21,68000030517578;21,68000030517578;21,639999389648438;21,670000076293945;24100
2026-09-29;11:04:00;-03:00;21,670000076293945;21,68000030517578;21,649999618530273;21,68000030517578;62100
2026-09-29;11:05:00;-03:00;21,68000030517578;21,690000534057617;21,670000076293945;21,690000534057617;58300
2026-09-29;11:06:00;-03:00;21,68000030517578;21,690000534057617;21,670000076293945;21,68000030517578;14300
2026-09-29;11:07:00;-03:00;21,68000030517578;21,690000534057617;21,65999984741211;21,690000534057617;53500
2026-09-29;11:08:00;-03:00;21,68000030517578;21,75;21,68000030517578;21,739999771118164;116900
2026-09-29;11:09:00;-03:00;21,739999771118164;21,770000457763672;21,739999771118164;21,770000457763672;108700
2026-09-29;11:10:00;-03:00;21,770000457763672;21,799999237060547;21,770000457763672;21,799999237060547;55600
2026-09-29;11:11:00;-03:00;21,799999237060547;21,829999923706055;21,790000915527344;21,790000915527344;87100
2026-09-29;11:12:00;-03:00;21,799999237060547;21,860000610351562;21,790000915527344;21,860000610351562;114700
2026-09-29;11:13:00;-03:00;21,860000610351562;21,8700008392334;21,81999969482422;21,84000015258789;68700
2026-09-29;11:14:00;-03:00;21,84000015258789;21,899999618530273;21,81999969482422;21,829999923706055;468200
2026-09-29;11:15:00;-03:00;21,81999969482422;21,829999923706055;21,75;21,780000686645508;229900
2026-09-29;11:16:00;-03:00;21,780000686645508;21,81999969482422;21,770000457763672;21,799999237060547;135900
2026-09-29;11:17:00;-03:00;21,809999465942383;21,829999923706055;21,799999237060547;21,81999969482422;25600
2026-09-29;11:18:00;-03:00;21,829999923706055;21,850000381469727;21,809999465942383;21,81999969482422;98100
2026-09-29;11:19:00;-03:00;21,799999237060547;21,809999465942383;21,780000686645508;21,799999237060547;198900
2026-09-29;11:20:00;-03:00;21,809999465942383;21,8700008392334;21,809999465942383;21,850000381469727;191500
2026-09-29;11:21:00;-03:00;21,84000015258789;21,84000015258789;21,809999465942383;21,829999923706055;28900
2026-09-29;11:22:00;-03:00;21,81999969482422;21,829999923706055;21,790000915527344;21,809999465942383;83400
2026-09-29;11:23:00;-03:00;21,809999465942383;21,809999465942383;21,790000915527344;21,809999465942383;45000
2026-09-29;11:24:00;-03:00;21,799999237060547;21,809999465942383;21,760000228881836;21,770000457763672;54100
2026-09-29;11:25:00;-03:00;21,770000457763672;21,84000015258789;21,770000457763672;21,829999923706055;2674500
2026-09-29;11:26:00;-03:00;21,81999969482422;21,829999923706055;21,790000915527344;21,799999237060547;114000
2026-09-29;11:27:00;-03:00;21,799999237060547;21,799999237060547;21,770000457763672;21,770000457763672;41400
2026-09-29;11:28:00;-03:00;21,770000457763672;21,790000915527344;21,75;21,760000228881836;308600
2026-09-29;11:29:00;-03:00;21,770000457763672;21,770000457763672;21,690000534057617;21,739999771118164;300900
2026-09-29;11:30:00;-03:00;21,729999542236328;21,760000228881836;21,719999313354492;21,739999771118164;399600
2026-09-29;11:31:00;-03:00;21,739999771118164;21,75;21,709999084472656;21,729999542236328;49600
2026-09-29;11:32:00;-03:00;21,729999542236328;21,729999542236328;21,68000030517578;21,690000534057617;87700
2026-09-29;11:33:00;-03:00;21,68000030517578;21,690000534057617;21,649999618530273;21,670000076293945;331600
2026-09-29;11:34:00;-03:00;21,690000534057617;21,709999084472656;21,649999618530273;21,670000076293945;219400
2026-09-29;11:35:00;-03:00;21,690000534057617;21,690000534057617;21,68000030517578;21,690000534057617;11000
2026-09-29;11:36:00;-03:00;21,690000534057617;21,829999923706055;21,690000534057617;21,799999237060547;160800
2026-09-29;11:37:00;-03:00;21,799999237060547;21,799999237060547;21,739999771118164;21,739999771118164;76900
2026-09-29;11:38:00;-03:00;21,760000228881836;21,760000228881836;21,739999771118164;21,760000228881836;15000
2026-09-29;11:39:00;-03:00;21,760000228881836;21,799999237060547;21,75;21,799999237060547;507600
2026-09-29;11:40:00;-03:00;21,799999237060547;21,829999923706055;21,780000686645508;21,799999237060547;118200
2026-09-29;11:41:00;-03:00;21,790000915527344;21,799999237060547;21,770000457763672;21,770000457763672;102600
2026-09-29;11:42:00;-03:00;21,760000228881836;21,790000915527344;21,760000228881836;21,790000915527344;3800
2026-09-29;11:43:00;-03:00;21,780000686645508;21,81999969482422;21,75;21,81999969482422;139000
2026-09-29;11:44:00;-03:00;21,809999465942383;21,860000610351562;21,809999465942383;21,850000381469727;137400
2026-09-29;11:45:00;-03:00;21,860000610351562;21,8700008392334;21,799999237060547;21,799999237060547;219100
2026-09-29;11:46:00;-03:00;21,81999969482422;21,829999923706055;21,809999465942383;21,81999969482422;19000
2026-09-29;11:47:00;-03:00;21,81999969482422;21,829999923706055;21,809999465942383;21,829999923706055;12400
2026-09-29;11:48:00;-03:00;21,829999923706055;21,860000610351562;21,809999465942383;21,84000015258789;121300
2026-09-29;11:49:00;-03:00;21,850000381469727;21,850000381469727;21,84000015258789;21,850000381469727;8500
2026-09-29;11:50:00;-03:00;21,84000015258789;21,84000015258789;21,829999923706055;21,84000015258789;9600
2026-09-29;11:51:00;-03:00;21,829999923706055;21,850000381469727;21,829999923706055;21,84000015258789;8700
2026-09-29;11:52:00;-03:00;21,84000015258789;21,850000381469727;21,829999923706055;21,850000381469727;67000
2026-09-29;11:53:00;-03:00;21,84000015258789;21,850000381469727;21,829999923706055;21,850000381469727;25300
2026-09-29;11:54:00;-03:00;21,84000015258789;21,850000381469727;21,81999969482422;21,84000015258789;39000
2026-09-29;11:55:00;-03:00;21,84000015258789;21,84000015258789;21,81999969482422;21,81999969482422;12000
2026-09-29;11:56:00;-03:00;21,829999923706055;21,829999923706055;21,81999969482422;21,829999923706055;3200
2026-09-29;11:57:00;-03:00;21,81999969482422;21,829999923706055;21,799999237060547;21,81999969482422;40900
2026-09-29;11:58:00;-03:00;21,81999969482422;21,84000015258789;21,81999969482422;21,829999923706055;100200
2026-09-29;11:59:00;-03:00;21,84000015258789;21,860000610351562;21,84000015258789;21,860000610351562;257800
2026-09-29;12:00:00;-03:00;21,860000610351562;21,899999618530273;21,860000610351562;21,899999618530273;145500
2026-09-29;12:01:00;-03:00;21,899999618530273;21,899999618530273;21,889999389648438;21,889999389648438;23900
2026-09-29;12:02:00;-03:00;21,889999389648438;21,899999618530273;21,8799991607666;21,899999618530273;73100
2026-09-29;12:03:00;-03:00;21,899999618530273;21,899999618530273;21,889999389648438;21,899999618530273;10300
2026-09-29;12:04:00;-03:00;21,899999618530273;21,920000076293945;21,889999389648438;21,920000076293945;143200
2026-09-29;12:05:00;-03:00;21,920000076293945;21,93000030517578;21,899999618530273;21,90999984741211;171200
2026-09-29;12:06:00;-03:00;21,899999618530273;21,920000076293945;21,899999618530273;21,90999984741211;52800
2026-09-29;12:07:00;-03:00;21,920000076293945;21,940000534057617;21,90999984741211;21,940000534057617;86100
2026-09-29;12:08:00;-03:00;21,93000030517578;21,950000762939453;21,93000030517578;21,950000762939453;29600
2026-09-29;12:09:00;-03:00;21,950000762939453;21,969999313354492;21,940000534057617;21,959999084472656;56600
2026-09-29;12:10:00;-03:00;21,959999084472656;22,0;21,959999084472656;21,989999771118164;91000
2026-09-29;12:11:00;-03:00;21,989999771118164;22,010000228881836;21,979999542236328;22,010000228881836;162700
2026-09-29;12:12:00;-03:00;22,0;22,059999465942383;22,0;22,040000915527344;196400
2026-09-29;12:13:00;-03:00;22,049999237060547;22,09000015258789;22,040000915527344;22,049999237060547;139800
2026-09-29;12:14:00;-03:00;22,049999237060547;22,049999237060547;22,010000228881836;22,020000457763672;109200
2026-09-29;12:15:00;-03:00;22,020000457763672;22,040000915527344;22,020000457763672;22,040000915527344;32000
2026-09-29;12:16:00;-03:00;22,030000686645508;22,040000915527344;22,020000457763672;22,030000686645508;18400
2026-09-29;12:17:00;-03:00;22,030000686645508;22,059999465942383;22,030000686645508;22,049999237060547;56000
2026-09-29;12:18:00;-03:00;22,049999237060547;22,049999237060547;21,979999542236328;21,979999542236328;162000
2026-09-29;12:19:00;-03:00;21,979999542236328;21,989999771118164;21,969999313354492;21,989999771118164;53100
2026-09-29;12:20:00;-03:00;21,989999771118164;22,040000915527344;21,979999542236328;22,040000915527344;530800
2026-09-29;12:21:00;-03:00;22,040000915527344;22,040000915527344;22,020000457763672;22,030000686645508;93900
2026-09-29;12:22:00;-03:00;22,020000457763672;22,040000915527344;22,010000228881836;22,030000686645508;23700
2026-09-29;12:23:00;-03:00;22,030000686645508;22,040000915527344;22,010000228881836;22,020000457763672;26300
2026-09-29;12:24:00;-03:00;22,020000457763672;22,040000915527344;22,020000457763672;22,030000686645508;13600
2026-09-29;12:25:00;-03:00;22,040000915527344;22,040000915527344;21,959999084472656;21,969999313354492;223200
2026-09-29;12:26:00;-03:00;21,969999313354492;22,010000228881836;21,969999313354492;21,979999542236328;96000
2026-09-29;12:27:00;-03:00;21,979999542236328;21,989999771118164;21,959999084472656;21,959999084472656;42500
2026-09-29;12:28:00;-03:00;21,959999084472656;22,0;21,959999084472656;21,969999313354492;23400
2026-09-29;12:29:00;-03:00;21,969999313354492;21,979999542236328;21,959999084472656;21,979999542236328;18900
2026-09-29;12:30:00;-03:00;21,979999542236328;21,989999771118164;21,969999313354492;21,979999542236328;16900
2026-09-29;12:31:00;-03:00;21,979999542236328;22,0;21,979999542236328;21,989999771118164;10600
2026-09-29;12:32:00;-03:00;21,989999771118164;22,020000457763672;21,989999771118164;22,010000228881836;43300
2026-09-29;12:33:00;-03:00;22,010000228881836;22,049999237060547;22,010000228881836;22,040000915527344;108400
2026-09-29;12:34:00;-03:00;22,040000915527344;22,049999237060547;22,030000686645508;22,040000915527344;172300
2026-09-29;12:35:00;-03:00;22,040000915527344;22,049999237060547;22,020000457763672;22,030000686645508;30600
2026-09-29;12:36:00;-03:00;22,030000686645508;22,049999237060547;22,020000457763672;22,030000686645508;37700
2026-09-29;12:37:00;-03:00;22,020000457763672;22,049999237060547;22,010000228881836;22,030000686645508;241400
2026-09-29;12:38:00;-03:00;22,040000915527344;22,040000915527344;22,020000457763672;22,030000686645508;121300
2026-09-29;12:39:00;-03:00;22,040000915527344;22,049999237060547;22,030000686645508;22,049999237060547;17400
2026-09-29;12:40:00;-03:00;22,049999237060547;22,059999465942383;22,030000686645508;22,049999237060547;150600
2026-09-29;12:41:00;-03:00;22,049999237060547;22,079999923706055;22,030000686645508;22,079999923706055;96300
2026-09-29;12:42:00;-03:00;22,06999969482422;22,09000015258789;22,06999969482422;22,09000015258789;37400
2026-09-29;12:43:00;-03:00;22,079999923706055;22,079999923706055;22,049999237060547;22,059999465942383;35000
2026-09-29;12:44:00;-03:00;22,059999465942383;22,06999969482422;22,049999237060547;22,049999237060547;63600
2026-09-29;12:45:00;-03:00;22,059999465942383;22,079999923706055;22,030000686645508;22,049999237060547;415300
2026-09-29;12:46:00;-03:00;22,059999465942383;22,06999969482422;22,020000457763672;22,020000457763672;263400
2026-09-29;12:47:00;-03:00;22,040000915527344;22,09000015258789;22,040000915527344;22,09000015258789;80200
2026-09-29;12:48:00;-03:00;22,079999923706055;22,079999923706055;22,06999969482422;22,06999969482422;53600
2026-09-29;12:49:00;-03:00;22,06999969482422;22,079999923706055;22,059999465942383;22,06999969482422;49000
2026-09-29;12:50:00;-03:00;22,06999969482422;22,079999923706055;22,049999237060547;22,059999465942383;31500
2026-09-29;12:51:00;-03:00;22,049999237060547;22,049999237060547;22,010000228881836;22,020000457763672;40200
2026-09-29;12:52:00;-03:00;22,010000228881836;22,020000457763672;21,969999313354492;21,969999313354492;200400
2026-09-29;12:53:00;-03:00;21,979999542236328;21,979999542236328;21,959999084472656;21,979999542236328;26700
2026-09-29;12:54:00;-03:00;21,979999542236328;21,989999771118164;21,969999313354492;21,969999313354492;50900
2026-09-29;12:55:00;-03:00;21,979999542236328;21,979999542236328;21,950000762939453;21,950000762939453;958100
2026-09-29;12:56:00;-03:00;21,950000762939453;21,979999542236328;21,950000762939453;21,979999542236328;18200
2026-09-29;12:57:00;-03:00;21,969999313354492;21,979999542236328;21,969999313354492;21,979999542236328;6800
2026-09-29;12:58:00;-03:00;21,979999542236328;21,989999771118164;21,969999313354492;21,989999771118164;17500
2026-09-29;12:59:00;-03:00;21,989999771118164;22,0;21,979999542236328;21,989999771118164;15600
2026-09-29;13:00:00;-03:00;21,989999771118164;22,0;21,979999542236328;21,979999542236328;34200
2026-09-29;13:01:00;-03:00;21,979999542236328;21,989999771118164;21,969999313354492;21,989999771118164;4000
2026-09-29;13:02:00;-03:00;21,989999771118164;22,0;21,989999771118164;22,0;12800
2026-09-29;13:03:00;-03:00;22,0;22,010000228881836;21,989999771118164;22,010000228881836;6300
2026-09-29;13:04:00;-03:00;22,010000228881836;22,010000228881836;21,979999542236328;21,989999771118164;20800
2026-09-29;13:05:00;-03:00;21,979999542236328;22,0;21,979999542236328;21,989999771118164;25800
2026-09-29;13:06:00;-03:00;21,989999771118164;22,0;21,979999542236328;22,0;21200
2026-09-29;13:07:00;-03:00;21,989999771118164;22,010000228881836;21,989999771118164;21,989999771118164;52200
2026-09-29;13:08:00;-03:00;21,989999771118164;22,0;21,989999771118164;21,989999771118164;14500
2026-09-29;13:09:00;-03:00;22,0;22,0;21,979999542236328;22,0;21900
2026-09-29;13:10:00;-03:00;22,0;22,0;21,989999771118164;21,989999771118164;7400
2026-09-29;13:11:00;-03:00;22,0;22,020000457763672;21,989999771118164;22,020000457763672;13700
2026-09-29;13:12:00;-03:00;22,010000228881836;22,030000686645508;22,010000228881836;22,020000457763672;26300
2026-09-29;13:13:00;-03:00;22,030000686645508;22,040000915527344;22,020000457763672;22,030000686645508;15300
2026-09-29;13:14:00;-03:00;22,020000457763672;22,030000686645508;22,020000457763672;22,030000686645508;11600
2026-09-29;13:15:00;-03:00;22,020000457763672;22,030000686645508;21,989999771118164;22,0;57100
2026-09-29;13:16:00;-03:00;21,989999771118164;22,0;21,979999542236328;21,989999771118164;14200
2026-09-29;13:17:00;-03:00;21,989999771118164;21,989999771118164;21,979999542236328;21,989999771118164;4700
2026-09-29;13:18:00;-03:00;21,989999771118164;21,989999771118164;21,979999542236328;21,989999771118164;8100
2026-09-29;13:19:00;-03:00;21,989999771118164;21,989999771118164;21,979999542236328;21,989999771118164;19000
2026-09-29;13:20:00;-03:00;21,979999542236328;22,0;21,969999313354492;21,989999771118164;61900
2026-09-29;13:21:00;-03:00;21,989999771118164;22,0;21,969999313354492;21,969999313354492;44600
2026-09-29;13:22:00;-03:00;21,959999084472656;21,979999542236328;21,959999084472656;21,969999313354492;36400
2026-09-29;13:23:00;-03:00;21,969999313354492;21,979999542236328;21,959999084472656;21,969999313354492;17900
2026-09-29;13:24:00;-03:00;21,969999313354492;21,969999313354492;21,959999084472656;21,969999313354492;9400
2026-09-29;13:25:00;-03:00;21,959999084472656;21,969999313354492;21,959999084472656;21,969999313354492;7700
2026-09-29;13:26:00;-03:00;21,969999313354492;21,979999542236328;21,969999313354492;21,979999542236328;10200
2026-09-29;13:27:00;-03:00;21,979999542236328;21,989999771118164;21,969999313354492;21,989999771118164;12600
2026-09-29;13:28:00;-03:00;21,979999542236328;21,979999542236328;21,969999313354492;21,979999542236328;17900
2026-09-29;13:29:00;-03:00;21,969999313354492;21,979999542236328;21,959999084472656;21,969999313354492;28900
2026-09-29;13:30:00;-03:00;21,959999084472656;21,959999084472656;21,93000030517578;21,93000030517578;51600
2026-09-29;13:31:00;-03:00;21,940000534057617;21,950000762939453;21,920000076293945;21,940000534057617;93400
2026-09-29;13:32:00;-03:00;21,940000534057617;21,959999084472656;21,940000534057617;21,950000762939453;53800
2026-09-29;13:33:00;-03:00;21,959999084472656;22,0;21,950000762939453;21,989999771118164;50200
2026-09-29;13:34:00;-03:00;21,979999542236328;21,989999771118164;21,979999542236328;21,989999771118164;5000
2026-09-29;13:35:00;-03:00;21,989999771118164;21,989999771118164;21,979999542236328;21,989999771118164;6600
2026-09-29;13:36:00;-03:00;21,979999542236328;21,989999771118164;21,979999542236328;21,989999771118164;5300
2026-09-29;13:37:00;-03:00;21,979999542236328;21,989999771118164;21,969999313354492;21,979999542236328;43100
2026-09-29;13:38:00;-03:00;21,979999542236328;21,989999771118164;21,979999542236328;21,989999771118164;16900
2026-09-29;13:39:00;-03:00;21,989999771118164;22,0;21,989999771118164;22,0;18200
2026-09-29;13:40:00;-03:00;21,989999771118164;22,0;21,989999771118164;21,989999771118164;40000
2026-09-29;13:41:00;-03:00;21,989999771118164;22,0;21,969999313354492;21,979999542236328;73100
2026-09-29;13:42:00;-03:00;21,979999542236328;21,989999771118164;21,979999542236328;21,979999542236328;2000
2026-09-29;13:43:00;-03:00;21,989999771118164;21,989999771118164;21,979999542236328;21,979999542236328;13000
2026-09-29;13:44:00;-03:00;21,989999771118164;21,989999771118164;21,959999084472656;21,969999313354492;80500
2026-09-29;13:45:00;-03:00;21,969999313354492;21,969999313354492;21,950000762939453;21,950000762939453;16000
2026-09-29;13:46:00;-03:00;21,940000534057617;21,979999542236328;21,940000534057617;21,969999313354492;59100
2026-09-29;13:47:00;-03:00;21,979999542236328;21,979999542236328;21,959999084472656;21,959999084472656;20700
2026-09-29;13:48:00;-03:00;21,969999313354492;21,969999313354492;21,959999084472656;21,969999313354492;12300
2026-09-29;13:49:00;-03:00;21,959999084472656;21,969999313354492;21,959999084472656;21,969999313354492;6200
2026-09-29;13:50:00;-03:00;21,969999313354492;21,979999542236328;21,959999084472656;21,969999313354492;55300
2026-09-29;13:51:00;-03:00;21,969999313354492;21,969999313354492;21,959999084472656;21,969999313354492;8200
2026-09-29;13:52:00;-03:00;21,959999084472656;21,989999771118164;21,959999084472656;21,969999313354492;38700
2026-09-29;13:53:00;-03:00;21,959999084472656;21,989999771118164;21,959999084472656;21,989999771118164;25300
2026-09-29;13:54:00;-03:00;21,989999771118164;21,989999771118164;21,979999542236328;21,979999542236328;12900
2026-09-29;13:55:00;-03:00;21,979999542236328;21,979999542236328;21,969999313354492;21,979999542236328;27000
2026-09-29;13:56:00;-03:00;21,969999313354492;21,979999542236328;21,969999313354492;21,979999542236328;15600
2026-09-29;13:57:00;-03:00;21,979999542236328;22,0;21,969999313354492;21,989999771118164;78500
2026-09-29;13:58:00;-03:00;21,989999771118164;22,0;21,979999542236328;22,0;19300
2026-09-29;13:59:00;-03:00;22,0;22,0;21,979999542236328;21,989999771118164;25100
2026-09-29;14:00:00;-03:00;21,989999771118164;21,989999771118164;21,969999313354492;21,979999542236328;17300
2026-09-29;14:01:00;-03:00;21,969999313354492;21,979999542236328;21,969999313354492;21,979999542236328;7400
2026-09-29;14:02:00;-03:00;21,969999313354492;21,979999542236328;21,950000762939453;21,950000762939453;80600
2026-09-29;14:03:00;-03:00;21,950000762939453;21,969999313354492;21,950000762939453;21,969999313354492;26900
2026-09-29;14:04:00;-03:00;21,959999084472656;21,979999542236328;21,950000762939453;21,979999542236328;33000
2026-09-29;14:05:00;-03:00;21,959999084472656;21,979999542236328;21,959999084472656;21,969999313354492;26600
2026-09-29;14:06:00;-03:00;21,969999313354492;21,979999542236328;21,969999313354492;21,969999313354492;6000
2026-09-29;14:07:00;-03:00;21,969999313354492;21,979999542236328;21,969999313354492;21,979999542236328;18600
2026-09-29;14:08:00;-03:00;21,979999542236328;21,979999542236328;21,969999313354492;21,979999542236328;8500
2026-09-29;14:09:00;-03:00;21,979999542236328;21,979999542236328;21,959999084472656;21,969999313354492;22500
2026-09-29;14:10:00;-03:00;21,969999313354492;21,969999313354492;21,950000762939453;21,959999084472656;34300
2026-09-29;14:11:00;-03:00;21,950000762939453;21,959999084472656;21,940000534057617;21,940000534057617;25800
2026-09-29;14:12:00;-03:00;21,940000534057617;21,950000762939453;21,93000030517578;21,950000762939453;20000
2026-09-29;14:13:00;-03:00;21,940000534057617;21,950000762939453;21,940000534057617;21,940000534057617;8500
2026-09-29;14:14:00;-03:00;21,93000030517578;21,940000534057617;21,93000030517578;21,940000534057617;5700
2026-09-29;14:15:00;-03:00;21,940000534057617;21,950000762939453;21,93000030517578;21,940000534057617;28000
2026-09-29;14:16:00;-03:00;21,93000030517578;21,940000534057617;21,93000030517578;21,940000534057617;13400
2026-09-29;14:17:00;-03:00;21,93000030517578;21,940000534057617;21,93000030517578;21,940000534057617;6200
2026-09-29;14:18:00;-03:00;21,940000534057617;21,940000534057617;21,93000030517578;21,940000534057617;9300
2026-09-29;14:19:00;-03:00;21,940000534057617;21,940000534057617;21,899999618530273;21,90999984741211;114900
2026-09-29;14:20:00;-03:00;21,899999618530273;21,90999984741211;21,8799991607666;21,889999389648438;45900
2026-09-29;14:21:00;-03:00;21,8799991607666;21,889999389648438;21,8799991607666;21,889999389648438;19600
2026-09-29;14:22:00;-03:00;21,8799991607666;21,889999389648438;21,8799991607666;21,889999389648438;28800
2026-09-29;14:23:00;-03:00;21,889999389648438;21,899999618530273;21,889999389648438;21,899999618530273;15400
2026-09-29;14:24:00;-03:00;21,899999618530273;21,899999618530273;21,889999389648438;21,899999618530273;31900
2026-09-29;14:25:00;-03:00;21,889999389648438;21,899999618530273;21,889999389648438;21,899999618530273;70800
2026-09-29;14:26:00;-03:00;21,8799991607666;21,90999984741211;21,8799991607666;21,90999984741211;145800
2026-09-29;14:27:00;-03:00;21,90999984741211;21,93000030517578;21,899999618530273;21,920000076293945;47600
2026-09-29;14:28:00;-03:00;21,920000076293945;21,940000534057617;21,920000076293945;21,940000534057617;29300
2026-09-29;14:29:00;-03:00;21,93000030517578;21,950000762939453;21,93000030517578;21,93000030517578;42900
2026-09-29;14:30:00;-03:00;21,93000030517578;21,940000534057617;21,93000030517578;21,940000534057617;9100
2026-09-29;14:31:00;-03:00;21,940000534057617;21,950000762939453;21,93000030517578;21,940000534057617;27000
2026-09-29;14:32:00;-03:00;21,940000534057617;21,950000762939453;21,940000534057617;21,940000534057617;14400
2026-09-29;14:33:00;-03:00;21,940000534057617;21,950000762939453;21,93000030517578;21,93000030517578;46500
2026-09-29;14:34:00;-03:00;21,940000534057617;21,940000534057617;21,93000030517578;21,940000534057617;13300
2026-09-29;14:35:00;-03:00;21,940000534057617;21,959999084472656;21,93000030517578;21,950000762939453;26300
2026-09-29;14:36:00;-03:00;21,940000534057617;21,969999313354492;21,940000534057617;21,969999313354492;22900
2026-09-29;14:37:00;-03:00;21,969999313354492;21,989999771118164;21,969999313354492;21,979999542236328;59100
2026-09-29;14:38:00;-03:00;21,989999771118164;21,989999771118164;21,969999313354492;21,979999542236328;45300
2026-09-29;14:39:00;-03:00;21,979999542236328;21,979999542236328;21,969999313354492;21,979999542236328;5400
2026-09-29;14:40:00;-03:00;21,979999542236328;21,979999542236328;21,969999313354492;21,969999313354492;21300
2026-09-29;14:41:00;-03:00;21,979999542236328;22,010000228881836;21,979999542236328;22,010000228881836;107800
2026-09-29;14:42:00;-03:00;22,010000228881836;22,020000457763672;22,0;22,020000457763672;33000
2026-09-29;14:43:00;-03:00;22,020000457763672;22,040000915527344;22,020000457763672;22,030000686645508;64500
2026-09-29;14:44:00;-03:00;22,030000686645508;22,030000686645508;22,010000228881836;22,020000457763672;84800
2026-09-29;14:45:00;-03:00;22,020000457763672;22,020000457763672;22,010000228881836;22,020000457763672;9100
2026-09-29;14:46:00;-03:00;22,020000457763672;22,030000686645508;22,010000228881836;22,020000457763672;80400
2026-09-29;14:47:00;-03:00;22,020000457763672;22,020000457763672;22,0;22,010000228881836;29700
2026-09-29;14:48:00;-03:00;22,010000228881836;22,010000228881836;22,0;22,010000228881836;36100
2026-09-29;14:49:00;-03:00;22,010000228881836;22,010000228881836;21,979999542236328;21,979999542236328;79000
2026-09-29;14:50:00;-03:00;22,0;22,030000686645508;22,0;22,030000686645508;24000
2026-09-29;14:51:00;-03:00;22,030000686645508;22,030000686645508;22,0;22,010000228881836;25100
2026-09-29;14:52:00;-03:00;22,010000228881836;22,049999237060547;22,010000228881836;22,020000457763672;137600
2026-09-29;14:53:00;-03:00;22,020000457763672;22,040000915527344;22,010000228881836;22,040000915527344;51900
2026-09-29;14:54:00;-03:00;22,030000686645508;22,040000915527344;22,030000686645508;22,030000686645508;34700
2026-09-29;14:55:00;-03:00;22,030000686645508;22,040000915527344;22,0;22,010000228881836;50600
2026-09-29;14:56:00;-03:00;22,010000228881836;22,010000228881836;22,0;22,010000228881836;11700
2026-09-29;14:57:00;-03:00;22,010000228881836;22,010000228881836;22,0;22,010000228881836;23100
2026-09-29;14:58:00;-03:00;22,0;22,0;21,989999771118164;22,0;28200
2026-09-29;14:59:00;-03:00;22,0;22,010000228881836;22,0;22,0;19200
2026-09-29;15:00:00;-03:00;22,010000228881836;22,110000610351562;22,010000228881836;22,079999923706055;410200
2026-09-29;15:01:00;-03:00;22,09000015258789;22,100000381469727;22,049999237060547;22,06999969482422;280200
2026-09-29;15:02:00;-03:00;22,06999969482422;22,09000015258789;22,049999237060547;22,06999969482422;66200
2026-09-29;15:03:00;-03:00;22,06999969482422;22,06999969482422;22,040000915527344;22,049999237060547;49200
2026-09-29;15:04:00;-03:00;22,059999465942383;22,079999923706055;22,059999465942383;22,06999969482422;52800
2026-09-29;15:05:00;-03:00;22,06999969482422;22,079999923706055;22,059999465942383;22,06999969482422;22800
2026-09-29;15:06:00;-03:00;22,06999969482422;22,079999923706055;22,059999465942383;22,079999923706055;43000
2026-09-29;15:07:00;-03:00;22,09000015258789;22,09000015258789;22,079999923706055;22,079999923706055;20800
2026-09-29;15:08:00;-03:00;22,09000015258789;22,09000015258789;22,06999969482422;22,079999923706055;49600
2026-09-29;15:09:00;-03:00;22,09000015258789;22,09000015258789;22,06999969482422;22,079999923706055;61400
2026-09-29;15:10:00;-03:00;22,09000015258789;22,09000015258789;22,06999969482422;22,06999969482422;65300
2026-09-29;15:11:00;-03:00;22,06999969482422;22,079999923706055;22,040000915527344;22,059999465942383;76000
2026-09-29;15:12:00;-03:00;22,06999969482422;22,079999923706055;22,049999237060547;22,049999237060547;38400
2026-09-29;15:13:00;-03:00;22,059999465942383;22,09000015258789;22,059999465942383;22,079999923706055;39000
2026-09-29;15:14:00;-03:00;22,079999923706055;22,09000015258789;22,06999969482422;22,079999923706055;102100
2026-09-29;15:15:00;-03:00;22,09000015258789;22,100000381469727;22,09000015258789;22,100000381469727;23000
2026-09-29;15:16:00;-03:00;22,100000381469727;22,110000610351562;22,09000015258789;22,110000610351562;77600
2026-09-29;15:17:00;-03:00;22,110000610351562;22,110000610351562;22,06999969482422;22,079999923706055;58000
2026-09-29;15:18:00;-03:00;22,079999923706055;22,100000381469727;22,079999923706055;22,09000015258789;55000
2026-09-29;15:19:00;-03:00;22,09000015258789;22,09000015258789;22,079999923706055;22,09000015258789;17400
2026-09-29;15:20:00;-03:00;22,079999923706055;22,079999923706055;22,059999465942383;22,079999923706055;54200
2026-09-29;15:21:00;-03:00;22,079999923706055;22,079999923706055;22,059999465942383;22,079999923706055;40100
2026-09-29;15:22:00;-03:00;22,079999923706055;22,110000610351562;22,079999923706055;22,110000610351562;51100
2026-09-29;15:23:00;-03:00;22,110000610351562;22,110000610351562;22,100000381469727;22,100000381469727;53100
2026-09-29;15:24:00;-03:00;22,100000381469727;22,100000381469727;22,079999923706055;22,079999923706055;38900
2026-09-29;15:25:00;-03:00;22,09000015258789;22,09000015258789;22,06999969482422;22,06999969482422;32800
2026-09-29;15:26:00;-03:00;22,079999923706055;22,079999923706055;22,06999969482422;22,079999923706055;28200
2026-09-29;15:27:00;-03:00;22,079999923706055;22,09000015258789;22,079999923706055;22,079999923706055;33900
2026-09-29;15:28:00;-03:00;22,09000015258789;22,09000015258789;22,06999969482422;22,06999969482422;62300
2026-09-29;15:29:00;-03:00;22,079999923706055;22,079999923706055;22,059999465942383;22,059999465942383;43000
2026-09-29;15:30:00;-03:00;22,06999969482422;22,100000381469727;22,059999465942383;22,100000381469727;58500
2026-09-29;15:31:00;-03:00;22,100000381469727;22,100000381469727;22,06999969482422;22,079999923706055;54600
2026-09-29;15:32:00;-03:00;22,079999923706055;22,079999923706055;22,049999237060547;22,059999465942383;27400
2026-09-29;15:33:00;-03:00;22,049999237060547;22,059999465942383;22,040000915527344;22,040000915527344;50500
2026-09-29;15:34:00;-03:00;22,040000915527344;22,049999237060547;22,040000915527344;22,049999237060547;41600
2026-09-29;15:35:00;-03:00;22,059999465942383;22,059999465942383;22,040000915527344;22,049999237060547;46200
2026-09-29;15:36:00;-03:00;22,049999237060547;22,059999465942383;22,049999237060547;22,049999237060547;14000
2026-09-29;15:37:00;-03:00;22,059999465942383;22,09000015258789;22,049999237060547;22,09000015258789;70700
2026-09-29;15:38:00;-03:00;22,09000015258789;22,1200008392334;22,079999923706055;22,110000610351562;55300
2026-09-29;15:39:00;-03:00;22,110000610351562;22,139999389648438;22,09000015258789;22,1299991607666;212700
2026-09-29;15:40:00;-03:00;22,1299991607666;22,18000030517578;22,1299991607666;22,170000076293945;148600
2026-09-29;15:41:00;-03:00;22,170000076293945;22,18000030517578;22,15999984741211;22,15999984741211;99100
2026-09-29;15:42:00;-03:00;22,170000076293945;22,170000076293945;22,139999389648438;22,15999984741211;52300
2026-09-29;15:43:00;-03:00;22,170000076293945;22,170000076293945;22,1299991607666;22,139999389648438;57500
2026-09-29;15:44:00;-03:00;22,139999389648438;22,139999389648438;22,1299991607666;22,139999389648438;16100
2026-09-29;15:45:00;-03:00;22,139999389648438;22,139999389648438;22,1200008392334;22,1200008392334;47900
2026-09-29;15:46:00;-03:00;22,1299991607666;22,1299991607666;22,110000610351562;22,110000610351562;30300
2026-09-29;15:47:00;-03:00;22,1200008392334;22,1200008392334;22,079999923706055;22,079999923706055;29600
2026-09-29;15:48:00;-03:00;22,09000015258789;22,110000610351562;22,09000015258789;22,100000381469727;42400
2026-09-29;15:49:00;-03:00;22,110000610351562;22,110000610351562;22,100000381469727;22,110000610351562;19900
2026-09-29;15:50:00;-03:00;22,100000381469727;22,110000610351562;22,09000015258789;22,100000381469727;56000
2026-09-29;15:51:00;-03:00;22,100000381469727;22,100000381469727;22,079999923706055;22,09000015258789;52100
2026-09-29;15:52:00;-03:00;22,09000015258789;22,09000015258789;22,079999923706055;22,09000015258789;10400
2026-09-29;15:53:00;-03:00;22,079999923706055;22,09000015258789;22,079999923706055;22,079999923706055;17700
2026-09-29;15:54:00;-03:00;22,09000015258789;22,09000015258789;22,079999923706055;22,09000015258789;40300
2026-09-29;15:55:00;-03:00;22,079999923706055;22,09000015258789;22,059999465942383;22,06999969482422;60600
2026-09-29;15:56:00;-03:00;22,06999969482422;22,06999969482422;22,030000686645508;22,06999969482422;224800
2026-09-29;15:57:00;-03:00;22,059999465942383;22,079999923706055;22,059999465942383;22,079999923706055;23400
2026-09-29;15:58:00;-03:00;22,079999923706055;22,079999923706055;22,06999969482422;22,06999969482422;40300
2026-09-29;15:59:00;-03:00;22,079999923706055;22,079999923706055;22,06999969482422;22,079999923706055;19600
2026-09-29;16:00:00;-03:00;22,06999969482422;22,06999969482422;22,059999465942383;22,06999969482422;58500
2026-09-29;16:01:00;-03:00;22,06999969482422;22,06999969482422;22,030000686645508;22,06999969482422;79200
2026-09-29;16:02:00;-03:00;22,06999969482422;22,06999969482422;22,059999465942383;22,06999969482422;9200
2026-09-29;16:03:00;-03:00;22,06999969482422;22,06999969482422;22,059999465942383;22,06999969482422;12100
2026-09-29;16:04:00;-03:00;22,059999465942383;22,06999969482422;22,030000686645508;22,030000686645508;41400
2026-09-29;16:05:00;-03:00;22,030000686645508;22,040000915527344;22,030000686645508;22,030000686645508;53500
2026-09-29;16:06:00;-03:00;22,030000686645508;22,040000915527344;22,020000457763672;22,040000915527344;34700
2026-09-29;16:07:00;-03:00;22,040000915527344;22,040000915527344;22,020000457763672;22,020000457763672;12200
2026-09-29;16:08:00;-03:00;22,030000686645508;22,030000686645508;22,020000457763672;22,030000686645508;33000
2026-09-29;16:09:00;-03:00;22,030000686645508;22,040000915527344;22,030000686645508;22,030000686645508;44500
2026-09-29;16:10:00;-03:00;22,040000915527344;22,040000915527344;22,010000228881836;22,010000228881836;46000
2026-09-29;16:11:00;-03:00;22,010000228881836;22,030000686645508;22,010000228881836;22,010000228881836;74400
2026-09-29;16:12:00;-03:00;22,020000457763672;22,040000915527344;22,010000228881836;22,030000686645508;70700
2026-09-29;16:13:00;-03:00;22,040000915527344;22,040000915527344;22,020000457763672;22,020000457763672;25800
2026-09-29;16:14:00;-03:00;22,030000686645508;22,079999923706055;22,030000686645508;22,059999465942383;183900
2026-09-29;16:15:00;-03:00;22,059999465942383;22,06999969482422;22,059999465942383;22,059999465942383;49500
2026-09-29;16:16:00;-03:00;22,06999969482422;22,079999923706055;22,059999465942383;22,06999969482422;41800
2026-09-29;16:17:00;-03:00;22,06999969482422;22,079999923706055;22,059999465942383;22,06999969482422;56000
2026-09-29;16:18:00;-03:00;22,06999969482422;22,06999969482422;22,049999237060547;22,059999465942383;71900
2026-09-29;16:19:00;-03:00;22,059999465942383;22,06999969482422;22,049999237060547;22,049999237060547;30600
2026-09-29;16:20:00;-03:00;22,059999465942383;22,059999465942383;22,040000915527344;22,040000915527344;49200
2026-09-29;16:21:00;-03:00;22,049999237060547;22,049999237060547;22,020000457763672;22,030000686645508;85100
2026-09-29;16:22:00;-03:00;22,030000686645508;22,040000915527344;22,030000686645508;22,040000915527344;28100
2026-09-29;16:23:00;-03:00;22,040000915527344;22,040000915527344;22,030000686645508;22,040000915527344;47800
2026-09-29;16:24:00;-03:00;22,040000915527344;22,06999969482422;22,040000915527344;22,049999237060547;51000
2026-09-29;16:25:00;-03:00;22,059999465942383;22,06999969482422;22,030000686645508;22,049999237060547;114300
2026-09-29;16:26:00;-03:00;22,049999237060547;22,059999465942383;22,040000915527344;22,049999237060547;78100
2026-09-29;16:27:00;-03:00;22,040000915527344;22,06999969482422;22,040000915527344;22,06999969482422;75700
2026-09-29;16:28:00;-03:00;22,049999237060547;22,06999969482422;22,040000915527344;22,06999969482422;100000
2026-09-29;16:29:00;-03:00;22,049999237060547;22,079999923706055;22,049999237060547;22,06999969482422;84200
2026-09-29;16:30:00;-03:00;22,06999969482422;22,09000015258789;22,059999465942383;22,09000015258789;155100
2026-09-29;16:31:00;-03:00;22,079999923706055;22,09000015258789;22,079999923706055;22,079999923706055;78500
2026-09-29;16:32:00;-03:00;22,079999923706055;22,110000610351562;22,079999923706055;22,100000381469727;93000
2026-09-29;16:33:00;-03:00;22,100000381469727;22,1200008392334;22,09000015258789;22,110000610351562;146800
2026-09-29;16:34:00;-03:00;22,110000610351562;22,1200008392334;22,100000381469727;22,110000610351562;93400
2026-09-29;16:35:00;-03:00;22,110000610351562;22,110000610351562;22,100000381469727;22,110000610351562;60000
2026-09-29;16:36:00;-03:00;22,110000610351562;22,1299991607666;22,100000381469727;22,110000610351562;91600
2026-09-29;16:37:00;-03:00;22,1200008392334;22,139999389648438;22,1200008392334;22,1200008392334;135400
2026-09-29;16:38:00;-03:00;22,1299991607666;22,149999618530273;22,1200008392334;22,139999389648438;47600
2026-09-29;16:39:00;-03:00;22,139999389648438;22,15999984741211;22,1299991607666;22,1299991607666;140200
2026-09-29;16:40:00;-03:00;22,1299991607666;22,139999389648438;22,1200008392334;22,139999389648438;49500
2026-09-29;16:41:00;-03:00;22,139999389648438;22,149999618530273;22,1299991607666;22,149999618530273;93300
2026-09-29;16:42:00;-03:00;22,139999389648438;22,139999389648438;22,1200008392334;22,139999389648438;89600
2026-09-29;16:43:00;-03:00;22,139999389648438;22,149999618530273;22,1200008392334;22,1299991607666;95100
2026-09-29;16:44:00;-03:00;22,139999389648438;22,15999984741211;22,1299991607666;22,139999389648438;62100
2026-09-29;16:45:00;-03:00;22,149999618530273;22,15999984741211;22,1299991607666;22,139999389648438;132300
2026-09-29;16:46:00;-03:00;22,149999618530273;22,15999984741211;22,139999389648438;22,139999389648438;80100
2026-09-29;16:47:00;-03:00;22,149999618530273;22,15999984741211;22,1200008392334;22,1299991607666;211400
2026-09-29;16:48:00;-03:00;22,1299991607666;22,139999389648438;22,1200008392334;22,139999389648438;74400
2026-09-29;16:49:00;-03:00;22,1299991607666;22,1299991607666;22,110000610351562;22,1200008392334;141900
2026-09-29;16:50:00;-03:00;22,1200008392334;22,1200008392334;22,079999923706055;22,09000015258789;63500
2026-09-29;16:51:00;-03:00;22,09000015258789;22,09000015258789;22,020000457763672;22,030000686645508;617800
2026-09-29;16:52:00;-03:00;22,030000686645508;22,049999237060547;22,0;22,0;154400
2026-09-29;16:53:00;-03:00;22,0;22,030000686645508;22,0;22,030000686645508;89300
2026-09-29;16:54:00;-03:00;22,030000686645508;22,06999969482422;22,010000228881836;22,06999969482422;108300
2026-09-30;10:09:00;-03:00;22,5;22,559999465942383;22,450000762939453;22,5;0
2026-09-30;10:10:00;-03:00;22,489999771118164;22,489999771118164;22,399999618530273;22,43000030517578;75500
2026-09-30;10:11:00;-03:00;22,43000030517578;22,469999313354492;22,399999618530273;22,450000762939453;57300
2026-09-30;10:12:00;-03:00;22,440000534057617;22,450000762939453;22,360000610351562;22,360000610351562;52400
2026-09-30;10:13:00;-03:00;22,3700008392334;22,3799991607666;22,350000381469727;22,3799991607666;30400
2026-09-30;10:14:00;-03:00;22,3700008392334;22,3799991607666;22,350000381469727;22,360000610351562;64400
2026-09-30;10:15:00;-03:00;22,350000381469727;22,3700008392334;22,31999969482422;22,360000610351562;39100
2026-09-30;10:16:00;-03:00;22,360000610351562;22,389999389648438;22,299999237060547;22,299999237060547;90100
2026-09-30;10:17:00;-03:00;22,309999465942383;22,329999923706055;22,290000915527344;22,299999237060547;72200
2026-09-30;10:18:00;-03:00;22,299999237060547;22,309999465942383;22,260000228881836;22,270000457763672;50200
2026-09-30;10:19:00;-03:00;22,260000228881836;22,280000686645508;22,25;22,260000228881836;30100
2026-09-30;10:20:00;-03:00;22,260000228881836;22,290000915527344;22,25;22,260000228881836;74100
2026-09-30;10:21:00;-03:00;22,260000228881836;22,270000457763672;22,239999771118164;22,260000228881836;97200
2026-09-30;10:22:00;-03:00;22,270000457763672;22,299999237060547;22,260000228881836;22,299999237060547;20600
2026-09-30;10:23:00;-03:00;22,290000915527344;22,290000915527344;22,229999542236328;22,239999771118164;209000
2026-09-30;10:24:00;-03:00;22,25;22,299999237060547;22,239999771118164;22,299999237060547;159900
2026-09-30;10:25:00;-03:00;22,299999237060547;22,40999984741211;22,299999237060547;22,40999984741211;142200
2026-09-30;10:26:00;-03:00;22,40999984741211;22,489999771118164;22,399999618530273;22,469999313354492;285100
2026-09-30;10:27:00;-03:00;22,450000762939453;22,469999313354492;22,43000030517578;22,440000534057617;89500
2026-09-30;10:28:00;-03:00;22,43000030517578;22,440000534057617;22,40999984741211;22,43000030517578;20500
2026-09-30;10:29:00;-03:00;22,440000534057617;22,489999771118164;22,440000534057617;22,489999771118164;53300
2026-09-30;10:30:00;-03:00;22,489999771118164;22,56999969482422;22,479999542236328;22,549999237060547;244900
2026-09-30;10:31:00;-03:00;22,540000915527344;22,540000915527344;22,440000534057617;22,459999084472656;124000
2026-09-30;10:32:00;-03:00;22,459999084472656;22,530000686645508;22,459999084472656;22,510000228881836;86400
2026-09-30;10:33:00;-03:00;22,510000228881836;22,540000915527344;22,510000228881836;22,520000457763672;123700
2026-09-30;10:34:00;-03:00;22,520000457763672;22,540000915527344;22,489999771118164;22,5;157300
2026-09-30;10:35:00;-03:00;22,5;22,520000457763672;22,450000762939453;22,450000762939453;197400
2026-09-30;10:36:00;-03:00;22,440000534057617;22,440000534057617;22,389999389648438;22,40999984741211;144600
2026-09-30;10:37:00;-03:00;22,40999984741211;22,40999984741211;22,360000610351562;22,399999618530273;71200
2026-09-30;10:38:00;-03:00;22,389999389648438;22,399999618530273;22,350000381469727;22,399999618530273;190200
2026-09-30;10:39:00;-03:00;22,399999618530273;22,399999618530273;22,3799991607666;22,389999389648438;47700
2026-09-30;10:40:00;-03:00;22,3799991607666;22,399999618530273;22,3700008392334;22,389999389648438;143700
2026-09-30;10:41:00;-03:00;22,389999389648438;22,389999389648438;22,31999969482422;22,34000015258789;112000
2026-09-30;10:42:00;-03:00;22,350000381469727;22,3799991607666;22,34000015258789;22,3799991607666;123800
2026-09-30;10:43:00;-03:00;22,3799991607666;22,420000076293945;22,350000381469727;22,420000076293945;79000
2026-09-30;10:44:00;-03:00;22,40999984741211;22,40999984741211;22,3700008392334;22,3799991607666;95700
2026-09-30;10:45:00;-03:00;22,3799991607666;22,43000030517578;22,3799991607666;22,3799991607666;114700
2026-09-30;10:46:00;-03:00;22,3799991607666;22,420000076293945;22,3799991607666;22,420000076293945;57600
2026-09-30;10:47:00;-03:00;22,40999984741211;22,43000030517578;22,389999389648438;22,389999389648438;327300
2026-09-30;10:48:00;-03:00;22,40999984741211;22,40999984741211;22,3799991607666;22,399999618530273;66800
2026-09-30;10:49:00;-03:00;22,399999618530273;22,43000030517578;22,389999389648438;22,420000076293945;93500
2026-09-30;10:50:00;-03:00;22,420000076293945;22,420000076293945;22,399999618530273;22,40999984741211;58300
2026-09-30;10:51:00;-03:00;22,420000076293945;22,450000762939453;22,40999984741211;22,450000762939453;119400
2026-09-30;10:52:00;-03:00;22,450000762939453;22,450000762939453;22,43000030517578;22,440000534057617;83900
2026-09-30;10:53:00;-03:00;22,440000534057617;22,469999313354492;22,440000534057617;22,469999313354492;57000
2026-09-30;10:54:00;-03:00;22,469999313354492;22,469999313354492;22,43000030517578;22,43000030517578;141900
2026-09-30;10:55:00;-03:00;22,43000030517578;22,450000762939453;22,420000076293945;22,43000030517578;73100
2026-09-30;10:56:00;-03:00;22,420000076293945;22,450000762939453;22,420000076293945;22,43000030517578;70300
2026-09-30;10:57:00;-03:00;22,43000030517578;22,489999771118164;22,43000030517578;22,489999771118164;77800
2026-09-30;10:58:00;-03:00;22,489999771118164;22,5;22,479999542236328;22,489999771118164;52600
2026-09-30;10:59:00;-03:00;22,489999771118164;22,5;22,479999542236328;22,5;15600
2026-09-30;11:00:00;-03:00;22,489999771118164;22,510000228881836;22,459999084472656;22,459999084472656;236700
2026-09-30;11:01:00;-03:00;22,459999084472656;22,459999084472656;22,450000762939453;22,450000762939453;52300
2026-09-30;11:02:00;-03:00;22,459999084472656;22,459999084472656;22,440000534057617;22,459999084472656;26200
2026-09-30;11:03:00;-03:00;22,459999084472656;22,479999542236328;22,459999084472656;22,459999084472656;66500
2026-09-30;11:04:00;-03:00;22,459999084472656;22,469999313354492;22,450000762939453;22,469999313354492;40800
2026-09-30;11:05:00;-03:00;22,479999542236328;22,530000686645508;22,479999542236328;22,489999771118164;128900
2026-09-30;11:06:00;-03:00;22,489999771118164;22,5;22,479999542236328;22,489999771118164;26800
2026-09-30;11:07:00;-03:00;22,5;22,530000686645508;22,5;22,510000228881836;69100
2026-09-30;11:08:00;-03:00;22,510000228881836;22,520000457763672;22,489999771118164;22,510000228881836;145900
2026-09-30;11:09:00;-03:00;22,5;22,510000228881836;22,5;22,510000228881836;15600
2026-09-30;11:10:00;-03:00;22,510000228881836;22,520000457763672;22,5;22,510000228881836;44800
2026-09-30;11:11:00;-03:00;22,510000228881836;22,530000686645508;22,510000228881836;22,520000457763672;34500
2026-09-30;11:12:00;-03:00;22,520000457763672;22,549999237060547;22,520000457763672;22,540000915527344;32300
2026-09-30;11:13:00;-03:00;22,540000915527344;22,549999237060547;22,510000228881836;22,520000457763672;54400
2026-09-30;11:14:00;-03:00;22,530000686645508;22,549999237060547;22,520000457763672;22,549999237060547;29800
2026-09-30;11:15:00;-03:00;22,540000915527344;22,6299991607666;22,540000915527344;22,610000610351562;424200
2026-09-30;11:16:00;-03:00;22,610000610351562;22,610000610351562;22,579999923706055;22,579999923706055;64700
2026-09-30;11:17:00;-03:00;22,579999923706055;22,59000015258789;22,56999969482422;22,579999923706055;24900
2026-09-30;11:18:00;-03:00;22,579999923706055;22,6200008392334;22,56999969482422;22,6200008392334;37100
2026-09-30;11:19:00;-03:00;22,6200008392334;22,6299991607666;22,610000610351562;22,6200008392334;22700
2026-09-30;11:20:00;-03:00;22,6299991607666;22,649999618530273;22,6299991607666;22,639999389648438;76900
2026-09-30;11:21:00;-03:00;22,639999389648438;22,68000030517578;22,639999389648438;22,68000030517578;154300
2026-09-30;11:22:00;-03:00;22,68000030517578;22,690000534057617;22,670000076293945;22,690000534057617;126600
2026-09-30;11:23:00;-03:00;22,68000030517578;22,729999542236328;22,670000076293945;22,729999542236328;106300
2026-09-30;11:24:00;-03:00;22,719999313354492;22,75;22,719999313354492;22,729999542236328;170200
2026-09-30;11:25:00;-03:00;22,739999771118164;22,75;22,690000534057617;22,700000762939453;165800
2026-09-30;11:26:00;-03:00;22,709999084472656;22,729999542236328;22,670000076293945;22,690000534057617;143100
2026-09-30;11:27:00;-03:00;22,68000030517578;22,68000030517578;22,649999618530273;22,649999618530273;36200
2026-09-30;11:28:00;-03:00;22,649999618530273;22,65999984741211;22,600000381469727;22,600000381469727;74100
2026-09-30;11:29:00;-03:00;22,610000610351562;22,610000610351562;22,59000015258789;22,600000381469727;38000
2026-09-30;11:30:00;-03:00;22,59000015258789;22,6299991607666;22,579999923706055;22,6200008392334;42800
2026-09-30;11:31:00;-03:00;22,6200008392334;22,6299991607666;22,579999923706055;22,600000381469727;39800
2026-09-30;11:32:00;-03:00;22,6200008392334;22,6200008392334;22,600000381469727;22,600000381469727;19100
2026-09-30;11:33:00;-03:00;22,600000381469727;22,6200008392334;22,59000015258789;22,600000381469727;53500
2026-09-30;11:34:00;-03:00;22,610000610351562;22,610000610351562;22,579999923706055;22,59000015258789;149500
2026-09-30;11:35:00;-03:00;22,579999923706055;22,610000610351562;22,579999923706055;22,600000381469727;40000
2026-09-30;11:36:00;-03:00;22,600000381469727;22,600000381469727;22,579999923706055;22,579999923706055;25300
2026-09-30;11:37:00;-03:00;22,59000015258789;22,600000381469727;22,559999465942383;22,559999465942383;124900
2026-09-30;11:38:00;-03:00;22,559999465942383;22,56999969482422;22,549999237060547;22,559999465942383;26600
2026-09-30;11:39:00;-03:00;22,56999969482422;22,56999969482422;22,530000686645508;22,540000915527344;148000
2026-09-30;11:40:00;-03:00;22,530000686645508;22,530000686645508;22,510000228881836;22,530000686645508;37200
2026-09-30;11:41:00;-03:00;22,530000686645508;22,549999237060547;22,520000457763672;22,540000915527344;20100
2026-09-30;11:42:00;-03:00;22,549999237060547;22,600000381469727;22,549999237060547;22,600000381469727;40500
2026-09-30;11:43:00;-03:00;22,59000015258789;22,600000381469727;22,579999923706055;22,600000381469727;16900
2026-09-30;11:44:00;-03:00;22,59000015258789;22,6200008392334;22,579999923706055;22,579999923706055;73800
2026-09-30;11:45:00;-03:00;22,59000015258789;22,6299991607666;22,579999923706055;22,610000610351562;52200
2026-09-30;11:46:00;-03:00;22,59000015258789;22,610000610351562;22,579999923706055;22,579999923706055;39700
2026-09-30;11:47:00;-03:00;22,579999923706055;22,600000381469727;22,579999923706055;22,59000015258789;26700
2026-09-30;11:48:00;-03:00;22,579999923706055;22,59000015258789;22,579999923706055;22,579999923706055;7600
2026-09-30;11:49:00;-03:00;22,579999923706055;22,579999923706055;22,549999237060547;22,559999465942383;36600
2026-09-30;11:50:00;-03:00;22,559999465942383;22,559999465942383;22,520000457763672;22,540000915527344;80700
2026-09-30;11:51:00;-03:00;22,540000915527344;22,56999969482422;22,540000915527344;22,56999969482422;21200
2026-09-30;11:52:00;-03:00;22,56999969482422;22,59000015258789;22,559999465942383;22,56999969482422;75300
2026-09-30;11:53:00;-03:00;22,579999923706055;22,579999923706055;22,530000686645508;22,530000686645508;50500
2026-09-30;11:54:00;-03:00;22,549999237060547;22,579999923706055;22,549999237060547;22,559999465942383;44000
2026-09-30;11:55:00;-03:00;22,56999969482422;22,579999923706055;22,559999465942383;22,559999465942383;19600
2026-09-30;11:56:00;-03:00;22,559999465942383;22,559999465942383;22,540000915527344;22,540000915527344;30200
2026-09-30;11:57:00;-03:00;22,540000915527344;22,549999237060547;22,520000457763672;22,540000915527344;45300
2026-09-30;11:58:00;-03:00;22,549999237060547;22,549999237060547;22,520000457763672;22,540000915527344;65900
2026-09-30;11:59:00;-03:00;22,540000915527344;22,540000915527344;22,530000686645508;22,530000686645508;10200
2026-09-30;12:00:00;-03:00;22,530000686645508;22,530000686645508;22,520000457763672;22,530000686645508;22400
2026-09-30;12:01:00;-03:00;22,530000686645508;22,549999237060547;22,530000686645508;22,530000686645508;8200
2026-09-30;12:02:00;-03:00;22,540000915527344;22,540000915527344;22,530000686645508;22,530000686645508;9300
2026-09-30;12:03:00;-03:00;22,540000915527344;22,579999923706055;22,540000915527344;22,56999969482422;22700
2026-09-30;12:04:00;-03:00;22,579999923706055;22,610000610351562;22,559999465942383;22,600000381469727;146000
2026-09-30;12:05:00;-03:00;22,610000610351562;22,6200008392334;22,600000381469727;22,600000381469727;114700
2026-09-30;12:06:00;-03:00;22,610000610351562;22,610000610351562;22,579999923706055;22,59000015258789;72900
2026-09-30;12:07:00;-03:00;22,600000381469727;22,600000381469727;22,579999923706055;22,600000381469727;32500
2026-09-30;12:08:00;-03:00;22,600000381469727;22,610000610351562;22,59000015258789;22,59000015258789;60100
2026-09-30;12:09:00;-03:00;22,59000015258789;22,6200008392334;22,59000015258789;22,6200008392334;142200
2026-09-30;12:10:00;-03:00;22,610000610351562;22,6200008392334;22,600000381469727;22,600000381469727;36000
2026-09-30;12:11:00;-03:00;22,610000610351562;22,610000610351562;22,600000381469727;22,610000610351562;69200
2026-09-30;12:12:00;-03:00;22,6200008392334;22,6200008392334;22,610000610351562;22,610000610351562;35300
2026-09-30;12:13:00;-03:00;22,610000610351562;22,6299991607666;22,610000610351562;22,610000610351562;32300
2026-09-30;12:14:00;-03:00;22,610000610351562;22,6200008392334;22,610000610351562;22,610000610351562;19900
2026-09-30;12:15:00;-03:00;22,610000610351562;22,639999389648438;22,600000381469727;22,639999389648438;88000
2026-09-30;12:16:00;-03:00;22,639999389648438;22,649999618530273;22,639999389648438;22,639999389648438;11000
2026-09-30;12:17:00;-03:00;22,639999389648438;22,649999618530273;22,6200008392334;22,6200008392334;35600
2026-09-30;12:18:00;-03:00;22,6299991607666;22,639999389648438;22,6200008392334;22,6200008392334;64600
2026-09-30;12:19:00;-03:00;22,6200008392334;22,6200008392334;22,59000015258789;22,59000015258789;40700
2026-09-30;12:20:00;-03:00;22,579999923706055;22,600000381469727;22,579999923706055;22,579999923706055;37800
2026-09-30;12:21:00;-03:00;22,579999923706055;22,59000015258789;22,56999969482422;22,579999923706055;29200
2026-09-30;12:22:00;-03:00;22,59000015258789;22,59000015258789;22,579999923706055;22,579999923706055;32100
2026-09-30;12:23:00;-03:00;22,579999923706055;22,610000610351562;22,579999923706055;22,59000015258789;24500
2026-09-30;12:24:00;-03:00;22,59000015258789;22,59000015258789;22,56999969482422;22,579999923706055;8900
2026-09-30;12:25:00;-03:00;22,56999969482422;22,600000381469727;22,56999969482422;22,600000381469727;36100
2026-09-30;12:26:00;-03:00;22,59000015258789;22,610000610351562;22,59000015258789;22,600000381469727;24900
2026-09-30;12:27:00;-03:00;22,600000381469727;22,610000610351562;22,59000015258789;22,600000381469727;32200
2026-09-30;12:28:00;-03:00;22,610000610351562;22,610000610351562;22,579999923706055;22,600000381469727;92900
2026-09-30;12:29:00;-03:00;22,610000610351562;22,610000610351562;22,600000381469727;22,600000381469727;102600
2026-09-30;12:30:00;-03:00;22,610000610351562;22,6299991607666;22,600000381469727;22,600000381469727;53200
2026-09-30;12:31:00;-03:00;22,600000381469727;22,610000610351562;22,56999969482422;22,600000381469727;368300
2026-09-30;12:32:00;-03:00;22,600000381469727;22,610000610351562;22,579999923706055;22,600000381469727;25500
2026-09-30;12:33:00;-03:00;22,600000381469727;22,600000381469727;22,59000015258789;22,59000015258789;17500
2026-09-30;12:34:00;-03:00;22,59000015258789;22,59000015258789;22,579999923706055;22,579999923706055;13600
2026-09-30;12:35:00;-03:00;22,579999923706055;22,579999923706055;22,549999237060547;22,56999969482422;35600
2026-09-30;12:36:00;-03:00;22,56999969482422;22,56999969482422;22,559999465942383;22,56999969482422;6400
2026-09-30;12:37:00;-03:00;22,549999237060547;22,579999923706055;22,549999237060547;22,579999923706055;17000
2026-09-30;12:38:00;-03:00;22,579999923706055;22,579999923706055;22,540000915527344;22,549999237060547;171900
2026-09-30;12:39:00;-03:00;22,549999237060547;22,559999465942383;22,549999237060547;22,549999237060547;16300
2026-09-30;12:40:00;-03:00;22,559999465942383;22,559999465942383;22,530000686645508;22,530000686645508;40800
2026-09-30;12:41:00;-03:00;22,540000915527344;22,549999237060547;22,520000457763672;22,540000915527344;19900
2026-09-30;12:42:00;-03:00;22,530000686645508;22,540000915527344;22,520000457763672;22,530000686645508;11700
2026-09-30;12:43:00;-03:00;22,520000457763672;22,530000686645508;22,489999771118164;22,5;204900
2026-09-30;12:44:00;-03:00;22,5;22,530000686645508;22,489999771118164;22,5;92000
2026-09-30;12:45:00;-03:00;22,489999771118164;22,510000228881836;22,489999771118164;22,510000228881836;39500
2026-09-30;12:46:00;-03:00;22,510000228881836;22,540000915527344;22,5;22,540000915527344;37700
2026-09-30;12:47:00;-03:00;22,530000686645508;22,549999237060547;22,530000686645508;22,540000915527344;24000
2026-09-30;12:48:00;-03:00;22,540000915527344;22,559999465942383;22,540000915527344;22,549999237060547;40500
2026-09-30;12:49:00;-03:00;22,559999465942383;22,56999969482422;22,549999237060547;22,559999465942383;18300
2026-09-30;12:50:00;-03:00;22,559999465942383;22,559999465942383;22,540000915527344;22,540000915527344;34700
2026-09-30;12:51:00;-03:00;22,540000915527344;22,559999465942383;22,540000915527344;22,540000915527344;284800
2026-09-30;12:52:00;-03:00;22,540000915527344;22,540000915527344;22,510000228881836;22,510000228881836;28200
2026-09-30;12:53:00;-03:00;22,510000228881836;22,520000457763672;22,5;22,5;84000
2026-09-30;12:54:00;-03:00;22,510000228881836;22,520000457763672;22,489999771118164;22,5;34600
2026-09-30;12:55:00;-03:00;22,5;22,530000686645508;22,5;22,520000457763672;32400
2026-09-30;12:56:00;-03:00;22,530000686645508;22,549999237060547;22,530000686645508;22,549999237060547;23700
2026-09-30;12:57:00;-03:00;22,540000915527344;22,559999465942383;22,540000915527344;22,549999237060547;18100
2026-09-30;12:58:00;-03:00;22,549999237060547;22,56999969482422;22,540000915527344;22,559999465942383;25300
2026-09-30;12:59:00;-03:00;22,56999969482422;22,579999923706055;22,559999465942383;22,579999923706055;44500
2026-09-30;13:00:00;-03:00;22,579999923706055;22,59000015258789;22,56999969482422;22,579999923706055;53700
2026-09-30;13:01:00;-03:00;22,59000015258789;22,600000381469727;22,579999923706055;22,59000015258789;21300
2026-09-30;13:02:00;-03:00;22,600000381469727;22,600000381469727;22,559999465942383;22,56999969482422;91800
2026-09-30;13:03:00;-03:00;22,56999969482422;22,56999969482422;22,549999237060547;22,549999237060547;27500
2026-09-30;13:04:00;-03:00;22,559999465942383;22,559999465942383;22,530000686645508;22,549999237060547;40100
2026-09-30;13:05:00;-03:00;22,549999237060547;22,559999465942383;22,530000686645508;22,549999237060547;57200
2026-09-30;13:06:00;-03:00;22,540000915527344;22,56999969482422;22,540000915527344;22,549999237060547;15000
2026-09-30;13:07:00;-03:00;22,559999465942383;22,559999465942383;22,549999237060547;22,559999465942383;6100
2026-09-30;13:08:00;-03:00;22,559999465942383;22,559999465942383;22,549999237060547;22,549999237060547;12000
2026-09-30;13:09:00;-03:00;22,549999237060547;22,559999465942383;22,549999237060547;22,549999237060547;14400
2026-09-30;13:10:00;-03:00;22,559999465942383;22,56999969482422;22,549999237060547;22,56999969482422;58200
2026-09-30;13:11:00;-03:00;22,56999969482422;22,56999969482422;22,549999237060547;22,559999465942383;26100
2026-09-30;13:12:00;-03:00;22,559999465942383;22,559999465942383;22,549999237060547;22,559999465942383;10500
2026-09-30;13:13:00;-03:00;22,549999237060547;22,559999465942383;22,549999237060547;22,549999237060547;5500
2026-09-30;13:14:00;-03:00;22,559999465942383;22,56999969482422;22,549999237060547;22,56999969482422;16700
2026-09-30;13:15:00;-03:00;22,559999465942383;22,56999969482422;22,559999465942383;22,559999465942383;8400
2026-09-30;13:16:00;-03:00;22,56999969482422;22,600000381469727;22,559999465942383;22,600000381469727;69800
2026-09-30;13:17:00;-03:00;22,600000381469727;22,600000381469727;22,59000015258789;22,600000381469727;15800
2026-09-30;13:18:00;-03:00;22,59000015258789;22,610000610351562;22,59000015258789;22,59000015258789;36900
2026-09-30;13:19:00;-03:00;22,59000015258789;22,600000381469727;22,579999923706055;22,59000015258789;57300
2026-09-30;13:20:00;-03:00;22,59000015258789;22,59000015258789;22,579999923706055;22,579999923706055;11400
2026-09-30;13:21:00;-03:00;22,59000015258789;22,6200008392334;22,59000015258789;22,610000610351562;225100
2026-09-30;13:22:00;-03:00;22,610000610351562;22,6299991607666;22,610000610351562;22,6200008392334;30400
2026-09-30;13:23:00;-03:00;22,6200008392334;22,6299991607666;22,6200008392334;22,6200008392334;26000
2026-09-30;13:24:00;-03:00;22,6299991607666;22,6299991607666;22,6200008392334;22,6299991607666;8800
2026-09-30;13:25:00;-03:00;22,6299991607666;22,6299991607666;22,6200008392334;22,6200008392334;8600
2026-09-30;13:26:00;-03:00;22,6299991607666;22,6299991607666;22,6200008392334;22,6200008392334;17000
2026-09-30;13:27:00;-03:00;22,6299991607666;22,639999389648438;22,6200008392334;22,639999389648438;25400
2026-09-30;13:28:00;-03:00;22,639999389648438;22,649999618530273;22,6299991607666;22,649999618530273;20600
2026-09-30;13:29:00;-03:00;22,649999618530273;22,690000534057617;22,649999618530273;22,68000030517578;117400
2026-09-30;13:30:00;-03:00;22,68000030517578;22,700000762939453;22,670000076293945;22,700000762939453;38200
2026-09-30;13:31:00;-03:00;22,700000762939453;22,729999542236328;22,690000534057617;22,700000762939453;169100
2026-09-30;13:32:00;-03:00;22,709999084472656;22,709999084472656;22,690000534057617;22,709999084472656;46600
2026-09-30;13:33:00;-03:00;22,709999084472656;22,729999542236328;22,700000762939453;22,709999084472656;57400
2026-09-30;13:34:00;-03:00;22,709999084472656;22,739999771118164;22,709999084472656;22,739999771118164;73000
2026-09-30;13:35:00;-03:00;22,729999542236328;22,75;22,729999542236328;22,75;24500
2026-09-30;13:36:00;-03:00;22,75;22,75;22,739999771118164;22,739999771118164;22200
2026-09-30;13:37:00;-03:00;22,75;22,75;22,739999771118164;22,739999771118164;22100
2026-09-30;13:38:00;-03:00;22,739999771118164;22,75;22,739999771118164;22,75;31900
2026-09-30;13:39:00;-03:00;22,75;22,75;22,729999542236328;22,729999542236328;121900
2026-09-30;13:40:00;-03:00;22,739999771118164;22,75;22,739999771118164;22,75;42800
2026-09-30;13:41:00;-03:00;22,739999771118164;22,75;22,719999313354492;22,739999771118164;55500
2026-09-30;13:42:00;-03:00;22,729999542236328;22,739999771118164;22,690000534057617;22,690000534057617;88600
2026-09-30;13:43:00;-03:00;22,690000534057617;22,719999313354492;22,690000534057617;22,700000762939453;17300
2026-09-30;13:44:00;-03:00;22,700000762939453;22,719999313354492;22,700000762939453;22,719999313354492;7700
2026-09-30;13:45:00;-03:00;22,719999313354492;22,719999313354492;22,690000534057617;22,700000762939453;59000
2026-09-30;13:46:00;-03:00;22,709999084472656;22,709999084472656;22,700000762939453;22,709999084472656;10400
2026-09-30;13:47:00;-03:00;22,709999084472656;22,719999313354492;22,700000762939453;22,709999084472656;27500
2026-09-30;13:48:00;-03:00;22,700000762939453;22,709999084472656;22,68000030517578;22,690000534057617;77200
2026-09-30;13:49:00;-03:00;22,690000534057617;22,700000762939453;22,68000030517578;22,690000534057617;28500
2026-09-30;13:50:00;-03:00;22,690000534057617;22,700000762939453;22,670000076293945;22,68000030517578;34400
2026-09-30;13:51:00;-03:00;22,700000762939453;22,700000762939453;22,68000030517578;22,690000534057617;22200
2026-09-30;13:52:00;-03:00;22,690000534057617;22,700000762939453;22,68000030517578;22,690000534057617;15300
2026-09-30;13:53:00;-03:00;22,690000534057617;22,690000534057617;22,649999618530273;22,65999984741211;110500
2026-09-30;13:54:00;-03:00;22,65999984741211;22,670000076293945;22,649999618530273;22,670000076293945;19800
2026-09-30;13:55:00;-03:00;22,670000076293945;22,670000076293945;22,649999618530273;22,649999618530273;34100
2026-09-30;13:56:00;-03:00;22,649999618530273;22,65999984741211;22,649999618530273;22,65999984741211;16100
2026-09-30;13:57:00;-03:00;22,65999984741211;22,690000534057617;22,649999618530273;22,670000076293945;71400
2026-09-30;13:58:00;-03:00;22,65999984741211;22,68000030517578;22,649999618530273;22,670000076293945;78500
2026-09-30;13:59:00;-03:00;22,670000076293945;22,690000534057617;22,670000076293945;22,670000076293945;50600
2026-09-30;14:00:00;-03:00;22,68000030517578;22,690000534057617;22,65999984741211;22,68000030517578;58300
2026-09-30;14:01:00;-03:00;22,690000534057617;22,709999084472656;22,68000030517578;22,690000534057617;50800
2026-09-30;14:02:00;-03:00;22,700000762939453;22,709999084472656;22,68000030517578;22,68000030517578;63500
2026-09-30;14:03:00;-03:00;22,68000030517578;22,690000534057617;22,670000076293945;22,690000534057617;33600
2026-09-30;14:04:00;-03:00;22,690000534057617;22,700000762939453;22,690000534057617;22,690000534057617;9500
2026-09-30;14:05:00;-03:00;22,690000534057617;22,719999313354492;22,690000534057617;22,719999313354492;24600
2026-09-30;14:06:00;-03:00;22,719999313354492;22,729999542236328;22,709999084472656;22,729999542236328;45000
2026-09-30;14:07:00;-03:00;22,719999313354492;22,739999771118164;22,709999084472656;22,719999313354492;111500
2026-09-30;14:08:00;-03:00;22,729999542236328;22,729999542236328;22,709999084472656;22,719999313354492;70600
2026-09-30;14:09:00;-03:00;22,729999542236328;22,739999771118164;22,719999313354492;22,739999771118164;32800
2026-09-30;14:10:00;-03:00;22,739999771118164;22,770000457763672;22,729999542236328;22,75;146500
2026-09-30;14:11:00;-03:00;22,739999771118164;22,75;22,719999313354492;22,739999771118164;91200
2026-09-30;14:12:00;-03:00;22,75;22,770000457763672;22,739999771118164;22,760000228881836;22000
2026-09-30;14:13:00;-03:00;22,770000457763672;22,780000686645508;22,760000228881836;22,770000457763672;38300
2026-09-30;14:14:00;-03:00;22,780000686645508;22,780000686645508;22,770000457763672;22,780000686645508;10300
2026-09-30;14:15:00;-03:00;22,780000686645508;22,780000686645508;22,760000228881836;22,760000228881836;98900
2026-09-30;14:16:00;-03:00;22,780000686645508;22,790000915527344;22,760000228881836;22,790000915527344;105600
2026-09-30;14:17:00;-03:00;22,790000915527344;22,799999237060547;22,790000915527344;22,790000915527344;10200
2026-09-30;14:18:00;-03:00;22,790000915527344;22,799999237060547;22,790000915527344;22,799999237060547;10000
2026-09-30;14:19:00;-03:00;22,790000915527344;22,799999237060547;22,770000457763672;22,770000457763672;77000
2026-09-30;14:20:00;-03:00;22,770000457763672;22,81999969482422;22,770000457763672;22,81999969482422;130200
2026-09-30;14:21:00;-03:00;22,809999465942383;22,850000381469727;22,809999465942383;22,829999923706055;118200
2026-09-30;14:22:00;-03:00;22,829999923706055;22,850000381469727;22,829999923706055;22,850000381469727;57800
2026-09-30;14:23:00;-03:00;22,850000381469727;22,860000610351562;22,84000015258789;22,860000610351562;40400
2026-09-30;14:24:00;-03:00;22,860000610351562;22,8700008392334;22,850000381469727;22,8700008392334;123900
2026-09-30;14:25:00;-03:00;22,8700008392334;22,889999389648438;22,860000610351562;22,8700008392334;106800
2026-09-30;14:26:00;-03:00;22,860000610351562;22,8700008392334;22,850000381469727;22,850000381469727;65400
2026-09-30;14:27:00;-03:00;22,860000610351562;22,8799991607666;22,850000381469727;22,8700008392334;62400
2026-09-30;14:28:00;-03:00;22,8700008392334;22,8799991607666;22,860000610351562;22,8799991607666;25200
2026-09-30;14:29:00;-03:00;22,8799991607666;22,889999389648438;22,8700008392334;22,8799991607666;79300
2026-09-30;14:30:00;-03:00;22,889999389648438;22,889999389648438;22,8700008392334;22,8700008392334;84200
2026-09-30;14:31:00;-03:00;22,860000610351562;22,8700008392334;22,860000610351562;22,8700008392334;6500
2026-09-30;14:32:00;-03:00;22,8700008392334;22,8700008392334;22,860000610351562;22,8700008392334;35400
2026-09-30;14:33:00;-03:00;22,8700008392334;22,889999389648438;22,860000610351562;22,889999389648438;77700
2026-09-30;14:34:00;-03:00;22,889999389648438;22,889999389648438;22,8700008392334;22,889999389648438;91500
2026-09-30;14:35:00;-03:00;22,889999389648438;22,889999389648438;22,8799991607666;22,8799991607666;47400
2026-09-30;14:36:00;-03:00;22,889999389648438;22,940000534057617;22,8799991607666;22,940000534057617;145100
2026-09-30;14:37:00;-03:00;22,940000534057617;22,959999084472656;22,920000076293945;22,959999084472656;146100
2026-09-30;14:38:00;-03:00;22,959999084472656;23,0;22,950000762939453;23,0;256000
2026-09-30;14:39:00;-03:00;22,979999542236328;23,0;22,979999542236328;22,989999771118164;76700
2026-09-30;14:40:00;-03:00;22,989999771118164;23,040000915527344;22,979999542236328;23,030000686645508;442300
2026-09-30;14:41:00;-03:00;23,030000686645508;23,040000915527344;23,020000457763672;23,020000457763672;120000
2026-09-30;14:42:00;-03:00;23,030000686645508;23,030000686645508;22,989999771118164;23,010000228881836;108900
2026-09-30;14:43:00;-03:00;23,010000228881836;23,010000228881836;22,979999542236328;23,0;90600
2026-09-30;14:44:00;-03:00;22,989999771118164;23,010000228881836;22,989999771118164;23,0;38600
2026-09-30;14:45:00;-03:00;23,010000228881836;23,010000228881836;22,989999771118164;22,989999771118164;434600
2026-09-30;14:46:00;-03:00;23,0;23,020000457763672;22,950000762939453;22,959999084472656;201100
2026-09-30;14:47:00;-03:00;22,969999313354492;22,989999771118164;22,940000534057617;22,940000534057617;147300
2026-09-30;14:48:00;-03:00;22,950000762939453;22,969999313354492;22,93000030517578;22,969999313354492;74600
2026-09-30;14:49:00;-03:00;22,969999313354492;22,989999771118164;22,93000030517578;22,989999771118164;82100
2026-09-30;14:50:00;-03:00;22,989999771118164;23,0;22,979999542236328;23,0;53300
2026-09-30;14:51:00;-03:00;23,0;23,020000457763672;22,989999771118164;23,0;219500
2026-09-30;14:52:00;-03:00;23,0;23,0;22,969999313354492;22,979999542236328;88200
2026-09-30;14:53:00;-03:00;22,979999542236328;22,989999771118164;22,969999313354492;22,989999771118164;40900
2026-09-30;14:54:00;-03:00;22,989999771118164;23,0;22,979999542236328;22,989999771118164;72300
2026-09-30;14:55:00;-03:00;22,989999771118164;23,010000228881836;22,979999542236328;23,0;219800
2026-09-30;14:56:00;-03:00;23,0;23,020000457763672;22,989999771118164;23,010000228881836;156800
2026-09-30;14:57:00;-03:00;23,020000457763672;23,020000457763672;22,989999771118164;22,989999771118164;175600
2026-09-30;14:58:00;-03:00;23,0;23,010000228881836;22,989999771118164;23,0;358500
2026-09-30;14:59:00;-03:00;23,0;23,0;22,969999313354492;22,979999542236328;92400
2026-09-30;15:00:00;-03:00;22,979999542236328;23,0;22,969999313354492;22,979999542236328;78500
2026-09-30;15:01:00;-03:00;23,0;23,010000228881836;22,979999542236328;23,0;278900
2026-09-30;15:02:00;-03:00;22,989999771118164;23,010000228881836;22,989999771118164;23,0;106300
2026-09-30;15:03:00;-03:00;22,989999771118164;23,0;22,959999084472656;22,969999313354492;71700
2026-09-30;15:04:00;-03:00;22,969999313354492;23,0;22,959999084472656;23,0;97600
2026-09-30;15:05:00;-03:00;23,0;23,0;22,979999542236328;22,979999542236328;45300
2026-09-30;15:06:00;-03:00;22,979999542236328;22,989999771118164;22,969999313354492;22,989999771118164;31600
2026-09-30;15:07:00;-03:00;22,989999771118164;23,0;22,979999542236328;23,0;89100
2026-09-30;15:08:00;-03:00;23,0;23,010000228881836;22,989999771118164;22,989999771118164;84600
2026-09-30;15:09:00;-03:00;22,989999771118164;23,010000228881836;22,979999542236328;23,0;97900
2026-09-30;15:10:00;-03:00;22,989999771118164;23,0;22,969999313354492;22,979999542236328;137400
2026-09-30;15:11:00;-03:00;22,979999542236328;22,979999542236328;22,959999084472656;22,969999313354492;217500
2026-09-30;15:12:00;-03:00;22,969999313354492;22,979999542236328;22,940000534057617;22,979999542236328;235100
2026-09-30;15:13:00;-03:00;22,959999084472656;22,969999313354492;22,940000534057617;22,959999084472656;95800
2026-09-30;15:14:00;-03:00;22,950000762939453;22,969999313354492;22,940000534057617;22,940000534057617;619300
2026-09-30;15:15:00;-03:00;22,950000762939453;22,989999771118164;22,940000534057617;22,959999084472656;148900
2026-09-30;15:16:00;-03:00;22,969999313354492;22,969999313354492;22,950000762939453;22,959999084472656;75600
2026-09-30;15:17:00;-03:00;22,969999313354492;22,989999771118164;22,93000030517578;22,940000534057617;171300
2026-09-30;15:18:00;-03:00;22,940000534057617;22,950000762939453;22,93000030517578;22,93000030517578;69500
2026-09-30;15:19:00;-03:00;22,93000030517578;22,93000030517578;22,899999618530273;22,90999984741211;79100
2026-09-30;15:20:00;-03:00;22,90999984741211;22,920000076293945;22,899999618530273;22,920000076293945;36300
2026-09-30;15:21:00;-03:00;22,920000076293945;22,920000076293945;22,899999618530273;22,90999984741211;84400
2026-09-30;15:22:00;-03:00;22,90999984741211;22,920000076293945;22,90999984741211;22,90999984741211;56700
2026-09-30;15:23:00;-03:00;22,920000076293945;22,920000076293945;22,90999984741211;22,90999984741211;29600
2026-09-30;15:24:00;-03:00;22,920000076293945;22,920000076293945;22,8799991607666;22,899999618530273;114600
2026-09-30;15:25:00;-03:00;22,889999389648438;22,899999618530273;22,889999389648438;22,899999618530273;42600
2026-09-30;15:26:00;-03:00;22,889999389648438;22,899999618530273;22,8700008392334;22,889999389648438;73700
2026-09-30;15:27:00;-03:00;22,889999389648438;22,889999389648438;22,860000610351562;22,8700008392334;75500
2026-09-30;15:28:00;-03:00;22,8700008392334;22,8700008392334;22,850000381469727;22,860000610351562;81700
2026-09-30;15:29:00;-03:00;22,850000381469727;22,860000610351562;22,790000915527344;22,809999465942383;132100
2026-09-30;15:30:00;-03:00;22,809999465942383;22,81999969482422;22,790000915527344;22,81999969482422;168900
2026-09-30;15:31:00;-03:00;22,81999969482422;22,850000381469727;22,809999465942383;22,850000381469727;45800
2026-09-30;15:32:00;-03:00;22,84000015258789;22,8700008392334;22,84000015258789;22,860000610351562;153800
2026-09-30;15:33:00;-03:00;22,8700008392334;22,8700008392334;22,84000015258789;22,860000610351562;83400
2026-09-30;15:34:00;-03:00;22,850000381469727;22,860000610351562;22,81999969482422;22,81999969482422;125300
2026-09-30;15:35:00;-03:00;22,81999969482422;22,829999923706055;22,809999465942383;22,81999969482422;39400
2026-09-30;15:36:00;-03:00;22,81999969482422;22,850000381469727;22,81999969482422;22,850000381469727;34400
2026-09-30;15:37:00;-03:00;22,850000381469727;22,850000381469727;22,829999923706055;22,84000015258789;73600
2026-09-30;15:38:00;-03:00;22,84000015258789;22,850000381469727;22,84000015258789;22,84000015258789;31600
2026-09-30;15:39:00;-03:00;22,850000381469727;22,850000381469727;22,84000015258789;22,84000015258789;31800
2026-09-30;15:40:00;-03:00;22,850000381469727;22,920000076293945;22,84000015258789;22,920000076293945;364300
2026-09-30;15:41:00;-03:00;22,90999984741211;22,90999984741211;22,8700008392334;22,8700008392334;325100
2026-09-30;15:42:00;-03:00;22,8700008392334;22,899999618530273;22,8700008392334;22,899999618530273;113400
2026-09-30;15:43:00;-03:00;22,8799991607666;22,899999618530273;22,860000610351562;22,860000610351562;71500
2026-09-30;15:44:00;-03:00;22,8799991607666;22,8799991607666;22,860000610351562;22,8799991607666;27500
2026-09-30;15:45:00;-03:00;22,8799991607666;22,889999389648438;22,8700008392334;22,8799991607666;380000
2026-09-30;15:46:00;-03:00;22,8799991607666;22,8799991607666;22,850000381469727;22,8700008392334;45100
2026-09-30;15:47:00;-03:00;22,8700008392334;22,889999389648438;22,850000381469727;22,860000610351562;211800
2026-09-30;15:48:00;-03:00;22,860000610351562;22,8799991607666;22,84000015258789;22,850000381469727;202700
2026-09-30;15:49:00;-03:00;22,84000015258789;22,850000381469727;22,829999923706055;22,850000381469727;57200
2026-09-30;15:50:00;-03:00;22,84000015258789;22,8700008392334;22,84000015258789;22,850000381469727;49400
2026-09-30;15:51:00;-03:00;22,860000610351562;22,860000610351562;22,829999923706055;22,850000381469727;68100
2026-09-30;15:52:00;-03:00;22,850000381469727;22,850000381469727;22,84000015258789;22,850000381469727;22400
2026-09-30;15:53:00;-03:00;22,850000381469727;22,8700008392334;22,850000381469727;22,860000610351562;73000
2026-09-30;15:54:00;-03:00;22,860000610351562;22,860000610351562;22,850000381469727;22,860000610351562;35900
2026-09-30;15:55:00;-03:00;22,860000610351562;22,8700008392334;22,850000381469727;22,8700008392334;53800
2026-09-30;15:56:00;-03:00;22,8700008392334;22,8799991607666;22,860000610351562;22,8799991607666;29500
2026-09-30;15:57:00;-03:00;22,8799991607666;22,8799991607666;22,84000015258789;22,850000381469727;108600
2026-09-30;15:58:00;-03:00;22,850000381469727;22,8700008392334;22,84000015258789;22,860000610351562;78700
2026-09-30;15:59:00;-03:00;22,860000610351562;22,8700008392334;22,850000381469727;22,860000610351562;49500
2026-09-30;16:00:00;-03:00;22,860000610351562;22,860000610351562;22,850000381469727;22,860000610351562;23800
2026-09-30;16:01:00;-03:00;22,860000610351562;22,8700008392334;22,84000015258789;22,860000610351562;89600
2026-09-30;16:02:00;-03:00;22,860000610351562;22,8799991607666;22,84000015258789;22,84000015258789;73000
2026-09-30;16:03:00;-03:00;22,860000610351562;22,860000610351562;22,809999465942383;22,81999969482422;110100
2026-09-30;16:04:00;-03:00;22,809999465942383;22,84000015258789;22,809999465942383;22,829999923706055;166200
2026-09-30;16:05:00;-03:00;22,84000015258789;22,8700008392334;22,829999923706055;22,860000610351562;48900
2026-09-30;16:06:00;-03:00;22,850000381469727;22,8700008392334;22,84000015258789;22,8700008392334;100900
2026-09-30;16:07:00;-03:00;22,8700008392334;22,920000076293945;22,84000015258789;22,90999984741211;231000
2026-09-30;16:08:00;-03:00;22,920000076293945;22,93000030517578;22,90999984741211;22,920000076293945;78200
2026-09-30;16:09:00;-03:00;22,920000076293945;22,93000030517578;22,90999984741211;22,90999984741211;235100
2026-09-30;16:10:00;-03:00;22,920000076293945;22,920000076293945;22,90999984741211;22,920000076293945;43100
2026-09-30;16:11:00;-03:00;22,920000076293945;22,93000030517578;22,90999984741211;22,93000030517578;55300
2026-09-30;16:12:00;-03:00;22,93000030517578;22,93000030517578;22,920000076293945;22,93000030517578;91400
2026-09-30;16:13:00;-03:00;22,93000030517578;22,940000534057617;22,920000076293945;22,93000030517578;74100
2026-09-30;16:14:00;-03:00;22,93000030517578;22,959999084472656;22,93000030517578;22,959999084472656;102800
2026-09-30;16:15:00;-03:00;22,959999084472656;22,969999313354492;22,940000534057617;22,959999084472656;190100
2026-09-30;16:16:00;-03:00;22,959999084472656;22,969999313354492;22,950000762939453;22,969999313354492;92700
2026-09-30;16:17:00;-03:00;22,969999313354492;22,969999313354492;22,959999084472656;22,969999313354492;50200
2026-09-30;16:18:00;-03:00;22,969999313354492;22,969999313354492;22,959999084472656;22,959999084472656;123500
2026-09-30;16:19:00;-03:00;22,959999084472656;22,979999542236328;22,959999084472656;22,979999542236328;43000
2026-09-30;16:20:00;-03:00;22,979999542236328;23,0;22,969999313354492;23,0;150000
2026-09-30;16:21:00;-03:00;22,989999771118164;23,0;22,989999771118164;23,0;51400
2026-09-30;16:22:00;-03:00;23,0;23,0;22,989999771118164;23,0;87300
2026-09-30;16:23:00;-03:00;22,989999771118164;23,010000228881836;22,989999771118164;23,0;85200
2026-09-30;16:24:00;-03:00;23,0;23,010000228881836;22,989999771118164;23,0;96500
2026-09-30;16:25:00;-03:00;23,0;23,010000228881836;22,989999771118164;23,0;74900
2026-09-30;16:26:00;-03:00;22,989999771118164;22,989999771118164;22,959999084472656;22,969999313354492;349000
2026-09-30;16:27:00;-03:00;22,979999542236328;23,0;22,969999313354492;23,0;74100
2026-09-30;16:28:00;-03:00;23,0;23,010000228881836;22,989999771118164;23,010000228881836;67800
2026-09-30;16:29:00;-03:00;23,0;23,030000686645508;23,0;23,010000228881836;138900
2026-09-30;16:30:00;-03:00;23,020000457763672;23,030000686645508;23,0;23,020000457763672;241600
2026-09-30;16:31:00;-03:00;23,020000457763672;23,030000686645508;23,010000228881836;23,020000457763672;55000
2026-09-30;16:32:00;-03:00;23,010000228881836;23,030000686645508;23,010000228881836;23,020000457763672;181900
2026-09-30;16:33:00;-03:00;23,020000457763672;23,030000686645508;23,010000228881836;23,020000457763672;80200
2026-09-30;16:34:00;-03:00;23,020000457763672;23,040000915527344;23,010000228881836;23,020000457763672;88700
2026-09-30;16:35:00;-03:00;23,020000457763672;23,040000915527344;23,020000457763672;23,030000686645508;111200
2026-09-30;16:36:00;-03:00;23,040000915527344;23,049999237060547;23,030000686645508;23,040000915527344;102700
2026-09-30;16:37:00;-03:00;23,049999237060547;23,049999237060547;23,010000228881836;23,030000686645508;235900
2026-09-30;16:38:00;-03:00;23,030000686645508;23,030000686645508;23,010000228881836;23,010000228881836;110800
2026-09-30;16:39:00;-03:00;23,020000457763672;23,040000915527344;23,010000228881836;23,020000457763672;164100
2026-09-30;16:40:00;-03:00;23,010000228881836;23,020000457763672;23,0;23,010000228881836;96500
2026-09-30;16:41:00;-03:00;23,010000228881836;23,010000228881836;22,989999771118164;23,0;216900
2026-09-30;16:42:00;-03:00;23,010000228881836;23,020000457763672;22,969999313354492;22,969999313354492;159100
2026-09-30;16:43:00;-03:00;22,989999771118164;22,989999771118164;22,969999313354492;22,989999771118164;89000
2026-09-30;16:44:00;-03:00;22,989999771118164;22,989999771118164;22,93000030517578;22,959999084472656;381600
2026-09-30;16:45:00;-03:00;22,979999542236328;22,979999542236328;22,93000030517578;22,950000762939453;191100
2026-09-30;16:46:00;-03:00;22,950000762939453;22,950000762939453;22,93000030517578;22,940000534057617;74900
2026-09-30;16:47:00;-03:00;22,950000762939453;22,959999084472656;22,93000030517578;22,93000030517578;172300
2026-09-30;16:48:00;-03:00;22,950000762939453;22,969999313354492;22,93000030517578;22,969999313354492;118300
2026-09-30;16:49:00;-03:00;22,979999542236328;22,989999771118164;22,969999313354492;22,989999771118164;154000
2026-09-30;16:50:00;-03:00;22,989999771118164;22,989999771118164;22,950000762939453;22,959999084472656;297000
2026-09-30;16:51:00;-03:00;22,950000762939453;22,979999542236328;22,950000762939453;22,969999313354492;84800
2026-09-30;16:52:00;-03:00;22,959999084472656;22,969999313354492;22,950000762939453;22,969999313354492;132700
2026-09-30;16:53:00;-03:00;22,969999313354492;22,979999542236328;22,950000762939453;22,959999084472656;143200
2026-09-30;16:54:00;-03:00;22,969999313354492;22,969999313354492;22,940000534057617;22,969999313354492;75800
2026-10-01;10:03:00;-03:00;23,06999969482422;23,190000534057617;23,020000457763672;23,170000076293945;0
2026-10-01;10:04:00;-03:00;23,170000076293945;23,170000076293945;22,969999313354492;22,969999313354492;173400
2026-10-01;10:05:00;-03:00;22,969999313354492;22,989999771118164;22,93000030517578;22,989999771118164;253200
2026-10-01;10:06:00;-03:00;22,979999542236328;23,059999465942383;22,969999313354492;22,969999313354492;98600
2026-10-01;10:07:00;-03:00;22,979999542236328;23,0;22,950000762939453;22,979999542236328;189400
2026-10-01;10:08:00;-03:00;22,979999542236328;23,0;22,950000762939453;22,979999542236328;107000
2026-10-01;10:09:00;-03:00;22,989999771118164;23,0;22,950000762939453;22,950000762939453;68300
2026-10-01;10:10:00;-03:00;22,959999084472656;23,010000228881836;22,959999084472656;23,010000228881836;51700
2026-10-01;10:11:00;-03:00;23,010000228881836;23,1200008392334;23,010000228881836;23,030000686645508;264700
2026-10-01;10:12:00;-03:00;23,030000686645508;23,049999237060547;23,0;23,030000686645508;40000
2026-10-01;10:13:00;-03:00;23,020000457763672;23,049999237060547;22,979999542236328;22,989999771118164;89300
2026-10-01;10:14:00;-03:00;22,979999542236328;22,979999542236328;22,93000030517578;22,940000534057617;92800
2026-10-01;10:15:00;-03:00;22,940000534057617;22,959999084472656;22,93000030517578;22,950000762939453;22800
2026-10-01;10:16:00;-03:00;22,950000762939453;22,950000762939453;22,899999618530273;22,899999618530273;115100
2026-10-01;10:17:00;-03:00;22,899999618530273;22,940000534057617;22,899999618530273;22,920000076293945;18100
2026-10-01;10:18:00;-03:00;22,93000030517578;22,950000762939453;22,920000076293945;22,920000076293945;49600
2026-10-01;10:19:00;-03:00;22,920000076293945;22,950000762939453;22,920000076293945;22,93000030517578;63500
2026-10-01;10:20:00;-03:00;22,920000076293945;22,950000762939453;22,899999618530273;22,940000534057617;107300
2026-10-01;10:21:00;-03:00;22,940000534057617;22,989999771118164;22,940000534057617;22,959999084472656;86700
2026-10-01;10:22:00;-03:00;22,959999084472656;22,959999084472656;22,90999984741211;22,920000076293945;52400
2026-10-01;10:23:00;-03:00;22,920000076293945;22,93000030517578;22,8799991607666;22,899999618530273;164900
2026-10-01;10:24:00;-03:00;22,889999389648438;22,920000076293945;22,889999389648438;22,889999389648438;32500
2026-10-01;10:25:00;-03:00;22,889999389648438;22,93000030517578;22,8799991607666;22,920000076293945;200300
2026-10-01;10:26:00;-03:00;22,90999984741211;22,940000534057617;22,889999389648438;22,899999618530273;250300
2026-10-01;10:27:00;-03:00;22,899999618530273;22,899999618530273;22,860000610351562;22,8700008392334;379500
2026-10-01;10:28:00;-03:00;22,860000610351562;22,950000762939453;22,860000610351562;22,940000534057617;101400
2026-10-01;10:29:00;-03:00;22,940000534057617;22,950000762939453;22,93000030517578;22,93000030517578;26600
2026-10-01;10:30:00;-03:00;22,93000030517578;22,989999771118164;22,920000076293945;22,989999771118164;110400
2026-10-01;10:31:00;-03:00;22,979999542236328;23,030000686645508;22,959999084472656;22,989999771118164;151400
2026-10-01;10:32:00;-03:00;23,0;23,040000915527344;22,959999084472656;23,040000915527344;84100
2026-10-01;10:33:00;-03:00;23,020000457763672;23,049999237060547;22,969999313354492;23,040000915527344;263100
2026-10-01;10:34:00;-03:00;23,049999237060547;23,06999969482422;23,030000686645508;23,059999465942383;68700
2026-10-01;10:35:00;-03:00;23,049999237060547;23,049999237060547;23,010000228881836;23,030000686645508;93300
2026-10-01;10:36:00;-03:00;23,040000915527344;23,06999969482422;23,030000686645508;23,06999969482422;36300
2026-10-01;10:37:00;-03:00;23,059999465942383;23,06999969482422;22,979999542236328;22,989999771118164;49500
2026-10-01;10:38:00;-03:00;22,989999771118164;23,030000686645508;22,969999313354492;23,020000457763672;57500
2026-10-01;10:39:00;-03:00;23,020000457763672;23,059999465942383;23,020000457763672;23,049999237060547;75900
2026-10-01;10:40:00;-03:00;23,049999237060547;23,079999923706055;23,030000686645508;23,030000686645508;126700
2026-10-01;10:41:00;-03:00;23,030000686645508;23,049999237060547;23,0;23,040000915527344;152700
2026-10-01;10:42:00;-03:00;23,040000915527344;23,110000610351562;23,040000915527344;23,09000015258789;128400
2026-10-01;10:43:00;-03:00;23,09000015258789;23,100000381469727;23,06999969482422;23,079999923706055;85800
2026-10-01;10:44:00;-03:00;23,079999923706055;23,1299991607666;23,059999465942383;23,1200008392334;241900
2026-10-01;10:45:00;-03:00;23,1200008392334;23,209999084472656;23,1200008392334;23,170000076293945;833100
2026-10-01;10:46:00;-03:00;23,170000076293945;23,18000030517578;23,110000610351562;23,110000610351562;88200
2026-10-01;10:47:00;-03:00;23,1200008392334;23,1299991607666;23,040000915527344;23,049999237060547;129100
2026-10-01;10:48:00;-03:00;23,059999465942383;23,079999923706055;23,049999237060547;23,059999465942383;58900
2026-10-01;10:49:00;-03:00;23,059999465942383;23,079999923706055;22,989999771118164;23,020000457763672;185000
2026-10-01;10:50:00;-03:00;23,020000457763672;23,110000610351562;23,020000457763672;23,040000915527344;167500
2026-10-01;10:51:00;-03:00;23,040000915527344;23,049999237060547;23,010000228881836;23,020000457763672;89300
2026-10-01;10:52:00;-03:00;23,030000686645508;23,09000015258789;23,020000457763672;23,09000015258789;56700
2026-10-01;10:53:00;-03:00;23,100000381469727;23,110000610351562;23,049999237060547;23,059999465942383;210800
2026-10-01;10:54:00;-03:00;23,059999465942383;23,09000015258789;23,059999465942383;23,06999969482422;52700
2026-10-01;10:55:00;-03:00;23,059999465942383;23,059999465942383;23,049999237060547;23,049999237060547;62100
2026-10-01;10:56:00;-03:00;23,06999969482422;23,079999923706055;23,030000686645508;23,040000915527344;622300
2026-10-01;10:57:00;-03:00;23,040000915527344;23,059999465942383;23,0;23,020000457763672;123600
2026-10-01;10:58:00;-03:00;23,030000686645508;23,030000686645508;23,010000228881836;23,020000457763672;68400
2026-10-01;10:59:00;-03:00;23,020000457763672;23,030000686645508;23,010000228881836;23,030000686645508;60600
2026-10-01;11:00:00;-03:00;23,030000686645508;23,030000686645508;22,979999542236328;22,979999542236328;214500
2026-10-01;11:01:00;-03:00;22,969999313354492;22,979999542236328;22,8799991607666;22,90999984741211;225100
2026-10-01;11:02:00;-03:00;22,899999618530273;22,940000534057617;22,889999389648438;22,920000076293945;100000
2026-10-01;11:03:00;-03:00;22,90999984741211;22,969999313354492;22,899999618530273;22,969999313354492;93800
2026-10-01;11:04:00;-03:00;22,969999313354492;22,989999771118164;22,959999084472656;22,969999313354492;55400
2026-10-01;11:05:00;-03:00;22,969999313354492;22,969999313354492;22,950000762939453;22,959999084472656;71500
2026-10-01;11:06:00;-03:00;22,950000762939453;22,989999771118164;22,950000762939453;22,989999771118164;51600
2026-10-01;11:07:00;-03:00;23,0;23,020000457763672;23,0;23,0;46200
2026-10-01;11:08:00;-03:00;23,010000228881836;23,049999237060547;23,010000228881836;23,020000457763672;58200
2026-10-01;11:09:00;-03:00;23,020000457763672;23,06999969482422;23,0;23,059999465942383;97500
2026-10-01;11:10:00;-03:00;23,059999465942383;23,059999465942383;23,010000228881836;23,030000686645508;66600
2026-10-01;11:11:00;-03:00;23,030000686645508;23,030000686645508;22,979999542236328;22,989999771118164;68300
2026-10-01;11:12:00;-03:00;22,979999542236328;23,020000457763672;22,969999313354492;22,989999771118164;48000
2026-10-01;11:13:00;-03:00;23,0;23,020000457763672;23,0;23,020000457763672;19000
2026-10-01;11:14:00;-03:00;23,020000457763672;23,020000457763672;22,979999542236328;22,979999542236328;81300
2026-10-01;11:15:00;-03:00;22,989999771118164;23,020000457763672;22,979999542236328;23,010000228881836;18100
2026-10-01;11:16:00;-03:00;23,020000457763672;23,030000686645508;23,020000457763672;23,020000457763672;32900
2026-10-01;11:17:00;-03:00;23,020000457763672;23,049999237060547;23,010000228881836;23,049999237060547;43700
2026-10-01;11:18:00;-03:00;23,040000915527344;23,040000915527344;23,010000228881836;23,030000686645508;37900
2026-10-01;11:19:00;-03:00;23,030000686645508;23,040000915527344;23,010000228881836;23,030000686645508;83700
2026-10-01;11:20:00;-03:00;23,030000686645508;23,059999465942383;23,020000457763672;23,059999465942383;121300
2026-10-01;11:21:00;-03:00;23,049999237060547;23,059999465942383;22,989999771118164;23,020000457763672;74800
2026-10-01;11:22:00;-03:00;23,010000228881836;23,020000457763672;23,0;23,020000457763672;39500
2026-10-01;11:23:00;-03:00;23,020000457763672;23,020000457763672;23,010000228881836;23,020000457763672;22500
2026-10-01;11:24:00;-03:00;23,010000228881836;23,020000457763672;23,0;23,020000457763672;10700
2026-10-01;11:25:00;-03:00;23,020000457763672;23,020000457763672;22,950000762939453;22,959999084472656;100100
2026-10-01;11:26:00;-03:00;22,959999084472656;23,0;22,950000762939453;23,0;54700
2026-10-01;11:27:00;-03:00;22,989999771118164;22,989999771118164;22,93000030517578;22,940000534057617;161500
2026-10-01;11:28:00;-03:00;22,950000762939453;22,950000762939453;22,8700008392334;22,8700008392334;172900
2026-10-01;11:29:00;-03:00;22,8799991607666;22,899999618530273;22,8799991607666;22,899999618530273;104300
2026-10-01;11:30:00;-03:00;22,899999618530273;22,979999542236328;22,899999618530273;22,969999313354492;12900
2026-10-01;11:31:00;-03:00;22,969999313354492;22,979999542236328;22,920000076293945;22,940000534057617;66600
2026-10-01;11:32:00;-03:00;22,940000534057617;22,959999084472656;22,940000534057617;22,950000762939453;60300
2026-10-01;11:33:00;-03:00;22,940000534057617;22,950000762939453;22,920000076293945;22,93000030517578;19800
2026-10-01;11:34:00;-03:00;22,93000030517578;22,93000030517578;22,8799991607666;22,889999389648438;118400
2026-10-01;11:35:00;-03:00;22,889999389648438;22,899999618530273;22,8799991607666;22,889999389648438;21200
2026-10-01;11:36:00;-03:00;22,8799991607666;22,93000030517578;22,8799991607666;22,920000076293945;63700
2026-10-01;11:37:00;-03:00;22,920000076293945;22,93000030517578;22,90999984741211;22,920000076293945;20300
2026-10-01;11:38:00;-03:00;22,90999984741211;22,90999984741211;22,889999389648438;22,90999984741211;36000
2026-10-01;11:39:00;-03:00;22,90999984741211;22,920000076293945;22,899999618530273;22,920000076293945;9200
2026-10-01;11:40:00;-03:00;22,90999984741211;22,93000030517578;22,899999618530273;22,90999984741211;17700
2026-10-01;11:41:00;-03:00;22,899999618530273;22,90999984741211;22,850000381469727;22,860000610351562;142300
2026-10-01;11:42:00;-03:00;22,850000381469727;22,889999389648438;22,850000381469727;22,8799991607666;614500
2026-10-01;11:43:00;-03:00;22,8799991607666;22,90999984741211;22,8700008392334;22,8799991607666;45400
2026-10-01;11:44:00;-03:00;22,889999389648438;22,899999618530273;22,8700008392334;22,8799991607666;36500
2026-10-01;11:45:00;-03:00;22,8799991607666;22,920000076293945;22,8799991607666;22,90999984741211;47900
2026-10-01;11:46:00;-03:00;22,920000076293945;22,920000076293945;22,8700008392334;22,8799991607666;52500
2026-10-01;11:47:00;-03:00;22,8700008392334;22,899999618530273;22,860000610351562;22,889999389648438;158100
2026-10-01;11:48:00;-03:00;22,8799991607666;22,8799991607666;22,860000610351562;22,8799991607666;79200
2026-10-01;11:49:00;-03:00;22,8700008392334;22,889999389648438;22,8700008392334;22,8799991607666;30600
2026-10-01;11:50:00;-03:00;22,8700008392334;22,8799991607666;22,860000610351562;22,8799991607666;64700
2026-10-01;11:51:00;-03:00;22,8799991607666;22,899999618530273;22,8700008392334;22,889999389648438;91800
2026-10-01;11:52:00;-03:00;22,8700008392334;22,8799991607666;22,790000915527344;22,809999465942383;623700
2026-10-01;11:53:00;-03:00;22,809999465942383;22,829999923706055;22,780000686645508;22,790000915527344;102800
2026-10-01;11:54:00;-03:00;22,780000686645508;22,790000915527344;22,729999542236328;22,760000228881836;553600
2026-10-01;11:55:00;-03:00;22,770000457763672;22,780000686645508;22,760000228881836;22,770000457763672;47200
2026-10-01;11:56:00;-03:00;22,770000457763672;22,770000457763672;22,760000228881836;22,760000228881836;20700
2026-10-01;11:57:00;-03:00;22,75;22,809999465942383;22,75;22,809999465942383;79600
2026-10-01;11:58:00;-03:00;22,809999465942383;22,84000015258789;22,790000915527344;22,809999465942383;89300
2026-10-01;11:59:00;-03:00;22,81999969482422;22,84000015258789;22,790000915527344;22,799999237060547;174400
2026-10-01;12:00:00;-03:00;22,799999237060547;22,809999465942383;22,760000228881836;22,760000228881836;223400
2026-10-01;12:01:00;-03:00;22,760000228881836;22,780000686645508;22,729999542236328;22,739999771118164;93300
2026-10-01;12:02:00;-03:00;22,75;22,75;22,719999313354492;22,719999313354492;69500
2026-10-01;12:03:00;-03:00;22,719999313354492;22,75;22,700000762939453;22,75;117000
2026-10-01;12:04:00;-03:00;22,75;22,780000686645508;22,739999771118164;22,780000686645508;84500
2026-10-01;12:05:00;-03:00;22,780000686645508;22,780000686645508;22,760000228881836;22,770000457763672;28500
2026-10-01;12:06:00;-03:00;22,770000457763672;22,799999237060547;22,770000457763672;22,780000686645508;39400
2026-10-01;12:07:00;-03:00;22,780000686645508;22,799999237060547;22,780000686645508;22,790000915527344;22400
2026-10-01;12:08:00;-03:00;22,780000686645508;22,780000686645508;22,739999771118164;22,780000686645508;416500
2026-10-01;12:09:00;-03:00;22,760000228881836;22,790000915527344;22,75;22,790000915527344;101000
2026-10-01;12:10:00;-03:00;22,770000457763672;22,780000686645508;22,729999542236328;22,729999542236328;307700
2026-10-01;12:11:00;-03:00;22,719999313354492;22,739999771118164;22,719999313354492;22,739999771118164;187400
2026-10-01;12:12:00;-03:00;22,739999771118164;22,790000915527344;22,700000762939453;22,719999313354492;656200
2026-10-01;12:13:00;-03:00;22,709999084472656;22,719999313354492;22,690000534057617;22,719999313354492;168900
2026-10-01;12:14:00;-03:00;22,719999313354492;22,719999313354492;22,690000534057617;22,709999084472656;86000
2026-10-01;12:15:00;-03:00;22,709999084472656;22,729999542236328;22,690000534057617;22,690000534057617;58500
2026-10-01;12:16:00;-03:00;22,690000534057617;22,729999542236328;22,690000534057617;22,690000534057617;100700
2026-10-01;12:17:00;-03:00;22,68000030517578;22,729999542236328;22,670000076293945;22,719999313354492;74400
2026-10-01;12:18:00;-03:00;22,729999542236328;22,739999771118164;22,719999313354492;22,729999542236328;16000
2026-10-01;12:19:00;-03:00;22,739999771118164;22,739999771118164;22,709999084472656;22,729999542236328;67400
2026-10-01;12:20:00;-03:00;22,729999542236328;22,75;22,719999313354492;22,719999313354492;42300
2026-10-01;12:21:00;-03:00;22,729999542236328;22,739999771118164;22,709999084472656;22,739999771118164;41200
2026-10-01;12:22:00;-03:00;22,739999771118164;22,75;22,719999313354492;22,739999771118164;28600
2026-10-01;12:23:00;-03:00;22,75;22,780000686645508;22,75;22,780000686645508;52200
2026-10-01;12:24:00;-03:00;22,760000228881836;22,790000915527344;22,760000228881836;22,780000686645508;47900
2026-10-01;12:25:00;-03:00;22,770000457763672;22,799999237060547;22,770000457763672;22,770000457763672;79700
2026-10-01;12:26:00;-03:00;22,760000228881836;22,780000686645508;22,760000228881836;22,770000457763672;132000
2026-10-01;12:27:00;-03:00;22,780000686645508;22,799999237060547;22,780000686645508;22,790000915527344;44000
2026-10-01;12:28:00;-03:00;22,790000915527344;22,81999969482422;22,780000686645508;22,81999969482422;52700
2026-10-01;12:29:00;-03:00;22,809999465942383;22,829999923706055;22,799999237060547;22,799999237060547;63600
2026-10-01;12:30:00;-03:00;22,799999237060547;22,799999237060547;22,780000686645508;22,790000915527344;28400
2026-10-01;12:31:00;-03:00;22,790000915527344;22,81999969482422;22,790000915527344;22,790000915527344;44800
2026-10-01;12:32:00;-03:00;22,799999237060547;22,850000381469727;22,799999237060547;22,850000381469727;66400
2026-10-01;12:33:00;-03:00;22,850000381469727;22,8799991607666;22,809999465942383;22,809999465942383;49100
2026-10-01;12:34:00;-03:00;22,799999237060547;22,809999465942383;22,770000457763672;22,770000457763672;29300
2026-10-01;12:35:00;-03:00;22,780000686645508;22,780000686645508;22,739999771118164;22,75;44200
2026-10-01;12:36:00;-03:00;22,75;22,760000228881836;22,739999771118164;22,739999771118164;57900
2026-10-01;12:37:00;-03:00;22,760000228881836;22,780000686645508;22,75;22,770000457763672;31500
2026-10-01;12:38:00;-03:00;22,760000228881836;22,799999237060547;22,760000228881836;22,799999237060547;24600
2026-10-01;12:39:00;-03:00;22,790000915527344;22,790000915527344;22,760000228881836;22,780000686645508;47500
2026-10-01;12:40:00;-03:00;22,780000686645508;22,790000915527344;22,780000686645508;22,790000915527344;31400
2026-10-01;12:41:00;-03:00;22,790000915527344;22,790000915527344;22,719999313354492;22,729999542236328;69500
2026-10-01;12:42:00;-03:00;22,729999542236328;22,75;22,729999542236328;22,729999542236328;37600
2026-10-01;12:43:00;-03:00;22,729999542236328;22,739999771118164;22,700000762939453;22,700000762939453;42900
2026-10-01;12:44:00;-03:00;22,709999084472656;22,709999084472656;22,65999984741211;22,690000534057617;99600
2026-10-01;12:45:00;-03:00;22,690000534057617;22,700000762939453;22,670000076293945;22,690000534057617;52000
2026-10-01;12:46:00;-03:00;22,68000030517578;22,709999084472656;22,68000030517578;22,690000534057617;11600
2026-10-01;12:47:00;-03:00;22,700000762939453;22,719999313354492;22,700000762939453;22,709999084472656;17500
2026-10-01;12:48:00;-03:00;22,709999084472656;22,75;22,709999084472656;22,729999542236328;62000
2026-10-01;12:49:00;-03:00;22,729999542236328;22,739999771118164;22,709999084472656;22,739999771118164;19900
2026-10-01;12:50:00;-03:00;22,729999542236328;22,729999542236328;22,670000076293945;22,670000076293945;96000
2026-10-01;12:51:00;-03:00;22,670000076293945;22,700000762939453;22,65999984741211;22,68000030517578;17200
2026-10-01;12:52:00;-03:00;22,68000030517578;22,709999084472656;22,68000030517578;22,700000762939453;14800
2026-10-01;12:53:00;-03:00;22,709999084472656;22,719999313354492;22,690000534057617;22,690000534057617;57300
2026-10-01;12:54:00;-03:00;22,690000534057617;22,719999313354492;22,690000534057617;22,709999084472656;20000
2026-10-01;12:55:00;-03:00;22,700000762939453;22,729999542236328;22,68000030517578;22,729999542236328;56200
2026-10-01;12:56:00;-03:00;22,739999771118164;22,760000228881836;22,719999313354492;22,75;21200
2026-10-01;12:57:00;-03:00;22,739999771118164;22,770000457763672;22,739999771118164;22,760000228881836;21500
2026-10-01;12:58:00;-03:00;22,75;22,760000228881836;22,729999542236328;22,739999771118164;30800
2026-10-01;12:59:00;-03:00;22,739999771118164;22,739999771118164;22,729999542236328;22,739999771118164;4600
2026-10-01;13:00:00;-03:00;22,729999542236328;22,760000228881836;22,729999542236328;22,760000228881836;45500
2026-10-01;13:01:00;-03:00;22,760000228881836;22,770000457763672;22,75;22,760000228881836;64900
2026-10-01;13:02:00;-03:00;22,760000228881836;22,780000686645508;22,760000228881836;22,780000686645508;28100
2026-10-01;13:03:00;-03:00;22,770000457763672;22,780000686645508;22,75;22,760000228881836;54400
2026-10-01;13:04:00;-03:00;22,770000457763672;22,780000686645508;22,760000228881836;22,770000457763672;43700
2026-10-01;13:05:00;-03:00;22,780000686645508;22,790000915527344;22,760000228881836;22,790000915527344;105400
2026-10-01;13:06:00;-03:00;22,799999237060547;22,809999465942383;22,780000686645508;22,780000686645508;66000
2026-10-01;13:07:00;-03:00;22,790000915527344;22,809999465942383;22,780000686645508;22,790000915527344;93100
2026-10-01;13:08:00;-03:00;22,799999237060547;22,809999465942383;22,790000915527344;22,809999465942383;20300
2026-10-01;13:09:00;-03:00;22,799999237060547;22,809999465942383;22,790000915527344;22,809999465942383;33700
2026-10-01;13:10:00;-03:00;22,809999465942383;22,81999969482422;22,790000915527344;22,790000915527344;38900
2026-10-01;13:11:00;-03:00;22,799999237060547;22,81999969482422;22,790000915527344;22,81999969482422;63900
2026-10-01;13:12:00;-03:00;22,81999969482422;22,829999923706055;22,809999465942383;22,809999465942383;35300
2026-10-01;13:13:00;-03:00;22,81999969482422;22,84000015258789;22,809999465942383;22,81999969482422;79700
2026-10-01;13:14:00;-03:00;22,829999923706055;22,84000015258789;22,809999465942383;22,829999923706055;20600
2026-10-01;13:15:00;-03:00;22,829999923706055;22,850000381469727;22,829999923706055;22,84000015258789;18900
2026-10-01;13:16:00;-03:00;22,84000015258789;22,889999389648438;22,84000015258789;22,850000381469727;79600
2026-10-01;13:17:00;-03:00;22,8700008392334;22,8700008392334;22,84000015258789;22,84000015258789;292100
2026-10-01;13:18:00;-03:00;22,84000015258789;22,850000381469727;22,81999969482422;22,81999969482422;32900
2026-10-01;13:19:00;-03:00;22,81999969482422;22,81999969482422;22,799999237060547;22,809999465942383;20800
2026-10-01;13:20:00;-03:00;22,81999969482422;22,850000381469727;22,809999465942383;22,84000015258789;74300
2026-10-01;13:21:00;-03:00;22,850000381469727;22,8700008392334;22,84000015258789;22,850000381469727;23500
2026-10-01;13:22:00;-03:00;22,860000610351562;22,889999389648438;22,850000381469727;22,889999389648438;74600
2026-10-01;13:23:00;-03:00;22,899999618530273;22,899999618530273;22,860000610351562;22,8700008392334;32000
2026-10-01;13:24:00;-03:00;22,8799991607666;22,90999984741211;22,8700008392334;22,889999389648438;98500
2026-10-01;13:25:00;-03:00;22,889999389648438;22,90999984741211;22,8799991607666;22,899999618530273;31300
2026-10-01;13:26:00;-03:00;22,899999618530273;22,920000076293945;22,8799991607666;22,920000076293945;45500
2026-10-01;13:27:00;-03:00;22,90999984741211;22,920000076293945;22,899999618530273;22,899999618530273;37600
2026-10-01;13:28:00;-03:00;22,90999984741211;22,90999984741211;22,8799991607666;22,889999389648438;56100
2026-10-01;13:29:00;-03:00;22,899999618530273;22,920000076293945;22,899999618530273;22,920000076293945;59500
2026-10-01;13:30:00;-03:00;22,899999618530273;22,920000076293945;22,899999618530273;22,920000076293945;20800
2026-10-01;13:31:00;-03:00;22,90999984741211;22,920000076293945;22,899999618530273;22,899999618530273;13800
2026-10-01;13:32:00;-03:00;22,899999618530273;22,90999984741211;22,8799991607666;22,889999389648438;36900
2026-10-01;13:33:00;-03:00;22,899999618530273;22,920000076293945;22,889999389648438;22,90999984741211;27700
2026-10-01;13:34:00;-03:00;22,920000076293945;22,920000076293945;22,899999618530273;22,899999618530273;71600
2026-10-01;13:35:00;-03:00;22,899999618530273;22,920000076293945;22,8799991607666;22,8799991607666;55300
2026-10-01;13:36:00;-03:00;22,8799991607666;22,8799991607666;22,860000610351562;22,860000610351562;61500
2026-10-01;13:37:00;-03:00;22,8700008392334;22,8700008392334;22,850000381469727;22,860000610351562;84100
2026-10-01;13:38:00;-03:00;22,860000610351562;22,8700008392334;22,84000015258789;22,850000381469727;30900
2026-10-01;13:39:00;-03:00;22,850000381469727;22,860000610351562;22,809999465942383;22,809999465942383;55100
2026-10-01;13:40:00;-03:00;22,81999969482422;22,84000015258789;22,81999969482422;22,829999923706055;14600
2026-10-01;13:41:00;-03:00;22,829999923706055;22,84000015258789;22,809999465942383;22,829999923706055;97400
2026-10-01;13:42:00;-03:00;22,81999969482422;22,84000015258789;22,809999465942383;22,829999923706055;30600
2026-10-01;13:43:00;-03:00;22,84000015258789;22,84000015258789;22,809999465942383;22,81999969482422;34800
2026-10-01;13:44:00;-03:00;22,829999923706055;22,829999923706055;22,799999237060547;22,81999969482422;53500
2026-10-01;13:45:00;-03:00;22,829999923706055;22,850000381469727;22,81999969482422;22,84000015258789;16900
2026-10-01;13:46:00;-03:00;22,84000015258789;22,850000381469727;22,81999969482422;22,81999969482422;31500
2026-10-01;13:47:00;-03:00;22,829999923706055;22,829999923706055;22,799999237060547;22,809999465942383;37100
2026-10-01;13:48:00;-03:00;22,81999969482422;22,829999923706055;22,799999237060547;22,81999969482422;17800
2026-10-01;13:49:00;-03:00;22,81999969482422;22,829999923706055;22,809999465942383;22,81999969482422;30200
2026-10-01;13:50:00;-03:00;22,81999969482422;22,829999923706055;22,760000228881836;22,760000228881836;158400
2026-10-01;13:51:00;-03:00;22,770000457763672;22,780000686645508;22,75;22,760000228881836;53000
2026-10-01;13:52:00;-03:00;22,760000228881836;22,790000915527344;22,760000228881836;22,780000686645508;19600
2026-10-01;13:53:00;-03:00;22,790000915527344;22,799999237060547;22,780000686645508;22,790000915527344;12600
2026-10-01;13:54:00;-03:00;22,799999237060547;22,799999237060547;22,780000686645508;22,780000686645508;40700
2026-10-01;13:55:00;-03:00;22,790000915527344;22,790000915527344;22,75;22,760000228881836;81700
2026-10-01;13:56:00;-03:00;22,75;22,780000686645508;22,75;22,760000228881836;42100
2026-10-01;13:57:00;-03:00;22,770000457763672;22,780000686645508;22,760000228881836;22,770000457763672;55700
2026-10-01;13:58:00;-03:00;22,780000686645508;22,799999237060547;22,770000457763672;22,799999237060547;18100
2026-10-01;13:59:00;-03:00;22,799999237060547;22,809999465942383;22,780000686645508;22,780000686645508;72700
2026-10-01;14:00:00;-03:00;22,780000686645508;22,799999237060547;22,770000457763672;22,780000686645508;31700
2026-10-01;14:01:00;-03:00;22,770000457763672;22,790000915527344;22,760000228881836;22,790000915527344;54500
2026-10-01;14:02:00;-03:00;22,780000686645508;22,809999465942383;22,770000457763672;22,809999465942383;53000
2026-10-01;14:03:00;-03:00;22,799999237060547;22,809999465942383;22,780000686645508;22,790000915527344;65600
2026-10-01;14:04:00;-03:00;22,780000686645508;22,809999465942383;22,780000686645508;22,799999237060547;27100
2026-10-01;14:05:00;-03:00;22,809999465942383;22,809999465942383;22,799999237060547;22,799999237060547;19100
2026-10-01;14:06:00;-03:00;22,799999237060547;22,81999969482422;22,799999237060547;22,81999969482422;57500
2026-10-01;14:07:00;-03:00;22,809999465942383;22,81999969482422;22,809999465942383;22,809999465942383;9900
2026-10-01;14:08:00;-03:00;22,81999969482422;22,829999923706055;22,809999465942383;22,81999969482422;31200
2026-10-01;14:09:00;-03:00;22,81999969482422;22,829999923706055;22,809999465942383;22,809999465942383;57900
2026-10-01;14:10:00;-03:00;22,809999465942383;22,81999969482422;22,809999465942383;22,809999465942383;12900
2026-10-01;14:11:00;-03:00;22,81999969482422;22,81999969482422;22,799999237060547;22,799999237060547;65300
2026-10-01;14:12:00;-03:00;22,799999237060547;22,809999465942383;22,799999237060547;22,799999237060547;52000
2026-10-01;14:13:00;-03:00;22,799999237060547;22,809999465942383;22,799999237060547;22,799999237060547;28000
2026-10-01;14:14:00;-03:00;22,81999969482422;22,84000015258789;22,809999465942383;22,81999969482422;77300
2026-10-01;14:15:00;-03:00;22,81999969482422;22,84000015258789;22,81999969482422;22,84000015258789;27700
2026-10-01;14:16:00;-03:00;22,829999923706055;22,850000381469727;22,829999923706055;22,850000381469727;21800
2026-10-01;14:17:00;-03:00;22,850000381469727;22,8799991607666;22,84000015258789;22,8700008392334;168000
2026-10-01;14:18:00;-03:00;22,860000610351562;22,8799991607666;22,860000610351562;22,8799991607666;44100
2026-10-01;14:19:00;-03:00;22,8799991607666;22,899999618530273;22,8799991607666;22,899999618530273;49700
2026-10-01;14:20:00;-03:00;22,889999389648438;22,93000030517578;22,889999389648438;22,93000030517578;135900
2026-10-01;14:21:00;-03:00;22,93000030517578;22,93000030517578;22,90999984741211;22,920000076293945;51700
2026-10-01;14:22:00;-03:00;22,90999984741211;22,90999984741211;22,889999389648438;22,899999618530273;38900
2026-10-01;14:23:00;-03:00;22,90999984741211;22,940000534057617;22,90999984741211;22,940000534057617;54300
2026-10-01;14:24:00;-03:00;22,93000030517578;22,950000762939453;22,920000076293945;22,940000534057617;44000
2026-10-01;14:25:00;-03:00;22,950000762939453;22,979999542236328;22,950000762939453;22,979999542236328;81700
2026-10-01;14:26:00;-03:00;22,979999542236328;23,0;22,959999084472656;22,989999771118164;117300
2026-10-01;14:27:00;-03:00;22,979999542236328;22,989999771118164;22,959999084472656;22,979999542236328;83800
2026-10-01;14:28:00;-03:00;22,969999313354492;22,979999542236328;22,950000762939453;22,950000762939453;182100
2026-10-01;14:29:00;-03:00;22,950000762939453;22,979999542236328;22,950000762939453;22,959999084472656;95800
2026-10-01;14:30:00;-03:00;22,959999084472656;23,020000457763672;22,959999084472656;23,020000457763672;153400
2026-10-01;14:31:00;-03:00;23,010000228881836;23,010000228881836;22,969999313354492;22,989999771118164;68200
2026-10-01;14:32:00;-03:00;22,989999771118164;23,0;22,950000762939453;22,950000762939453;56500
2026-10-01;14:33:00;-03:00;22,950000762939453;22,969999313354492;22,940000534057617;22,969999313354492;39300
2026-10-01;14:34:00;-03:00;22,969999313354492;22,969999313354492;22,950000762939453;22,959999084472656;18100
2026-10-01;14:35:00;-03:00;22,950000762939453;22,959999084472656;22,940000534057617;22,950000762939453;42500
2026-10-01;14:36:00;-03:00;22,940000534057617;22,969999313354492;22,93000030517578;22,969999313354492;77300
2026-10-01;14:37:00;-03:00;22,979999542236328;22,989999771118164;22,969999313354492;22,979999542236328;25100
2026-10-01;14:38:00;-03:00;22,969999313354492;22,979999542236328;22,969999313354492;22,979999542236328;14600
2026-10-01;14:39:00;-03:00;22,979999542236328;22,979999542236328;22,959999084472656;22,969999313354492;52800
2026-10-01;14:40:00;-03:00;22,969999313354492;22,979999542236328;22,959999084472656;22,959999084472656;15500
2026-10-01;14:41:00;-03:00;22,959999084472656;22,959999084472656;22,940000534057617;22,950000762939453;50300
2026-10-01;14:42:00;-03:00;22,950000762939453;22,969999313354492;22,950000762939453;22,969999313354492;31000
2026-10-01;14:43:00;-03:00;22,959999084472656;22,979999542236328;22,959999084472656;22,979999542236328;87500
2026-10-01;14:44:00;-03:00;22,969999313354492;22,979999542236328;22,969999313354492;22,979999542236328;22300
2026-10-01;14:45:00;-03:00;22,979999542236328;22,989999771118164;22,969999313354492;22,979999542236328;65900
2026-10-01;14:46:00;-03:00;22,989999771118164;22,989999771118164;22,950000762939453;22,989999771118164;72500
2026-10-01;14:47:00;-03:00;22,989999771118164;23,0;22,969999313354492;22,989999771118164;31000
2026-10-01;14:48:00;-03:00;22,989999771118164;22,989999771118164;22,979999542236328;22,989999771118164;15700
2026-10-01;14:49:00;-03:00;22,989999771118164;23,010000228881836;22,989999771118164;23,010000228881836;55000
2026-10-01;14:50:00;-03:00;23,010000228881836;23,020000457763672;23,0;23,020000457763672;116700
2026-10-01;14:51:00;-03:00;23,010000228881836;23,030000686645508;23,010000228881836;23,030000686645508;17000
2026-10-01;14:52:00;-03:00;23,020000457763672;23,030000686645508;23,020000457763672;23,030000686645508;8600
2026-10-01;14:53:00;-03:00;23,020000457763672;23,040000915527344;23,020000457763672;23,030000686645508;26300
2026-10-01;14:54:00;-03:00;23,040000915527344;23,040000915527344;22,989999771118164;23,0;148800
2026-10-01;14:55:00;-03:00;22,989999771118164;23,0;22,950000762939453;23,0;53100
2026-10-01;14:56:00;-03:00;23,0;23,040000915527344;23,0;23,030000686645508;115100
2026-10-01;14:57:00;-03:00;23,010000228881836;23,020000457763672;22,979999542236328;23,0;42200
2026-10-01;14:58:00;-03:00;22,989999771118164;22,989999771118164;22,959999084472656;22,979999542236328;76500
2026-10-01;14:59:00;-03:00;22,969999313354492;23,0;22,959999084472656;23,0;52000
2026-10-01;15:00:00;-03:00;23,0;23,010000228881836;22,940000534057617;22,950000762939453;224500
2026-10-01;15:01:00;-03:00;22,950000762939453;22,989999771118164;22,940000534057617;22,989999771118164;567500
2026-10-01;15:02:00;-03:00;22,989999771118164;23,0;22,969999313354492;22,979999542236328;64600
2026-10-01;15:03:00;-03:00;22,989999771118164;22,989999771118164;22,959999084472656;22,979999542236328;41600
2026-10-01;15:04:00;-03:00;22,969999313354492;22,979999542236328;22,950000762939453;22,969999313354492;43600
2026-10-01;15:05:00;-03:00;22,969999313354492;22,979999542236328;22,950000762939453;22,969999313354492;45500
2026-10-01;15:06:00;-03:00;22,969999313354492;22,979999542236328;22,969999313354492;22,979999542236328;12100
2026-10-01;15:07:00;-03:00;22,979999542236328;22,989999771118164;22,979999542236328;22,989999771118164;14800
2026-10-01;15:08:00;-03:00;22,989999771118164;22,989999771118164;22,959999084472656;22,969999313354492;59200
2026-10-01;15:09:00;-03:00;22,959999084472656;22,979999542236328;22,959999084472656;22,969999313354492;33100
2026-10-01;15:10:00;-03:00;22,959999084472656;22,969999313354492;22,959999084472656;22,969999313354492;13800
2026-10-01;15:11:00;-03:00;22,969999313354492;22,969999313354492;22,940000534057617;22,940000534057617;71300
2026-10-01;15:12:00;-03:00;22,950000762939453;22,959999084472656;22,940000534057617;22,959999084472656;10500
2026-10-01;15:13:00;-03:00;22,959999084472656;22,969999313354492;22,940000534057617;22,950000762939453;94400
2026-10-01;15:14:00;-03:00;22,940000534057617;22,959999084472656;22,940000534057617;22,959999084472656;35500
2026-10-01;15:15:00;-03:00;22,950000762939453;22,959999084472656;22,920000076293945;22,920000076293945;85700
2026-10-01;15:16:00;-03:00;22,93000030517578;22,950000762939453;22,93000030517578;22,940000534057617;47300
2026-10-01;15:17:00;-03:00;22,950000762939453;22,950000762939453;22,93000030517578;22,940000534057617;39300
2026-10-01;15:18:00;-03:00;22,93000030517578;22,950000762939453;22,93000030517578;22,950000762939453;36100
2026-10-01;15:19:00;-03:00;22,940000534057617;22,950000762939453;22,93000030517578;22,940000534057617;31200
2026-10-01;15:20:00;-03:00;22,93000030517578;22,93000030517578;22,889999389648438;22,899999618530273;120600
2026-10-01;15:21:00;-03:00;22,90999984741211;22,93000030517578;22,899999618530273;22,93000030517578;20900
2026-10-01;15:22:00;-03:00;22,93000030517578;22,93000030517578;22,899999618530273;22,90999984741211;53900
2026-10-01;15:23:00;-03:00;22,920000076293945;22,969999313354492;22,90999984741211;22,969999313354492;56500
2026-10-01;15:24:00;-03:00;22,969999313354492;22,969999313354492;22,950000762939453;22,950000762939453;21400
2026-10-01;15:25:00;-03:00;22,950000762939453;22,950000762939453;22,93000030517578;22,93000030517578;32400
2026-10-01;15:26:00;-03:00;22,93000030517578;22,940000534057617;22,93000030517578;22,940000534057617;26400
2026-10-01;15:27:00;-03:00;22,93000030517578;22,940000534057617;22,920000076293945;22,940000534057617;40000
2026-10-01;15:28:00;-03:00;22,940000534057617;22,940000534057617;22,90999984741211;22,93000030517578;53200
2026-10-01;15:29:00;-03:00;22,93000030517578;22,93000030517578;22,90999984741211;22,93000030517578;10600
2026-10-01;15:30:00;-03:00;22,93000030517578;22,959999084472656;22,920000076293945;22,950000762939453;55300
2026-10-01;15:31:00;-03:00;22,959999084472656;22,969999313354492;22,950000762939453;22,969999313354492;28000
2026-10-01;15:32:00;-03:00;22,969999313354492;22,969999313354492;22,940000534057617;22,959999084472656;66700
2026-10-01;15:33:00;-03:00;22,959999084472656;22,959999084472656;22,950000762939453;22,950000762939453;32300
2026-10-01;15:34:00;-03:00;22,950000762939453;23,0;22,950000762939453;22,989999771118164;117200
2026-10-01;15:35:00;-03:00;23,0;23,0;22,979999542236328;22,989999771118164;34300
2026-10-01;15:36:00;-03:00;22,979999542236328;22,989999771118164;22,959999084472656;22,969999313354492;47500
2026-10-01;15:37:00;-03:00;22,969999313354492;22,969999313354492;22,950000762939453;22,959999084472656;30700
2026-10-01;15:38:00;-03:00;22,969999313354492;22,979999542236328;22,959999084472656;22,979999542236328;22300
2026-10-01;15:39:00;-03:00;22,979999542236328;22,979999542236328;22,969999313354492;22,969999313354492;12300
2026-10-01;15:40:00;-03:00;22,979999542236328;22,979999542236328;22,940000534057617;22,950000762939453;119400
2026-10-01;15:41:00;-03:00;22,950000762939453;22,950000762939453;22,93000030517578;22,940000534057617;69800
2026-10-01;15:42:00;-03:00;22,950000762939453;22,950000762939453;22,940000534057617;22,940000534057617;22300
2026-10-01;15:43:00;-03:00;22,950000762939453;22,950000762939453;22,940000534057617;22,950000762939453;26700
2026-10-01;15:44:00;-03:00;22,940000534057617;22,969999313354492;22,93000030517578;22,969999313354492;69900
2026-10-01;15:45:00;-03:00;22,959999084472656;22,969999313354492;22,950000762939453;22,969999313354492;13500
2026-10-01;15:46:00;-03:00;22,959999084472656;22,959999084472656;22,920000076293945;22,920000076293945;50900
2026-10-01;15:47:00;-03:00;22,920000076293945;22,940000534057617;22,889999389648438;22,889999389648438;117900
2026-10-01;15:48:00;-03:00;22,889999389648438;22,90999984741211;22,8799991607666;22,90999984741211;232400
2026-10-01;15:49:00;-03:00;22,90999984741211;22,950000762939453;22,8799991607666;22,950000762939453;281300
2026-10-01;15:50:00;-03:00;22,950000762939453;22,969999313354492;22,940000534057617;22,969999313354492;27800
2026-10-01;15:51:00;-03:00;22,950000762939453;22,969999313354492;22,93000030517578;22,950000762939453;135300
2026-10-01;15:52:00;-03:00;22,950000762939453;22,969999313354492;22,940000534057617;22,969999313354492;64500
2026-10-01;15:53:00;-03:00;22,959999084472656;23,0;22,950000762939453;22,989999771118164;103700
2026-10-01;15:54:00;-03:00;22,989999771118164;23,010000228881836;22,989999771118164;23,0;69600
2026-10-01;15:55:00;-03:00;23,0;23,0;22,979999542236328;22,979999542236328;45100
2026-10-01;15:56:00;-03:00;22,979999542236328;22,989999771118164;22,979999542236328;22,979999542236328;20300
2026-10-01;15:57:00;-03:00;22,989999771118164;23,0;22,979999542236328;22,989999771118164;50300
2026-10-01;15:58:00;-03:00;22,989999771118164;23,0;22,979999542236328;23,0;13100
2026-10-01;15:59:00;-03:00;22,989999771118164;23,0;22,989999771118164;23,0;48400
2026-10-01;16:00:00;-03:00;23,0;23,020000457763672;22,989999771118164;23,020000457763672;88400
2026-10-01;16:01:00;-03:00;23,010000228881836;23,020000457763672;22,989999771118164;23,0;63300
2026-10-01;16:02:00;-03:00;23,010000228881836;23,010000228881836;22,969999313354492;22,969999313354492;58100
2026-10-01;16:03:00;-03:00;22,969999313354492;22,979999542236328;22,969999313354492;22,979999542236328;23800
2026-10-01;16:04:00;-03:00;22,979999542236328;22,979999542236328;22,959999084472656;22,969999313354492;34100
2026-10-01;16:05:00;-03:00;22,969999313354492;22,969999313354492;22,959999084472656;22,959999084472656;36100
2026-10-01;16:06:00;-03:00;22,959999084472656;22,989999771118164;22,959999084472656;22,979999542236328;1049200
2026-10-01;16:07:00;-03:00;22,979999542236328;23,0;22,959999084472656;22,989999771118164;48700
2026-10-01;16:08:00;-03:00;23,0;23,020000457763672;22,989999771118164;23,010000228881836;11900
2026-10-01;16:09:00;-03:00;23,0;23,059999465942383;23,0;23,059999465942383;222500
2026-10-01;16:10:00;-03:00;23,049999237060547;23,079999923706055;23,049999237060547;23,049999237060547;141300
2026-10-01;16:11:00;-03:00;23,049999237060547;23,059999465942383;23,040000915527344;23,059999465942383;50900
2026-10-01;16:12:00;-03:00;23,049999237060547;23,059999465942383;23,040000915527344;23,049999237060547;44600
2026-10-01;16:13:00;-03:00;23,049999237060547;23,059999465942383;23,049999237060547;23,059999465942383;12100
2026-10-01;16:14:00;-03:00;23,049999237060547;23,059999465942383;23,049999237060547;23,059999465942383;21200
2026-10-01;16:15:00;-03:00;23,049999237060547;23,059999465942383;23,040000915527344;23,040000915527344;53800
2026-10-01;16:16:00;-03:00;23,049999237060547;23,049999237060547;23,020000457763672;23,030000686645508;79400
2026-10-01;16:17:00;-03:00;23,030000686645508;23,040000915527344;23,010000228881836;23,010000228881836;55200
2026-10-01;16:18:00;-03:00;23,010000228881836;23,030000686645508;23,010000228881836;23,030000686645508;21500
2026-10-01;16:19:00;-03:00;23,030000686645508;23,040000915527344;23,020000457763672;23,040000915527344;50200
2026-10-01;16:20:00;-03:00;23,040000915527344;23,040000915527344;23,010000228881836;23,010000228881836;55400
2026-10-01;16:21:00;-03:00;23,020000457763672;23,020000457763672;23,010000228881836;23,020000457763672;19300
2026-10-01;16:22:00;-03:00;23,020000457763672;23,030000686645508;23,010000228881836;23,030000686645508;26800
2026-10-01;16:23:00;-03:00;23,030000686645508;23,030000686645508;23,020000457763672;23,030000686645508;24900
2026-10-01;16:24:00;-03:00;23,020000457763672;23,030000686645508;23,0;23,030000686645508;83800
2026-10-01;16:25:00;-03:00;23,030000686645508;23,040000915527344;23,020000457763672;23,030000686645508;125500
2026-10-01;16:26:00;-03:00;23,040000915527344;23,049999237060547;23,030000686645508;23,030000686645508;57600
2026-10-01;16:27:00;-03:00;23,030000686645508;23,049999237060547;23,030000686645508;23,040000915527344;48200
2026-10-01;16:28:00;-03:00;23,040000915527344;23,06999969482422;23,040000915527344;23,06999969482422;36000
2026-10-01;16:29:00;-03:00;23,06999969482422;23,079999923706055;23,049999237060547;23,079999923706055;59800
2026-10-01;16:30:00;-03:00;23,06999969482422;23,079999923706055;23,06999969482422;23,079999923706055;32000
2026-10-01;16:31:00;-03:00;23,079999923706055;23,079999923706055;23,06999969482422;23,079999923706055;39400
2026-10-01;16:32:00;-03:00;23,06999969482422;23,079999923706055;23,06999969482422;23,06999969482422;30600
2026-10-01;16:33:00;-03:00;23,079999923706055;23,09000015258789;23,079999923706055;23,09000015258789;79700
2026-10-01;16:34:00;-03:00;23,09000015258789;23,1200008392334;23,079999923706055;23,100000381469727;251400
2026-10-01;16:35:00;-03:00;23,110000610351562;23,1299991607666;23,110000610351562;23,110000610351562;171400
2026-10-01;16:36:00;-03:00;23,110000610351562;23,110000610351562;23,079999923706055;23,079999923706055;76800
2026-10-01;16:37:00;-03:00;23,09000015258789;23,09000015258789;23,059999465942383;23,079999923706055;85200
2026-10-01;16:38:00;-03:00;23,079999923706055;23,079999923706055;23,049999237060547;23,06999969482422;522800
2026-10-01;16:39:00;-03:00;23,06999969482422;23,079999923706055;23,010000228881836;23,030000686645508;0
2026-10-01;16:40:00;-03:00;23,020000457763672;23,040000915527344;23,020000457763672;23,040000915527344;150400
2026-10-01;16:41:00;-03:00;23,040000915527344;23,049999237060547;23,030000686645508;23,030000686645508;58200
2026-10-01;16:42:00;-03:00;23,030000686645508;23,059999465942383;23,030000686645508;23,049999237060547;28800
2026-10-01;16:43:00;-03:00;23,049999237060547;23,079999923706055;23,049999237060547;23,079999923706055;84200
2026-10-01;16:44:00;-03:00;23,059999465942383;23,079999923706055;23,059999465942383;23,079999923706055;68100
2026-10-01;16:45:00;-03:00;23,059999465942383;23,079999923706055;23,049999237060547;23,059999465942383;125100
2026-10-01;16:46:00;-03:00;23,049999237060547;23,06999969482422;23,049999237060547;23,059999465942383;2624000
2026-10-01;16:47:00;-03:00;23,06999969482422;23,09000015258789;23,059999465942383;23,079999923706055;273600
2026-10-01;16:48:00;-03:00;23,06999969482422;23,09000015258789;23,059999465942383;23,09000015258789;129800
2026-10-01;16:49:00;-03:00;23,09000015258789;23,100000381469727;23,079999923706055;23,079999923706055;224400
2026-10-01;16:50:00;-03:00;23,09000015258789;23,100000381469727;23,020000457763672;23,100000381469727;327400
2026-10-01;16:51:00;-03:00;23,09000015258789;23,110000610351562;23,059999465942383;23,06999969482422;226100
2026-10-01;16:52:00;-03:00;23,079999923706055;23,100000381469727;23,06999969482422;23,100000381469727;49700
2026-10-01;16:53:00;-03:00;23,09000015258789;23,100000381469727;23,059999465942383;23,06999969482422;87700
2026-10-01;16:54:00;-03:00;23,06999969482422;23,079999923706055;23,059999465942383;23,079999923706055;39900
2026-10-02;10:03:00;-03:00;23,360000610351562;23,459999084472656;23,34000015258789;23,459999084472656;0
2026-10-02;10:04:00;-03:00;23,450000762939453;23,479999542236328;23,399999618530273;23,43000030517578;191700
2026-10-02;10:05:00;-03:00;23,43000030517578;23,600000381469727;23,43000030517578;23,479999542236328;602800
2026-10-02;10:06:00;-03:00;23,489999771118164;23,489999771118164;23,440000534057617;23,440000534057617;100300
2026-10-02;10:07:00;-03:00;23,450000762939453;23,56999969482422;23,440000534057617;23,530000686645508;220900
2026-10-02;10:08:00;-03:00;23,540000915527344;23,56999969482422;23,450000762939453;23,479999542236328;209900
2026-10-02;10:09:00;-03:00;23,479999542236328;23,549999237060547;23,469999313354492;23,549999237060547;134000
2026-10-02;10:10:00;-03:00;23,549999237060547;23,56999969482422;23,510000228881836;23,540000915527344;186700
2026-10-02;10:11:00;-03:00;23,549999237060547;23,670000076293945;23,540000915527344;23,649999618530273;556700
2026-10-02;10:12:00;-03:00;23,649999618530273;23,670000076293945;23,59000015258789;23,6200008392334;227300
2026-10-02;10:13:00;-03:00;23,6200008392334;23,6200008392334;23,56999969482422;23,600000381469727;236500
2026-10-02;10:14:00;-03:00;23,59000015258789;23,610000610351562;23,549999237060547;23,59000015258789;181500
2026-10-02;10:15:00;-03:00;23,600000381469727;23,6200008392334;23,559999465942383;23,559999465942383;101900
2026-10-02;10:16:00;-03:00;23,559999465942383;23,559999465942383;23,520000457763672;23,520000457763672;100800
2026-10-02;10:17:00;-03:00;23,530000686645508;23,559999465942383;23,530000686645508;23,540000915527344;111700
2026-10-02;10:18:00;-03:00;23,530000686645508;23,579999923706055;23,5;23,579999923706055;211400
2026-10-02;10:19:00;-03:00;23,59000015258789;23,600000381469727;23,579999923706055;23,59000015258789;88600
2026-10-02;10:20:00;-03:00;23,579999923706055;23,59000015258789;23,549999237060547;23,559999465942383;137800
2026-10-02;10:21:00;-03:00;23,559999465942383;23,579999923706055;23,549999237060547;23,559999465942383;93000
2026-10-02;10:22:00;-03:00;23,559999465942383;23,579999923706055;23,540000915527344;23,56999969482422;142200
2026-10-02;10:23:00;-03:00;23,56999969482422;23,610000610351562;23,540000915527344;23,540000915527344;106000
2026-10-02;10:24:00;-03:00;23,540000915527344;23,540000915527344;23,510000228881836;23,530000686645508;23800
2026-10-02;10:25:00;-03:00;23,530000686645508;23,549999237060547;23,530000686645508;23,549999237060547;122000
2026-10-02;10:26:00;-03:00;23,540000915527344;23,549999237060547;23,530000686645508;23,540000915527344;103400
2026-10-02;10:27:00;-03:00;23,530000686645508;23,530000686645508;23,3799991607666;23,399999618530273;309000
2026-10-02;10:28:00;-03:00;23,399999618530273;23,420000076293945;23,350000381469727;23,3799991607666;173000
2026-10-02;10:29:00;-03:00;23,389999389648438;23,420000076293945;23,3799991607666;23,40999984741211;123700
2026-10-02;10:30:00;-03:00;23,40999984741211;23,420000076293945;23,350000381469727;23,3799991607666;278900
2026-10-02;10:31:00;-03:00;23,3799991607666;23,43000030517578;23,280000686645508;23,280000686645508;303100
2026-10-02;10:32:00;-03:00;23,290000915527344;23,31999969482422;23,280000686645508;23,31999969482422;146200
2026-10-02;10:33:00;-03:00;23,309999465942383;23,309999465942383;23,280000686645508;23,280000686645508;128400
2026-10-02;10:34:00;-03:00;23,290000915527344;23,299999237060547;23,270000457763672;23,270000457763672;125700
2026-10-02;10:35:00;-03:00;23,270000457763672;23,31999969482422;23,25;23,260000228881836;157500
2026-10-02;10:36:00;-03:00;23,260000228881836;23,270000457763672;23,219999313354492;23,229999542236328;114100
2026-10-02;10:37:00;-03:00;23,229999542236328;23,309999465942383;23,219999313354492;23,270000457763672;166600
2026-10-02;10:38:00;-03:00;23,260000228881836;23,270000457763672;23,219999313354492;23,25;71800
2026-10-02;10:39:00;-03:00;23,260000228881836;23,260000228881836;23,200000762939453;23,219999313354492;146200
2026-10-02;10:40:00;-03:00;23,209999084472656;23,219999313354492;23,190000534057617;23,190000534057617;122200
2026-10-02;10:41:00;-03:00;23,200000762939453;23,209999084472656;23,149999618530273;23,200000762939453;61500
2026-10-02;10:42:00;-03:00;23,200000762939453;23,260000228881836;23,200000762939453;23,239999771118164;89800
2026-10-02;10:43:00;-03:00;23,239999771118164;23,290000915527344;23,219999313354492;23,219999313354492;193100
2026-10-02;10:44:00;-03:00;23,219999313354492;23,229999542236328;23,18000030517578;23,209999084472656;101500
2026-10-02;10:45:00;-03:00;23,219999313354492;23,270000457763672;23,209999084472656;23,209999084472656;44200
2026-10-02;10:46:00;-03:00;23,209999084472656;23,219999313354492;23,190000534057617;23,200000762939453;55800
2026-10-02;10:47:00;-03:00;23,190000534057617;23,200000762939453;23,110000610351562;23,1200008392334;60600
2026-10-02;10:48:00;-03:00;23,110000610351562;23,149999618530273;23,110000610351562;23,139999389648438;129900
2026-10-02;10:49:00;-03:00;23,1299991607666;23,1299991607666;23,100000381469727;23,100000381469727;82300
2026-10-02;10:50:00;-03:00;23,100000381469727;23,139999389648438;23,09000015258789;23,100000381469727;85900
2026-10-02;10:51:00;-03:00;23,110000610351562;23,139999389648438;23,110000610351562;23,1299991607666;29100
2026-10-02;10:52:00;-03:00;23,1200008392334;23,170000076293945;23,110000610351562;23,149999618530273;54700
2026-10-02;10:53:00;-03:00;23,149999618530273;23,149999618530273;23,079999923706055;23,079999923706055;184700
2026-10-02;10:54:00;-03:00;23,079999923706055;23,079999923706055;23,020000457763672;23,049999237060547;89200
2026-10-02;10:55:00;-03:00;23,040000915527344;23,079999923706055;23,030000686645508;23,040000915527344;71700
2026-10-02;10:56:00;-03:00;23,049999237060547;23,079999923706055;23,040000915527344;23,079999923706055;115000
2026-10-02;10:57:00;-03:00;23,06999969482422;23,1200008392334;23,049999237060547;23,100000381469727;86100
2026-10-02;10:58:00;-03:00;23,100000381469727;23,1299991607666;23,09000015258789;23,1299991607666;27900
2026-10-02;10:59:00;-03:00;23,1200008392334;23,1299991607666;23,100000381469727;23,1200008392334;56500
2026-10-02;11:00:00;-03:00;23,100000381469727;23,1200008392334;23,100000381469727;23,1200008392334;52800
2026-10-02;11:01:00;-03:00;23,1200008392334;23,139999389648438;23,110000610351562;23,1299991607666;62900
2026-10-02;11:02:00;-03:00;23,1299991607666;23,15999984741211;23,1299991607666;23,149999618530273;30700
2026-10-02;11:03:00;-03:00;23,15999984741211;23,219999313354492;23,149999618530273;23,209999084472656;61000
2026-10-02;11:04:00;-03:00;23,200000762939453;23,200000762939453;23,149999618530273;23,170000076293945;52600
2026-10-02;11:05:00;-03:00;23,170000076293945;23,190000534057617;23,15999984741211;23,18000030517578;13200
2026-10-02;11:06:00;-03:00;23,170000076293945;23,25;23,149999618530273;23,15999984741211;217400
2026-10-02;11:07:00;-03:00;23,170000076293945;23,200000762939453;23,149999618530273;23,149999618530273;86500
2026-10-02;11:08:00;-03:00;23,149999618530273;23,170000076293945;23,149999618530273;23,149999618530273;24200
2026-10-02;11:09:00;-03:00;23,149999618530273;23,18000030517578;23,139999389648438;23,170000076293945;49900
2026-10-02;11:10:00;-03:00;23,170000076293945;23,190000534057617;23,15999984741211;23,190000534057617;45800
2026-10-02;11:11:00;-03:00;23,170000076293945;23,18000030517578;23,149999618530273;23,18000030517578;46300
2026-10-02;11:12:00;-03:00;23,18000030517578;23,209999084472656;23,149999618530273;23,18000030517578;58100
2026-10-02;11:13:00;-03:00;23,18000030517578;23,200000762939453;23,170000076293945;23,170000076293945;32700
2026-10-02;11:14:00;-03:00;23,15999984741211;23,200000762939453;23,139999389648438;23,200000762939453;35800
2026-10-02;11:15:00;-03:00;23,200000762939453;23,229999542236328;23,190000534057617;23,190000534057617;44100
2026-10-02;11:16:00;-03:00;23,209999084472656;23,229999542236328;23,200000762939453;23,209999084472656;26800
2026-10-02;11:17:00;-03:00;23,219999313354492;23,229999542236328;23,200000762939453;23,209999084472656;22600
2026-10-02;11:18:00;-03:00;23,209999084472656;23,25;23,200000762939453;23,209999084472656;48500
2026-10-02;11:19:00;-03:00;23,200000762939453;23,219999313354492;23,18000030517578;23,18000030517578;41700
2026-10-02;11:20:00;-03:00;23,190000534057617;23,219999313354492;23,18000030517578;23,200000762939453;84200
2026-10-02;11:21:00;-03:00;23,200000762939453;23,229999542236328;23,200000762939453;23,209999084472656;118500
2026-10-02;11:22:00;-03:00;23,200000762939453;23,200000762939453;23,170000076293945;23,190000534057617;57900
2026-10-02;11:23:00;-03:00;23,18000030517578;23,18000030517578;23,1200008392334;23,1200008392334;95800
2026-10-02;11:24:00;-03:00;23,139999389648438;23,149999618530273;23,100000381469727;23,1299991607666;72600
2026-10-02;11:25:00;-03:00;23,1299991607666;23,139999389648438;23,1299991607666;23,139999389648438;5500
2026-10-02;11:26:00;-03:00;23,139999389648438;23,15999984741211;23,1299991607666;23,15999984741211;18600
2026-10-02;11:27:00;-03:00;23,15999984741211;23,15999984741211;23,1299991607666;23,149999618530273;54100
2026-10-02;11:28:00;-03:00;23,15999984741211;23,190000534057617;23,139999389648438;23,149999618530273;118700
2026-10-02;11:29:00;-03:00;23,139999389648438;23,190000534057617;23,1299991607666;23,190000534057617;52200
2026-10-02;11:30:00;-03:00;23,190000534057617;23,209999084472656;23,190000534057617;23,200000762939453;15300
2026-10-02;11:31:00;-03:00;23,209999084472656;23,270000457763672;23,190000534057617;23,270000457763672;1218500
2026-10-02;11:32:00;-03:00;23,25;23,270000457763672;23,239999771118164;23,260000228881836;41500
2026-10-02;11:33:00;-03:00;23,25;23,260000228881836;23,229999542236328;23,239999771118164;44200
2026-10-02;11:34:00;-03:00;23,229999542236328;23,239999771118164;23,200000762939453;23,229999542236328;86000
2026-10-02;11:35:00;-03:00;23,219999313354492;23,239999771118164;23,209999084472656;23,239999771118164;53700
2026-10-02;11:36:00;-03:00;23,239999771118164;23,25;23,209999084472656;23,219999313354492;33500
2026-10-02;11:37:00;-03:00;23,229999542236328;23,270000457763672;23,229999542236328;23,260000228881836;24400
2026-10-02;11:38:00;-03:00;23,270000457763672;23,329999923706055;23,260000228881836;23,329999923706055;100400
2026-10-02;11:39:00;-03:00;23,329999923706055;23,350000381469727;23,31999969482422;23,34000015258789;88800
2026-10-02;11:40:00;-03:00;23,329999923706055;23,34000015258789;23,299999237060547;23,34000015258789;101700
2026-10-02;11:41:00;-03:00;23,329999923706055;23,360000610351562;23,329999923706055;23,350000381469727;79400
2026-10-02;11:42:00;-03:00;23,34000015258789;23,350000381469727;23,31999969482422;23,350000381469727;46400
2026-10-02;11:43:00;-03:00;23,350000381469727;23,3700008392334;23,34000015258789;23,360000610351562;102100
2026-10-02;11:44:00;-03:00;23,360000610351562;23,360000610351562;23,299999237060547;23,31999969482422;71400
2026-10-02;11:45:00;-03:00;23,31999969482422;23,329999923706055;23,299999237060547;23,309999465942383;189900
2026-10-02;11:46:00;-03:00;23,31999969482422;23,329999923706055;23,290000915527344;23,309999465942383;65200
2026-10-02;11:47:00;-03:00;23,290000915527344;23,329999923706055;23,290000915527344;23,329999923706055;55500
2026-10-02;11:48:00;-03:00;23,31999969482422;23,31999969482422;23,25;23,25;199600
2026-10-02;11:49:00;-03:00;23,25;23,260000228881836;23,219999313354492;23,25;140900
2026-10-02;11:50:00;-03:00;23,25;23,25;23,209999084472656;23,239999771118164;41200
2026-10-02;11:51:00;-03:00;23,239999771118164;23,299999237060547;23,239999771118164;23,290000915527344;36000
2026-10-02;11:52:00;-03:00;23,280000686645508;23,280000686645508;23,25;23,260000228881836;34100
2026-10-02;11:53:00;-03:00;23,260000228881836;23,260000228881836;23,229999542236328;23,239999771118164;34600
2026-10-02;11:54:00;-03:00;23,229999542236328;23,239999771118164;23,200000762939453;23,209999084472656;85300
2026-10-02;11:55:00;-03:00;23,209999084472656;23,219999313354492;23,170000076293945;23,190000534057617;172100
2026-10-02;11:56:00;-03:00;23,18000030517578;23,190000534057617;23,170000076293945;23,18000030517578;57400
2026-10-02;11:57:00;-03:00;23,18000030517578;23,200000762939453;23,18000030517578;23,190000534057617;42200
2026-10-02;11:58:00;-03:00;23,190000534057617;23,209999084472656;23,190000534057617;23,190000534057617;51300
2026-10-02;11:59:00;-03:00;23,200000762939453;23,209999084472656;23,18000030517578;23,200000762939453;39900
2026-10-02;12:00:00;-03:00;23,200000762939453;23,209999084472656;23,149999618530273;23,149999618530273;2601000
2026-10-02;12:01:00;-03:00;23,149999618530273;23,149999618530273;23,100000381469727;23,110000610351562;224000
2026-10-02;12:02:00;-03:00;23,1299991607666;23,1299991607666;23,049999237060547;23,049999237060547;179600
2026-10-02;12:03:00;-03:00;23,059999465942383;23,06999969482422;23,020000457763672;23,040000915527344;229900
2026-10-02;12:04:00;-03:00;23,030000686645508;23,079999923706055;23,030000686645508;23,06999969482422;80500
2026-10-02;12:05:00;-03:00;23,06999969482422;23,110000610351562;23,059999465942383;23,06999969482422;47900
2026-10-02;12:06:00;-03:00;23,079999923706055;23,079999923706055;23,040000915527344;23,049999237060547;60900
2026-10-02;12:07:00;-03:00;23,059999465942383;23,079999923706055;23,020000457763672;23,030000686645508;137300
2026-10-02;12:08:00;-03:00;23,020000457763672;23,030000686645508;23,020000457763672;23,030000686645508;14800
2026-10-02;12:09:00;-03:00;23,030000686645508;23,049999237060547;23,020000457763672;23,030000686645508;48800
2026-10-02;12:10:00;-03:00;23,020000457763672;23,030000686645508;23,0;23,010000228881836;73800
2026-10-02;12:11:00;-03:00;23,0;23,020000457763672;23,0;23,010000228881836;26000
2026-10-02;12:12:00;-03:00;23,010000228881836;23,020000457763672;23,0;23,010000228881836;62700
2026-10-02;12:13:00;-03:00;23,010000228881836;23,030000686645508;23,0;23,010000228881836;40200
2026-10-02;12:14:00;-03:00;23,0;23,040000915527344;23,0;23,040000915527344;27400
2026-10-02;12:15:00;-03:00;23,040000915527344;23,09000015258789;23,040000915527344;23,059999465942383;58900
2026-10-02;12:16:00;-03:00;23,049999237060547;23,059999465942383;23,020000457763672;23,030000686645508;37300
2026-10-02;12:17:00;-03:00;23,020000457763672;23,049999237060547;23,020000457763672;23,020000457763672;95400
2026-10-02;12:18:00;-03:00;23,020000457763672;23,059999465942383;23,020000457763672;23,049999237060547;36000
2026-10-02;12:19:00;-03:00;23,040000915527344;23,049999237060547;23,0;23,010000228881836;196200
2026-10-02;12:20:00;-03:00;23,010000228881836;23,010000228881836;22,959999084472656;22,979999542236328;115900
2026-10-02;12:21:00;-03:00;22,979999542236328;23,040000915527344;22,979999542236328;23,040000915527344;61000
2026-10-02;12:22:00;-03:00;23,040000915527344;23,049999237060547;23,040000915527344;23,049999237060547;12300
2026-10-02;12:23:00;-03:00;23,040000915527344;23,06999969482422;23,020000457763672;23,030000686645508;60600
2026-10-02;12:24:00;-03:00;23,020000457763672;23,030000686645508;23,0;23,020000457763672;32500
2026-10-02;12:25:00;-03:00;23,020000457763672;23,020000457763672;22,979999542236328;23,0;60900
2026-10-02;12:26:00;-03:00;23,010000228881836;23,030000686645508;23,010000228881836;23,030000686645508;32400
2026-10-02;12:27:00;-03:00;23,020000457763672;23,040000915527344;23,010000228881836;23,010000228881836;140000
2026-10-02;12:28:00;-03:00;23,030000686645508;23,030000686645508;23,010000228881836;23,010000228881836;44500
2026-10-02;12:29:00;-03:00;23,010000228881836;23,030000686645508;23,0;23,020000457763672;48100
2026-10-02;12:30:00;-03:00;23,020000457763672;23,020000457763672;23,010000228881836;23,010000228881836;24500
2026-10-02;12:31:00;-03:00;23,020000457763672;23,030000686645508;23,010000228881836;23,020000457763672;24400
2026-10-02;12:32:00;-03:00;23,030000686645508;23,040000915527344;23,010000228881836;23,040000915527344;71100
2026-10-02;12:33:00;-03:00;23,020000457763672;23,059999465942383;23,010000228881836;23,040000915527344;37400
2026-10-02;12:34:00;-03:00;23,040000915527344;23,09000015258789;23,040000915527344;23,059999465942383;147600
2026-10-02;12:35:00;-03:00;23,059999465942383;23,079999923706055;23,049999237060547;23,059999465942383;88300
2026-10-02;12:36:00;-03:00;23,049999237060547;23,079999923706055;23,049999237060547;23,06999969482422;44300
2026-10-02;12:37:00;-03:00;23,06999969482422;23,079999923706055;23,049999237060547;23,059999465942383;49200
2026-10-02;12:38:00;-03:00;23,059999465942383;23,059999465942383;23,030000686645508;23,049999237060547;50800
2026-10-02;12:39:00;-03:00;23,049999237060547;23,09000015258789;23,040000915527344;23,079999923706055;28500
2026-10-02;12:40:00;-03:00;23,079999923706055;23,079999923706055;23,059999465942383;23,06999969482422;46700
2026-10-02;12:41:00;-03:00;23,079999923706055;23,09000015258789;23,059999465942383;23,06999969482422;32600
2026-10-02;12:42:00;-03:00;23,059999465942383;23,079999923706055;23,059999465942383;23,079999923706055;23200
2026-10-02;12:43:00;-03:00;23,06999969482422;23,100000381469727;23,059999465942383;23,06999969482422;63200
2026-10-02;12:44:00;-03:00;23,06999969482422;23,079999923706055;23,040000915527344;23,079999923706055;59500
2026-10-02;12:45:00;-03:00;23,079999923706055;23,079999923706055;23,049999237060547;23,059999465942383;48500
2026-10-02;12:46:00;-03:00;23,06999969482422;23,06999969482422;23,040000915527344;23,040000915527344;34600
2026-10-02;12:47:00;-03:00;23,040000915527344;23,059999465942383;23,040000915527344;23,049999237060547;18500
2026-10-02;12:48:00;-03:00;23,049999237060547;23,100000381469727;23,040000915527344;23,079999923706055;40200
2026-10-02;12:49:00;-03:00;23,079999923706055;23,1299991607666;23,079999923706055;23,09000015258789;132100
2026-10-02;12:50:00;-03:00;23,100000381469727;23,139999389648438;23,100000381469727;23,139999389648438;33600
2026-10-02;12:51:00;-03:00;23,139999389648438;23,149999618530273;23,1299991607666;23,1299991607666;54200
2026-10-02;12:52:00;-03:00;23,1299991607666;23,1299991607666;23,110000610351562;23,1200008392334;43100
2026-10-02;12:53:00;-03:00;23,1200008392334;23,1299991607666;23,110000610351562;23,1200008392334;39500
2026-10-02;12:54:00;-03:00;23,1200008392334;23,1299991607666;23,110000610351562;23,1200008392334;10900
2026-10-02;12:55:00;-03:00;23,1200008392334;23,139999389648438;23,1200008392334;23,1200008392334;281500
2026-10-02;12:56:00;-03:00;23,1299991607666;23,139999389648438;23,1200008392334;23,1299991607666;21000
2026-10-02;12:57:00;-03:00;23,1200008392334;23,1200008392334;23,100000381469727;23,110000610351562;57500
2026-10-02;12:58:00;-03:00;23,110000610351562;23,110000610351562;23,100000381469727;23,100000381469727;19900
2026-10-02;12:59:00;-03:00;23,110000610351562;23,139999389648438;23,110000610351562;23,1200008392334;27200
2026-10-02;13:00:00;-03:00;23,1299991607666;23,139999389648438;23,1200008392334;23,1299991607666;78200
2026-10-02;13:01:00;-03:00;23,1299991607666;23,149999618530273;23,1200008392334;23,1299991607666;9700
2026-10-02;13:02:00;-03:00;23,139999389648438;23,170000076293945;23,1200008392334;23,149999618530273;109200
2026-10-02;13:03:00;-03:00;23,149999618530273;23,170000076293945;23,1299991607666;23,1299991607666;47000
2026-10-02;13:04:00;-03:00;23,1299991607666;23,170000076293945;23,110000610351562;23,15999984741211;59000
2026-10-02;13:05:00;-03:00;23,15999984741211;23,18000030517578;23,149999618530273;23,149999618530273;46300
2026-10-02;13:06:00;-03:00;23,149999618530273;23,15999984741211;23,139999389648438;23,15999984741211;29300
2026-10-02;13:07:00;-03:00;23,149999618530273;23,170000076293945;23,139999389648438;23,15999984741211;19500
2026-10-02;13:08:00;-03:00;23,15999984741211;23,15999984741211;23,1299991607666;23,149999618530273;60700
2026-10-02;13:09:00;-03:00;23,149999618530273;23,170000076293945;23,149999618530273;23,149999618530273;18100
2026-10-02;13:10:00;-03:00;23,149999618530273;23,15999984741211;23,139999389648438;23,15999984741211;31700
2026-10-02;13:11:00;-03:00;23,15999984741211;23,15999984741211;23,110000610351562;23,110000610351562;55700
2026-10-02;13:12:00;-03:00;23,110000610351562;23,1299991607666;23,100000381469727;23,110000610351562;31600
2026-10-02;13:13:00;-03:00;23,110000610351562;23,139999389648438;23,110000610351562;23,1299991607666;15300
2026-10-02;13:14:00;-03:00;23,1299991607666;23,149999618530273;23,1299991607666;23,139999389648438;22000
2026-10-02;13:15:00;-03:00;23,139999389648438;23,15999984741211;23,139999389648438;23,15999984741211;18600
2026-10-02;13:16:00;-03:00;23,15999984741211;23,15999984741211;23,139999389648438;23,149999618530273;24600
2026-10-02;13:17:00;-03:00;23,15999984741211;23,18000030517578;23,149999618530273;23,15999984741211;38700
2026-10-02;13:18:00;-03:00;23,170000076293945;23,18000030517578;23,15999984741211;23,170000076293945;23300
2026-10-02;13:19:00;-03:00;23,170000076293945;23,18000030517578;23,15999984741211;23,15999984741211;28400
2026-10-02;13:20:00;-03:00;23,170000076293945;23,18000030517578;23,15999984741211;23,170000076293945;43600
2026-10-02;13:21:00;-03:00;23,18000030517578;23,18000030517578;23,15999984741211;23,170000076293945;20300
2026-10-02;13:22:00;-03:00;23,18000030517578;23,190000534057617;23,170000076293945;23,170000076293945;27200
2026-10-02;13:23:00;-03:00;23,190000534057617;23,190000534057617;23,170000076293945;23,18000030517578;22300
2026-10-02;13:24:00;-03:00;23,18000030517578;23,190000534057617;23,1299991607666;23,15999984741211;127600
2026-10-02;13:25:00;-03:00;23,15999984741211;23,170000076293945;23,15999984741211;23,170000076293945;12200
2026-10-02;13:26:00;-03:00;23,170000076293945;23,190000534057617;23,170000076293945;23,190000534057617;11600
2026-10-02;13:27:00;-03:00;23,18000030517578;23,239999771118164;23,18000030517578;23,219999313354492;207100
2026-10-02;13:28:00;-03:00;23,219999313354492;23,270000457763672;23,200000762939453;23,200000762939453;175800
2026-10-02;13:29:00;-03:00;23,200000762939453;23,219999313354492;23,170000076293945;23,209999084472656;42100
2026-10-02;13:30:00;-03:00;23,209999084472656;23,25;23,209999084472656;23,229999542236328;31700
2026-10-02;13:31:00;-03:00;23,229999542236328;23,239999771118164;23,219999313354492;23,239999771118164;52800
2026-10-02;13:32:00;-03:00;23,229999542236328;23,260000228881836;23,219999313354492;23,260000228881836;24400
2026-10-02;13:33:00;-03:00;23,260000228881836;23,260000228881836;23,25;23,260000228881836;38600
2026-10-02;13:34:00;-03:00;23,260000228881836;23,260000228881836;23,25;23,260000228881836;17400
2026-10-02;13:35:00;-03:00;23,260000228881836;23,270000457763672;23,229999542236328;23,239999771118164;134000
2026-10-02;13:36:00;-03:00;23,25;23,260000228881836;23,239999771118164;23,25;22500
2026-10-02;13:37:00;-03:00;23,25;23,25;23,219999313354492;23,239999771118164;47800
2026-10-02;13:38:00;-03:00;23,239999771118164;23,260000228881836;23,229999542236328;23,260000228881836;23900
2026-10-02;13:39:00;-03:00;23,25;23,299999237060547;23,25;23,299999237060547;94900
2026-10-02;13:40:00;-03:00;23,299999237060547;23,309999465942383;23,280000686645508;23,309999465942383;145400
2026-10-02;13:41:00;-03:00;23,309999465942383;23,309999465942383;23,299999237060547;23,299999237060547;21600
2026-10-02;13:42:00;-03:00;23,299999237060547;23,329999923706055;23,299999237060547;23,329999923706055;99900
2026-10-02;13:43:00;-03:00;23,329999923706055;23,34000015258789;23,309999465942383;23,31999969482422;111900
2026-10-02;13:44:00;-03:00;23,329999923706055;23,360000610351562;23,31999969482422;23,360000610351562;155500
2026-10-02;13:45:00;-03:00;23,350000381469727;23,360000610351562;23,329999923706055;23,34000015258789;45400
2026-10-02;13:46:00;-03:00;23,34000015258789;23,360000610351562;23,329999923706055;23,350000381469727;42200
2026-10-02;13:47:00;-03:00;23,34000015258789;23,350000381469727;23,329999923706055;23,34000015258789;56800
2026-10-02;13:48:00;-03:00;23,34000015258789;23,34000015258789;23,299999237060547;23,299999237060547;159500
2026-10-02;13:49:00;-03:00;23,299999237060547;23,309999465942383;23,280000686645508;23,290000915527344;88500
2026-10-02;13:50:00;-03:00;23,280000686645508;23,290000915527344;23,219999313354492;23,229999542236328;124700
2026-10-02;13:51:00;-03:00;23,229999542236328;23,239999771118164;23,229999542236328;23,229999542236328;40700
2026-10-02;13:52:00;-03:00;23,229999542236328;23,25;23,229999542236328;23,25;25900
2026-10-02;13:53:00;-03:00;23,239999771118164;23,25;23,229999542236328;23,239999771118164;35800
2026-10-02;13:54:00;-03:00;23,239999771118164;23,260000228881836;23,239999771118164;23,25;32200
2026-10-02;13:55:00;-03:00;23,260000228881836;23,299999237060547;23,25;23,299999237060547;74000
2026-10-02;13:56:00;-03:00;23,290000915527344;23,309999465942383;23,280000686645508;23,299999237060547;22500
2026-10-02;13:57:00;-03:00;23,309999465942383;23,329999923706055;23,290000915527344;23,299999237060547;88500
2026-10-02;13:58:00;-03:00;23,299999237060547;23,299999237060547;23,290000915527344;23,299999237060547;11300
2026-10-02;13:59:00;-03:00;23,290000915527344;23,299999237060547;23,270000457763672;23,280000686645508;41400
2026-10-02;14:00:00;-03:00;23,280000686645508;23,290000915527344;23,280000686645508;23,280000686645508;21800
2026-10-02;14:01:00;-03:00;23,290000915527344;23,299999237060547;23,260000228881836;23,299999237060547;46600
2026-10-02;14:02:00;-03:00;23,290000915527344;23,34000015258789;23,290000915527344;23,299999237060547;82800
2026-10-02;14:03:00;-03:00;23,309999465942383;23,329999923706055;23,299999237060547;23,31999969482422;42600
2026-10-02;14:04:00;-03:00;23,329999923706055;23,34000015258789;23,31999969482422;23,34000015258789;36600
2026-10-02;14:05:00;-03:00;23,329999923706055;23,350000381469727;23,329999923706055;23,34000015258789;30300
2026-10-02;14:06:00;-03:00;23,34000015258789;23,350000381469727;23,34000015258789;23,350000381469727;55600
2026-10-02;14:07:00;-03:00;23,350000381469727;23,360000610351562;23,34000015258789;23,34000015258789;45300
2026-10-02;14:08:00;-03:00;23,350000381469727;23,3700008392334;23,34000015258789;23,350000381469727;111600
2026-10-02;14:09:00;-03:00;23,360000610351562;23,420000076293945;23,360000610351562;23,420000076293945;107000
2026-10-02;14:10:00;-03:00;23,420000076293945;23,43000030517578;23,399999618530273;23,399999618530273;80400
2026-10-02;14:11:00;-03:00;23,40999984741211;23,43000030517578;23,399999618530273;23,43000030517578;74100
2026-10-02;14:12:00;-03:00;23,40999984741211;23,450000762939453;23,40999984741211;23,43000030517578;118600
2026-10-02;14:13:00;-03:00;23,450000762939453;23,469999313354492;23,43000030517578;23,459999084472656;96200
2026-10-02;14:14:00;-03:00;23,459999084472656;23,479999542236328;23,440000534057617;23,479999542236328;91300
2026-10-02;14:15:00;-03:00;23,469999313354492;23,489999771118164;23,459999084472656;23,469999313354492;101000
2026-10-02;14:16:00;-03:00;23,469999313354492;23,5;23,459999084472656;23,479999542236328;95700
2026-10-02;14:17:00;-03:00;23,479999542236328;23,5;23,469999313354492;23,479999542236328;95700
2026-10-02;14:18:00;-03:00;23,5;23,510000228881836;23,450000762939453;23,459999084472656;237700
2026-10-02;14:19:00;-03:00;23,459999084472656;23,5;23,459999084472656;23,489999771118164;79900
2026-10-02;14:20:00;-03:00;23,5;23,5;23,469999313354492;23,489999771118164;117400
2026-10-02;14:21:00;-03:00;23,489999771118164;23,5;23,469999313354492;23,479999542236328;88000
2026-10-02;14:22:00;-03:00;23,479999542236328;23,479999542236328;23,440000534057617;23,469999313354492;98900
2026-10-02;14:23:00;-03:00;23,479999542236328;23,489999771118164;23,459999084472656;23,469999313354492;77500
2026-10-02;14:24:00;-03:00;23,469999313354492;23,469999313354492;23,40999984741211;23,420000076293945;372000
2026-10-02;14:25:00;-03:00;23,420000076293945;23,450000762939453;23,420000076293945;23,440000534057617;134500
2026-10-02;14:26:00;-03:00;23,440000534057617;23,459999084472656;23,440000534057617;23,440000534057617;84400
2026-10-02;14:27:00;-03:00;23,450000762939453;23,450000762939453;23,420000076293945;23,43000030517578;95100
2026-10-02;14:28:00;-03:00;23,420000076293945;23,43000030517578;23,3799991607666;23,399999618530273;139600
2026-10-02;14:29:00;-03:00;23,399999618530273;23,43000030517578;23,3799991607666;23,40999984741211;212400
2026-10-02;14:30:00;-03:00;23,399999618530273;23,40999984741211;23,3799991607666;23,399999618530273;73900
2026-10-02;14:31:00;-03:00;23,399999618530273;23,40999984741211;23,3700008392334;23,399999618530273;65600
2026-10-02;14:32:00;-03:00;23,399999618530273;23,399999618530273;23,3799991607666;23,399999618530273;74600
2026-10-02;14:33:00;-03:00;23,389999389648438;23,43000030517578;23,389999389648438;23,40999984741211;533800
2026-10-02;14:34:00;-03:00;23,40999984741211;23,420000076293945;23,389999389648438;23,40999984741211;37800
2026-10-02;14:35:00;-03:00;23,420000076293945;23,43000030517578;23,399999618530273;23,43000030517578;75000
2026-10-02;14:36:00;-03:00;23,43000030517578;23,459999084472656;23,43000030517578;23,450000762939453;64700
2026-10-02;14:37:00;-03:00;23,459999084472656;23,479999542236328;23,43000030517578;23,450000762939453;190300
2026-10-02;14:38:00;-03:00;23,440000534057617;23,459999084472656;23,43000030517578;23,440000534057617;69500
2026-10-02;14:39:00;-03:00;23,440000534057617;23,450000762939453;23,43000030517578;23,43000030517578;63600
2026-10-02;14:40:00;-03:00;23,43000030517578;23,459999084472656;23,43000030517578;23,459999084472656;73600
2026-10-02;14:41:00;-03:00;23,459999084472656;23,489999771118164;23,450000762939453;23,469999313354492;134200
2026-10-02;14:42:00;-03:00;23,469999313354492;23,530000686645508;23,469999313354492;23,530000686645508;233800
2026-10-02;14:43:00;-03:00;23,520000457763672;23,540000915527344;23,489999771118164;23,530000686645508;123000
2026-10-02;14:44:00;-03:00;23,540000915527344;23,540000915527344;23,489999771118164;23,5;91000
2026-10-02;14:45:00;-03:00;23,520000457763672;23,540000915527344;23,5;23,510000228881836;62200
2026-10-02;14:46:00;-03:00;23,510000228881836;23,520000457763672;23,5;23,520000457763672;19500
2026-10-02;14:47:00;-03:00;23,520000457763672;23,530000686645508;23,510000228881836;23,530000686645508;30800
2026-10-02;14:48:00;-03:00;23,530000686645508;23,540000915527344;23,520000457763672;23,530000686645508;61400
2026-10-02;14:49:00;-03:00;23,540000915527344;23,540000915527344;23,520000457763672;23,520000457763672;55900
2026-10-02;14:50:00;-03:00;23,520000457763672;23,540000915527344;23,5;23,530000686645508;45500
2026-10-02;14:51:00;-03:00;23,520000457763672;23,540000915527344;23,520000457763672;23,530000686645508;133700
2026-10-02;14:52:00;-03:00;23,520000457763672;23,540000915527344;23,520000457763672;23,540000915527344;80400
2026-10-02;14:53:00;-03:00;23,530000686645508;23,540000915527344;23,520000457763672;23,540000915527344;74000
2026-10-02;14:54:00;-03:00;23,540000915527344;23,56999969482422;23,530000686645508;23,56999969482422;100000
2026-10-02;14:55:00;-03:00;23,56999969482422;23,56999969482422;23,549999237060547;23,559999465942383;69100
2026-10-02;14:56:00;-03:00;23,559999465942383;23,56999969482422;23,540000915527344;23,540000915527344;94300
2026-10-02;14:57:00;-03:00;23,540000915527344;23,549999237060547;23,530000686645508;23,540000915527344;39900
2026-10-02;14:58:00;-03:00;23,530000686645508;23,559999465942383;23,520000457763672;23,559999465942383;78000
2026-10-02;14:59:00;-03:00;23,559999465942383;23,559999465942383;23,540000915527344;23,540000915527344;97400
2026-10-02;15:00:00;-03:00;23,549999237060547;23,559999465942383;23,520000457763672;23,520000457763672;79800
2026-10-02;15:01:00;-03:00;23,530000686645508;23,530000686645508;23,510000228881836;23,520000457763672;57000
2026-10-02;15:02:00;-03:00;23,520000457763672;23,520000457763672;23,469999313354492;23,479999542236328;163700
2026-10-02;15:03:00;-03:00;23,469999313354492;23,520000457763672;23,469999313354492;23,510000228881836;179100
2026-10-02;15:04:00;-03:00;23,510000228881836;23,549999237060547;23,510000228881836;23,520000457763672;209800
2026-10-02;15:05:00;-03:00;23,530000686645508;23,56999969482422;23,530000686645508;23,56999969482422;136100
2026-10-02;15:06:00;-03:00;23,56999969482422;23,56999969482422;23,549999237060547;23,549999237060547;87200
2026-10-02;15:07:00;-03:00;23,549999237060547;23,579999923706055;23,549999237060547;23,56999969482422;141800
2026-10-02;15:08:00;-03:00;23,56999969482422;23,579999923706055;23,559999465942383;23,56999969482422;84000
2026-10-02;15:09:00;-03:00;23,559999465942383;23,56999969482422;23,530000686645508;23,540000915527344;111100
2026-10-02;15:10:00;-03:00;23,540000915527344;23,559999465942383;23,540000915527344;23,549999237060547;48600
2026-10-02;15:11:00;-03:00;23,559999465942383;23,600000381469727;23,549999237060547;23,56999969482422;302000
2026-10-02;15:12:00;-03:00;23,579999923706055;23,579999923706055;23,559999465942383;23,56999969482422;73600
2026-10-02;15:13:00;-03:00;23,579999923706055;23,579999923706055;23,56999969482422;23,579999923706055;31100
2026-10-02;15:14:00;-03:00;23,579999923706055;23,59000015258789;23,56999969482422;23,59000015258789;67900
2026-10-02;15:15:00;-03:00;23,59000015258789;23,600000381469727;23,579999923706055;23,600000381469727;81400
2026-10-02;15:16:00;-03:00;23,59000015258789;23,600000381469727;23,56999969482422;23,59000015258789;91100
2026-10-02;15:17:00;-03:00;23,59000015258789;23,59000015258789;23,56999969482422;23,56999969482422;74800
2026-10-02;15:18:00;-03:00;23,559999465942383;23,56999969482422;23,540000915527344;23,549999237060547;38100
2026-10-02;15:19:00;-03:00;23,540000915527344;23,549999237060547;23,520000457763672;23,549999237060547;82600
2026-10-02;15:20:00;-03:00;23,530000686645508;23,530000686645508;23,489999771118164;23,489999771118164;239700
2026-10-02;15:21:00;-03:00;23,510000228881836;23,530000686645508;23,489999771118164;23,520000457763672;80700
2026-10-02;15:22:00;-03:00;23,520000457763672;23,540000915527344;23,5;23,540000915527344;121800
2026-10-02;15:23:00;-03:00;23,540000915527344;23,559999465942383;23,530000686645508;23,559999465942383;124900
2026-10-02;15:24:00;-03:00;23,549999237060547;23,559999465942383;23,530000686645508;23,540000915527344;66100
2026-10-02;15:25:00;-03:00;23,549999237060547;23,549999237060547;23,530000686645508;23,540000915527344;71600
2026-10-02;15:26:00;-03:00;23,540000915527344;23,579999923706055;23,530000686645508;23,559999465942383;160300
2026-10-02;15:27:00;-03:00;23,559999465942383;23,559999465942383;23,540000915527344;23,549999237060547;70900
2026-10-02;15:28:00;-03:00;23,559999465942383;23,56999969482422;23,549999237060547;23,549999237060547;52100
2026-10-02;15:29:00;-03:00;23,549999237060547;23,559999465942383;23,549999237060547;23,549999237060547;25500
2026-10-02;15:30:00;-03:00;23,549999237060547;23,649999618530273;23,540000915527344;23,600000381469727;508500
2026-10-02;15:31:00;-03:00;23,600000381469727;23,610000610351562;23,579999923706055;23,59000015258789;1331200
2026-10-02;15:32:00;-03:00;23,59000015258789;23,59000015258789;23,579999923706055;23,579999923706055;24300
2026-10-02;15:33:00;-03:00;23,59000015258789;23,600000381469727;23,56999969482422;23,579999923706055;75500
2026-10-02;15:34:00;-03:00;23,579999923706055;23,600000381469727;23,56999969482422;23,600000381469727;53600
2026-10-02;15:35:00;-03:00;23,59000015258789;23,600000381469727;23,579999923706055;23,600000381469727;256300
2026-10-02;15:36:00;-03:00;23,600000381469727;23,600000381469727;23,56999969482422;23,600000381469727;116300
2026-10-02;15:37:00;-03:00;23,59000015258789;23,6200008392334;23,59000015258789;23,610000610351562;39800
2026-10-02;15:38:00;-03:00;23,6200008392334;23,6200008392334;23,600000381469727;23,610000610351562;97500
2026-10-02;15:39:00;-03:00;23,6200008392334;23,6299991607666;23,600000381469727;23,600000381469727;84600
2026-10-02;15:40:00;-03:00;23,600000381469727;23,600000381469727;23,579999923706055;23,579999923706055;17800
2026-10-02;15:41:00;-03:00;23,579999923706055;23,600000381469727;23,56999969482422;23,579999923706055;80000
2026-10-02;15:42:00;-03:00;23,56999969482422;23,579999923706055;23,540000915527344;23,549999237060547;87900
2026-10-02;15:43:00;-03:00;23,549999237060547;23,559999465942383;23,530000686645508;23,549999237060547;105500
2026-10-02;15:44:00;-03:00;23,540000915527344;23,559999465942383;23,540000915527344;23,559999465942383;60200
2026-10-02;15:45:00;-03:00;23,549999237060547;23,579999923706055;23,549999237060547;23,56999969482422;68900
2026-10-02;15:46:00;-03:00;23,559999465942383;23,610000610351562;23,559999465942383;23,600000381469727;78800
2026-10-02;15:47:00;-03:00;23,610000610351562;23,6299991607666;23,600000381469727;23,6200008392334;114500
2026-10-02;15:48:00;-03:00;23,610000610351562;23,6200008392334;23,59000015258789;23,610000610351562;74600
2026-10-02;15:49:00;-03:00;23,610000610351562;23,6200008392334;23,59000015258789;23,610000610351562;577800
2026-10-02;15:50:00;-03:00;23,610000610351562;23,610000610351562;23,530000686645508;23,530000686645508;431700
2026-10-02;15:51:00;-03:00;23,540000915527344;23,549999237060547;23,530000686645508;23,540000915527344;58900
2026-10-02;15:52:00;-03:00;23,540000915527344;23,549999237060547;23,530000686645508;23,530000686645508;75900
2026-10-02;15:53:00;-03:00;23,530000686645508;23,59000015258789;23,530000686645508;23,579999923706055;141600
2026-10-02;15:54:00;-03:00;23,56999969482422;23,59000015258789;23,549999237060547;23,559999465942383;85000
2026-10-02;15:55:00;-03:00;23,56999969482422;23,56999969482422;23,559999465942383;23,56999969482422;33100
2026-10-02;15:56:00;-03:00;23,559999465942383;23,56999969482422;23,530000686645508;23,559999465942383;89600
2026-10-02;15:57:00;-03:00;23,559999465942383;23,559999465942383;23,549999237060547;23,549999237060547;46600
2026-10-02;15:58:00;-03:00;23,549999237060547;23,56999969482422;23,549999237060547;23,559999465942383;51700
2026-10-02;15:59:00;-03:00;23,56999969482422;23,56999969482422;23,559999465942383;23,559999465942383;27200
2026-10-02;16:00:00;-03:00;23,559999465942383;23,56999969482422;23,549999237060547;23,559999465942383;101200
2026-10-02;16:01:00;-03:00;23,559999465942383;23,559999465942383;23,549999237060547;23,549999237060547;34100
2026-10-02;16:02:00;-03:00;23,559999465942383;23,56999969482422;23,530000686645508;23,530000686645508;138100
2026-10-02;16:03:00;-03:00;23,530000686645508;23,549999237060547;23,530000686645508;23,530000686645508;66400
2026-10-02;16:04:00;-03:00;23,530000686645508;23,549999237060547;23,530000686645508;23,540000915527344;1464900
2026-10-02;16:05:00;-03:00;23,549999237060547;23,549999237060547;23,5;23,520000457763672;248400
2026-10-02;16:06:00;-03:00;23,520000457763672;23,559999465942383;23,520000457763672;23,540000915527344;108100
2026-10-02;16:07:00;-03:00;23,540000915527344;23,559999465942383;23,530000686645508;23,549999237060547;823800
2026-10-02;16:08:00;-03:00;23,549999237060547;23,579999923706055;23,549999237060547;23,579999923706055;62700
2026-10-02;16:09:00;-03:00;23,579999923706055;23,600000381469727;23,549999237060547;23,56999969482422;295700
2026-10-02;16:10:00;-03:00;23,56999969482422;23,600000381469727;23,56999969482422;23,59000015258789;81800
2026-10-02;16:11:00;-03:00;23,59000015258789;23,6299991607666;23,59000015258789;23,6200008392334;206500
2026-10-02;16:12:00;-03:00;23,6299991607666;23,6299991607666;23,6200008392334;23,6200008392334;63600
2026-10-02;16:13:00;-03:00;23,6299991607666;23,639999389648438;23,6200008392334;23,6200008392334;67600
2026-10-02;16:14:00;-03:00;23,6200008392334;23,639999389648438;23,6200008392334;23,6299991607666;129700
2026-10-02;16:15:00;-03:00;23,6299991607666;23,6299991607666;23,59000015258789;23,600000381469727;150300
2026-10-02;16:16:00;-03:00;23,610000610351562;23,639999389648438;23,610000610351562;23,6200008392334;101200
2026-10-02;16:17:00;-03:00;23,6200008392334;23,6299991607666;23,600000381469727;23,6200008392334;98400
2026-10-02;16:18:00;-03:00;23,6200008392334;23,670000076293945;23,6200008392334;23,649999618530273;335300
2026-10-02;16:19:00;-03:00;23,649999618530273;23,670000076293945;23,649999618530273;23,649999618530273;139700
2026-10-02;16:20:00;-03:00;23,649999618530273;23,670000076293945;23,639999389648438;23,649999618530273;83600
2026-10-02;16:21:00;-03:00;23,649999618530273;23,68000030517578;23,649999618530273;23,670000076293945;221700
2026-10-02;16:22:00;-03:00;23,670000076293945;23,690000534057617;23,670000076293945;23,68000030517578;128800
2026-10-02;16:23:00;-03:00;23,68000030517578;23,690000534057617;23,670000076293945;23,670000076293945;91600
2026-10-02;16:24:00;-03:00;23,670000076293945;23,68000030517578;23,6299991607666;23,65999984741211;110100
2026-10-02;16:25:00;-03:00;23,65999984741211;23,68000030517578;23,649999618530273;23,68000030517578;78200
2026-10-02;16:26:00;-03:00;23,68000030517578;23,700000762939453;23,65999984741211;23,690000534057617;139600
2026-10-02;16:27:00;-03:00;23,68000030517578;23,709999084472656;23,68000030517578;23,700000762939453;236400
2026-10-02;16:28:00;-03:00;23,709999084472656;23,709999084472656;23,649999618530273;23,670000076293945;135300
2026-10-02;16:29:00;-03:00;23,649999618530273;23,670000076293945;23,639999389648438;23,649999618530273;138700
2026-10-02;16:30:00;-03:00;23,65999984741211;23,65999984741211;23,6200008392334;23,6299991607666;230500
2026-10-02;16:31:00;-03:00;23,639999389648438;23,649999618530273;23,59000015258789;23,639999389648438;377900
2026-10-02;16:32:00;-03:00;23,649999618530273;23,68000030517578;23,6299991607666;23,68000030517578;94200
2026-10-02;16:33:00;-03:00;23,68000030517578;23,700000762939453;23,670000076293945;23,690000534057617;150100
2026-10-02;16:34:00;-03:00;23,690000534057617;23,700000762939453;23,65999984741211;23,670000076293945;110800
2026-10-02;16:35:00;-03:00;23,670000076293945;23,670000076293945;23,649999618530273;23,649999618530273;88600
2026-10-02;16:36:00;-03:00;23,65999984741211;23,65999984741211;23,639999389648438;23,649999618530273;112300
2026-10-02;16:37:00;-03:00;23,649999618530273;23,68000030517578;23,6299991607666;23,639999389648438;143200
2026-10-02;16:38:00;-03:00;23,639999389648438;23,65999984741211;23,610000610351562;23,649999618530273;104200
2026-10-02;16:39:00;-03:00;23,649999618530273;23,670000076293945;23,639999389648438;23,649999618530273;187300
2026-10-02;16:40:00;-03:00;23,639999389648438;23,68000030517578;23,639999389648438;23,68000030517578;167200
2026-10-02;16:41:00;-03:00;23,670000076293945;23,729999542236328;23,670000076293945;23,700000762939453;512600
2026-10-02;16:42:00;-03:00;23,700000762939453;23,739999771118164;23,700000762939453;23,709999084472656;172500
2026-10-02;16:43:00;-03:00;23,700000762939453;23,729999542236328;23,700000762939453;23,719999313354492;90200
2026-10-02;16:44:00;-03:00;23,709999084472656;23,760000228881836;23,709999084472656;23,729999542236328;248200
2026-10-02;16:45:00;-03:00;23,75;23,760000228881836;23,729999542236328;23,739999771118164;106800
2026-10-02;16:46:00;-03:00;23,739999771118164;23,75;23,719999313354492;23,739999771118164;139000
2026-10-02;16:47:00;-03:00;23,719999313354492;23,760000228881836;23,719999313354492;23,75;145300
2026-10-02;16:48:00;-03:00;23,739999771118164;23,75;23,719999313354492;23,739999771118164;100600
2026-10-02;16:49:00;-03:00;23,75;23,75;23,700000762939453;23,709999084472656;283900
2026-10-02;16:50:00;-03:00;23,719999313354492;23,780000686645508;23,709999084472656;23,770000457763672;260100
2026-10-02;16:51:00;-03:00;23,760000228881836;23,770000457763672;23,739999771118164;23,760000228881836;110800
2026-10-02;16:52:00;-03:00;23,760000228881836;23,760000228881836;23,719999313354492;23,719999313354492;133900
2026-10-02;16:53:00;-03:00;23,729999542236328;23,75;23,700000762939453;23,729999542236328;205900
2026-10-02;16:54:00;-03:00;23,729999542236328;23,75;23,719999313354492;23,719999313354492;49400
2026-10-05;10:08:00;-03:00;25,190000534057617;25,770000457763672;25,190000534057617;25,559999465942383;0
2026-10-05;10:09:00;-03:00;25,56999969482422;25,760000228881836;25,559999465942383;25,610000610351562;1355100
2026-10-05;10:10:00;-03:00;25,639999389648438;25,649999618530273;25,530000686645508;25,579999923706055;838500
2026-10-05;10:11:00;-03:00;25,579999923706055;25,780000686645508;25,579999923706055;25,700000762939453;945300
2026-10-05;10:12:00;-03:00;25,690000534057617;25,739999771118164;25,649999618530273;25,709999084472656;601900
2026-10-05;10:13:00;-03:00;25,709999084472656;25,90999984741211;25,700000762939453;25,850000381469727;1327500
2026-10-05;10:14:00;-03:00;25,850000381469727;26,059999465942383;25,809999465942383;25,979999542236328;1089200
2026-10-05;10:15:00;-03:00;26,0;26,329999923706055;25,989999771118164;26,31999969482422;1737700
2026-10-05;10:16:00;-03:00;26,31999969482422;26,31999969482422;26,200000762939453;26,280000686645508;591700
2026-10-05;10:17:00;-03:00;26,299999237060547;26,329999923706055;26,25;26,270000457763672;482500
2026-10-05;10:18:00;-03:00;26,270000457763672;26,5;26,270000457763672;26,459999084472656;753500
2026-10-05;10:19:00;-03:00;26,450000762939453;26,579999923706055;26,450000762939453;26,540000915527344;1415400
2026-10-05;10:20:00;-03:00;26,540000915527344;26,579999923706055;26,479999542236328;26,56999969482422;741300
2026-10-05;10:21:00;-03:00;26,56999969482422;26,760000228881836;26,559999465942383;26,700000762939453;794300
2026-10-05;10:22:00;-03:00;26,700000762939453;26,899999618530273;26,700000762939453;26,860000610351562;963000
2026-10-05;10:23:00;-03:00;26,860000610351562;26,8700008392334;26,440000534057617;26,65999984741211;912900
2026-10-05;10:24:00;-03:00;26,670000076293945;26,84000015258789;26,610000610351562;26,809999465942383;892000
2026-10-05;10:25:00;-03:00;26,799999237060547;26,899999618530273;26,670000076293945;26,780000686645508;914000
2026-10-05;10:26:00;-03:00;26,780000686645508;26,790000915527344;26,440000534057617;26,549999237060547;366000
2026-10-05;10:27:00;-03:00;26,549999237060547;26,600000381469727;26,440000534057617;26,5;451400
2026-10-05;10:28:00;-03:00;26,5;26,530000686645508;26,399999618530273;26,5;435900
2026-10-05;10:29:00;-03:00;26,520000457763672;26,520000457763672;26,299999237060547;26,450000762939453;870000
2026-10-05;10:30:00;-03:00;26,479999542236328;26,559999465942383;26,440000534057617;26,540000915527344;687500
2026-10-05;10:31:00;-03:00;26,520000457763672;26,700000762939453;26,520000457763672;26,559999465942383;718300
2026-10-05;10:32:00;-03:00;26,559999465942383;26,729999542236328;26,530000686645508;26,709999084472656;496200
2026-10-05;10:33:00;-03:00;26,709999084472656;26,799999237060547;26,670000076293945;26,75;628200
2026-10-05;10:34:00;-03:00;26,770000457763672;26,899999618530273;26,75;26,860000610351562;801400
2026-10-05;10:35:00;-03:00;26,860000610351562;26,950000762939453;26,780000686645508;26,899999618530273;1417800
2026-10-05;10:36:00;-03:00;26,899999618530273;26,920000076293945;26,799999237060547;26,899999618530273;543700
2026-10-05;10:37:00;-03:00;26,899999618530273;27,049999237060547;26,8700008392334;27,0;1314700
2026-10-05;10:38:00;-03:00;27,0;27,190000534057617;27,0;27,06999969482422;1492300
2026-10-05;10:39:00;-03:00;27,059999465942383;27,149999618530273;27,0;27,040000915527344;760100
2026-10-05;10:40:00;-03:00;27,040000915527344;27,100000381469727;27,0;27,049999237060547;653200
2026-10-05;10:41:00;-03:00;27,020000457763672;27,079999923706055;26,8700008392334;26,90999984741211;837300
2026-10-05;10:42:00;-03:00;26,90999984741211;27,100000381469727;26,899999618530273;27,030000686645508;895300
2026-10-05;10:43:00;-03:00;27,030000686645508;27,100000381469727;26,8799991607666;26,93000030517578;591000
2026-10-05;10:44:00;-03:00;26,93000030517578;27,049999237060547;26,920000076293945;27,010000228881836;551400
2026-10-05;10:45:00;-03:00;27,010000228881836;27,06999969482422;26,68000030517578;26,700000762939453;657900
2026-10-05;10:46:00;-03:00;26,700000762939453;26,809999465942383;26,6200008392334;26,75;435400
2026-10-05;10:47:00;-03:00;26,75;26,790000915527344;26,559999465942383;26,690000534057617;779100
2026-10-05;10:48:00;-03:00;26,700000762939453;26,739999771118164;26,6299991607666;26,690000534057617;275400
2026-10-05;10:49:00;-03:00;26,700000762939453;26,940000534057617;26,700000762939453;26,850000381469727;507700
2026-10-05;10:50:00;-03:00;26,8700008392334;26,920000076293945;26,75;26,780000686645508;961000
2026-10-05;10:51:00;-03:00;26,799999237060547;26,889999389648438;26,780000686645508;26,8799991607666;660300
2026-10-05;10:52:00;-03:00;26,8799991607666;26,940000534057617;26,860000610351562;26,940000534057617;757500
2026-10-05;10:53:00;-03:00;26,920000076293945;27,0;26,889999389648438;26,969999313354492;1181900
2026-10-05;10:54:00;-03:00;26,959999084472656;26,989999771118164;26,860000610351562;26,8799991607666;771300
2026-10-05;10:55:00;-03:00;26,8700008392334;26,950000762939453;26,81999969482422;26,93000030517578;739700
2026-10-05;10:56:00;-03:00;26,93000030517578;26,969999313354492;26,90999984741211;26,93000030517578;649400
2026-10-05;10:57:00;-03:00;26,940000534057617;26,979999542236328;26,81999969482422;26,84000015258789;461500
2026-10-05;10:58:00;-03:00;26,84000015258789;26,850000381469727;26,719999313354492;26,799999237060547;631600
2026-10-05;10:59:00;-03:00;26,799999237060547;26,889999389648438;26,780000686645508;26,809999465942383;466600
2026-10-05;11:00:00;-03:00;26,809999465942383;26,850000381469727;26,739999771118164;26,780000686645508;944000
2026-10-05;11:01:00;-03:00;26,780000686645508;26,81999969482422;26,739999771118164;26,770000457763672;296300
2026-10-05;11:02:00;-03:00;26,770000457763672;26,780000686645508;26,649999618530273;26,670000076293945;686100
2026-10-05;11:03:00;-03:00;26,670000076293945;26,729999542236328;26,59000015258789;26,709999084472656;849200
2026-10-05;11:04:00;-03:00;26,709999084472656;26,729999542236328;26,65999984741211;26,719999313354492;514800
2026-10-05;11:05:00;-03:00;26,719999313354492;26,790000915527344;26,719999313354492;26,770000457763672;372600
2026-10-05;11:06:00;-03:00;26,790000915527344;26,8700008392334;26,770000457763672;26,84000015258789;788800
2026-10-05;11:07:00;-03:00;26,829999923706055;26,850000381469727;26,770000457763672;26,829999923706055;748700
2026-10-05;11:08:00;-03:00;26,84000015258789;26,8700008392334;26,829999923706055;26,850000381469727;809500
2026-10-05;11:09:00;-03:00;26,84000015258789;26,93000030517578;26,81999969482422;26,920000076293945;488300
2026-10-05;11:10:00;-03:00;26,93000030517578;26,969999313354492;26,84000015258789;26,90999984741211;1792800
2026-10-05;11:11:00;-03:00;26,90999984741211;26,959999084472656;26,90999984741211;26,920000076293945;398500
2026-10-05;11:12:00;-03:00;26,920000076293945;27,059999465942383;26,90999984741211;27,010000228881836;2055000
2026-10-05;11:13:00;-03:00;27,010000228881836;27,06999969482422;26,860000610351562;26,8700008392334;897700
2026-10-05;11:14:00;-03:00;26,8700008392334;26,90999984741211;26,829999923706055;26,90999984741211;271500
2026-10-05;11:15:00;-03:00;26,889999389648438;26,93000030517578;26,8700008392334;26,90999984741211;287100
2026-10-05;11:16:00;-03:00;26,920000076293945;26,93000030517578;26,799999237060547;26,829999923706055;443700
2026-10-05;11:17:00;-03:00;26,850000381469727;26,8799991607666;26,770000457763672;26,809999465942383;506300
2026-10-05;11:18:00;-03:00;26,790000915527344;26,809999465942383;26,65999984741211;26,700000762939453;482800
2026-10-05;11:19:00;-03:00;26,690000534057617;26,690000534057617;26,540000915527344;26,59000015258789;690900
2026-10-05;11:20:00;-03:00;26,59000015258789;26,6200008392334;26,5;26,579999923706055;1303300
2026-10-05;11:21:00;-03:00;26,56999969482422;26,600000381469727;26,5;26,540000915527344;642700
2026-10-05;11:22:00;-03:00;26,540000915527344;26,59000015258789;26,270000457763672;26,559999465942383;1248900
2026-10-05;11:23:00;-03:00;26,559999465942383;26,6200008392334;26,510000228881836;26,579999923706055;735800
2026-10-05;11:24:00;-03:00;26,56999969482422;26,579999923706055;26,5;26,510000228881836;259800
2026-10-05;11:25:00;-03:00;26,5;26,540000915527344;26,5;26,5;446400
2026-10-05;11:26:00;-03:00;26,5;26,559999465942383;26,5;26,530000686645508;248600
2026-10-05;11:27:00;-03:00;26,530000686645508;26,56999969482422;26,520000457763672;26,530000686645508;630000
2026-10-05;11:28:00;-03:00;26,530000686645508;26,540000915527344;26,399999618530273;26,399999618530273;685700
2026-10-05;11:29:00;-03:00;26,399999618530273;26,459999084472656;26,399999618530273;26,43000030517578;330200
2026-10-05;11:30:00;-03:00;26,43000030517578;26,5;26,420000076293945;26,450000762939453;574100
2026-10-05;11:31:00;-03:00;26,450000762939453;26,520000457763672;26,420000076293945;26,510000228881836;354800
2026-10-05;11:32:00;-03:00;26,510000228881836;26,540000915527344;26,479999542236328;26,530000686645508;354900
2026-10-05;11:33:00;-03:00;26,530000686645508;26,540000915527344;26,469999313354492;26,469999313354492;282600
2026-10-05;11:34:00;-03:00;26,469999313354492;26,510000228881836;26,389999389648438;26,459999084472656;219200
2026-10-05;11:35:00;-03:00;26,469999313354492;26,510000228881836;26,440000534057617;26,450000762939453;321400
2026-10-05;11:36:00;-03:00;26,450000762939453;26,5;26,40999984741211;26,420000076293945;226100
2026-10-05;11:37:00;-03:00;26,420000076293945;26,479999542236328;26,389999389648438;26,40999984741211;617500
2026-10-05;11:38:00;-03:00;26,40999984741211;26,450000762939453;26,350000381469727;26,3700008392334;233500
2026-10-05;11:39:00;-03:00;26,3700008392334;26,43000030517578;26,3700008392334;26,420000076293945;170900
2026-10-05;11:40:00;-03:00;26,43000030517578;26,639999389648438;26,43000030517578;26,6299991607666;1183500
2026-10-05;11:41:00;-03:00;26,639999389648438;26,75;26,6299991607666;26,700000762939453;486100
2026-10-05;11:42:00;-03:00;26,700000762939453;26,709999084472656;26,610000610351562;26,6299991607666;253100
2026-10-05;11:43:00;-03:00;26,6299991607666;26,68000030517578;26,6200008392334;26,639999389648438;298700
2026-10-05;11:44:00;-03:00;26,639999389648438;26,649999618530273;26,579999923706055;26,59000015258789;191700
2026-10-05;11:45:00;-03:00;26,600000381469727;26,610000610351562;26,520000457763672;26,600000381469727;317600
2026-10-05;11:46:00;-03:00;26,600000381469727;26,670000076293945;26,600000381469727;26,670000076293945;264000
2026-10-05;11:47:00;-03:00;26,65999984741211;26,709999084472656;26,639999389648438;26,709999084472656;310800
2026-10-05;11:48:00;-03:00;26,709999084472656;26,780000686645508;26,700000762939453;26,75;371200
2026-10-05;11:49:00;-03:00;26,75;26,790000915527344;26,75;26,790000915527344;616500
2026-10-05;11:50:00;-03:00;26,780000686645508;26,84000015258789;26,780000686645508;26,780000686645508;580900
2026-10-05;11:51:00;-03:00;26,780000686645508;26,809999465942383;26,780000686645508;26,780000686645508;176100
2026-10-05;11:52:00;-03:00;26,790000915527344;26,790000915527344;26,690000534057617;26,760000228881836;353300
2026-10-05;11:53:00;-03:00;26,739999771118164;26,790000915527344;26,719999313354492;26,739999771118164;156300
2026-10-05;11:54:00;-03:00;26,75;26,75;26,700000762939453;26,700000762939453;647200
2026-10-05;11:55:00;-03:00;26,700000762939453;26,760000228881836;26,6200008392334;26,729999542236328;531100
2026-10-05;11:56:00;-03:00;26,739999771118164;26,760000228881836;26,690000534057617;26,729999542236328;449200
2026-10-05;11:57:00;-03:00;26,739999771118164;26,75;26,709999084472656;26,729999542236328;228500
2026-10-05;11:58:00;-03:00;26,739999771118164;26,739999771118164;26,700000762939453;26,719999313354492;270800
2026-10-05;11:59:00;-03:00;26,719999313354492;26,780000686645508;26,649999618530273;26,68000030517578;400100
2026-10-05;12:00:00;-03:00;26,690000534057617;26,739999771118164;26,65999984741211;26,700000762939453;273600
2026-10-05;12:01:00;-03:00;26,700000762939453;26,739999771118164;26,65999984741211;26,719999313354492;228200
2026-10-05;12:02:00;-03:00;26,729999542236328;26,790000915527344;26,719999313354492;26,780000686645508;238500
2026-10-05;12:03:00;-03:00;26,780000686645508;26,799999237060547;26,75;26,790000915527344;222500
2026-10-05;12:04:00;-03:00;26,790000915527344;26,850000381469727;26,780000686645508;26,850000381469727;426600
2026-10-05;12:05:00;-03:00;26,84000015258789;26,8700008392334;26,84000015258789;26,860000610351562;237900
2026-10-05;12:06:00;-03:00;26,860000610351562;26,8799991607666;26,799999237060547;26,8700008392334;377900
2026-10-05;12:07:00;-03:00;26,8700008392334;26,920000076293945;26,860000610351562;26,889999389648438;464200
2026-10-05;12:08:00;-03:00;26,899999618530273;26,899999618530273;26,780000686645508;26,790000915527344;369200
2026-10-05;12:09:00;-03:00;26,790000915527344;26,809999465942383;26,739999771118164;26,770000457763672;206800
2026-10-05;12:10:00;-03:00;26,770000457763672;26,809999465942383;26,760000228881836;26,780000686645508;461100
2026-10-05;12:11:00;-03:00;26,780000686645508;26,799999237060547;26,739999771118164;26,75;338800
2026-10-05;12:12:00;-03:00;26,75;26,770000457763672;26,719999313354492;26,729999542236328;188000
2026-10-05;12:13:00;-03:00;26,729999542236328;26,760000228881836;26,719999313354492;26,739999771118164;2255100
2026-10-05;12:14:00;-03:00;26,75;26,84000015258789;26,739999771118164;26,81999969482422;0
2026-10-05;12:15:00;-03:00;26,81999969482422;26,829999923706055;26,770000457763672;26,799999237060547;303000
2026-10-05;12:16:00;-03:00;26,799999237060547;26,799999237060547;26,719999313354492;26,770000457763672;287200
2026-10-05;12:17:00;-03:00;26,75;26,770000457763672;26,709999084472656;26,739999771118164;354000
2026-10-05;12:18:00;-03:00;26,739999771118164;26,770000457763672;26,700000762939453;26,75;165900
2026-10-05;12:19:00;-03:00;26,770000457763672;26,790000915527344;26,75;26,790000915527344;108700
2026-10-05;12:20:00;-03:00;26,770000457763672;26,780000686645508;26,729999542236328;26,75;218800
2026-10-05;12:21:00;-03:00;26,739999771118164;26,770000457763672;26,729999542236328;26,760000228881836;168800
2026-10-05;12:22:00;-03:00;26,760000228881836;26,760000228881836;26,709999084472656;26,729999542236328;245700
2026-10-05;12:23:00;-03:00;26,729999542236328;26,780000686645508;26,709999084472656;26,729999542236328;951300
2026-10-05;12:24:00;-03:00;26,729999542236328;26,770000457763672;26,719999313354492;26,760000228881836;159400
2026-10-05;12:25:00;-03:00;26,760000228881836;26,790000915527344;26,75;26,780000686645508;229800
2026-10-05;12:26:00;-03:00;26,770000457763672;26,790000915527344;26,760000228881836;26,780000686645508;199600
2026-10-05;12:27:00;-03:00;26,780000686645508;26,84000015258789;26,75;26,760000228881836;494800
2026-10-05;12:28:00;-03:00;26,770000457763672;26,81999969482422;26,760000228881836;26,760000228881836;228400
2026-10-05;12:29:00;-03:00;26,770000457763672;26,799999237060547;26,760000228881836;26,780000686645508;122600
2026-10-05;12:30:00;-03:00;26,790000915527344;26,829999923706055;26,760000228881836;26,780000686645508;215800
2026-10-05;12:31:00;-03:00;26,780000686645508;26,799999237060547;26,75;26,75;148000
2026-10-05;12:32:00;-03:00;26,75;26,75;26,700000762939453;26,709999084472656;159900
2026-10-05;12:33:00;-03:00;26,709999084472656;26,770000457763672;26,709999084472656;26,75;237000
2026-10-05;12:34:00;-03:00;26,75;26,770000457763672;26,729999542236328;26,739999771118164;183000
2026-10-05;12:35:00;-03:00;26,75;26,75;26,719999313354492;26,729999542236328;134400
2026-10-05;12:36:00;-03:00;26,729999542236328;26,799999237060547;26,729999542236328;26,790000915527344;417600
2026-10-05;12:37:00;-03:00;26,799999237060547;26,81999969482422;26,770000457763672;26,799999237060547;453600
2026-10-05;12:38:00;-03:00;26,799999237060547;26,809999465942383;26,770000457763672;26,790000915527344;581700
2026-10-05;12:39:00;-03:00;26,780000686645508;26,790000915527344;26,75;26,780000686645508;218200
2026-10-05;12:40:00;-03:00;26,780000686645508;26,799999237060547;26,770000457763672;26,780000686645508;129400
2026-10-05;12:41:00;-03:00;26,780000686645508;26,799999237060547;26,770000457763672;26,780000686645508;103800
2026-10-05;12:42:00;-03:00;26,780000686645508;26,799999237060547;26,770000457763672;26,770000457763672;213300
2026-10-05;12:43:00;-03:00;26,780000686645508;26,780000686645508;26,670000076293945;26,670000076293945;368200
2026-10-05;12:44:00;-03:00;26,670000076293945;26,700000762939453;26,639999389648438;26,649999618530273;180100
2026-10-05;12:45:00;-03:00;26,649999618530273;26,65999984741211;26,56999969482422;26,59000015258789;635600
2026-10-05;12:46:00;-03:00;26,579999923706055;26,600000381469727;26,479999542236328;26,530000686645508;828400
2026-10-05;12:47:00;-03:00;26,530000686645508;26,559999465942383;26,489999771118164;26,530000686645508;285600
2026-10-05;12:48:00;-03:00;26,530000686645508;26,56999969482422;26,510000228881836;26,559999465942383;261500
2026-10-05;12:49:00;-03:00;26,559999465942383;26,670000076293945;26,559999465942383;26,600000381469727;243800
2026-10-05;12:50:00;-03:00;26,600000381469727;26,6200008392334;26,520000457763672;26,530000686645508;293700
2026-10-05;12:51:00;-03:00;26,540000915527344;26,59000015258789;26,510000228881836;26,549999237060547;338000
2026-10-05;12:52:00;-03:00;26,549999237060547;26,739999771118164;26,540000915527344;26,729999542236328;434900
2026-10-05;12:53:00;-03:00;26,729999542236328;26,799999237060547;26,729999542236328;26,790000915527344;352500
2026-10-05;12:54:00;-03:00;26,790000915527344;26,809999465942383;26,780000686645508;26,799999237060547;234100
2026-10-05;12:55:00;-03:00;26,809999465942383;26,81999969482422;26,719999313354492;26,75;216700
2026-10-05;12:56:00;-03:00;26,75;26,799999237060547;26,739999771118164;26,790000915527344;309100
2026-10-05;12:57:00;-03:00;26,790000915527344;26,799999237060547;26,729999542236328;26,739999771118164;514800
2026-10-05;12:58:00;-03:00;26,739999771118164;26,75;26,690000534057617;26,690000534057617;237700
2026-10-05;12:59:00;-03:00;26,690000534057617;26,760000228881836;26,65999984741211;26,739999771118164;349700
2026-10-05;13:00:00;-03:00;26,739999771118164;26,739999771118164;26,65999984741211;26,670000076293945;159200
2026-10-05;13:01:00;-03:00;26,670000076293945;26,700000762939453;26,65999984741211;26,690000534057617;154300
2026-10-05;13:02:00;-03:00;26,700000762939453;26,719999313354492;26,690000534057617;26,700000762939453;89600
2026-10-05;13:03:00;-03:00;26,700000762939453;26,709999084472656;26,6200008392334;26,649999618530273;294200
2026-10-05;13:04:00;-03:00;26,649999618530273;26,670000076293945;26,649999618530273;26,65999984741211;133200
2026-10-05;13:05:00;-03:00;26,65999984741211;26,670000076293945;26,639999389648438;26,65999984741211;99100
2026-10-05;13:06:00;-03:00;26,65999984741211;26,690000534057617;26,639999389648438;26,670000076293945;184900
2026-10-05;13:07:00;-03:00;26,68000030517578;26,690000534057617;26,65999984741211;26,670000076293945;117400
2026-10-05;13:08:00;-03:00;26,65999984741211;26,690000534057617;26,6200008392334;26,690000534057617;209900
2026-10-05;13:09:00;-03:00;26,68000030517578;26,700000762939453;26,649999618530273;26,670000076293945;102300
2026-10-05;13:10:00;-03:00;26,670000076293945;26,739999771118164;26,670000076293945;26,719999313354492;266200
2026-10-05;13:11:00;-03:00;26,719999313354492;26,780000686645508;26,700000762939453;26,760000228881836;311900
2026-10-05;13:12:00;-03:00;26,760000228881836;26,799999237060547;26,739999771118164;26,75;214100
2026-10-05;13:13:00;-03:00;26,760000228881836;26,770000457763672;26,709999084472656;26,709999084472656;117800
2026-10-05;13:14:00;-03:00;26,719999313354492;26,739999771118164;26,700000762939453;26,719999313354492;110600
2026-10-05;13:15:00;-03:00;26,719999313354492;26,739999771118164;26,700000762939453;26,719999313354492;107300
2026-10-05;13:16:00;-03:00;26,719999313354492;26,719999313354492;26,690000534057617;26,709999084472656;68100
2026-10-05;13:17:00;-03:00;26,719999313354492;26,75;26,719999313354492;26,729999542236328;113200
2026-10-05;13:18:00;-03:00;26,739999771118164;26,75;26,709999084472656;26,709999084472656;110400
2026-10-05;13:19:00;-03:00;26,709999084472656;26,719999313354492;26,639999389648438;26,639999389648438;146200
2026-10-05;13:20:00;-03:00;26,639999389648438;26,649999618530273;26,579999923706055;26,649999618530273;248100
2026-10-05;13:21:00;-03:00;26,649999618530273;26,65999984741211;26,610000610351562;26,649999618530273;69300
2026-10-05;13:22:00;-03:00;26,639999389648438;26,709999084472656;26,639999389648438;26,700000762939453;122600
2026-10-05;13:23:00;-03:00;26,709999084472656;26,729999542236328;26,670000076293945;26,719999313354492;204100
2026-10-05;13:24:00;-03:00;26,729999542236328;26,770000457763672;26,719999313354492;26,75;218500
2026-10-05;13:25:00;-03:00;26,75;26,760000228881836;26,700000762939453;26,700000762939453;227300
2026-10-05;13:26:00;-03:00;26,700000762939453;26,700000762939453;26,65999984741211;26,65999984741211;143500
2026-10-05;13:27:00;-03:00;26,65999984741211;26,68000030517578;26,6200008392334;26,639999389648438;162000
2026-10-05;13:28:00;-03:00;26,639999389648438;26,690000534057617;26,59000015258789;26,670000076293945;364100
2026-10-05;13:29:00;-03:00;26,670000076293945;26,68000030517578;26,59000015258789;26,610000610351562;184500
2026-10-05;13:30:00;-03:00;26,610000610351562;26,670000076293945;26,600000381469727;26,670000076293945;133100
2026-10-05;13:31:00;-03:00;26,65999984741211;26,709999084472656;26,65999984741211;26,709999084472656;245900
2026-10-05;13:32:00;-03:00;26,709999084472656;26,719999313354492;26,68000030517578;26,700000762939453;162100
2026-10-05;13:33:00;-03:00;26,709999084472656;26,719999313354492;26,690000534057617;26,709999084472656;143300
2026-10-05;13:34:00;-03:00;26,719999313354492;26,719999313354492;26,670000076293945;26,68000030517578;122700
2026-10-05;13:35:00;-03:00;26,68000030517578;26,729999542236328;26,68000030517578;26,719999313354492;126500
2026-10-05;13:36:00;-03:00;26,729999542236328;26,739999771118164;26,700000762939453;26,719999313354492;174500
2026-10-05;13:37:00;-03:00;26,719999313354492;26,75;26,700000762939453;26,700000762939453;115700
2026-10-05;13:38:00;-03:00;26,709999084472656;26,75;26,700000762939453;26,719999313354492;180200
2026-10-05;13:39:00;-03:00;26,719999313354492;26,75;26,709999084472656;26,75;243900
2026-10-05;13:40:00;-03:00;26,75;26,760000228881836;26,719999313354492;26,75;95400
2026-10-05;13:41:00;-03:00;26,760000228881836;26,760000228881836;26,729999542236328;26,760000228881836;94700
2026-10-05;13:42:00;-03:00;26,75;26,760000228881836;26,719999313354492;26,719999313354492;190700
2026-10-05;13:43:00;-03:00;26,719999313354492;26,75;26,709999084472656;26,739999771118164;109500
2026-10-05;13:44:00;-03:00;26,75;26,760000228881836;26,6200008392334;26,6299991607666;376300
2026-10-05;13:45:00;-03:00;26,6299991607666;26,65999984741211;26,6299991607666;26,639999389648438;168500
2026-10-05;13:46:00;-03:00;26,6299991607666;26,68000030517578;26,6299991607666;26,65999984741211;167200
2026-10-05;13:47:00;-03:00;26,65999984741211;26,700000762939453;26,65999984741211;26,670000076293945;123100
2026-10-05;13:48:00;-03:00;26,68000030517578;26,68000030517578;26,639999389648438;26,65999984741211;96500
2026-10-05;13:49:00;-03:00;26,649999618530273;26,65999984741211;26,600000381469727;26,6200008392334;216500
2026-10-05;13:50:00;-03:00;26,610000610351562;26,65999984741211;26,610000610351562;26,649999618530273;156800
2026-10-05;13:51:00;-03:00;26,649999618530273;26,690000534057617;26,649999618530273;26,690000534057617;116600
2026-10-05;13:52:00;-03:00;26,690000534057617;26,690000534057617;26,6299991607666;26,65999984741211;151400
2026-10-05;13:53:00;-03:00;26,65999984741211;26,65999984741211;26,6200008392334;26,6200008392334;196300
2026-10-05;13:54:00;-03:00;26,639999389648438;26,649999618530273;26,610000610351562;26,639999389648438;109000
2026-10-05;13:55:00;-03:00;26,639999389648438;26,68000030517578;26,6299991607666;26,65999984741211;146400
2026-10-05;13:56:00;-03:00;26,670000076293945;26,729999542236328;26,65999984741211;26,700000762939453;236700
2026-10-05;13:57:00;-03:00;26,690000534057617;26,739999771118164;26,68000030517578;26,700000762939453;189700
2026-10-05;13:58:00;-03:00;26,709999084472656;26,709999084472656;26,65999984741211;26,68000030517578;90300
2026-10-05;13:59:00;-03:00;26,68000030517578;26,690000534057617;26,6200008392334;26,690000534057617;174100
2026-10-05;14:00:00;-03:00;26,68000030517578;26,690000534057617;26,6299991607666;26,670000076293945;322200
2026-10-05;14:01:00;-03:00;26,65999984741211;26,700000762939453;26,65999984741211;26,670000076293945;160300
2026-10-05;14:02:00;-03:00;26,68000030517578;26,690000534057617;26,600000381469727;26,600000381469727;674800
2026-10-05;14:03:00;-03:00;26,600000381469727;26,610000610351562;26,56999969482422;26,59000015258789;159800
2026-10-05;14:04:00;-03:00;26,59000015258789;26,639999389648438;26,56999969482422;26,610000610351562;152000
2026-10-05;14:05:00;-03:00;26,610000610351562;26,6200008392334;26,549999237060547;26,579999923706055;176800
2026-10-05;14:06:00;-03:00;26,59000015258789;26,600000381469727;26,559999465942383;26,579999923706055;95000
2026-10-05;14:07:00;-03:00;26,59000015258789;26,610000610351562;26,579999923706055;26,579999923706055;136600
2026-10-05;14:08:00;-03:00;26,579999923706055;26,600000381469727;26,549999237060547;26,549999237060547;80000
2026-10-05;14:09:00;-03:00;26,549999237060547;26,56999969482422;26,520000457763672;26,549999237060547;115300
2026-10-05;14:10:00;-03:00;26,549999237060547;26,579999923706055;26,549999237060547;26,559999465942383;164400
2026-10-05;14:11:00;-03:00;26,559999465942383;26,559999465942383;26,530000686645508;26,530000686645508;87200
2026-10-05;14:12:00;-03:00;26,530000686645508;26,549999237060547;26,520000457763672;26,520000457763672;272800
2026-10-05;14:13:00;-03:00;26,520000457763672;26,579999923706055;26,5;26,56999969482422;208900
2026-10-05;14:14:00;-03:00;26,56999969482422;26,6200008392334;26,56999969482422;26,600000381469727;283500
2026-10-05;14:15:00;-03:00;26,600000381469727;26,6200008392334;26,59000015258789;26,610000610351562;89700
2026-10-05;14:16:00;-03:00;26,6200008392334;26,639999389648438;26,59000015258789;26,6200008392334;132200
2026-10-05;14:17:00;-03:00;26,610000610351562;26,639999389648438;26,59000015258789;26,6299991607666;95100
2026-10-05;14:18:00;-03:00;26,639999389648438;26,65999984741211;26,6299991607666;26,649999618530273;97500
2026-10-05;14:19:00;-03:00;26,639999389648438;26,65999984741211;26,6299991607666;26,6299991607666;109000
2026-10-05;14:20:00;-03:00;26,639999389648438;26,65999984741211;26,6299991607666;26,6299991607666;135100
2026-10-05;14:21:00;-03:00;26,6299991607666;26,65999984741211;26,6299991607666;26,649999618530273;93200
2026-10-05;14:22:00;-03:00;26,649999618530273;26,690000534057617;26,649999618530273;26,690000534057617;126500
2026-10-05;14:23:00;-03:00;26,68000030517578;26,690000534057617;26,670000076293945;26,68000030517578;81800
2026-10-05;14:24:00;-03:00;26,690000534057617;26,700000762939453;26,68000030517578;26,690000534057617;158700
2026-10-05;14:25:00;-03:00;26,690000534057617;26,690000534057617;26,65999984741211;26,68000030517578;125000
2026-10-05;14:26:00;-03:00;26,670000076293945;26,68000030517578;26,610000610351562;26,6200008392334;117700
2026-10-05;14:27:00;-03:00;26,6299991607666;26,649999618530273;26,600000381469727;26,639999389648438;102400
2026-10-05;14:28:00;-03:00;26,639999389648438;26,65999984741211;26,639999389648438;26,649999618530273;69500
2026-10-05;14:29:00;-03:00;26,65999984741211;26,670000076293945;26,649999618530273;26,670000076293945;102900
2026-10-05;14:30:00;-03:00;26,65999984741211;26,68000030517578;26,65999984741211;26,68000030517578;94400
2026-10-05;14:31:00;-03:00;26,68000030517578;26,760000228881836;26,670000076293945;26,75;303600
2026-10-05;14:32:00;-03:00;26,75;26,770000457763672;26,729999542236328;26,760000228881836;168200
2026-10-05;14:33:00;-03:00;26,760000228881836;26,780000686645508;26,760000228881836;26,760000228881836;153500
2026-10-05;14:34:00;-03:00;26,760000228881836;26,780000686645508;26,760000228881836;26,780000686645508;89100
2026-10-05;14:35:00;-03:00;26,770000457763672;26,790000915527344;26,75;26,790000915527344;157500
2026-10-05;14:36:00;-03:00;26,790000915527344;26,790000915527344;26,770000457763672;26,780000686645508;81700
2026-10-05;14:37:00;-03:00;26,770000457763672;26,799999237060547;26,770000457763672;26,790000915527344;222500
2026-10-05;14:38:00;-03:00;26,790000915527344;26,829999923706055;26,790000915527344;26,809999465942383;290400
2026-10-05;14:39:00;-03:00;26,809999465942383;26,829999923706055;26,809999465942383;26,81999969482422;67400
2026-10-05;14:40:00;-03:00;26,81999969482422;26,850000381469727;26,81999969482422;26,829999923706055;256600
2026-10-05;14:41:00;-03:00;26,84000015258789;26,84000015258789;26,790000915527344;26,809999465942383;186200
2026-10-05;14:42:00;-03:00;26,809999465942383;26,81999969482422;26,780000686645508;26,790000915527344;167900
2026-10-05;14:43:00;-03:00;26,790000915527344;26,799999237060547;26,780000686645508;26,780000686645508;105500
2026-10-05;14:44:00;-03:00;26,790000915527344;26,799999237060547;26,780000686645508;26,799999237060547;55000
2026-10-05;14:45:00;-03:00;26,799999237060547;26,799999237060547;26,760000228881836;26,780000686645508;155400
2026-10-05;14:46:00;-03:00;26,780000686645508;26,809999465942383;26,770000457763672;26,809999465942383;129000
2026-10-05;14:47:00;-03:00;26,809999465942383;26,81999969482422;26,739999771118164;26,75;177000
2026-10-05;14:48:00;-03:00;26,760000228881836;26,760000228881836;26,719999313354492;26,760000228881836;134800
2026-10-05;14:49:00;-03:00;26,760000228881836;26,790000915527344;26,729999542236328;26,780000686645508;156600
2026-10-05;14:50:00;-03:00;26,790000915527344;26,799999237060547;26,780000686645508;26,790000915527344;85200
2026-10-05;14:51:00;-03:00;26,790000915527344;26,799999237060547;26,770000457763672;26,790000915527344;160800
2026-10-05;14:52:00;-03:00;26,790000915527344;26,799999237060547;26,75;26,790000915527344;348900
2026-10-05;14:53:00;-03:00;26,790000915527344;26,799999237060547;26,770000457763672;26,770000457763672;180900
2026-10-05;14:54:00;-03:00;26,790000915527344;26,799999237060547;26,760000228881836;26,780000686645508;138700
2026-10-05;14:55:00;-03:00;26,790000915527344;26,81999969482422;26,780000686645508;26,799999237060547;181700
2026-10-05;14:56:00;-03:00;26,799999237060547;26,81999969482422;26,790000915527344;26,799999237060547;126900
2026-10-05;14:57:00;-03:00;26,790000915527344;26,81999969482422;26,790000915527344;26,799999237060547;129800
2026-10-05;14:58:00;-03:00;26,799999237060547;26,799999237060547;26,770000457763672;26,780000686645508;123700
2026-10-05;14:59:00;-03:00;26,790000915527344;26,799999237060547;26,770000457763672;26,780000686645508;113800
2026-10-05;15:00:00;-03:00;26,770000457763672;26,780000686645508;26,739999771118164;26,770000457763672;137500
2026-10-05;15:01:00;-03:00;26,770000457763672;26,81999969482422;26,770000457763672;26,81999969482422;213500
2026-10-05;15:02:00;-03:00;26,81999969482422;26,8700008392334;26,809999465942383;26,84000015258789;361900
2026-10-05;15:03:00;-03:00;26,829999923706055;26,850000381469727;26,81999969482422;26,84000015258789;84500
2026-10-05;15:04:00;-03:00;26,850000381469727;26,860000610351562;26,829999923706055;26,84000015258789;147700
2026-10-05;15:05:00;-03:00;26,84000015258789;26,860000610351562;26,790000915527344;26,850000381469727;272000
2026-10-05;15:06:00;-03:00;26,850000381469727;26,8700008392334;26,81999969482422;26,850000381469727;191800
2026-10-05;15:07:00;-03:00;26,860000610351562;26,860000610351562;26,790000915527344;26,790000915527344;193000
2026-10-05;15:08:00;-03:00;26,780000686645508;26,790000915527344;26,719999313354492;26,780000686645508;158300
2026-10-05;15:09:00;-03:00;26,780000686645508;26,790000915527344;26,760000228881836;26,770000457763672;117800
2026-10-05;15:10:00;-03:00;26,780000686645508;26,790000915527344;26,770000457763672;26,780000686645508;101300
2026-10-05;15:11:00;-03:00;26,790000915527344;26,790000915527344;26,719999313354492;26,75;202000
2026-10-05;15:12:00;-03:00;26,760000228881836;26,760000228881836;26,729999542236328;26,739999771118164;116600
2026-10-05;15:13:00;-03:00;26,75;26,75;26,729999542236328;26,739999771118164;98500
2026-10-05;15:14:00;-03:00;26,739999771118164;26,75;26,700000762939453;26,709999084472656;185300
2026-10-05;15:15:00;-03:00;26,719999313354492;26,739999771118164;26,709999084472656;26,739999771118164;125500
2026-10-05;15:16:00;-03:00;26,739999771118164;26,760000228881836;26,739999771118164;26,760000228881836;121000
2026-10-05;15:17:00;-03:00;26,760000228881836;26,760000228881836;26,739999771118164;26,739999771118164;141200
2026-10-05;15:18:00;-03:00;26,75;26,75;26,700000762939453;26,709999084472656;156800
2026-10-05;15:19:00;-03:00;26,719999313354492;26,719999313354492;26,700000762939453;26,719999313354492;127300
2026-10-05;15:20:00;-03:00;26,719999313354492;26,760000228881836;26,719999313354492;26,75;179300
2026-10-05;15:21:00;-03:00;26,75;26,75;26,729999542236328;26,729999542236328;119500
2026-10-05;15:22:00;-03:00;26,739999771118164;26,770000457763672;26,719999313354492;26,760000228881836;219000
2026-10-05;15:23:00;-03:00;26,760000228881836;26,770000457763672;26,729999542236328;26,739999771118164;125400
2026-10-05;15:24:00;-03:00;26,739999771118164;26,75;26,729999542236328;26,739999771118164;72000
2026-10-05;15:25:00;-03:00;26,75;26,75;26,739999771118164;26,75;73000
2026-10-05;15:26:00;-03:00;26,75;26,760000228881836;26,739999771118164;26,739999771118164;214800
2026-10-05;15:27:00;-03:00;26,75;26,75;26,739999771118164;26,739999771118164;74600
2026-10-05;15:28:00;-03:00;26,75;26,790000915527344;26,75;26,770000457763672;230300
2026-10-05;15:29:00;-03:00;26,780000686645508;26,780000686645508;26,770000457763672;26,780000686645508;88100
2026-10-05;15:30:00;-03:00;26,770000457763672;26,790000915527344;26,729999542236328;26,729999542236328;231200
2026-10-05;15:31:00;-03:00;26,729999542236328;26,729999542236328;26,65999984741211;26,65999984741211;278900
2026-10-05;15:32:00;-03:00;26,65999984741211;26,670000076293945;26,600000381469727;26,6299991607666;253400
2026-10-05;15:33:00;-03:00;26,6299991607666;26,700000762939453;26,6200008392334;26,690000534057617;169800
2026-10-05;15:34:00;-03:00;26,68000030517578;26,690000534057617;26,649999618530273;26,65999984741211;226400
2026-10-05;15:35:00;-03:00;26,65999984741211;26,690000534057617;26,65999984741211;26,68000030517578;97800
2026-10-05;15:36:00;-03:00;26,690000534057617;26,729999542236328;26,68000030517578;26,690000534057617;194700
2026-10-05;15:37:00;-03:00;26,690000534057617;26,700000762939453;26,670000076293945;26,690000534057617;124200
2026-10-05;15:38:00;-03:00;26,690000534057617;26,709999084472656;26,68000030517578;26,700000762939453;99600
2026-10-05;15:39:00;-03:00;26,709999084472656;26,709999084472656;26,639999389648438;26,670000076293945;378300
2026-10-05;15:40:00;-03:00;26,670000076293945;26,700000762939453;26,670000076293945;26,700000762939453;113200
2026-10-05;15:41:00;-03:00;26,700000762939453;26,719999313354492;26,690000534057617;26,719999313354492;151600
2026-10-05;15:42:00;-03:00;26,719999313354492;26,719999313354492;26,700000762939453;26,709999084472656;104400
2026-10-05;15:43:00;-03:00;26,709999084472656;26,739999771118164;26,700000762939453;26,709999084472656;273000
2026-10-05;15:44:00;-03:00;26,709999084472656;26,729999542236328;26,709999084472656;26,729999542236328;106400
2026-10-05;15:45:00;-03:00;26,729999542236328;26,739999771118164;26,709999084472656;26,719999313354492;2707900
2026-10-05;15:46:00;-03:00;26,709999084472656;26,75;26,709999084472656;26,719999313354492;175500
2026-10-05;15:47:00;-03:00;26,719999313354492;26,729999542236328;26,700000762939453;26,719999313354492;149600
2026-10-05;15:48:00;-03:00;26,719999313354492;26,719999313354492;26,709999084472656;26,719999313354492;76600
2026-10-05;15:49:00;-03:00;26,719999313354492;26,719999313354492;26,700000762939453;26,719999313354492;146500
2026-10-05;15:50:00;-03:00;26,719999313354492;26,719999313354492;26,700000762939453;26,719999313354492;165600
2026-10-05;15:51:00;-03:00;26,719999313354492;26,739999771118164;26,709999084472656;26,739999771118164;164900
2026-10-05;15:52:00;-03:00;26,739999771118164;26,75;26,700000762939453;26,729999542236328;301400
2026-10-05;15:53:00;-03:00;26,729999542236328;26,729999542236328;26,670000076293945;26,690000534057617;201100
2026-10-05;15:54:00;-03:00;26,690000534057617;26,709999084472656;26,670000076293945;26,709999084472656;195800
2026-10-05;15:55:00;-03:00;26,709999084472656;26,719999313354492;26,700000762939453;26,700000762939453;150800
2026-10-05;15:56:00;-03:00;26,709999084472656;26,709999084472656;26,690000534057617;26,690000534057617;140900
2026-10-05;15:57:00;-03:00;26,700000762939453;26,719999313354492;26,690000534057617;26,719999313354492;148600
2026-10-05;15:58:00;-03:00;26,719999313354492;26,719999313354492;26,700000762939453;26,700000762939453;191900
2026-10-05;15:59:00;-03:00;26,700000762939453;26,719999313354492;26,700000762939453;26,719999313354492;79300
2026-10-05;16:00:00;-03:00;26,719999313354492;26,739999771118164;26,68000030517578;26,729999542236328;329400
2026-10-05;16:01:00;-03:00;26,729999542236328;26,739999771118164;26,700000762939453;26,700000762939453;185400
2026-10-05;16:02:00;-03:00;26,700000762939453;26,719999313354492;26,690000534057617;26,709999084472656;175100
2026-10-05;16:03:00;-03:00;26,700000762939453;26,719999313354492;26,700000762939453;26,719999313354492;109000
2026-10-05;16:04:00;-03:00;26,709999084472656;26,739999771118164;26,709999084472656;26,729999542236328;198900
2026-10-05;16:05:00;-03:00;26,729999542236328;26,75;26,719999313354492;26,75;165400
2026-10-05;16:06:00;-03:00;26,739999771118164;26,770000457763672;26,739999771118164;26,75;285500
2026-10-05;16:07:00;-03:00;26,75;26,770000457763672;26,739999771118164;26,770000457763672;122000
2026-10-05;16:08:00;-03:00;26,770000457763672;26,780000686645508;26,760000228881836;26,780000686645508;103500
2026-10-05;16:09:00;-03:00;26,780000686645508;26,780000686645508;26,75;26,770000457763672;179000
2026-10-05;16:10:00;-03:00;26,760000228881836;26,770000457763672;26,760000228881836;26,770000457763672;101800
2026-10-05;16:11:00;-03:00;26,770000457763672;26,799999237060547;26,760000228881836;26,799999237060547;197600
2026-10-05;16:12:00;-03:00;26,799999237060547;26,829999923706055;26,790000915527344;26,799999237060547;570900
2026-10-05;16:13:00;-03:00;26,799999237060547;26,799999237060547;26,790000915527344;26,799999237060547;128000
2026-10-05;16:14:00;-03:00;26,799999237060547;26,81999969482422;26,770000457763672;26,790000915527344;251800
2026-10-05;16:15:00;-03:00;26,790000915527344;26,799999237060547;26,760000228881836;26,790000915527344;162600
2026-10-05;16:16:00;-03:00;26,790000915527344;26,790000915527344;26,760000228881836;26,780000686645508;215200
2026-10-05;16:17:00;-03:00;26,770000457763672;26,790000915527344;26,75;26,770000457763672;191200
2026-10-05;16:18:00;-03:00;26,770000457763672;26,780000686645508;26,760000228881836;26,780000686645508;196000
2026-10-05;16:19:00;-03:00;26,780000686645508;26,790000915527344;26,760000228881836;26,770000457763672;223600
2026-10-05;16:20:00;-03:00;26,760000228881836;26,790000915527344;26,75;26,790000915527344;187000
2026-10-05;16:21:00;-03:00;26,790000915527344;26,799999237060547;26,780000686645508;26,799999237060547;121600
2026-10-05;16:22:00;-03:00;26,799999237060547;26,809999465942383;26,790000915527344;26,799999237060547;299300
2026-10-05;16:23:00;-03:00;26,799999237060547;26,809999465942383;26,770000457763672;26,770000457763672;313300
2026-10-05;16:24:00;-03:00;26,780000686645508;26,780000686645508;26,700000762939453;26,719999313354492;1040000
2026-10-05;16:25:00;-03:00;26,719999313354492;26,729999542236328;26,68000030517578;26,709999084472656;316400
2026-10-05;16:26:00;-03:00;26,709999084472656;26,719999313354492;26,65999984741211;26,690000534057617;233200
2026-10-05;16:27:00;-03:00;26,690000534057617;26,700000762939453;26,65999984741211;26,700000762939453;162300
2026-10-05;16:28:00;-03:00;26,700000762939453;26,709999084472656;26,68000030517578;26,68000030517578;259500
2026-10-05;16:29:00;-03:00;26,690000534057617;26,690000534057617;26,639999389648438;26,649999618530273;257100
2026-10-05;16:30:00;-03:00;26,649999618530273;26,65999984741211;26,579999923706055;26,610000610351562;266900
2026-10-05;16:31:00;-03:00;26,610000610351562;26,6299991607666;26,59000015258789;26,610000610351562;237000
2026-10-05;16:32:00;-03:00;26,6200008392334;26,6200008392334;26,579999923706055;26,600000381469727;204700
2026-10-05;16:33:00;-03:00;26,610000610351562;26,6200008392334;26,56999969482422;26,56999969482422;376300
2026-10-05;16:34:00;-03:00;26,56999969482422;26,579999923706055;26,510000228881836;26,520000457763672;317100
2026-10-05;16:35:00;-03:00;26,510000228881836;26,549999237060547;26,5;26,510000228881836;408800
2026-10-05;16:36:00;-03:00;26,510000228881836;26,520000457763672;26,469999313354492;26,469999313354492;548300
2026-10-05;16:37:00;-03:00;26,479999542236328;26,489999771118164;26,440000534057617;26,479999542236328;295500
2026-10-05;16:38:00;-03:00;26,489999771118164;26,5;26,450000762939453;26,450000762939453;268500
2026-10-05;16:39:00;-03:00;26,459999084472656;26,489999771118164;26,450000762939453;26,479999542236328;685300
2026-10-05;16:40:00;-03:00;26,479999542236328;26,56999969482422;26,479999542236328;26,530000686645508;366300
2026-10-05;16:41:00;-03:00;26,520000457763672;26,559999465942383;26,520000457763672;26,540000915527344;198400
2026-10-05;16:42:00;-03:00;26,540000915527344;26,59000015258789;26,520000457763672;26,59000015258789;224400
2026-10-05;16:43:00;-03:00;26,59000015258789;26,600000381469727;26,549999237060547;26,56999969482422;295000
2026-10-05;16:44:00;-03:00;26,56999969482422;26,600000381469727;26,549999237060547;26,600000381469727;135500
2026-10-05;16:45:00;-03:00;26,600000381469727;26,610000610351562;26,540000915527344;26,549999237060547;213000
2026-10-05;16:46:00;-03:00;26,549999237060547;26,549999237060547;26,5;26,5;192800
2026-10-05;16:47:00;-03:00;26,5;26,510000228881836;26,5;26,510000228881836;101400
2026-10-05;16:48:00;-03:00;26,5;26,540000915527344;26,5;26,520000457763672;155900
2026-10-05;16:49:00;-03:00;26,520000457763672;26,540000915527344;26,5;26,5;269900
2026-10-05;16:50:00;-03:00;26,510000228881836;26,520000457763672;26,459999084472656;26,459999084472656;255700
2026-10-05;16:51:00;-03:00;26,469999313354492;26,489999771118164;26,420000076293945;26,420000076293945;444600
2026-10-05;16:52:00;-03:00;26,420000076293945;26,43000030517578;26,3799991607666;26,3799991607666;505100
2026-10-05;16:53:00;-03:00;26,389999389648438;26,459999084472656;26,360000610351562;26,420000076293945;463400
2026-10-05;16:54:00;-03:00;26,450000762939453;26,5;26,40999984741211;26,440000534057617;171000
2026-10-06;10:09:00;-03:00;26,149999618530273;26,290000915527344;25,969999313354492;25,979999542236328;0
2026-10-06;10:10:00;-03:00;25,979999542236328;26,270000457763672;25,93000030517578;26,110000610351562;1248500
2026-10-06;10:11:00;-03:00;26,110000610351562;26,139999389648438;25,940000534057617;26,059999465942383;454700
2026-10-06;10:12:00;-03:00;26,059999465942383;26,09000015258789;25,899999618530273;25,979999542236328;610100
2026-10-06;10:13:00;-03:00;25,969999313354492;26,110000610351562;25,950000762939453;26,049999237060547;600300
2026-10-06;10:14:00;-03:00;26,040000915527344;26,06999969482422;25,959999084472656;26,049999237060547;424100
2026-10-06;10:15:00;-03:00;26,049999237060547;26,15999984741211;25,950000762939453;26,1200008392334;822700
2026-10-06;10:16:00;-03:00;26,110000610351562;26,149999618530273;26,059999465942383;26,1200008392334;187100
2026-10-06;10:17:00;-03:00;26,139999389648438;26,229999542236328;26,1200008392334;26,1200008392334;358100
2026-10-06;10:18:00;-03:00;26,110000610351562;26,1200008392334;26,020000457763672;26,020000457763672;271300
2026-10-06;10:19:00;-03:00;26,040000915527344;26,049999237060547;25,899999618530273;25,899999618530273;427900
2026-10-06;10:20:00;-03:00;25,899999618530273;25,90999984741211;25,709999084472656;25,760000228881836;328900
2026-10-06;10:21:00;-03:00;25,75;25,770000457763672;25,68000030517578;25,75;391000
2026-10-06;10:22:00;-03:00;25,739999771118164;25,850000381469727;25,700000762939453;25,809999465942383;571400
2026-10-06;10:23:00;-03:00;25,809999465942383;25,829999923706055;25,760000228881836;25,809999465942383;276000
2026-10-06;10:24:00;-03:00;25,809999465942383;25,84000015258789;25,68000030517578;25,690000534057617;450800
2026-10-06;10:25:00;-03:00;25,68000030517578;25,709999084472656;25,6299991607666;25,670000076293945;240200
2026-10-06;10:26:00;-03:00;25,670000076293945;25,780000686645508;25,65999984741211;25,780000686645508;307900
2026-10-06;10:27:00;-03:00;25,780000686645508;25,809999465942383;25,649999618530273;25,649999618530273;395600
2026-10-06;10:28:00;-03:00;25,649999618530273;25,65999984741211;25,56999969482422;25,649999618530273;259400
2026-10-06;10:29:00;-03:00;25,649999618530273;25,670000076293945;25,6200008392334;25,639999389648438;217600
2026-10-06;10:30:00;-03:00;25,649999618530273;25,65999984741211;25,510000228881836;25,530000686645508;325000
2026-10-06;10:31:00;-03:00;25,540000915527344;25,59000015258789;25,3799991607666;25,40999984741211;570400
2026-10-06;10:32:00;-03:00;25,43000030517578;25,459999084472656;25,31999969482422;25,389999389648438;2274700
2026-10-06;10:33:00;-03:00;25,389999389648438;25,40999984741211;25,270000457763672;25,270000457763672;378300
2026-10-06;10:34:00;-03:00;25,280000686645508;25,43000030517578;25,270000457763672;25,389999389648438;872900
2026-10-06;10:35:00;-03:00;25,3700008392334;25,3799991607666;25,270000457763672;25,280000686645508;468600
2026-10-06;10:36:00;-03:00;25,280000686645508;25,3700008392334;25,260000228881836;25,329999923706055;475100
2026-10-06;10:37:00;-03:00;25,34000015258789;25,399999618530273;25,25;25,25;353100
2026-10-06;10:38:00;-03:00;25,25;25,34000015258789;25,219999313354492;25,309999465942383;669600
2026-10-06;10:39:00;-03:00;25,309999465942383;25,309999465942383;25,229999542236328;25,270000457763672;467400
2026-10-06;10:40:00;-03:00;25,280000686645508;25,329999923706055;25,239999771118164;25,25;486500
2026-10-06;10:41:00;-03:00;25,25;25,299999237060547;25,219999313354492;25,270000457763672;265200
2026-10-06;10:42:00;-03:00;25,270000457763672;25,270000457763672;25,15999984741211;25,190000534057617;240700
2026-10-06;10:43:00;-03:00;25,190000534057617;25,200000762939453;25,139999389648438;25,149999618530273;183500
2026-10-06;10:44:00;-03:00;25,149999618530273;25,229999542236328;25,079999923706055;25,079999923706055;257900
2026-10-06;10:45:00;-03:00;25,09000015258789;25,09000015258789;24,969999313354492;25,06999969482422;1026300
2026-10-06;10:46:00;-03:00;25,06999969482422;25,09000015258789;24,950000762939453;24,959999084472656;561600
2026-10-06;10:47:00;-03:00;24,950000762939453;24,950000762939453;24,799999237060547;24,81999969482422;546800
2026-10-06;10:48:00;-03:00;24,81999969482422;24,889999389648438;24,81999969482422;24,829999923706055;378800
2026-10-06;10:49:00;-03:00;24,84000015258789;24,899999618530273;24,799999237060547;24,8700008392334;1058600
2026-10-06;10:50:00;-03:00;24,860000610351562;24,920000076293945;24,799999237060547;24,90999984741211;475200
2026-10-06;10:51:00;-03:00;24,920000076293945;24,940000534057617;24,81999969482422;24,899999618530273;811600
2026-10-06;10:52:00;-03:00;24,899999618530273;24,940000534057617;24,829999923706055;24,84000015258789;552700
2026-10-06;10:53:00;-03:00;24,829999923706055;24,889999389648438;24,829999923706055;24,8799991607666;318400
2026-10-06;10:54:00;-03:00;24,8700008392334;24,8799991607666;24,799999237060547;24,829999923706055;446900
2026-10-06;10:55:00;-03:00;24,829999923706055;24,829999923706055;24,75;24,780000686645508;489600
2026-10-06;10:56:00;-03:00;24,790000915527344;24,790000915527344;24,639999389648438;24,670000076293945;1004300
2026-10-06;10:57:00;-03:00;24,670000076293945;24,809999465942383;24,670000076293945;24,790000915527344;733000
2026-10-06;10:58:00;-03:00;24,790000915527344;24,850000381469727;24,790000915527344;24,81999969482422;295800
2026-10-06;10:59:00;-03:00;24,81999969482422;24,90999984741211;24,81999969482422;24,90999984741211;526200
2026-10-06;11:00:00;-03:00;24,90999984741211;24,950000762939453;24,84000015258789;24,850000381469727;268000
2026-10-06;11:01:00;-03:00;24,84000015258789;24,93000030517578;24,84000015258789;24,899999618530273;186600
2026-10-06;11:02:00;-03:00;24,899999618530273;24,93000030517578;24,850000381469727;24,899999618530273;871900
2026-10-06;11:03:00;-03:00;24,899999618530273;25,030000686645508;24,899999618530273;25,020000457763672;255700
2026-10-06;11:04:00;-03:00;25,010000228881836;25,040000915527344;25,0;25,030000686645508;183600
2026-10-06;11:05:00;-03:00;25,010000228881836;25,040000915527344;24,940000534057617;25,020000457763672;1541700
2026-10-06;11:06:00;-03:00;25,020000457763672;25,040000915527344;24,959999084472656;24,969999313354492;211300
2026-10-06;11:07:00;-03:00;24,969999313354492;25,020000457763672;24,950000762939453;25,010000228881836;256500
2026-10-06;11:08:00;-03:00;25,010000228881836;25,079999923706055;25,010000228881836;25,030000686645508;258400
2026-10-06;11:09:00;-03:00;25,030000686645508;25,209999084472656;25,030000686645508;25,1299991607666;846700
2026-10-06;11:10:00;-03:00;25,1200008392334;25,139999389648438;25,049999237060547;25,059999465942383;312400
2026-10-06;11:11:00;-03:00;25,040000915527344;25,06999969482422;24,979999542236328;25,0;371100
2026-10-06;11:12:00;-03:00;25,0;25,020000457763672;24,959999084472656;24,979999542236328;204700
2026-10-06;11:13:00;-03:00;24,979999542236328;24,989999771118164;24,959999084472656;24,979999542236328;86900
2026-10-06;11:14:00;-03:00;24,989999771118164;25,030000686645508;24,969999313354492;25,0;427900
2026-10-06;11:15:00;-03:00;24,989999771118164;25,010000228881836;24,959999084472656;24,979999542236328;154300
2026-10-06;11:16:00;-03:00;24,979999542236328;25,0;24,90999984741211;24,920000076293945;824900
2026-10-06;11:17:00;-03:00;24,93000030517578;24,969999313354492;24,899999618530273;24,920000076293945;389500
2026-10-06;11:18:00;-03:00;24,920000076293945;24,920000076293945;24,899999618530273;24,920000076293945;231200
2026-10-06;11:19:00;-03:00;24,920000076293945;24,950000762939453;24,889999389648438;24,889999389648438;399000
2026-10-06;11:20:00;-03:00;24,90999984741211;24,90999984741211;24,75;24,770000457763672;786000
2026-10-06;11:21:00;-03:00;24,770000457763672;24,780000686645508;24,649999618530273;24,700000762939453;634200
2026-10-06;11:22:00;-03:00;24,700000762939453;24,719999313354492;24,649999618530273;24,649999618530273;722300
2026-10-06;11:23:00;-03:00;24,649999618530273;24,790000915527344;24,649999618530273;24,75;451600
2026-10-06;11:24:00;-03:00;24,780000686645508;24,790000915527344;24,68000030517578;24,68000030517578;265700
2026-10-06;11:25:00;-03:00;24,68000030517578;24,700000762939453;24,610000610351562;24,6299991607666;202700
2026-10-06;11:26:00;-03:00;24,6299991607666;24,639999389648438;24,530000686645508;24,639999389648438;946200
2026-10-06;11:27:00;-03:00;24,649999618530273;24,729999542236328;24,6299991607666;24,700000762939453;275000
2026-10-06;11:28:00;-03:00;24,709999084472656;24,760000228881836;24,700000762939453;24,75;174800
2026-10-06;11:29:00;-03:00;24,75;24,760000228881836;24,68000030517578;24,729999542236328;216000
2026-10-06;11:30:00;-03:00;24,739999771118164;24,739999771118164;24,670000076293945;24,690000534057617;136100
2026-10-06;11:31:00;-03:00;24,68000030517578;24,709999084472656;24,65999984741211;24,65999984741211;557300
2026-10-06;11:32:00;-03:00;24,65999984741211;24,709999084472656;24,649999618530273;24,670000076293945;87500
2026-10-06;11:33:00;-03:00;24,670000076293945;24,690000534057617;24,559999465942383;24,670000076293945;667000
2026-10-06;11:34:00;-03:00;24,670000076293945;24,760000228881836;24,649999618530273;24,729999542236328;583700
2026-10-06;11:35:00;-03:00;24,739999771118164;24,75;24,709999084472656;24,719999313354492;137100
2026-10-06;11:36:00;-03:00;24,709999084472656;24,760000228881836;24,68000030517578;24,700000762939453;328900
2026-10-06;11:37:00;-03:00;24,709999084472656;24,770000457763672;24,670000076293945;24,719999313354492;623800
2026-10-06;11:38:00;-03:00;24,709999084472656;24,719999313354492;24,670000076293945;24,700000762939453;420800
2026-10-06;11:39:00;-03:00;24,700000762939453;24,709999084472656;24,6299991607666;24,6299991607666;241700
2026-10-06;11:40:00;-03:00;24,6299991607666;24,649999618530273;24,6200008392334;24,649999618530273;97400
2026-10-06;11:41:00;-03:00;24,639999389648438;24,639999389648438;24,56999969482422;24,56999969482422;121500
2026-10-06;11:42:00;-03:00;24,56999969482422;24,649999618530273;24,559999465942383;24,59000015258789;255800
2026-10-06;11:43:00;-03:00;24,610000610351562;24,610000610351562;24,530000686645508;24,559999465942383;180400
2026-10-06;11:44:00;-03:00;24,559999465942383;24,56999969482422;24,540000915527344;24,549999237060547;125700
2026-10-06;11:45:00;-03:00;24,559999465942383;24,56999969482422;24,540000915527344;24,540000915527344;192700
2026-10-06;11:46:00;-03:00;24,540000915527344;24,56999969482422;24,530000686645508;24,559999465942383;180300
2026-10-06;11:47:00;-03:00;24,549999237060547;24,600000381469727;24,510000228881836;24,530000686645508;220300
2026-10-06;11:48:00;-03:00;24,530000686645508;24,579999923706055;24,530000686645508;24,559999465942383;108800
2026-10-06;11:49:00;-03:00;24,540000915527344;24,600000381469727;24,540000915527344;24,579999923706055;110400
2026-10-06;11:50:00;-03:00;24,579999923706055;24,59000015258789;24,510000228881836;24,540000915527344;140800
2026-10-06;11:51:00;-03:00;24,520000457763672;24,549999237060547;24,510000228881836;24,540000915527344;61700
2026-10-06;11:52:00;-03:00;24,549999237060547;24,56999969482422;24,510000228881836;24,559999465942383;328800
2026-10-06;11:53:00;-03:00;24,559999465942383;24,6200008392334;24,549999237060547;24,600000381469727;195000
2026-10-06;11:54:00;-03:00;24,600000381469727;24,610000610351562;24,549999237060547;24,600000381469727;117000
2026-10-06;11:55:00;-03:00;24,600000381469727;24,6200008392334;24,56999969482422;24,600000381469727;101000
2026-10-06;11:56:00;-03:00;24,600000381469727;24,610000610351562;24,510000228881836;24,510000228881836;240100
2026-10-06;11:57:00;-03:00;24,510000228881836;24,520000457763672;24,479999542236328;24,510000228881836;215100
2026-10-06;11:58:00;-03:00;24,520000457763672;24,549999237060547;24,5;24,520000457763672;248600
2026-10-06;11:59:00;-03:00;24,520000457763672;24,56999969482422;24,520000457763672;24,549999237060547;157500
2026-10-06;12:00:00;-03:00;24,559999465942383;24,59000015258789;24,559999465942383;24,579999923706055;172700
2026-10-06;12:01:00;-03:00;24,59000015258789;24,600000381469727;24,540000915527344;24,540000915527344;382800
2026-10-06;12:02:00;-03:00;24,540000915527344;24,559999465942383;24,520000457763672;24,530000686645508;110500
2026-10-06;12:03:00;-03:00;24,540000915527344;24,56999969482422;24,520000457763672;24,559999465942383;130300
2026-10-06;12:04:00;-03:00;24,549999237060547;24,56999969482422;24,520000457763672;24,520000457763672;113800
2026-10-06;12:05:00;-03:00;24,530000686645508;24,540000915527344;24,5;24,530000686645508;182900
2026-10-06;12:06:00;-03:00;24,520000457763672;24,559999465942383;24,479999542236328;24,520000457763672;361400
2026-10-06;12:07:00;-03:00;24,520000457763672;24,559999465942383;24,479999542236328;24,5;139900
2026-10-06;12:08:00;-03:00;24,489999771118164;24,530000686645508;24,489999771118164;24,530000686645508;105300
2026-10-06;12:09:00;-03:00;24,520000457763672;24,549999237060547;24,510000228881836;24,510000228881836;71400
2026-10-06;12:10:00;-03:00;24,510000228881836;24,510000228881836;24,450000762939453;24,489999771118164;255800
2026-10-06;12:11:00;-03:00;24,489999771118164;24,530000686645508;24,489999771118164;24,520000457763672;42800
2026-10-06;12:12:00;-03:00;24,520000457763672;24,549999237060547;24,510000228881836;24,510000228881836;62700
2026-10-06;12:13:00;-03:00;24,510000228881836;24,559999465942383;24,510000228881836;24,549999237060547;70900
2026-10-06;12:14:00;-03:00;24,559999465942383;24,579999923706055;24,530000686645508;24,559999465942383;244600
2026-10-06;12:15:00;-03:00;24,549999237060547;24,559999465942383;24,530000686645508;24,540000915527344;110600
2026-10-06;12:16:00;-03:00;24,549999237060547;24,56999969482422;24,510000228881836;24,559999465942383;114400
2026-10-06;12:17:00;-03:00;24,559999465942383;24,59000015258789;24,549999237060547;24,559999465942383;137500
2026-10-06;12:18:00;-03:00;24,579999923706055;24,579999923706055;24,559999465942383;24,56999969482422;31400
2026-10-06;12:19:00;-03:00;24,56999969482422;24,610000610351562;24,549999237060547;24,59000015258789;215800
2026-10-06;12:20:00;-03:00;24,600000381469727;24,649999618530273;24,559999465942383;24,6299991607666;311500
2026-10-06;12:21:00;-03:00;24,6299991607666;24,649999618530273;24,559999465942383;24,579999923706055;215500
2026-10-06;12:22:00;-03:00;24,56999969482422;24,6299991607666;24,549999237060547;24,579999923706055;1333800
2026-10-06;12:23:00;-03:00;24,559999465942383;24,579999923706055;24,530000686645508;24,549999237060547;59100
2026-10-06;12:24:00;-03:00;24,540000915527344;24,579999923706055;24,530000686645508;24,56999969482422;83600
2026-10-06;12:25:00;-03:00;24,579999923706055;24,579999923706055;24,540000915527344;24,540000915527344;63600
2026-10-06;12:26:00;-03:00;24,540000915527344;24,549999237060547;24,520000457763672;24,520000457763672;85800
2026-10-06;12:27:00;-03:00;24,540000915527344;24,540000915527344;24,489999771118164;24,510000228881836;173100
2026-10-06;12:28:00;-03:00;24,520000457763672;24,59000015258789;24,5;24,579999923706055;204900
2026-10-06;12:29:00;-03:00;24,579999923706055;24,579999923706055;24,530000686645508;24,540000915527344;90600
2026-10-06;12:30:00;-03:00;24,540000915527344;24,549999237060547;24,510000228881836;24,530000686645508;355900
2026-10-06;12:31:00;-03:00;24,540000915527344;24,549999237060547;24,459999084472656;24,5;255100
2026-10-06;12:32:00;-03:00;24,510000228881836;24,540000915527344;24,5;24,520000457763672;66500
2026-10-06;12:33:00;-03:00;24,510000228881836;24,530000686645508;24,5;24,510000228881836;34500
2026-10-06;12:34:00;-03:00;24,5;24,530000686645508;24,5;24,5;54100
2026-10-06;12:35:00;-03:00;24,510000228881836;24,520000457763672;24,5;24,5;42300
2026-10-06;12:36:00;-03:00;24,510000228881836;24,510000228881836;24,479999542236328;24,489999771118164;126400
2026-10-06;12:37:00;-03:00;24,5;24,5;24,469999313354492;24,479999542236328;100400
2026-10-06;12:38:00;-03:00;24,469999313354492;24,479999542236328;24,43000030517578;24,459999084472656;267000
2026-10-06;12:39:00;-03:00;24,459999084472656;24,459999084472656;24,43000030517578;24,440000534057617;152600
2026-10-06;12:40:00;-03:00;24,440000534057617;24,489999771118164;24,440000534057617;24,469999313354492;64300
2026-10-06;12:41:00;-03:00;24,469999313354492;24,469999313354492;24,469999313354492;24,469999313354492;0
