Data;Hora;Fuso;Open;High;Low;Close;Volume
2026-09-24;10:03:00;-03:00;38,880001068115234;38,95000076293945;38,849998474121094;38,86000061035156;0
2026-09-24;10:04:00;-03:00;38,849998474121094;38,95000076293945;38,81999969482422;38,900001525878906;5700
2026-09-24;10:05:00;-03:00;38,91999816894531;38,9900016784668;38,880001068115234;38,9900016784668;6500
2026-09-24;10:06:00;-03:00;38,959999084472656;38,959999084472656;38,939998626708984;38,939998626708984;10500
2026-09-24;10:07:00;-03:00;38,95000076293945;38,970001220703125;38,93000030517578;38,93000030517578;1600
2026-09-24;10:08:00;-03:00;38,91999816894531;38,93000030517578;38,869998931884766;38,869998931884766;5800
2026-09-24;10:09:00;-03:00;38,849998474121094;38,849998474121094;38,83000183105469;38,83000183105469;8700
2026-09-24;10:10:00;-03:00;38,83000183105469;38,869998931884766;38,83000183105469;38,869998931884766;1700
2026-09-24;10:11:00;-03:00;38,88999938964844;38,95000076293945;38,88999938964844;38,93000030517578;3100
2026-09-24;10:12:00;-03:00;38,93000030517578;38,95000076293945;38,88999938964844;38,88999938964844;7400
2026-09-24;10:13:00;-03:00;38,91999816894531;38,959999084472656;38,90999984741211;38,959999084472656;2800
2026-09-24;10:14:00;-03:00;38,970001220703125;39,0;38,970001220703125;39,0;1800
2026-09-24;10:15:00;-03:00;39,0;39,0099983215332;38,939998626708984;38,939998626708984;1600
2026-09-24;10:16:00;-03:00;38,93000030517578;38,93000030517578;38,90999984741211;38,90999984741211;3200
2026-09-24;10:17:00;-03:00;38,90999984741211;38,939998626708984;38,90999984741211;38,939998626708984;3300
2026-09-24;10:18:00;-03:00;38,959999084472656;38,97999954223633;38,959999084472656;38,97999954223633;2000
2026-09-24;10:19:00;-03:00;38,9900016784668;39,0099983215332;38,97999954223633;38,9900016784668;2900
2026-09-24;10:20:00;-03:00;39,0;39,040000915527344;38,97999954223633;38,97999954223633;17600
2026-09-24;10:21:00;-03:00;38,970001220703125;38,97999954223633;38,959999084472656;38,97999954223633;1700
2026-09-24;10:22:00;-03:00;38,97999954223633;39,04999923706055;38,97999954223633;39,040000915527344;2900
2026-09-24;10:23:00;-03:00;39,040000915527344;39,04999923706055;39,02000045776367;39,04999923706055;2500
2026-09-24;10:24:00;-03:00;39,04999923706055;39,04999923706055;38,939998626708984;38,959999084472656;59900
2026-09-24;10:25:00;-03:00;38,97999954223633;39,02000045776367;38,97999954223633;39,02000045776367;5000
2026-09-24;10:26:00;-03:00;39,029998779296875;39,029998779296875;39,02000045776367;39,029998779296875;300
2026-09-24;10:27:00;-03:00;39,029998779296875;39,119998931884766;39,029998779296875;39,11000061035156;20600
2026-09-24;10:28:00;-03:00;39,11000061035156;39,119998931884766;39,09000015258789;39,09000015258789;5600
2026-09-24;10:29:00;-03:00;39,09000015258789;39,099998474121094;39,04999923706055;39,08000183105469;3600
2026-09-24;10:30:00;-03:00;39,09000015258789;39,189998626708984;39,09000015258789;39,16999816894531;13000
2026-09-24;10:31:00;-03:00;39,16999816894531;39,22999954223633;39,150001525878906;39,150001525878906;29500
2026-09-24;10:32:00;-03:00;39,150001525878906;39,16999816894531;39,130001068115234;39,16999816894531;5700
2026-09-24;10:33:00;-03:00;39,16999816894531;39,18000030517578;39,16999816894531;39,16999816894531;2900
2026-09-24;10:34:00;-03:00;39,18000030517578;39,220001220703125;39,150001525878906;39,20000076293945;46200
2026-09-24;10:35:00;-03:00;39,220001220703125;39,220001220703125;39,150001525878906;39,150001525878906;21000
2026-09-24;10:36:00;-03:00;39,150001525878906;39,18000030517578;39,150001525878906;39,18000030517578;3200
2026-09-24;10:37:00;-03:00;39,16999816894531;39,20000076293945;39,16999816894531;39,18000030517578;4000
2026-09-24;10:38:00;-03:00;39,18000030517578;39,18000030517578;39,16999816894531;39,16999816894531;2700
2026-09-24;10:39:00;-03:00;39,16999816894531;39,18000030517578;39,099998474121094;39,11000061035156;56400
2026-09-24;10:40:00;-03:00;39,08000183105469;39,099998474121094;39,08000183105469;39,09000015258789;4700
2026-09-24;10:41:00;-03:00;39,09000015258789;39,099998474121094;39,04999923706055;39,04999923706055;3900
2026-09-24;10:42:00;-03:00;39,04999923706055;39,09000015258789;39,040000915527344;39,09000015258789;7700
2026-09-24;10:43:00;-03:00;39,11000061035156;39,150001525878906;39,11000061035156;39,130001068115234;4500
2026-09-24;10:44:00;-03:00;39,099998474121094;39,11000061035156;39,06999969482422;39,06999969482422;800
2026-09-24;10:45:00;-03:00;39,08000183105469;39,08000183105469;39,029998779296875;39,040000915527344;2800
2026-09-24;10:46:00;-03:00;39,040000915527344;39,040000915527344;39,0;39,0099983215332;3400
2026-09-24;10:47:00;-03:00;39,0;39,0;38,970001220703125;38,97999954223633;1900
2026-09-24;10:48:00;-03:00;38,97999954223633;38,97999954223633;38,959999084472656;38,970001220703125;4600
2026-09-24;10:49:00;-03:00;38,959999084472656;39,0099983215332;38,959999084472656;38,97999954223633;14300
2026-09-24;10:50:00;-03:00;38,97999954223633;38,9900016784668;38,97999954223633;38,9900016784668;800
2026-09-24;10:51:00;-03:00;38,9900016784668;38,9900016784668;38,970001220703125;38,970001220703125;8000
2026-09-24;10:52:00;-03:00;38,970001220703125;39,0;38,970001220703125;38,9900016784668;16100
2026-09-24;10:53:00;-03:00;38,9900016784668;39,0;38,97999954223633;38,97999954223633;2300
2026-09-24;10:54:00;-03:00;38,9900016784668;39,0;38,9900016784668;39,0;2900
2026-09-24;10:55:00;-03:00;39,0;39,02000045776367;38,9900016784668;39,02000045776367;7800
2026-09-24;10:56:00;-03:00;39,0099983215332;39,02000045776367;39,0099983215332;39,02000045776367;900
2026-09-24;10:57:00;-03:00;39,02000045776367;39,040000915527344;39,02000045776367;39,040000915527344;4200
2026-09-24;10:58:00;-03:00;39,029998779296875;39,029998779296875;39,0;39,0;4100
2026-09-24;10:59:00;-03:00;39,0;39,0;38,97999954223633;39,0;7000
2026-09-24;11:00:00;-03:00;39,0;39,0;38,959999084472656;38,970001220703125;7200
2026-09-24;11:01:00;-03:00;38,959999084472656;39,0;38,959999084472656;39,0;4000
2026-09-24;11:02:00;-03:00;39,0099983215332;39,0099983215332;38,97999954223633;38,97999954223633;2400
2026-09-24;11:03:00;-03:00;38,970001220703125;38,9900016784668;38,970001220703125;38,9900016784668;6700
2026-09-24;11:04:00;-03:00;38,97999954223633;39,02000045776367;38,959999084472656;39,0099983215332;12300
2026-09-24;11:05:00;-03:00;39,0099983215332;39,0099983215332;38,970001220703125;38,970001220703125;1300
2026-09-24;11:06:00;-03:00;38,970001220703125;38,970001220703125;38,959999084472656;38,959999084472656;400
2026-09-24;11:07:00;-03:00;38,959999084472656;38,9900016784668;38,95000076293945;38,970001220703125;92100
2026-09-24;11:08:00;-03:00;38,9900016784668;38,9900016784668;38,970001220703125;38,97999954223633;2000
2026-09-24;11:09:00;-03:00;38,97999954223633;38,97999954223633;38,97999954223633;38,97999954223633;300
2026-09-24;11:10:00;-03:00;38,97999954223633;38,97999954223633;38,959999084472656;38,959999084472656;2900
2026-09-24;11:11:00;-03:00;38,95000076293945;38,959999084472656;38,95000076293945;38,959999084472656;7000
2026-09-24;11:12:00;-03:00;38,959999084472656;38,970001220703125;38,95000076293945;38,95000076293945;6400
2026-09-24;11:13:00;-03:00;38,95000076293945;38,95000076293945;38,90999984741211;38,90999984741211;1800
2026-09-24;11:14:00;-03:00;38,91999816894531;38,93000030517578;38,91999816894531;38,93000030517578;8600
2026-09-24;11:15:00;-03:00;38,93000030517578;38,93000030517578;38,88999938964844;38,900001525878906;18300
2026-09-24;11:16:00;-03:00;38,88999938964844;38,88999938964844;38,86000061035156;38,88999938964844;8400
2026-09-24;11:17:00;-03:00;38,88999938964844;38,900001525878906;38,88999938964844;38,900001525878906;2300
2026-09-24;11:18:00;-03:00;38,900001525878906;38,90999984741211;38,900001525878906;38,90999984741211;4300
2026-09-24;11:19:00;-03:00;38,900001525878906;38,900001525878906;38,869998931884766;38,880001068115234;6100
2026-09-24;11:20:00;-03:00;38,88999938964844;38,900001525878906;38,86000061035156;38,900001525878906;16200
2026-09-24;11:21:00;-03:00;38,900001525878906;38,90999984741211;38,880001068115234;38,900001525878906;14600
2026-09-24;11:22:00;-03:00;38,900001525878906;38,90999984741211;38,880001068115234;38,88999938964844;3500
2026-09-24;11:23:00;-03:00;38,88999938964844;38,90999984741211;38,880001068115234;38,88999938964844;27500
2026-09-24;11:24:00;-03:00;38,900001525878906;38,900001525878906;38,88999938964844;38,88999938964844;5000
2026-09-24;11:25:00;-03:00;38,900001525878906;38,900001525878906;38,880001068115234;38,880001068115234;2200
2026-09-24;11:26:00;-03:00;38,88999938964844;38,88999938964844;38,86000061035156;38,86000061035156;7900
2026-09-24;11:27:00;-03:00;38,869998931884766;38,88999938964844;38,869998931884766;38,880001068115234;16100
2026-09-24;11:28:00;-03:00;38,880001068115234;38,880001068115234;38,849998474121094;38,86000061035156;6100
2026-09-24;11:29:00;-03:00;38,869998931884766;38,869998931884766;38,84000015258789;38,849998474121094;1700
2026-09-24;11:30:00;-03:00;38,86000061035156;38,869998931884766;38,849998474121094;38,869998931884766;14200
2026-09-24;11:31:00;-03:00;38,86000061035156;38,86000061035156;38,84000015258789;38,849998474121094;5300
2026-09-24;11:32:00;-03:00;38,849998474121094;38,849998474121094;38,83000183105469;38,84000015258789;8100
2026-09-24;11:33:00;-03:00;38,84000015258789;38,84000015258789;38,81999969482422;38,81999969482422;2900
2026-09-24;11:34:00;-03:00;38,81999969482422;38,83000183105469;38,810001373291016;38,83000183105469;7900
2026-09-24;11:35:00;-03:00;38,81999969482422;38,83000183105469;38,81999969482422;38,83000183105469;9100
2026-09-24;11:36:00;-03:00;38,83000183105469;38,84000015258789;38,83000183105469;38,84000015258789;6800
2026-09-24;11:37:00;-03:00;38,84000015258789;38,849998474121094;38,84000015258789;38,84000015258789;6000
2026-09-24;11:38:00;-03:00;38,83000183105469;38,83000183105469;38,81999969482422;38,83000183105469;4000
2026-09-24;11:39:00;-03:00;38,81999969482422;38,83000183105469;38,81999969482422;38,83000183105469;1700
2026-09-24;11:40:00;-03:00;38,83000183105469;38,83000183105469;38,810001373291016;38,81999969482422;2000
2026-09-24;11:41:00;-03:00;38,810001373291016;38,810001373291016;38,779998779296875;38,779998779296875;10100
2026-09-24;11:42:00;-03:00;38,779998779296875;38,81999969482422;38,779998779296875;38,810001373291016;64800
2026-09-24;11:43:00;-03:00;38,79999923706055;38,86000061035156;38,790000915527344;38,81999969482422;47400
2026-09-24;11:44:00;-03:00;38,81999969482422;38,81999969482422;38,790000915527344;38,810001373291016;7200
2026-09-24;11:45:00;-03:00;38,810001373291016;38,810001373291016;38,790000915527344;38,79999923706055;10600
2026-09-24;11:46:00;-03:00;38,790000915527344;38,79999923706055;38,779998779296875;38,79999923706055;12300
2026-09-24;11:47:00;-03:00;38,79999923706055;38,81999969482422;38,79999923706055;38,81999969482422;7700
2026-09-24;11:48:00;-03:00;38,810001373291016;38,81999969482422;38,79999923706055;38,810001373291016;4400
2026-09-24;11:49:00;-03:00;38,79999923706055;38,810001373291016;38,77000045776367;38,79999923706055;33800
2026-09-24;11:50:00;-03:00;38,810001373291016;38,81999969482422;38,810001373291016;38,810001373291016;7400
2026-09-24;11:51:00;-03:00;38,81999969482422;38,83000183105469;38,81999969482422;38,83000183105469;2300
2026-09-24;11:52:00;-03:00;38,81999969482422;38,83000183105469;38,810001373291016;38,81999969482422;2500
2026-09-24;11:53:00;-03:00;38,810001373291016;38,81999969482422;38,79999923706055;38,81999969482422;11800
2026-09-24;11:54:00;-03:00;38,81999969482422;38,81999969482422;38,810001373291016;38,81999969482422;7400
2026-09-24;11:55:00;-03:00;38,81999969482422;38,81999969482422;38,79999923706055;38,79999923706055;5800
2026-09-24;11:56:00;-03:00;38,790000915527344;38,849998474121094;38,790000915527344;38,849998474121094;14700
2026-09-24;11:57:00;-03:00;38,86000061035156;38,90999984741211;38,86000061035156;38,90999984741211;10200
2026-09-24;11:58:00;-03:00;38,90999984741211;38,90999984741211;38,90999984741211;38,90999984741211;800
2026-09-24;11:59:00;-03:00;38,90999984741211;38,93000030517578;38,900001525878906;38,90999984741211;18100
2026-09-24;12:00:00;-03:00;38,90999984741211;38,91999816894531;38,90999984741211;38,90999984741211;1900
2026-09-24;12:01:00;-03:00;38,90999984741211;38,90999984741211;38,880001068115234;38,88999938964844;27600
2026-09-24;12:02:00;-03:00;38,900001525878906;38,900001525878906;38,849998474121094;38,86000061035156;4900
2026-09-24;12:03:00;-03:00;38,86000061035156;38,86000061035156;38,83000183105469;38,849998474121094;15800
2026-09-24;12:04:00;-03:00;38,849998474121094;38,849998474121094;38,83000183105469;38,84000015258789;20400
2026-09-24;12:05:00;-03:00;38,84000015258789;38,849998474121094;38,83000183105469;38,849998474121094;1000
2026-09-24;12:06:00;-03:00;38,849998474121094;38,849998474121094;38,83000183105469;38,83000183105469;3900
2026-09-24;12:07:00;-03:00;38,83000183105469;38,84000015258789;38,81999969482422;38,83000183105469;2700
2026-09-24;12:08:00;-03:00;38,81999969482422;38,84000015258789;38,81999969482422;38,81999969482422;12600
2026-09-24;12:09:00;-03:00;38,81999969482422;38,849998474121094;38,79999923706055;38,81999969482422;13300
2026-09-24;12:10:00;-03:00;38,84000015258789;38,849998474121094;38,810001373291016;38,83000183105469;6100
2026-09-24;12:11:00;-03:00;38,79999923706055;38,810001373291016;38,779998779296875;38,790000915527344;9800
2026-09-24;12:12:00;-03:00;38,779998779296875;38,779998779296875;38,72999954223633;38,72999954223633;9500
2026-09-24;12:13:00;-03:00;38,72999954223633;38,7400016784668;38,689998626708984;38,70000076293945;27900
2026-09-24;12:14:00;-03:00;38,70000076293945;38,720001220703125;38,689998626708984;38,709999084472656;9500
2026-09-24;12:15:00;-03:00;38,709999084472656;38,72999954223633;38,709999084472656;38,72999954223633;7200
2026-09-24;12:16:00;-03:00;38,72999954223633;38,779998779296875;38,72999954223633;38,77000045776367;8000
2026-09-24;12:17:00;-03:00;38,77000045776367;38,779998779296875;38,77000045776367;38,779998779296875;700
2026-09-24;12:18:00;-03:00;38,779998779296875;38,779998779296875;38,7599983215332;38,779998779296875;1200
2026-09-24;12:19:00;-03:00;38,779998779296875;38,779998779296875;38,7599983215332;38,779998779296875;1800
2026-09-24;12:20:00;-03:00;38,7599983215332;38,779998779296875;38,7599983215332;38,77000045776367;5400
2026-09-24;12:21:00;-03:00;38,779998779296875;38,810001373291016;38,779998779296875;38,79999923706055;8800
2026-09-24;12:22:00;-03:00;38,810001373291016;38,810001373291016;38,779998779296875;38,79999923706055;4900
2026-09-24;12:23:00;-03:00;38,779998779296875;38,83000183105469;38,779998779296875;38,83000183105469;7800
2026-09-24;12:24:00;-03:00;38,84000015258789;38,849998474121094;38,83000183105469;38,84000015258789;4400
2026-09-24;12:25:00;-03:00;38,83000183105469;38,83000183105469;38,79999923706055;38,79999923706055;4400
2026-09-24;12:26:00;-03:00;38,79999923706055;38,79999923706055;38,779998779296875;38,779998779296875;1200
2026-09-24;12:27:00;-03:00;38,779998779296875;38,779998779296875;38,77000045776367;38,779998779296875;1400
2026-09-24;12:28:00;-03:00;38,779998779296875;38,810001373291016;38,77000045776367;38,810001373291016;8400
2026-09-24;12:29:00;-03:00;38,81999969482422;38,83000183105469;38,81999969482422;38,81999969482422;4900
2026-09-24;12:30:00;-03:00;38,83000183105469;38,83000183105469;38,810001373291016;38,81999969482422;2600
2026-09-24;12:31:00;-03:00;38,81999969482422;38,81999969482422;38,810001373291016;38,810001373291016;1300
2026-09-24;12:32:00;-03:00;38,810001373291016;38,83000183105469;38,810001373291016;38,810001373291016;7000
2026-09-24;12:33:00;-03:00;38,810001373291016;38,83000183105469;38,810001373291016;38,810001373291016;6800
2026-09-24;12:34:00;-03:00;38,810001373291016;38,810001373291016;38,790000915527344;38,790000915527344;7000
2026-09-24;12:35:00;-03:00;38,779998779296875;38,810001373291016;38,779998779296875;38,79999923706055;5600
2026-09-24;12:36:00;-03:00;38,810001373291016;38,81999969482422;38,810001373291016;38,81999969482422;3800
2026-09-24;12:37:00;-03:00;38,81999969482422;38,83000183105469;38,810001373291016;38,83000183105469;8400
2026-09-24;12:38:00;-03:00;38,810001373291016;38,83000183105469;38,810001373291016;38,81999969482422;400
2026-09-24;12:39:00;-03:00;38,810001373291016;38,81999969482422;38,79999923706055;38,81999969482422;5100
2026-09-24;12:40:00;-03:00;38,81999969482422;38,849998474121094;38,81999969482422;38,849998474121094;8300
2026-09-24;12:41:00;-03:00;38,849998474121094;38,869998931884766;38,849998474121094;38,86000061035156;2100
2026-09-24;12:42:00;-03:00;38,849998474121094;38,86000061035156;38,83000183105469;38,83000183105469;3100
2026-09-24;12:43:00;-03:00;38,81999969482422;38,84000015258789;38,810001373291016;38,84000015258789;4200
2026-09-24;12:44:00;-03:00;38,84000015258789;38,84000015258789;38,810001373291016;38,810001373291016;1200
2026-09-24;12:45:00;-03:00;38,810001373291016;38,81999969482422;38,79999923706055;38,81999969482422;8700
2026-09-24;12:46:00;-03:00;38,810001373291016;38,810001373291016;38,79999923706055;38,79999923706055;2100
2026-09-24;12:47:00;-03:00;38,810001373291016;38,810001373291016;38,790000915527344;38,79999923706055;3500
2026-09-24;12:48:00;-03:00;38,79999923706055;38,79999923706055;38,77000045776367;38,77000045776367;3700
2026-09-24;12:49:00;-03:00;38,77000045776367;38,77000045776367;38,72999954223633;38,77000045776367;26800
2026-09-24;12:50:00;-03:00;38,779998779296875;38,779998779296875;38,75;38,7599983215332;4200
2026-09-24;12:51:00;-03:00;38,75;38,779998779296875;38,75;38,779998779296875;4100
2026-09-24;12:52:00;-03:00;38,77000045776367;38,779998779296875;38,75;38,779998779296875;5800
2026-09-24;12:53:00;-03:00;38,790000915527344;38,790000915527344;38,77000045776367;38,790000915527344;1900
2026-09-24;12:54:00;-03:00;38,779998779296875;38,790000915527344;38,77000045776367;38,790000915527344;1900
2026-09-24;12:55:00;-03:00;38,779998779296875;38,790000915527344;38,77000045776367;38,790000915527344;1100
2026-09-24;12:56:00;-03:00;38,779998779296875;38,779998779296875;38,7599983215332;38,77000045776367;4800
2026-09-24;12:57:00;-03:00;38,77000045776367;38,77000045776367;38,77000045776367;38,77000045776367;1900
2026-09-24;12:58:00;-03:00;38,77000045776367;38,77000045776367;38,7599983215332;38,77000045776367;1600
2026-09-24;12:59:00;-03:00;38,7599983215332;38,79999923706055;38,7599983215332;38,79999923706055;39800
2026-09-24;13:00:00;-03:00;38,790000915527344;38,84000015258789;38,7599983215332;38,779998779296875;30900
2026-09-24;13:01:00;-03:00;38,77000045776367;38,79999923706055;38,7599983215332;38,79999923706055;12200
2026-09-24;13:02:00;-03:00;38,810001373291016;38,81999969482422;38,79999923706055;38,810001373291016;4900
2026-09-24;13:03:00;-03:00;38,810001373291016;38,83000183105469;38,79999923706055;38,83000183105469;1900
2026-09-24;13:04:00;-03:00;38,83000183105469;38,83000183105469;38,810001373291016;38,83000183105469;16400
2026-09-24;13:05:00;-03:00;38,83000183105469;38,84000015258789;38,83000183105469;38,84000015258789;2500
2026-09-24;13:06:00;-03:00;38,83000183105469;38,84000015258789;38,83000183105469;38,83000183105469;2000
2026-09-24;13:07:00;-03:00;38,84000015258789;38,84000015258789;38,84000015258789;38,84000015258789;5400
2026-09-24;13:08:00;-03:00;38,849998474121094;38,849998474121094;38,83000183105469;38,83000183105469;2200
2026-09-24;13:09:00;-03:00;38,849998474121094;38,849998474121094;38,83000183105469;38,84000015258789;9100
2026-09-24;13:10:00;-03:00;38,84000015258789;38,849998474121094;38,83000183105469;38,83000183105469;2600
2026-09-24;13:11:00;-03:00;38,84000015258789;38,849998474121094;38,84000015258789;38,849998474121094;700
2026-09-24;13:12:00;-03:00;38,849998474121094;38,849998474121094;38,849998474121094;38,849998474121094;500
2026-09-24;13:13:00;-03:00;38,849998474121094;38,849998474121094;38,84000015258789;38,849998474121094;300
2026-09-24;13:14:00;-03:00;38,849998474121094;38,86000061035156;38,84000015258789;38,86000061035156;8700
2026-09-24;13:15:00;-03:00;38,869998931884766;38,959999084472656;38,86000061035156;38,959999084472656;15000
2026-09-24;13:16:00;-03:00;38,970001220703125;39,09000015258789;38,970001220703125;39,04999923706055;69700
2026-09-24;13:17:00;-03:00;39,060001373291016;39,13999938964844;39,060001373291016;39,119998931884766;24600
2026-09-24;13:18:00;-03:00;39,119998931884766;39,13999938964844;38,93000030517578;39,02000045776367;62800
2026-09-24;13:19:00;-03:00;39,029998779296875;39,040000915527344;39,0099983215332;39,0099983215332;7200
2026-09-24;13:20:00;-03:00;39,02000045776367;39,04999923706055;38,9900016784668;39,0;8200
2026-09-24;13:21:00;-03:00;39,0;39,0099983215332;38,9900016784668;39,0099983215332;4100
2026-09-24;13:22:00;-03:00;39,0099983215332;39,0099983215332;39,0;39,0;800
2026-09-24;13:23:00;-03:00;38,97999954223633;39,0;38,959999084472656;38,970001220703125;4800
2026-09-24;13:24:00;-03:00;38,97999954223633;38,9900016784668;38,970001220703125;38,9900016784668;7800
2026-09-24;13:25:00;-03:00;38,9900016784668;39,0;38,95000076293945;38,95000076293945;3600
2026-09-24;13:26:00;-03:00;38,959999084472656;38,9900016784668;38,959999084472656;38,97999954223633;6300
2026-09-24;13:27:00;-03:00;38,970001220703125;39,0099983215332;38,970001220703125;39,0099983215332;6100
2026-09-24;13:28:00;-03:00;39,02000045776367;39,029998779296875;39,02000045776367;39,029998779296875;5400
2026-09-24;13:29:00;-03:00;39,029998779296875;39,029998779296875;38,9900016784668;39,0;6300
2026-09-24;13:30:00;-03:00;38,9900016784668;39,0099983215332;38,97999954223633;39,0099983215332;8500
2026-09-24;13:31:00;-03:00;39,0099983215332;39,02000045776367;39,0;39,0;1200
2026-09-24;13:32:00;-03:00;38,9900016784668;39,0;38,9900016784668;39,0;3000
2026-09-24;13:33:00;-03:00;38,9900016784668;39,040000915527344;38,9900016784668;39,029998779296875;7100
2026-09-24;13:34:00;-03:00;39,040000915527344;39,04999923706055;39,029998779296875;39,029998779296875;3000
2026-09-24;13:35:00;-03:00;39,040000915527344;39,04999923706055;39,029998779296875;39,040000915527344;6800
2026-09-24;13:36:00;-03:00;39,04999923706055;39,08000183105469;39,04999923706055;39,08000183105469;7200
2026-09-24;13:37:00;-03:00;39,08000183105469;39,09000015258789;39,08000183105469;39,09000015258789;2500
2026-09-24;13:38:00;-03:00;39,09000015258789;39,09000015258789;39,06999969482422;39,09000015258789;7400
2026-09-24;13:39:00;-03:00;39,08000183105469;39,08000183105469;39,060001373291016;39,060001373291016;3000
2026-09-24;13:40:00;-03:00;39,060001373291016;39,08000183105469;39,060001373291016;39,08000183105469;8600
2026-09-24;13:41:00;-03:00;39,09000015258789;39,09000015258789;39,06999969482422;39,09000015258789;12400
2026-09-24;13:42:00;-03:00;39,099998474121094;39,099998474121094;39,06999969482422;39,06999969482422;4000
2026-09-24;13:43:00;-03:00;39,08000183105469;39,08000183105469;39,06999969482422;39,06999969482422;2500
2026-09-24;13:44:00;-03:00;39,08000183105469;39,08000183105469;39,029998779296875;39,029998779296875;100
2026-09-24;13:45:00;-03:00;39,029998779296875;39,040000915527344;39,0;39,0;8000
2026-09-24;13:46:00;-03:00;39,0099983215332;39,0099983215332;39,0;39,0099983215332;1700
2026-09-24;13:47:00;-03:00;39,0099983215332;39,0099983215332;39,0;39,0;1600
2026-09-24;13:48:00;-03:00;39,0099983215332;39,0099983215332;38,9900016784668;38,9900016784668;1300
2026-09-24;13:49:00;-03:00;38,9900016784668;39,0;38,9900016784668;38,9900016784668;800
2026-09-24;13:50:00;-03:00;39,0;39,0;38,9900016784668;38,9900016784668;2100
2026-09-24;13:51:00;-03:00;38,9900016784668;39,0;38,97999954223633;38,97999954223633;3800
2026-09-24;13:52:00;-03:00;38,97999954223633;38,9900016784668;38,970001220703125;38,970001220703125;3200
2026-09-24;13:53:00;-03:00;38,97999954223633;38,97999954223633;38,959999084472656;38,959999084472656;1600
2026-09-24;13:54:00;-03:00;38,970001220703125;38,970001220703125;38,95000076293945;38,95000076293945;2500
2026-09-24;13:55:00;-03:00;38,970001220703125;38,970001220703125;38,95000076293945;38,95000076293945;3000
2026-09-24;13:56:00;-03:00;38,939998626708984;38,959999084472656;38,939998626708984;38,95000076293945;1900
2026-09-24;13:57:00;-03:00;38,95000076293945;38,959999084472656;38,939998626708984;38,95000076293945;2800
2026-09-24;13:58:00;-03:00;38,959999084472656;38,959999084472656;38,959999084472656;38,959999084472656;11800
2026-09-24;13:59:00;-03:00;38,959999084472656;38,959999084472656;38,88999938964844;38,88999938964844;5800
2026-09-24;14:00:00;-03:00;38,88999938964844;38,900001525878906;38,86000061035156;38,900001525878906;13300
2026-09-24;14:01:00;-03:00;38,90999984741211;38,90999984741211;38,900001525878906;38,900001525878906;2500
2026-09-24;14:02:00;-03:00;38,900001525878906;38,90999984741211;38,88999938964844;38,90999984741211;8400
2026-09-24;14:03:00;-03:00;38,91999816894531;38,959999084472656;38,91999816894531;38,95000076293945;12600
2026-09-24;14:04:00;-03:00;38,939998626708984;38,95000076293945;38,91999816894531;38,91999816894531;3300
2026-09-24;14:05:00;-03:00;38,91999816894531;38,91999816894531;38,91999816894531;38,91999816894531;1200
2026-09-24;14:06:00;-03:00;38,93000030517578;38,93000030517578;38,90999984741211;38,90999984741211;200
2026-09-24;14:07:00;-03:00;38,90999984741211;38,93000030517578;38,90999984741211;38,90999984741211;1500
2026-09-24;14:08:00;-03:00;38,900001525878906;38,90999984741211;38,900001525878906;38,90999984741211;3700
2026-09-24;14:09:00;-03:00;38,90999984741211;38,90999984741211;38,900001525878906;38,900001525878906;1500
2026-09-24;14:10:00;-03:00;38,900001525878906;38,900001525878906;38,880001068115234;38,88999938964844;3100
2026-09-24;14:11:00;-03:00;38,880001068115234;38,880001068115234;38,869998931884766;38,869998931884766;1000
2026-09-24;14:12:00;-03:00;38,880001068115234;38,880001068115234;38,86000061035156;38,869998931884766;2200
2026-09-24;14:13:00;-03:00;38,869998931884766;38,900001525878906;38,869998931884766;38,900001525878906;12300
2026-09-24;14:14:00;-03:00;38,90999984741211;38,90999984741211;38,900001525878906;38,90999984741211;2400
2026-09-24;14:15:00;-03:00;38,90999984741211;38,90999984741211;38,88999938964844;38,88999938964844;1800
2026-09-24;14:16:00;-03:00;38,88999938964844;38,90999984741211;38,88999938964844;38,90999984741211;4400
2026-09-24;14:17:00;-03:00;38,90999984741211;38,91999816894531;38,900001525878906;38,90999984741211;4100
2026-09-24;14:18:00;-03:00;38,90999984741211;38,91999816894531;38,90999984741211;38,90999984741211;1000
2026-09-24;14:19:00;-03:00;38,900001525878906;38,900001525878906;38,880001068115234;38,88999938964844;5700
2026-09-24;14:20:00;-03:00;38,88999938964844;38,88999938964844;38,869998931884766;38,88999938964844;4500
2026-09-24;14:21:00;-03:00;38,88999938964844;38,88999938964844;38,880001068115234;38,880001068115234;2400
2026-09-24;14:22:00;-03:00;38,88999938964844;38,900001525878906;38,88999938964844;38,88999938964844;4400
2026-09-24;14:23:00;-03:00;38,88999938964844;38,900001525878906;38,88999938964844;38,88999938964844;3600
2026-09-24;14:24:00;-03:00;38,88999938964844;38,88999938964844;38,880001068115234;38,880001068115234;1300
2026-09-24;14:25:00;-03:00;38,880001068115234;38,88999938964844;38,880001068115234;38,880001068115234;6400
2026-09-24;14:26:00;-03:00;38,88999938964844;38,88999938964844;38,86000061035156;38,869998931884766;4400
2026-09-24;14:27:00;-03:00;38,86000061035156;38,880001068115234;38,86000061035156;38,869998931884766;1900
2026-09-24;14:28:00;-03:00;38,869998931884766;38,869998931884766;38,869998931884766;38,869998931884766;4500
2026-09-24;14:29:00;-03:00;38,869998931884766;38,869998931884766;38,869998931884766;38,869998931884766;2200
2026-09-24;14:30:00;-03:00;38,880001068115234;38,900001525878906;38,880001068115234;38,900001525878906;8300
2026-09-24;14:31:00;-03:00;38,88999938964844;38,88999938964844;38,880001068115234;38,88999938964844;2100
2026-09-24;14:32:00;-03:00;38,88999938964844;38,88999938964844;38,88999938964844;38,88999938964844;1200
2026-09-24;14:33:00;-03:00;38,88999938964844;38,88999938964844;38,88999938964844;38,88999938964844;700
2026-09-24;14:34:00;-03:00;38,88999938964844;38,900001525878906;38,869998931884766;38,869998931884766;5100
2026-09-24;14:35:00;-03:00;38,880001068115234;38,880001068115234;38,869998931884766;38,869998931884766;3600
2026-09-24;14:36:00;-03:00;38,869998931884766;38,869998931884766;38,869998931884766;38,869998931884766;1000
2026-09-24;14:37:00;-03:00;38,869998931884766;38,869998931884766;38,83000183105469;38,83000183105469;5000
2026-09-24;14:38:00;-03:00;38,83000183105469;38,849998474121094;38,83000183105469;38,84000015258789;5000
2026-09-24;14:39:00;-03:00;38,83000183105469;38,849998474121094;38,83000183105469;38,84000015258789;2800
2026-09-24;14:40:00;-03:00;38,84000015258789;38,849998474121094;38,84000015258789;38,849998474121094;11300
2026-09-24;14:41:00;-03:00;38,849998474121094;38,849998474121094;38,84000015258789;38,849998474121094;5700
2026-09-24;14:42:00;-03:00;38,84000015258789;38,849998474121094;38,84000015258789;38,849998474121094;700
2026-09-24;14:43:00;-03:00;38,84000015258789;38,84000015258789;38,83000183105469;38,84000015258789;2200
2026-09-24;14:44:00;-03:00;38,84000015258789;38,849998474121094;38,83000183105469;38,849998474121094;6500
2026-09-24;14:45:00;-03:00;38,84000015258789;38,84000015258789;38,83000183105469;38,83000183105469;300
2026-09-24;14:46:00;-03:00;38,84000015258789;38,849998474121094;38,84000015258789;38,84000015258789;9600
2026-09-24;14:47:00;-03:00;38,84000015258789;38,84000015258789;38,81999969482422;38,81999969482422;6400
2026-09-24;14:48:00;-03:00;38,81999969482422;38,81999969482422;38,79999923706055;38,79999923706055;2200
2026-09-24;14:49:00;-03:00;38,79999923706055;38,810001373291016;38,79999923706055;38,810001373291016;2600
2026-09-24;14:50:00;-03:00;38,79999923706055;38,81999969482422;38,790000915527344;38,81999969482422;16400
2026-09-24;14:51:00;-03:00;38,810001373291016;38,81999969482422;38,810001373291016;38,81999969482422;2600
2026-09-24;14:52:00;-03:00;38,810001373291016;38,81999969482422;38,790000915527344;38,790000915527344;4000
2026-09-24;14:53:00;-03:00;38,790000915527344;38,790000915527344;38,779998779296875;38,779998779296875;1500
2026-09-24;14:54:00;-03:00;38,779998779296875;38,790000915527344;38,779998779296875;38,779998779296875;1100
2026-09-24;14:55:00;-03:00;38,779998779296875;38,79999923706055;38,779998779296875;38,79999923706055;15200
2026-09-24;14:56:00;-03:00;38,79999923706055;38,810001373291016;38,79999923706055;38,810001373291016;2800
2026-09-24;14:57:00;-03:00;38,79999923706055;38,79999923706055;38,77000045776367;38,77000045776367;6700
2026-09-24;14:58:00;-03:00;38,779998779296875;38,779998779296875;38,77000045776367;38,77000045776367;1000
2026-09-24;14:59:00;-03:00;38,77000045776367;38,810001373291016;38,77000045776367;38,810001373291016;9100
2026-09-24;15:00:00;-03:00;38,79999923706055;38,810001373291016;38,790000915527344;38,790000915527344;2400
2026-09-24;15:01:00;-03:00;38,79999923706055;38,810001373291016;38,779998779296875;38,810001373291016;3700
2026-09-24;15:02:00;-03:00;38,79999923706055;38,79999923706055;38,7599983215332;38,77000045776367;5300
2026-09-24;15:03:00;-03:00;38,779998779296875;38,779998779296875;38,7599983215332;38,7599983215332;2700
2026-09-24;15:04:00;-03:00;38,77000045776367;38,790000915527344;38,77000045776367;38,779998779296875;8200
2026-09-24;15:05:00;-03:00;38,790000915527344;38,810001373291016;38,790000915527344;38,79999923706055;5800
2026-09-24;15:06:00;-03:00;38,810001373291016;38,84000015258789;38,810001373291016;38,83000183105469;8500
2026-09-24;15:07:00;-03:00;38,83000183105469;38,84000015258789;38,83000183105469;38,84000015258789;700
2026-09-24;15:08:00;-03:00;38,84000015258789;38,86000061035156;38,84000015258789;38,849998474121094;4000
2026-09-24;15:09:00;-03:00;38,86000061035156;38,86000061035156;38,849998474121094;38,849998474121094;1300
2026-09-24;15:10:00;-03:00;38,849998474121094;38,86000061035156;38,83000183105469;38,83000183105469;5700
2026-09-24;15:11:00;-03:00;38,83000183105469;38,83000183105469;38,810001373291016;38,810001373291016;2500
2026-09-24;15:12:00;-03:00;38,81999969482422;38,84000015258789;38,810001373291016;38,84000015258789;5900
2026-09-24;15:13:00;-03:00;38,84000015258789;38,86000061035156;38,84000015258789;38,849998474121094;6200
2026-09-24;15:14:00;-03:00;38,84000015258789;38,849998474121094;38,83000183105469;38,83000183105469;6200
2026-09-24;15:15:00;-03:00;38,83000183105469;38,83000183105469;38,81999969482422;38,81999969482422;700
2026-09-24;15:16:00;-03:00;38,83000183105469;38,849998474121094;38,83000183105469;38,849998474121094;11700
2026-09-24;15:17:00;-03:00;38,86000061035156;38,86000061035156;38,849998474121094;38,86000061035156;3700
2026-09-24;15:18:00;-03:00;38,86000061035156;38,86000061035156;38,84000015258789;38,849998474121094;5500
2026-09-24;15:19:00;-03:00;38,84000015258789;38,84000015258789;38,810001373291016;38,83000183105469;4700
2026-09-24;15:20:00;-03:00;38,84000015258789;38,84000015258789;38,81999969482422;38,83000183105469;5000
2026-09-24;15:21:00;-03:00;38,83000183105469;38,84000015258789;38,83000183105469;38,83000183105469;1100
2026-09-24;15:22:00;-03:00;38,83000183105469;38,84000015258789;38,83000183105469;38,83000183105469;1800
2026-09-24;15:23:00;-03:00;38,84000015258789;38,84000015258789;38,75;38,75;85800
2026-09-24;15:24:00;-03:00;38,7599983215332;38,7599983215332;38,75;38,75;8700
2026-09-24;15:25:00;-03:00;38,75;38,7599983215332;38,75;38,7599983215332;14900
2026-09-24;15:26:00;-03:00;38,7599983215332;38,790000915527344;38,7599983215332;38,77000045776367;9400
2026-09-24;15:27:00;-03:00;38,77000045776367;38,779998779296875;38,7599983215332;38,779998779296875;3300
2026-09-24;15:28:00;-03:00;38,7599983215332;38,779998779296875;38,75;38,779998779296875;11400
2026-09-24;15:29:00;-03:00;38,790000915527344;38,79999923706055;38,779998779296875;38,79999923706055;4700
2026-09-24;15:30:00;-03:00;38,790000915527344;38,79999923706055;38,779998779296875;38,779998779296875;2800
2026-09-24;15:31:00;-03:00;38,779998779296875;38,790000915527344;38,77000045776367;38,77000045776367;3600
2026-09-24;15:32:00;-03:00;38,7599983215332;38,779998779296875;38,7599983215332;38,7599983215332;2700
2026-09-24;15:33:00;-03:00;38,7599983215332;38,77000045776367;38,75;38,75;3700
2026-09-24;15:34:00;-03:00;38,75;38,77000045776367;38,75;38,7599983215332;12800
2026-09-24;15:35:00;-03:00;38,75;38,7599983215332;38,7400016784668;38,7400016784668;3500
2026-09-24;15:36:00;-03:00;38,7599983215332;38,7599983215332;38,7400016784668;38,75;1400
2026-09-24;15:37:00;-03:00;38,75;38,7599983215332;38,75;38,75;1400
2026-09-24;15:38:00;-03:00;38,75;38,84000015258789;38,75;38,84000015258789;18200
2026-09-24;15:39:00;-03:00;38,869998931884766;38,880001068115234;38,83000183105469;38,83000183105469;10000
2026-09-24;15:40:00;-03:00;38,81999969482422;38,83000183105469;38,810001373291016;38,81999969482422;4000
2026-09-24;15:41:00;-03:00;38,810001373291016;38,81999969482422;38,810001373291016;38,81999969482422;500
2026-09-24;15:42:00;-03:00;38,810001373291016;38,810001373291016;38,779998779296875;38,790000915527344;4600
2026-09-24;15:43:00;-03:00;38,79999923706055;38,79999923706055;38,790000915527344;38,790000915527344;2100
2026-09-24;15:44:00;-03:00;38,790000915527344;38,79999923706055;38,790000915527344;38,79999923706055;2000
2026-09-24;15:45:00;-03:00;38,79999923706055;38,79999923706055;38,790000915527344;38,790000915527344;1300
2026-09-24;15:46:00;-03:00;38,790000915527344;38,790000915527344;38,77000045776367;38,779998779296875;19700
2026-09-24;15:47:00;-03:00;38,77000045776367;38,779998779296875;38,77000045776367;38,779998779296875;1500
2026-09-24;15:48:00;-03:00;38,779998779296875;38,779998779296875;38,77000045776367;38,77000045776367;700
2026-09-24;15:49:00;-03:00;38,779998779296875;38,779998779296875;38,7599983215332;38,7599983215332;9800
2026-09-24;15:50:00;-03:00;38,77000045776367;38,790000915527344;38,7599983215332;38,790000915527344;15800
2026-09-24;15:51:00;-03:00;38,779998779296875;38,790000915527344;38,77000045776367;38,77000045776367;8100
2026-09-24;15:52:00;-03:00;38,77000045776367;38,779998779296875;38,77000045776367;38,77000045776367;1700
2026-09-24;15:53:00;-03:00;38,77000045776367;38,790000915527344;38,7599983215332;38,790000915527344;9800
2026-09-24;15:54:00;-03:00;38,790000915527344;38,81999969482422;38,790000915527344;38,81999969482422;5800
2026-09-24;15:55:00;-03:00;38,81999969482422;38,83000183105469;38,81999969482422;38,81999969482422;3900
2026-09-24;15:56:00;-03:00;38,83000183105469;38,83000183105469;38,81999969482422;38,81999969482422;1800
2026-09-24;15:57:00;-03:00;38,81999969482422;38,83000183105469;38,81999969482422;38,81999969482422;1000
2026-09-24;15:58:00;-03:00;38,83000183105469;38,83000183105469;38,81999969482422;38,81999969482422;1400
2026-09-24;15:59:00;-03:00;38,83000183105469;38,849998474121094;38,83000183105469;38,849998474121094;10000
2026-09-24;16:00:00;-03:00;38,84000015258789;38,849998474121094;38,83000183105469;38,849998474121094;9400
2026-09-24;16:01:00;-03:00;38,84000015258789;38,84000015258789;38,810001373291016;38,83000183105469;8400
2026-09-24;16:02:00;-03:00;38,84000015258789;38,84000015258789;38,81999969482422;38,81999969482422;2000
2026-09-24;16:03:00;-03:00;38,81999969482422;38,81999969482422;38,790000915527344;38,790000915527344;9100
2026-09-24;16:04:00;-03:00;38,779998779296875;38,79999923706055;38,779998779296875;38,79999923706055;2400
2026-09-24;16:05:00;-03:00;38,79999923706055;38,810001373291016;38,790000915527344;38,79999923706055;16400
2026-09-24;16:06:00;-03:00;38,790000915527344;38,79999923706055;38,75;38,7599983215332;57400
2026-09-24;16:07:00;-03:00;38,77000045776367;38,779998779296875;38,7599983215332;38,779998779296875;9100
2026-09-24;16:08:00;-03:00;38,779998779296875;38,790000915527344;38,779998779296875;38,779998779296875;5000
2026-09-24;16:09:00;-03:00;38,77000045776367;38,779998779296875;38,7599983215332;38,779998779296875;2300
2026-09-24;16:10:00;-03:00;38,77000045776367;38,779998779296875;38,77000045776367;38,77000045776367;4300
2026-09-24;16:11:00;-03:00;38,77000045776367;38,77000045776367;38,7599983215332;38,77000045776367;700
2026-09-24;16:12:00;-03:00;38,7599983215332;38,790000915527344;38,7599983215332;38,779998779296875;14900
2026-09-24;16:13:00;-03:00;38,779998779296875;38,790000915527344;38,77000045776367;38,790000915527344;6000
2026-09-24;16:14:00;-03:00;38,77000045776367;38,779998779296875;38,7599983215332;38,7599983215332;3700
2026-09-24;16:15:00;-03:00;38,77000045776367;38,810001373291016;38,7599983215332;38,79999923706055;21400
2026-09-24;16:16:00;-03:00;38,79999923706055;38,810001373291016;38,790000915527344;38,810001373291016;14500
2026-09-24;16:17:00;-03:00;38,81999969482422;38,83000183105469;38,810001373291016;38,83000183105469;17300
2026-09-24;16:18:00;-03:00;38,81999969482422;38,83000183105469;38,81999969482422;38,83000183105469;7900
2026-09-24;16:19:00;-03:00;38,83000183105469;38,84000015258789;38,81999969482422;38,83000183105469;23500
2026-09-24;16:20:00;-03:00;38,83000183105469;38,86000061035156;38,83000183105469;38,86000061035156;28700
2026-09-24;16:21:00;-03:00;38,869998931884766;38,880001068115234;38,86000061035156;38,880001068115234;8600
2026-09-24;16:22:00;-03:00;38,869998931884766;38,880001068115234;38,86000061035156;38,880001068115234;7200
2026-09-24;16:23:00;-03:00;38,880001068115234;38,880001068115234;38,849998474121094;38,869998931884766;9200
2026-09-24;16:24:00;-03:00;38,869998931884766;38,88999938964844;38,869998931884766;38,880001068115234;17400
2026-09-24;16:25:00;-03:00;38,880001068115234;38,88999938964844;38,880001068115234;38,88999938964844;6100
2026-09-24;16:26:00;-03:00;38,88999938964844;38,88999938964844;38,880001068115234;38,880001068115234;15100
2026-09-24;16:27:00;-03:00;38,880001068115234;38,88999938964844;38,869998931884766;38,880001068115234;10600
2026-09-24;16:28:00;-03:00;38,88999938964844;38,88999938964844;38,869998931884766;38,880001068115234;14400
2026-09-24;16:29:00;-03:00;38,869998931884766;38,880001068115234;38,86000061035156;38,869998931884766;10800
2026-09-24;16:30:00;-03:00;38,86000061035156;38,880001068115234;38,86000061035156;38,869998931884766;28400
2026-09-24;16:31:00;-03:00;38,869998931884766;38,869998931884766;38,86000061035156;38,869998931884766;5800
2026-09-24;16:32:00;-03:00;38,869998931884766;38,88999938964844;38,86000061035156;38,880001068115234;13800
2026-09-24;16:33:00;-03:00;38,88999938964844;38,900001525878906;38,880001068115234;38,880001068115234;9800
2026-09-24;16:34:00;-03:00;38,88999938964844;38,88999938964844;38,880001068115234;38,88999938964844;5100
2026-09-24;16:35:00;-03:00;38,88999938964844;38,90999984741211;38,869998931884766;38,900001525878906;24300
2026-09-24;16:36:00;-03:00;38,900001525878906;38,900001525878906;38,880001068115234;38,88999938964844;7900
2026-09-24;16:37:00;-03:00;38,880001068115234;38,88999938964844;38,880001068115234;38,88999938964844;8700
2026-09-24;16:38:00;-03:00;38,88999938964844;38,88999938964844;38,880001068115234;38,88999938964844;7100
2026-09-24;16:39:00;-03:00;38,88999938964844;38,88999938964844;38,86000061035156;38,880001068115234;26500
2026-09-24;16:40:00;-03:00;38,869998931884766;38,88999938964844;38,869998931884766;38,88999938964844;17600
2026-09-24;16:41:00;-03:00;38,880001068115234;38,88999938964844;38,869998931884766;38,88999938964844;4700
2026-09-24;16:42:00;-03:00;38,88999938964844;38,88999938964844;38,86000061035156;38,869998931884766;5500
2026-09-24;16:43:00;-03:00;38,869998931884766;38,869998931884766;38,86000061035156;38,86000061035156;6400
2026-09-24;16:44:00;-03:00;38,869998931884766;38,869998931884766;38,849998474121094;38,86000061035156;6900
2026-09-24;16:45:00;-03:00;38,86000061035156;38,86000061035156;38,83000183105469;38,849998474121094;10200
2026-09-24;16:46:00;-03:00;38,83000183105469;38,869998931884766;38,83000183105469;38,869998931884766;22600
2026-09-24;16:47:00;-03:00;38,869998931884766;38,91999816894531;38,869998931884766;38,90999984741211;15800
2026-09-24;16:48:00;-03:00;38,90999984741211;38,93000030517578;38,90999984741211;38,93000030517578;7100
2026-09-24;16:49:00;-03:00;38,93000030517578;38,959999084472656;38,93000030517578;38,939998626708984;24400
2026-09-24;16:50:00;-03:00;38,959999084472656;38,959999084472656;38,93000030517578;38,939998626708984;8100
2026-09-24;16:51:00;-03:00;38,93000030517578;38,939998626708984;38,90999984741211;38,90999984741211;15900
2026-09-24;16:52:00;-03:00;38,91999816894531;38,91999816894531;38,90999984741211;38,91999816894531;4600
2026-09-24;16:53:00;-03:00;38,91999816894531;38,93000030517578;38,90999984741211;38,90999984741211;10500
2026-09-24;16:54:00;-03:00;38,90999984741211;38,91999816894531;38,86000061035156;38,86000061035156;8200
2026-09-25;10:03:00;-03:00;38,7400016784668;38,7400016784668;38,650001525878906;38,68000030517578;0
2026-09-25;10:04:00;-03:00;38,689998626708984;38,72999954223633;38,66999816894531;38,689998626708984;5300
2026-09-25;10:05:00;-03:00;38,68000030517578;38,720001220703125;38,68000030517578;38,720001220703125;5300
2026-09-25;10:06:00;-03:00;38,7400016784668;38,7599983215332;38,7400016784668;38,7599983215332;5200
2026-09-25;10:07:00;-03:00;38,7400016784668;38,779998779296875;38,7400016784668;38,7599983215332;2600
2026-09-25;10:08:00;-03:00;38,7599983215332;38,79999923706055;38,7599983215332;38,79999923706055;10100
2026-09-25;10:09:00;-03:00;38,810001373291016;38,849998474121094;38,810001373291016;38,849998474121094;2500
2026-09-25;10:10:00;-03:00;38,849998474121094;38,88999938964844;38,849998474121094;38,86000061035156;4200
2026-09-25;10:11:00;-03:00;38,86000061035156;38,86000061035156;38,810001373291016;38,81999969482422;3300
2026-09-25;10:12:00;-03:00;38,81999969482422;38,81999969482422;38,7599983215332;38,779998779296875;62600
2026-09-25;10:13:00;-03:00;38,779998779296875;38,83000183105469;38,779998779296875;38,83000183105469;7500
2026-09-25;10:14:00;-03:00;38,83000183105469;38,83000183105469;38,83000183105469;38,83000183105469;400
2026-09-25;10:15:00;-03:00;38,84000015258789;38,849998474121094;38,75;38,779998779296875;9900
2026-09-25;10:16:00;-03:00;38,7599983215332;38,7599983215332;38,72999954223633;38,72999954223633;900
2026-09-25;10:17:00;-03:00;38,720001220703125;38,779998779296875;38,70000076293945;38,779998779296875;8700
2026-09-25;10:18:00;-03:00;38,7599983215332;38,7599983215332;38,720001220703125;38,720001220703125;58400
2026-09-25;10:19:00;-03:00;38,72999954223633;38,7599983215332;38,72999954223633;38,7400016784668;5100
2026-09-25;10:20:00;-03:00;38,75;38,75;38,7400016784668;38,75;1000
2026-09-25;10:21:00;-03:00;38,7400016784668;38,7400016784668;38,709999084472656;38,709999084472656;2400
2026-09-25;10:22:00;-03:00;38,709999084472656;38,72999954223633;38,70000076293945;38,709999084472656;2900
2026-09-25;10:23:00;-03:00;38,709999084472656;38,720001220703125;38,709999084472656;38,709999084472656;1400
2026-09-25;10:24:00;-03:00;38,70000076293945;38,709999084472656;38,66999816894531;38,709999084472656;10100
2026-09-25;10:25:00;-03:00;38,720001220703125;38,7599983215332;38,720001220703125;38,75;5000
2026-09-25;10:26:00;-03:00;38,7400016784668;38,7400016784668;38,70000076293945;38,72999954223633;2400
2026-09-25;10:27:00;-03:00;38,720001220703125;38,72999954223633;38,709999084472656;38,720001220703125;1200
2026-09-25;10:28:00;-03:00;38,70000076293945;38,70000076293945;38,68000030517578;38,68000030517578;6400
2026-09-25;10:29:00;-03:00;38,68000030517578;38,68000030517578;38,650001525878906;38,650001525878906;3700
2026-09-25;10:30:00;-03:00;38,65999984741211;38,68000030517578;38,630001068115234;38,63999938964844;7600
2026-09-25;10:31:00;-03:00;38,630001068115234;38,70000076293945;38,61000061035156;38,70000076293945;12400
2026-09-25;10:32:00;-03:00;38,720001220703125;38,7400016784668;38,720001220703125;38,7400016784668;1900
2026-09-25;10:33:00;-03:00;38,72999954223633;38,77000045776367;38,709999084472656;38,77000045776367;4400
2026-09-25;10:34:00;-03:00;38,77000045776367;38,77000045776367;38,72999954223633;38,72999954223633;1200
2026-09-25;10:35:00;-03:00;38,72999954223633;38,7599983215332;38,720001220703125;38,75;2000
2026-09-25;10:36:00;-03:00;38,75;38,75;38,650001525878906;38,689998626708984;5000
2026-09-25;10:37:00;-03:00;38,68000030517578;38,709999084472656;38,66999816894531;38,68000030517578;3700
2026-09-25;10:38:00;-03:00;38,66999816894531;38,689998626708984;38,66999816894531;38,689998626708984;1700
2026-09-25;10:39:00;-03:00;38,689998626708984;38,689998626708984;38,65999984741211;38,66999816894531;2400
2026-09-25;10:40:00;-03:00;38,68000030517578;38,689998626708984;38,68000030517578;38,689998626708984;5400
2026-09-25;10:41:00;-03:00;38,689998626708984;38,689998626708984;38,65999984741211;38,68000030517578;3300
2026-09-25;10:42:00;-03:00;38,689998626708984;38,72999954223633;38,68000030517578;38,68000030517578;28400
2026-09-25;10:43:00;-03:00;38,689998626708984;38,709999084472656;38,689998626708984;38,70000076293945;1000
2026-09-25;10:44:00;-03:00;38,70000076293945;38,720001220703125;38,70000076293945;38,720001220703125;7300
2026-09-25;10:45:00;-03:00;38,709999084472656;38,75;38,689998626708984;38,75;11700
2026-09-25;10:46:00;-03:00;38,7400016784668;38,7400016784668;38,70000076293945;38,709999084472656;1900
2026-09-25;10:47:00;-03:00;38,70000076293945;38,72999954223633;38,70000076293945;38,720001220703125;3300
2026-09-25;10:48:00;-03:00;38,720001220703125;38,720001220703125;38,68000030517578;38,68000030517578;7700
2026-09-25;10:49:00;-03:00;38,70000076293945;38,70000076293945;38,66999816894531;38,68000030517578;8000
2026-09-25;10:50:00;-03:00;38,689998626708984;38,709999084472656;38,689998626708984;38,70000076293945;2600
2026-09-25;10:51:00;-03:00;38,689998626708984;38,70000076293945;38,68000030517578;38,689998626708984;1100
2026-09-25;10:52:00;-03:00;38,689998626708984;38,689998626708984;38,689998626708984;38,689998626708984;700
2026-09-25;10:53:00;-03:00;38,689998626708984;38,70000076293945;38,689998626708984;38,70000076293945;5500
2026-09-25;10:54:00;-03:00;38,70000076293945;38,709999084472656;38,689998626708984;38,689998626708984;2800
2026-09-25;10:55:00;-03:00;38,689998626708984;38,689998626708984;38,68000030517578;38,68000030517578;800
2026-09-25;10:56:00;-03:00;38,68000030517578;38,68000030517578;38,68000030517578;38,68000030517578;1900
2026-09-25;10:57:00;-03:00;38,68000030517578;38,68000030517578;38,650001525878906;38,650001525878906;2700
2026-09-25;10:58:00;-03:00;38,650001525878906;38,650001525878906;38,619998931884766;38,630001068115234;15600
2026-09-25;10:59:00;-03:00;38,619998931884766;38,630001068115234;38,61000061035156;38,61000061035156;800
2026-09-25;11:00:00;-03:00;38,619998931884766;38,63999938964844;38,619998931884766;38,630001068115234;10800
2026-09-25;11:01:00;-03:00;38,619998931884766;38,650001525878906;38,61000061035156;38,63999938964844;3700
2026-09-25;11:02:00;-03:00;38,63999938964844;38,63999938964844;38,599998474121094;38,619998931884766;11400
2026-09-25;11:03:00;-03:00;38,61000061035156;38,630001068115234;38,599998474121094;38,630001068115234;5300
2026-09-25;11:04:00;-03:00;38,650001525878906;38,650001525878906;38,599998474121094;38,599998474121094;6700
2026-09-25;11:05:00;-03:00;38,619998931884766;38,650001525878906;38,599998474121094;38,650001525878906;5300
2026-09-25;11:06:00;-03:00;38,650001525878906;38,66999816894531;38,650001525878906;38,65999984741211;4700
2026-09-25;11:07:00;-03:00;38,65999984741211;38,689998626708984;38,65999984741211;38,689998626708984;2100
2026-09-25;11:08:00;-03:00;38,66999816894531;38,70000076293945;38,650001525878906;38,68000030517578;17400
2026-09-25;11:09:00;-03:00;38,689998626708984;38,70000076293945;38,689998626708984;38,70000076293945;3400
2026-09-25;11:10:00;-03:00;38,709999084472656;38,720001220703125;38,70000076293945;38,70000076293945;3300
2026-09-25;11:11:00;-03:00;38,70000076293945;38,720001220703125;38,70000076293945;38,720001220703125;0
2026-09-25;11:12:00;-03:00;38,70000076293945;38,720001220703125;38,70000076293945;38,709999084472656;2600
2026-09-25;11:13:00;-03:00;38,709999084472656;38,709999084472656;38,70000076293945;38,70000076293945;6700
2026-09-25;11:14:00;-03:00;38,70000076293945;38,70000076293945;38,68000030517578;38,689998626708984;3300
2026-09-25;11:15:00;-03:00;38,689998626708984;38,689998626708984;38,68000030517578;38,68000030517578;7800
2026-09-25;11:16:00;-03:00;38,689998626708984;38,75;38,689998626708984;38,75;5800
2026-09-25;11:17:00;-03:00;38,75;38,7599983215332;38,7400016784668;38,75;1200
2026-09-25;11:18:00;-03:00;38,75;38,7599983215332;38,720001220703125;38,7599983215332;25000
2026-09-25;11:19:00;-03:00;38,77000045776367;38,84000015258789;38,77000045776367;38,84000015258789;16300
2026-09-25;11:20:00;-03:00;38,83000183105469;38,83000183105469;38,70000076293945;38,709999084472656;41300
2026-09-25;11:21:00;-03:00;38,709999084472656;38,720001220703125;38,66999816894531;38,66999816894531;6700
2026-09-25;11:22:00;-03:00;38,66999816894531;38,720001220703125;38,66999816894531;38,709999084472656;10600
2026-09-25;11:23:00;-03:00;38,709999084472656;38,7400016784668;38,65999984741211;38,68000030517578;32600
2026-09-25;11:24:00;-03:00;38,70000076293945;38,70000076293945;38,650001525878906;38,650001525878906;21600
2026-09-25;11:25:00;-03:00;38,650001525878906;38,650001525878906;38,619998931884766;38,619998931884766;4900
2026-09-25;11:26:00;-03:00;38,619998931884766;38,63999938964844;38,619998931884766;38,63999938964844;6600
2026-09-25;11:27:00;-03:00;38,630001068115234;38,630001068115234;38,61000061035156;38,619998931884766;4700
2026-09-25;11:28:00;-03:00;38,619998931884766;38,630001068115234;38,61000061035156;38,630001068115234;3100
2026-09-25;11:29:00;-03:00;38,630001068115234;38,650001525878906;38,58000183105469;38,61000061035156;27800
2026-09-25;11:30:00;-03:00;38,61000061035156;38,61000061035156;38,59000015258789;38,61000061035156;5700
2026-09-25;11:31:00;-03:00;38,599998474121094;38,619998931884766;38,599998474121094;38,619998931884766;2200
2026-09-25;11:32:00;-03:00;38,599998474121094;38,619998931884766;38,59000015258789;38,619998931884766;7300
2026-09-25;11:33:00;-03:00;38,630001068115234;38,650001525878906;38,630001068115234;38,650001525878906;5600
2026-09-25;11:34:00;-03:00;38,630001068115234;38,63999938964844;38,630001068115234;38,63999938964844;3000
2026-09-25;11:35:00;-03:00;38,63999938964844;38,63999938964844;38,619998931884766;38,63999938964844;2400
2026-09-25;11:36:00;-03:00;38,63999938964844;38,65999984741211;38,630001068115234;38,65999984741211;4500
2026-09-25;11:37:00;-03:00;38,650001525878906;38,65999984741211;38,650001525878906;38,650001525878906;5600
2026-09-25;11:38:00;-03:00;38,650001525878906;38,650001525878906;38,63999938964844;38,63999938964844;1600
2026-09-25;11:39:00;-03:00;38,650001525878906;38,68000030517578;38,650001525878906;38,68000030517578;8000
2026-09-25;11:40:00;-03:00;38,689998626708984;38,689998626708984;38,66999816894531;38,68000030517578;3400
2026-09-25;11:41:00;-03:00;38,65999984741211;38,66999816894531;38,650001525878906;38,66999816894531;4900
2026-09-25;11:42:00;-03:00;38,68000030517578;38,720001220703125;38,68000030517578;38,720001220703125;5700
2026-09-25;11:43:00;-03:00;38,75;38,75;38,720001220703125;38,7400016784668;3800
2026-09-25;11:44:00;-03:00;38,72999954223633;38,72999954223633;38,720001220703125;38,720001220703125;3000
2026-09-25;11:45:00;-03:00;38,720001220703125;38,72999954223633;38,720001220703125;38,72999954223633;1400
2026-09-25;11:46:00;-03:00;38,72999954223633;38,77000045776367;38,720001220703125;38,77000045776367;9300
2026-09-25;11:47:00;-03:00;38,77000045776367;38,77000045776367;38,72999954223633;38,75;25300
2026-09-25;11:48:00;-03:00;38,7599983215332;38,790000915527344;38,7599983215332;38,77000045776367;9800
2026-09-25;11:49:00;-03:00;38,77000045776367;38,79999923706055;38,77000045776367;38,779998779296875;36300
2026-09-25;11:50:00;-03:00;38,7599983215332;38,790000915527344;38,7599983215332;38,77000045776367;4200
2026-09-25;11:51:00;-03:00;38,77000045776367;38,77000045776367;38,7400016784668;38,75;2100
2026-09-25;11:52:00;-03:00;38,75;38,75;38,66999816894531;38,720001220703125;21900
2026-09-25;11:53:00;-03:00;38,720001220703125;38,75;38,720001220703125;38,75;3200
2026-09-25;11:54:00;-03:00;38,75;38,77000045776367;38,75;38,77000045776367;5200
2026-09-25;11:55:00;-03:00;38,77000045776367;38,779998779296875;38,7599983215332;38,7599983215332;2900
2026-09-25;11:56:00;-03:00;38,77000045776367;38,779998779296875;38,7599983215332;38,779998779296875;4000
2026-09-25;11:57:00;-03:00;38,77000045776367;38,79999923706055;38,77000045776367;38,790000915527344;10600
2026-09-25;11:58:00;-03:00;38,779998779296875;38,790000915527344;38,779998779296875;38,790000915527344;1700
2026-09-25;11:59:00;-03:00;38,79999923706055;38,79999923706055;38,790000915527344;38,790000915527344;5800
2026-09-25;12:00:00;-03:00;38,790000915527344;38,790000915527344;38,779998779296875;38,790000915527344;1500
2026-09-25;12:01:00;-03:00;38,790000915527344;38,79999923706055;38,77000045776367;38,77000045776367;9200
2026-09-25;12:02:00;-03:00;38,77000045776367;38,790000915527344;38,77000045776367;38,77000045776367;5400
2026-09-25;12:03:00;-03:00;38,77000045776367;38,77000045776367;38,7599983215332;38,7599983215332;1700
2026-09-25;12:04:00;-03:00;38,7599983215332;38,7599983215332;38,7400016784668;38,75;2700
2026-09-25;12:05:00;-03:00;38,7400016784668;38,75;38,720001220703125;38,72999954223633;12800
2026-09-25;12:06:00;-03:00;38,72999954223633;38,7400016784668;38,72999954223633;38,7400016784668;11400
2026-09-25;12:07:00;-03:00;38,7400016784668;38,75;38,720001220703125;38,720001220703125;7900
2026-09-25;12:08:00;-03:00;38,720001220703125;38,720001220703125;38,689998626708984;38,709999084472656;13800
2026-09-25;12:09:00;-03:00;38,709999084472656;38,790000915527344;38,709999084472656;38,790000915527344;11400
2026-09-25;12:10:00;-03:00;38,77000045776367;38,779998779296875;38,75;38,77000045776367;6700
2026-09-25;12:11:00;-03:00;38,77000045776367;38,79999923706055;38,77000045776367;38,79999923706055;16100
2026-09-25;12:12:00;-03:00;38,79999923706055;38,79999923706055;38,79999923706055;38,79999923706055;2000
2026-09-25;12:13:00;-03:00;38,79999923706055;38,810001373291016;38,779998779296875;38,790000915527344;12600
2026-09-25;12:14:00;-03:00;38,790000915527344;38,790000915527344;38,77000045776367;38,790000915527344;1600
2026-09-25;12:15:00;-03:00;38,790000915527344;38,790000915527344;38,779998779296875;38,790000915527344;3300
2026-09-25;12:16:00;-03:00;38,790000915527344;38,79999923706055;38,790000915527344;38,79999923706055;6600
2026-09-25;12:17:00;-03:00;38,79999923706055;38,810001373291016;38,79999923706055;38,810001373291016;4400
2026-09-25;12:18:00;-03:00;38,79999923706055;38,79999923706055;38,79999923706055;38,79999923706055;200
2026-09-25;12:19:00;-03:00;38,810001373291016;38,810001373291016;38,779998779296875;38,779998779296875;5900
2026-09-25;12:20:00;-03:00;38,790000915527344;38,81999969482422;38,790000915527344;38,810001373291016;10700
2026-09-25;12:21:00;-03:00;38,81999969482422;38,84000015258789;38,810001373291016;38,84000015258789;6400
2026-09-25;12:22:00;-03:00;38,84000015258789;38,849998474121094;38,83000183105469;38,84000015258789;8900
2026-09-25;12:23:00;-03:00;38,84000015258789;38,849998474121094;38,81999969482422;38,849998474121094;6200
2026-09-25;12:24:00;-03:00;38,83000183105469;38,84000015258789;38,83000183105469;38,84000015258789;900
2026-09-25;12:25:00;-03:00;38,83000183105469;38,84000015258789;38,83000183105469;38,84000015258789;600
2026-09-25;12:26:00;-03:00;38,81999969482422;38,84000015258789;38,81999969482422;38,84000015258789;4400
2026-09-25;12:27:00;-03:00;38,84000015258789;38,86000061035156;38,81999969482422;38,81999969482422;3500
2026-09-25;12:28:00;-03:00;38,81999969482422;38,83000183105469;38,81999969482422;38,81999969482422;1800
2026-09-25;12:29:00;-03:00;38,810001373291016;38,83000183105469;38,810001373291016;38,83000183105469;2000
2026-09-25;12:30:00;-03:00;38,81999969482422;38,83000183105469;38,81999969482422;38,83000183105469;1300
2026-09-25;12:31:00;-03:00;38,810001373291016;38,84000015258789;38,79999923706055;38,84000015258789;8300
2026-09-25;12:32:00;-03:00;38,84000015258789;38,84000015258789;38,83000183105469;38,84000015258789;2500
2026-09-25;12:33:00;-03:00;38,83000183105469;38,83000183105469;38,81999969482422;38,81999969482422;2600
2026-09-25;12:34:00;-03:00;38,83000183105469;38,84000015258789;38,810001373291016;38,810001373291016;3100
2026-09-25;12:35:00;-03:00;38,81999969482422;38,84000015258789;38,81999969482422;38,84000015258789;8400
2026-09-25;12:36:00;-03:00;38,84000015258789;38,84000015258789;38,81999969482422;38,83000183105469;3600
2026-09-25;12:37:00;-03:00;38,83000183105469;38,84000015258789;38,83000183105469;38,84000015258789;2900
2026-09-25;12:38:00;-03:00;38,81999969482422;38,83000183105469;38,810001373291016;38,81999969482422;1800
2026-09-25;12:39:00;-03:00;38,81999969482422;38,83000183105469;38,810001373291016;38,83000183105469;2700
2026-09-25;12:40:00;-03:00;38,810001373291016;38,81999969482422;38,810001373291016;38,810001373291016;1600
2026-09-25;12:41:00;-03:00;38,810001373291016;38,81999969482422;38,810001373291016;38,810001373291016;1500
2026-09-25;12:42:00;-03:00;38,810001373291016;38,81999969482422;38,79999923706055;38,810001373291016;3100
2026-09-25;12:43:00;-03:00;38,810001373291016;38,810001373291016;38,790000915527344;38,790000915527344;2200
2026-09-25;12:44:00;-03:00;38,79999923706055;38,81999969482422;38,779998779296875;38,810001373291016;12900
2026-09-25;12:45:00;-03:00;38,81999969482422;38,81999969482422;38,79999923706055;38,810001373291016;3900
2026-09-25;12:46:00;-03:00;38,79999923706055;38,810001373291016;38,77000045776367;38,79999923706055;24600
2026-09-25;12:47:00;-03:00;38,790000915527344;38,81999969482422;38,790000915527344;38,81999969482422;6600
2026-09-25;12:48:00;-03:00;38,81999969482422;38,84000015258789;38,81999969482422;38,84000015258789;5100
2026-09-25;12:49:00;-03:00;38,83000183105469;38,84000015258789;38,83000183105469;38,84000015258789;2300
2026-09-25;12:50:00;-03:00;38,84000015258789;38,849998474121094;38,83000183105469;38,849998474121094;11800
2026-09-25;12:51:00;-03:00;38,84000015258789;38,84000015258789;38,779998779296875;38,84000015258789;21400
2026-09-25;12:52:00;-03:00;38,84000015258789;38,849998474121094;38,81999969482422;38,83000183105469;5500
2026-09-25;12:53:00;-03:00;38,84000015258789;38,84000015258789;38,83000183105469;38,84000015258789;1200
2026-09-25;12:54:00;-03:00;38,84000015258789;38,869998931884766;38,83000183105469;38,869998931884766;12100
2026-09-25;12:55:00;-03:00;38,869998931884766;38,869998931884766;38,86000061035156;38,869998931884766;1400
2026-09-25;12:56:00;-03:00;38,869998931884766;38,869998931884766;38,849998474121094;38,86000061035156;600
2026-09-25;12:57:00;-03:00;38,86000061035156;38,86000061035156;38,849998474121094;38,86000061035156;2500
2026-09-25;12:58:00;-03:00;38,86000061035156;38,88999938964844;38,86000061035156;38,88999938964844;6700
2026-09-25;12:59:00;-03:00;38,880001068115234;38,88999938964844;38,880001068115234;38,88999938964844;3800
2026-09-25;13:00:00;-03:00;38,88999938964844;38,939998626708984;38,88999938964844;38,939998626708984;17800
2026-09-25;13:01:00;-03:00;38,939998626708984;38,95000076293945;38,91999816894531;38,91999816894531;6300
2026-09-25;13:02:00;-03:00;38,91999816894531;38,95000076293945;38,91999816894531;38,93000030517578;5500
2026-09-25;13:03:00;-03:00;38,939998626708984;38,9900016784668;38,93000030517578;38,9900016784668;12300
2026-09-25;13:04:00;-03:00;38,9900016784668;38,9900016784668;38,959999084472656;38,97999954223633;8400
2026-09-25;13:05:00;-03:00;38,97999954223633;38,97999954223633;38,959999084472656;38,959999084472656;4400
2026-09-25;13:06:00;-03:00;38,959999084472656;38,959999084472656;38,900001525878906;38,900001525878906;8900
2026-09-25;13:07:00;-03:00;38,91999816894531;38,91999816894531;38,88999938964844;38,88999938964844;2500
2026-09-25;13:08:00;-03:00;38,88999938964844;38,90999984741211;38,880001068115234;38,90999984741211;17500
2026-09-25;13:09:00;-03:00;38,90999984741211;38,939998626708984;38,90999984741211;38,93000030517578;4200
2026-09-25;13:10:00;-03:00;38,93000030517578;38,939998626708984;38,90999984741211;38,93000030517578;11100
2026-09-25;13:11:00;-03:00;38,93000030517578;38,93000030517578;38,88999938964844;38,90999984741211;8100
2026-09-25;13:12:00;-03:00;38,900001525878906;38,93000030517578;38,900001525878906;38,91999816894531;4300
2026-09-25;13:13:00;-03:00;38,91999816894531;38,91999816894531;38,869998931884766;38,88999938964844;8000
2026-09-25;13:14:00;-03:00;38,88999938964844;38,88999938964844;38,86000061035156;38,880001068115234;5300
2026-09-25;13:15:00;-03:00;38,880001068115234;38,880001068115234;38,83000183105469;38,869998931884766;16300
2026-09-25;13:16:00;-03:00;38,86000061035156;38,900001525878906;38,86000061035156;38,900001525878906;8600
2026-09-25;13:17:00;-03:00;38,900001525878906;38,900001525878906;38,869998931884766;38,880001068115234;6400
2026-09-25;13:18:00;-03:00;38,880001068115234;38,880001068115234;38,880001068115234;38,880001068115234;600
2026-09-25;13:19:00;-03:00;38,869998931884766;38,880001068115234;38,869998931884766;38,880001068115234;3400
2026-09-25;13:20:00;-03:00;38,869998931884766;38,880001068115234;38,86000061035156;38,880001068115234;1900
2026-09-25;13:21:00;-03:00;38,869998931884766;38,88999938964844;38,86000061035156;38,88999938964844;9700
2026-09-25;13:22:00;-03:00;38,88999938964844;38,88999938964844;38,880001068115234;38,880001068115234;600
2026-09-25;13:23:00;-03:00;38,880001068115234;38,88999938964844;38,880001068115234;38,88999938964844;1500
2026-09-25;13:24:00;-03:00;38,880001068115234;38,900001525878906;38,880001068115234;38,900001525878906;3900
2026-09-25;13:25:00;-03:00;38,900001525878906;38,900001525878906;38,880001068115234;38,88999938964844;10100
2026-09-25;13:26:00;-03:00;38,88999938964844;38,90999984741211;38,880001068115234;38,90999984741211;5900
2026-09-25;13:27:00;-03:00;38,91999816894531;38,91999816894531;38,900001525878906;38,900001525878906;1600
2026-09-25;13:28:00;-03:00;38,900001525878906;38,90999984741211;38,900001525878906;38,900001525878906;2200
2026-09-25;13:29:00;-03:00;38,90999984741211;38,90999984741211;38,88999938964844;38,90999984741211;500
2026-09-25;13:30:00;-03:00;38,90999984741211;38,93000030517578;38,90999984741211;38,93000030517578;7400
2026-09-25;13:31:00;-03:00;38,91999816894531;38,93000030517578;38,90999984741211;38,91999816894531;1300
2026-09-25;13:32:00;-03:00;38,91999816894531;38,91999816894531;38,880001068115234;38,880001068115234;31500
2026-09-25;13:33:00;-03:00;38,880001068115234;38,880001068115234;38,869998931884766;38,880001068115234;900
2026-09-25;13:34:00;-03:00;38,869998931884766;38,880001068115234;38,86000061035156;38,880001068115234;3800
2026-09-25;13:35:00;-03:00;38,880001068115234;38,880001068115234;38,869998931884766;38,880001068115234;1900
2026-09-25;13:36:00;-03:00;38,880001068115234;38,880001068115234;38,849998474121094;38,869998931884766;2600
2026-09-25;13:37:00;-03:00;38,869998931884766;38,880001068115234;38,869998931884766;38,880001068115234;1900
2026-09-25;13:38:00;-03:00;38,880001068115234;38,880001068115234;38,869998931884766;38,869998931884766;1300
2026-09-25;13:39:00;-03:00;38,880001068115234;38,88999938964844;38,880001068115234;38,88999938964844;8500
2026-09-25;13:40:00;-03:00;38,88999938964844;38,88999938964844;38,869998931884766;38,869998931884766;4200
2026-09-25;13:41:00;-03:00;38,86000061035156;38,88999938964844;38,86000061035156;38,869998931884766;900
2026-09-25;13:42:00;-03:00;38,880001068115234;38,88999938964844;38,869998931884766;38,869998931884766;3600
2026-09-25;13:43:00;-03:00;38,869998931884766;38,880001068115234;38,869998931884766;38,869998931884766;900
2026-09-25;13:44:00;-03:00;38,869998931884766;38,880001068115234;38,86000061035156;38,869998931884766;1600
2026-09-25;13:45:00;-03:00;38,869998931884766;38,869998931884766;38,849998474121094;38,849998474121094;900
2026-09-25;13:46:00;-03:00;38,849998474121094;38,86000061035156;38,849998474121094;38,86000061035156;1500
2026-09-25;13:47:00;-03:00;38,86000061035156;38,86000061035156;38,849998474121094;38,849998474121094;3400
2026-09-25;13:48:00;-03:00;38,849998474121094;38,86000061035156;38,84000015258789;38,84000015258789;3500
2026-09-25;13:49:00;-03:00;38,83000183105469;38,849998474121094;38,83000183105469;38,83000183105469;2900
2026-09-25;13:50:00;-03:00;38,849998474121094;38,849998474121094;38,83000183105469;38,83000183105469;2000
2026-09-25;13:51:00;-03:00;38,83000183105469;38,849998474121094;38,83000183105469;38,84000015258789;2000
2026-09-25;13:52:00;-03:00;38,83000183105469;38,84000015258789;38,83000183105469;38,84000015258789;2300
2026-09-25;13:53:00;-03:00;38,84000015258789;38,849998474121094;38,83000183105469;38,849998474121094;9100
2026-09-25;13:54:00;-03:00;38,849998474121094;38,849998474121094;38,81999969482422;38,83000183105469;8100
2026-09-25;13:55:00;-03:00;38,83000183105469;38,83000183105469;38,83000183105469;38,83000183105469;600
2026-09-25;13:56:00;-03:00;38,83000183105469;38,83000183105469;38,810001373291016;38,81999969482422;3500
2026-09-25;13:57:00;-03:00;38,81999969482422;38,81999969482422;38,810001373291016;38,81999969482422;1500
2026-09-25;13:58:00;-03:00;38,79999923706055;38,79999923706055;38,79999923706055;38,79999923706055;400
2026-09-25;13:59:00;-03:00;38,79999923706055;38,81999969482422;38,779998779296875;38,779998779296875;7700
2026-09-25;14:00:00;-03:00;38,79999923706055;38,79999923706055;38,779998779296875;38,790000915527344;1900
2026-09-25;14:01:00;-03:00;38,790000915527344;38,81999969482422;38,779998779296875;38,81999969482422;13000
2026-09-25;14:02:00;-03:00;38,81999969482422;38,83000183105469;38,810001373291016;38,810001373291016;2900
2026-09-25;14:03:00;-03:00;38,810001373291016;38,83000183105469;38,810001373291016;38,83000183105469;229500
2026-09-25;14:04:00;-03:00;38,83000183105469;38,83000183105469;38,810001373291016;38,81999969482422;4000
2026-09-25;14:05:00;-03:00;38,83000183105469;38,84000015258789;38,83000183105469;38,84000015258789;2500
2026-09-25;14:06:00;-03:00;38,84000015258789;38,84000015258789;38,83000183105469;38,84000015258789;1500
2026-09-25;14:07:00;-03:00;38,84000015258789;38,849998474121094;38,83000183105469;38,84000015258789;6500
2026-09-25;14:08:00;-03:00;38,84000015258789;39,0;38,84000015258789;39,0;160700
2026-09-25;14:09:00;-03:00;39,0;39,0;38,970001220703125;38,97999954223633;12700
2026-09-25;14:10:00;-03:00;38,97999954223633;38,9900016784668;38,970001220703125;38,97999954223633;8400
2026-09-25;14:11:00;-03:00;38,97999954223633;39,04999923706055;38,959999084472656;39,02000045776367;122600
2026-09-25;14:12:00;-03:00;39,02000045776367;39,02000045776367;38,97999954223633;39,0;11100
2026-09-25;14:13:00;-03:00;39,0;39,0099983215332;39,0;39,0099983215332;4100
2026-09-25;14:14:00;-03:00;39,0099983215332;39,0099983215332;38,970001220703125;39,0;31300
2026-09-25;14:15:00;-03:00;39,0;39,0;38,959999084472656;38,959999084472656;8800
2026-09-25;14:16:00;-03:00;38,959999084472656;38,970001220703125;38,959999084472656;38,970001220703125;4700
2026-09-25;14:17:00;-03:00;38,970001220703125;38,970001220703125;38,95000076293945;38,959999084472656;2500
2026-09-25;14:18:00;-03:00;38,95000076293945;38,95000076293945;38,93000030517578;38,939998626708984;11800
2026-09-25;14:19:00;-03:00;38,939998626708984;38,939998626708984;38,93000030517578;38,939998626708984;1500
2026-09-25;14:20:00;-03:00;38,939998626708984;39,060001373291016;38,939998626708984;39,060001373291016;107800
2026-09-25;14:21:00;-03:00;39,060001373291016;39,060001373291016;39,040000915527344;39,04999923706055;5800
2026-09-25;14:22:00;-03:00;39,04999923706055;39,060001373291016;39,04999923706055;39,04999923706055;4300
2026-09-25;14:23:00;-03:00;39,04999923706055;39,06999969482422;39,04999923706055;39,06999969482422;9300
2026-09-25;14:24:00;-03:00;39,06999969482422;39,06999969482422;39,04999923706055;39,060001373291016;4900
2026-09-25;14:25:00;-03:00;39,060001373291016;39,06999969482422;39,04999923706055;39,06999969482422;4700
2026-09-25;14:26:00;-03:00;39,060001373291016;39,06999969482422;39,060001373291016;39,06999969482422;2900
2026-09-25;14:27:00;-03:00;39,060001373291016;39,060001373291016;39,04999923706055;39,060001373291016;6100
2026-09-25;14:28:00;-03:00;39,060001373291016;39,060001373291016;39,02000045776367;39,040000915527344;10800
2026-09-25;14:29:00;-03:00;39,040000915527344;39,040000915527344;39,040000915527344;39,040000915527344;3000
2026-09-25;14:30:00;-03:00;39,040000915527344;39,040000915527344;39,040000915527344;39,040000915527344;1300
2026-09-25;14:31:00;-03:00;39,040000915527344;39,040000915527344;39,02000045776367;39,029998779296875;4300
2026-09-25;14:32:00;-03:00;39,029998779296875;39,029998779296875;39,02000045776367;39,029998779296875;1700
2026-09-25;14:33:00;-03:00;39,029998779296875;39,029998779296875;39,0;39,0;4400
2026-09-25;14:34:00;-03:00;39,0;39,0;38,970001220703125;38,97999954223633;4200
2026-09-25;14:35:00;-03:00;38,959999084472656;38,959999084472656;38,939998626708984;38,95000076293945;8300
2026-09-25;14:36:00;-03:00;38,939998626708984;38,95000076293945;38,939998626708984;38,939998626708984;46100
2026-09-25;14:37:00;-03:00;38,939998626708984;38,939998626708984;38,900001525878906;38,900001525878906;6600
2026-09-25;14:38:00;-03:00;38,91999816894531;38,93000030517578;38,900001525878906;38,93000030517578;18300
2026-09-25;14:39:00;-03:00;38,939998626708984;38,959999084472656;38,939998626708984;38,959999084472656;3500
2026-09-25;14:40:00;-03:00;38,959999084472656;38,9900016784668;38,959999084472656;38,97999954223633;4500
2026-09-25;14:41:00;-03:00;38,97999954223633;38,97999954223633;38,95000076293945;38,959999084472656;18200
2026-09-25;14:42:00;-03:00;38,959999084472656;38,959999084472656;38,939998626708984;38,959999084472656;2000
2026-09-25;14:43:00;-03:00;38,959999084472656;38,959999084472656;38,959999084472656;38,959999084472656;300
2026-09-25;14:44:00;-03:00;38,959999084472656;38,959999084472656;38,959999084472656;38,959999084472656;2100
2026-09-25;14:45:00;-03:00;38,959999084472656;38,959999084472656;38,95000076293945;38,959999084472656;1500
2026-09-25;14:46:00;-03:00;38,959999084472656;38,959999084472656;38,95000076293945;38,959999084472656;700
2026-09-25;14:47:00;-03:00;38,95000076293945;38,95000076293945;38,939998626708984;38,95000076293945;6000
2026-09-25;14:48:00;-03:00;38,95000076293945;38,95000076293945;38,939998626708984;38,95000076293945;2200
2026-09-25;14:49:00;-03:00;38,95000076293945;38,95000076293945;38,939998626708984;38,95000076293945;3000
2026-09-25;14:50:00;-03:00;38,95000076293945;38,95000076293945;38,939998626708984;38,939998626708984;2000
2026-09-25;14:51:00;-03:00;38,939998626708984;38,95000076293945;38,93000030517578;38,939998626708984;900
2026-09-25;14:52:00;-03:00;38,93000030517578;38,93000030517578;38,90999984741211;38,93000030517578;3000
2026-09-25;14:53:00;-03:00;38,91999816894531;38,93000030517578;38,90999984741211;38,93000030517578;1600
2026-09-25;14:54:00;-03:00;38,91999816894531;38,93000030517578;38,900001525878906;38,900001525878906;4700
2026-09-25;14:55:00;-03:00;38,91999816894531;38,91999816894531;38,90999984741211;38,90999984741211;2800
2026-09-25;14:56:00;-03:00;38,91999816894531;38,939998626708984;38,91999816894531;38,939998626708984;10100
2026-09-25;14:57:00;-03:00;38,95000076293945;38,959999084472656;38,939998626708984;38,95000076293945;8200
2026-09-25;14:58:00;-03:00;38,95000076293945;38,959999084472656;38,95000076293945;38,959999084472656;1500
2026-09-25;14:59:00;-03:00;38,959999084472656;38,959999084472656;38,939998626708984;38,95000076293945;2200
2026-09-25;15:00:00;-03:00;38,95000076293945;38,959999084472656;38,95000076293945;38,959999084472656;1700
2026-09-25;15:01:00;-03:00;38,959999084472656;38,959999084472656;38,939998626708984;38,95000076293945;3600
2026-09-25;15:02:00;-03:00;38,959999084472656;38,959999084472656;38,95000076293945;38,959999084472656;1100
2026-09-25;15:03:00;-03:00;38,959999084472656;38,959999084472656;38,95000076293945;38,959999084472656;700
2026-09-25;15:04:00;-03:00;38,95000076293945;38,959999084472656;38,95000076293945;38,95000076293945;1100
2026-09-25;15:05:00;-03:00;38,95000076293945;38,959999084472656;38,939998626708984;38,939998626708984;4600
2026-09-25;15:06:00;-03:00;38,95000076293945;38,95000076293945;38,939998626708984;38,939998626708984;9900
2026-09-25;15:07:00;-03:00;38,939998626708984;38,939998626708984;38,93000030517578;38,939998626708984;600
2026-09-25;15:08:00;-03:00;38,939998626708984;38,959999084472656;38,93000030517578;38,959999084472656;12000
2026-09-25;15:09:00;-03:00;38,959999084472656;38,959999084472656;38,93000030517578;38,93000030517578;5900
2026-09-25;15:10:00;-03:00;38,93000030517578;38,95000076293945;38,93000030517578;38,939998626708984;1000
2026-09-25;15:11:00;-03:00;38,95000076293945;38,95000076293945;38,939998626708984;38,95000076293945;1500
2026-09-25;15:12:00;-03:00;38,95000076293945;38,9900016784668;38,939998626708984;38,9900016784668;12300
2026-09-25;15:13:00;-03:00;38,97999954223633;38,97999954223633;38,970001220703125;38,97999954223633;5000
2026-09-25;15:14:00;-03:00;38,9900016784668;38,9900016784668;38,970001220703125;38,9900016784668;24900
2026-09-25;15:15:00;-03:00;38,97999954223633;38,97999954223633;38,970001220703125;38,97999954223633;2500
2026-09-25;15:16:00;-03:00;38,970001220703125;38,97999954223633;38,939998626708984;38,970001220703125;24500
2026-09-25;15:17:00;-03:00;38,97999954223633;38,97999954223633;38,970001220703125;38,970001220703125;500
2026-09-25;15:18:00;-03:00;38,97999954223633;38,97999954223633;38,959999084472656;38,970001220703125;6400
2026-09-25;15:19:00;-03:00;38,97999954223633;38,97999954223633;38,959999084472656;38,959999084472656;2100
2026-09-25;15:20:00;-03:00;38,970001220703125;38,970001220703125;38,939998626708984;38,970001220703125;10900
2026-09-25;15:21:00;-03:00;38,959999084472656;38,970001220703125;38,959999084472656;38,970001220703125;1300
2026-09-25;15:22:00;-03:00;38,959999084472656;38,970001220703125;38,95000076293945;38,970001220703125;2700
2026-09-25;15:23:00;-03:00;38,970001220703125;38,970001220703125;38,959999084472656;38,970001220703125;2300
2026-09-25;15:24:00;-03:00;38,959999084472656;38,970001220703125;38,959999084472656;38,970001220703125;600
2026-09-25;15:25:00;-03:00;38,970001220703125;38,970001220703125;38,959999084472656;38,959999084472656;1300
2026-09-25;15:26:00;-03:00;38,959999084472656;39,0099983215332;38,95000076293945;38,970001220703125;63400
2026-09-25;15:27:00;-03:00;38,959999084472656;38,970001220703125;38,88999938964844;38,90999984741211;65200
2026-09-25;15:28:00;-03:00;38,900001525878906;38,95000076293945;38,880001068115234;38,939998626708984;16800
2026-09-25;15:29:00;-03:00;38,95000076293945;38,959999084472656;38,93000030517578;38,939998626708984;2700
2026-09-25;15:30:00;-03:00;38,939998626708984;38,939998626708984;38,93000030517578;38,939998626708984;5100
2026-09-25;15:31:00;-03:00;38,93000030517578;38,939998626708984;38,93000030517578;38,939998626708984;1500
2026-09-25;15:32:00;-03:00;38,939998626708984;38,939998626708984;38,91999816894531;38,91999816894531;3100
2026-09-25;15:33:00;-03:00;38,91999816894531;38,93000030517578;38,91999816894531;38,93000030517578;1200
2026-09-25;15:34:00;-03:00;38,91999816894531;38,93000030517578;38,91999816894531;38,91999816894531;2400
2026-09-25;15:35:00;-03:00;38,93000030517578;38,93000030517578;38,91999816894531;38,91999816894531;1600
2026-09-25;15:36:00;-03:00;38,91999816894531;38,93000030517578;38,90999984741211;38,93000030517578;6100
2026-09-25;15:37:00;-03:00;38,93000030517578;38,93000030517578;38,90999984741211;38,91999816894531;2700
2026-09-25;15:38:00;-03:00;38,90999984741211;38,939998626708984;38,900001525878906;38,939998626708984;11200
2026-09-25;15:39:00;-03:00;38,95000076293945;38,95000076293945;38,93000030517578;38,939998626708984;1300
2026-09-25;15:40:00;-03:00;38,939998626708984;38,95000076293945;38,939998626708984;38,95000076293945;6700
2026-09-25;15:41:00;-03:00;38,959999084472656;38,959999084472656;38,939998626708984;38,95000076293945;8100
2026-09-25;15:42:00;-03:00;38,95000076293945;38,970001220703125;38,95000076293945;38,959999084472656;5900
2026-09-25;15:43:00;-03:00;38,970001220703125;38,970001220703125;38,959999084472656;38,970001220703125;1200
2026-09-25;15:44:00;-03:00;38,959999084472656;38,970001220703125;38,95000076293945;38,959999084472656;3100
2026-09-25;15:45:00;-03:00;38,970001220703125;38,970001220703125;38,95000076293945;38,95000076293945;400
2026-09-25;15:46:00;-03:00;38,959999084472656;38,959999084472656;38,95000076293945;38,95000076293945;1000
2026-09-25;15:47:00;-03:00;38,95000076293945;38,959999084472656;38,95000076293945;38,95000076293945;1200
2026-09-25;15:48:00;-03:00;38,95000076293945;38,959999084472656;38,95000076293945;38,95000076293945;7400
2026-09-25;15:49:00;-03:00;38,95000076293945;38,959999084472656;38,95000076293945;38,959999084472656;5000
2026-09-25;15:50:00;-03:00;38,959999084472656;38,970001220703125;38,95000076293945;38,970001220703125;8500
2026-09-25;15:51:00;-03:00;38,97999954223633;39,0099983215332;38,970001220703125;39,0099983215332;16300
2026-09-25;15:52:00;-03:00;39,02000045776367;39,02000045776367;39,0099983215332;39,0099983215332;5500
2026-09-25;15:53:00;-03:00;39,02000045776367;39,02000045776367;39,0099983215332;39,02000045776367;1200
2026-09-25;15:54:00;-03:00;39,02000045776367;39,040000915527344;39,02000045776367;39,029998779296875;6900
2026-09-25;15:55:00;-03:00;39,040000915527344;39,040000915527344;39,029998779296875;39,040000915527344;2300
2026-09-25;15:56:00;-03:00;39,040000915527344;39,040000915527344;39,029998779296875;39,040000915527344;1700
2026-09-25;15:57:00;-03:00;39,029998779296875;39,040000915527344;39,029998779296875;39,040000915527344;3900
2026-09-25;15:58:00;-03:00;39,040000915527344;39,040000915527344;39,029998779296875;39,040000915527344;1300
2026-09-25;15:59:00;-03:00;39,029998779296875;39,040000915527344;39,029998779296875;39,040000915527344;2300
2026-09-25;16:00:00;-03:00;39,029998779296875;39,040000915527344;39,029998779296875;39,029998779296875;800
2026-09-25;16:01:00;-03:00;39,029998779296875;39,060001373291016;39,029998779296875;39,029998779296875;33300
2026-09-25;16:02:00;-03:00;39,040000915527344;39,040000915527344;39,029998779296875;39,040000915527344;4300
2026-09-25;16:03:00;-03:00;39,029998779296875;39,029998779296875;39,0099983215332;39,0099983215332;6900
2026-09-25;16:04:00;-03:00;39,0099983215332;39,029998779296875;39,0099983215332;39,029998779296875;6500
2026-09-25;16:05:00;-03:00;39,02000045776367;39,060001373291016;39,02000045776367;39,040000915527344;10800
2026-09-25;16:06:00;-03:00;39,04999923706055;39,04999923706055;39,029998779296875;39,029998779296875;5400
2026-09-25;16:07:00;-03:00;39,029998779296875;39,040000915527344;39,02000045776367;39,040000915527344;2300
2026-09-25;16:08:00;-03:00;39,040000915527344;39,040000915527344;39,02000045776367;39,040000915527344;1900
2026-09-25;16:09:00;-03:00;39,029998779296875;39,040000915527344;39,029998779296875;39,040000915527344;700
2026-09-25;16:10:00;-03:00;39,029998779296875;39,040000915527344;39,029998779296875;39,040000915527344;1300
2026-09-25;16:11:00;-03:00;39,029998779296875;39,040000915527344;39,029998779296875;39,029998779296875;3400
2026-09-25;16:12:00;-03:00;39,040000915527344;39,060001373291016;39,040000915527344;39,060001373291016;15000
2026-09-25;16:13:00;-03:00;39,04999923706055;39,04999923706055;39,029998779296875;39,040000915527344;3500
2026-09-25;16:14:00;-03:00;39,040000915527344;39,04999923706055;39,029998779296875;39,04999923706055;9900
2026-09-25;16:15:00;-03:00;39,04999923706055;39,060001373291016;39,040000915527344;39,04999923706055;12700
2026-09-25;16:16:00;-03:00;39,040000915527344;39,040000915527344;39,02000045776367;39,02000045776367;12900
2026-09-25;16:17:00;-03:00;39,02000045776367;39,029998779296875;39,0099983215332;39,029998779296875;2900
2026-09-25;16:18:00;-03:00;39,029998779296875;39,029998779296875;39,0099983215332;39,029998779296875;1500
2026-09-25;16:19:00;-03:00;39,02000045776367;39,029998779296875;39,0099983215332;39,0099983215332;400
2026-09-25;16:20:00;-03:00;39,02000045776367;39,029998779296875;39,0099983215332;39,029998779296875;6100
2026-09-25;16:21:00;-03:00;39,029998779296875;39,029998779296875;38,97999954223633;39,0;29800
2026-09-25;16:22:00;-03:00;38,9900016784668;39,0;38,97999954223633;38,97999954223633;1900
2026-09-25;16:23:00;-03:00;38,97999954223633;39,0;38,97999954223633;38,9900016784668;2100
2026-09-25;16:24:00;-03:00;39,0;39,0;38,9900016784668;39,0;2800
2026-09-25;16:25:00;-03:00;38,9900016784668;39,0;38,9900016784668;38,9900016784668;14800
2026-09-25;16:26:00;-03:00;38,97999954223633;38,9900016784668;38,97999954223633;38,9900016784668;5600
2026-09-25;16:27:00;-03:00;38,9900016784668;38,9900016784668;38,970001220703125;38,9900016784668;21800
2026-09-25;16:28:00;-03:00;38,9900016784668;39,0;38,9900016784668;39,0;14300
2026-09-25;16:29:00;-03:00;39,0;39,0;38,9900016784668;39,0;2700
2026-09-25;16:30:00;-03:00;38,9900016784668;39,0;38,97999954223633;38,9900016784668;10500
2026-09-25;16:31:00;-03:00;38,9900016784668;38,9900016784668;38,97999954223633;38,9900016784668;2400
2026-09-25;16:32:00;-03:00;38,9900016784668;38,9900016784668;38,97999954223633;38,9900016784668;5900
2026-09-25;16:33:00;-03:00;38,9900016784668;38,9900016784668;38,97999954223633;38,97999954223633;2100
2026-09-25;16:34:00;-03:00;38,9900016784668;38,9900016784668;38,97999954223633;38,9900016784668;3200
2026-09-25;16:35:00;-03:00;38,9900016784668;38,9900016784668;38,97999954223633;38,9900016784668;7200
2026-09-25;16:36:00;-03:00;38,970001220703125;39,0;38,970001220703125;39,0;14200
2026-09-25;16:37:00;-03:00;39,0;39,0;38,9900016784668;39,0;7600
2026-09-25;16:38:00;-03:00;39,0;39,029998779296875;39,0;39,029998779296875;7700
2026-09-25;16:39:00;-03:00;39,0099983215332;39,029998779296875;39,0099983215332;39,029998779296875;7300
2026-09-25;16:40:00;-03:00;39,0099983215332;39,029998779296875;39,0099983215332;39,029998779296875;19600
2026-09-25;16:41:00;-03:00;39,02000045776367;39,040000915527344;39,02000045776367;39,040000915527344;11400
2026-09-25;16:42:00;-03:00;39,029998779296875;39,040000915527344;39,029998779296875;39,040000915527344;4700
2026-09-25;16:43:00;-03:00;39,02000045776367;39,040000915527344;39,02000045776367;39,029998779296875;7200
2026-09-25;16:44:00;-03:00;39,029998779296875;39,029998779296875;39,0099983215332;39,0099983215332;7800
2026-09-25;16:45:00;-03:00;39,02000045776367;39,029998779296875;39,0099983215332;39,02000045776367;8200
2026-09-25;16:46:00;-03:00;39,0099983215332;39,02000045776367;39,0;39,0099983215332;7000
2026-09-25;16:47:00;-03:00;39,0;39,0099983215332;38,9900016784668;39,0;7500
2026-09-25;16:48:00;-03:00;38,9900016784668;39,0099983215332;38,97999954223633;39,0099983215332;32200
2026-09-25;16:49:00;-03:00;39,0;39,0099983215332;38,9900016784668;39,0;12900
2026-09-25;16:50:00;-03:00;38,9900016784668;39,0;38,97999954223633;38,97999954223633;11500
2026-09-25;16:51:00;-03:00;38,97999954223633;38,97999954223633;38,959999084472656;38,970001220703125;15400
2026-09-25;16:52:00;-03:00;38,959999084472656;38,9900016784668;38,939998626708984;38,9900016784668;43800
2026-09-25;16:53:00;-03:00;38,97999954223633;39,0;38,97999954223633;38,9900016784668;4300
2026-09-25;16:54:00;-03:00;39,0;39,0;38,97999954223633;39,0;8500
2026-09-28;10:02:00;-03:00;38,810001373291016;38,810001373291016;38,61000061035156;38,630001068115234;0
2026-09-28;10:03:00;-03:00;38,650001525878906;38,68000030517578;38,5;38,59000015258789;35400
2026-09-28;10:04:00;-03:00;38,59000015258789;38,66999816894531;38,560001373291016;38,59000015258789;12800
2026-09-28;10:05:00;-03:00;38,58000183105469;38,65999984741211;38,58000183105469;38,650001525878906;15800
2026-09-28;10:06:00;-03:00;38,689998626708984;38,720001220703125;38,68000030517578;38,70000076293945;13500
2026-09-28;10:07:00;-03:00;38,70000076293945;38,720001220703125;38,689998626708984;38,709999084472656;2400
2026-09-28;10:08:00;-03:00;38,709999084472656;38,709999084472656;38,65999984741211;38,65999984741211;42900
2026-09-28;10:09:00;-03:00;38,65999984741211;38,66999816894531;38,63999938964844;38,66999816894531;42500
2026-09-28;10:10:00;-03:00;38,650001525878906;38,65999984741211;38,619998931884766;38,619998931884766;3100
2026-09-28;10:11:00;-03:00;38,619998931884766;38,63999938964844;38,61000061035156;38,61000061035156;3100
2026-09-28;10:12:00;-03:00;38,599998474121094;38,619998931884766;38,599998474121094;38,61000061035156;44500
2026-09-28;10:13:00;-03:00;38,61000061035156;38,630001068115234;38,599998474121094;38,630001068115234;1500
2026-09-28;10:14:00;-03:00;38,619998931884766;38,630001068115234;38,61000061035156;38,61000061035156;1900
2026-09-28;10:15:00;-03:00;38,619998931884766;38,619998931884766;38,61000061035156;38,619998931884766;400
2026-09-28;10:16:00;-03:00;38,63999938964844;38,63999938964844;38,630001068115234;38,630001068115234;400
2026-09-28;10:17:00;-03:00;38,650001525878906;38,65999984741211;38,59000015258789;38,650001525878906;15100
2026-09-28;10:18:00;-03:00;38,66999816894531;38,689998626708984;38,63999938964844;38,650001525878906;1400
2026-09-28;10:19:00;-03:00;38,630001068115234;38,65999984741211;38,630001068115234;38,63999938964844;2100
2026-09-28;10:20:00;-03:00;38,650001525878906;38,70000076293945;38,63999938964844;38,70000076293945;5100
2026-09-28;10:21:00;-03:00;38,70000076293945;38,720001220703125;38,689998626708984;38,70000076293945;25600
2026-09-28;10:22:00;-03:00;38,70000076293945;38,70000076293945;38,70000076293945;38,70000076293945;5100
2026-09-28;10:23:00;-03:00;38,70000076293945;38,75;38,70000076293945;38,7400016784668;8200
2026-09-28;10:24:00;-03:00;38,77000045776367;38,77000045776367;38,75;38,7599983215332;5600
2026-09-28;10:25:00;-03:00;38,75;38,75;38,7400016784668;38,75;2600
2026-09-28;10:26:00;-03:00;38,7599983215332;38,83000183105469;38,7599983215332;38,810001373291016;47800
2026-09-28;10:27:00;-03:00;38,810001373291016;38,810001373291016;38,7599983215332;38,790000915527344;4100
2026-09-28;10:28:00;-03:00;38,790000915527344;38,810001373291016;38,779998779296875;38,779998779296875;1900
2026-09-28;10:29:00;-03:00;38,77000045776367;38,77000045776367;38,7599983215332;38,7599983215332;1300
2026-09-28;10:30:00;-03:00;38,75;38,790000915527344;38,72999954223633;38,77000045776367;31900
2026-09-28;10:31:00;-03:00;38,779998779296875;38,83000183105469;38,77000045776367;38,83000183105469;2600
2026-09-28;10:32:00;-03:00;38,83000183105469;38,86000061035156;38,810001373291016;38,83000183105469;3300
2026-09-28;10:33:00;-03:00;38,849998474121094;38,86000061035156;38,84000015258789;38,849998474121094;11600
2026-09-28;10:34:00;-03:00;38,83000183105469;38,849998474121094;38,81999969482422;38,84000015258789;3900
2026-09-28;10:35:00;-03:00;38,880001068115234;38,91999816894531;38,880001068115234;38,91999816894531;5800
2026-09-28;10:36:00;-03:00;38,91999816894531;38,93000030517578;38,88999938964844;38,900001525878906;6000
2026-09-28;10:37:00;-03:00;38,900001525878906;38,93000030517578;38,88999938964844;38,900001525878906;3500
2026-09-28;10:38:00;-03:00;38,88999938964844;38,88999938964844;38,86000061035156;38,88999938964844;900
2026-09-28;10:39:00;-03:00;38,88999938964844;38,91999816894531;38,88999938964844;38,91999816894531;4500
2026-09-28;10:40:00;-03:00;38,93000030517578;38,939998626708984;38,91999816894531;38,939998626708984;2700
2026-09-28;10:41:00;-03:00;38,939998626708984;38,959999084472656;38,90999984741211;38,93000030517578;25400
2026-09-28;10:42:00;-03:00;38,93000030517578;38,939998626708984;38,90999984741211;38,93000030517578;3200
2026-09-28;10:43:00;-03:00;38,93000030517578;38,93000030517578;38,86000061035156;38,869998931884766;46000
2026-09-28;10:44:00;-03:00;38,880001068115234;38,88999938964844;38,869998931884766;38,880001068115234;11500
2026-09-28;10:45:00;-03:00;38,880001068115234;38,88999938964844;38,83000183105469;38,880001068115234;39800
2026-09-28;10:46:00;-03:00;38,880001068115234;38,880001068115234;38,84000015258789;38,84000015258789;8200
2026-09-28;10:47:00;-03:00;38,849998474121094;38,869998931884766;38,849998474121094;38,869998931884766;5800
2026-09-28;10:48:00;-03:00;38,849998474121094;38,869998931884766;38,810001373291016;38,810001373291016;14300
2026-09-28;10:49:00;-03:00;38,810001373291016;38,810001373291016;38,7599983215332;38,779998779296875;12200
2026-09-28;10:50:00;-03:00;38,790000915527344;38,790000915527344;38,70000076293945;38,75;32500
2026-09-28;10:51:00;-03:00;38,7400016784668;38,75;38,720001220703125;38,75;2400
2026-09-28;10:52:00;-03:00;38,7400016784668;38,7400016784668;38,70000076293945;38,709999084472656;9200
2026-09-28;10:53:00;-03:00;38,70000076293945;38,70000076293945;38,650001525878906;38,650001525878906;44600
2026-09-28;10:54:00;-03:00;38,65999984741211;38,65999984741211;38,630001068115234;38,65999984741211;3700
2026-09-28;10:55:00;-03:00;38,63999938964844;38,63999938964844;38,58000183105469;38,59000015258789;23000
2026-09-28;10:56:00;-03:00;38,59000015258789;38,59000015258789;38,52000045776367;38,52000045776367;12900
2026-09-28;10:57:00;-03:00;38,52000045776367;38,540000915527344;38,5099983215332;38,5099983215332;8500
2026-09-28;10:58:00;-03:00;38,52000045776367;38,529998779296875;38,470001220703125;38,4900016784668;12500
2026-09-28;10:59:00;-03:00;38,4900016784668;38,52000045776367;38,47999954223633;38,52000045776367;14600
2026-09-28;11:00:00;-03:00;38,52000045776367;38,54999923706055;38,52000045776367;38,540000915527344;3900
2026-09-28;11:01:00;-03:00;38,529998779296875;38,540000915527344;38,52000045776367;38,540000915527344;4100
2026-09-28;11:02:00;-03:00;38,540000915527344;38,560001373291016;38,529998779296875;38,560001373291016;2800
2026-09-28;11:03:00;-03:00;38,560001373291016;38,560001373291016;38,54999923706055;38,560001373291016;5000
2026-09-28;11:04:00;-03:00;38,56999969482422;38,58000183105469;38,54999923706055;38,54999923706055;3000
2026-09-28;11:05:00;-03:00;38,54999923706055;38,56999969482422;38,54999923706055;38,56999969482422;3500
2026-09-28;11:06:00;-03:00;38,58000183105469;38,599998474121094;38,56999969482422;38,599998474121094;2200
2026-09-28;11:07:00;-03:00;38,61000061035156;38,63999938964844;38,61000061035156;38,63999938964844;5300
2026-09-28;11:08:00;-03:00;38,63999938964844;38,63999938964844;38,630001068115234;38,630001068115234;3900
2026-09-28;11:09:00;-03:00;38,630001068115234;38,630001068115234;38,619998931884766;38,630001068115234;2300
2026-09-28;11:10:00;-03:00;38,630001068115234;38,65999984741211;38,630001068115234;38,65999984741211;2200
2026-09-28;11:11:00;-03:00;38,65999984741211;38,70000076293945;38,650001525878906;38,70000076293945;17500
2026-09-28;11:12:00;-03:00;38,709999084472656;38,75;38,709999084472656;38,75;16200
2026-09-28;11:13:00;-03:00;38,75;38,7599983215332;38,75;38,75;21300
2026-09-28;11:14:00;-03:00;38,75;38,75;38,68000030517578;38,689998626708984;22900
2026-09-28;11:15:00;-03:00;38,70000076293945;38,709999084472656;38,689998626708984;38,689998626708984;6300
2026-09-28;11:16:00;-03:00;38,70000076293945;38,720001220703125;38,70000076293945;38,720001220703125;3900
2026-09-28;11:17:00;-03:00;38,72999954223633;38,77000045776367;38,72999954223633;38,77000045776367;9100
2026-09-28;11:18:00;-03:00;38,779998779296875;38,79999923706055;38,7599983215332;38,7599983215332;25500
2026-09-28;11:19:00;-03:00;38,7599983215332;38,779998779296875;38,75;38,77000045776367;4500
2026-09-28;11:20:00;-03:00;38,77000045776367;38,779998779296875;38,77000045776367;38,77000045776367;3700
2026-09-28;11:21:00;-03:00;38,7599983215332;38,7599983215332;38,75;38,7599983215332;2900
2026-09-28;11:22:00;-03:00;38,77000045776367;38,779998779296875;38,77000045776367;38,77000045776367;3300
2026-09-28;11:23:00;-03:00;38,77000045776367;38,77000045776367;38,709999084472656;38,72999954223633;17000
2026-09-28;11:24:00;-03:00;38,72999954223633;38,72999954223633;38,709999084472656;38,709999084472656;3100
2026-09-28;11:25:00;-03:00;38,709999084472656;38,709999084472656;38,68000030517578;38,689998626708984;5200
2026-09-28;11:26:00;-03:00;38,689998626708984;38,70000076293945;38,689998626708984;38,70000076293945;4000
2026-09-28;11:27:00;-03:00;38,70000076293945;38,709999084472656;38,689998626708984;38,689998626708984;3100
2026-09-28;11:28:00;-03:00;38,689998626708984;38,689998626708984;38,66999816894531;38,68000030517578;2200
2026-09-28;11:29:00;-03:00;38,689998626708984;38,7400016784668;38,689998626708984;38,7400016784668;11200
2026-09-28;11:30:00;-03:00;38,72999954223633;38,72999954223633;38,709999084472656;38,709999084472656;1600
2026-09-28;11:31:00;-03:00;38,720001220703125;38,72999954223633;38,65999984741211;38,66999816894531;7200
2026-09-28;11:32:00;-03:00;38,65999984741211;38,66999816894531;38,650001525878906;38,650001525878906;1600
2026-09-28;11:33:00;-03:00;38,650001525878906;38,70000076293945;38,650001525878906;38,70000076293945;9100
2026-09-28;11:34:00;-03:00;38,689998626708984;38,70000076293945;38,68000030517578;38,68000030517578;1600
2026-09-28;11:35:00;-03:00;38,689998626708984;38,689998626708984;38,65999984741211;38,66999816894531;4300
2026-09-28;11:36:00;-03:00;38,66999816894531;38,7599983215332;38,66999816894531;38,7400016784668;37400
2026-09-28;11:37:00;-03:00;38,7400016784668;38,75;38,63999938964844;38,650001525878906;32300
2026-09-28;11:38:00;-03:00;38,65999984741211;38,66999816894531;38,650001525878906;38,66999816894531;4500
2026-09-28;11:39:00;-03:00;38,68000030517578;38,68000030517578;38,65999984741211;38,66999816894531;2100
2026-09-28;11:40:00;-03:00;38,66999816894531;38,68000030517578;38,65999984741211;38,68000030517578;5900
2026-09-28;11:41:00;-03:00;38,65999984741211;38,720001220703125;38,650001525878906;38,70000076293945;21600
2026-09-28;11:42:00;-03:00;38,70000076293945;38,709999084472656;38,66999816894531;38,66999816894531;4500
2026-09-28;11:43:00;-03:00;38,66999816894531;38,68000030517578;38,65999984741211;38,68000030517578;1900
2026-09-28;11:44:00;-03:00;38,68000030517578;38,68000030517578;38,65999984741211;38,65999984741211;6000
2026-09-28;11:45:00;-03:00;38,65999984741211;38,65999984741211;38,650001525878906;38,650001525878906;1600
2026-09-28;11:46:00;-03:00;38,63999938964844;38,650001525878906;38,619998931884766;38,619998931884766;3300
2026-09-28;11:47:00;-03:00;38,630001068115234;38,630001068115234;38,599998474121094;38,599998474121094;3800
2026-09-28;11:48:00;-03:00;38,599998474121094;38,61000061035156;38,599998474121094;38,599998474121094;600
2026-09-28;11:49:00;-03:00;38,61000061035156;38,61000061035156;38,560001373291016;38,560001373291016;19800
2026-09-28;11:50:00;-03:00;38,560001373291016;38,59000015258789;38,560001373291016;38,58000183105469;9700
2026-09-28;11:51:00;-03:00;38,58000183105469;38,59000015258789;38,529998779296875;38,529998779296875;7300
2026-09-28;11:52:00;-03:00;38,540000915527344;38,54999923706055;38,529998779296875;38,529998779296875;2300
2026-09-28;11:53:00;-03:00;38,529998779296875;38,540000915527344;38,52000045776367;38,52000045776367;4700
2026-09-28;11:54:00;-03:00;38,5099983215332;38,529998779296875;38,5099983215332;38,52000045776367;4100
2026-09-28;11:55:00;-03:00;38,5099983215332;38,5099983215332;38,5099983215332;38,5099983215332;5500
2026-09-28;11:56:00;-03:00;38,5099983215332;38,529998779296875;38,5099983215332;38,529998779296875;12500
2026-09-28;11:57:00;-03:00;38,540000915527344;38,54999923706055;38,529998779296875;38,529998779296875;4900
2026-09-28;11:58:00;-03:00;38,540000915527344;38,54999923706055;38,540000915527344;38,540000915527344;4900
2026-09-28;11:59:00;-03:00;38,54999923706055;38,54999923706055;38,529998779296875;38,54999923706055;1100
2026-09-28;12:00:00;-03:00;38,540000915527344;38,540000915527344;38,4900016784668;38,5099983215332;38900
2026-09-28;12:01:00;-03:00;38,5099983215332;38,52000045776367;38,4900016784668;38,4900016784668;2200
2026-09-28;12:02:00;-03:00;38,4900016784668;38,5;38,47999954223633;38,4900016784668;3300
2026-09-28;12:03:00;-03:00;38,4900016784668;38,5099983215332;38,4900016784668;38,5;10900
2026-09-28;12:04:00;-03:00;38,5;38,5099983215332;38,4900016784668;38,4900016784668;2800
2026-09-28;12:05:00;-03:00;38,5;38,5;38,439998626708984;38,459999084472656;26600
2026-09-28;12:06:00;-03:00;38,45000076293945;38,45000076293945;38,439998626708984;38,45000076293945;4600
2026-09-28;12:07:00;-03:00;38,459999084472656;38,47999954223633;38,459999084472656;38,470001220703125;17300
2026-09-28;12:08:00;-03:00;38,470001220703125;38,470001220703125;38,459999084472656;38,470001220703125;2100
2026-09-28;12:09:00;-03:00;38,47999954223633;38,4900016784668;38,470001220703125;38,47999954223633;8500
2026-09-28;12:10:00;-03:00;38,47999954223633;38,47999954223633;38,459999084472656;38,459999084472656;13000
2026-09-28;12:11:00;-03:00;38,459999084472656;38,470001220703125;38,459999084472656;38,459999084472656;3300
2026-09-28;12:12:00;-03:00;38,47999954223633;38,4900016784668;38,470001220703125;38,4900016784668;6500
2026-09-28;12:13:00;-03:00;38,4900016784668;38,4900016784668;38,47999954223633;38,47999954223633;5900
2026-09-28;12:14:00;-03:00;38,4900016784668;38,5099983215332;38,47999954223633;38,47999954223633;7600
2026-09-28;12:15:00;-03:00;38,47999954223633;38,4900016784668;38,459999084472656;38,4900016784668;2700
2026-09-28;12:16:00;-03:00;38,4900016784668;38,4900016784668;38,47999954223633;38,47999954223633;1300
2026-09-28;12:17:00;-03:00;38,47999954223633;38,47999954223633;38,470001220703125;38,470001220703125;600
2026-09-28;12:18:00;-03:00;38,47999954223633;38,5099983215332;38,470001220703125;38,4900016784668;11600
2026-09-28;12:19:00;-03:00;38,4900016784668;38,4900016784668;38,47999954223633;38,47999954223633;600
2026-09-28;12:20:00;-03:00;38,47999954223633;38,4900016784668;38,470001220703125;38,47999954223633;4600
2026-09-28;12:21:00;-03:00;38,47999954223633;38,4900016784668;38,470001220703125;38,47999954223633;5100
2026-09-28;12:22:00;-03:00;38,4900016784668;38,4900016784668;38,470001220703125;38,47999954223633;9900
2026-09-28;12:23:00;-03:00;38,470001220703125;38,5099983215332;38,470001220703125;38,4900016784668;9400
2026-09-28;12:24:00;-03:00;38,5;38,5;38,47999954223633;38,47999954223633;1200
2026-09-28;12:25:00;-03:00;38,470001220703125;38,5;38,470001220703125;38,5;8400
2026-09-28;12:26:00;-03:00;38,5;38,5;38,47999954223633;38,5;2000
2026-09-28;12:27:00;-03:00;38,5;38,5;38,47999954223633;38,4900016784668;400
2026-09-28;12:28:00;-03:00;38,4900016784668;38,4900016784668;38,459999084472656;38,459999084472656;10600
2026-09-28;12:29:00;-03:00;38,459999084472656;38,47999954223633;38,459999084472656;38,459999084472656;3100
2026-09-28;12:30:00;-03:00;38,470001220703125;38,47999954223633;38,459999084472656;38,459999084472656;5100
2026-09-28;12:31:00;-03:00;38,470001220703125;38,4900016784668;38,470001220703125;38,4900016784668;6700
2026-09-28;12:32:00;-03:00;38,4900016784668;38,56999969482422;38,4900016784668;38,529998779296875;24400
2026-09-28;12:33:00;-03:00;38,529998779296875;38,540000915527344;38,52000045776367;38,529998779296875;1800
2026-09-28;12:34:00;-03:00;38,5099983215332;38,529998779296875;38,5099983215332;38,529998779296875;5000
2026-09-28;12:35:00;-03:00;38,540000915527344;38,540000915527344;38,52000045776367;38,540000915527344;1900
2026-09-28;12:36:00;-03:00;38,540000915527344;38,56999969482422;38,540000915527344;38,56999969482422;8900
2026-09-28;12:37:00;-03:00;38,560001373291016;38,56999969482422;38,540000915527344;38,560001373291016;6300
2026-09-28;12:38:00;-03:00;38,56999969482422;38,56999969482422;38,54999923706055;38,560001373291016;13700
2026-09-28;12:39:00;-03:00;38,56999969482422;38,599998474121094;38,56999969482422;38,59000015258789;17300
2026-09-28;12:40:00;-03:00;38,59000015258789;38,59000015258789;38,58000183105469;38,58000183105469;1600
2026-09-28;12:41:00;-03:00;38,58000183105469;38,599998474121094;38,56999969482422;38,56999969482422;11600
2026-09-28;12:42:00;-03:00;38,59000015258789;38,59000015258789;38,58000183105469;38,59000015258789;2600
2026-09-28;12:43:00;-03:00;38,59000015258789;38,59000015258789;38,59000015258789;38,59000015258789;600
2026-09-28;12:44:00;-03:00;38,58000183105469;38,59000015258789;38,560001373291016;38,560001373291016;4200
2026-09-28;12:45:00;-03:00;38,560001373291016;38,56999969482422;38,54999923706055;38,560001373291016;2500
2026-09-28;12:46:00;-03:00;38,560001373291016;38,56999969482422;38,560001373291016;38,560001373291016;12000
2026-09-28;12:47:00;-03:00;38,56999969482422;38,58000183105469;38,56999969482422;38,58000183105469;6500
2026-09-28;12:48:00;-03:00;38,59000015258789;38,599998474121094;38,58000183105469;38,58000183105469;6700
2026-09-28;12:49:00;-03:00;38,56999969482422;38,56999969482422;38,560001373291016;38,560001373291016;5300
2026-09-28;12:50:00;-03:00;38,56999969482422;38,58000183105469;38,56999969482422;38,58000183105469;600
2026-09-28;12:51:00;-03:00;38,58000183105469;38,599998474121094;38,560001373291016;38,59000015258789;19200
2026-09-28;12:52:00;-03:00;38,59000015258789;38,599998474121094;38,58000183105469;38,58000183105469;3100
2026-09-28;12:53:00;-03:00;38,58000183105469;38,58000183105469;38,560001373291016;38,560001373291016;8500
2026-09-28;12:54:00;-03:00;38,56999969482422;38,599998474121094;38,56999969482422;38,599998474121094;13500
2026-09-28;12:55:00;-03:00;38,599998474121094;38,599998474121094;38,59000015258789;38,599998474121094;1000
2026-09-28;12:56:00;-03:00;38,599998474121094;38,599998474121094;38,58000183105469;38,58000183105469;2300
2026-09-28;12:57:00;-03:00;38,58000183105469;38,59000015258789;38,56999969482422;38,59000015258789;2400
2026-09-28;12:58:00;-03:00;38,58000183105469;38,59000015258789;38,56999969482422;38,56999969482422;2600
2026-09-28;12:59:00;-03:00;38,59000015258789;38,59000015258789;38,56999969482422;38,59000015258789;15300
2026-09-28;13:00:00;-03:00;38,59000015258789;38,59000015258789;38,560001373291016;38,560001373291016;11100
2026-09-28;13:01:00;-03:00;38,58000183105469;38,58000183105469;38,560001373291016;38,56999969482422;2800
2026-09-28;13:02:00;-03:00;38,56999969482422;38,56999969482422;38,560001373291016;38,56999969482422;700
2026-09-28;13:03:00;-03:00;38,560001373291016;38,560001373291016;38,529998779296875;38,529998779296875;7800
2026-09-28;13:04:00;-03:00;38,54999923706055;38,560001373291016;38,540000915527344;38,54999923706055;7500
2026-09-28;13:05:00;-03:00;38,560001373291016;38,59000015258789;38,54999923706055;38,59000015258789;9500
2026-09-28;13:06:00;-03:00;38,58000183105469;38,58000183105469;38,56999969482422;38,58000183105469;1300
2026-09-28;13:07:00;-03:00;38,58000183105469;38,58000183105469;38,56999969482422;38,58000183105469;1100
2026-09-28;13:08:00;-03:00;38,58000183105469;38,58000183105469;38,56999969482422;38,58000183105469;1100
2026-09-28;13:09:00;-03:00;38,58000183105469;38,59000015258789;38,56999969482422;38,56999969482422;13000
2026-09-28;13:10:00;-03:00;38,56999969482422;38,58000183105469;38,56999969482422;38,56999969482422;2500
2026-09-28;13:11:00;-03:00;38,56999969482422;38,56999969482422;38,540000915527344;38,54999923706055;9000
2026-09-28;13:12:00;-03:00;38,540000915527344;38,54999923706055;38,540000915527344;38,540000915527344;4800
2026-09-28;13:13:00;-03:00;38,540000915527344;38,540000915527344;38,529998779296875;38,529998779296875;16300
2026-09-28;13:14:00;-03:00;38,529998779296875;38,540000915527344;38,529998779296875;38,540000915527344;1400
2026-09-28;13:15:00;-03:00;38,540000915527344;38,540000915527344;38,529998779296875;38,540000915527344;700
2026-09-28;13:16:00;-03:00;38,540000915527344;38,59000015258789;38,52000045776367;38,59000015258789;23700
2026-09-28;13:17:00;-03:00;38,59000015258789;38,599998474121094;38,56999969482422;38,59000015258789;2000
2026-09-28;13:18:00;-03:00;38,58000183105469;38,59000015258789;38,58000183105469;38,59000015258789;4300
2026-09-28;13:19:00;-03:00;38,58000183105469;38,58000183105469;38,56999969482422;38,56999969482422;1300
2026-09-28;13:20:00;-03:00;38,59000015258789;38,7400016784668;38,58000183105469;38,7400016784668;35200
2026-09-28;13:21:00;-03:00;38,7400016784668;38,75;38,72999954223633;38,7400016784668;5700
2026-09-28;13:22:00;-03:00;38,7400016784668;38,7400016784668;38,72999954223633;38,7400016784668;7000
2026-09-28;13:23:00;-03:00;38,72999954223633;38,72999954223633;38,709999084472656;38,72999954223633;12500
2026-09-28;13:24:00;-03:00;38,72999954223633;38,77000045776367;38,72999954223633;38,77000045776367;44800
2026-09-28;13:25:00;-03:00;38,779998779296875;38,79999923706055;38,77000045776367;38,79999923706055;16900
2026-09-28;13:26:00;-03:00;38,779998779296875;38,849998474121094;38,779998779296875;38,849998474121094;36100
2026-09-28;13:27:00;-03:00;38,83000183105469;38,84000015258789;38,81999969482422;38,81999969482422;10300
2026-09-28;13:28:00;-03:00;38,810001373291016;38,81999969482422;38,790000915527344;38,810001373291016;6100
2026-09-28;13:29:00;-03:00;38,810001373291016;38,83000183105469;38,790000915527344;38,810001373291016;9000
2026-09-28;13:30:00;-03:00;38,79999923706055;38,79999923706055;38,7599983215332;38,790000915527344;9900
2026-09-28;13:31:00;-03:00;38,77000045776367;38,77000045776367;38,75;38,75;4400
2026-09-28;13:32:00;-03:00;38,77000045776367;38,779998779296875;38,77000045776367;38,77000045776367;8300
2026-09-28;13:33:00;-03:00;38,7599983215332;38,77000045776367;38,7400016784668;38,7400016784668;4000
2026-09-28;13:34:00;-03:00;38,7599983215332;38,77000045776367;38,7599983215332;38,7599983215332;19900
2026-09-28;13:35:00;-03:00;38,7599983215332;38,77000045776367;38,7599983215332;38,77000045776367;3100
2026-09-28;13:36:00;-03:00;38,77000045776367;38,77000045776367;38,7599983215332;38,77000045776367;1900
2026-09-28;13:37:00;-03:00;38,7599983215332;38,7599983215332;38,75;38,7599983215332;4700
2026-09-28;13:38:00;-03:00;38,7599983215332;38,7599983215332;38,7400016784668;38,75;2200
2026-09-28;13:39:00;-03:00;38,7400016784668;38,75;38,7400016784668;38,7400016784668;2400
2026-09-28;13:40:00;-03:00;38,75;38,75;38,709999084472656;38,720001220703125;10800
2026-09-28;13:41:00;-03:00;38,720001220703125;38,72999954223633;38,709999084472656;38,72999954223633;12700
2026-09-28;13:42:00;-03:00;38,720001220703125;38,720001220703125;38,630001068115234;38,650001525878906;49200
2026-09-28;13:43:00;-03:00;38,650001525878906;38,66999816894531;38,650001525878906;38,65999984741211;2300
2026-09-28;13:44:00;-03:00;38,66999816894531;38,66999816894531;38,65999984741211;38,66999816894531;3900
2026-09-28;13:45:00;-03:00;38,65999984741211;38,68000030517578;38,61000061035156;38,61000061035156;28500
2026-09-28;13:46:00;-03:00;38,619998931884766;38,630001068115234;38,61000061035156;38,61000061035156;8100
2026-09-28;13:47:00;-03:00;38,630001068115234;38,630001068115234;38,58000183105469;38,58000183105469;28100
2026-09-28;13:48:00;-03:00;38,58000183105469;38,599998474121094;38,58000183105469;38,59000015258789;39400
2026-09-28;13:49:00;-03:00;38,599998474121094;38,61000061035156;38,599998474121094;38,61000061035156;11200
2026-09-28;13:50:00;-03:00;38,61000061035156;38,619998931884766;38,61000061035156;38,619998931884766;2200
2026-09-28;13:51:00;-03:00;38,619998931884766;38,619998931884766;38,599998474121094;38,599998474121094;1800
2026-09-28;13:52:00;-03:00;38,619998931884766;38,630001068115234;38,619998931884766;38,630001068115234;8400
2026-09-28;13:53:00;-03:00;38,630001068115234;38,630001068115234;38,61000061035156;38,619998931884766;4200
2026-09-28;13:54:00;-03:00;38,630001068115234;38,630001068115234;38,61000061035156;38,630001068115234;4100
2026-09-28;13:55:00;-03:00;38,630001068115234;38,630001068115234;38,619998931884766;38,630001068115234;500
2026-09-28;13:56:00;-03:00;38,630001068115234;38,630001068115234;38,619998931884766;38,630001068115234;1600
2026-09-28;13:57:00;-03:00;38,619998931884766;38,630001068115234;38,61000061035156;38,619998931884766;3800
2026-09-28;13:58:00;-03:00;38,619998931884766;38,66999816894531;38,619998931884766;38,66999816894531;20600
2026-09-28;13:59:00;-03:00;38,66999816894531;38,66999816894531;38,66999816894531;38,66999816894531;1500
2026-09-28;14:00:00;-03:00;38,65999984741211;38,66999816894531;38,650001525878906;38,650001525878906;8800
2026-09-28;14:01:00;-03:00;38,65999984741211;38,65999984741211;38,630001068115234;38,63999938964844;9000
2026-09-28;14:02:00;-03:00;38,650001525878906;38,650001525878906;38,58000183105469;38,599998474121094;73300
2026-09-28;14:03:00;-03:00;38,599998474121094;38,599998474121094;38,59000015258789;38,599998474121094;20300
2026-09-28;14:04:00;-03:00;38,599998474121094;38,599998474121094;38,56999969482422;38,56999969482422;9000
2026-09-28;14:05:00;-03:00;38,560001373291016;38,56999969482422;38,560001373291016;38,56999969482422;5400
2026-09-28;14:06:00;-03:00;38,56999969482422;38,56999969482422;38,56999969482422;38,56999969482422;100
2026-09-28;14:07:00;-03:00;38,56999969482422;38,56999969482422;38,52000045776367;38,52000045776367;18900
2026-09-28;14:08:00;-03:00;38,540000915527344;38,56999969482422;38,540000915527344;38,56999969482422;21600
2026-09-28;14:09:00;-03:00;38,56999969482422;38,59000015258789;38,56999969482422;38,58000183105469;20800
2026-09-28;14:10:00;-03:00;38,56999969482422;38,58000183105469;38,56999969482422;38,56999969482422;1300
2026-09-28;14:11:00;-03:00;38,56999969482422;38,65999984741211;38,560001373291016;38,63999938964844;39900
2026-09-28;14:12:00;-03:00;38,650001525878906;38,70000076293945;38,63999938964844;38,65999984741211;17800
2026-09-28;14:13:00;-03:00;38,65999984741211;38,66999816894531;38,63999938964844;38,65999984741211;5400
2026-09-28;14:14:00;-03:00;38,65999984741211;38,65999984741211;38,630001068115234;38,65999984741211;15700
2026-09-28;14:15:00;-03:00;38,650001525878906;38,650001525878906;38,630001068115234;38,630001068115234;5100
2026-09-28;14:16:00;-03:00;38,630001068115234;38,63999938964844;38,619998931884766;38,630001068115234;4800
2026-09-28;14:17:00;-03:00;38,63999938964844;38,63999938964844;38,61000061035156;38,61000061035156;7200
2026-09-28;14:18:00;-03:00;38,61000061035156;38,61000061035156;38,599998474121094;38,599998474121094;3900
2026-09-28;14:19:00;-03:00;38,59000015258789;38,599998474121094;38,58000183105469;38,59000015258789;2700
2026-09-28;14:20:00;-03:00;38,58000183105469;38,59000015258789;38,58000183105469;38,59000015258789;2000
2026-09-28;14:21:00;-03:00;38,58000183105469;38,59000015258789;38,56999969482422;38,56999969482422;4300
2026-09-28;14:22:00;-03:00;38,58000183105469;38,599998474121094;38,56999969482422;38,599998474121094;24300
2026-09-28;14:23:00;-03:00;38,599998474121094;38,630001068115234;38,599998474121094;38,630001068115234;19400
2026-09-28;14:24:00;-03:00;38,619998931884766;38,619998931884766;38,619998931884766;38,619998931884766;2300
2026-09-28;14:25:00;-03:00;38,619998931884766;38,619998931884766;38,61000061035156;38,61000061035156;4200
2026-09-28;14:26:00;-03:00;38,61000061035156;38,61000061035156;38,599998474121094;38,61000061035156;7700
2026-09-28;14:27:00;-03:00;38,61000061035156;38,630001068115234;38,61000061035156;38,630001068115234;13400
2026-09-28;14:28:00;-03:00;38,630001068115234;38,630001068115234;38,630001068115234;38,630001068115234;2300
2026-09-28;14:29:00;-03:00;38,630001068115234;38,630001068115234;38,619998931884766;38,619998931884766;4000
2026-09-28;14:30:00;-03:00;38,619998931884766;38,65999984741211;38,619998931884766;38,63999938964844;22700
2026-09-28;14:31:00;-03:00;38,650001525878906;38,650001525878906;38,630001068115234;38,630001068115234;6500
2026-09-28;14:32:00;-03:00;38,63999938964844;38,68000030517578;38,630001068115234;38,66999816894531;29200
2026-09-28;14:33:00;-03:00;38,68000030517578;38,689998626708984;38,66999816894531;38,66999816894531;7400
2026-09-28;14:34:00;-03:00;38,65999984741211;38,66999816894531;38,65999984741211;38,66999816894531;6300
2026-09-28;14:35:00;-03:00;38,66999816894531;38,66999816894531;38,65999984741211;38,66999816894531;3000
2026-09-28;14:36:00;-03:00;38,65999984741211;38,66999816894531;38,65999984741211;38,66999816894531;2400
2026-09-28;14:37:00;-03:00;38,66999816894531;38,66999816894531;38,65999984741211;38,65999984741211;3200
2026-09-28;14:38:00;-03:00;38,65999984741211;38,66999816894531;38,650001525878906;38,66999816894531;10800
2026-09-28;14:39:00;-03:00;38,66999816894531;38,66999816894531;38,65999984741211;38,65999984741211;3400
2026-09-28;14:40:00;-03:00;38,650001525878906;38,66999816894531;38,650001525878906;38,65999984741211;1800
2026-09-28;14:41:00;-03:00;38,65999984741211;38,66999816894531;38,63999938964844;38,63999938964844;16800
2026-09-28;14:42:00;-03:00;38,63999938964844;38,63999938964844;38,630001068115234;38,63999938964844;2300
2026-09-28;14:43:00;-03:00;38,63999938964844;38,650001525878906;38,630001068115234;38,650001525878906;6800
2026-09-28;14:44:00;-03:00;38,63999938964844;38,650001525878906;38,630001068115234;38,63999938964844;4900
2026-09-28;14:45:00;-03:00;38,630001068115234;38,63999938964844;38,630001068115234;38,630001068115234;3400
2026-09-28;14:46:00;-03:00;38,619998931884766;38,630001068115234;38,61000061035156;38,619998931884766;3700
2026-09-28;14:47:00;-03:00;38,61000061035156;38,650001525878906;38,61000061035156;38,619998931884766;33200
2026-09-28;14:48:00;-03:00;38,61000061035156;38,61000061035156;38,59000015258789;38,61000061035156;8800
2026-09-28;14:49:00;-03:00;38,619998931884766;38,630001068115234;38,619998931884766;38,619998931884766;84100
2026-09-28;14:50:00;-03:00;38,630001068115234;38,630001068115234;38,61000061035156;38,619998931884766;12300
2026-09-28;14:51:00;-03:00;38,619998931884766;38,619998931884766;38,599998474121094;38,599998474121094;3800
2026-09-28;14:52:00;-03:00;38,61000061035156;38,619998931884766;38,61000061035156;38,619998931884766;11800
2026-09-28;14:53:00;-03:00;38,619998931884766;38,630001068115234;38,599998474121094;38,61000061035156;8100
2026-09-28;14:54:00;-03:00;38,61000061035156;38,61000061035156;38,61000061035156;38,61000061035156;3300
2026-09-28;14:55:00;-03:00;38,61000061035156;38,61000061035156;38,61000061035156;38,61000061035156;2800
2026-09-28;14:56:00;-03:00;38,61000061035156;38,61000061035156;38,61000061035156;38,61000061035156;2800
2026-09-28;14:57:00;-03:00;38,61000061035156;38,61000061035156;38,599998474121094;38,61000061035156;6300
2026-09-28;14:58:00;-03:00;38,61000061035156;38,61000061035156;38,599998474121094;38,61000061035156;13700
2026-09-28;14:59:00;-03:00;38,61000061035156;38,61000061035156;38,61000061035156;38,61000061035156;4200
2026-09-28;15:00:00;-03:00;38,61000061035156;38,619998931884766;38,61000061035156;38,619998931884766;6400
2026-09-28;15:01:00;-03:00;38,619998931884766;38,619998931884766;38,619998931884766;38,619998931884766;3100
2026-09-28;15:02:00;-03:00;38,619998931884766;38,66999816894531;38,619998931884766;38,65999984741211;26100
2026-09-28;15:03:00;-03:00;38,650001525878906;38,650001525878906;38,63999938964844;38,650001525878906;3400
2026-09-28;15:04:00;-03:00;38,650001525878906;38,650001525878906;38,63999938964844;38,63999938964844;15300
2026-09-28;15:05:00;-03:00;38,630001068115234;38,63999938964844;38,630001068115234;38,63999938964844;1600
2026-09-28;15:06:00;-03:00;38,63999938964844;38,63999938964844;38,63999938964844;38,63999938964844;2400
2026-09-28;15:07:00;-03:00;38,630001068115234;38,630001068115234;38,619998931884766;38,630001068115234;6600
2026-09-28;15:08:00;-03:00;38,630001068115234;38,630001068115234;38,61000061035156;38,61000061035156;3000
2026-09-28;15:09:00;-03:00;38,619998931884766;38,619998931884766;38,58000183105469;38,58000183105469;31800
2026-09-28;15:10:00;-03:00;38,56999969482422;38,58000183105469;38,56999969482422;38,56999969482422;5300
2026-09-28;15:11:00;-03:00;38,56999969482422;38,56999969482422;38,540000915527344;38,54999923706055;5000
2026-09-28;15:12:00;-03:00;38,54999923706055;38,560001373291016;38,54999923706055;38,54999923706055;8000
2026-09-28;15:13:00;-03:00;38,54999923706055;38,56999969482422;38,540000915527344;38,56999969482422;25300
2026-09-28;15:14:00;-03:00;38,56999969482422;38,58000183105469;38,560001373291016;38,560001373291016;4700
2026-09-28;15:15:00;-03:00;38,560001373291016;38,56999969482422;38,560001373291016;38,560001373291016;2100
2026-09-28;15:16:00;-03:00;38,54999923706055;38,54999923706055;38,54999923706055;38,54999923706055;2200
2026-09-28;15:17:00;-03:00;38,54999923706055;38,54999923706055;38,54999923706055;38,54999923706055;7800
2026-09-28;15:18:00;-03:00;38,54999923706055;38,54999923706055;38,54999923706055;38,54999923706055;0
2026-09-28;15:19:00;-03:00;38,54999923706055;38,54999923706055;38,540000915527344;38,540000915527344;5100
2026-09-28;15:20:00;-03:00;38,540000915527344;38,54999923706055;38,540000915527344;38,54999923706055;3600
2026-09-28;15:21:00;-03:00;38,54999923706055;38,54999923706055;38,540000915527344;38,54999923706055;25000
2026-09-28;15:22:00;-03:00;38,54999923706055;38,58000183105469;38,54999923706055;38,560001373291016;13300
2026-09-28;15:23:00;-03:00;38,560001373291016;38,560001373291016;38,54999923706055;38,54999923706055;2300
2026-09-28;15:24:00;-03:00;38,54999923706055;38,54999923706055;38,540000915527344;38,54999923706055;1600
2026-09-28;15:25:00;-03:00;38,54999923706055;38,54999923706055;38,529998779296875;38,529998779296875;12000
2026-09-28;15:26:00;-03:00;38,529998779296875;38,540000915527344;38,529998779296875;38,540000915527344;1500
2026-09-28;15:27:00;-03:00;38,529998779296875;38,529998779296875;38,52000045776367;38,529998779296875;3200
2026-09-28;15:28:00;-03:00;38,52000045776367;38,529998779296875;38,52000045776367;38,52000045776367;4900
2026-09-28;15:29:00;-03:00;38,529998779296875;38,529998779296875;38,52000045776367;38,529998779296875;902400
2026-09-28;15:30:00;-03:00;38,52000045776367;38,529998779296875;38,52000045776367;38,52000045776367;33700
2026-09-28;15:31:00;-03:00;38,529998779296875;38,529998779296875;38,5;38,5099983215332;10100
2026-09-28;15:32:00;-03:00;38,5099983215332;38,5099983215332;38,5;38,5099983215332;2500
2026-09-28;15:33:00;-03:00;38,5099983215332;38,5099983215332;38,5;38,5;1400
2026-09-28;15:34:00;-03:00;38,5099983215332;38,5099983215332;38,5;38,5;17100
2026-09-28;15:35:00;-03:00;38,4900016784668;38,5;38,4900016784668;38,4900016784668;2900
2026-09-28;15:36:00;-03:00;38,5;38,5;38,4900016784668;38,4900016784668;19300
2026-09-28;15:37:00;-03:00;38,5;38,5;38,4900016784668;38,5;6700
2026-09-28;15:38:00;-03:00;38,4900016784668;38,4900016784668;38,47999954223633;38,4900016784668;9900
2026-09-28;15:39:00;-03:00;38,47999954223633;38,4900016784668;38,459999084472656;38,459999084472656;26200
2026-09-28;15:40:00;-03:00;38,459999084472656;38,470001220703125;38,459999084472656;38,470001220703125;38600
2026-09-28;15:41:00;-03:00;38,47999954223633;38,47999954223633;38,470001220703125;38,47999954223633;1100
2026-09-28;15:42:00;-03:00;38,47999954223633;38,47999954223633;38,459999084472656;38,459999084472656;8400
2026-09-28;15:43:00;-03:00;38,459999084472656;38,47999954223633;38,459999084472656;38,47999954223633;19100
2026-09-28;15:44:00;-03:00;38,47999954223633;38,4900016784668;38,470001220703125;38,47999954223633;39900
2026-09-28;15:45:00;-03:00;38,47999954223633;38,47999954223633;38,47999954223633;38,47999954223633;8200
2026-09-28;15:46:00;-03:00;38,470001220703125;38,5;38,459999084472656;38,4900016784668;74900
2026-09-28;15:47:00;-03:00;38,4900016784668;38,5099983215332;38,4900016784668;38,5;15100
2026-09-28;15:48:00;-03:00;38,5;38,5;38,4900016784668;38,5;12300
2026-09-28;15:49:00;-03:00;38,47999954223633;38,4900016784668;38,47999954223633;38,4900016784668;2600
2026-09-28;15:50:00;-03:00;38,4900016784668;38,4900016784668;38,47999954223633;38,4900016784668;4100
2026-09-28;15:51:00;-03:00;38,4900016784668;38,4900016784668;38,47999954223633;38,4900016784668;10000
2026-09-28;15:52:00;-03:00;38,4900016784668;38,5;38,47999954223633;38,4900016784668;15100
2026-09-28;15:53:00;-03:00;38,5;38,5;38,4900016784668;38,5;3200
2026-09-28;15:54:00;-03:00;38,5;38,5;38,47999954223633;38,4900016784668;14900
2026-09-28;15:55:00;-03:00;38,4900016784668;38,4900016784668;38,4900016784668;38,4900016784668;5500
2026-09-28;15:56:00;-03:00;38,5;38,5;38,4900016784668;38,5;2600
2026-09-28;15:57:00;-03:00;38,5;38,5;38,470001220703125;38,470001220703125;19000
2026-09-28;15:58:00;-03:00;38,459999084472656;38,470001220703125;38,45000076293945;38,470001220703125;28800
2026-09-28;15:59:00;-03:00;38,459999084472656;38,470001220703125;38,459999084472656;38,470001220703125;7100
2026-09-28;16:00:00;-03:00;38,470001220703125;38,470001220703125;38,43000030517578;38,43000030517578;24300
2026-09-28;16:01:00;-03:00;38,43000030517578;38,439998626708984;38,43000030517578;38,439998626708984;5000
2026-09-28;16:02:00;-03:00;38,439998626708984;38,439998626708984;38,40999984741211;38,41999816894531;39900
2026-09-28;16:03:00;-03:00;38,41999816894531;38,459999084472656;38,40999984741211;38,43000030517578;68800
2026-09-28;16:04:00;-03:00;38,439998626708984;38,45000076293945;38,43000030517578;38,439998626708984;48300
2026-09-28;16:05:00;-03:00;38,43000030517578;38,439998626708984;38,41999816894531;38,439998626708984;24100
2026-09-28;16:06:00;-03:00;38,43000030517578;38,439998626708984;38,43000030517578;38,439998626708984;2800
2026-09-28;16:07:00;-03:00;38,439998626708984;38,439998626708984;38,43000030517578;38,439998626708984;7500
2026-09-28;16:08:00;-03:00;38,43000030517578;38,439998626708984;38,43000030517578;38,43000030517578;2800
2026-09-28;16:09:00;-03:00;38,43000030517578;38,439998626708984;38,43000030517578;38,43000030517578;2200
2026-09-28;16:10:00;-03:00;38,439998626708984;38,439998626708984;38,43000030517578;38,439998626708984;3500
2026-09-28;16:11:00;-03:00;38,43000030517578;38,439998626708984;38,41999816894531;38,41999816894531;4500
2026-09-28;16:12:00;-03:00;38,41999816894531;38,43000030517578;38,41999816894531;38,41999816894531;5800
2026-09-28;16:13:00;-03:00;38,41999816894531;38,43000030517578;38,41999816894531;38,41999816894531;27500
2026-09-28;16:14:00;-03:00;38,41999816894531;38,439998626708984;38,41999816894531;38,41999816894531;11300
2026-09-28;16:15:00;-03:00;38,41999816894531;38,41999816894531;38,380001068115234;38,380001068115234;38300
2026-09-28;16:16:00;-03:00;38,380001068115234;38,40999984741211;38,380001068115234;38,40999984741211;44800
2026-09-28;16:17:00;-03:00;38,40999984741211;38,43000030517578;38,400001525878906;38,43000030517578;15500
2026-09-28;16:18:00;-03:00;38,43000030517578;38,43000030517578;38,40999984741211;38,40999984741211;10500
2026-09-28;16:19:00;-03:00;38,41999816894531;38,41999816894531;38,41999816894531;38,41999816894531;1600
2026-09-28;16:20:00;-03:00;38,41999816894531;38,41999816894531;38,41999816894531;38,41999816894531;3800
2026-09-28;16:21:00;-03:00;38,40999984741211;38,41999816894531;38,400001525878906;38,40999984741211;7000
2026-09-28;16:22:00;-03:00;38,400001525878906;38,40999984741211;38,38999938964844;38,40999984741211;48100
2026-09-28;16:23:00;-03:00;38,40999984741211;38,40999984741211;38,38999938964844;38,400001525878906;0
2026-09-28;16:24:00;-03:00;38,400001525878906;38,400001525878906;38,380001068115234;38,400001525878906;5000
2026-09-28;16:25:00;-03:00;38,400001525878906;38,400001525878906;38,38999938964844;38,400001525878906;2300
2026-09-28;16:26:00;-03:00;38,400001525878906;38,41999816894531;38,400001525878906;38,40999984741211;38900
2026-09-28;16:27:00;-03:00;38,40999984741211;38,41999816894531;38,40999984741211;38,40999984741211;1200
2026-09-28;16:28:00;-03:00;38,41999816894531;38,43000030517578;38,40999984741211;38,43000030517578;13500
2026-09-28;16:29:00;-03:00;38,43000030517578;38,43000030517578;38,40999984741211;38,43000030517578;9600
2026-09-28;16:30:00;-03:00;38,43000030517578;38,439998626708984;38,43000030517578;38,43000030517578;9800
2026-09-28;16:31:00;-03:00;38,439998626708984;38,439998626708984;38,43000030517578;38,43000030517578;12600
2026-09-28;16:32:00;-03:00;38,439998626708984;38,439998626708984;38,40999984741211;38,40999984741211;13500
2026-09-28;16:33:00;-03:00;38,41999816894531;38,41999816894531;38,400001525878906;38,400001525878906;11300
2026-09-28;16:34:00;-03:00;38,40999984741211;38,41999816894531;38,400001525878906;38,40999984741211;14100
2026-09-28;16:35:00;-03:00;38,41999816894531;38,43000030517578;38,40999984741211;38,43000030517578;34400
2026-09-28;16:36:00;-03:00;38,41999816894531;38,45000076293945;38,41999816894531;38,43000030517578;40400
2026-09-28;16:37:00;-03:00;38,439998626708984;38,439998626708984;38,43000030517578;38,43000030517578;9900
2026-09-28;16:38:00;-03:00;38,41999816894531;38,41999816894531;38,400001525878906;38,40999984741211;7600
2026-09-28;16:39:00;-03:00;38,400001525878906;38,400001525878906;38,380001068115234;38,38999938964844;14300
2026-09-28;16:40:00;-03:00;38,38999938964844;38,400001525878906;38,38999938964844;38,38999938964844;7600
2026-09-28;16:41:00;-03:00;38,400001525878906;38,400001525878906;38,380001068115234;38,38999938964844;41700
2026-09-28;16:42:00;-03:00;38,380001068115234;38,38999938964844;38,369998931884766;38,380001068115234;12000
2026-09-28;16:43:00;-03:00;38,380001068115234;38,380001068115234;38,369998931884766;38,380001068115234;28700
2026-09-28;16:44:00;-03:00;38,38999938964844;38,38999938964844;38,36000061035156;38,36000061035156;11200
2026-09-28;16:45:00;-03:00;38,369998931884766;38,380001068115234;38,369998931884766;38,380001068115234;38200
2026-09-28;16:46:00;-03:00;38,369998931884766;38,400001525878906;38,369998931884766;38,38999938964844;81000
2026-09-28;16:47:00;-03:00;38,38999938964844;38,400001525878906;38,380001068115234;38,38999938964844;20600
2026-09-28;16:48:00;-03:00;38,38999938964844;38,400001525878906;38,38999938964844;38,38999938964844;10500
2026-09-28;16:49:00;-03:00;38,38999938964844;38,400001525878906;38,380001068115234;38,400001525878906;32400
2026-09-28;16:50:00;-03:00;38,380001068115234;38,40999984741211;38,380001068115234;38,400001525878906;33700
2026-09-28;16:51:00;-03:00;38,400001525878906;38,41999816894531;38,400001525878906;38,40999984741211;6700
2026-09-28;16:52:00;-03:00;38,40999984741211;38,41999816894531;38,400001525878906;38,400001525878906;13800
2026-09-28;16:53:00;-03:00;38,40999984741211;38,43000030517578;38,40999984741211;38,41999816894531;22800
2026-09-28;16:54:00;-03:00;38,43000030517578;38,43000030517578;38,369998931884766;38,41999816894531;10100
2026-09-29;10:01:00;-03:00;38,439998626708984;38,470001220703125;38,31999969482422;38,34000015258789;0
2026-09-29;10:02:00;-03:00;38,34000015258789;38,36000061035156;38,2599983215332;38,2599983215332;13400
2026-09-29;10:03:00;-03:00;38,279998779296875;38,369998931884766;38,279998779296875;38,34000015258789;6400
2026-09-29;10:04:00;-03:00;38,33000183105469;38,36000061035156;38,310001373291016;38,31999969482422;34800
2026-09-29;10:05:00;-03:00;38,34000015258789;38,369998931884766;38,34000015258789;38,36000061035156;2200
2026-09-29;10:06:00;-03:00;38,33000183105469;38,400001525878906;38,33000183105469;38,400001525878906;4700
2026-09-29;10:07:00;-03:00;38,400001525878906;38,470001220703125;38,400001525878906;38,470001220703125;2600
2026-09-29;10:08:00;-03:00;38,459999084472656;38,470001220703125;38,38999938964844;38,38999938964844;2900
2026-09-29;10:09:00;-03:00;38,41999816894531;38,5;38,400001525878906;38,47999954223633;2500
2026-09-29;10:10:00;-03:00;38,5;38,5099983215332;38,439998626708984;38,47999954223633;11900
2026-09-29;10:11:00;-03:00;38,45000076293945;38,470001220703125;38,45000076293945;38,459999084472656;2500
2026-09-29;10:12:00;-03:00;38,439998626708984;38,439998626708984;38,369998931884766;38,400001525878906;4400
2026-09-29;10:13:00;-03:00;38,38999938964844;38,400001525878906;38,36000061035156;38,369998931884766;3600
2026-09-29;10:14:00;-03:00;38,36000061035156;38,369998931884766;38,349998474121094;38,349998474121094;3300
2026-09-29;10:15:00;-03:00;38,349998474121094;38,369998931884766;38,290000915527344;38,31999969482422;16000
2026-09-29;10:16:00;-03:00;38,31999969482422;38,34000015258789;38,279998779296875;38,29999923706055;12700
2026-09-29;10:17:00;-03:00;38,31999969482422;38,31999969482422;38,290000915527344;38,290000915527344;1100
2026-09-29;10:18:00;-03:00;38,290000915527344;38,310001373291016;38,2400016784668;38,279998779296875;4200
2026-09-29;10:19:00;-03:00;38,279998779296875;38,29999923706055;38,27000045776367;38,29999923706055;1300
2026-09-29;10:20:00;-03:00;38,29999923706055;38,34000015258789;38,279998779296875;38,29999923706055;2800
2026-09-29;10:21:00;-03:00;38,29999923706055;38,31999969482422;38,290000915527344;38,290000915527344;3300
2026-09-29;10:22:00;-03:00;38,29999923706055;38,29999923706055;38,2599983215332;38,290000915527344;2700
2026-09-29;10:23:00;-03:00;38,310001373291016;38,34000015258789;38,290000915527344;38,33000183105469;2000
2026-09-29;10:24:00;-03:00;38,33000183105469;38,33000183105469;38,310001373291016;38,31999969482422;900
2026-09-29;10:25:00;-03:00;38,31999969482422;38,31999969482422;38,27000045776367;38,290000915527344;3600
2026-09-29;10:26:00;-03:00;38,27000045776367;38,34000015258789;38,27000045776367;38,310001373291016;2800
2026-09-29;10:27:00;-03:00;38,33000183105469;38,34000015258789;38,29999923706055;38,34000015258789;7200
2026-09-29;10:28:00;-03:00;38,31999969482422;38,369998931884766;38,31999969482422;38,349998474121094;10200
2026-09-29;10:29:00;-03:00;38,349998474121094;38,369998931884766;38,34000015258789;38,369998931884766;2600
2026-09-29;10:30:00;-03:00;38,369998931884766;38,369998931884766;38,33000183105469;38,369998931884766;2700
2026-09-29;10:31:00;-03:00;38,369998931884766;38,380001068115234;38,33000183105469;38,33000183105469;3700
2026-09-29;10:32:00;-03:00;38,34000015258789;38,380001068115234;38,34000015258789;38,36000061035156;3200
2026-09-29;10:33:00;-03:00;38,369998931884766;38,369998931884766;38,33000183105469;38,33000183105469;3200
2026-09-29;10:34:00;-03:00;38,33000183105469;38,38999938964844;38,31999969482422;38,38999938964844;5400
2026-09-29;10:35:00;-03:00;38,38999938964844;38,439998626708984;38,380001068115234;38,43000030517578;9600
2026-09-29;10:36:00;-03:00;38,45000076293945;38,45000076293945;38,40999984741211;38,45000076293945;1900
2026-09-29;10:37:00;-03:00;38,439998626708984;38,470001220703125;38,439998626708984;38,459999084472656;11500
2026-09-29;10:38:00;-03:00;38,470001220703125;38,5;38,470001220703125;38,5;3100
2026-09-29;10:39:00;-03:00;38,5;38,529998779296875;38,5;38,52000045776367;6400
2026-09-29;10:40:00;-03:00;38,5;38,5;38,43000030517578;38,459999084472656;24100
2026-09-29;10:41:00;-03:00;38,459999084472656;38,5;38,439998626708984;38,4900016784668;4200
2026-09-29;10:42:00;-03:00;38,4900016784668;38,5;38,470001220703125;38,470001220703125;2800
2026-09-29;10:43:00;-03:00;38,47999954223633;38,630001068115234;38,47999954223633;38,61000061035156;68000
2026-09-29;10:44:00;-03:00;38,59000015258789;38,63999938964844;38,59000015258789;38,619998931884766;12300
2026-09-29;10:45:00;-03:00;38,630001068115234;38,65999984741211;38,630001068115234;38,65999984741211;12100
2026-09-29;10:46:00;-03:00;38,66999816894531;38,68000030517578;38,63999938964844;38,65999984741211;5100
2026-09-29;10:47:00;-03:00;38,65999984741211;38,689998626708984;38,650001525878906;38,689998626708984;2600
2026-09-29;10:48:00;-03:00;38,689998626708984;38,70000076293945;38,65999984741211;38,66999816894531;4600
2026-09-29;10:49:00;-03:00;38,65999984741211;38,689998626708984;38,65999984741211;38,68000030517578;4300
2026-09-29;10:50:00;-03:00;38,68000030517578;38,720001220703125;38,599998474121094;38,619998931884766;187300
2026-09-29;10:51:00;-03:00;38,599998474121094;38,63999938964844;38,599998474121094;38,599998474121094;5300
2026-09-29;10:52:00;-03:00;38,61000061035156;38,65999984741211;38,61000061035156;38,65999984741211;6500
2026-09-29;10:53:00;-03:00;38,66999816894531;38,68000030517578;38,61000061035156;38,630001068115234;13700
2026-09-29;10:54:00;-03:00;38,619998931884766;38,650001525878906;38,619998931884766;38,650001525878906;3400
2026-09-29;10:55:00;-03:00;38,650001525878906;38,650001525878906;38,58000183105469;38,619998931884766;28100
2026-09-29;10:56:00;-03:00;38,619998931884766;38,65999984741211;38,619998931884766;38,650001525878906;5200
2026-09-29;10:57:00;-03:00;38,66999816894531;38,66999816894531;38,650001525878906;38,65999984741211;3300
2026-09-29;10:58:00;-03:00;38,650001525878906;38,66999816894531;38,619998931884766;38,630001068115234;5600
2026-09-29;10:59:00;-03:00;38,619998931884766;38,63999938964844;38,61000061035156;38,61000061035156;4200
2026-09-29;11:00:00;-03:00;38,61000061035156;38,70000076293945;38,61000061035156;38,65999984741211;8000
2026-09-29;11:01:00;-03:00;38,66999816894531;38,689998626708984;38,63999938964844;38,650001525878906;3700
2026-09-29;11:02:00;-03:00;38,63999938964844;38,65999984741211;38,619998931884766;38,619998931884766;7100
2026-09-29;11:03:00;-03:00;38,630001068115234;38,66999816894531;38,630001068115234;38,66999816894531;7500
2026-09-29;11:04:00;-03:00;38,68000030517578;38,70000076293945;38,65999984741211;38,70000076293945;2800
2026-09-29;11:05:00;-03:00;38,70000076293945;38,709999084472656;38,689998626708984;38,709999084472656;1200
2026-09-29;11:06:00;-03:00;38,720001220703125;38,7400016784668;38,70000076293945;38,72999954223633;6100
2026-09-29;11:07:00;-03:00;38,7400016784668;38,75;38,709999084472656;38,75;4300
2026-09-29;11:08:00;-03:00;38,7400016784668;38,75;38,7400016784668;38,75;5000
2026-09-29;11:09:00;-03:00;38,75;38,779998779296875;38,75;38,779998779296875;17800
2026-09-29;11:10:00;-03:00;38,779998779296875;38,79999923706055;38,77000045776367;38,779998779296875;11500
2026-09-29;11:11:00;-03:00;38,790000915527344;38,790000915527344;38,77000045776367;38,779998779296875;6800
2026-09-29;11:12:00;-03:00;38,77000045776367;38,790000915527344;38,77000045776367;38,790000915527344;2700
2026-09-29;11:13:00;-03:00;38,790000915527344;38,790000915527344;38,75;38,779998779296875;6500
2026-09-29;11:14:00;-03:00;38,790000915527344;38,790000915527344;38,77000045776367;38,779998779296875;3700
2026-09-29;11:15:00;-03:00;38,77000045776367;38,77000045776367;38,630001068115234;38,65999984741211;72100
2026-09-29;11:16:00;-03:00;38,68000030517578;38,68000030517578;38,619998931884766;38,630001068115234;6000
2026-09-29;11:17:00;-03:00;38,630001068115234;38,66999816894531;38,630001068115234;38,650001525878906;2000
2026-09-29;11:18:00;-03:00;38,650001525878906;38,66999816894531;38,63999938964844;38,650001525878906;4700
2026-09-29;11:19:00;-03:00;38,650001525878906;38,66999816894531;38,63999938964844;38,650001525878906;4400
2026-09-29;11:20:00;-03:00;38,68000030517578;38,68000030517578;38,61000061035156;38,68000030517578;40600
2026-09-29;11:21:00;-03:00;38,68000030517578;38,68000030517578;38,650001525878906;38,65999984741211;13000
2026-09-29;11:22:00;-03:00;38,650001525878906;38,65999984741211;38,630001068115234;38,63999938964844;3500
2026-09-29;11:23:00;-03:00;38,650001525878906;38,650001525878906;38,630001068115234;38,630001068115234;2300
2026-09-29;11:24:00;-03:00;38,630001068115234;38,65999984741211;38,630001068115234;38,63999938964844;2200
2026-09-29;11:25:00;-03:00;38,63999938964844;38,689998626708984;38,63999938964844;38,66999816894531;57700
2026-09-29;11:26:00;-03:00;38,66999816894531;38,66999816894531;38,619998931884766;38,630001068115234;4400
2026-09-29;11:27:00;-03:00;38,650001525878906;38,650001525878906;38,630001068115234;38,650001525878906;2900
2026-09-29;11:28:00;-03:00;38,650001525878906;38,650001525878906;38,61000061035156;38,630001068115234;3800
2026-09-29;11:29:00;-03:00;38,63999938964844;38,650001525878906;38,619998931884766;38,650001525878906;2300
2026-09-29;11:30:00;-03:00;38,63999938964844;38,650001525878906;38,599998474121094;38,63999938964844;24300
2026-09-29;11:31:00;-03:00;38,63999938964844;38,63999938964844;38,599998474121094;38,61000061035156;4100
2026-09-29;11:32:00;-03:00;38,599998474121094;38,650001525878906;38,59000015258789;38,650001525878906;9900
2026-09-29;11:33:00;-03:00;38,63999938964844;38,66999816894531;38,63999938964844;38,66999816894531;7900
2026-09-29;11:34:00;-03:00;38,650001525878906;38,66999816894531;38,63999938964844;38,65999984741211;9400
2026-09-29;11:35:00;-03:00;38,65999984741211;38,68000030517578;38,650001525878906;38,68000030517578;1800
2026-09-29;11:36:00;-03:00;38,68000030517578;38,72999954223633;38,66999816894531;38,709999084472656;2500
2026-09-29;11:37:00;-03:00;38,720001220703125;38,72999954223633;38,70000076293945;38,72999954223633;6200
2026-09-29;11:38:00;-03:00;38,72999954223633;38,72999954223633;38,70000076293945;38,70000076293945;4300
2026-09-29;11:39:00;-03:00;38,709999084472656;38,75;38,709999084472656;38,75;4400
2026-09-29;11:40:00;-03:00;38,7400016784668;38,7599983215332;38,7400016784668;38,7599983215332;34500
2026-09-29;11:41:00;-03:00;38,7599983215332;38,779998779296875;38,75;38,7599983215332;14400
2026-09-29;11:42:00;-03:00;38,7599983215332;38,779998779296875;38,7599983215332;38,779998779296875;2800
2026-09-29;11:43:00;-03:00;38,77000045776367;38,790000915527344;38,77000045776367;38,790000915527344;23100
2026-09-29;11:44:00;-03:00;38,790000915527344;38,790000915527344;38,77000045776367;38,779998779296875;6400
2026-09-29;11:45:00;-03:00;38,779998779296875;38,790000915527344;38,7400016784668;38,7400016784668;4800
2026-09-29;11:46:00;-03:00;38,75;38,790000915527344;38,75;38,779998779296875;6000
2026-09-29;11:47:00;-03:00;38,779998779296875;38,790000915527344;38,779998779296875;38,790000915527344;2100
2026-09-29;11:48:00;-03:00;38,790000915527344;38,79999923706055;38,779998779296875;38,790000915527344;11100
2026-09-29;11:49:00;-03:00;38,790000915527344;38,79999923706055;38,779998779296875;38,79999923706055;1400
2026-09-29;11:50:00;-03:00;38,779998779296875;38,790000915527344;38,77000045776367;38,779998779296875;4900
2026-09-29;11:51:00;-03:00;38,77000045776367;38,779998779296875;38,77000045776367;38,77000045776367;1800
2026-09-29;11:52:00;-03:00;38,7599983215332;38,779998779296875;38,7599983215332;38,77000045776367;2100
2026-09-29;11:53:00;-03:00;38,77000045776367;38,77000045776367;38,75;38,75;2700
2026-09-29;11:54:00;-03:00;38,75;38,7599983215332;38,75;38,7599983215332;1800
2026-09-29;11:55:00;-03:00;38,7599983215332;38,7599983215332;38,7400016784668;38,75;13900
2026-09-29;11:56:00;-03:00;38,75;38,75;38,720001220703125;38,72999954223633;0
2026-09-29;11:57:00;-03:00;38,720001220703125;38,75;38,709999084472656;38,75;4400
2026-09-29;11:58:00;-03:00;38,7400016784668;38,75;38,7400016784668;38,7400016784668;2400
2026-09-29;11:59:00;-03:00;38,7400016784668;38,779998779296875;38,7400016784668;38,7599983215332;10100
2026-09-29;12:00:00;-03:00;38,77000045776367;38,790000915527344;38,77000045776367;38,790000915527344;37100
2026-09-29;12:01:00;-03:00;38,779998779296875;38,79999923706055;38,77000045776367;38,79999923706055;21300
2026-09-29;12:02:00;-03:00;38,79999923706055;38,79999923706055;38,779998779296875;38,790000915527344;3600
2026-09-29;12:03:00;-03:00;38,790000915527344;38,79999923706055;38,790000915527344;38,790000915527344;700
2026-09-29;12:04:00;-03:00;38,79999923706055;38,79999923706055;38,790000915527344;38,79999923706055;2100
2026-09-29;12:05:00;-03:00;38,790000915527344;38,79999923706055;38,790000915527344;38,79999923706055;2100
2026-09-29;12:06:00;-03:00;38,79999923706055;38,81999969482422;38,790000915527344;38,81999969482422;5100
2026-09-29;12:07:00;-03:00;38,81999969482422;38,83000183105469;38,810001373291016;38,810001373291016;7600
2026-09-29;12:08:00;-03:00;38,79999923706055;38,81999969482422;38,79999923706055;38,810001373291016;2000
2026-09-29;12:09:00;-03:00;38,810001373291016;38,810001373291016;38,79999923706055;38,79999923706055;3600
2026-09-29;12:10:00;-03:00;38,79999923706055;38,81999969482422;38,79999923706055;38,810001373291016;7800
2026-09-29;12:11:00;-03:00;38,810001373291016;38,81999969482422;38,77000045776367;38,77000045776367;24900
2026-09-29;12:12:00;-03:00;38,779998779296875;38,779998779296875;38,75;38,779998779296875;4700
2026-09-29;12:13:00;-03:00;38,790000915527344;38,79999923706055;38,779998779296875;38,79999923706055;1400
2026-09-29;12:14:00;-03:00;38,79999923706055;38,79999923706055;38,77000045776367;38,77000045776367;4000
2026-09-29;12:15:00;-03:00;38,779998779296875;38,790000915527344;38,77000045776367;38,790000915527344;1200
2026-09-29;12:16:00;-03:00;38,790000915527344;38,79999923706055;38,7400016784668;38,779998779296875;17700
2026-09-29;12:17:00;-03:00;38,790000915527344;38,81999969482422;38,779998779296875;38,810001373291016;2800
2026-09-29;12:18:00;-03:00;38,810001373291016;38,810001373291016;38,790000915527344;38,790000915527344;4500
2026-09-29;12:19:00;-03:00;38,79999923706055;38,79999923706055;38,790000915527344;38,790000915527344;1300
2026-09-29;12:20:00;-03:00;38,790000915527344;38,810001373291016;38,790000915527344;38,810001373291016;2400
2026-09-29;12:21:00;-03:00;38,810001373291016;38,810001373291016;38,79999923706055;38,810001373291016;2300
2026-09-29;12:22:00;-03:00;38,810001373291016;38,810001373291016;38,790000915527344;38,810001373291016;2800
2026-09-29;12:23:00;-03:00;38,81999969482422;38,81999969482422;38,79999923706055;38,810001373291016;3700
2026-09-29;12:24:00;-03:00;38,810001373291016;38,84000015258789;38,79999923706055;38,81999969482422;32600
2026-09-29;12:25:00;-03:00;38,810001373291016;38,810001373291016;38,7599983215332;38,7599983215332;7300
2026-09-29;12:26:00;-03:00;38,77000045776367;38,77000045776367;38,75;38,7599983215332;2300
2026-09-29;12:27:00;-03:00;38,7599983215332;38,77000045776367;38,72999954223633;38,75;30900
2026-09-29;12:28:00;-03:00;38,7599983215332;38,77000045776367;38,75;38,7599983215332;5500
2026-09-29;12:29:00;-03:00;38,7599983215332;38,77000045776367;38,709999084472656;38,75;27400
2026-09-29;12:30:00;-03:00;38,7599983215332;38,77000045776367;38,75;38,7599983215332;3600
2026-09-29;12:31:00;-03:00;38,7599983215332;38,7599983215332;38,75;38,75;1700
2026-09-29;12:32:00;-03:00;38,75;38,77000045776367;38,75;38,77000045776367;2600
2026-09-29;12:33:00;-03:00;38,77000045776367;38,790000915527344;38,77000045776367;38,779998779296875;2800
2026-09-29;12:34:00;-03:00;38,779998779296875;38,790000915527344;38,779998779296875;38,790000915527344;3500
2026-09-29;12:35:00;-03:00;38,779998779296875;38,790000915527344;38,779998779296875;38,790000915527344;2000
2026-09-29;12:36:00;-03:00;38,790000915527344;38,790000915527344;38,779998779296875;38,790000915527344;3800
2026-09-29;12:37:00;-03:00;38,790000915527344;38,790000915527344;38,779998779296875;38,790000915527344;3200
2026-09-29;12:38:00;-03:00;38,790000915527344;38,79999923706055;38,779998779296875;38,79999923706055;3200
2026-09-29;12:39:00;-03:00;38,79999923706055;38,79999923706055;38,79999923706055;38,79999923706055;3900
2026-09-29;12:40:00;-03:00;38,79999923706055;38,79999923706055;38,779998779296875;38,790000915527344;10200
2026-09-29;12:41:00;-03:00;38,790000915527344;38,79999923706055;38,779998779296875;38,790000915527344;3400
2026-09-29;12:42:00;-03:00;38,79999923706055;38,79999923706055;38,779998779296875;38,79999923706055;6300
2026-09-29;12:43:00;-03:00;38,79999923706055;38,79999923706055;38,75;38,77000045776367;3800
2026-09-29;12:44:00;-03:00;38,77000045776367;38,77000045776367;38,75;38,7599983215332;2400
2026-09-29;12:45:00;-03:00;38,7599983215332;38,779998779296875;38,7599983215332;38,77000045776367;2700
2026-09-29;12:46:00;-03:00;38,77000045776367;38,779998779296875;38,7599983215332;38,7599983215332;5400
2026-09-29;12:47:00;-03:00;38,7599983215332;38,79999923706055;38,7599983215332;38,79999923706055;7200
2026-09-29;12:48:00;-03:00;38,790000915527344;38,790000915527344;38,77000045776367;38,77000045776367;3000
2026-09-29;12:49:00;-03:00;38,77000045776367;38,77000045776367;38,75;38,77000045776367;1500
2026-09-29;12:50:00;-03:00;38,77000045776367;38,77000045776367;38,7400016784668;38,7400016784668;3100
2026-09-29;12:51:00;-03:00;38,7400016784668;38,7400016784668;38,689998626708984;38,689998626708984;4600
2026-09-29;12:52:00;-03:00;38,70000076293945;38,70000076293945;38,68000030517578;38,689998626708984;4100
2026-09-29;12:53:00;-03:00;38,70000076293945;38,70000076293945;38,66999816894531;38,689998626708984;21200
2026-09-29;12:54:00;-03:00;38,709999084472656;38,709999084472656;38,66999816894531;38,66999816894531;3900
2026-09-29;12:55:00;-03:00;38,68000030517578;38,70000076293945;38,68000030517578;38,70000076293945;5600
2026-09-29;12:56:00;-03:00;38,70000076293945;38,709999084472656;38,70000076293945;38,709999084472656;2400
2026-09-29;12:57:00;-03:00;38,709999084472656;38,720001220703125;38,70000076293945;38,709999084472656;7000
2026-09-29;12:58:00;-03:00;38,709999084472656;38,709999084472656;38,70000076293945;38,709999084472656;1500
2026-09-29;12:59:00;-03:00;38,709999084472656;38,72999954223633;38,709999084472656;38,72999954223633;2600
2026-09-29;13:00:00;-03:00;38,720001220703125;38,72999954223633;38,720001220703125;38,72999954223633;1600
2026-09-29;13:01:00;-03:00;38,72999954223633;38,72999954223633;38,72999954223633;38,72999954223633;1600
2026-09-29;13:02:00;-03:00;38,72999954223633;38,7400016784668;38,72999954223633;38,7400016784668;1800
2026-09-29;13:03:00;-03:00;38,7400016784668;38,7400016784668;38,7400016784668;38,7400016784668;1600
2026-09-29;13:04:00;-03:00;38,7400016784668;38,7400016784668;38,7400016784668;38,7400016784668;1200
2026-09-29;13:05:00;-03:00;38,7400016784668;38,77000045776367;38,7400016784668;38,7599983215332;13400
2026-09-29;13:06:00;-03:00;38,7599983215332;38,7599983215332;38,7400016784668;38,7400016784668;2400
2026-09-29;13:07:00;-03:00;38,75;38,7599983215332;38,7400016784668;38,75;3000
2026-09-29;13:08:00;-03:00;38,75;38,75;38,72999954223633;38,72999954223633;12700
2026-09-29;13:09:00;-03:00;38,7400016784668;38,7400016784668;38,720001220703125;38,7400016784668;3600
2026-09-29;13:10:00;-03:00;38,7400016784668;38,7400016784668;38,72999954223633;38,72999954223633;1300
2026-09-29;13:11:00;-03:00;38,72999954223633;38,75;38,72999954223633;38,75;8000
2026-09-29;13:12:00;-03:00;38,75;38,75;38,72999954223633;38,75;4600
2026-09-29;13:13:00;-03:00;38,7599983215332;38,7599983215332;38,72999954223633;38,75;3800
2026-09-29;13:14:00;-03:00;38,75;38,75;38,72999954223633;38,75;900
2026-09-29;13:15:00;-03:00;38,75;38,75;38,72999954223633;38,75;2500
2026-09-29;13:16:00;-03:00;38,75;38,7599983215332;38,75;38,7599983215332;1600
2026-09-29;13:17:00;-03:00;38,7599983215332;38,7599983215332;38,75;38,7599983215332;2100
2026-09-29;13:18:00;-03:00;38,7599983215332;38,79999923706055;38,7599983215332;38,779998779296875;204400
2026-09-29;13:19:00;-03:00;38,790000915527344;38,790000915527344;38,7400016784668;38,75;12700
2026-09-29;13:20:00;-03:00;38,7400016784668;38,75;38,72999954223633;38,7400016784668;13500
2026-09-29;13:21:00;-03:00;38,75;38,77000045776367;38,7400016784668;38,7400016784668;14000
2026-09-29;13:22:00;-03:00;38,75;38,779998779296875;38,7400016784668;38,779998779296875;1700
2026-09-29;13:23:00;-03:00;38,779998779296875;38,790000915527344;38,77000045776367;38,790000915527344;2300
2026-09-29;13:24:00;-03:00;38,790000915527344;38,790000915527344;38,77000045776367;38,77000045776367;10700
2026-09-29;13:25:00;-03:00;38,77000045776367;38,779998779296875;38,75;38,7599983215332;5800
2026-09-29;13:26:00;-03:00;38,77000045776367;38,779998779296875;38,7599983215332;38,779998779296875;7700
2026-09-29;13:27:00;-03:00;38,790000915527344;38,790000915527344;38,779998779296875;38,779998779296875;2400
2026-09-29;13:28:00;-03:00;38,779998779296875;38,790000915527344;38,77000045776367;38,779998779296875;13700
2026-09-29;13:29:00;-03:00;38,779998779296875;38,790000915527344;38,77000045776367;38,77000045776367;4000
2026-09-29;13:30:00;-03:00;38,779998779296875;38,779998779296875;38,7599983215332;38,779998779296875;1400
2026-09-29;13:31:00;-03:00;38,779998779296875;38,790000915527344;38,779998779296875;38,790000915527344;1700
2026-09-29;13:32:00;-03:00;38,790000915527344;38,79999923706055;38,779998779296875;38,779998779296875;7200
2026-09-29;13:33:00;-03:00;38,779998779296875;38,790000915527344;38,779998779296875;38,790000915527344;1500
2026-09-29;13:34:00;-03:00;38,790000915527344;38,79999923706055;38,779998779296875;38,790000915527344;3800
2026-09-29;13:35:00;-03:00;38,790000915527344;38,79999923706055;38,779998779296875;38,79999923706055;1800
2026-09-29;13:36:00;-03:00;38,79999923706055;38,79999923706055;38,779998779296875;38,779998779296875;4600
2026-09-29;13:37:00;-03:00;38,779998779296875;38,779998779296875;38,77000045776367;38,77000045776367;2900
2026-09-29;13:38:00;-03:00;38,77000045776367;38,79999923706055;38,77000045776367;38,79999923706055;1600
2026-09-29;13:39:00;-03:00;38,79999923706055;38,810001373291016;38,779998779296875;38,810001373291016;18400
2026-09-29;13:40:00;-03:00;38,810001373291016;38,810001373291016;38,810001373291016;38,810001373291016;2600
2026-09-29;13:41:00;-03:00;38,810001373291016;38,810001373291016;38,810001373291016;38,810001373291016;1300
2026-09-29;13:42:00;-03:00;38,810001373291016;38,810001373291016;38,779998779296875;38,790000915527344;5600
2026-09-29;13:43:00;-03:00;38,790000915527344;38,79999923706055;38,790000915527344;38,79999923706055;1800
2026-09-29;13:44:00;-03:00;38,79999923706055;38,810001373291016;38,79999923706055;38,810001373291016;2000
2026-09-29;13:45:00;-03:00;38,810001373291016;38,810001373291016;38,77000045776367;38,77000045776367;5800
2026-09-29;13:46:00;-03:00;38,790000915527344;38,79999923706055;38,77000045776367;38,790000915527344;1700
2026-09-29;13:47:00;-03:00;38,790000915527344;38,790000915527344;38,790000915527344;38,790000915527344;1400
2026-09-29;13:48:00;-03:00;38,790000915527344;38,79999923706055;38,77000045776367;38,77000045776367;5400
2026-09-29;13:49:00;-03:00;38,790000915527344;38,790000915527344;38,77000045776367;38,779998779296875;1300
2026-09-29;13:50:00;-03:00;38,779998779296875;38,790000915527344;38,779998779296875;38,790000915527344;1600
2026-09-29;13:51:00;-03:00;38,790000915527344;38,79999923706055;38,779998779296875;38,79999923706055;1800
2026-09-29;13:52:00;-03:00;38,79999923706055;38,81999969482422;38,79999923706055;38,810001373291016;10300
2026-09-29;13:53:00;-03:00;38,81999969482422;38,83000183105469;38,81999969482422;38,81999969482422;600
2026-09-29;13:54:00;-03:00;38,81999969482422;38,81999969482422;38,81999969482422;38,81999969482422;500
2026-09-29;13:55:00;-03:00;38,81999969482422;38,83000183105469;38,81999969482422;38,83000183105469;3500
2026-09-29;13:56:00;-03:00;38,83000183105469;38,84000015258789;38,83000183105469;38,84000015258789;4100
2026-09-29;13:57:00;-03:00;38,84000015258789;38,869998931884766;38,84000015258789;38,869998931884766;5200
2026-09-29;13:58:00;-03:00;38,880001068115234;38,88999938964844;38,86000061035156;38,880001068115234;8700
2026-09-29;13:59:00;-03:00;38,880001068115234;38,880001068115234;38,86000061035156;38,869998931884766;4300
2026-09-29;14:00:00;-03:00;38,869998931884766;38,869998931884766;38,849998474121094;38,849998474121094;2900
2026-09-29;14:01:00;-03:00;38,849998474121094;38,849998474121094;38,83000183105469;38,83000183105469;4500
2026-09-29;14:02:00;-03:00;38,83000183105469;38,83000183105469;38,81999969482422;38,81999969482422;1000
2026-09-29;14:03:00;-03:00;38,83000183105469;38,849998474121094;38,83000183105469;38,849998474121094;3200
2026-09-29;14:04:00;-03:00;38,849998474121094;38,849998474121094;38,81999969482422;38,83000183105469;5100
2026-09-29;14:05:00;-03:00;38,83000183105469;38,849998474121094;38,83000183105469;38,849998474121094;2400
2026-09-29;14:06:00;-03:00;38,849998474121094;38,849998474121094;38,790000915527344;38,79999923706055;27000
2026-09-29;14:07:00;-03:00;38,79999923706055;38,79999923706055;38,79999923706055;38,79999923706055;4100
2026-09-29;14:08:00;-03:00;38,810001373291016;38,810001373291016;38,790000915527344;38,79999923706055;1200
2026-09-29;14:09:00;-03:00;38,810001373291016;38,810001373291016;38,79999923706055;38,79999923706055;1700
2026-09-29;14:10:00;-03:00;38,79999923706055;38,810001373291016;38,79999923706055;38,810001373291016;3500
2026-09-29;14:11:00;-03:00;38,810001373291016;38,810001373291016;38,79999923706055;38,810001373291016;1100
2026-09-29;14:12:00;-03:00;38,810001373291016;38,83000183105469;38,810001373291016;38,81999969482422;3700
2026-09-29;14:13:00;-03:00;38,81999969482422;38,81999969482422;38,810001373291016;38,810001373291016;4200
2026-09-29;14:14:00;-03:00;38,81999969482422;38,81999969482422;38,810001373291016;38,81999969482422;3900
2026-09-29;14:15:00;-03:00;38,83000183105469;38,83000183105469;38,81999969482422;38,83000183105469;3200
2026-09-29;14:16:00;-03:00;38,83000183105469;38,83000183105469;38,81999969482422;38,83000183105469;900
2026-09-29;14:17:00;-03:00;38,81999969482422;38,83000183105469;38,810001373291016;38,83000183105469;1900
2026-09-29;14:18:00;-03:00;38,83000183105469;38,83000183105469;38,810001373291016;38,81999969482422;6400
2026-09-29;14:19:00;-03:00;38,83000183105469;38,83000183105469;38,81999969482422;38,81999969482422;1700
2026-09-29;14:20:00;-03:00;38,83000183105469;38,83000183105469;38,790000915527344;38,790000915527344;3700
2026-09-29;14:21:00;-03:00;38,810001373291016;38,810001373291016;38,79999923706055;38,79999923706055;1100
2026-09-29;14:22:00;-03:00;38,810001373291016;38,81999969482422;38,810001373291016;38,81999969482422;3700
2026-09-29;14:23:00;-03:00;38,810001373291016;38,81999969482422;38,79999923706055;38,81999969482422;1800
2026-09-29;14:24:00;-03:00;38,81999969482422;38,81999969482422;38,810001373291016;38,81999969482422;800
2026-09-29;14:25:00;-03:00;38,81999969482422;38,81999969482422;38,79999923706055;38,810001373291016;2700
2026-09-29;14:26:00;-03:00;38,810001373291016;38,81999969482422;38,79999923706055;38,81999969482422;1900
2026-09-29;14:27:00;-03:00;38,81999969482422;38,84000015258789;38,81999969482422;38,84000015258789;3900
2026-09-29;14:28:00;-03:00;38,84000015258789;38,849998474121094;38,84000015258789;38,84000015258789;4400
2026-09-29;14:29:00;-03:00;38,84000015258789;38,849998474121094;38,84000015258789;38,849998474121094;3700
2026-09-29;14:30:00;-03:00;38,849998474121094;38,849998474121094;38,83000183105469;38,84000015258789;4100
2026-09-29;14:31:00;-03:00;38,84000015258789;38,84000015258789;38,83000183105469;38,83000183105469;1600
2026-09-29;14:32:00;-03:00;38,83000183105469;38,84000015258789;38,83000183105469;38,84000015258789;4900
2026-09-29;14:33:00;-03:00;38,84000015258789;38,849998474121094;38,84000015258789;38,849998474121094;2700
2026-09-29;14:34:00;-03:00;38,849998474121094;38,849998474121094;38,83000183105469;38,849998474121094;4400
2026-09-29;14:35:00;-03:00;38,849998474121094;38,849998474121094;38,84000015258789;38,84000015258789;2800
2026-09-29;14:36:00;-03:00;38,849998474121094;38,849998474121094;38,849998474121094;38,849998474121094;6500
2026-09-29;14:37:00;-03:00;38,849998474121094;38,849998474121094;38,84000015258789;38,849998474121094;23900
2026-09-29;14:38:00;-03:00;38,84000015258789;38,849998474121094;38,810001373291016;38,84000015258789;9500
2026-09-29;14:39:00;-03:00;38,84000015258789;38,84000015258789;38,83000183105469;38,84000015258789;1200
2026-09-29;14:40:00;-03:00;38,84000015258789;38,84000015258789;38,81999969482422;38,84000015258789;23200
2026-09-29;14:41:00;-03:00;38,84000015258789;38,849998474121094;38,84000015258789;38,849998474121094;3500
2026-09-29;14:42:00;-03:00;38,849998474121094;38,849998474121094;38,84000015258789;38,849998474121094;20700
2026-09-29;14:43:00;-03:00;38,849998474121094;38,849998474121094;38,849998474121094;38,849998474121094;8600
2026-09-29;14:44:00;-03:00;38,849998474121094;38,849998474121094;38,83000183105469;38,84000015258789;6800
2026-09-29;14:45:00;-03:00;38,84000015258789;38,84000015258789;38,84000015258789;38,84000015258789;1300
2026-09-29;14:46:00;-03:00;38,84000015258789;38,84000015258789;38,84000015258789;38,84000015258789;6200
2026-09-29;14:47:00;-03:00;38,84000015258789;38,849998474121094;38,84000015258789;38,84000015258789;3000
2026-09-29;14:48:00;-03:00;38,84000015258789;38,84000015258789;38,83000183105469;38,84000015258789;4700
2026-09-29;14:49:00;-03:00;38,84000015258789;38,84000015258789;38,790000915527344;38,810001373291016;5300
2026-09-29;14:50:00;-03:00;38,810001373291016;38,84000015258789;38,810001373291016;38,84000015258789;8600
2026-09-29;14:51:00;-03:00;38,84000015258789;38,84000015258789;38,83000183105469;38,83000183105469;6600
2026-09-29;14:52:00;-03:00;38,83000183105469;38,84000015258789;38,81999969482422;38,84000015258789;5000
2026-09-29;14:53:00;-03:00;38,84000015258789;38,84000015258789;38,81999969482422;38,83000183105469;4200
2026-09-29;14:54:00;-03:00;38,83000183105469;38,83000183105469;38,810001373291016;38,81999969482422;3600
2026-09-29;14:55:00;-03:00;38,81999969482422;38,81999969482422;38,810001373291016;38,81999969482422;3600
2026-09-29;14:56:00;-03:00;38,81999969482422;38,83000183105469;38,79999923706055;38,83000183105469;8400
2026-09-29;14:57:00;-03:00;38,83000183105469;38,83000183105469;38,810001373291016;38,81999969482422;6000
2026-09-29;14:58:00;-03:00;38,83000183105469;38,83000183105469;38,81999969482422;38,83000183105469;2000
2026-09-29;14:59:00;-03:00;38,83000183105469;38,849998474121094;38,83000183105469;38,849998474121094;2400
2026-09-29;15:00:00;-03:00;38,849998474121094;38,95000076293945;38,849998474121094;38,91999816894531;61200
2026-09-29;15:01:00;-03:00;38,93000030517578;38,93000030517578;38,84000015258789;38,849998474121094;28400
2026-09-29;15:02:00;-03:00;38,86000061035156;38,86000061035156;38,849998474121094;38,849998474121094;7500
2026-09-29;15:03:00;-03:00;38,849998474121094;38,849998474121094;38,81999969482422;38,83000183105469;6400
2026-09-29;15:04:00;-03:00;38,83000183105469;38,849998474121094;38,83000183105469;38,84000015258789;9000
2026-09-29;15:05:00;-03:00;38,849998474121094;38,849998474121094;38,83000183105469;38,83000183105469;5900
2026-09-29;15:06:00;-03:00;38,83000183105469;38,84000015258789;38,810001373291016;38,84000015258789;5800
2026-09-29;15:07:00;-03:00;38,849998474121094;38,849998474121094;38,84000015258789;38,84000015258789;3600
2026-09-29;15:08:00;-03:00;38,849998474121094;38,849998474121094;38,849998474121094;38,849998474121094;1800
2026-09-29;15:09:00;-03:00;38,849998474121094;38,849998474121094;38,84000015258789;38,84000015258789;5000
2026-09-29;15:10:00;-03:00;38,84000015258789;38,849998474121094;38,83000183105469;38,849998474121094;4700
2026-09-29;15:11:00;-03:00;38,849998474121094;38,849998474121094;38,84000015258789;38,849998474121094;36000
2026-09-29;15:12:00;-03:00;38,849998474121094;38,849998474121094;38,84000015258789;38,84000015258789;4300
2026-09-29;15:13:00;-03:00;38,84000015258789;38,880001068115234;38,84000015258789;38,880001068115234;76700
2026-09-29;15:14:00;-03:00;38,869998931884766;38,880001068115234;38,849998474121094;38,880001068115234;11900
2026-09-29;15:15:00;-03:00;38,88999938964844;38,88999938964844;38,880001068115234;38,880001068115234;2600
2026-09-29;15:16:00;-03:00;38,880001068115234;38,88999938964844;38,880001068115234;38,88999938964844;3900
2026-09-29;15:17:00;-03:00;38,88999938964844;38,88999938964844;38,88999938964844;38,88999938964844;13900
2026-09-29;15:18:00;-03:00;38,88999938964844;38,88999938964844;38,880001068115234;38,880001068115234;8200
2026-09-29;15:19:00;-03:00;38,880001068115234;38,880001068115234;38,849998474121094;38,849998474121094;5100
2026-09-29;15:20:00;-03:00;38,84000015258789;38,86000061035156;38,81999969482422;38,86000061035156;13700
2026-09-29;15:21:00;-03:00;38,869998931884766;38,93000030517578;38,869998931884766;38,900001525878906;27300
2026-09-29;15:22:00;-03:00;38,900001525878906;38,900001525878906;38,88999938964844;38,88999938964844;7500
2026-09-29;15:23:00;-03:00;38,88999938964844;38,90999984741211;38,880001068115234;38,880001068115234;3300
2026-09-29;15:24:00;-03:00;38,88999938964844;38,88999938964844;38,880001068115234;38,880001068115234;800
2026-09-29;15:25:00;-03:00;38,88999938964844;38,900001525878906;38,869998931884766;38,880001068115234;5200
2026-09-29;15:26:00;-03:00;38,880001068115234;38,880001068115234;38,849998474121094;38,86000061035156;2200
2026-09-29;15:27:00;-03:00;38,86000061035156;38,86000061035156;38,86000061035156;38,86000061035156;1900
2026-09-29;15:28:00;-03:00;38,86000061035156;38,880001068115234;38,86000061035156;38,86000061035156;6600
2026-09-29;15:29:00;-03:00;38,86000061035156;38,86000061035156;38,849998474121094;38,849998474121094;4300
2026-09-29;15:30:00;-03:00;38,86000061035156;38,900001525878906;38,849998474121094;38,900001525878906;11700
2026-09-29;15:31:00;-03:00;38,900001525878906;38,91999816894531;38,88999938964844;38,91999816894531;14500
2026-09-29;15:32:00;-03:00;38,91999816894531;38,93000030517578;38,90999984741211;38,91999816894531;3900
2026-09-29;15:33:00;-03:00;38,93000030517578;38,93000030517578;38,90999984741211;38,91999816894531;3100
2026-09-29;15:34:00;-03:00;38,91999816894531;38,91999816894531;38,900001525878906;38,91999816894531;4200
2026-09-29;15:35:00;-03:00;38,91999816894531;38,91999816894531;38,90999984741211;38,90999984741211;4400
2026-09-29;15:36:00;-03:00;38,90999984741211;38,91999816894531;38,90999984741211;38,90999984741211;4400
2026-09-29;15:37:00;-03:00;38,90999984741211;38,939998626708984;38,90999984741211;38,939998626708984;7000
2026-09-29;15:38:00;-03:00;38,939998626708984;38,959999084472656;38,939998626708984;38,959999084472656;6400
2026-09-29;15:39:00;-03:00;38,959999084472656;38,959999084472656;38,95000076293945;38,95000076293945;12200
2026-09-29;15:40:00;-03:00;38,959999084472656;38,970001220703125;38,95000076293945;38,95000076293945;13200
2026-09-29;15:41:00;-03:00;38,959999084472656;38,959999084472656;38,939998626708984;38,95000076293945;5500
2026-09-29;15:42:00;-03:00;38,95000076293945;38,959999084472656;38,91999816894531;38,959999084472656;40700
2026-09-29;15:43:00;-03:00;38,959999084472656;38,959999084472656;38,91999816894531;38,93000030517578;4200
2026-09-29;15:44:00;-03:00;38,93000030517578;38,93000030517578;38,880001068115234;38,88999938964844;17000
2026-09-29;15:45:00;-03:00;38,880001068115234;38,900001525878906;38,869998931884766;38,900001525878906;58800
2026-09-29;15:46:00;-03:00;38,900001525878906;38,900001525878906;38,86000061035156;38,86000061035156;8400
2026-09-29;15:47:00;-03:00;38,869998931884766;38,869998931884766;38,84000015258789;38,86000061035156;4400
2026-09-29;15:48:00;-03:00;38,86000061035156;38,869998931884766;38,849998474121094;38,849998474121094;8700
2026-09-29;15:49:00;-03:00;38,849998474121094;38,86000061035156;38,849998474121094;38,86000061035156;1800
2026-09-29;15:50:00;-03:00;38,849998474121094;38,86000061035156;38,84000015258789;38,849998474121094;3300
2026-09-29;15:51:00;-03:00;38,849998474121094;38,88999938964844;38,77000045776367;38,790000915527344;78200
2026-09-29;15:52:00;-03:00;38,779998779296875;38,790000915527344;38,77000045776367;38,790000915527344;8500
2026-09-29;15:53:00;-03:00;38,779998779296875;38,779998779296875;38,7599983215332;38,77000045776367;3700
2026-09-29;15:54:00;-03:00;38,77000045776367;38,790000915527344;38,77000045776367;38,790000915527344;2800
2026-09-29;15:55:00;-03:00;38,790000915527344;38,790000915527344;38,7599983215332;38,779998779296875;3200
2026-09-29;15:56:00;-03:00;38,779998779296875;38,790000915527344;38,779998779296875;38,790000915527344;2500
2026-09-29;15:57:00;-03:00;38,790000915527344;38,79999923706055;38,779998779296875;38,779998779296875;7100
2026-09-29;15:58:00;-03:00;38,779998779296875;38,779998779296875;38,77000045776367;38,779998779296875;3100
2026-09-29;15:59:00;-03:00;38,779998779296875;38,790000915527344;38,7599983215332;38,77000045776367;2500
2026-09-29;16:00:00;-03:00;38,77000045776367;38,779998779296875;38,77000045776367;38,77000045776367;3600
2026-09-29;16:01:00;-03:00;38,7599983215332;38,779998779296875;38,7599983215332;38,779998779296875;2600
2026-09-29;16:02:00;-03:00;38,779998779296875;38,779998779296875;38,77000045776367;38,779998779296875;1300
2026-09-29;16:03:00;-03:00;38,779998779296875;38,779998779296875;38,77000045776367;38,77000045776367;2000
2026-09-29;16:04:00;-03:00;38,77000045776367;38,77000045776367;38,7599983215332;38,77000045776367;2000
2026-09-29;16:05:00;-03:00;38,77000045776367;38,779998779296875;38,7599983215332;38,77000045776367;1500
2026-09-29;16:06:00;-03:00;38,77000045776367;38,77000045776367;38,720001220703125;38,7400016784668;16800
2026-09-29;16:07:00;-03:00;38,720001220703125;38,75;38,720001220703125;38,75;7300
2026-09-29;16:08:00;-03:00;38,7599983215332;38,7599983215332;38,7400016784668;38,75;2900
2026-09-29;16:09:00;-03:00;38,75;38,75;38,7400016784668;38,75;3800
2026-09-29;16:10:00;-03:00;38,75;38,75;38,72999954223633;38,75;18800
2026-09-29;16:11:00;-03:00;38,7400016784668;38,77000045776367;38,72999954223633;38,77000045776367;21300
2026-09-29;16:12:00;-03:00;38,77000045776367;38,77000045776367;38,77000045776367;38,77000045776367;1100
2026-09-29;16:13:00;-03:00;38,77000045776367;38,779998779296875;38,7599983215332;38,779998779296875;4100
2026-09-29;16:14:00;-03:00;38,779998779296875;38,779998779296875;38,7599983215332;38,7599983215332;4800
2026-09-29;16:15:00;-03:00;38,75;38,75;38,7400016784668;38,75;3300
2026-09-29;16:16:00;-03:00;38,75;38,75;38,7400016784668;38,75;2200
2026-09-29;16:17:00;-03:00;38,75;38,75;38,7400016784668;38,75;1700
2026-09-29;16:18:00;-03:00;38,75;38,7599983215332;38,7400016784668;38,75;6700
2026-09-29;16:19:00;-03:00;38,75;38,75;38,7400016784668;38,75;2900
2026-09-29;16:20:00;-03:00;38,7400016784668;38,75;38,7400016784668;38,7400016784668;1800
2026-09-29;16:21:00;-03:00;38,72999954223633;38,7400016784668;38,720001220703125;38,72999954223633;3900
2026-09-29;16:22:00;-03:00;38,72999954223633;38,72999954223633;38,720001220703125;38,72999954223633;900
2026-09-29;16:23:00;-03:00;38,72999954223633;38,7400016784668;38,720001220703125;38,720001220703125;16100
2026-09-29;16:24:00;-03:00;38,72999954223633;38,7599983215332;38,720001220703125;38,75;41800
2026-09-29;16:25:00;-03:00;38,75;38,75;38,7400016784668;38,75;2300
2026-09-29;16:26:00;-03:00;38,75;38,7599983215332;38,75;38,7599983215332;9000
2026-09-29;16:27:00;-03:00;38,75;38,7599983215332;38,7400016784668;38,7599983215332;2100
2026-09-29;16:28:00;-03:00;38,75;38,7599983215332;38,75;38,7599983215332;3700
2026-09-29;16:29:00;-03:00;38,7599983215332;38,7599983215332;38,7400016784668;38,7599983215332;1500
2026-09-29;16:30:00;-03:00;38,7599983215332;38,790000915527344;38,7599983215332;38,779998779296875;21900
2026-09-29;16:31:00;-03:00;38,79999923706055;38,79999923706055;38,779998779296875;38,79999923706055;9300
2026-09-29;16:32:00;-03:00;38,810001373291016;38,810001373291016;38,79999923706055;38,810001373291016;3400
2026-09-29;16:33:00;-03:00;38,810001373291016;38,81999969482422;38,810001373291016;38,81999969482422;5800
2026-09-29;16:34:00;-03:00;38,81999969482422;38,84000015258789;38,81999969482422;38,83000183105469;6300
2026-09-29;16:35:00;-03:00;38,83000183105469;38,84000015258789;38,81999969482422;38,83000183105469;8700
2026-09-29;16:36:00;-03:00;38,83000183105469;38,84000015258789;38,81999969482422;38,84000015258789;3900
2026-09-29;16:37:00;-03:00;38,84000015258789;38,84000015258789;38,83000183105469;38,83000183105469;2400
2026-09-29;16:38:00;-03:00;38,83000183105469;38,84000015258789;38,81999969482422;38,84000015258789;1500
2026-09-29;16:39:00;-03:00;38,84000015258789;38,84000015258789;38,810001373291016;38,81999969482422;7300
2026-09-29;16:40:00;-03:00;38,81999969482422;38,849998474121094;38,81999969482422;38,84000015258789;8900
2026-09-29;16:41:00;-03:00;38,84000015258789;38,84000015258789;38,810001373291016;38,81999969482422;13500
2026-09-29;16:42:00;-03:00;38,810001373291016;38,81999969482422;38,790000915527344;38,810001373291016;7800
2026-09-29;16:43:00;-03:00;38,790000915527344;38,79999923706055;38,790000915527344;38,790000915527344;33200
2026-09-29;16:44:00;-03:00;38,790000915527344;38,84000015258789;38,790000915527344;38,81999969482422;80800
2026-09-29;16:45:00;-03:00;38,810001373291016;38,81999969482422;38,790000915527344;38,790000915527344;8400
2026-09-29;16:46:00;-03:00;38,79999923706055;38,83000183105469;38,79999923706055;38,83000183105469;12300
2026-09-29;16:47:00;-03:00;38,84000015258789;38,86000061035156;38,84000015258789;38,86000061035156;16500
2026-09-29;16:48:00;-03:00;38,84000015258789;38,86000061035156;38,84000015258789;38,849998474121094;13200
2026-09-29;16:49:00;-03:00;38,849998474121094;38,869998931884766;38,84000015258789;38,869998931884766;20000
2026-09-29;16:50:00;-03:00;38,869998931884766;38,869998931884766;38,849998474121094;38,869998931884766;12100
2026-09-29;16:51:00;-03:00;38,86000061035156;38,869998931884766;38,849998474121094;38,869998931884766;8200
2026-09-29;16:52:00;-03:00;38,849998474121094;38,880001068115234;38,84000015258789;38,869998931884766;17100
2026-09-29;16:53:00;-03:00;38,869998931884766;38,880001068115234;38,84000015258789;38,84000015258789;29800
2026-09-29;16:54:00;-03:00;38,86000061035156;38,86000061035156;38,79999923706055;38,79999923706055;8000
2026-09-30;10:03:00;-03:00;39,09000015258789;39,25;39,06999969482422;39,20000076293945;0
2026-09-30;10:04:00;-03:00;39,209999084472656;39,22999954223633;39,09000015258789;39,209999084472656;16400
2026-09-30;10:05:00;-03:00;39,22999954223633;39,27000045776367;39,20000076293945;39,2400016784668;5000
2026-09-30;10:06:00;-03:00;39,220001220703125;39,25;39,189998626708984;39,22999954223633;9800
2026-09-30;10:07:00;-03:00;39,209999084472656;39,22999954223633;39,209999084472656;39,209999084472656;3500
2026-09-30;10:08:00;-03:00;39,209999084472656;39,209999084472656;39,13999938964844;39,13999938964844;4700
2026-09-30;10:09:00;-03:00;39,13999938964844;39,209999084472656;39,11000061035156;39,18000030517578;16900
2026-09-30;10:10:00;-03:00;39,18000030517578;39,22999954223633;39,18000030517578;39,22999954223633;5500
2026-09-30;10:11:00;-03:00;39,22999954223633;39,22999954223633;39,20000076293945;39,209999084472656;4100
2026-09-30;10:12:00;-03:00;39,20000076293945;39,209999084472656;39,130001068115234;39,150001525878906;4200
2026-09-30;10:13:00;-03:00;39,150001525878906;39,15999984741211;39,119998931884766;39,130001068115234;5600
2026-09-30;10:14:00;-03:00;39,130001068115234;39,130001068115234;39,09000015258789;39,11000061035156;3500
2026-09-30;10:15:00;-03:00;39,11000061035156;39,13999938964844;39,11000061035156;39,13999938964844;3000
2026-09-30;10:16:00;-03:00;39,13999938964844;39,18000030517578;39,119998931884766;39,119998931884766;10100
2026-09-30;10:17:00;-03:00;39,150001525878906;39,15999984741211;39,13999938964844;39,150001525878906;2800
2026-09-30;10:18:00;-03:00;39,15999984741211;39,15999984741211;39,11000061035156;39,11000061035156;3700
2026-09-30;10:19:00;-03:00;39,099998474121094;39,099998474121094;39,040000915527344;39,040000915527344;5700
2026-09-30;10:20:00;-03:00;39,040000915527344;39,06999969482422;39,029998779296875;39,029998779296875;10200
2026-09-30;10:21:00;-03:00;39,040000915527344;39,06999969482422;39,029998779296875;39,06999969482422;3100
2026-09-30;10:22:00;-03:00;39,06999969482422;39,11000061035156;39,06999969482422;39,09000015258789;4200
2026-09-30;10:23:00;-03:00;39,08000183105469;39,099998474121094;39,06999969482422;39,06999969482422;1700
2026-09-30;10:24:00;-03:00;39,099998474121094;39,119998931884766;39,060001373291016;39,11000061035156;5400
2026-09-30;10:25:00;-03:00;39,119998931884766;39,130001068115234;39,119998931884766;39,119998931884766;2300
2026-09-30;10:26:00;-03:00;39,150001525878906;39,18000030517578;39,119998931884766;39,119998931884766;2500
2026-09-30;10:27:00;-03:00;39,13999938964844;39,13999938964844;39,09000015258789;39,09000015258789;1000
2026-09-30;10:28:00;-03:00;39,099998474121094;39,099998474121094;39,040000915527344;39,040000915527344;10600
2026-09-30;10:29:00;-03:00;39,040000915527344;39,040000915527344;38,97999954223633;39,0099983215332;6100
2026-09-30;10:30:00;-03:00;39,0099983215332;39,06999969482422;39,0099983215332;39,06999969482422;1900
2026-09-30;10:31:00;-03:00;39,04999923706055;39,04999923706055;39,0;39,04999923706055;5400
2026-09-30;10:32:00;-03:00;39,04999923706055;39,06999969482422;39,02000045776367;39,04999923706055;3600
2026-09-30;10:33:00;-03:00;39,06999969482422;39,08000183105469;39,04999923706055;39,04999923706055;8600
2026-09-30;10:34:00;-03:00;39,040000915527344;39,04999923706055;39,029998779296875;39,04999923706055;3900
2026-09-30;10:35:00;-03:00;39,04999923706055;39,08000183105469;39,04999923706055;39,04999923706055;1800
2026-09-30;10:36:00;-03:00;39,060001373291016;39,08000183105469;39,060001373291016;39,06999969482422;2100
2026-09-30;10:37:00;-03:00;39,04999923706055;39,04999923706055;39,040000915527344;39,04999923706055;900
2026-09-30;10:38:00;-03:00;39,060001373291016;39,060001373291016;39,02000045776367;39,040000915527344;1900
2026-09-30;10:39:00;-03:00;39,04999923706055;39,04999923706055;39,04999923706055;39,04999923706055;700
2026-09-30;10:40:00;-03:00;39,029998779296875;39,119998931884766;39,02000045776367;39,119998931884766;20900
2026-09-30;10:41:00;-03:00;39,119998931884766;39,119998931884766;39,08000183105469;39,08000183105469;5400
2026-09-30;10:42:00;-03:00;39,09000015258789;39,130001068115234;39,09000015258789;39,130001068115234;1600
2026-09-30;10:43:00;-03:00;39,11000061035156;39,119998931884766;39,09000015258789;39,119998931884766;4400
2026-09-30;10:44:00;-03:00;39,119998931884766;39,119998931884766;39,06999969482422;39,08000183105469;2400
2026-09-30;10:45:00;-03:00;39,09000015258789;39,130001068115234;39,04999923706055;39,060001373291016;25600
2026-09-30;10:46:00;-03:00;39,060001373291016;39,08000183105469;38,959999084472656;39,08000183105469;27600
2026-09-30;10:47:00;-03:00;39,08000183105469;39,09000015258789;39,060001373291016;39,060001373291016;1900
2026-09-30;10:48:00;-03:00;39,04999923706055;39,04999923706055;38,970001220703125;38,9900016784668;7700
2026-09-30;10:49:00;-03:00;39,0099983215332;39,060001373291016;38,9900016784668;39,060001373291016;3700
2026-09-30;10:50:00;-03:00;39,040000915527344;39,040000915527344;39,02000045776367;39,029998779296875;4600
2026-09-30;10:51:00;-03:00;39,029998779296875;39,040000915527344;39,02000045776367;39,02000045776367;1700
2026-09-30;10:52:00;-03:00;39,02000045776367;39,02000045776367;39,0;39,0099983215332;1900
2026-09-30;10:53:00;-03:00;39,0099983215332;39,029998779296875;39,0099983215332;39,02000045776367;600
2026-09-30;10:54:00;-03:00;39,02000045776367;39,029998779296875;38,97999954223633;38,97999954223633;9700
2026-09-30;10:55:00;-03:00;38,97999954223633;39,029998779296875;38,97999954223633;39,0;6900
2026-09-30;10:56:00;-03:00;38,97999954223633;39,0099983215332;38,97999954223633;39,0099983215332;1700
2026-09-30;10:57:00;-03:00;39,0099983215332;39,04999923706055;39,0099983215332;39,040000915527344;2600
2026-09-30;10:58:00;-03:00;39,040000915527344;39,040000915527344;39,02000045776367;39,040000915527344;6000
2026-09-30;10:59:00;-03:00;39,02000045776367;39,04999923706055;39,02000045776367;39,04999923706055;2600
2026-09-30;11:00:00;-03:00;39,04999923706055;39,06999969482422;39,0099983215332;39,0099983215332;17100
2026-09-30;11:01:00;-03:00;39,0099983215332;39,0099983215332;38,95000076293945;38,97999954223633;25600
2026-09-30;11:02:00;-03:00;38,9900016784668;38,9900016784668;38,95000076293945;38,970001220703125;8000
2026-09-30;11:03:00;-03:00;38,970001220703125;39,0099983215332;38,970001220703125;39,0099983215332;1300
2026-09-30;11:04:00;-03:00;39,0099983215332;39,0099983215332;38,97999954223633;39,0099983215332;2300
2026-09-30;11:05:00;-03:00;39,04999923706055;39,04999923706055;39,029998779296875;39,029998779296875;2800
2026-09-30;11:06:00;-03:00;39,0099983215332;39,040000915527344;39,0099983215332;39,040000915527344;2600
2026-09-30;11:07:00;-03:00;39,029998779296875;39,08000183105469;39,029998779296875;39,060001373291016;7500
2026-09-30;11:08:00;-03:00;39,06999969482422;39,06999969482422;39,04999923706055;39,060001373291016;1900
2026-09-30;11:09:00;-03:00;39,060001373291016;39,08000183105469;39,060001373291016;39,08000183105469;1000
2026-09-30;11:10:00;-03:00;39,08000183105469;39,08000183105469;39,060001373291016;39,06999969482422;2900
2026-09-30;11:11:00;-03:00;39,06999969482422;39,06999969482422;39,04999923706055;39,04999923706055;5400
2026-09-30;11:12:00;-03:00;39,060001373291016;39,099998474121094;39,060001373291016;39,09000015258789;14000
2026-09-30;11:13:00;-03:00;39,11000061035156;39,11000061035156;39,0099983215332;39,0099983215332;10600
2026-09-30;11:14:00;-03:00;39,0;39,0099983215332;38,9900016784668;39,0099983215332;9800
2026-09-30;11:15:00;-03:00;39,02000045776367;39,040000915527344;39,0;39,02000045776367;8900
2026-09-30;11:16:00;-03:00;39,02000045776367;39,040000915527344;39,02000045776367;39,029998779296875;1600
2026-09-30;11:17:00;-03:00;39,029998779296875;39,060001373291016;39,029998779296875;39,04999923706055;7900
2026-09-30;11:18:00;-03:00;39,04999923706055;39,099998474121094;39,040000915527344;39,09000015258789;7100
2026-09-30;11:19:00;-03:00;39,11000061035156;39,130001068115234;39,09000015258789;39,130001068115234;14600
2026-09-30;11:20:00;-03:00;39,13999938964844;39,15999984741211;39,130001068115234;39,130001068115234;8600
2026-09-30;11:21:00;-03:00;39,130001068115234;39,15999984741211;39,130001068115234;39,150001525878906;2500
2026-09-30;11:22:00;-03:00;39,15999984741211;39,16999816894531;39,13999938964844;39,15999984741211;5300
2026-09-30;11:23:00;-03:00;39,15999984741211;39,18000030517578;39,130001068115234;39,18000030517578;27600
2026-09-30;11:24:00;-03:00;39,18000030517578;39,20000076293945;39,16999816894531;39,189998626708984;11700
2026-09-30;11:25:00;-03:00;39,16999816894531;39,189998626708984;39,13999938964844;39,150001525878906;8000
2026-09-30;11:26:00;-03:00;39,16999816894531;39,16999816894531;39,130001068115234;39,150001525878906;4400
2026-09-30;11:27:00;-03:00;39,119998931884766;39,130001068115234;39,11000061035156;39,119998931884766;1000
2026-09-30;11:28:00;-03:00;39,11000061035156;39,11000061035156;39,04999923706055;39,04999923706055;3200
2026-09-30;11:29:00;-03:00;39,04999923706055;39,060001373291016;39,04999923706055;39,060001373291016;2100
2026-09-30;11:30:00;-03:00;39,04999923706055;39,06999969482422;39,029998779296875;39,060001373291016;3900
2026-09-30;11:31:00;-03:00;39,06999969482422;39,08000183105469;39,060001373291016;39,08000183105469;2400
2026-09-30;11:32:00;-03:00;39,08000183105469;39,099998474121094;39,08000183105469;39,09000015258789;2400
2026-09-30;11:33:00;-03:00;39,08000183105469;39,130001068115234;39,06999969482422;39,130001068115234;4000
2026-09-30;11:34:00;-03:00;39,130001068115234;39,130001068115234;39,09000015258789;39,09000015258789;7700
2026-09-30;11:35:00;-03:00;39,099998474121094;39,11000061035156;39,09000015258789;39,09000015258789;3200
2026-09-30;11:36:00;-03:00;39,09000015258789;39,099998474121094;39,08000183105469;39,09000015258789;500
2026-09-30;11:37:00;-03:00;39,099998474121094;39,099998474121094;39,060001373291016;39,06999969482422;3900
2026-09-30;11:38:00;-03:00;39,060001373291016;39,060001373291016;39,0099983215332;39,0099983215332;8200
2026-09-30;11:39:00;-03:00;39,02000045776367;39,06999969482422;39,0;39,040000915527344;3800
2026-09-30;11:40:00;-03:00;39,060001373291016;39,060001373291016;39,040000915527344;39,040000915527344;2300
2026-09-30;11:41:00;-03:00;39,060001373291016;39,06999969482422;39,060001373291016;39,060001373291016;1300
2026-09-30;11:42:00;-03:00;39,08000183105469;39,11000061035156;39,060001373291016;39,11000061035156;6600
2026-09-30;11:43:00;-03:00;39,09000015258789;39,099998474121094;39,04999923706055;39,06999969482422;2900
2026-09-30;11:44:00;-03:00;39,04999923706055;39,08000183105469;39,040000915527344;39,04999923706055;4000
2026-09-30;11:45:00;-03:00;39,06999969482422;39,06999969482422;39,040000915527344;39,04999923706055;19700
2026-09-30;11:46:00;-03:00;39,04999923706055;39,099998474121094;39,04999923706055;39,08000183105469;8000
2026-09-30;11:47:00;-03:00;39,06999969482422;39,11000061035156;39,060001373291016;39,099998474121094;20500
2026-09-30;11:48:00;-03:00;39,09000015258789;39,11000061035156;39,04999923706055;39,04999923706055;25400
2026-09-30;11:49:00;-03:00;39,04999923706055;39,06999969482422;39,040000915527344;39,060001373291016;6900
2026-09-30;11:50:00;-03:00;39,060001373291016;39,060001373291016;39,029998779296875;39,04999923706055;8300
2026-09-30;11:51:00;-03:00;39,04999923706055;39,08000183105469;39,040000915527344;39,08000183105469;6500
2026-09-30;11:52:00;-03:00;39,06999969482422;39,08000183105469;39,04999923706055;39,060001373291016;5700
2026-09-30;11:53:00;-03:00;39,060001373291016;39,060001373291016;39,04999923706055;39,04999923706055;4000
2026-09-30;11:54:00;-03:00;39,060001373291016;39,06999969482422;39,04999923706055;39,06999969482422;5400
2026-09-30;11:55:00;-03:00;39,06999969482422;39,06999969482422;39,04999923706055;39,060001373291016;2900
2026-09-30;11:56:00;-03:00;39,04999923706055;39,04999923706055;39,029998779296875;39,029998779296875;5400
2026-09-30;11:57:00;-03:00;39,02000045776367;39,02000045776367;39,0099983215332;39,02000045776367;3600
2026-09-30;11:58:00;-03:00;39,02000045776367;39,02000045776367;38,97999954223633;39,0;11400
2026-09-30;11:59:00;-03:00;39,0;39,0099983215332;38,9900016784668;38,9900016784668;2400
2026-09-30;12:00:00;-03:00;38,9900016784668;38,9900016784668;38,959999084472656;38,97999954223633;11800
2026-09-30;12:01:00;-03:00;38,97999954223633;38,9900016784668;38,959999084472656;38,959999084472656;4000
2026-09-30;12:02:00;-03:00;38,959999084472656;38,970001220703125;38,91999816894531;38,970001220703125;11100
2026-09-30;12:03:00;-03:00;38,970001220703125;39,0099983215332;38,959999084472656;39,0;18600
2026-09-30;12:04:00;-03:00;39,02000045776367;39,029998779296875;39,0099983215332;39,0099983215332;5600
2026-09-30;12:05:00;-03:00;39,0099983215332;39,04999923706055;39,0099983215332;39,040000915527344;2600
2026-09-30;12:06:00;-03:00;39,040000915527344;39,040000915527344;39,02000045776367;39,040000915527344;1500
2026-09-30;12:07:00;-03:00;39,040000915527344;39,04999923706055;39,02000045776367;39,04999923706055;2900
2026-09-30;12:08:00;-03:00;39,04999923706055;39,060001373291016;39,029998779296875;39,04999923706055;2400
2026-09-30;12:09:00;-03:00;39,040000915527344;39,06999969482422;39,040000915527344;39,06999969482422;2700
2026-09-30;12:10:00;-03:00;39,06999969482422;39,08000183105469;39,060001373291016;39,08000183105469;9300
2026-09-30;12:11:00;-03:00;39,060001373291016;39,11000061035156;39,060001373291016;39,099998474121094;22700
2026-09-30;12:12:00;-03:00;39,099998474121094;39,130001068115234;39,06999969482422;39,06999969482422;15200
2026-09-30;12:13:00;-03:00;39,06999969482422;39,11000061035156;39,06999969482422;39,11000061035156;6900
2026-09-30;12:14:00;-03:00;39,11000061035156;39,119998931884766;39,06999969482422;39,09000015258789;35900
2026-09-30;12:15:00;-03:00;39,06999969482422;39,15999984741211;39,06999969482422;39,15999984741211;27100
2026-09-30;12:16:00;-03:00;39,150001525878906;39,15999984741211;39,13999938964844;39,15999984741211;11100
2026-09-30;12:17:00;-03:00;39,13999938964844;39,13999938964844;39,11000061035156;39,11000061035156;4100
2026-09-30;12:18:00;-03:00;39,11000061035156;39,119998931884766;39,099998474121094;39,11000061035156;4400
2026-09-30;12:19:00;-03:00;39,099998474121094;39,11000061035156;39,09000015258789;39,099998474121094;5100
2026-09-30;12:20:00;-03:00;39,09000015258789;39,11000061035156;39,06999969482422;39,06999969482422;23100
2026-09-30;12:21:00;-03:00;39,06999969482422;39,06999969482422;39,04999923706055;39,06999969482422;9600
2026-09-30;12:22:00;-03:00;39,06999969482422;39,06999969482422;39,040000915527344;39,04999923706055;3600
2026-09-30;12:23:00;-03:00;39,060001373291016;39,060001373291016;39,040000915527344;39,04999923706055;4200
2026-09-30;12:24:00;-03:00;39,04999923706055;39,04999923706055;39,04999923706055;39,04999923706055;1800
2026-09-30;12:25:00;-03:00;39,060001373291016;39,09000015258789;39,060001373291016;39,08000183105469;3300
2026-09-30;12:26:00;-03:00;39,08000183105469;39,09000015258789;39,08000183105469;39,09000015258789;1300
2026-09-30;12:27:00;-03:00;39,09000015258789;39,09000015258789;39,08000183105469;39,09000015258789;2500
2026-09-30;12:28:00;-03:00;39,099998474121094;39,119998931884766;39,060001373291016;39,11000061035156;44800
2026-09-30;12:29:00;-03:00;39,119998931884766;39,150001525878906;39,099998474121094;39,11000061035156;323900
2026-09-30;12:30:00;-03:00;39,130001068115234;39,150001525878906;39,09000015258789;39,130001068115234;111800
2026-09-30;12:31:00;-03:00;39,11000061035156;39,11000061035156;39,09000015258789;39,11000061035156;17000
2026-09-30;12:32:00;-03:00;39,11000061035156;39,130001068115234;39,08000183105469;39,099998474121094;34500
2026-09-30;12:33:00;-03:00;39,099998474121094;39,20000076293945;39,099998474121094;39,18000030517578;48700
2026-09-30;12:34:00;-03:00;39,16999816894531;39,22999954223633;39,15999984741211;39,18000030517578;106700
2026-09-30;12:35:00;-03:00;39,16999816894531;39,16999816894531;39,130001068115234;39,13999938964844;6400
2026-09-30;12:36:00;-03:00;39,13999938964844;39,16999816894531;39,13999938964844;39,16999816894531;1900
2026-09-30;12:37:00;-03:00;39,16999816894531;39,20000076293945;39,150001525878906;39,20000076293945;7100
2026-09-30;12:38:00;-03:00;39,209999084472656;39,209999084472656;39,18000030517578;39,209999084472656;5200
2026-09-30;12:39:00;-03:00;39,20000076293945;39,22999954223633;39,20000076293945;39,20000076293945;25600
2026-09-30;12:40:00;-03:00;39,20000076293945;39,20000076293945;39,18000030517578;39,18000030517578;2100
2026-09-30;12:41:00;-03:00;39,18000030517578;39,18000030517578;39,18000030517578;39,18000030517578;200
2026-09-30;12:42:00;-03:00;39,18000030517578;39,189998626708984;39,150001525878906;39,150001525878906;5600
2026-09-30;12:43:00;-03:00;39,15999984741211;39,15999984741211;39,119998931884766;39,130001068115234;6300
2026-09-30;12:44:00;-03:00;39,119998931884766;39,119998931884766;39,09000015258789;39,09000015258789;3700
2026-09-30;12:45:00;-03:00;39,099998474121094;39,130001068115234;39,099998474121094;39,130001068115234;1000
2026-09-30;12:46:00;-03:00;39,16999816894531;39,189998626708984;39,150001525878906;39,189998626708984;2900
2026-09-30;12:47:00;-03:00;39,189998626708984;39,209999084472656;39,189998626708984;39,189998626708984;2700
2026-09-30;12:48:00;-03:00;39,18000030517578;39,20000076293945;39,18000030517578;39,20000076293945;1200
2026-09-30;12:49:00;-03:00;39,20000076293945;39,22999954223633;39,20000076293945;39,22999954223633;2500
2026-09-30;12:50:00;-03:00;39,209999084472656;39,209999084472656;39,20000076293945;39,209999084472656;3000
2026-09-30;12:51:00;-03:00;39,220001220703125;39,220001220703125;39,189998626708984;39,189998626708984;1200
2026-09-30;12:52:00;-03:00;39,189998626708984;39,189998626708984;39,15999984741211;39,16999816894531;2400
2026-09-30;12:53:00;-03:00;39,189998626708984;39,20000076293945;39,189998626708984;39,189998626708984;600
2026-09-30;12:54:00;-03:00;39,189998626708984;39,20000076293945;39,150001525878906;39,150001525878906;1800
2026-09-30;12:55:00;-03:00;39,150001525878906;39,150001525878906;39,13999938964844;39,13999938964844;2100
2026-09-30;12:56:00;-03:00;39,150001525878906;39,15999984741211;39,150001525878906;39,150001525878906;1500
2026-09-30;12:57:00;-03:00;39,150001525878906;39,16999816894531;39,150001525878906;39,16999816894531;1700
2026-09-30;12:58:00;-03:00;39,18000030517578;39,18000030517578;39,150001525878906;39,18000030517578;20300
2026-09-30;12:59:00;-03:00;39,18000030517578;39,20000076293945;39,18000030517578;39,18000030517578;400
2026-09-30;13:00:00;-03:00;39,20000076293945;39,209999084472656;39,20000076293945;39,209999084472656;1000
2026-09-30;13:01:00;-03:00;39,20000076293945;39,25;39,189998626708984;39,22999954223633;17200
2026-09-30;13:02:00;-03:00;39,22999954223633;39,22999954223633;39,209999084472656;39,220001220703125;3900
2026-09-30;13:03:00;-03:00;39,220001220703125;39,279998779296875;39,209999084472656;39,279998779296875;65700
2026-09-30;13:04:00;-03:00;39,279998779296875;39,31999969482422;39,2599983215332;39,2599983215332;23400
2026-09-30;13:05:00;-03:00;39,27000045776367;39,27000045776367;39,27000045776367;39,27000045776367;0
2026-09-30;13:06:00;-03:00;39,27000045776367;39,310001373291016;39,27000045776367;39,310001373291016;6000
2026-09-30;13:07:00;-03:00;39,310001373291016;39,310001373291016;39,290000915527344;39,29999923706055;500
2026-09-30;13:08:00;-03:00;39,310001373291016;39,33000183105469;39,290000915527344;39,29999923706055;23300
2026-09-30;13:09:00;-03:00;39,290000915527344;39,310001373291016;39,290000915527344;39,29999923706055;2400
2026-09-30;13:10:00;-03:00;39,29999923706055;39,29999923706055;39,290000915527344;39,29999923706055;4000
2026-09-30;13:11:00;-03:00;39,290000915527344;39,310001373291016;39,290000915527344;39,310001373291016;21300
2026-09-30;13:12:00;-03:00;39,310001373291016;39,310001373291016;39,290000915527344;39,290000915527344;2700
2026-09-30;13:13:00;-03:00;39,290000915527344;39,310001373291016;39,290000915527344;39,310001373291016;1700
2026-09-30;13:14:00;-03:00;39,310001373291016;39,310001373291016;39,29999923706055;39,29999923706055;1100
2026-09-30;13:15:00;-03:00;39,310001373291016;39,310001373291016;39,29999923706055;39,29999923706055;3100
2026-09-30;13:16:00;-03:00;39,29999923706055;39,29999923706055;39,279998779296875;39,290000915527344;4400
2026-09-30;13:17:00;-03:00;39,290000915527344;39,290000915527344;39,27000045776367;39,279998779296875;4300
2026-09-30;13:18:00;-03:00;39,27000045776367;39,290000915527344;39,27000045776367;39,290000915527344;1600
2026-09-30;13:19:00;-03:00;39,279998779296875;39,290000915527344;39,27000045776367;39,279998779296875;1000
2026-09-30;13:20:00;-03:00;39,27000045776367;39,279998779296875;39,27000045776367;39,279998779296875;2400
2026-09-30;13:21:00;-03:00;39,29999923706055;39,31999969482422;39,29999923706055;39,31999969482422;2000
2026-09-30;13:22:00;-03:00;39,31999969482422;39,33000183105469;39,310001373291016;39,33000183105469;4000
2026-09-30;13:23:00;-03:00;39,31999969482422;39,33000183105469;39,310001373291016;39,31999969482422;1500
2026-09-30;13:24:00;-03:00;39,31999969482422;39,349998474121094;39,310001373291016;39,34000015258789;18600
2026-09-30;13:25:00;-03:00;39,34000015258789;39,34000015258789;39,31999969482422;39,33000183105469;4600
2026-09-30;13:26:00;-03:00;39,33000183105469;39,34000015258789;39,33000183105469;39,34000015258789;2300
2026-09-30;13:27:00;-03:00;39,31999969482422;39,33000183105469;39,310001373291016;39,33000183105469;4000
2026-09-30;13:28:00;-03:00;39,33000183105469;39,34000015258789;39,33000183105469;39,33000183105469;2200
2026-09-30;13:29:00;-03:00;39,34000015258789;39,34000015258789;39,33000183105469;39,33000183105469;5900
2026-09-30;13:30:00;-03:00;39,34000015258789;39,34000015258789;39,33000183105469;39,33000183105469;0
2026-09-30;13:31:00;-03:00;39,34000015258789;39,36000061035156;39,34000015258789;39,349998474121094;5200
2026-09-30;13:32:00;-03:00;39,349998474121094;39,36000061035156;39,349998474121094;39,349998474121094;1600
2026-09-30;13:33:00;-03:00;39,36000061035156;39,369998931884766;39,349998474121094;39,369998931884766;2000
2026-09-30;13:34:00;-03:00;39,369998931884766;39,38999938964844;39,369998931884766;39,38999938964844;13400
2026-09-30;13:35:00;-03:00;39,380001068115234;39,38999938964844;39,36000061035156;39,38999938964844;4900
2026-09-30;13:36:00;-03:00;39,38999938964844;39,38999938964844;39,369998931884766;39,369998931884766;3000
2026-09-30;13:37:00;-03:00;39,369998931884766;39,380001068115234;39,369998931884766;39,380001068115234;2200
2026-09-30;13:38:00;-03:00;39,380001068115234;39,38999938964844;39,34000015258789;39,34000015258789;8800
2026-09-30;13:39:00;-03:00;39,33000183105469;39,36000061035156;39,33000183105469;39,34000015258789;6400
2026-09-30;13:40:00;-03:00;39,31999969482422;39,33000183105469;39,290000915527344;39,29999923706055;10200
2026-09-30;13:41:00;-03:00;39,29999923706055;39,310001373291016;39,290000915527344;39,310001373291016;3100
2026-09-30;13:42:00;-03:00;39,310001373291016;39,310001373291016;39,209999084472656;39,22999954223633;45800
2026-09-30;13:43:00;-03:00;39,22999954223633;39,2400016784668;39,18000030517578;39,220001220703125;25000
2026-09-30;13:44:00;-03:00;39,22999954223633;39,2400016784668;39,220001220703125;39,2400016784668;2600
2026-09-30;13:45:00;-03:00;39,2400016784668;39,25;39,22999954223633;39,25;4400
2026-09-30;13:46:00;-03:00;39,2400016784668;39,2599983215332;39,2400016784668;39,2599983215332;2400
2026-09-30;13:47:00;-03:00;39,2599983215332;39,279998779296875;39,2599983215332;39,27000045776367;2900
2026-09-30;13:48:00;-03:00;39,279998779296875;39,290000915527344;39,279998779296875;39,279998779296875;2900
2026-09-30;13:49:00;-03:00;39,290000915527344;39,290000915527344;39,27000045776367;39,279998779296875;6200
2026-09-30;13:50:00;-03:00;39,279998779296875;39,29999923706055;39,279998779296875;39,290000915527344;3600
2026-09-30;13:51:00;-03:00;39,290000915527344;39,29999923706055;39,25;39,2599983215332;4400
2026-09-30;13:52:00;-03:00;39,2599983215332;39,27000045776367;39,25;39,27000045776367;2700
2026-09-30;13:53:00;-03:00;39,27000045776367;39,290000915527344;39,2599983215332;39,2599983215332;5600
2026-09-30;13:54:00;-03:00;39,2599983215332;39,27000045776367;39,2599983215332;39,27000045776367;1900
2026-09-30;13:55:00;-03:00;39,27000045776367;39,290000915527344;39,27000045776367;39,279998779296875;15100
2026-09-30;13:56:00;-03:00;39,279998779296875;39,279998779296875;39,2599983215332;39,2599983215332;3300
2026-09-30;13:57:00;-03:00;39,2599983215332;39,27000045776367;39,25;39,27000045776367;5000
2026-09-30;13:58:00;-03:00;39,27000045776367;39,27000045776367;39,2400016784668;39,27000045776367;5100
2026-09-30;13:59:00;-03:00;39,27000045776367;39,279998779296875;39,27000045776367;39,27000045776367;2600
2026-09-30;14:00:00;-03:00;39,27000045776367;39,290000915527344;39,27000045776367;39,279998779296875;4500
2026-09-30;14:01:00;-03:00;39,279998779296875;39,29999923706055;39,279998779296875;39,290000915527344;18800
2026-09-30;14:02:00;-03:00;39,279998779296875;39,29999923706055;39,27000045776367;39,27000045776367;8400
2026-09-30;14:03:00;-03:00;39,27000045776367;39,27000045776367;39,2599983215332;39,27000045776367;4800
2026-09-30;14:04:00;-03:00;39,279998779296875;39,290000915527344;39,279998779296875;39,290000915527344;4500
2026-09-30;14:05:00;-03:00;39,279998779296875;39,290000915527344;39,27000045776367;39,279998779296875;6300
2026-09-30;14:06:00;-03:00;39,279998779296875;39,290000915527344;39,27000045776367;39,279998779296875;1700
2026-09-30;14:07:00;-03:00;39,279998779296875;39,290000915527344;39,2599983215332;39,2599983215332;3700
2026-09-30;14:08:00;-03:00;39,27000045776367;39,27000045776367;39,2400016784668;39,25;2300
2026-09-30;14:09:00;-03:00;39,25;39,25;39,2400016784668;39,2400016784668;600
2026-09-30;14:10:00;-03:00;39,25;39,29999923706055;39,25;39,290000915527344;4700
2026-09-30;14:11:00;-03:00;39,290000915527344;39,290000915527344;39,27000045776367;39,290000915527344;3500
2026-09-30;14:12:00;-03:00;39,290000915527344;39,34000015258789;39,290000915527344;39,33000183105469;19400
2026-09-30;14:13:00;-03:00;39,33000183105469;39,34000015258789;39,310001373291016;39,310001373291016;7000
2026-09-30;14:14:00;-03:00;39,310001373291016;39,31999969482422;39,310001373291016;39,31999969482422;3200
2026-09-30;14:15:00;-03:00;39,31999969482422;39,31999969482422;39,29999923706055;39,29999923706055;2200
2026-09-30;14:16:00;-03:00;39,29999923706055;39,29999923706055;39,290000915527344;39,29999923706055;3600
2026-09-30;14:17:00;-03:00;39,310001373291016;39,31999969482422;39,29999923706055;39,29999923706055;2700
2026-09-30;14:18:00;-03:00;39,29999923706055;39,29999923706055;39,279998779296875;39,290000915527344;2300
2026-09-30;14:19:00;-03:00;39,279998779296875;39,290000915527344;39,27000045776367;39,27000045776367;2500
2026-09-30;14:20:00;-03:00;39,27000045776367;39,29999923706055;39,27000045776367;39,279998779296875;3200
2026-09-30;14:21:00;-03:00;39,290000915527344;39,290000915527344;39,279998779296875;39,290000915527344;2100
2026-09-30;14:22:00;-03:00;39,290000915527344;39,310001373291016;39,290000915527344;39,29999923706055;2400
2026-09-30;14:23:00;-03:00;39,29999923706055;39,29999923706055;39,290000915527344;39,29999923706055;2300
2026-09-30;14:24:00;-03:00;39,29999923706055;39,310001373291016;39,290000915527344;39,310001373291016;2000
2026-09-30;14:25:00;-03:00;39,310001373291016;39,38999938964844;39,29999923706055;39,36000061035156;32200
2026-09-30;14:26:00;-03:00;39,369998931884766;39,369998931884766;39,31999969482422;39,31999969482422;31300
2026-09-30;14:27:00;-03:00;39,34000015258789;39,34000015258789;39,310001373291016;39,310001373291016;3100
2026-09-30;14:28:00;-03:00;39,31999969482422;39,33000183105469;39,310001373291016;39,33000183105469;5400
2026-09-30;14:29:00;-03:00;39,34000015258789;39,36000061035156;39,33000183105469;39,34000015258789;6400
2026-09-30;14:30:00;-03:00;39,349998474121094;39,36000061035156;39,33000183105469;39,33000183105469;3500
2026-09-30;14:31:00;-03:00;39,33000183105469;39,33000183105469;39,310001373291016;39,310001373291016;3300
2026-09-30;14:32:00;-03:00;39,310001373291016;39,31999969482422;39,310001373291016;39,310001373291016;1100
2026-09-30;14:33:00;-03:00;39,310001373291016;39,310001373291016;39,290000915527344;39,310001373291016;5400
2026-09-30;14:34:00;-03:00;39,290000915527344;39,29999923706055;39,279998779296875;39,290000915527344;4600
2026-09-30;14:35:00;-03:00;39,290000915527344;39,29999923706055;39,290000915527344;39,290000915527344;600
2026-09-30;14:36:00;-03:00;39,29999923706055;39,310001373291016;39,25;39,290000915527344;21400
2026-09-30;14:37:00;-03:00;39,29999923706055;39,33000183105469;39,290000915527344;39,31999969482422;5900
2026-09-30;14:38:00;-03:00;39,33000183105469;39,34000015258789;39,31999969482422;39,34000015258789;3700
2026-09-30;14:39:00;-03:00;39,34000015258789;39,36000061035156;39,31999969482422;39,31999969482422;54100
2026-09-30;14:40:00;-03:00;39,33000183105469;39,369998931884766;39,31999969482422;39,36000061035156;10000
2026-09-30;14:41:00;-03:00;39,369998931884766;39,38999938964844;39,369998931884766;39,380001068115234;8900
2026-09-30;14:42:00;-03:00;39,369998931884766;39,380001068115234;39,349998474121094;39,36000061035156;6300
2026-09-30;14:43:00;-03:00;39,36000061035156;39,369998931884766;39,36000061035156;39,36000061035156;2800
2026-09-30;14:44:00;-03:00;39,36000061035156;39,41999816894531;39,36000061035156;39,40999984741211;28000
2026-09-30;14:45:00;-03:00;39,41999816894531;39,439998626708984;39,40999984741211;39,43000030517578;12100
2026-09-30;14:46:00;-03:00;39,43000030517578;39,439998626708984;39,400001525878906;39,41999816894531;5700
2026-09-30;14:47:00;-03:00;39,41999816894531;39,45000076293945;39,38999938964844;39,38999938964844;21600
2026-09-30;14:48:00;-03:00;39,380001068115234;39,40999984741211;39,380001068115234;39,40999984741211;6500
2026-09-30;14:49:00;-03:00;39,400001525878906;39,439998626708984;39,400001525878906;39,41999816894531;10500
2026-09-30;14:50:00;-03:00;39,43000030517578;39,439998626708984;39,40999984741211;39,439998626708984;5800
2026-09-30;14:51:00;-03:00;39,439998626708984;39,439998626708984;39,43000030517578;39,43000030517578;5200
2026-09-30;14:52:00;-03:00;39,439998626708984;39,439998626708984;39,43000030517578;39,439998626708984;3100
2026-09-30;14:53:00;-03:00;39,439998626708984;39,459999084472656;39,43000030517578;39,45000076293945;16400
2026-09-30;14:54:00;-03:00;39,439998626708984;39,439998626708984;39,41999816894531;39,41999816894531;9100
2026-09-30;14:55:00;-03:00;39,41999816894531;39,43000030517578;39,41999816894531;39,41999816894531;4700
2026-09-30;14:56:00;-03:00;39,43000030517578;39,470001220703125;39,43000030517578;39,470001220703125;7500
2026-09-30;14:57:00;-03:00;39,459999084472656;39,470001220703125;39,45000076293945;39,470001220703125;3300
2026-09-30;14:58:00;-03:00;39,459999084472656;39,4900016784668;39,459999084472656;39,47999954223633;14000
2026-09-30;14:59:00;-03:00;39,4900016784668;39,4900016784668;39,439998626708984;39,45000076293945;5400
2026-09-30;15:00:00;-03:00;39,439998626708984;39,470001220703125;39,439998626708984;39,459999084472656;7000
2026-09-30;15:01:00;-03:00;39,470001220703125;39,47999954223633;39,45000076293945;39,459999084472656;6500
2026-09-30;15:02:00;-03:00;39,459999084472656;39,4900016784668;39,45000076293945;39,45000076293945;21100
2026-09-30;15:03:00;-03:00;39,45000076293945;39,459999084472656;39,439998626708984;39,439998626708984;13000
2026-09-30;15:04:00;-03:00;39,45000076293945;39,459999084472656;39,45000076293945;39,459999084472656;14800
2026-09-30;15:05:00;-03:00;39,459999084472656;39,459999084472656;39,439998626708984;39,45000076293945;3800
2026-09-30;15:06:00;-03:00;39,439998626708984;39,45000076293945;39,439998626708984;39,45000076293945;6100
2026-09-30;15:07:00;-03:00;39,45000076293945;39,459999084472656;39,439998626708984;39,459999084472656;4900
2026-09-30;15:08:00;-03:00;39,459999084472656;39,459999084472656;39,45000076293945;39,459999084472656;2300
2026-09-30;15:09:00;-03:00;39,459999084472656;39,47999954223633;39,459999084472656;39,47999954223633;9100
2026-09-30;15:10:00;-03:00;39,470001220703125;39,47999954223633;39,459999084472656;39,470001220703125;2600
2026-09-30;15:11:00;-03:00;39,470001220703125;39,47999954223633;39,470001220703125;39,470001220703125;9900
2026-09-30;15:12:00;-03:00;39,470001220703125;39,470001220703125;39,459999084472656;39,470001220703125;3400
2026-09-30;15:13:00;-03:00;39,459999084472656;39,459999084472656;39,439998626708984;39,45000076293945;11400
2026-09-30;15:14:00;-03:00;39,459999084472656;39,470001220703125;39,45000076293945;39,470001220703125;3400
2026-09-30;15:15:00;-03:00;39,470001220703125;39,47999954223633;39,459999084472656;39,470001220703125;12400
2026-09-30;15:16:00;-03:00;39,470001220703125;39,470001220703125;39,459999084472656;39,459999084472656;5900
2026-09-30;15:17:00;-03:00;39,459999084472656;39,47999954223633;39,45000076293945;39,470001220703125;14600
2026-09-30;15:18:00;-03:00;39,47999954223633;39,4900016784668;39,459999084472656;39,4900016784668;20000
2026-09-30;15:19:00;-03:00;39,4900016784668;39,4900016784668;39,459999084472656;39,470001220703125;8800
2026-09-30;15:20:00;-03:00;39,470001220703125;39,4900016784668;39,41999816894531;39,41999816894531;108500
2026-09-30;15:21:00;-03:00;39,40999984741211;39,41999816894531;39,400001525878906;39,400001525878906;7300
2026-09-30;15:22:00;-03:00;39,400001525878906;39,40999984741211;39,380001068115234;39,380001068115234;16100
2026-09-30;15:23:00;-03:00;39,380001068115234;39,400001525878906;39,380001068115234;39,380001068115234;4800
2026-09-30;15:24:00;-03:00;39,380001068115234;39,400001525878906;39,369998931884766;39,380001068115234;6200
2026-09-30;15:25:00;-03:00;39,369998931884766;39,38999938964844;39,369998931884766;39,38999938964844;7200
2026-09-30;15:26:00;-03:00;39,380001068115234;39,38999938964844;39,369998931884766;39,38999938964844;5400
2026-09-30;15:27:00;-03:00;39,400001525878906;39,400001525878906;39,36000061035156;39,369998931884766;4800
2026-09-30;15:28:00;-03:00;39,369998931884766;39,380001068115234;39,36000061035156;39,369998931884766;6700
2026-09-30;15:29:00;-03:00;39,369998931884766;39,369998931884766;39,310001373291016;39,33000183105469;8600
2026-09-30;15:30:00;-03:00;39,33000183105469;39,349998474121094;39,33000183105469;39,349998474121094;4600
2026-09-30;15:31:00;-03:00;39,34000015258789;39,380001068115234;39,34000015258789;39,349998474121094;4200
2026-09-30;15:32:00;-03:00;39,369998931884766;39,369998931884766;39,34000015258789;39,36000061035156;6500
2026-09-30;15:33:00;-03:00;39,36000061035156;39,36000061035156;39,290000915527344;39,310001373291016;42600
2026-09-30;15:34:00;-03:00;39,290000915527344;39,310001373291016;39,27000045776367;39,290000915527344;7900
2026-09-30;15:35:00;-03:00;39,29999923706055;39,29999923706055;39,27000045776367;39,29999923706055;6100
2026-09-30;15:36:00;-03:00;39,29999923706055;39,33000183105469;39,29999923706055;39,33000183105469;5500
2026-09-30;15:37:00;-03:00;39,33000183105469;39,349998474121094;39,310001373291016;39,349998474121094;12000
2026-09-30;15:38:00;-03:00;39,34000015258789;39,349998474121094;39,33000183105469;39,349998474121094;5700
2026-09-30;15:39:00;-03:00;39,349998474121094;39,36000061035156;39,349998474121094;39,36000061035156;2000
2026-09-30;15:40:00;-03:00;39,36000061035156;39,369998931884766;39,349998474121094;39,349998474121094;4100
2026-09-30;15:41:00;-03:00;39,36000061035156;39,36000061035156;39,34000015258789;39,34000015258789;3400
2026-09-30;15:42:00;-03:00;39,34000015258789;39,349998474121094;39,33000183105469;39,34000015258789;1100
2026-09-30;15:43:00;-03:00;39,34000015258789;39,349998474121094;39,33000183105469;39,349998474121094;4300
2026-09-30;15:44:00;-03:00;39,349998474121094;39,349998474121094;39,34000015258789;39,349998474121094;4200
2026-09-30;15:45:00;-03:00;39,349998474121094;39,36000061035156;39,34000015258789;39,34000015258789;3600
2026-09-30;15:46:00;-03:00;39,349998474121094;39,36000061035156;39,349998474121094;39,36000061035156;2400
2026-09-30;15:47:00;-03:00;39,349998474121094;39,349998474121094;39,34000015258789;39,349998474121094;1300
2026-09-30;15:48:00;-03:00;39,349998474121094;39,36000061035156;39,33000183105469;39,34000015258789;7900
2026-09-30;15:49:00;-03:00;39,349998474121094;39,369998931884766;39,349998474121094;39,36000061035156;5100
2026-09-30;15:50:00;-03:00;39,36000061035156;39,369998931884766;39,36000061035156;39,36000061035156;3900
2026-09-30;15:51:00;-03:00;39,369998931884766;39,369998931884766;39,34000015258789;39,36000061035156;4800
2026-09-30;15:52:00;-03:00;39,349998474121094;39,349998474121094;39,310001373291016;39,33000183105469;3500
2026-09-30;15:53:00;-03:00;39,33000183105469;39,349998474121094;39,33000183105469;39,34000015258789;5100
2026-09-30;15:54:00;-03:00;39,34000015258789;39,349998474121094;39,33000183105469;39,349998474121094;9700
2026-09-30;15:55:00;-03:00;39,349998474121094;39,36000061035156;39,34000015258789;39,36000061035156;4700
2026-09-30;15:56:00;-03:00;39,36000061035156;39,36000061035156;39,349998474121094;39,349998474121094;1800
2026-09-30;15:57:00;-03:00;39,349998474121094;39,38999938964844;39,349998474121094;39,369998931884766;10800
2026-09-30;15:58:00;-03:00;39,369998931884766;39,38999938964844;39,369998931884766;39,380001068115234;8500
2026-09-30;15:59:00;-03:00;39,380001068115234;39,380001068115234;39,349998474121094;39,349998474121094;3800
2026-09-30;16:00:00;-03:00;39,369998931884766;39,369998931884766;39,36000061035156;39,369998931884766;1700
2026-09-30;16:01:00;-03:00;39,36000061035156;39,369998931884766;39,349998474121094;39,369998931884766;5300
2026-09-30;16:02:00;-03:00;39,369998931884766;39,38999938964844;39,369998931884766;39,380001068115234;5700
2026-09-30;16:03:00;-03:00;39,380001068115234;39,41999816894531;39,380001068115234;39,40999984741211;7900
2026-09-30;16:04:00;-03:00;39,38999938964844;39,40999984741211;39,38999938964844;39,40999984741211;2300
2026-09-30;16:05:00;-03:00;39,40999984741211;39,40999984741211;39,380001068115234;39,40999984741211;4900
2026-09-30;16:06:00;-03:00;39,400001525878906;39,400001525878906;39,380001068115234;39,400001525878906;14300
2026-09-30;16:07:00;-03:00;39,40999984741211;39,40999984741211;39,400001525878906;39,400001525878906;900
2026-09-30;16:08:00;-03:00;39,40999984741211;39,41999816894531;39,36000061035156;39,36000061035156;15100
2026-09-30;16:09:00;-03:00;39,369998931884766;39,369998931884766;39,34000015258789;39,34000015258789;11300
2026-09-30;16:10:00;-03:00;39,36000061035156;39,36000061035156;39,34000015258789;39,36000061035156;6000
2026-09-30;16:11:00;-03:00;39,349998474121094;39,36000061035156;39,349998474121094;39,36000061035156;1700
2026-09-30;16:12:00;-03:00;39,36000061035156;39,369998931884766;39,349998474121094;39,369998931884766;6900
2026-09-30;16:13:00;-03:00;39,369998931884766;39,380001068115234;39,36000061035156;39,380001068115234;7100
2026-09-30;16:14:00;-03:00;39,380001068115234;39,40999984741211;39,380001068115234;39,40999984741211;5000
2026-09-30;16:15:00;-03:00;39,40999984741211;39,40999984741211;39,38999938964844;39,38999938964844;4200
2026-09-30;16:16:00;-03:00;39,380001068115234;39,38999938964844;39,369998931884766;39,38999938964844;2400
2026-09-30;16:17:00;-03:00;39,38999938964844;39,38999938964844;39,369998931884766;39,38999938964844;2400
2026-09-30;16:18:00;-03:00;39,38999938964844;39,40999984741211;39,380001068115234;39,40999984741211;8400
2026-09-30;16:19:00;-03:00;39,40999984741211;39,41999816894531;39,400001525878906;39,400001525878906;8100
2026-09-30;16:20:00;-03:00;39,40999984741211;39,40999984741211;39,38999938964844;39,40999984741211;2700
2026-09-30;16:21:00;-03:00;39,38999938964844;39,41999816894531;39,38999938964844;39,41999816894531;9600
2026-09-30;16:22:00;-03:00;39,41999816894531;39,41999816894531;39,40999984741211;39,41999816894531;1700
2026-09-30;16:23:00;-03:00;39,400001525878906;39,41999816894531;39,400001525878906;39,40999984741211;2900
2026-09-30;16:24:00;-03:00;39,41999816894531;39,41999816894531;39,40999984741211;39,41999816894531;1800
2026-09-30;16:25:00;-03:00;39,41999816894531;39,41999816894531;39,400001525878906;39,40999984741211;4800
2026-09-30;16:26:00;-03:00;39,40999984741211;39,41999816894531;39,400001525878906;39,41999816894531;7000
2026-09-30;16:27:00;-03:00;39,40999984741211;39,41999816894531;39,40999984741211;39,40999984741211;4300
2026-09-30;16:28:00;-03:00;39,40999984741211;39,40999984741211;39,36000061035156;39,400001525878906;22200
2026-09-30;16:29:00;-03:00;39,400001525878906;39,40999984741211;39,400001525878906;39,40999984741211;2800
2026-09-30;16:30:00;-03:00;39,40999984741211;39,40999984741211;39,38999938964844;39,400001525878906;4200
2026-09-30;16:31:00;-03:00;39,400001525878906;39,41999816894531;39,400001525878906;39,41999816894531;7100
2026-09-30;16:32:00;-03:00;39,41999816894531;39,43000030517578;39,40999984741211;39,40999984741211;19100
2026-09-30;16:33:00;-03:00;39,40999984741211;39,41999816894531;39,40999984741211;39,41999816894531;2600
2026-09-30;16:34:00;-03:00;39,41999816894531;39,41999816894531;39,40999984741211;39,41999816894531;5900
2026-09-30;16:35:00;-03:00;39,40999984741211;39,439998626708984;39,40999984741211;39,439998626708984;6700
2026-09-30;16:36:00;-03:00;39,439998626708984;39,439998626708984;39,41999816894531;39,43000030517578;10000
2026-09-30;16:37:00;-03:00;39,41999816894531;39,43000030517578;39,40999984741211;39,41999816894531;1300
2026-09-30;16:38:00;-03:00;39,41999816894531;39,41999816894531;39,40999984741211;39,40999984741211;3000
2026-09-30;16:39:00;-03:00;39,40999984741211;39,41999816894531;39,38999938964844;39,400001525878906;12600
2026-09-30;16:40:00;-03:00;39,38999938964844;39,38999938964844;39,36000061035156;39,36000061035156;9900
2026-09-30;16:41:00;-03:00;39,36000061035156;39,40999984741211;39,36000061035156;39,40999984741211;24400
2026-09-30;16:42:00;-03:00;39,400001525878906;39,40999984741211;39,38999938964844;39,400001525878906;3600
2026-09-30;16:43:00;-03:00;39,400001525878906;39,400001525878906;39,38999938964844;39,400001525878906;4200
2026-09-30;16:44:00;-03:00;39,400001525878906;39,40999984741211;39,38999938964844;39,40999984741211;10600
2026-09-30;16:45:00;-03:00;39,38999938964844;39,43000030517578;39,38999938964844;39,400001525878906;33000
2026-09-30;16:46:00;-03:00;39,380001068115234;39,400001525878906;39,380001068115234;39,38999938964844;3800
2026-09-30;16:47:00;-03:00;39,38999938964844;39,400001525878906;39,380001068115234;39,400001525878906;9400
2026-09-30;16:48:00;-03:00;39,380001068115234;39,400001525878906;39,380001068115234;39,380001068115234;6500
2026-09-30;16:49:00;-03:00;39,380001068115234;39,43000030517578;39,380001068115234;39,41999816894531;21900
2026-09-30;16:50:00;-03:00;39,38999938964844;39,40999984741211;39,38999938964844;39,400001525878906;10400
2026-09-30;16:51:00;-03:00;39,38999938964844;39,41999816894531;39,380001068115234;39,41999816894531;18500
2026-09-30;16:52:00;-03:00;39,40999984741211;39,439998626708984;39,40999984741211;39,43000030517578;17600
2026-09-30;16:53:00;-03:00;39,43000030517578;39,45000076293945;39,38999938964844;39,41999816894531;17300
2026-09-30;16:54:00;-03:00;39,41999816894531;39,459999084472656;39,400001525878906;39,459999084472656;2800
2026-10-01;10:01:00;-03:00;39,310001373291016;39,400001525878906;39,20000076293945;39,380001068115234;0
2026-10-01;10:02:00;-03:00;39,380001068115234;39,38999938964844;39,34000015258789;39,36000061035156;9100
2026-10-01;10:03:00;-03:00;39,349998474121094;39,36000061035156;39,279998779296875;39,36000061035156;5300
2026-10-01;10:04:00;-03:00;39,36000061035156;39,36000061035156;39,290000915527344;39,290000915527344;2400
2026-10-01;10:05:00;-03:00;39,27000045776367;39,27000045776367;39,22999954223633;39,25;1500
2026-10-01;10:06:00;-03:00;39,25;39,27000045776367;39,25;39,27000045776367;800
2026-10-01;10:07:00;-03:00;39,2599983215332;39,2599983215332;39,2400016784668;39,2400016784668;1600
2026-10-01;10:08:00;-03:00;39,2599983215332;39,38999938964844;39,2599983215332;39,34000015258789;15300
2026-10-01;10:09:00;-03:00;39,34000015258789;39,380001068115234;39,31999969482422;39,380001068115234;10600
2026-10-01;10:10:00;-03:00;39,380001068115234;39,38999938964844;39,34000015258789;39,34000015258789;8500
2026-10-01;10:11:00;-03:00;39,36000061035156;39,40999984741211;39,290000915527344;39,31999969482422;24900
2026-10-01;10:12:00;-03:00;39,310001373291016;39,31999969482422;39,29999923706055;39,310001373291016;1200
2026-10-01;10:13:00;-03:00;39,31999969482422;39,369998931884766;39,279998779296875;39,279998779296875;6600
2026-10-01;10:14:00;-03:00;39,27000045776367;39,279998779296875;39,27000045776367;39,279998779296875;3000
2026-10-01;10:15:00;-03:00;39,290000915527344;39,290000915527344;39,2599983215332;39,279998779296875;1400
2026-10-01;10:16:00;-03:00;39,279998779296875;39,279998779296875;39,2400016784668;39,2400016784668;2200
2026-10-01;10:17:00;-03:00;39,2400016784668;39,2599983215332;39,220001220703125;39,2599983215332;1700
2026-10-01;10:18:00;-03:00;39,2599983215332;39,290000915527344;39,25;39,290000915527344;6400
2026-10-01;10:19:00;-03:00;39,290000915527344;39,31999969482422;39,279998779296875;39,290000915527344;4000
2026-10-01;10:20:00;-03:00;39,290000915527344;39,29999923706055;39,290000915527344;39,29999923706055;1600
2026-10-01;10:21:00;-03:00;39,310001373291016;39,36000061035156;39,310001373291016;39,33000183105469;1700
2026-10-01;10:22:00;-03:00;39,31999969482422;39,34000015258789;39,310001373291016;39,31999969482422;3200
2026-10-01;10:23:00;-03:00;39,31999969482422;39,31999969482422;39,2599983215332;39,27000045776367;20200
2026-10-01;10:24:00;-03:00;39,279998779296875;39,29999923706055;39,279998779296875;39,29999923706055;1500
2026-10-01;10:25:00;-03:00;39,290000915527344;39,290000915527344;39,27000045776367;39,279998779296875;3400
2026-10-01;10:26:00;-03:00;39,27000045776367;39,290000915527344;39,22999954223633;39,2599983215332;4400
2026-10-01;10:27:00;-03:00;39,2599983215332;39,2599983215332;39,22999954223633;39,2599983215332;1700
2026-10-01;10:28:00;-03:00;39,2599983215332;39,2599983215332;39,209999084472656;39,2400016784668;2000
2026-10-01;10:29:00;-03:00;39,2400016784668;39,2400016784668;39,22999954223633;39,2400016784668;1400
2026-10-01;10:30:00;-03:00;39,22999954223633;39,31999969482422;39,220001220703125;39,31999969482422;12300
2026-10-01;10:31:00;-03:00;39,310001373291016;39,31999969482422;39,25;39,25;2800
2026-10-01;10:32:00;-03:00;39,25;39,38999938964844;39,2400016784668;39,38999938964844;18500
2026-10-01;10:33:00;-03:00;39,400001525878906;39,43000030517578;39,380001068115234;39,380001068115234;34800
2026-10-01;10:34:00;-03:00;39,36000061035156;39,36000061035156;39,290000915527344;39,290000915527344;4700
2026-10-01;10:35:00;-03:00;39,279998779296875;39,279998779296875;39,22999954223633;39,27000045776367;2700
2026-10-01;10:36:00;-03:00;39,2599983215332;39,290000915527344;39,25;39,279998779296875;3900
2026-10-01;10:37:00;-03:00;39,279998779296875;39,279998779296875;39,209999084472656;39,22999954223633;6300
2026-10-01;10:38:00;-03:00;39,20000076293945;39,20000076293945;39,16999816894531;39,16999816894531;5700
2026-10-01;10:39:00;-03:00;39,16999816894531;39,18000030517578;39,16999816894531;39,18000030517578;5100
2026-10-01;10:40:00;-03:00;39,18000030517578;39,29999923706055;39,18000030517578;39,2599983215332;100400
2026-10-01;10:41:00;-03:00;39,27000045776367;39,27000045776367;39,22999954223633;39,25;3900
2026-10-01;10:42:00;-03:00;39,25;39,290000915527344;39,220001220703125;39,279998779296875;10400
2026-10-01;10:43:00;-03:00;39,27000045776367;39,310001373291016;39,27000045776367;39,310001373291016;3700
2026-10-01;10:44:00;-03:00;39,31999969482422;39,34000015258789;39,310001373291016;39,34000015258789;7100
2026-10-01;10:45:00;-03:00;39,34000015258789;39,41999816894531;39,34000015258789;39,40999984741211;18900
2026-10-01;10:46:00;-03:00;39,40999984741211;39,40999984741211;39,369998931884766;39,369998931884766;13700
2026-10-01;10:47:00;-03:00;39,36000061035156;39,380001068115234;39,290000915527344;39,29999923706055;15800
2026-10-01;10:48:00;-03:00;39,29999923706055;39,33000183105469;39,29999923706055;39,310001373291016;13400
2026-10-01;10:49:00;-03:00;39,31999969482422;39,31999969482422;39,279998779296875;39,31999969482422;13200
2026-10-01;10:50:00;-03:00;39,310001373291016;39,349998474121094;39,29999923706055;39,33000183105469;9400
2026-10-01;10:51:00;-03:00;39,34000015258789;39,400001525878906;39,34000015258789;39,369998931884766;17900
2026-10-01;10:52:00;-03:00;39,369998931884766;39,41999816894531;39,369998931884766;39,41999816894531;4400
2026-10-01;10:53:00;-03:00;39,41999816894531;39,470001220703125;39,400001525878906;39,41999816894531;38700
2026-10-01;10:54:00;-03:00;39,40999984741211;39,41999816894531;39,380001068115234;39,400001525878906;18100
2026-10-01;10:55:00;-03:00;39,38999938964844;39,400001525878906;39,36000061035156;39,36000061035156;9200
2026-10-01;10:56:00;-03:00;39,36000061035156;39,36000061035156;39,31999969482422;39,33000183105469;6000
2026-10-01;10:57:00;-03:00;39,33000183105469;39,36000061035156;39,31999969482422;39,36000061035156;8600
2026-10-01;10:58:00;-03:00;39,36000061035156;39,41999816894531;39,349998474121094;39,38999938964844;22800
2026-10-01;10:59:00;-03:00;39,369998931884766;39,369998931884766;39,36000061035156;39,36000061035156;7100
2026-10-01;11:00:00;-03:00;39,36000061035156;39,36000061035156;39,31999969482422;39,349998474121094;9200
2026-10-01;11:01:00;-03:00;39,349998474121094;39,349998474121094;39,2400016784668;39,25;20100
2026-10-01;11:02:00;-03:00;39,2599983215332;39,279998779296875;39,2400016784668;39,2599983215332;3500
2026-10-01;11:03:00;-03:00;39,2599983215332;39,34000015258789;39,2599983215332;39,34000015258789;10000
2026-10-01;11:04:00;-03:00;39,34000015258789;39,34000015258789;39,31999969482422;39,34000015258789;5200
2026-10-01;11:05:00;-03:00;39,33000183105469;39,33000183105469;39,31999969482422;39,31999969482422;2500
2026-10-01;11:06:00;-03:00;39,31999969482422;39,36000061035156;39,31999969482422;39,36000061035156;7500
2026-10-01;11:07:00;-03:00;39,369998931884766;39,380001068115234;39,279998779296875;39,31999969482422;31800
2026-10-01;11:08:00;-03:00;39,31999969482422;39,380001068115234;39,31999969482422;39,349998474121094;9300
2026-10-01;11:09:00;-03:00;39,349998474121094;39,369998931884766;39,34000015258789;39,349998474121094;5700
2026-10-01;11:10:00;-03:00;39,34000015258789;39,34000015258789;39,279998779296875;39,29999923706055;9200
2026-10-01;11:11:00;-03:00;39,310001373291016;39,310001373291016;39,220001220703125;39,22999954223633;3200
2026-10-01;11:12:00;-03:00;39,22999954223633;39,2599983215332;39,209999084472656;39,2599983215332;23900
2026-10-01;11:13:00;-03:00;39,27000045776367;39,279998779296875;39,25;39,2599983215332;7700
2026-10-01;11:14:00;-03:00;39,27000045776367;39,290000915527344;39,27000045776367;39,27000045776367;5600
2026-10-01;11:15:00;-03:00;39,290000915527344;39,310001373291016;39,279998779296875;39,279998779296875;6800
2026-10-01;11:16:00;-03:00;39,290000915527344;39,290000915527344;39,25;39,25;3500
2026-10-01;11:17:00;-03:00;39,2400016784668;39,27000045776367;39,2400016784668;39,27000045776367;4800
2026-10-01;11:18:00;-03:00;39,2599983215332;39,27000045776367;39,220001220703125;39,27000045776367;6900
2026-10-01;11:19:00;-03:00;39,2599983215332;39,2599983215332;39,22999954223633;39,22999954223633;5700
2026-10-01;11:20:00;-03:00;39,22999954223633;39,25;39,220001220703125;39,25;3600
2026-10-01;11:21:00;-03:00;39,25;39,290000915527344;39,209999084472656;39,220001220703125;20700
2026-10-01;11:22:00;-03:00;39,209999084472656;39,2400016784668;39,209999084472656;39,2400016784668;6500
2026-10-01;11:23:00;-03:00;39,22999954223633;39,2400016784668;39,22999954223633;39,22999954223633;4700
2026-10-01;11:24:00;-03:00;39,22999954223633;39,2599983215332;39,209999084472656;39,2599983215332;7300
2026-10-01;11:25:00;-03:00;39,2599983215332;39,27000045776367;39,2400016784668;39,2400016784668;7500
2026-10-01;11:26:00;-03:00;39,22999954223633;39,22999954223633;39,220001220703125;39,220001220703125;4100
2026-10-01;11:27:00;-03:00;39,220001220703125;39,2400016784668;39,189998626708984;39,20000076293945;10600
2026-10-01;11:28:00;-03:00;39,18000030517578;39,18000030517578;39,150001525878906;39,18000030517578;5200
2026-10-01;11:29:00;-03:00;39,16999816894531;39,20000076293945;39,16999816894531;39,189998626708984;4200
2026-10-01;11:30:00;-03:00;39,209999084472656;39,2400016784668;39,20000076293945;39,20000076293945;7000
2026-10-01;11:31:00;-03:00;39,20000076293945;39,20000076293945;39,11000061035156;39,11000061035156;7200
2026-10-01;11:32:00;-03:00;39,099998474121094;39,130001068115234;39,099998474121094;39,099998474121094;5800
2026-10-01;11:33:00;-03:00;39,09000015258789;39,099998474121094;39,060001373291016;39,060001373291016;5300
2026-10-01;11:34:00;-03:00;39,060001373291016;39,060001373291016;39,029998779296875;39,060001373291016;7000
2026-10-01;11:35:00;-03:00;39,060001373291016;39,060001373291016;39,04999923706055;39,04999923706055;1600
2026-10-01;11:36:00;-03:00;39,04999923706055;39,060001373291016;39,040000915527344;39,060001373291016;5400
2026-10-01;11:37:00;-03:00;39,04999923706055;39,04999923706055;39,040000915527344;39,04999923706055;2600
2026-10-01;11:38:00;-03:00;39,04999923706055;39,04999923706055;39,0099983215332;39,029998779296875;5800
2026-10-01;11:39:00;-03:00;39,029998779296875;39,029998779296875;39,02000045776367;39,029998779296875;11400
2026-10-01;11:40:00;-03:00;39,029998779296875;39,060001373291016;39,02000045776367;39,060001373291016;12100
2026-10-01;11:41:00;-03:00;39,060001373291016;39,08000183105469;39,060001373291016;39,06999969482422;22700
2026-10-01;11:42:00;-03:00;39,06999969482422;39,08000183105469;39,06999969482422;39,08000183105469;2800
2026-10-01;11:43:00;-03:00;39,06999969482422;39,08000183105469;39,06999969482422;39,06999969482422;2600
2026-10-01;11:44:00;-03:00;39,09000015258789;39,15999984741211;39,06999969482422;39,130001068115234;92500
2026-10-01;11:45:00;-03:00;39,130001068115234;39,150001525878906;39,119998931884766;39,13999938964844;10400
2026-10-01;11:46:00;-03:00;39,150001525878906;39,15999984741211;39,119998931884766;39,119998931884766;8200
2026-10-01;11:47:00;-03:00;39,119998931884766;39,130001068115234;39,09000015258789;39,09000015258789;9700
2026-10-01;11:48:00;-03:00;39,09000015258789;39,09000015258789;39,06999969482422;39,09000015258789;5800
2026-10-01;11:49:00;-03:00;39,09000015258789;39,130001068115234;39,06999969482422;39,09000015258789;23700
2026-10-01;11:50:00;-03:00;39,08000183105469;39,08000183105469;38,900001525878906;38,90999984741211;142900
2026-10-01;11:51:00;-03:00;38,90999984741211;38,95000076293945;38,90999984741211;38,939998626708984;18100
2026-10-01;11:52:00;-03:00;38,939998626708984;38,959999084472656;38,91999816894531;38,95000076293945;12400
2026-10-01;11:53:00;-03:00;38,95000076293945;38,959999084472656;38,93000030517578;38,95000076293945;10900
2026-10-01;11:54:00;-03:00;38,95000076293945;38,95000076293945;38,91999816894531;38,939998626708984;11100
2026-10-01;11:55:00;-03:00;38,95000076293945;38,97999954223633;38,900001525878906;38,97999954223633;48000
2026-10-01;11:56:00;-03:00;38,970001220703125;39,0099983215332;38,959999084472656;39,0;12400
2026-10-01;11:57:00;-03:00;39,0;39,029998779296875;39,0;39,029998779296875;30000
2026-10-01;11:58:00;-03:00;39,02000045776367;39,09000015258789;39,02000045776367;39,04999923706055;99000
2026-10-01;11:59:00;-03:00;39,04999923706055;39,08000183105469;39,04999923706055;39,08000183105469;8300
2026-10-01;12:00:00;-03:00;39,06999969482422;39,13999938964844;39,060001373291016;39,060001373291016;36000
2026-10-01;12:01:00;-03:00;39,060001373291016;39,08000183105469;39,040000915527344;39,060001373291016;19600
2026-10-01;12:02:00;-03:00;39,06999969482422;39,08000183105469;39,060001373291016;39,060001373291016;6200
2026-10-01;12:03:00;-03:00;39,060001373291016;39,06999969482422;39,02000045776367;39,060001373291016;8700
2026-10-01;12:04:00;-03:00;39,06999969482422;39,099998474121094;39,06999969482422;39,09000015258789;5200
2026-10-01;12:05:00;-03:00;39,09000015258789;39,11000061035156;39,08000183105469;39,099998474121094;4400
2026-10-01;12:06:00;-03:00;39,099998474121094;39,099998474121094;39,06999969482422;39,06999969482422;6900
2026-10-01;12:07:00;-03:00;39,09000015258789;39,099998474121094;39,09000015258789;39,099998474121094;7700
2026-10-01;12:08:00;-03:00;39,099998474121094;39,099998474121094;39,029998779296875;39,029998779296875;28400
2026-10-01;12:09:00;-03:00;39,029998779296875;39,029998779296875;39,0;39,0;4800
2026-10-01;12:10:00;-03:00;39,02000045776367;39,02000045776367;39,0;39,0099983215332;9200
2026-10-01;12:11:00;-03:00;39,02000045776367;39,029998779296875;39,0;39,0099983215332;8500
2026-10-01;12:12:00;-03:00;39,0;39,02000045776367;39,0;39,0;3000
2026-10-01;12:13:00;-03:00;39,0099983215332;39,02000045776367;38,97999954223633;39,0;9600
2026-10-01;12:14:00;-03:00;38,9900016784668;39,0099983215332;38,9900016784668;39,0;9700
2026-10-01;12:15:00;-03:00;38,9900016784668;39,02000045776367;38,9900016784668;39,0099983215332;5600
2026-10-01;12:16:00;-03:00;39,02000045776367;39,029998779296875;39,0099983215332;39,02000045776367;6800
2026-10-01;12:17:00;-03:00;39,029998779296875;39,04999923706055;39,02000045776367;39,04999923706055;5500
2026-10-01;12:18:00;-03:00;39,04999923706055;39,060001373291016;39,029998779296875;39,029998779296875;5300
2026-10-01;12:19:00;-03:00;39,029998779296875;39,060001373291016;39,02000045776367;39,040000915527344;7100
2026-10-01;12:20:00;-03:00;39,04999923706055;39,04999923706055;39,02000045776367;39,02000045776367;3700
2026-10-01;12:21:00;-03:00;39,02000045776367;39,06999969482422;39,0099983215332;39,06999969482422;9300
2026-10-01;12:22:00;-03:00;39,06999969482422;39,06999969482422;39,04999923706055;39,04999923706055;7000
2026-10-01;12:23:00;-03:00;39,06999969482422;39,119998931884766;39,06999969482422;39,119998931884766;7500
2026-10-01;12:24:00;-03:00;39,11000061035156;39,13999938964844;39,099998474121094;39,11000061035156;32000
2026-10-01;12:25:00;-03:00;39,119998931884766;39,130001068115234;39,11000061035156;39,130001068115234;3300
2026-10-01;12:26:00;-03:00;39,119998931884766;39,15999984741211;39,119998931884766;39,150001525878906;11800
2026-10-01;12:27:00;-03:00;39,15999984741211;39,15999984741211;39,150001525878906;39,150001525878906;4100
2026-10-01;12:28:00;-03:00;39,150001525878906;39,15999984741211;39,150001525878906;39,15999984741211;1100
2026-10-01;12:29:00;-03:00;39,15999984741211;39,18000030517578;39,13999938964844;39,13999938964844;13300
2026-10-01;12:30:00;-03:00;39,130001068115234;39,130001068115234;39,099998474121094;39,099998474121094;7800
2026-10-01;12:31:00;-03:00;39,11000061035156;39,130001068115234;39,11000061035156;39,11000061035156;12500
2026-10-01;12:32:00;-03:00;39,119998931884766;39,150001525878906;39,11000061035156;39,119998931884766;9700
2026-10-01;12:33:00;-03:00;39,130001068115234;39,15999984741211;39,099998474121094;39,099998474121094;8000
2026-10-01;12:34:00;-03:00;39,099998474121094;39,11000061035156;39,06999969482422;39,08000183105469;12900
2026-10-01;12:35:00;-03:00;39,09000015258789;39,119998931884766;39,08000183105469;39,119998931884766;11500
2026-10-01;12:36:00;-03:00;39,119998931884766;39,13999938964844;39,119998931884766;39,13999938964844;4600
2026-10-01;12:37:00;-03:00;39,13999938964844;39,150001525878906;39,130001068115234;39,13999938964844;8000
2026-10-01;12:38:00;-03:00;39,150001525878906;39,18000030517578;39,150001525878906;39,16999816894531;8500
2026-10-01;12:39:00;-03:00;39,16999816894531;39,16999816894531;39,130001068115234;39,150001525878906;11100
2026-10-01;12:40:00;-03:00;39,150001525878906;39,150001525878906;39,13999938964844;39,150001525878906;22500
2026-10-01;12:41:00;-03:00;39,13999938964844;39,13999938964844;39,11000061035156;39,119998931884766;5400
2026-10-01;12:42:00;-03:00;39,130001068115234;39,150001525878906;39,130001068115234;39,150001525878906;5900
2026-10-01;12:43:00;-03:00;39,150001525878906;39,150001525878906;39,06999969482422;39,06999969482422;7600
2026-10-01;12:44:00;-03:00;39,06999969482422;39,06999969482422;39,060001373291016;39,06999969482422;2700
2026-10-01;12:45:00;-03:00;39,06999969482422;39,08000183105469;39,06999969482422;39,06999969482422;5300
2026-10-01;12:46:00;-03:00;39,06999969482422;39,08000183105469;39,06999969482422;39,08000183105469;4000
2026-10-01;12:47:00;-03:00;39,06999969482422;39,099998474121094;39,060001373291016;39,060001373291016;7400
2026-10-01;12:48:00;-03:00;39,04999923706055;39,06999969482422;39,02000045776367;39,040000915527344;6500
2026-10-01;12:49:00;-03:00;39,029998779296875;39,029998779296875;39,0099983215332;39,02000045776367;4200
2026-10-01;12:50:00;-03:00;39,02000045776367;39,029998779296875;38,9900016784668;38,9900016784668;8400
2026-10-01;12:51:00;-03:00;38,9900016784668;39,0099983215332;38,9900016784668;39,0099983215332;2300
2026-10-01;12:52:00;-03:00;39,0099983215332;39,029998779296875;39,0099983215332;39,029998779296875;3000
2026-10-01;12:53:00;-03:00;39,02000045776367;39,029998779296875;39,0099983215332;39,02000045776367;3100
2026-10-01;12:54:00;-03:00;39,02000045776367;39,029998779296875;39,02000045776367;39,029998779296875;3300
2026-10-01;12:55:00;-03:00;39,02000045776367;39,04999923706055;39,02000045776367;39,04999923706055;16700
2026-10-01;12:56:00;-03:00;39,04999923706055;39,060001373291016;39,040000915527344;39,060001373291016;11600
2026-10-01;12:57:00;-03:00;39,040000915527344;39,060001373291016;39,040000915527344;39,04999923706055;800
2026-10-01;12:58:00;-03:00;39,060001373291016;39,060001373291016;39,04999923706055;39,060001373291016;900
2026-10-01;12:59:00;-03:00;39,060001373291016;39,06999969482422;39,060001373291016;39,060001373291016;2500
2026-10-01;13:00:00;-03:00;39,06999969482422;39,09000015258789;39,06999969482422;39,09000015258789;4100
2026-10-01;13:01:00;-03:00;39,09000015258789;39,099998474121094;39,08000183105469;39,099998474121094;4000
2026-10-01;13:02:00;-03:00;39,11000061035156;39,119998931884766;39,11000061035156;39,119998931884766;1400
2026-10-01;13:03:00;-03:00;39,119998931884766;39,119998931884766;39,09000015258789;39,099998474121094;9900
2026-10-01;13:04:00;-03:00;39,11000061035156;39,119998931884766;39,11000061035156;39,11000061035156;1700
2026-10-01;13:05:00;-03:00;39,11000061035156;39,119998931884766;39,099998474121094;39,119998931884766;4100
2026-10-01;13:06:00;-03:00;39,130001068115234;39,13999938964844;39,130001068115234;39,13999938964844;6900
2026-10-01;13:07:00;-03:00;39,130001068115234;39,13999938964844;39,119998931884766;39,130001068115234;5000
2026-10-01;13:08:00;-03:00;39,130001068115234;39,13999938964844;39,119998931884766;39,119998931884766;2200
2026-10-01;13:09:00;-03:00;39,13999938964844;39,13999938964844;39,130001068115234;39,13999938964844;5000
2026-10-01;13:10:00;-03:00;39,13999938964844;39,150001525878906;39,13999938964844;39,13999938964844;800
2026-10-01;13:11:00;-03:00;39,13999938964844;39,16999816894531;39,13999938964844;39,16999816894531;8500
2026-10-01;13:12:00;-03:00;39,18000030517578;39,189998626708984;39,16999816894531;39,18000030517578;1400
2026-10-01;13:13:00;-03:00;39,189998626708984;39,20000076293945;39,18000030517578;39,18000030517578;4700
2026-10-01;13:14:00;-03:00;39,20000076293945;39,20000076293945;39,18000030517578;39,20000076293945;1700
2026-10-01;13:15:00;-03:00;39,20000076293945;39,220001220703125;39,20000076293945;39,220001220703125;4100
2026-10-01;13:16:00;-03:00;39,220001220703125;39,2400016784668;39,220001220703125;39,2400016784668;18200
2026-10-01;13:17:00;-03:00;39,2400016784668;39,2400016784668;39,209999084472656;39,209999084472656;6500
2026-10-01;13:18:00;-03:00;39,220001220703125;39,22999954223633;39,209999084472656;39,22999954223633;3500
2026-10-01;13:19:00;-03:00;39,209999084472656;39,220001220703125;39,189998626708984;39,20000076293945;2700
2026-10-01;13:20:00;-03:00;39,189998626708984;39,22999954223633;39,189998626708984;39,22999954223633;8100
2026-10-01;13:21:00;-03:00;39,2400016784668;39,2599983215332;39,22999954223633;39,22999954223633;7500
2026-10-01;13:22:00;-03:00;39,25;39,27000045776367;39,25;39,27000045776367;5100
2026-10-01;13:23:00;-03:00;39,2599983215332;39,27000045776367;39,2599983215332;39,27000045776367;5000
2026-10-01;13:24:00;-03:00;39,279998779296875;39,29999923706055;39,279998779296875;39,29999923706055;6900
2026-10-01;13:25:00;-03:00;39,29999923706055;39,310001373291016;39,29999923706055;39,310001373291016;3600
2026-10-01;13:26:00;-03:00;39,29999923706055;39,310001373291016;39,29999923706055;39,310001373291016;6200
2026-10-01;13:27:00;-03:00;39,29999923706055;39,310001373291016;39,290000915527344;39,310001373291016;7400
2026-10-01;13:28:00;-03:00;39,310001373291016;39,310001373291016;39,29999923706055;39,310001373291016;4700
2026-10-01;13:29:00;-03:00;39,310001373291016;39,34000015258789;39,310001373291016;39,31999969482422;17600
2026-10-01;13:30:00;-03:00;39,310001373291016;39,33000183105469;39,29999923706055;39,31999969482422;8500
2026-10-01;13:31:00;-03:00;39,33000183105469;39,33000183105469;39,33000183105469;39,33000183105469;24900
2026-10-01;13:32:00;-03:00;39,31999969482422;39,31999969482422;39,310001373291016;39,31999969482422;8100
2026-10-01;13:33:00;-03:00;39,31999969482422;39,349998474121094;39,31999969482422;39,349998474121094;16900
2026-10-01;13:34:00;-03:00;39,349998474121094;39,36000061035156;39,34000015258789;39,34000015258789;8500
2026-10-01;13:35:00;-03:00;39,34000015258789;39,34000015258789;39,33000183105469;39,33000183105469;10900
2026-10-01;13:36:00;-03:00;39,33000183105469;39,33000183105469;39,279998779296875;39,279998779296875;7000
2026-10-01;13:37:00;-03:00;39,279998779296875;39,279998779296875;39,25;39,25;3600
2026-10-01;13:38:00;-03:00;39,25;39,279998779296875;39,25;39,25;10500
2026-10-01;13:39:00;-03:00;39,2599983215332;39,279998779296875;39,2599983215332;39,279998779296875;4000
2026-10-01;13:40:00;-03:00;39,279998779296875;39,290000915527344;39,27000045776367;39,290000915527344;4100
2026-10-01;13:41:00;-03:00;39,27000045776367;39,290000915527344;39,2599983215332;39,27000045776367;3100
2026-10-01;13:42:00;-03:00;39,27000045776367;39,290000915527344;39,27000045776367;39,290000915527344;4100
2026-10-01;13:43:00;-03:00;39,290000915527344;39,290000915527344;39,27000045776367;39,27000045776367;4800
2026-10-01;13:44:00;-03:00;39,27000045776367;39,279998779296875;39,27000045776367;39,279998779296875;3500
2026-10-01;13:45:00;-03:00;39,290000915527344;39,310001373291016;39,279998779296875;39,29999923706055;4800
2026-10-01;13:46:00;-03:00;39,310001373291016;39,310001373291016;39,310001373291016;39,310001373291016;21400
2026-10-01;13:47:00;-03:00;39,310001373291016;39,310001373291016;39,25;39,25;9800
2026-10-01;13:48:00;-03:00;39,25;39,2599983215332;39,2400016784668;39,2599983215332;2300
2026-10-01;13:49:00;-03:00;39,25;39,2599983215332;39,2400016784668;39,25;6800
2026-10-01;13:50:00;-03:00;39,2599983215332;39,2599983215332;39,220001220703125;39,22999954223633;7500
2026-10-01;13:51:00;-03:00;39,220001220703125;39,2400016784668;39,20000076293945;39,209999084472656;3300
2026-10-01;13:52:00;-03:00;39,220001220703125;39,22999954223633;39,220001220703125;39,22999954223633;4400
2026-10-01;13:53:00;-03:00;39,2400016784668;39,2400016784668;39,22999954223633;39,22999954223633;1500
2026-10-01;13:54:00;-03:00;39,2400016784668;39,2400016784668;39,220001220703125;39,2400016784668;5700
2026-10-01;13:55:00;-03:00;39,22999954223633;39,2400016784668;39,209999084472656;39,220001220703125;3500
2026-10-01;13:56:00;-03:00;39,220001220703125;39,220001220703125;39,209999084472656;39,209999084472656;1300
2026-10-01;13:57:00;-03:00;39,209999084472656;39,220001220703125;39,209999084472656;39,220001220703125;4600
2026-10-01;13:58:00;-03:00;39,220001220703125;39,2400016784668;39,209999084472656;39,2400016784668;4700
2026-10-01;13:59:00;-03:00;39,2400016784668;39,2400016784668;39,22999954223633;39,22999954223633;4100
2026-10-01;14:00:00;-03:00;39,220001220703125;39,22999954223633;39,220001220703125;39,220001220703125;3500
2026-10-01;14:01:00;-03:00;39,22999954223633;39,22999954223633;39,20000076293945;39,22999954223633;5800
2026-10-01;14:02:00;-03:00;39,2400016784668;39,27000045776367;39,22999954223633;39,27000045776367;23600
2026-10-01;14:03:00;-03:00;39,2599983215332;39,2599983215332;39,220001220703125;39,220001220703125;6100
2026-10-01;14:04:00;-03:00;39,22999954223633;39,25;39,220001220703125;39,25;2500
2026-10-01;14:05:00;-03:00;39,2400016784668;39,2599983215332;39,2400016784668;39,2599983215332;4300
2026-10-01;14:06:00;-03:00;39,2599983215332;39,2599983215332;39,2400016784668;39,25;6700
2026-10-01;14:07:00;-03:00;39,2599983215332;39,2599983215332;39,2400016784668;39,2599983215332;1900
2026-10-01;14:08:00;-03:00;39,2599983215332;39,2599983215332;39,25;39,2599983215332;1000
2026-10-01;14:09:00;-03:00;39,2599983215332;39,279998779296875;39,2599983215332;39,27000045776367;6500
2026-10-01;14:10:00;-03:00;39,279998779296875;39,279998779296875;39,2599983215332;39,2599983215332;2900
2026-10-01;14:11:00;-03:00;39,27000045776367;39,27000045776367;39,2599983215332;39,2599983215332;1000
2026-10-01;14:12:00;-03:00;39,27000045776367;39,279998779296875;39,2599983215332;39,27000045776367;7800
2026-10-01;14:13:00;-03:00;39,25;39,279998779296875;39,25;39,27000045776367;6600
2026-10-01;14:14:00;-03:00;39,279998779296875;39,29999923706055;39,27000045776367;39,27000045776367;5300
2026-10-01;14:15:00;-03:00;39,27000045776367;39,279998779296875;39,27000045776367;39,279998779296875;1800
2026-10-01;14:16:00;-03:00;39,279998779296875;39,290000915527344;39,279998779296875;39,290000915527344;1100
2026-10-01;14:17:00;-03:00;39,290000915527344;39,290000915527344;39,27000045776367;39,290000915527344;26500
2026-10-01;14:18:00;-03:00;39,290000915527344;39,290000915527344;39,27000045776367;39,290000915527344;2300
2026-10-01;14:19:00;-03:00;39,290000915527344;39,310001373291016;39,290000915527344;39,310001373291016;7300
2026-10-01;14:20:00;-03:00;39,310001373291016;39,34000015258789;39,310001373291016;39,31999969482422;8600
2026-10-01;14:21:00;-03:00;39,31999969482422;39,33000183105469;39,31999969482422;39,31999969482422;1100
2026-10-01;14:22:00;-03:00;39,31999969482422;39,33000183105469;39,310001373291016;39,33000183105469;10200
2026-10-01;14:23:00;-03:00;39,34000015258789;39,349998474121094;39,33000183105469;39,34000015258789;22000
2026-10-01;14:24:00;-03:00;39,33000183105469;39,349998474121094;39,31999969482422;39,349998474121094;7300
2026-10-01;14:25:00;-03:00;39,349998474121094;39,369998931884766;39,349998474121094;39,369998931884766;4500
2026-10-01;14:26:00;-03:00;39,369998931884766;39,380001068115234;39,369998931884766;39,380001068115234;8100
2026-10-01;14:27:00;-03:00;39,369998931884766;39,369998931884766;39,36000061035156;39,36000061035156;3500
2026-10-01;14:28:00;-03:00;39,369998931884766;39,369998931884766;39,34000015258789;39,34000015258789;8000
2026-10-01;14:29:00;-03:00;39,34000015258789;39,349998474121094;39,33000183105469;39,349998474121094;2800
2026-10-01;14:30:00;-03:00;39,34000015258789;39,400001525878906;39,34000015258789;39,38999938964844;11300
2026-10-01;14:31:00;-03:00;39,38999938964844;39,38999938964844;39,349998474121094;39,349998474121094;4500
2026-10-01;14:32:00;-03:00;39,36000061035156;39,369998931884766;39,34000015258789;39,34000015258789;23900
2026-10-01;14:33:00;-03:00;39,33000183105469;39,33000183105469;39,31999969482422;39,31999969482422;2900
2026-10-01;14:34:00;-03:00;39,31999969482422;39,34000015258789;39,31999969482422;39,33000183105469;9500
2026-10-01;14:35:00;-03:00;39,31999969482422;39,33000183105469;39,31999969482422;39,31999969482422;1900
2026-10-01;14:36:00;-03:00;39,310001373291016;39,400001525878906;39,310001373291016;39,400001525878906;16600
2026-10-01;14:37:00;-03:00;39,40999984741211;39,41999816894531;39,400001525878906;39,400001525878906;7400
2026-10-01;14:38:00;-03:00;39,400001525878906;39,400001525878906;39,380001068115234;39,38999938964844;5200
2026-10-01;14:39:00;-03:00;39,38999938964844;39,38999938964844;39,38999938964844;39,38999938964844;4300
2026-10-01;14:40:00;-03:00;39,400001525878906;39,400001525878906;39,38999938964844;39,400001525878906;600
2026-10-01;14:41:00;-03:00;39,38999938964844;39,38999938964844;39,380001068115234;39,38999938964844;4700
2026-10-01;14:42:00;-03:00;39,38999938964844;39,38999938964844;39,369998931884766;39,380001068115234;6200
2026-10-01;14:43:00;-03:00;39,38999938964844;39,38999938964844;39,38999938964844;39,38999938964844;5600
2026-10-01;14:44:00;-03:00;39,400001525878906;39,400001525878906;39,38999938964844;39,400001525878906;1900
2026-10-01;14:45:00;-03:00;39,400001525878906;39,400001525878906;39,38999938964844;39,400001525878906;500
2026-10-01;14:46:00;-03:00;39,38999938964844;39,38999938964844;39,369998931884766;39,38999938964844;7100
2026-10-01;14:47:00;-03:00;39,38999938964844;39,38999938964844;39,349998474121094;39,36000061035156;32700
2026-10-01;14:48:00;-03:00;39,349998474121094;39,36000061035156;39,34000015258789;39,349998474121094;4100
2026-10-01;14:49:00;-03:00;39,34000015258789;39,349998474121094;39,33000183105469;39,349998474121094;1300
2026-10-01;14:50:00;-03:00;39,349998474121094;39,349998474121094;39,34000015258789;39,34000015258789;6600
2026-10-01;14:51:00;-03:00;39,349998474121094;39,369998931884766;39,349998474121094;39,36000061035156;12300
2026-10-01;14:52:00;-03:00;39,369998931884766;39,380001068115234;39,36000061035156;39,369998931884766;3200
2026-10-01;14:53:00;-03:00;39,369998931884766;39,380001068115234;39,36000061035156;39,36000061035156;7300
2026-10-01;14:54:00;-03:00;39,369998931884766;39,369998931884766;39,33000183105469;39,34000015258789;12800
2026-10-01;14:55:00;-03:00;39,33000183105469;39,349998474121094;39,310001373291016;39,34000015258789;16000
2026-10-01;14:56:00;-03:00;39,34000015258789;39,369998931884766;39,34000015258789;39,349998474121094;3700
2026-10-01;14:57:00;-03:00;39,349998474121094;39,349998474121094;39,31999969482422;39,31999969482422;2800
2026-10-01;14:58:00;-03:00;39,310001373291016;39,31999969482422;39,310001373291016;39,31999969482422;5100
2026-10-01;14:59:00;-03:00;39,33000183105469;39,33000183105469;39,27000045776367;39,290000915527344;24800
2026-10-01;15:00:00;-03:00;39,279998779296875;39,279998779296875;39,25;39,2599983215332;12500
2026-10-01;15:01:00;-03:00;39,27000045776367;39,279998779296875;39,2599983215332;39,279998779296875;11100
2026-10-01;15:02:00;-03:00;39,27000045776367;39,29999923706055;39,27000045776367;39,279998779296875;24000
2026-10-01;15:03:00;-03:00;39,279998779296875;39,290000915527344;39,279998779296875;39,290000915527344;1100
2026-10-01;15:04:00;-03:00;39,279998779296875;39,290000915527344;39,27000045776367;39,290000915527344;26300
2026-10-01;15:05:00;-03:00;39,279998779296875;39,290000915527344;39,27000045776367;39,279998779296875;3000
2026-10-01;15:06:00;-03:00;39,27000045776367;39,290000915527344;39,27000045776367;39,290000915527344;2700
2026-10-01;15:07:00;-03:00;39,290000915527344;39,310001373291016;39,279998779296875;39,310001373291016;10300
2026-10-01;15:08:00;-03:00;39,29999923706055;39,29999923706055;39,279998779296875;39,279998779296875;6700
2026-10-01;15:09:00;-03:00;39,290000915527344;39,310001373291016;39,279998779296875;39,29999923706055;5600
2026-10-01;15:10:00;-03:00;39,310001373291016;39,33000183105469;39,29999923706055;39,33000183105469;7400
2026-10-01;15:11:00;-03:00;39,33000183105469;39,33000183105469;39,310001373291016;39,31999969482422;6300
2026-10-01;15:12:00;-03:00;39,31999969482422;39,33000183105469;39,29999923706055;39,29999923706055;3800
2026-10-01;15:13:00;-03:00;39,31999969482422;39,33000183105469;39,310001373291016;39,310001373291016;8400
2026-10-01;15:14:00;-03:00;39,310001373291016;39,310001373291016;39,29999923706055;39,29999923706055;3900
2026-10-01;15:15:00;-03:00;39,310001373291016;39,310001373291016;39,290000915527344;39,290000915527344;2700
2026-10-01;15:16:00;-03:00;39,290000915527344;39,31999969482422;39,290000915527344;39,310001373291016;11500
2026-10-01;15:17:00;-03:00;39,310001373291016;39,310001373291016;39,290000915527344;39,290000915527344;24900
2026-10-01;15:18:00;-03:00;39,279998779296875;39,290000915527344;39,279998779296875;39,279998779296875;8000
2026-10-01;15:19:00;-03:00;39,290000915527344;39,310001373291016;39,279998779296875;39,29999923706055;11200
2026-10-01;15:20:00;-03:00;39,290000915527344;39,290000915527344;39,279998779296875;39,279998779296875;4300
2026-10-01;15:21:00;-03:00;39,290000915527344;39,29999923706055;39,279998779296875;39,290000915527344;6200
2026-10-01;15:22:00;-03:00;39,290000915527344;39,310001373291016;39,27000045776367;39,279998779296875;14700
2026-10-01;15:23:00;-03:00;39,279998779296875;39,33000183105469;39,279998779296875;39,33000183105469;11300
2026-10-01;15:24:00;-03:00;39,31999969482422;39,31999969482422;39,279998779296875;39,29999923706055;14600
2026-10-01;15:25:00;-03:00;39,290000915527344;39,290000915527344;39,27000045776367;39,279998779296875;4600
2026-10-01;15:26:00;-03:00;39,27000045776367;39,279998779296875;39,27000045776367;39,279998779296875;2900
2026-10-01;15:27:00;-03:00;39,279998779296875;39,279998779296875;39,25;39,27000045776367;6900
2026-10-01;15:28:00;-03:00;39,27000045776367;39,27000045776367;39,2400016784668;39,2400016784668;5800
2026-10-01;15:29:00;-03:00;39,2400016784668;39,2599983215332;39,2400016784668;39,2599983215332;2600
2026-10-01;15:30:00;-03:00;39,25;39,310001373291016;39,25;39,310001373291016;15500
2026-10-01;15:31:00;-03:00;39,310001373291016;39,310001373291016;39,290000915527344;39,29999923706055;11800
2026-10-01;15:32:00;-03:00;39,310001373291016;39,310001373291016;39,290000915527344;39,29999923706055;22200
2026-10-01;15:33:00;-03:00;39,310001373291016;39,31999969482422;39,290000915527344;39,31999969482422;10800
2026-10-01;15:34:00;-03:00;39,310001373291016;39,33000183105469;39,310001373291016;39,33000183105469;5900
2026-10-01;15:35:00;-03:00;39,33000183105469;39,33000183105469;39,29999923706055;39,29999923706055;7400
2026-10-01;15:36:00;-03:00;39,31999969482422;39,31999969482422;39,29999923706055;39,31999969482422;1800
2026-10-01;15:37:00;-03:00;39,310001373291016;39,31999969482422;39,29999923706055;39,310001373291016;2100
2026-10-01;15:38:00;-03:00;39,31999969482422;39,34000015258789;39,310001373291016;39,34000015258789;8800
2026-10-01;15:39:00;-03:00;39,34000015258789;39,349998474121094;39,33000183105469;39,34000015258789;6300
2026-10-01;15:40:00;-03:00;39,34000015258789;39,34000015258789;39,29999923706055;39,29999923706055;7000
2026-10-01;15:41:00;-03:00;39,290000915527344;39,310001373291016;39,290000915527344;39,310001373291016;2700
2026-10-01;15:42:00;-03:00;39,29999923706055;39,310001373291016;39,29999923706055;39,310001373291016;3000
2026-10-01;15:43:00;-03:00;39,310001373291016;39,310001373291016;39,29999923706055;39,29999923706055;2900
2026-10-01;15:44:00;-03:00;39,310001373291016;39,310001373291016;39,290000915527344;39,29999923706055;8900
2026-10-01;15:45:00;-03:00;39,290000915527344;39,310001373291016;39,290000915527344;39,290000915527344;4000
2026-10-01;15:46:00;-03:00;39,290000915527344;39,29999923706055;39,290000915527344;39,290000915527344;3500
2026-10-01;15:47:00;-03:00;39,29999923706055;39,31999969482422;39,290000915527344;39,310001373291016;40000
2026-10-01;15:48:00;-03:00;39,310001373291016;39,310001373291016;39,290000915527344;39,290000915527344;3100
2026-10-01;15:49:00;-03:00;39,29999923706055;39,29999923706055;39,290000915527344;39,290000915527344;4400
2026-10-01;15:50:00;-03:00;39,290000915527344;39,31999969482422;39,290000915527344;39,31999969482422;12300
2026-10-01;15:51:00;-03:00;39,310001373291016;39,31999969482422;39,310001373291016;39,310001373291016;2200
2026-10-01;15:52:00;-03:00;39,310001373291016;39,33000183105469;39,310001373291016;39,31999969482422;10600
2026-10-01;15:53:00;-03:00;39,31999969482422;39,33000183105469;39,310001373291016;39,33000183105469;3800
2026-10-01;15:54:00;-03:00;39,31999969482422;39,33000183105469;39,310001373291016;39,310001373291016;2700
2026-10-01;15:55:00;-03:00;39,310001373291016;39,310001373291016;39,29999923706055;39,29999923706055;4700
2026-10-01;15:56:00;-03:00;39,310001373291016;39,310001373291016;39,29999923706055;39,310001373291016;6000
2026-10-01;15:57:00;-03:00;39,29999923706055;39,31999969482422;39,29999923706055;39,310001373291016;8900
2026-10-01;15:58:00;-03:00;39,31999969482422;39,31999969482422;39,29999923706055;39,29999923706055;7300
2026-10-01;15:59:00;-03:00;39,310001373291016;39,31999969482422;39,29999923706055;39,310001373291016;11400
2026-10-01;16:00:00;-03:00;39,310001373291016;39,33000183105469;39,310001373291016;39,31999969482422;3800
2026-10-01;16:01:00;-03:00;39,31999969482422;39,31999969482422;39,290000915527344;39,310001373291016;14600
2026-10-01;16:02:00;-03:00;39,29999923706055;39,310001373291016;39,290000915527344;39,290000915527344;3600
2026-10-01;16:03:00;-03:00;39,290000915527344;39,29999923706055;39,279998779296875;39,290000915527344;25300
2026-10-01;16:04:00;-03:00;39,279998779296875;39,290000915527344;39,27000045776367;39,279998779296875;6700
2026-10-01;16:05:00;-03:00;39,279998779296875;39,290000915527344;39,27000045776367;39,279998779296875;4100
2026-10-01;16:06:00;-03:00;39,27000045776367;39,279998779296875;39,2599983215332;39,2599983215332;11500
2026-10-01;16:07:00;-03:00;39,2599983215332;39,279998779296875;39,2599983215332;39,27000045776367;23900
2026-10-01;16:08:00;-03:00;39,27000045776367;39,29999923706055;39,27000045776367;39,290000915527344;8800
2026-10-01;16:09:00;-03:00;39,290000915527344;39,310001373291016;39,290000915527344;39,29999923706055;11600
2026-10-01;16:10:00;-03:00;39,29999923706055;39,31999969482422;39,29999923706055;39,310001373291016;11800
2026-10-01;16:11:00;-03:00;39,310001373291016;39,31999969482422;39,29999923706055;39,29999923706055;5200
2026-10-01;16:12:00;-03:00;39,29999923706055;39,31999969482422;39,29999923706055;39,310001373291016;11600
2026-10-01;16:13:00;-03:00;39,31999969482422;39,33000183105469;39,310001373291016;39,31999969482422;6700
2026-10-01;16:14:00;-03:00;39,33000183105469;39,33000183105469;39,31999969482422;39,33000183105469;2700
2026-10-01;16:15:00;-03:00;39,33000183105469;39,33000183105469;39,310001373291016;39,33000183105469;12200
2026-10-01;16:16:00;-03:00;39,31999969482422;39,33000183105469;39,310001373291016;39,310001373291016;3100
2026-10-01;16:17:00;-03:00;39,31999969482422;39,31999969482422;39,290000915527344;39,290000915527344;7100
2026-10-01;16:18:00;-03:00;39,290000915527344;39,310001373291016;39,290000915527344;39,29999923706055;33900
2026-10-01;16:19:00;-03:00;39,29999923706055;39,310001373291016;39,29999923706055;39,310001373291016;3800
2026-10-01;16:20:00;-03:00;39,29999923706055;39,310001373291016;39,29999923706055;39,29999923706055;2300
2026-10-01;16:21:00;-03:00;39,310001373291016;39,310001373291016;39,29999923706055;39,29999923706055;7300
2026-10-01;16:22:00;-03:00;39,310001373291016;39,33000183105469;39,29999923706055;39,29999923706055;28900
2026-10-01;16:23:00;-03:00;39,29999923706055;39,310001373291016;39,2599983215332;39,2599983215332;15800
2026-10-01;16:24:00;-03:00;39,2599983215332;39,290000915527344;39,2599983215332;39,290000915527344;10400
2026-10-01;16:25:00;-03:00;39,279998779296875;39,279998779296875;39,27000045776367;39,279998779296875;2600
2026-10-01;16:26:00;-03:00;39,27000045776367;39,279998779296875;39,27000045776367;39,27000045776367;1500
2026-10-01;16:27:00;-03:00;39,279998779296875;39,290000915527344;39,279998779296875;39,279998779296875;9900
2026-10-01;16:28:00;-03:00;39,290000915527344;39,310001373291016;39,279998779296875;39,310001373291016;10000
2026-10-01;16:29:00;-03:00;39,29999923706055;39,310001373291016;39,29999923706055;39,310001373291016;2600
2026-10-01;16:30:00;-03:00;39,29999923706055;39,33000183105469;39,29999923706055;39,31999969482422;38100
2026-10-01;16:31:00;-03:00;39,33000183105469;39,34000015258789;39,31999969482422;39,33000183105469;4100
2026-10-01;16:32:00;-03:00;39,34000015258789;39,34000015258789;39,33000183105469;39,33000183105469;3300
2026-10-01;16:33:00;-03:00;39,34000015258789;39,349998474121094;39,33000183105469;39,349998474121094;8800
2026-10-01;16:34:00;-03:00;39,349998474121094;39,36000061035156;39,31999969482422;39,31999969482422;26100
2026-10-01;16:35:00;-03:00;39,33000183105469;39,34000015258789;39,31999969482422;39,33000183105469;9800
2026-10-01;16:36:00;-03:00;39,31999969482422;39,33000183105469;39,310001373291016;39,33000183105469;2400
2026-10-01;16:37:00;-03:00;39,31999969482422;39,33000183105469;39,29999923706055;39,29999923706055;6100
2026-10-01;16:38:00;-03:00;39,310001373291016;39,310001373291016;39,29999923706055;39,29999923706055;2100
2026-10-01;16:39:00;-03:00;39,29999923706055;39,33000183105469;39,29999923706055;39,310001373291016;32100
2026-10-01;16:40:00;-03:00;39,31999969482422;39,34000015258789;39,310001373291016;39,34000015258789;8500
2026-10-01;16:41:00;-03:00;39,34000015258789;39,34000015258789;39,31999969482422;39,33000183105469;4500
2026-10-01;16:42:00;-03:00;39,33000183105469;39,34000015258789;39,31999969482422;39,34000015258789;8800
2026-10-01;16:43:00;-03:00;39,33000183105469;39,34000015258789;39,31999969482422;39,31999969482422;6000
2026-10-01;16:44:00;-03:00;39,33000183105469;39,33000183105469;39,29999923706055;39,29999923706055;27700
2026-10-01;16:45:00;-03:00;39,310001373291016;39,31999969482422;39,29999923706055;39,31999969482422;23200
2026-10-01;16:46:00;-03:00;39,31999969482422;39,33000183105469;39,310001373291016;39,31999969482422;23100
2026-10-01;16:47:00;-03:00;39,33000183105469;39,33000183105469;39,31999969482422;39,33000183105469;4300
2026-10-01;16:48:00;-03:00;39,33000183105469;39,34000015258789;39,31999969482422;39,34000015258789;62800
2026-10-01;16:49:00;-03:00;39,34000015258789;39,34000015258789;39,33000183105469;39,34000015258789;3900
2026-10-01;16:50:00;-03:00;39,34000015258789;39,34000015258789;39,33000183105469;39,34000015258789;4700
2026-10-01;16:51:00;-03:00;39,34000015258789;39,36000061035156;39,33000183105469;39,33000183105469;43100
2026-10-01;16:52:00;-03:00;39,31999969482422;39,33000183105469;39,310001373291016;39,310001373291016;6700
2026-10-01;16:53:00;-03:00;39,31999969482422;39,31999969482422;39,290000915527344;39,310001373291016;36400
2026-10-01;16:54:00;-03:00;39,310001373291016;39,31999969482422;39,290000915527344;39,290000915527344;10100
2026-10-02;10:07:00;-03:00;39,58000183105469;39,689998626708984;39,58000183105469;39,650001525878906;0
2026-10-02;10:08:00;-03:00;39,63999938964844;39,63999938964844;39,529998779296875;39,529998779296875;5900
2026-10-02;10:09:00;-03:00;39,529998779296875;39,59000015258789;39,529998779296875;39,59000015258789;3500
2026-10-02;10:10:00;-03:00;39,59000015258789;39,61000061035156;39,529998779296875;39,529998779296875;10300
2026-10-02;10:11:00;-03:00;39,529998779296875;39,7599983215332;39,529998779296875;39,7400016784668;46000
2026-10-02;10:12:00;-03:00;39,75;39,7599983215332;39,68000030517578;39,72999954223633;6700
2026-10-02;10:13:00;-03:00;39,72999954223633;39,7400016784668;39,709999084472656;39,720001220703125;4300
2026-10-02;10:14:00;-03:00;39,70000076293945;39,75;39,68000030517578;39,75;11300
2026-10-02;10:15:00;-03:00;39,7599983215332;39,77000045776367;39,720001220703125;39,7400016784668;7200
2026-10-02;10:16:00;-03:00;39,75;39,79999923706055;39,75;39,779998779296875;9700
2026-10-02;10:17:00;-03:00;39,79999923706055;39,86000061035156;39,79999923706055;39,83000183105469;14700
2026-10-02;10:18:00;-03:00;39,84000015258789;39,86000061035156;39,75;39,81999969482422;14700
2026-10-02;10:19:00;-03:00;39,810001373291016;39,849998474121094;39,77000045776367;39,77000045776367;13200
2026-10-02;10:20:00;-03:00;39,77000045776367;39,79999923706055;39,7400016784668;39,79999923706055;8100
2026-10-02;10:21:00;-03:00;39,810001373291016;39,83000183105469;39,77000045776367;39,79999923706055;25800
2026-10-02;10:22:00;-03:00;39,790000915527344;39,81999969482422;39,779998779296875;39,79999923706055;4100
2026-10-02;10:23:00;-03:00;39,83000183105469;39,869998931884766;39,81999969482422;39,83000183105469;4600
2026-10-02;10:24:00;-03:00;39,83000183105469;39,849998474121094;39,81999969482422;39,849998474121094;7500
2026-10-02;10:25:00;-03:00;39,849998474121094;39,869998931884766;39,84000015258789;39,849998474121094;4000
2026-10-02;10:26:00;-03:00;39,84000015258789;39,869998931884766;39,83000183105469;39,84000015258789;13900
2026-10-02;10:27:00;-03:00;39,84000015258789;39,84000015258789;39,7599983215332;39,790000915527344;6000
2026-10-02;10:28:00;-03:00;39,790000915527344;39,84000015258789;39,77000045776367;39,790000915527344;5700
2026-10-02;10:29:00;-03:00;39,79999923706055;39,79999923706055;39,75;39,77000045776367;6800
2026-10-02;10:30:00;-03:00;39,77000045776367;39,779998779296875;39,72999954223633;39,779998779296875;6500
2026-10-02;10:31:00;-03:00;39,75;39,83000183105469;39,75;39,7599983215332;16600
2026-10-02;10:32:00;-03:00;39,75;39,810001373291016;39,7400016784668;39,810001373291016;12100
2026-10-02;10:33:00;-03:00;39,810001373291016;39,81999969482422;39,77000045776367;39,790000915527344;9200
2026-10-02;10:34:00;-03:00;39,790000915527344;39,849998474121094;39,77000045776367;39,77000045776367;18100
2026-10-02;10:35:00;-03:00;39,77000045776367;39,790000915527344;39,75;39,779998779296875;7900
2026-10-02;10:36:00;-03:00;39,7599983215332;39,77000045776367;39,689998626708984;39,70000076293945;11300
2026-10-02;10:37:00;-03:00;39,709999084472656;39,79999923706055;39,709999084472656;39,7599983215332;16100
2026-10-02;10:38:00;-03:00;39,7599983215332;39,7599983215332;39,70000076293945;39,720001220703125;16800
2026-10-02;10:39:00;-03:00;39,709999084472656;39,72999954223633;39,68000030517578;39,720001220703125;17300
2026-10-02;10:40:00;-03:00;39,720001220703125;39,720001220703125;39,66999816894531;39,689998626708984;6500
2026-10-02;10:41:00;-03:00;39,68000030517578;39,689998626708984;39,61000061035156;39,65999984741211;21900
2026-10-02;10:42:00;-03:00;39,65999984741211;39,68000030517578;39,61000061035156;39,66999816894531;5700
2026-10-02;10:43:00;-03:00;39,66999816894531;39,68000030517578;39,650001525878906;39,65999984741211;8800
2026-10-02;10:44:00;-03:00;39,630001068115234;39,630001068115234;39,599998474121094;39,630001068115234;9000
2026-10-02;10:45:00;-03:00;39,63999938964844;39,689998626708984;39,630001068115234;39,68000030517578;14900
2026-10-02;10:46:00;-03:00;39,68000030517578;39,720001220703125;39,66999816894531;39,720001220703125;4800
2026-10-02;10:47:00;-03:00;39,709999084472656;39,7599983215332;39,66999816894531;39,7599983215332;46500
2026-10-02;10:48:00;-03:00;39,7599983215332;39,779998779296875;39,7599983215332;39,779998779296875;367200
2026-10-02;10:49:00;-03:00;39,77000045776367;39,77000045776367;39,720001220703125;39,720001220703125;3500
2026-10-02;10:50:00;-03:00;39,709999084472656;39,77000045776367;39,709999084472656;39,7400016784668;19800
2026-10-02;10:51:00;-03:00;39,75;39,75;39,72999954223633;39,7400016784668;1100
2026-10-02;10:52:00;-03:00;39,72999954223633;39,849998474121094;39,709999084472656;39,79999923706055;60100
2026-10-02;10:53:00;-03:00;39,779998779296875;39,79999923706055;39,72999954223633;39,7400016784668;21300
2026-10-02;10:54:00;-03:00;39,75;39,7599983215332;39,720001220703125;39,7599983215332;11100
2026-10-02;10:55:00;-03:00;39,75;39,790000915527344;39,72999954223633;39,75;10600
2026-10-02;10:56:00;-03:00;39,7599983215332;39,77000045776367;39,72999954223633;39,75;13100
2026-10-02;10:57:00;-03:00;39,77000045776367;39,779998779296875;39,720001220703125;39,779998779296875;10300
2026-10-02;10:58:00;-03:00;39,779998779296875;39,790000915527344;39,75;39,790000915527344;4100
2026-10-02;10:59:00;-03:00;39,77000045776367;39,77000045776367;39,720001220703125;39,7400016784668;3700
2026-10-02;11:00:00;-03:00;39,72999954223633;39,77000045776367;39,66999816894531;39,77000045776367;14700
2026-10-02;11:01:00;-03:00;39,75;39,779998779296875;39,7400016784668;39,77000045776367;8500
2026-10-02;11:02:00;-03:00;39,77000045776367;39,810001373291016;39,77000045776367;39,790000915527344;15400
2026-10-02;11:03:00;-03:00;39,79999923706055;39,79999923706055;39,7599983215332;39,77000045776367;18000
2026-10-02;11:04:00;-03:00;39,7599983215332;39,779998779296875;39,7400016784668;39,77000045776367;10700
2026-10-02;11:05:00;-03:00;39,77000045776367;39,810001373291016;39,77000045776367;39,810001373291016;3000
2026-10-02;11:06:00;-03:00;39,790000915527344;39,83000183105469;39,779998779296875;39,790000915527344;8800
2026-10-02;11:07:00;-03:00;39,779998779296875;39,810001373291016;39,7599983215332;39,7599983215332;10500
2026-10-02;11:08:00;-03:00;39,779998779296875;39,779998779296875;39,7599983215332;39,7599983215332;5600
2026-10-02;11:09:00;-03:00;39,75;39,75;39,720001220703125;39,72999954223633;3600
2026-10-02;11:10:00;-03:00;39,72999954223633;39,7400016784668;39,70000076293945;39,720001220703125;10000
2026-10-02;11:11:00;-03:00;39,709999084472656;39,72999954223633;39,709999084472656;39,720001220703125;6700
2026-10-02;11:12:00;-03:00;39,709999084472656;39,75;39,709999084472656;39,72999954223633;3800
2026-10-02;11:13:00;-03:00;39,7400016784668;39,7599983215332;39,720001220703125;39,720001220703125;66600
2026-10-02;11:14:00;-03:00;39,72999954223633;39,7599983215332;39,709999084472656;39,75;7500
2026-10-02;11:15:00;-03:00;39,75;39,79999923706055;39,75;39,790000915527344;12600
2026-10-02;11:16:00;-03:00;39,790000915527344;39,81999969482422;39,77000045776367;39,79999923706055;8600
2026-10-02;11:17:00;-03:00;39,79999923706055;39,849998474121094;39,79999923706055;39,83000183105469;4800
2026-10-02;11:18:00;-03:00;39,83000183105469;39,849998474121094;39,83000183105469;39,84000015258789;3300
2026-10-02;11:19:00;-03:00;39,84000015258789;39,84000015258789;39,81999969482422;39,83000183105469;3200
2026-10-02;11:20:00;-03:00;39,81999969482422;39,84000015258789;39,79999923706055;39,810001373291016;11800
2026-10-02;11:21:00;-03:00;39,79999923706055;39,79999923706055;39,7599983215332;39,7599983215332;5400
2026-10-02;11:22:00;-03:00;39,75;39,7599983215332;39,75;39,75;1500
2026-10-02;11:23:00;-03:00;39,7599983215332;39,779998779296875;39,720001220703125;39,7599983215332;30000
2026-10-02;11:24:00;-03:00;39,77000045776367;39,77000045776367;39,7400016784668;39,75;22000
2026-10-02;11:25:00;-03:00;39,77000045776367;39,77000045776367;39,75;39,77000045776367;1900
2026-10-02;11:26:00;-03:00;39,77000045776367;39,79999923706055;39,77000045776367;39,790000915527344;12400
2026-10-02;11:27:00;-03:00;39,779998779296875;39,79999923706055;39,77000045776367;39,790000915527344;3600
2026-10-02;11:28:00;-03:00;39,79999923706055;39,86000061035156;39,790000915527344;39,810001373291016;31700
2026-10-02;11:29:00;-03:00;39,79999923706055;39,849998474121094;39,779998779296875;39,849998474121094;11800
2026-10-02;11:30:00;-03:00;39,84000015258789;39,849998474121094;39,83000183105469;39,83000183105469;3600
2026-10-02;11:31:00;-03:00;39,84000015258789;39,86000061035156;39,83000183105469;39,86000061035156;7900
2026-10-02;11:32:00;-03:00;39,869998931884766;39,88999938964844;39,86000061035156;39,88999938964844;11100
2026-10-02;11:33:00;-03:00;39,880001068115234;39,900001525878906;39,869998931884766;39,880001068115234;16700
2026-10-02;11:34:00;-03:00;39,869998931884766;39,88999938964844;39,83000183105469;39,88999938964844;25800
2026-10-02;11:35:00;-03:00;39,88999938964844;39,900001525878906;39,869998931884766;39,88999938964844;33300
2026-10-02;11:36:00;-03:00;39,900001525878906;39,91999816894531;39,869998931884766;39,869998931884766;18000
2026-10-02;11:37:00;-03:00;39,880001068115234;39,91999816894531;39,880001068115234;39,90999984741211;43300
2026-10-02;11:38:00;-03:00;39,88999938964844;39,939998626708984;39,88999938964844;39,939998626708984;10000
2026-10-02;11:39:00;-03:00;39,939998626708984;39,95000076293945;39,939998626708984;39,939998626708984;1900
2026-10-02;11:40:00;-03:00;39,939998626708984;39,95000076293945;39,91999816894531;39,91999816894531;6800
2026-10-02;11:41:00;-03:00;39,91999816894531;39,939998626708984;39,90999984741211;39,939998626708984;7700
2026-10-02;11:42:00;-03:00;39,939998626708984;39,939998626708984;39,91999816894531;39,93000030517578;6200
2026-10-02;11:43:00;-03:00;39,91999816894531;39,93000030517578;39,90999984741211;39,90999984741211;2600
2026-10-02;11:44:00;-03:00;39,90999984741211;39,90999984741211;39,84000015258789;39,84000015258789;9200
2026-10-02;11:45:00;-03:00;39,84000015258789;39,84000015258789;39,810001373291016;39,83000183105469;5600
2026-10-02;11:46:00;-03:00;39,83000183105469;39,83000183105469;39,81999969482422;39,81999969482422;2600
2026-10-02;11:47:00;-03:00;39,84000015258789;39,880001068115234;39,84000015258789;39,849998474121094;5900
2026-10-02;11:48:00;-03:00;39,84000015258789;39,849998474121094;39,81999969482422;39,84000015258789;8600
2026-10-02;11:49:00;-03:00;39,81999969482422;39,83000183105469;39,79999923706055;39,79999923706055;7000
2026-10-02;11:50:00;-03:00;39,79999923706055;39,81999969482422;39,790000915527344;39,810001373291016;7600
2026-10-02;11:51:00;-03:00;39,79999923706055;39,86000061035156;39,79999923706055;39,849998474121094;4900
2026-10-02;11:52:00;-03:00;39,849998474121094;39,86000061035156;39,81999969482422;39,83000183105469;13400
2026-10-02;11:53:00;-03:00;39,83000183105469;39,83000183105469;39,77000045776367;39,790000915527344;11900
2026-10-02;11:54:00;-03:00;39,779998779296875;39,810001373291016;39,77000045776367;39,77000045776367;21100
2026-10-02;11:55:00;-03:00;39,77000045776367;39,779998779296875;39,72999954223633;39,7400016784668;11800
2026-10-02;11:56:00;-03:00;39,720001220703125;39,7400016784668;39,66999816894531;39,68000030517578;69000
2026-10-02;11:57:00;-03:00;39,68000030517578;39,709999084472656;39,66999816894531;39,70000076293945;22300
2026-10-02;11:58:00;-03:00;39,68000030517578;39,70000076293945;39,650001525878906;39,65999984741211;15800
2026-10-02;11:59:00;-03:00;39,65999984741211;39,65999984741211;39,619998931884766;39,619998931884766;2900
2026-10-02;12:00:00;-03:00;39,630001068115234;39,63999938964844;39,61000061035156;39,63999938964844;16500
2026-10-02;12:01:00;-03:00;39,630001068115234;39,63999938964844;39,560001373291016;39,59000015258789;25700
2026-10-02;12:02:00;-03:00;39,56999969482422;39,599998474121094;39,54999923706055;39,56999969482422;14300
2026-10-02;12:03:00;-03:00;39,560001373291016;39,58000183105469;39,540000915527344;39,54999923706055;11200
2026-10-02;12:04:00;-03:00;39,54999923706055;39,59000015258789;39,54999923706055;39,58000183105469;6500
2026-10-02;12:05:00;-03:00;39,58000183105469;39,619998931884766;39,58000183105469;39,619998931884766;10400
2026-10-02;12:06:00;-03:00;39,61000061035156;39,61000061035156;39,59000015258789;39,599998474121094;7900
2026-10-02;12:07:00;-03:00;39,61000061035156;39,650001525878906;39,599998474121094;39,630001068115234;4200
2026-10-02;12:08:00;-03:00;39,619998931884766;39,630001068115234;39,59000015258789;39,599998474121094;9600
2026-10-02;12:09:00;-03:00;39,61000061035156;39,630001068115234;39,61000061035156;39,619998931884766;8300
2026-10-02;12:10:00;-03:00;39,599998474121094;39,61000061035156;39,58000183105469;39,58000183105469;4700
2026-10-02;12:11:00;-03:00;39,56999969482422;39,59000015258789;39,56999969482422;39,58000183105469;5200
2026-10-02;12:12:00;-03:00;39,58000183105469;39,58000183105469;39,56999969482422;39,58000183105469;2800
2026-10-02;12:13:00;-03:00;39,58000183105469;39,58000183105469;39,560001373291016;39,560001373291016;3600
2026-10-02;12:14:00;-03:00;39,560001373291016;39,599998474121094;39,560001373291016;39,599998474121094;5300
2026-10-02;12:15:00;-03:00;39,599998474121094;39,630001068115234;39,599998474121094;39,619998931884766;3600
2026-10-02;12:16:00;-03:00;39,630001068115234;39,630001068115234;39,619998931884766;39,619998931884766;1100
2026-10-02;12:17:00;-03:00;39,619998931884766;39,63999938964844;39,619998931884766;39,619998931884766;8100
2026-10-02;12:18:00;-03:00;39,619998931884766;39,650001525878906;39,619998931884766;39,63999938964844;5300
2026-10-02;12:19:00;-03:00;39,63999938964844;39,63999938964844;39,599998474121094;39,61000061035156;2300
2026-10-02;12:20:00;-03:00;39,61000061035156;39,61000061035156;39,61000061035156;39,61000061035156;3700
2026-10-02;12:21:00;-03:00;39,619998931884766;39,66999816894531;39,619998931884766;39,66999816894531;7500
2026-10-02;12:22:00;-03:00;39,65999984741211;39,65999984741211;39,63999938964844;39,63999938964844;3200
2026-10-02;12:23:00;-03:00;39,63999938964844;39,63999938964844;39,61000061035156;39,61000061035156;5400
2026-10-02;12:24:00;-03:00;39,61000061035156;39,65999984741211;39,61000061035156;39,63999938964844;12600
2026-10-02;12:25:00;-03:00;39,63999938964844;39,650001525878906;39,61000061035156;39,650001525878906;5500
2026-10-02;12:26:00;-03:00;39,650001525878906;39,65999984741211;39,630001068115234;39,63999938964844;5600
2026-10-02;12:27:00;-03:00;39,650001525878906;39,689998626708984;39,650001525878906;39,68000030517578;8400
2026-10-02;12:28:00;-03:00;39,66999816894531;39,68000030517578;39,650001525878906;39,66999816894531;2700
2026-10-02;12:29:00;-03:00;39,66999816894531;39,68000030517578;39,65999984741211;39,65999984741211;3300
2026-10-02;12:30:00;-03:00;39,66999816894531;39,68000030517578;39,66999816894531;39,68000030517578;1700
2026-10-02;12:31:00;-03:00;39,68000030517578;39,689998626708984;39,65999984741211;39,68000030517578;14000
2026-10-02;12:32:00;-03:00;39,66999816894531;39,689998626708984;39,66999816894531;39,689998626708984;5600
2026-10-02;12:33:00;-03:00;39,66999816894531;39,68000030517578;39,65999984741211;39,68000030517578;2400
2026-10-02;12:34:00;-03:00;39,68000030517578;39,720001220703125;39,68000030517578;39,720001220703125;5100
2026-10-02;12:35:00;-03:00;39,709999084472656;39,709999084472656;39,70000076293945;39,709999084472656;5400
2026-10-02;12:36:00;-03:00;39,70000076293945;39,7400016784668;39,689998626708984;39,72999954223633;32400
2026-10-02;12:37:00;-03:00;39,709999084472656;39,709999084472656;39,689998626708984;39,689998626708984;5800
2026-10-02;12:38:00;-03:00;39,689998626708984;39,689998626708984;39,65999984741211;39,68000030517578;3800
2026-10-02;12:39:00;-03:00;39,68000030517578;39,70000076293945;39,65999984741211;39,70000076293945;2500
2026-10-02;12:40:00;-03:00;39,68000030517578;39,68000030517578;39,68000030517578;39,68000030517578;400
2026-10-02;12:41:00;-03:00;39,68000030517578;39,70000076293945;39,66999816894531;39,68000030517578;5100
2026-10-02;12:42:00;-03:00;39,65999984741211;39,65999984741211;39,65999984741211;39,65999984741211;800
2026-10-02;12:43:00;-03:00;39,650001525878906;39,66999816894531;39,650001525878906;39,65999984741211;2900
2026-10-02;12:44:00;-03:00;39,65999984741211;39,70000076293945;39,650001525878906;39,68000030517578;6900
2026-10-02;12:45:00;-03:00;39,689998626708984;39,70000076293945;39,65999984741211;39,65999984741211;3800
2026-10-02;12:46:00;-03:00;39,65999984741211;39,65999984741211;39,630001068115234;39,650001525878906;3200
2026-10-02;12:47:00;-03:00;39,65999984741211;39,66999816894531;39,63999938964844;39,650001525878906;6400
2026-10-02;12:48:00;-03:00;39,650001525878906;39,650001525878906;39,63999938964844;39,63999938964844;3600
2026-10-02;12:49:00;-03:00;39,63999938964844;39,63999938964844;39,630001068115234;39,630001068115234;2100
2026-10-02;12:50:00;-03:00;39,63999938964844;39,650001525878906;39,630001068115234;39,650001525878906;5100
2026-10-02;12:51:00;-03:00;39,650001525878906;39,65999984741211;39,63999938964844;39,63999938964844;6200
2026-10-02;12:52:00;-03:00;39,63999938964844;39,63999938964844;39,61000061035156;39,61000061035156;5000
2026-10-02;12:53:00;-03:00;39,599998474121094;39,61000061035156;39,599998474121094;39,599998474121094;1600
2026-10-02;12:54:00;-03:00;39,599998474121094;39,63999938964844;39,59000015258789;39,63999938964844;12800
2026-10-02;12:55:00;-03:00;39,63999938964844;39,66999816894531;39,63999938964844;39,66999816894531;4300
2026-10-02;12:56:00;-03:00;39,66999816894531;39,66999816894531;39,650001525878906;39,65999984741211;1900
2026-10-02;12:57:00;-03:00;39,65999984741211;39,65999984741211;39,63999938964844;39,650001525878906;4500
2026-10-02;12:58:00;-03:00;39,63999938964844;39,65999984741211;39,63999938964844;39,65999984741211;2000
2026-10-02;12:59:00;-03:00;39,650001525878906;39,66999816894531;39,650001525878906;39,650001525878906;2900
2026-10-02;13:00:00;-03:00;39,66999816894531;39,68000030517578;39,63999938964844;39,650001525878906;5600
2026-10-02;13:01:00;-03:00;39,650001525878906;39,650001525878906;39,63999938964844;39,650001525878906;1900
2026-10-02;13:02:00;-03:00;39,650001525878906;39,65999984741211;39,630001068115234;39,63999938964844;8300
2026-10-02;13:03:00;-03:00;39,65999984741211;39,65999984741211;39,63999938964844;39,63999938964844;2300
2026-10-02;13:04:00;-03:00;39,630001068115234;39,65999984741211;39,61000061035156;39,65999984741211;3900
2026-10-02;13:05:00;-03:00;39,66999816894531;39,709999084472656;39,66999816894531;39,689998626708984;5200
2026-10-02;13:06:00;-03:00;39,689998626708984;39,689998626708984;39,66999816894531;39,68000030517578;3000
2026-10-02;13:07:00;-03:00;39,68000030517578;39,689998626708984;39,66999816894531;39,68000030517578;3400
2026-10-02;13:08:00;-03:00;39,68000030517578;39,68000030517578;39,650001525878906;39,650001525878906;1600
2026-10-02;13:09:00;-03:00;39,65999984741211;39,68000030517578;39,65999984741211;39,66999816894531;5300
2026-10-02;13:10:00;-03:00;39,650001525878906;39,66999816894531;39,650001525878906;39,650001525878906;500
2026-10-02;13:11:00;-03:00;39,65999984741211;39,65999984741211;39,619998931884766;39,619998931884766;1600
2026-10-02;13:12:00;-03:00;39,619998931884766;39,630001068115234;39,61000061035156;39,619998931884766;4600
2026-10-02;13:13:00;-03:00;39,619998931884766;39,619998931884766;39,540000915527344;39,540000915527344;127600
2026-10-02;13:14:00;-03:00;39,540000915527344;39,54999923706055;39,529998779296875;39,540000915527344;6900
2026-10-02;13:15:00;-03:00;39,540000915527344;39,560001373291016;39,529998779296875;39,529998779296875;10400
2026-10-02;13:16:00;-03:00;39,529998779296875;39,540000915527344;39,5099983215332;39,529998779296875;16500
2026-10-02;13:17:00;-03:00;39,529998779296875;39,54999923706055;39,529998779296875;39,529998779296875;9600
2026-10-02;13:18:00;-03:00;39,529998779296875;39,540000915527344;39,52000045776367;39,529998779296875;3700
2026-10-02;13:19:00;-03:00;39,529998779296875;39,58000183105469;39,52000045776367;39,560001373291016;28000
2026-10-02;13:20:00;-03:00;39,560001373291016;39,56999969482422;39,54999923706055;39,560001373291016;6000
2026-10-02;13:21:00;-03:00;39,560001373291016;39,56999969482422;39,560001373291016;39,56999969482422;1600
2026-10-02;13:22:00;-03:00;39,56999969482422;39,59000015258789;39,54999923706055;39,59000015258789;24300
2026-10-02;13:23:00;-03:00;39,59000015258789;39,59000015258789;39,560001373291016;39,560001373291016;4000
2026-10-02;13:24:00;-03:00;39,56999969482422;39,58000183105469;39,540000915527344;39,58000183105469;10300
2026-10-02;13:25:00;-03:00;39,58000183105469;39,59000015258789;39,560001373291016;39,58000183105469;5100
2026-10-02;13:26:00;-03:00;39,58000183105469;39,619998931884766;39,58000183105469;39,59000015258789;34700
2026-10-02;13:27:00;-03:00;39,59000015258789;39,63999938964844;39,58000183105469;39,630001068115234;19700
2026-10-02;13:28:00;-03:00;39,630001068115234;39,65999984741211;39,61000061035156;39,61000061035156;54200
2026-10-02;13:29:00;-03:00;39,630001068115234;39,63999938964844;39,560001373291016;39,56999969482422;13600
2026-10-02;13:30:00;-03:00;39,560001373291016;39,61000061035156;39,560001373291016;39,599998474121094;10300
2026-10-02;13:31:00;-03:00;39,61000061035156;39,61000061035156;39,58000183105469;39,59000015258789;2300
2026-10-02;13:32:00;-03:00;39,59000015258789;39,61000061035156;39,58000183105469;39,58000183105469;8900
2026-10-02;13:33:00;-03:00;39,58000183105469;39,58000183105469;39,560001373291016;39,56999969482422;1500
2026-10-02;13:34:00;-03:00;39,56999969482422;39,619998931884766;39,56999969482422;39,619998931884766;13100
2026-10-02;13:35:00;-03:00;39,619998931884766;39,650001525878906;39,619998931884766;39,630001068115234;9800
2026-10-02;13:36:00;-03:00;39,630001068115234;39,65999984741211;39,599998474121094;39,65999984741211;116600
2026-10-02;13:37:00;-03:00;39,66999816894531;39,66999816894531;39,630001068115234;39,65999984741211;13800
2026-10-02;13:38:00;-03:00;39,66999816894531;39,709999084472656;39,65999984741211;39,709999084472656;10700
2026-10-02;13:39:00;-03:00;39,709999084472656;39,7599983215332;39,70000076293945;39,7400016784668;11200
2026-10-02;13:40:00;-03:00;39,7400016784668;39,790000915527344;39,7400016784668;39,790000915527344;16100
2026-10-02;13:41:00;-03:00;39,790000915527344;39,790000915527344;39,77000045776367;39,77000045776367;4000
2026-10-02;13:42:00;-03:00;39,77000045776367;39,81999969482422;39,77000045776367;39,79999923706055;15200
2026-10-02;13:43:00;-03:00;39,790000915527344;39,79999923706055;39,7599983215332;39,7599983215332;12400
2026-10-02;13:44:00;-03:00;39,77000045776367;39,810001373291016;39,77000045776367;39,79999923706055;10800
2026-10-02;13:45:00;-03:00;39,790000915527344;39,79999923706055;39,779998779296875;39,779998779296875;12300
2026-10-02;13:46:00;-03:00;39,790000915527344;39,81999969482422;39,779998779296875;39,790000915527344;7100
2026-10-02;13:47:00;-03:00;39,790000915527344;39,83000183105469;39,779998779296875;39,810001373291016;7900
2026-10-02;13:48:00;-03:00;39,79999923706055;39,81999969482422;39,790000915527344;39,81999969482422;11800
2026-10-02;13:49:00;-03:00;39,81999969482422;39,83000183105469;39,7599983215332;39,7599983215332;74000
2026-10-02;13:50:00;-03:00;39,7599983215332;39,77000045776367;39,720001220703125;39,72999954223633;19900
2026-10-02;13:51:00;-03:00;39,72999954223633;39,7400016784668;39,720001220703125;39,72999954223633;15500
2026-10-02;13:52:00;-03:00;39,720001220703125;39,7400016784668;39,720001220703125;39,72999954223633;2300
2026-10-02;13:53:00;-03:00;39,720001220703125;39,7400016784668;39,720001220703125;39,7400016784668;3100
2026-10-02;13:54:00;-03:00;39,75;39,7599983215332;39,7400016784668;39,7400016784668;1700
2026-10-02;13:55:00;-03:00;39,7599983215332;39,77000045776367;39,7400016784668;39,75;3700
2026-10-02;13:56:00;-03:00;39,7599983215332;39,810001373291016;39,7599983215332;39,79999923706055;4900
2026-10-02;13:57:00;-03:00;39,79999923706055;39,83000183105469;39,79999923706055;39,81999969482422;5500
2026-10-02;13:58:00;-03:00;39,83000183105469;39,83000183105469;39,810001373291016;39,810001373291016;5800
2026-10-02;13:59:00;-03:00;39,83000183105469;39,83000183105469;39,779998779296875;39,790000915527344;4500
2026-10-02;14:00:00;-03:00;39,790000915527344;39,79999923706055;39,779998779296875;39,779998779296875;7200
2026-10-02;14:01:00;-03:00;39,779998779296875;39,79999923706055;39,77000045776367;39,79999923706055;9400
2026-10-02;14:02:00;-03:00;39,790000915527344;39,849998474121094;39,779998779296875;39,81999969482422;15400
2026-10-02;14:03:00;-03:00;39,83000183105469;39,84000015258789;39,810001373291016;39,84000015258789;7200
2026-10-02;14:04:00;-03:00;39,83000183105469;39,880001068115234;39,83000183105469;39,880001068115234;15600
2026-10-02;14:05:00;-03:00;39,86000061035156;39,88999938964844;39,86000061035156;39,880001068115234;9100
2026-10-02;14:06:00;-03:00;39,88999938964844;39,91999816894531;39,88999938964844;39,90999984741211;20100
2026-10-02;14:07:00;-03:00;39,90999984741211;39,90999984741211;39,880001068115234;39,900001525878906;5200
2026-10-02;14:08:00;-03:00;39,90999984741211;39,93000030517578;39,900001525878906;39,900001525878906;21500
2026-10-02;14:09:00;-03:00;39,900001525878906;39,900001525878906;39,880001068115234;39,88999938964844;6900
2026-10-02;14:10:00;-03:00;39,88999938964844;39,93000030517578;39,88999938964844;39,90999984741211;9800
2026-10-02;14:11:00;-03:00;39,91999816894531;39,91999816894531;39,900001525878906;39,91999816894531;9600
2026-10-02;14:12:00;-03:00;39,91999816894531;39,9900016784668;39,91999816894531;39,970001220703125;25300
2026-10-02;14:13:00;-03:00;39,970001220703125;39,97999954223633;39,959999084472656;39,959999084472656;8700
2026-10-02;14:14:00;-03:00;39,970001220703125;40,0;39,959999084472656;39,9900016784668;22900
2026-10-02;14:15:00;-03:00;40,0;40,040000915527344;40,0;40,040000915527344;27500
2026-10-02;14:16:00;-03:00;40,02000045776367;40,08000183105469;40,02000045776367;40,060001373291016;27600
2026-10-02;14:17:00;-03:00;40,060001373291016;40,09000015258789;40,060001373291016;40,09000015258789;9900
2026-10-02;14:18:00;-03:00;40,09000015258789;40,099998474121094;40,040000915527344;40,060001373291016;11400
2026-10-02;14:19:00;-03:00;40,06999969482422;40,08000183105469;40,04999923706055;40,06999969482422;9600
2026-10-02;14:20:00;-03:00;40,06999969482422;40,08000183105469;40,04999923706055;40,06999969482422;6900
2026-10-02;14:21:00;-03:00;40,060001373291016;40,06999969482422;39,959999084472656;39,97999954223633;23200
2026-10-02;14:22:00;-03:00;39,97999954223633;39,97999954223633;39,939998626708984;39,95000076293945;19800
2026-10-02;14:23:00;-03:00;39,959999084472656;39,970001220703125;39,93000030517578;39,939998626708984;58700
2026-10-02;14:24:00;-03:00;39,93000030517578;39,939998626708984;39,93000030517578;39,939998626708984;10300
2026-10-02;14:25:00;-03:00;39,93000030517578;39,95000076293945;39,93000030517578;39,93000030517578;11000
2026-10-02;14:26:00;-03:00;39,939998626708984;39,970001220703125;39,93000030517578;39,95000076293945;13600
2026-10-02;14:27:00;-03:00;39,95000076293945;39,959999084472656;39,93000030517578;39,959999084472656;10100
2026-10-02;14:28:00;-03:00;39,939998626708984;39,959999084472656;39,939998626708984;39,959999084472656;5200
2026-10-02;14:29:00;-03:00;39,959999084472656;39,970001220703125;39,95000076293945;39,970001220703125;5200
2026-10-02;14:30:00;-03:00;39,970001220703125;40,0;39,93000030517578;39,93000030517578;31100
2026-10-02;14:31:00;-03:00;39,95000076293945;39,970001220703125;39,91999816894531;39,95000076293945;33700
2026-10-02;14:32:00;-03:00;39,959999084472656;39,97999954223633;39,95000076293945;39,97999954223633;45400
2026-10-02;14:33:00;-03:00;39,97999954223633;40,02000045776367;39,970001220703125;40,0099983215332;26900
2026-10-02;14:34:00;-03:00;40,0099983215332;40,02000045776367;40,0;40,02000045776367;7000
2026-10-02;14:35:00;-03:00;40,02000045776367;40,06999969482422;40,02000045776367;40,060001373291016;23100
2026-10-02;14:36:00;-03:00;40,06999969482422;40,099998474121094;40,060001373291016;40,099998474121094;20400
2026-10-02;14:37:00;-03:00;40,09000015258789;40,130001068115234;40,09000015258789;40,099998474121094;42300
2026-10-02;14:38:00;-03:00;40,09000015258789;40,099998474121094;40,060001373291016;40,060001373291016;11000
2026-10-02;14:39:00;-03:00;40,06999969482422;40,09000015258789;40,060001373291016;40,09000015258789;7200
2026-10-02;14:40:00;-03:00;40,09000015258789;40,099998474121094;40,08000183105469;40,09000015258789;8900
2026-10-02;14:41:00;-03:00;40,09000015258789;40,119998931884766;40,09000015258789;40,09000015258789;7700
2026-10-02;14:42:00;-03:00;40,09000015258789;40,16999816894531;40,06999969482422;40,150001525878906;23700
2026-10-02;14:43:00;-03:00;40,150001525878906;40,150001525878906;40,119998931884766;40,150001525878906;6300
2026-10-02;14:44:00;-03:00;40,150001525878906;40,150001525878906;40,119998931884766;40,150001525878906;5400
2026-10-02;14:45:00;-03:00;40,150001525878906;40,18000030517578;40,130001068115234;40,150001525878906;10400
2026-10-02;14:46:00;-03:00;40,13999938964844;40,150001525878906;40,130001068115234;40,13999938964844;4400
2026-10-02;14:47:00;-03:00;40,13999938964844;40,150001525878906;40,119998931884766;40,150001525878906;6700
2026-10-02;14:48:00;-03:00;40,150001525878906;40,189998626708984;40,13999938964844;40,18000030517578;17200
2026-10-02;14:49:00;-03:00;40,18000030517578;40,189998626708984;40,15999984741211;40,18000030517578;9100
2026-10-02;14:50:00;-03:00;40,16999816894531;40,18000030517578;40,119998931884766;40,15999984741211;11100
2026-10-02;14:51:00;-03:00;40,15999984741211;40,189998626708984;40,150001525878906;40,189998626708984;10500
2026-10-02;14:52:00;-03:00;40,18000030517578;40,2400016784668;40,18000030517578;40,220001220703125;16100
2026-10-02;14:53:00;-03:00;40,209999084472656;40,220001220703125;40,18000030517578;40,18000030517578;5700
2026-10-02;14:54:00;-03:00;40,18000030517578;40,209999084472656;40,18000030517578;40,209999084472656;5000
2026-10-02;14:55:00;-03:00;40,189998626708984;40,20000076293945;40,18000030517578;40,189998626708984;12300
2026-10-02;14:56:00;-03:00;40,18000030517578;40,189998626708984;40,16999816894531;40,18000030517578;4100
2026-10-02;14:57:00;-03:00;40,16999816894531;40,18000030517578;40,15999984741211;40,15999984741211;7100
2026-10-02;14:58:00;-03:00;40,16999816894531;40,20000076293945;40,150001525878906;40,20000076293945;13200
2026-10-02;14:59:00;-03:00;40,20000076293945;40,209999084472656;40,16999816894531;40,189998626708984;9700
2026-10-02;15:00:00;-03:00;40,189998626708984;40,2400016784668;40,18000030517578;40,189998626708984;31600
2026-10-02;15:01:00;-03:00;40,20000076293945;40,209999084472656;40,16999816894531;40,18000030517578;8200
2026-10-02;15:02:00;-03:00;40,15999984741211;40,16999816894531;40,130001068115234;40,150001525878906;6400
2026-10-02;15:03:00;-03:00;40,13999938964844;40,15999984741211;40,04999923706055;40,04999923706055;76900
2026-10-02;15:04:00;-03:00;40,040000915527344;40,04999923706055;40,02000045776367;40,029998779296875;10800
2026-10-02;15:05:00;-03:00;40,02000045776367;40,060001373291016;40,02000045776367;40,04999923706055;12300
2026-10-02;15:06:00;-03:00;40,040000915527344;40,130001068115234;40,040000915527344;40,119998931884766;53700
2026-10-02;15:07:00;-03:00;40,119998931884766;40,150001525878906;40,11000061035156;40,119998931884766;11700
2026-10-02;15:08:00;-03:00;40,11000061035156;40,130001068115234;40,09000015258789;40,09000015258789;7700
2026-10-02;15:09:00;-03:00;40,099998474121094;40,099998474121094;40,06999969482422;40,099998474121094;5300
2026-10-02;15:10:00;-03:00;40,099998474121094;40,130001068115234;40,09000015258789;40,119998931884766;6100
2026-10-02;15:11:00;-03:00;40,11000061035156;40,15999984741211;40,11000061035156;40,15999984741211;9000
2026-10-02;15:12:00;-03:00;40,15999984741211;40,15999984741211;40,150001525878906;40,150001525878906;13700
2026-10-02;15:13:00;-03:00;40,15999984741211;40,20000076293945;40,13999938964844;40,189998626708984;22300
2026-10-02;15:14:00;-03:00;40,189998626708984;40,209999084472656;40,18000030517578;40,209999084472656;15000
2026-10-02;15:15:00;-03:00;40,20000076293945;40,2400016784668;40,20000076293945;40,22999954223633;21700
2026-10-02;15:16:00;-03:00;40,22999954223633;40,22999954223633;40,20000076293945;40,209999084472656;8400
2026-10-02;15:17:00;-03:00;40,209999084472656;40,220001220703125;40,20000076293945;40,20000076293945;9300
2026-10-02;15:18:00;-03:00;40,18000030517578;40,209999084472656;40,15999984741211;40,18000030517578;7900
2026-10-02;15:19:00;-03:00;40,16999816894531;40,20000076293945;40,16999816894531;40,189998626708984;10900
2026-10-02;15:20:00;-03:00;40,16999816894531;40,189998626708984;40,130001068115234;40,130001068115234;10400
2026-10-02;15:21:00;-03:00;40,13999938964844;40,189998626708984;40,130001068115234;40,189998626708984;19100
2026-10-02;15:22:00;-03:00;40,189998626708984;40,22999954223633;40,189998626708984;40,22999954223633;24300
2026-10-02;15:23:00;-03:00;40,22999954223633;40,27000045776367;40,220001220703125;40,27000045776367;25300
2026-10-02;15:24:00;-03:00;40,27000045776367;40,310001373291016;40,25;40,310001373291016;44400
2026-10-02;15:25:00;-03:00;40,310001373291016;40,31999969482422;40,290000915527344;40,29999923706055;7200
2026-10-02;15:26:00;-03:00;40,29999923706055;40,33000183105469;40,290000915527344;40,310001373291016;8300
2026-10-02;15:27:00;-03:00;40,31999969482422;40,33000183105469;40,29999923706055;40,33000183105469;11600
2026-10-02;15:28:00;-03:00;40,34000015258789;40,36000061035156;40,34000015258789;40,349998474121094;14200
2026-10-02;15:29:00;-03:00;40,34000015258789;40,349998474121094;40,34000015258789;40,349998474121094;3100
2026-10-02;15:30:00;-03:00;40,34000015258789;40,369998931884766;40,33000183105469;40,369998931884766;32300
2026-10-02;15:31:00;-03:00;40,369998931884766;40,38999938964844;40,349998474121094;40,36000061035156;22900
2026-10-02;15:32:00;-03:00;40,349998474121094;40,36000061035156;40,34000015258789;40,34000015258789;15400
2026-10-02;15:33:00;-03:00;40,36000061035156;40,36000061035156;40,33000183105469;40,33000183105469;11100
2026-10-02;15:34:00;-03:00;40,33000183105469;40,36000061035156;40,33000183105469;40,36000061035156;4700
2026-10-02;15:35:00;-03:00;40,36000061035156;40,38999938964844;40,349998474121094;40,380001068115234;14100
2026-10-02;15:36:00;-03:00;40,38999938964844;40,400001525878906;40,369998931884766;40,400001525878906;20100
2026-10-02;15:37:00;-03:00;40,400001525878906;40,400001525878906;40,380001068115234;40,400001525878906;9700
2026-10-02;15:38:00;-03:00;40,380001068115234;40,41999816894531;40,380001068115234;40,40999984741211;16900
2026-10-02;15:39:00;-03:00;40,40999984741211;40,40999984741211;40,380001068115234;40,380001068115234;12800
2026-10-02;15:40:00;-03:00;40,380001068115234;40,380001068115234;40,33000183105469;40,349998474121094;9000
2026-10-02;15:41:00;-03:00;40,34000015258789;40,369998931884766;40,34000015258789;40,36000061035156;6800
2026-10-02;15:42:00;-03:00;40,36000061035156;40,380001068115234;40,36000061035156;40,369998931884766;11900
2026-10-02;15:43:00;-03:00;40,369998931884766;40,38999938964844;40,369998931884766;40,380001068115234;9600
2026-10-02;15:44:00;-03:00;40,380001068115234;40,38999938964844;40,36000061035156;40,36000061035156;12600
2026-10-02;15:45:00;-03:00;40,369998931884766;40,38999938964844;40,349998474121094;40,349998474121094;15700
2026-10-02;15:46:00;-03:00;40,36000061035156;40,40999984741211;40,349998474121094;40,40999984741211;12900
2026-10-02;15:47:00;-03:00;40,40999984741211;40,43000030517578;40,400001525878906;40,400001525878906;13300
2026-10-02;15:48:00;-03:00;40,40999984741211;40,41999816894531;40,400001525878906;40,40999984741211;10800
2026-10-02;15:49:00;-03:00;40,400001525878906;40,43000030517578;40,400001525878906;40,43000030517578;9300
2026-10-02;15:50:00;-03:00;40,43000030517578;40,43000030517578;40,400001525878906;40,40999984741211;11200
2026-10-02;15:51:00;-03:00;40,40999984741211;40,41999816894531;40,38999938964844;40,38999938964844;10800
2026-10-02;15:52:00;-03:00;40,400001525878906;40,40999984741211;40,38999938964844;40,40999984741211;10300
2026-10-02;15:53:00;-03:00;40,40999984741211;40,45000076293945;40,400001525878906;40,45000076293945;26000
2026-10-02;15:54:00;-03:00;40,45000076293945;40,45000076293945;40,40999984741211;40,43000030517578;13400
2026-10-02;15:55:00;-03:00;40,43000030517578;40,43000030517578;40,40999984741211;40,43000030517578;13700
2026-10-02;15:56:00;-03:00;40,43000030517578;40,43000030517578;40,40999984741211;40,41999816894531;11400
2026-10-02;15:57:00;-03:00;40,40999984741211;40,439998626708984;40,40999984741211;40,439998626708984;9800
2026-10-02;15:58:00;-03:00;40,439998626708984;40,459999084472656;40,43000030517578;40,45000076293945;38800
2026-10-02;15:59:00;-03:00;40,43000030517578;40,47999954223633;40,43000030517578;40,459999084472656;22700
2026-10-02;16:00:00;-03:00;40,47999954223633;40,47999954223633;40,45000076293945;40,459999084472656;14500
2026-10-02;16:01:00;-03:00;40,459999084472656;40,470001220703125;40,45000076293945;40,459999084472656;8400
2026-10-02;16:02:00;-03:00;40,459999084472656;40,529998779296875;40,45000076293945;40,5;60800
2026-10-02;16:03:00;-03:00;40,4900016784668;40,529998779296875;40,47999954223633;40,52000045776367;16000
2026-10-02;16:04:00;-03:00;40,529998779296875;40,540000915527344;40,5099983215332;40,52000045776367;18800
2026-10-02;16:05:00;-03:00;40,540000915527344;40,54999923706055;40,52000045776367;40,52000045776367;14600
2026-10-02;16:06:00;-03:00;40,52000045776367;40,540000915527344;40,52000045776367;40,529998779296875;7900
2026-10-02;16:07:00;-03:00;40,52000045776367;40,540000915527344;40,52000045776367;40,540000915527344;7400
2026-10-02;16:08:00;-03:00;40,52000045776367;40,54999923706055;40,52000045776367;40,54999923706055;9200
2026-10-02;16:09:00;-03:00;40,54999923706055;40,58000183105469;40,54999923706055;40,56999969482422;29700
2026-10-02;16:10:00;-03:00;40,56999969482422;40,619998931884766;40,560001373291016;40,619998931884766;21700
2026-10-02;16:11:00;-03:00;40,61000061035156;40,63999938964844;40,61000061035156;40,619998931884766;23100
2026-10-02;16:12:00;-03:00;40,630001068115234;40,650001525878906;40,619998931884766;40,63999938964844;11700
2026-10-02;16:13:00;-03:00;40,650001525878906;40,68000030517578;40,650001525878906;40,650001525878906;35900
2026-10-02;16:14:00;-03:00;40,66999816894531;40,66999816894531;40,65999984741211;40,66999816894531;15400
2026-10-02;16:15:00;-03:00;40,66999816894531;40,66999816894531;40,59000015258789;40,630001068115234;25200
2026-10-02;16:16:00;-03:00;40,630001068115234;40,65999984741211;40,619998931884766;40,650001525878906;32300
2026-10-02;16:17:00;-03:00;40,650001525878906;40,65999984741211;40,630001068115234;40,650001525878906;42500
2026-10-02;16:18:00;-03:00;40,65999984741211;40,66999816894531;40,630001068115234;40,65999984741211;52800
2026-10-02;16:19:00;-03:00;40,65999984741211;40,689998626708984;40,65999984741211;40,68000030517578;28000
2026-10-02;16:20:00;-03:00;40,68000030517578;40,70000076293945;40,66999816894531;40,68000030517578;38700
2026-10-02;16:21:00;-03:00;40,689998626708984;40,72999954223633;40,68000030517578;40,70000076293945;18300
2026-10-02;16:22:00;-03:00;40,709999084472656;40,790000915527344;40,709999084472656;40,790000915527344;23300
2026-10-02;16:23:00;-03:00;40,790000915527344;40,790000915527344;40,77000045776367;40,790000915527344;20100
2026-10-02;16:24:00;-03:00;40,779998779296875;40,779998779296875;40,7400016784668;40,75;43100
2026-10-02;16:25:00;-03:00;40,7599983215332;40,790000915527344;40,72999954223633;40,7400016784668;39400
2026-10-02;16:26:00;-03:00;40,7400016784668;40,7599983215332;40,68000030517578;40,689998626708984;55500
2026-10-02;16:27:00;-03:00;40,689998626708984;40,70000076293945;40,68000030517578;40,689998626708984;28000
2026-10-02;16:28:00;-03:00;40,68000030517578;40,689998626708984;40,63999938964844;40,689998626708984;25600
2026-10-02;16:29:00;-03:00;40,68000030517578;40,709999084472656;40,65999984741211;40,68000030517578;35200
2026-10-02;16:30:00;-03:00;40,70000076293945;40,709999084472656;40,66999816894531;40,68000030517578;40500
2026-10-02;16:31:00;-03:00;40,68000030517578;40,68000030517578;40,599998474121094;40,66999816894531;71300
2026-10-02;16:32:00;-03:00;40,65999984741211;40,66999816894531;40,619998931884766;40,630001068115234;37100
2026-10-02;16:33:00;-03:00;40,630001068115234;40,63999938964844;40,58000183105469;40,59000015258789;34000
2026-10-02;16:34:00;-03:00;40,59000015258789;40,619998931884766;40,58000183105469;40,58000183105469;60100
2026-10-02;16:35:00;-03:00;40,58000183105469;40,58000183105469;40,4900016784668;40,529998779296875;130900
2026-10-02;16:36:00;-03:00;40,540000915527344;40,58000183105469;40,5099983215332;40,54999923706055;55000
2026-10-02;16:37:00;-03:00;40,54999923706055;40,54999923706055;40,47999954223633;40,4900016784668;75700
2026-10-02;16:38:00;-03:00;40,47999954223633;40,5;40,470001220703125;40,4900016784668;26100
2026-10-02;16:39:00;-03:00;40,5;40,5099983215332;40,47999954223633;40,47999954223633;23600
2026-10-02;16:40:00;-03:00;40,4900016784668;40,529998779296875;40,47999954223633;40,52000045776367;38700
2026-10-02;16:41:00;-03:00;40,529998779296875;40,54999923706055;40,5;40,5099983215332;162600
2026-10-02;16:42:00;-03:00;40,5099983215332;40,5099983215332;40,5;40,5099983215332;24800
2026-10-02;16:43:00;-03:00;40,5099983215332;40,529998779296875;40,5;40,5099983215332;24200
2026-10-02;16:44:00;-03:00;40,52000045776367;40,529998779296875;40,5099983215332;40,5099983215332;20400
2026-10-02;16:45:00;-03:00;40,52000045776367;40,540000915527344;40,5;40,540000915527344;54800
2026-10-02;16:46:00;-03:00;40,540000915527344;40,54999923706055;40,529998779296875;40,540000915527344;15800
2026-10-02;16:47:00;-03:00;40,540000915527344;40,560001373291016;40,529998779296875;40,54999923706055;38700
2026-10-02;16:48:00;-03:00;40,540000915527344;40,56999969482422;40,529998779296875;40,54999923706055;29900
2026-10-02;16:49:00;-03:00;40,54999923706055;40,560001373291016;40,470001220703125;40,5;148600
2026-10-02;16:50:00;-03:00;40,5099983215332;40,540000915527344;40,439998626708984;40,45000076293945;264200
2026-10-02;16:51:00;-03:00;40,470001220703125;40,5;40,40999984741211;40,5;134100
2026-10-02;16:52:00;-03:00;40,5;40,5;40,4900016784668;40,4900016784668;25600
2026-10-02;16:53:00;-03:00;40,4900016784668;40,52000045776367;40,47999954223633;40,52000045776367;49700
2026-10-02;16:54:00;-03:00;40,52000045776367;40,540000915527344;40,47999954223633;40,4900016784668;44600
