Data;Hora;Fuso;Open;High;Low;Close;Volume
2026-10-01;10:01:00;-03:00;39,310001373291016;39,400001525878906;39,20000076293945;39,380001068115234;0
2026-10-01;10:02:00;-03:00;39,380001068115234;39,38999938964844;39,34000015258789;39,36000061035156;9200
2026-10-01;10:03:00;-03:00;39,349998474121094;39,36000061035156;39,279998779296875;39,36000061035156;5300
2026-10-01;10:04:00;-03:00;39,36000061035156;39,36000061035156;39,290000915527344;39,290000915527344;2400
2026-10-01;10:05:00;-03:00;39,2599983215332;39,27000045776367;39,22999954223633;39,25;1500
2026-10-01;10:06:00;-03:00;39,25;39,27000045776367;39,25;39,27000045776367;800
2026-10-01;10:07:00;-03:00;39,2599983215332;39,2599983215332;39,2400016784668;39,2400016784668;1600
2026-10-01;10:08:00;-03:00;39,279998779296875;39,38999938964844;39,2599983215332;39,34000015258789;15300
2026-10-01;10:09:00;-03:00;39,34000015258789;39,380001068115234;39,31999969482422;39,380001068115234;10600
2026-10-01;10:10:00;-03:00;39,380001068115234;39,38999938964844;39,34000015258789;39,34000015258789;8500
2026-10-01;10:11:00;-03:00;39,36000061035156;39,40999984741211;39,290000915527344;39,31999969482422;24900
2026-10-01;10:12:00;-03:00;39,310001373291016;39,31999969482422;39,29999923706055;39,310001373291016;1200
2026-10-01;10:13:00;-03:00;39,31999969482422;39,369998931884766;39,279998779296875;39,279998779296875;6600
2026-10-01;10:14:00;-03:00;39,27000045776367;39,279998779296875;39,27000045776367;39,279998779296875;3000
2026-10-01;10:15:00;-03:00;39,290000915527344;39,290000915527344;39,2599983215332;39,279998779296875;1400
2026-10-01;10:16:00;-03:00;39,279998779296875;39,279998779296875;39,2400016784668;39,2400016784668;2200
2026-10-01;10:17:00;-03:00;39,2400016784668;39,2599983215332;39,220001220703125;39,2599983215332;1700
2026-10-01;10:18:00;-03:00;39,2599983215332;39,290000915527344;39,25;39,290000915527344;6300
2026-10-01;10:19:00;-03:00;39,290000915527344;39,31999969482422;39,279998779296875;39,290000915527344;4100
2026-10-01;10:20:00;-03:00;39,290000915527344;39,29999923706055;39,290000915527344;39,29999923706055;1600
2026-10-01;10:21:00;-03:00;39,310001373291016;39,36000061035156;39,310001373291016;39,33000183105469;1700
2026-10-01;10:22:00;-03:00;39,31999969482422;39,34000015258789;39,310001373291016;39,31999969482422;3200
2026-10-01;10:23:00;-03:00;39,31999969482422;39,31999969482422;39,2599983215332;39,27000045776367;20000
2026-10-01;10:24:00;-03:00;39,279998779296875;39,29999923706055;39,279998779296875;39,29999923706055;1700
2026-10-01;10:25:00;-03:00;39,290000915527344;39,290000915527344;39,27000045776367;39,279998779296875;3400
2026-10-01;10:26:00;-03:00;39,27000045776367;39,290000915527344;39,22999954223633;39,2599983215332;4400
2026-10-01;10:27:00;-03:00;39,2599983215332;39,2599983215332;39,22999954223633;39,2599983215332;1700
2026-10-01;10:28:00;-03:00;39,2599983215332;39,2599983215332;39,209999084472656;39,2400016784668;2000
2026-10-01;10:29:00;-03:00;39,2400016784668;39,2400016784668;39,22999954223633;39,2400016784668;1400
2026-10-01;10:30:00;-03:00;39,22999954223633;39,31999969482422;39,220001220703125;39,31999969482422;12300
2026-10-01;10:31:00;-03:00;39,310001373291016;39,31999969482422;39,25;39,25;2800
2026-10-01;10:32:00;-03:00;39,25;39,38999938964844;39,2400016784668;39,38999938964844;18500
2026-10-01;10:33:00;-03:00;39,400001525878906;39,43000030517578;39,380001068115234;39,380001068115234;34800
2026-10-01;10:34:00;-03:00;39,36000061035156;39,36000061035156;39,290000915527344;39,290000915527344;4700
2026-10-01;10:35:00;-03:00;39,279998779296875;39,279998779296875;39,22999954223633;39,27000045776367;2700
2026-10-01;10:36:00;-03:00;39,2599983215332;39,290000915527344;39,25;39,279998779296875;3900
2026-10-01;10:37:00;-03:00;39,279998779296875;39,279998779296875;39,209999084472656;39,22999954223633;6300
2026-10-01;10:38:00;-03:00;39,20000076293945;39,20000076293945;39,16999816894531;39,16999816894531;5700
2026-10-01;10:39:00;-03:00;39,16999816894531;39,18000030517578;39,16999816894531;39,18000030517578;5100
2026-10-01;10:40:00;-03:00;39,18000030517578;39,29999923706055;39,18000030517578;39,2599983215332;100400
2026-10-01;10:41:00;-03:00;39,27000045776367;39,27000045776367;39,22999954223633;39,25;3900
2026-10-01;10:42:00;-03:00;39,25;39,290000915527344;39,220001220703125;39,279998779296875;10400
2026-10-01;10:43:00;-03:00;39,27000045776367;39,310001373291016;39,27000045776367;39,310001373291016;3700
2026-10-01;10:44:00;-03:00;39,31999969482422;39,34000015258789;39,310001373291016;39,34000015258789;7100
2026-10-01;10:45:00;-03:00;39,34000015258789;39,41999816894531;39,34000015258789;39,40999984741211;18900
2026-10-01;10:46:00;-03:00;39,40999984741211;39,40999984741211;39,369998931884766;39,369998931884766;13700
2026-10-01;10:47:00;-03:00;39,36000061035156;39,380001068115234;39,290000915527344;39,29999923706055;15800
2026-10-01;10:48:00;-03:00;39,29999923706055;39,33000183105469;39,29999923706055;39,310001373291016;13400
2026-10-01;10:49:00;-03:00;39,31999969482422;39,31999969482422;39,279998779296875;39,31999969482422;13200
2026-10-01;10:50:00;-03:00;39,310001373291016;39,349998474121094;39,29999923706055;39,33000183105469;9400
2026-10-01;10:51:00;-03:00;39,34000015258789;39,400001525878906;39,34000015258789;39,369998931884766;17900
2026-10-01;10:52:00;-03:00;39,369998931884766;39,41999816894531;39,369998931884766;39,41999816894531;4400
2026-10-01;10:53:00;-03:00;39,41999816894531;39,470001220703125;39,400001525878906;39,41999816894531;38700
2026-10-01;10:54:00;-03:00;39,40999984741211;39,41999816894531;39,380001068115234;39,400001525878906;18100
2026-10-01;10:55:00;-03:00;39,38999938964844;39,400001525878906;39,36000061035156;39,36000061035156;9200
2026-10-01;10:56:00;-03:00;39,36000061035156;39,36000061035156;39,31999969482422;39,33000183105469;6000
2026-10-01;10:57:00;-03:00;39,33000183105469;39,36000061035156;39,31999969482422;39,36000061035156;8600
2026-10-01;10:58:00;-03:00;39,36000061035156;39,41999816894531;39,349998474121094;39,38999938964844;22800
2026-10-01;10:59:00;-03:00;39,369998931884766;39,369998931884766;39,36000061035156;39,36000061035156;7100
2026-10-01;11:00:00;-03:00;39,36000061035156;39,36000061035156;39,31999969482422;39,349998474121094;9200
2026-10-01;11:01:00;-03:00;39,349998474121094;39,349998474121094;39,2400016784668;39,25;20100
2026-10-01;11:02:00;-03:00;39,2599983215332;39,279998779296875;39,2400016784668;39,2599983215332;3500
2026-10-01;11:03:00;-03:00;39,2599983215332;39,34000015258789;39,2599983215332;39,34000015258789;10000
2026-10-01;11:04:00;-03:00;39,34000015258789;39,34000015258789;39,31999969482422;39,34000015258789;5200
2026-10-01;11:05:00;-03:00;39,33000183105469;39,33000183105469;39,31999969482422;39,31999969482422;2500
2026-10-01;11:06:00;-03:00;39,31999969482422;39,36000061035156;39,31999969482422;39,36000061035156;7500
2026-10-01;11:07:00;-03:00;39,369998931884766;39,380001068115234;39,279998779296875;39,31999969482422;31800
2026-10-01;11:08:00;-03:00;39,31999969482422;39,380001068115234;39,31999969482422;39,349998474121094;9300
2026-10-01;11:09:00;-03:00;39,349998474121094;39,369998931884766;39,34000015258789;39,349998474121094;5700
2026-10-01;11:10:00;-03:00;39,34000015258789;39,34000015258789;39,279998779296875;39,29999923706055;9200
2026-10-01;11:11:00;-03:00;39,310001373291016;39,310001373291016;39,220001220703125;39,22999954223633;3200
2026-10-01;11:12:00;-03:00;39,22999954223633;39,2599983215332;39,209999084472656;39,2599983215332;23900
2026-10-01;11:13:00;-03:00;39,27000045776367;39,279998779296875;39,25;39,2599983215332;7700
2026-10-01;11:14:00;-03:00;39,27000045776367;39,290000915527344;39,27000045776367;39,27000045776367;5600
2026-10-01;11:15:00;-03:00;39,290000915527344;39,310001373291016;39,279998779296875;39,279998779296875;6800
2026-10-01;11:16:00;-03:00;39,290000915527344;39,290000915527344;39,25;39,25;3500
2026-10-01;11:17:00;-03:00;39,2400016784668;39,27000045776367;39,2400016784668;39,27000045776367;4800
2026-10-01;11:18:00;-03:00;39,2599983215332;39,27000045776367;39,220001220703125;39,27000045776367;6900
2026-10-01;11:19:00;-03:00;39,2599983215332;39,2599983215332;39,22999954223633;39,22999954223633;5700
2026-10-01;11:20:00;-03:00;39,22999954223633;39,25;39,220001220703125;39,25;3600
2026-10-01;11:21:00;-03:00;39,25;39,290000915527344;39,209999084472656;39,220001220703125;20700
2026-10-01;11:22:00;-03:00;39,209999084472656;39,2400016784668;39,209999084472656;39,2400016784668;6500
2026-10-01;11:23:00;-03:00;39,22999954223633;39,2400016784668;39,22999954223633;39,22999954223633;4700
2026-10-01;11:24:00;-03:00;39,22999954223633;39,2599983215332;39,209999084472656;39,2599983215332;7300
2026-10-01;11:25:00;-03:00;39,2599983215332;39,27000045776367;39,2400016784668;39,2400016784668;7500
2026-10-01;11:26:00;-03:00;39,22999954223633;39,22999954223633;39,220001220703125;39,220001220703125;4100
2026-10-01;11:27:00;-03:00;39,220001220703125;39,2400016784668;39,189998626708984;39,20000076293945;10600
2026-10-01;11:28:00;-03:00;39,18000030517578;39,18000030517578;39,150001525878906;39,18000030517578;5200
2026-10-01;11:29:00;-03:00;39,16999816894531;39,20000076293945;39,16999816894531;39,189998626708984;4200
2026-10-01;11:30:00;-03:00;39,209999084472656;39,2400016784668;39,20000076293945;39,20000076293945;7000
2026-10-01;11:31:00;-03:00;39,20000076293945;39,20000076293945;39,11000061035156;39,11000061035156;7200
2026-10-01;11:32:00;-03:00;39,099998474121094;39,130001068115234;39,099998474121094;39,099998474121094;5800
2026-10-01;11:33:00;-03:00;39,09000015258789;39,099998474121094;39,060001373291016;39,060001373291016;5300
2026-10-01;11:34:00;-03:00;39,060001373291016;39,060001373291016;39,029998779296875;39,060001373291016;7000
2026-10-01;11:35:00;-03:00;39,060001373291016;39,060001373291016;39,04999923706055;39,04999923706055;1600
2026-10-01;11:36:00;-03:00;39,04999923706055;39,060001373291016;39,040000915527344;39,060001373291016;5400
2026-10-01;11:37:00;-03:00;39,04999923706055;39,04999923706055;39,040000915527344;39,04999923706055;2600
2026-10-01;11:38:00;-03:00;39,04999923706055;39,04999923706055;39,0099983215332;39,029998779296875;5800
2026-10-01;11:39:00;-03:00;39,029998779296875;39,029998779296875;39,02000045776367;39,029998779296875;11400
2026-10-01;11:40:00;-03:00;39,029998779296875;39,060001373291016;39,02000045776367;39,060001373291016;12100
2026-10-01;11:41:00;-03:00;39,060001373291016;39,08000183105469;39,060001373291016;39,06999969482422;22700
2026-10-01;11:42:00;-03:00;39,06999969482422;39,08000183105469;39,06999969482422;39,08000183105469;2800
2026-10-01;11:43:00;-03:00;39,06999969482422;39,08000183105469;39,06999969482422;39,06999969482422;2600
2026-10-01;11:44:00;-03:00;39,09000015258789;39,15999984741211;39,06999969482422;39,130001068115234;92500
2026-10-01;11:45:00;-03:00;39,130001068115234;39,150001525878906;39,119998931884766;39,13999938964844;10400
2026-10-01;11:46:00;-03:00;39,150001525878906;39,15999984741211;39,119998931884766;39,119998931884766;8200
2026-10-01;11:47:00;-03:00;39,119998931884766;39,130001068115234;39,09000015258789;39,09000015258789;9700
2026-10-01;11:48:00;-03:00;39,09000015258789;39,09000015258789;39,06999969482422;39,09000015258789;5800
2026-10-01;11:49:00;-03:00;39,09000015258789;39,130001068115234;39,06999969482422;39,09000015258789;23700
2026-10-01;11:50:00;-03:00;39,08000183105469;39,08000183105469;38,900001525878906;38,90999984741211;142900
2026-10-01;11:51:00;-03:00;38,90999984741211;38,95000076293945;38,90999984741211;38,939998626708984;18100
2026-10-01;11:52:00;-03:00;38,939998626708984;38,959999084472656;38,91999816894531;38,95000076293945;12400
2026-10-01;11:53:00;-03:00;38,95000076293945;38,959999084472656;38,93000030517578;38,95000076293945;10900
2026-10-01;11:54:00;-03:00;38,95000076293945;38,95000076293945;38,91999816894531;38,939998626708984;11100
2026-10-01;11:55:00;-03:00;38,95000076293945;38,97999954223633;38,900001525878906;38,97999954223633;48000
2026-10-01;11:56:00;-03:00;38,970001220703125;39,0099983215332;38,959999084472656;39,0;12400
2026-10-01;11:57:00;-03:00;39,0;39,029998779296875;39,0;39,029998779296875;30000
2026-10-01;11:58:00;-03:00;39,02000045776367;39,09000015258789;39,02000045776367;39,04999923706055;99000
2026-10-01;11:59:00;-03:00;39,04999923706055;39,08000183105469;39,04999923706055;39,08000183105469;8300
2026-10-01;12:00:00;-03:00;39,06999969482422;39,13999938964844;39,060001373291016;39,060001373291016;36000
2026-10-01;12:01:00;-03:00;39,060001373291016;39,08000183105469;39,040000915527344;39,060001373291016;19600
2026-10-01;12:02:00;-03:00;39,06999969482422;39,08000183105469;39,060001373291016;39,060001373291016;6200
2026-10-01;12:03:00;-03:00;39,060001373291016;39,06999969482422;39,02000045776367;39,060001373291016;8700
2026-10-01;12:04:00;-03:00;39,06999969482422;39,099998474121094;39,06999969482422;39,09000015258789;5200
2026-10-01;12:05:00;-03:00;39,09000015258789;39,11000061035156;39,08000183105469;39,099998474121094;4400
2026-10-01;12:06:00;-03:00;39,099998474121094;39,099998474121094;39,06999969482422;39,06999969482422;6900
2026-10-01;12:07:00;-03:00;39,09000015258789;39,099998474121094;39,09000015258789;39,099998474121094;7700
2026-10-01;12:08:00;-03:00;39,099998474121094;39,099998474121094;39,029998779296875;39,029998779296875;28400
2026-10-01;12:09:00;-03:00;39,029998779296875;39,029998779296875;39,0;39,0;4800
2026-10-01;12:10:00;-03:00;39,02000045776367;39,02000045776367;39,0;39,0099983215332;9200
2026-10-01;12:11:00;-03:00;39,02000045776367;39,029998779296875;39,0;39,0099983215332;8500
2026-10-01;12:12:00;-03:00;39,0;39,02000045776367;39,0;39,0;3000
2026-10-01;12:13:00;-03:00;39,0099983215332;39,02000045776367;38,97999954223633;39,0;9600
2026-10-01;12:14:00;-03:00;38,9900016784668;39,0099983215332;38,9900016784668;39,0;9700
2026-10-01;12:15:00;-03:00;38,9900016784668;39,02000045776367;38,9900016784668;39,0099983215332;5600
2026-10-01;12:16:00;-03:00;39,02000045776367;39,029998779296875;39,0099983215332;39,02000045776367;6800
2026-10-01;12:17:00;-03:00;39,029998779296875;39,04999923706055;39,02000045776367;39,04999923706055;5500
2026-10-01;12:18:00;-03:00;39,04999923706055;39,060001373291016;39,029998779296875;39,029998779296875;5300
2026-10-01;12:19:00;-03:00;39,029998779296875;39,060001373291016;39,02000045776367;39,040000915527344;7100
2026-10-01;12:20:00;-03:00;39,04999923706055;39,04999923706055;39,02000045776367;39,02000045776367;3700
2026-10-01;12:21:00;-03:00;39,02000045776367;39,06999969482422;39,0099983215332;39,06999969482422;9300
2026-10-01;12:22:00;-03:00;39,06999969482422;39,06999969482422;39,04999923706055;39,04999923706055;7000
2026-10-01;12:23:00;-03:00;39,06999969482422;39,119998931884766;39,06999969482422;39,119998931884766;7500
2026-10-01;12:24:00;-03:00;39,11000061035156;39,13999938964844;39,099998474121094;39,11000061035156;32000
2026-10-01;12:25:00;-03:00;39,119998931884766;39,130001068115234;39,11000061035156;39,130001068115234;3300
2026-10-01;12:26:00;-03:00;39,119998931884766;39,15999984741211;39,119998931884766;39,150001525878906;11800
2026-10-01;12:27:00;-03:00;39,15999984741211;39,15999984741211;39,150001525878906;39,150001525878906;4100
2026-10-01;12:28:00;-03:00;39,150001525878906;39,15999984741211;39,150001525878906;39,15999984741211;1100
2026-10-01;12:29:00;-03:00;39,15999984741211;39,18000030517578;39,13999938964844;39,13999938964844;13100
2026-10-01;12:30:00;-03:00;39,130001068115234;39,130001068115234;39,099998474121094;39,099998474121094;8000
2026-10-01;12:31:00;-03:00;39,11000061035156;39,130001068115234;39,11000061035156;39,11000061035156;12500
2026-10-01;12:32:00;-03:00;39,119998931884766;39,150001525878906;39,11000061035156;39,119998931884766;9700
2026-10-01;12:33:00;-03:00;39,130001068115234;39,15999984741211;39,099998474121094;39,099998474121094;8000
2026-10-01;12:34:00;-03:00;39,099998474121094;39,11000061035156;39,06999969482422;39,08000183105469;12900
2026-10-01;12:35:00;-03:00;39,09000015258789;39,119998931884766;39,08000183105469;39,119998931884766;11500
2026-10-01;12:36:00;-03:00;39,119998931884766;39,13999938964844;39,119998931884766;39,13999938964844;4600
2026-10-01;12:37:00;-03:00;39,13999938964844;39,150001525878906;39,130001068115234;39,13999938964844;8000
2026-10-01;12:38:00;-03:00;39,150001525878906;39,18000030517578;39,150001525878906;39,16999816894531;8500
2026-10-01;12:39:00;-03:00;39,16999816894531;39,16999816894531;39,130001068115234;39,150001525878906;11100
2026-10-01;12:40:00;-03:00;39,150001525878906;39,150001525878906;39,13999938964844;39,150001525878906;22500
2026-10-01;12:41:00;-03:00;39,13999938964844;39,13999938964844;39,11000061035156;39,119998931884766;5400
2026-10-01;12:42:00;-03:00;39,130001068115234;39,150001525878906;39,130001068115234;39,150001525878906;5900
2026-10-01;12:43:00;-03:00;39,150001525878906;39,150001525878906;39,06999969482422;39,06999969482422;7600
2026-10-01;12:44:00;-03:00;39,06999969482422;39,06999969482422;39,060001373291016;39,06999969482422;2700
2026-10-01;12:45:00;-03:00;39,06999969482422;39,08000183105469;39,06999969482422;39,06999969482422;5300
2026-10-01;12:46:00;-03:00;39,06999969482422;39,08000183105469;39,06999969482422;39,08000183105469;4000
2026-10-01;12:47:00;-03:00;39,06999969482422;39,099998474121094;39,060001373291016;39,060001373291016;7400
2026-10-01;12:48:00;-03:00;39,04999923706055;39,06999969482422;39,02000045776367;39,040000915527344;6500
2026-10-01;12:49:00;-03:00;39,029998779296875;39,029998779296875;39,0099983215332;39,02000045776367;4200
2026-10-01;12:50:00;-03:00;39,02000045776367;39,029998779296875;38,9900016784668;38,9900016784668;8400
2026-10-01;12:51:00;-03:00;38,9900016784668;39,0099983215332;38,9900016784668;39,0099983215332;2300
2026-10-01;12:52:00;-03:00;39,0099983215332;39,029998779296875;39,0099983215332;39,029998779296875;3000
2026-10-01;12:53:00;-03:00;39,02000045776367;39,029998779296875;39,0099983215332;39,02000045776367;3100
2026-10-01;12:54:00;-03:00;39,02000045776367;39,029998779296875;39,02000045776367;39,029998779296875;3300
2026-10-01;12:55:00;-03:00;39,02000045776367;39,04999923706055;39,02000045776367;39,04999923706055;16700
2026-10-01;12:56:00;-03:00;39,04999923706055;39,060001373291016;39,040000915527344;39,060001373291016;11600
2026-10-01;12:57:00;-03:00;39,040000915527344;39,060001373291016;39,040000915527344;39,04999923706055;800
2026-10-01;12:58:00;-03:00;39,060001373291016;39,060001373291016;39,04999923706055;39,060001373291016;900
2026-10-01;12:59:00;-03:00;39,060001373291016;39,06999969482422;39,060001373291016;39,060001373291016;2500
2026-10-01;13:00:00;-03:00;39,06999969482422;39,09000015258789;39,06999969482422;39,09000015258789;4100
2026-10-01;13:01:00;-03:00;39,09000015258789;39,099998474121094;39,08000183105469;39,099998474121094;4000
2026-10-01;13:02:00;-03:00;39,11000061035156;39,119998931884766;39,11000061035156;39,119998931884766;1400
2026-10-01;13:03:00;-03:00;39,119998931884766;39,119998931884766;39,09000015258789;39,099998474121094;9900
2026-10-01;13:04:00;-03:00;39,11000061035156;39,119998931884766;39,11000061035156;39,11000061035156;1700
2026-10-01;13:05:00;-03:00;39,11000061035156;39,119998931884766;39,099998474121094;39,119998931884766;4100
2026-10-01;13:06:00;-03:00;39,130001068115234;39,13999938964844;39,130001068115234;39,13999938964844;6900
2026-10-01;13:07:00;-03:00;39,130001068115234;39,13999938964844;39,119998931884766;39,130001068115234;5000
2026-10-01;13:08:00;-03:00;39,130001068115234;39,13999938964844;39,119998931884766;39,119998931884766;2200
2026-10-01;13:09:00;-03:00;39,13999938964844;39,13999938964844;39,130001068115234;39,13999938964844;5000
2026-10-01;13:10:00;-03:00;39,13999938964844;39,150001525878906;39,13999938964844;39,13999938964844;800
2026-10-01;13:11:00;-03:00;39,13999938964844;39,16999816894531;39,13999938964844;39,16999816894531;7200
2026-10-01;13:12:00;-03:00;39,18000030517578;39,189998626708984;39,16999816894531;39,18000030517578;2700
2026-10-01;13:13:00;-03:00;39,189998626708984;39,20000076293945;39,18000030517578;39,18000030517578;4700
2026-10-01;13:14:00;-03:00;39,20000076293945;39,20000076293945;39,18000030517578;39,20000076293945;1700
2026-10-01;13:15:00;-03:00;39,20000076293945;39,220001220703125;39,20000076293945;39,220001220703125;4100
2026-10-01;13:16:00;-03:00;39,220001220703125;39,2400016784668;39,220001220703125;39,2400016784668;18200
2026-10-01;13:17:00;-03:00;39,2400016784668;39,2400016784668;39,209999084472656;39,209999084472656;6500
2026-10-01;13:18:00;-03:00;39,220001220703125;39,22999954223633;39,209999084472656;39,22999954223633;3500
2026-10-01;13:19:00;-03:00;39,209999084472656;39,220001220703125;39,189998626708984;39,20000076293945;2700
2026-10-01;13:20:00;-03:00;39,189998626708984;39,22999954223633;39,189998626708984;39,22999954223633;7700
2026-10-01;13:21:00;-03:00;39,2400016784668;39,2599983215332;39,22999954223633;39,22999954223633;7900
2026-10-01;13:22:00;-03:00;39,25;39,27000045776367;39,25;39,27000045776367;5100
2026-10-01;13:23:00;-03:00;39,2599983215332;39,27000045776367;39,2599983215332;39,27000045776367;5000
2026-10-01;13:24:00;-03:00;39,279998779296875;39,29999923706055;39,279998779296875;39,29999923706055;6900
2026-10-01;13:25:00;-03:00;39,29999923706055;39,310001373291016;39,29999923706055;39,310001373291016;3600
2026-10-01;13:26:00;-03:00;39,29999923706055;39,310001373291016;39,29999923706055;39,310001373291016;6200
2026-10-01;13:27:00;-03:00;39,29999923706055;39,310001373291016;39,290000915527344;39,310001373291016;7400
2026-10-01;13:28:00;-03:00;39,310001373291016;39,310001373291016;39,29999923706055;39,310001373291016;4700
2026-10-01;13:29:00;-03:00;39,310001373291016;39,34000015258789;39,310001373291016;39,31999969482422;17600
2026-10-01;13:30:00;-03:00;39,310001373291016;39,33000183105469;39,29999923706055;39,31999969482422;8500
2026-10-01;13:31:00;-03:00;39,33000183105469;39,33000183105469;39,33000183105469;39,33000183105469;24900
2026-10-01;13:32:00;-03:00;39,31999969482422;39,31999969482422;39,310001373291016;39,31999969482422;8100
2026-10-01;13:33:00;-03:00;39,31999969482422;39,349998474121094;39,31999969482422;39,349998474121094;16900
2026-10-01;13:34:00;-03:00;39,349998474121094;39,36000061035156;39,34000015258789;39,34000015258789;8500
2026-10-01;13:35:00;-03:00;39,34000015258789;39,34000015258789;39,33000183105469;39,33000183105469;10900
2026-10-01;13:36:00;-03:00;39,33000183105469;39,33000183105469;39,279998779296875;39,279998779296875;7000
2026-10-01;13:37:00;-03:00;39,279998779296875;39,279998779296875;39,25;39,25;3600
2026-10-01;13:38:00;-03:00;39,25;39,279998779296875;39,25;39,25;10500
2026-10-01;13:39:00;-03:00;39,2599983215332;39,279998779296875;39,2599983215332;39,279998779296875;4000
2026-10-01;13:40:00;-03:00;39,279998779296875;39,290000915527344;39,27000045776367;39,290000915527344;4100
2026-10-01;13:41:00;-03:00;39,27000045776367;39,290000915527344;39,2599983215332;39,27000045776367;3100
2026-10-01;13:42:00;-03:00;39,27000045776367;39,290000915527344;39,27000045776367;39,290000915527344;4100
2026-10-01;13:43:00;-03:00;39,290000915527344;39,290000915527344;39,27000045776367;39,27000045776367;4800
2026-10-01;13:44:00;-03:00;39,27000045776367;39,279998779296875;39,27000045776367;39,279998779296875;3500
2026-10-01;13:45:00;-03:00;39,290000915527344;39,310001373291016;39,279998779296875;39,29999923706055;4800
2026-10-01;13:46:00;-03:00;39,310001373291016;39,310001373291016;39,310001373291016;39,310001373291016;21400
2026-10-01;13:47:00;-03:00;39,310001373291016;39,310001373291016;39,25;39,25;9800
2026-10-01;13:48:00;-03:00;39,25;39,2599983215332;39,2400016784668;39,2599983215332;2300
2026-10-01;13:49:00;-03:00;39,25;39,2599983215332;39,2400016784668;39,25;6800
2026-10-01;13:50:00;-03:00;39,2599983215332;39,2599983215332;39,220001220703125;39,22999954223633;7500
2026-10-01;13:51:00;-03:00;39,220001220703125;39,2400016784668;39,20000076293945;39,209999084472656;3300
2026-10-01;13:52:00;-03:00;39,220001220703125;39,22999954223633;39,220001220703125;39,22999954223633;4400
2026-10-01;13:53:00;-03:00;39,2400016784668;39,2400016784668;39,22999954223633;39,22999954223633;1500
2026-10-01;13:54:00;-03:00;39,2400016784668;39,2400016784668;39,220001220703125;39,2400016784668;5700
2026-10-01;13:55:00;-03:00;39,22999954223633;39,2400016784668;39,209999084472656;39,220001220703125;3500
2026-10-01;13:56:00;-03:00;39,220001220703125;39,220001220703125;39,209999084472656;39,209999084472656;1300
2026-10-01;13:57:00;-03:00;39,209999084472656;39,220001220703125;39,209999084472656;39,220001220703125;4600
2026-10-01;13:58:00;-03:00;39,220001220703125;39,2400016784668;39,209999084472656;39,2400016784668;4700
2026-10-01;13:59:00;-03:00;39,2400016784668;39,2400016784668;39,22999954223633;39,22999954223633;4100
2026-10-01;14:00:00;-03:00;39,220001220703125;39,22999954223633;39,220001220703125;39,220001220703125;3500
2026-10-01;14:01:00;-03:00;39,22999954223633;39,22999954223633;39,20000076293945;39,22999954223633;5800
2026-10-01;14:02:00;-03:00;39,2400016784668;39,27000045776367;39,22999954223633;39,27000045776367;23600
2026-10-01;14:03:00;-03:00;39,2599983215332;39,2599983215332;39,220001220703125;39,220001220703125;6100
2026-10-01;14:04:00;-03:00;39,22999954223633;39,25;39,220001220703125;39,25;2500
2026-10-01;14:05:00;-03:00;39,2400016784668;39,2599983215332;39,2400016784668;39,2599983215332;4300
2026-10-01;14:06:00;-03:00;39,2599983215332;39,2599983215332;39,2400016784668;39,25;6700
2026-10-01;14:07:00;-03:00;39,2599983215332;39,2599983215332;39,2400016784668;39,2599983215332;1900
2026-10-01;14:08:00;-03:00;39,2599983215332;39,2599983215332;39,25;39,2599983215332;1000
2026-10-01;14:09:00;-03:00;39,2599983215332;39,279998779296875;39,2599983215332;39,27000045776367;6500
2026-10-01;14:10:00;-03:00;39,279998779296875;39,279998779296875;39,2599983215332;39,2599983215332;2900
2026-10-01;14:11:00;-03:00;39,27000045776367;39,27000045776367;39,2599983215332;39,2599983215332;1000
2026-10-01;14:12:00;-03:00;39,27000045776367;39,279998779296875;39,2599983215332;39,27000045776367;7800
2026-10-01;14:13:00;-03:00;39,25;39,279998779296875;39,25;39,27000045776367;6600
2026-10-01;14:14:00;-03:00;39,279998779296875;39,29999923706055;39,27000045776367;39,27000045776367;5300
2026-10-01;14:15:00;-03:00;39,27000045776367;39,279998779296875;39,27000045776367;39,279998779296875;1800
2026-10-01;14:16:00;-03:00;39,279998779296875;39,290000915527344;39,279998779296875;39,290000915527344;1100
2026-10-01;14:17:00;-03:00;39,290000915527344;39,290000915527344;39,27000045776367;39,290000915527344;26500
2026-10-01;14:18:00;-03:00;39,290000915527344;39,290000915527344;39,27000045776367;39,290000915527344;2300
2026-10-01;14:19:00;-03:00;39,290000915527344;39,310001373291016;39,290000915527344;39,310001373291016;7300
2026-10-01;14:20:00;-03:00;39,310001373291016;39,34000015258789;39,310001373291016;39,31999969482422;8600
2026-10-01;14:21:00;-03:00;39,31999969482422;39,33000183105469;39,31999969482422;39,31999969482422;1100
2026-10-01;14:22:00;-03:00;39,31999969482422;39,33000183105469;39,310001373291016;39,33000183105469;10200
2026-10-01;14:23:00;-03:00;39,34000015258789;39,349998474121094;39,33000183105469;39,34000015258789;22000
2026-10-01;14:24:00;-03:00;39,33000183105469;39,349998474121094;39,31999969482422;39,349998474121094;7300
2026-10-01;14:25:00;-03:00;39,349998474121094;39,369998931884766;39,349998474121094;39,369998931884766;4500
2026-10-01;14:26:00;-03:00;39,369998931884766;39,380001068115234;39,369998931884766;39,380001068115234;8100
2026-10-01;14:27:00;-03:00;39,369998931884766;39,369998931884766;39,36000061035156;39,36000061035156;3500
2026-10-01;14:28:00;-03:00;39,369998931884766;39,369998931884766;39,34000015258789;39,34000015258789;8000
2026-10-01;14:29:00;-03:00;39,34000015258789;39,349998474121094;39,33000183105469;39,349998474121094;2800
2026-10-01;14:30:00;-03:00;39,34000015258789;39,400001525878906;39,34000015258789;39,38999938964844;11300
2026-10-01;14:31:00;-03:00;39,38999938964844;39,38999938964844;39,349998474121094;39,349998474121094;4500
2026-10-01;14:32:00;-03:00;39,36000061035156;39,369998931884766;39,34000015258789;39,34000015258789;23900
2026-10-01;14:33:00;-03:00;39,33000183105469;39,33000183105469;39,31999969482422;39,31999969482422;2900
2026-10-01;14:34:00;-03:00;39,31999969482422;39,34000015258789;39,31999969482422;39,33000183105469;9500
2026-10-01;14:35:00;-03:00;39,31999969482422;39,33000183105469;39,31999969482422;39,31999969482422;1900
2026-10-01;14:36:00;-03:00;39,310001373291016;39,400001525878906;39,310001373291016;39,400001525878906;16600
2026-10-01;14:37:00;-03:00;39,40999984741211;39,41999816894531;39,400001525878906;39,400001525878906;7400
2026-10-01;14:38:00;-03:00;39,400001525878906;39,400001525878906;39,380001068115234;39,38999938964844;5200
2026-10-01;14:39:00;-03:00;39,38999938964844;39,38999938964844;39,38999938964844;39,38999938964844;4300
2026-10-01;14:40:00;-03:00;39,400001525878906;39,400001525878906;39,38999938964844;39,400001525878906;600
2026-10-01;14:41:00;-03:00;39,38999938964844;39,38999938964844;39,380001068115234;39,38999938964844;4700
2026-10-01;14:42:00;-03:00;39,38999938964844;39,38999938964844;39,369998931884766;39,380001068115234;6200
2026-10-01;14:43:00;-03:00;39,38999938964844;39,38999938964844;39,38999938964844;39,38999938964844;5600
2026-10-01;14:44:00;-03:00;39,400001525878906;39,400001525878906;39,38999938964844;39,400001525878906;1900
2026-10-01;14:45:00;-03:00;39,400001525878906;39,400001525878906;39,38999938964844;39,400001525878906;500
2026-10-01;14:46:00;-03:00;39,38999938964844;39,38999938964844;39,369998931884766;39,38999938964844;7100
2026-10-01;14:47:00;-03:00;39,38999938964844;39,38999938964844;39,349998474121094;39,36000061035156;32700
2026-10-01;14:48:00;-03:00;39,349998474121094;39,36000061035156;39,34000015258789;39,349998474121094;4100
2026-10-01;14:49:00;-03:00;39,34000015258789;39,349998474121094;39,33000183105469;39,349998474121094;1300
2026-10-01;14:50:00;-03:00;39,349998474121094;39,349998474121094;39,34000015258789;39,34000015258789;6600
2026-10-01;14:51:00;-03:00;39,349998474121094;39,369998931884766;39,349998474121094;39,36000061035156;12300
2026-10-01;14:52:00;-03:00;39,369998931884766;39,380001068115234;39,36000061035156;39,369998931884766;3200
2026-10-01;14:53:00;-03:00;39,369998931884766;39,380001068115234;39,36000061035156;39,36000061035156;7300
2026-10-01;14:54:00;-03:00;39,369998931884766;39,369998931884766;39,33000183105469;39,34000015258789;12800
2026-10-01;14:55:00;-03:00;39,33000183105469;39,349998474121094;39,310001373291016;39,34000015258789;16000
2026-10-01;14:56:00;-03:00;39,34000015258789;39,369998931884766;39,34000015258789;39,349998474121094;3700
2026-10-01;14:57:00;-03:00;39,349998474121094;39,349998474121094;39,31999969482422;39,31999969482422;2600
2026-10-01;14:58:00;-03:00;39,310001373291016;39,31999969482422;39,310001373291016;39,31999969482422;5300
2026-10-01;14:59:00;-03:00;39,33000183105469;39,33000183105469;39,27000045776367;39,290000915527344;24800
2026-10-01;15:00:00;-03:00;39,279998779296875;39,279998779296875;39,25;39,2599983215332;12500
2026-10-01;15:01:00;-03:00;39,27000045776367;39,279998779296875;39,2599983215332;39,279998779296875;11100
2026-10-01;15:02:00;-03:00;39,27000045776367;39,29999923706055;39,27000045776367;39,279998779296875;24000
2026-10-01;15:03:00;-03:00;39,279998779296875;39,290000915527344;39,279998779296875;39,290000915527344;1100
2026-10-01;15:04:00;-03:00;39,279998779296875;39,290000915527344;39,27000045776367;39,290000915527344;26300
2026-10-01;15:05:00;-03:00;39,279998779296875;39,290000915527344;39,27000045776367;39,279998779296875;3000
2026-10-01;15:06:00;-03:00;39,27000045776367;39,290000915527344;39,27000045776367;39,290000915527344;2700
2026-10-01;15:07:00;-03:00;39,290000915527344;39,310001373291016;39,279998779296875;39,310001373291016;10300
2026-10-01;15:08:00;-03:00;39,29999923706055;39,29999923706055;39,279998779296875;39,279998779296875;6700
2026-10-01;15:09:00;-03:00;39,290000915527344;39,310001373291016;39,279998779296875;39,29999923706055;5600
2026-10-01;15:10:00;-03:00;39,310001373291016;39,33000183105469;39,29999923706055;39,33000183105469;7400
2026-10-01;15:11:00;-03:00;39,33000183105469;39,33000183105469;39,310001373291016;39,31999969482422;6300
2026-10-01;15:12:00;-03:00;39,31999969482422;39,33000183105469;39,29999923706055;39,29999923706055;3800
2026-10-01;15:13:00;-03:00;39,31999969482422;39,33000183105469;39,310001373291016;39,310001373291016;8400
2026-10-01;15:14:00;-03:00;39,310001373291016;39,310001373291016;39,29999923706055;39,29999923706055;3900
2026-10-01;15:15:00;-03:00;39,310001373291016;39,310001373291016;39,290000915527344;39,290000915527344;2700
2026-10-01;15:16:00;-03:00;39,290000915527344;39,31999969482422;39,290000915527344;39,310001373291016;11500
2026-10-01;15:17:00;-03:00;39,310001373291016;39,310001373291016;39,290000915527344;39,290000915527344;24900
2026-10-01;15:18:00;-03:00;39,279998779296875;39,290000915527344;39,279998779296875;39,279998779296875;8000
2026-10-01;15:19:00;-03:00;39,290000915527344;39,310001373291016;39,279998779296875;39,29999923706055;11200
2026-10-01;15:20:00;-03:00;39,290000915527344;39,290000915527344;39,279998779296875;39,279998779296875;4300
2026-10-01;15:21:00;-03:00;39,290000915527344;39,29999923706055;39,279998779296875;39,290000915527344;6200
2026-10-01;15:22:00;-03:00;39,290000915527344;39,310001373291016;39,27000045776367;39,279998779296875;14700
2026-10-01;15:23:00;-03:00;39,279998779296875;39,33000183105469;39,279998779296875;39,33000183105469;11300
2026-10-01;15:24:00;-03:00;39,31999969482422;39,31999969482422;39,279998779296875;39,29999923706055;14600
2026-10-01;15:25:00;-03:00;39,290000915527344;39,290000915527344;39,27000045776367;39,279998779296875;4600
2026-10-01;15:26:00;-03:00;39,27000045776367;39,279998779296875;39,27000045776367;39,279998779296875;2900
2026-10-01;15:27:00;-03:00;39,279998779296875;39,279998779296875;39,25;39,27000045776367;6900
2026-10-01;15:28:00;-03:00;39,27000045776367;39,27000045776367;39,2400016784668;39,2400016784668;5800
2026-10-01;15:29:00;-03:00;39,2400016784668;39,2599983215332;39,2400016784668;39,2599983215332;2600
2026-10-01;15:30:00;-03:00;39,25;39,310001373291016;39,25;39,310001373291016;15500
2026-10-01;15:31:00;-03:00;39,310001373291016;39,310001373291016;39,290000915527344;39,29999923706055;11800
2026-10-01;15:32:00;-03:00;39,310001373291016;39,310001373291016;39,290000915527344;39,29999923706055;22200
2026-10-01;15:33:00;-03:00;39,310001373291016;39,31999969482422;39,290000915527344;39,31999969482422;10800
2026-10-01;15:34:00;-03:00;39,310001373291016;39,33000183105469;39,310001373291016;39,33000183105469;5900
2026-10-01;15:35:00;-03:00;39,33000183105469;39,33000183105469;39,29999923706055;39,29999923706055;7400
2026-10-01;15:36:00;-03:00;39,31999969482422;39,31999969482422;39,29999923706055;39,31999969482422;1800
2026-10-01;15:37:00;-03:00;39,310001373291016;39,31999969482422;39,29999923706055;39,310001373291016;2100
2026-10-01;15:38:00;-03:00;39,31999969482422;39,34000015258789;39,310001373291016;39,34000015258789;8800
2026-10-01;15:39:00;-03:00;39,34000015258789;39,349998474121094;39,33000183105469;39,34000015258789;6300
2026-10-01;15:40:00;-03:00;39,34000015258789;39,34000015258789;39,29999923706055;39,29999923706055;7000
2026-10-01;15:41:00;-03:00;39,290000915527344;39,310001373291016;39,290000915527344;39,310001373291016;2700
2026-10-01;15:42:00;-03:00;39,29999923706055;39,310001373291016;39,29999923706055;39,310001373291016;3000
2026-10-01;15:43:00;-03:00;39,310001373291016;39,310001373291016;39,29999923706055;39,29999923706055;2900
2026-10-01;15:44:00;-03:00;39,310001373291016;39,310001373291016;39,290000915527344;39,29999923706055;8900
2026-10-01;15:45:00;-03:00;39,290000915527344;39,310001373291016;39,290000915527344;39,290000915527344;4000
2026-10-01;15:46:00;-03:00;39,290000915527344;39,29999923706055;39,290000915527344;39,290000915527344;3500
2026-10-01;15:47:00;-03:00;39,29999923706055;39,31999969482422;39,290000915527344;39,310001373291016;40000
2026-10-01;15:48:00;-03:00;39,310001373291016;39,310001373291016;39,290000915527344;39,290000915527344;3100
2026-10-01;15:49:00;-03:00;39,29999923706055;39,29999923706055;39,290000915527344;39,290000915527344;4400
2026-10-01;15:50:00;-03:00;39,290000915527344;39,31999969482422;39,290000915527344;39,31999969482422;12300
2026-10-01;15:51:00;-03:00;39,310001373291016;39,31999969482422;39,310001373291016;39,310001373291016;2200
2026-10-01;15:52:00;-03:00;39,310001373291016;39,33000183105469;39,310001373291016;39,31999969482422;10600
2026-10-01;15:53:00;-03:00;39,31999969482422;39,33000183105469;39,310001373291016;39,33000183105469;3800
2026-10-01;15:54:00;-03:00;39,31999969482422;39,33000183105469;39,310001373291016;39,310001373291016;2700
2026-10-01;15:55:00;-03:00;39,310001373291016;39,310001373291016;39,29999923706055;39,29999923706055;4700
2026-10-01;15:56:00;-03:00;39,310001373291016;39,310001373291016;39,29999923706055;39,310001373291016;6000
2026-10-01;15:57:00;-03:00;39,29999923706055;39,31999969482422;39,29999923706055;39,310001373291016;8900
2026-10-01;15:58:00;-03:00;39,31999969482422;39,31999969482422;39,29999923706055;39,29999923706055;7300
2026-10-01;15:59:00;-03:00;39,310001373291016;39,31999969482422;39,29999923706055;39,310001373291016;11400
2026-10-01;16:00:00;-03:00;39,310001373291016;39,33000183105469;39,310001373291016;39,31999969482422;3800
2026-10-01;16:01:00;-03:00;39,31999969482422;39,31999969482422;39,290000915527344;39,310001373291016;14600
2026-10-01;16:02:00;-03:00;39,29999923706055;39,310001373291016;39,290000915527344;39,290000915527344;3600
2026-10-01;16:03:00;-03:00;39,290000915527344;39,29999923706055;39,279998779296875;39,290000915527344;25300
2026-10-01;16:04:00;-03:00;39,279998779296875;39,290000915527344;39,27000045776367;39,279998779296875;6700
2026-10-01;16:05:00;-03:00;39,279998779296875;39,290000915527344;39,27000045776367;39,279998779296875;4100
2026-10-01;16:06:00;-03:00;39,27000045776367;39,279998779296875;39,2599983215332;39,2599983215332;11500
2026-10-01;16:07:00;-03:00;39,2599983215332;39,279998779296875;39,2599983215332;39,27000045776367;23900
2026-10-01;16:08:00;-03:00;39,27000045776367;39,29999923706055;39,27000045776367;39,290000915527344;8800
2026-10-01;16:09:00;-03:00;39,290000915527344;39,310001373291016;39,290000915527344;39,29999923706055;11600
2026-10-01;16:10:00;-03:00;39,29999923706055;39,31999969482422;39,29999923706055;39,310001373291016;11800
2026-10-01;16:11:00;-03:00;39,310001373291016;39,31999969482422;39,29999923706055;39,29999923706055;5200
2026-10-01;16:12:00;-03:00;39,29999923706055;39,31999969482422;39,29999923706055;39,310001373291016;11600
2026-10-01;16:13:00;-03:00;39,31999969482422;39,33000183105469;39,310001373291016;39,31999969482422;6700
2026-10-01;16:14:00;-03:00;39,33000183105469;39,33000183105469;39,31999969482422;39,33000183105469;2700
2026-10-01;16:15:00;-03:00;39,33000183105469;39,33000183105469;39,310001373291016;39,33000183105469;12200
2026-10-01;16:16:00;-03:00;39,31999969482422;39,33000183105469;39,310001373291016;39,310001373291016;3100
2026-10-01;16:17:00;-03:00;39,31999969482422;39,31999969482422;39,290000915527344;39,290000915527344;7100
2026-10-01;16:18:00;-03:00;39,290000915527344;39,310001373291016;39,290000915527344;39,29999923706055;33900
2026-10-01;16:19:00;-03:00;39,29999923706055;39,310001373291016;39,29999923706055;39,310001373291016;3800
2026-10-01;16:20:00;-03:00;39,29999923706055;39,310001373291016;39,29999923706055;39,29999923706055;2300
2026-10-01;16:21:00;-03:00;39,310001373291016;39,310001373291016;39,29999923706055;39,29999923706055;7300
2026-10-01;16:22:00;-03:00;39,310001373291016;39,33000183105469;39,29999923706055;39,29999923706055;28900
2026-10-01;16:23:00;-03:00;39,29999923706055;39,310001373291016;39,2599983215332;39,2599983215332;15800
2026-10-01;16:24:00;-03:00;39,2599983215332;39,290000915527344;39,2599983215332;39,290000915527344;10400
2026-10-01;16:25:00;-03:00;39,279998779296875;39,279998779296875;39,27000045776367;39,279998779296875;2600
2026-10-01;16:26:00;-03:00;39,27000045776367;39,279998779296875;39,27000045776367;39,27000045776367;1500
2026-10-01;16:27:00;-03:00;39,279998779296875;39,290000915527344;39,279998779296875;39,279998779296875;9900
2026-10-01;16:28:00;-03:00;39,290000915527344;39,310001373291016;39,279998779296875;39,310001373291016;10000
2026-10-01;16:29:00;-03:00;39,29999923706055;39,310001373291016;39,29999923706055;39,310001373291016;2600
2026-10-01;16:30:00;-03:00;39,29999923706055;39,33000183105469;39,29999923706055;39,31999969482422;38100
2026-10-01;16:31:00;-03:00;39,33000183105469;39,34000015258789;39,31999969482422;39,33000183105469;4100
2026-10-01;16:32:00;-03:00;39,34000015258789;39,34000015258789;39,33000183105469;39,33000183105469;3300
2026-10-01;16:33:00;-03:00;39,34000015258789;39,349998474121094;39,33000183105469;39,349998474121094;8800
2026-10-01;16:34:00;-03:00;39,349998474121094;39,36000061035156;39,31999969482422;39,31999969482422;26100
2026-10-01;16:35:00;-03:00;39,33000183105469;39,34000015258789;39,31999969482422;39,33000183105469;9800
2026-10-01;16:36:00;-03:00;39,31999969482422;39,33000183105469;39,310001373291016;39,33000183105469;2400
2026-10-01;16:37:00;-03:00;39,31999969482422;39,33000183105469;39,29999923706055;39,29999923706055;6100
2026-10-01;16:38:00;-03:00;39,310001373291016;39,310001373291016;39,29999923706055;39,29999923706055;2100
2026-10-01;16:39:00;-03:00;39,29999923706055;39,33000183105469;39,29999923706055;39,310001373291016;32100
2026-10-01;16:40:00;-03:00;39,31999969482422;39,34000015258789;39,310001373291016;39,34000015258789;8500
2026-10-01;16:41:00;-03:00;39,34000015258789;39,34000015258789;39,31999969482422;39,33000183105469;4500
2026-10-01;16:42:00;-03:00;39,33000183105469;39,34000015258789;39,31999969482422;39,34000015258789;8800
2026-10-01;16:43:00;-03:00;39,33000183105469;39,34000015258789;39,31999969482422;39,31999969482422;6000
2026-10-01;16:44:00;-03:00;39,33000183105469;39,33000183105469;39,29999923706055;39,29999923706055;27700
2026-10-01;16:45:00;-03:00;39,310001373291016;39,31999969482422;39,29999923706055;39,31999969482422;23200
2026-10-01;16:46:00;-03:00;39,31999969482422;39,33000183105469;39,310001373291016;39,31999969482422;19700
2026-10-01;16:47:00;-03:00;39,33000183105469;39,33000183105469;39,31999969482422;39,33000183105469;7700
2026-10-01;16:48:00;-03:00;39,33000183105469;39,34000015258789;39,31999969482422;39,34000015258789;62800
2026-10-01;16:49:00;-03:00;39,34000015258789;39,34000015258789;39,33000183105469;39,34000015258789;3900
2026-10-01;16:50:00;-03:00;39,34000015258789;39,34000015258789;39,33000183105469;39,34000015258789;4700
2026-10-01;16:51:00;-03:00;39,34000015258789;39,36000061035156;39,33000183105469;39,33000183105469;43100
2026-10-01;16:52:00;-03:00;39,31999969482422;39,33000183105469;39,310001373291016;39,310001373291016;6700
2026-10-01;16:53:00;-03:00;39,31999969482422;39,31999969482422;39,290000915527344;39,310001373291016;36400
2026-10-01;16:54:00;-03:00;39,310001373291016;39,31999969482422;39,290000915527344;39,290000915527344;10100
2026-10-02;10:07:00;-03:00;39,58000183105469;39,689998626708984;39,58000183105469;39,650001525878906;57500
2026-10-02;10:08:00;-03:00;39,630001068115234;39,63999938964844;39,529998779296875;39,529998779296875;5900
2026-10-02;10:09:00;-03:00;39,529998779296875;39,59000015258789;39,529998779296875;39,59000015258789;3500
2026-10-02;10:10:00;-03:00;39,59000015258789;39,61000061035156;39,529998779296875;39,529998779296875;10300
2026-10-02;10:11:00;-03:00;39,529998779296875;39,7599983215332;39,529998779296875;39,7400016784668;46000
2026-10-02;10:12:00;-03:00;39,75;39,7599983215332;39,68000030517578;39,72999954223633;6700
2026-10-02;10:13:00;-03:00;39,72999954223633;39,7400016784668;39,709999084472656;39,720001220703125;4300
2026-10-02;10:14:00;-03:00;39,70000076293945;39,75;39,68000030517578;39,75;11300
2026-10-02;10:15:00;-03:00;39,7599983215332;39,77000045776367;39,720001220703125;39,7400016784668;7200
2026-10-02;10:16:00;-03:00;39,75;39,79999923706055;39,75;39,779998779296875;9700
2026-10-02;10:17:00;-03:00;39,79999923706055;39,86000061035156;39,79999923706055;39,83000183105469;14700
2026-10-02;10:18:00;-03:00;39,84000015258789;39,86000061035156;39,75;39,81999969482422;14700
2026-10-02;10:19:00;-03:00;39,810001373291016;39,849998474121094;39,77000045776367;39,77000045776367;13200
2026-10-02;10:20:00;-03:00;39,77000045776367;39,79999923706055;39,7400016784668;39,79999923706055;8000
2026-10-02;10:21:00;-03:00;39,810001373291016;39,83000183105469;39,77000045776367;39,79999923706055;25900
2026-10-02;10:22:00;-03:00;39,790000915527344;39,81999969482422;39,779998779296875;39,79999923706055;4100
2026-10-02;10:23:00;-03:00;39,83000183105469;39,869998931884766;39,81999969482422;39,83000183105469;4600
2026-10-02;10:24:00;-03:00;39,83000183105469;39,849998474121094;39,81999969482422;39,849998474121094;7500
2026-10-02;10:25:00;-03:00;39,849998474121094;39,869998931884766;39,84000015258789;39,849998474121094;4000
2026-10-02;10:26:00;-03:00;39,84000015258789;39,869998931884766;39,83000183105469;39,84000015258789;13900
2026-10-02;10:27:00;-03:00;39,84000015258789;39,84000015258789;39,7599983215332;39,790000915527344;6000
2026-10-02;10:28:00;-03:00;39,790000915527344;39,84000015258789;39,77000045776367;39,790000915527344;5700
2026-10-02;10:29:00;-03:00;39,79999923706055;39,79999923706055;39,75;39,77000045776367;6800
2026-10-02;10:30:00;-03:00;39,77000045776367;39,779998779296875;39,72999954223633;39,779998779296875;6500
2026-10-02;10:31:00;-03:00;39,75;39,83000183105469;39,75;39,7599983215332;16600
2026-10-02;10:32:00;-03:00;39,75;39,810001373291016;39,7400016784668;39,810001373291016;12100
2026-10-02;10:33:00;-03:00;39,810001373291016;39,81999969482422;39,77000045776367;39,790000915527344;9200
2026-10-02;10:34:00;-03:00;39,790000915527344;39,849998474121094;39,77000045776367;39,77000045776367;18100
2026-10-02;10:35:00;-03:00;39,77000045776367;39,790000915527344;39,75;39,779998779296875;7900
2026-10-02;10:36:00;-03:00;39,7599983215332;39,77000045776367;39,689998626708984;39,70000076293945;11300
2026-10-02;10:37:00;-03:00;39,709999084472656;39,79999923706055;39,709999084472656;39,7599983215332;16100
2026-10-02;10:38:00;-03:00;39,7599983215332;39,7599983215332;39,70000076293945;39,720001220703125;16800
2026-10-02;10:39:00;-03:00;39,709999084472656;39,72999954223633;39,68000030517578;39,720001220703125;17300
2026-10-02;10:40:00;-03:00;39,720001220703125;39,720001220703125;39,66999816894531;39,689998626708984;6500
2026-10-02;10:41:00;-03:00;39,68000030517578;39,689998626708984;39,61000061035156;39,65999984741211;21900
2026-10-02;10:42:00;-03:00;39,65999984741211;39,68000030517578;39,61000061035156;39,66999816894531;5700
2026-10-02;10:43:00;-03:00;39,66999816894531;39,68000030517578;39,650001525878906;39,65999984741211;8800
2026-10-02;10:44:00;-03:00;39,630001068115234;39,630001068115234;39,599998474121094;39,630001068115234;9000
2026-10-02;10:45:00;-03:00;39,63999938964844;39,689998626708984;39,630001068115234;39,68000030517578;14900
2026-10-02;10:46:00;-03:00;39,68000030517578;39,720001220703125;39,66999816894531;39,720001220703125;4800
2026-10-02;10:47:00;-03:00;39,709999084472656;39,7599983215332;39,66999816894531;39,7599983215332;46500
2026-10-02;10:48:00;-03:00;39,7599983215332;39,779998779296875;39,7599983215332;39,779998779296875;367200
2026-10-02;10:49:00;-03:00;39,77000045776367;39,77000045776367;39,720001220703125;39,720001220703125;3500
2026-10-02;10:50:00;-03:00;39,709999084472656;39,77000045776367;39,709999084472656;39,7400016784668;19800
2026-10-02;10:51:00;-03:00;39,75;39,75;39,72999954223633;39,7400016784668;1100
2026-10-02;10:52:00;-03:00;39,72999954223633;39,849998474121094;39,709999084472656;39,79999923706055;60100
2026-10-02;10:53:00;-03:00;39,779998779296875;39,79999923706055;39,72999954223633;39,7400016784668;21300
2026-10-02;10:54:00;-03:00;39,75;39,7599983215332;39,720001220703125;39,7599983215332;11100
2026-10-02;10:55:00;-03:00;39,75;39,790000915527344;39,72999954223633;39,75;10600
2026-10-02;10:56:00;-03:00;39,7599983215332;39,77000045776367;39,72999954223633;39,75;13100
2026-10-02;10:57:00;-03:00;39,77000045776367;39,779998779296875;39,720001220703125;39,779998779296875;10300
2026-10-02;10:58:00;-03:00;39,779998779296875;39,790000915527344;39,75;39,790000915527344;4100
2026-10-02;10:59:00;-03:00;39,77000045776367;39,77000045776367;39,720001220703125;39,7400016784668;3700
2026-10-02;11:00:00;-03:00;39,72999954223633;39,77000045776367;39,66999816894531;39,77000045776367;1082100
2026-10-02;11:01:00;-03:00;39,75;39,779998779296875;39,7400016784668;39,77000045776367;8500
2026-10-02;11:02:00;-03:00;39,77000045776367;39,810001373291016;39,77000045776367;39,790000915527344;15400
2026-10-02;11:03:00;-03:00;39,79999923706055;39,79999923706055;39,7599983215332;39,77000045776367;18000
2026-10-02;11:04:00;-03:00;39,7599983215332;39,779998779296875;39,7400016784668;39,77000045776367;10700
2026-10-02;11:05:00;-03:00;39,77000045776367;39,810001373291016;39,77000045776367;39,810001373291016;3000
2026-10-02;11:06:00;-03:00;39,790000915527344;39,83000183105469;39,779998779296875;39,790000915527344;8800
2026-10-02;11:07:00;-03:00;39,779998779296875;39,810001373291016;39,7599983215332;39,7599983215332;10500
2026-10-02;11:08:00;-03:00;39,779998779296875;39,779998779296875;39,7599983215332;39,7599983215332;5600
2026-10-02;11:09:00;-03:00;39,75;39,75;39,720001220703125;39,72999954223633;3600
2026-10-02;11:10:00;-03:00;39,72999954223633;39,7400016784668;39,70000076293945;39,720001220703125;10000
2026-10-02;11:11:00;-03:00;39,709999084472656;39,72999954223633;39,709999084472656;39,720001220703125;6800
2026-10-02;11:12:00;-03:00;39,709999084472656;39,75;39,709999084472656;39,72999954223633;3700
2026-10-02;11:13:00;-03:00;39,7400016784668;39,7599983215332;39,720001220703125;39,720001220703125;66600
2026-10-02;11:14:00;-03:00;39,72999954223633;39,7599983215332;39,709999084472656;39,75;7500
2026-10-02;11:15:00;-03:00;39,75;39,79999923706055;39,75;39,790000915527344;12600
2026-10-02;11:16:00;-03:00;39,790000915527344;39,81999969482422;39,77000045776367;39,79999923706055;8600
2026-10-02;11:17:00;-03:00;39,79999923706055;39,849998474121094;39,79999923706055;39,83000183105469;4800
2026-10-02;11:18:00;-03:00;39,83000183105469;39,849998474121094;39,83000183105469;39,84000015258789;3300
2026-10-02;11:19:00;-03:00;39,84000015258789;39,84000015258789;39,81999969482422;39,83000183105469;3200
2026-10-02;11:20:00;-03:00;39,81999969482422;39,84000015258789;39,79999923706055;39,810001373291016;11800
2026-10-02;11:21:00;-03:00;39,79999923706055;39,79999923706055;39,7599983215332;39,7599983215332;5400
2026-10-02;11:22:00;-03:00;39,75;39,7599983215332;39,75;39,75;1500
2026-10-02;11:23:00;-03:00;39,7599983215332;39,779998779296875;39,720001220703125;39,7599983215332;30000
2026-10-02;11:24:00;-03:00;39,77000045776367;39,77000045776367;39,7400016784668;39,75;22000
2026-10-02;11:25:00;-03:00;39,77000045776367;39,77000045776367;39,75;39,77000045776367;1900
2026-10-02;11:26:00;-03:00;39,77000045776367;39,79999923706055;39,77000045776367;39,790000915527344;12400
2026-10-02;11:27:00;-03:00;39,779998779296875;39,79999923706055;39,77000045776367;39,790000915527344;3600
2026-10-02;11:28:00;-03:00;39,79999923706055;39,86000061035156;39,790000915527344;39,810001373291016;31700
2026-10-02;11:29:00;-03:00;39,79999923706055;39,849998474121094;39,779998779296875;39,849998474121094;11800
2026-10-02;11:30:00;-03:00;39,84000015258789;39,849998474121094;39,83000183105469;39,83000183105469;3600
2026-10-02;11:31:00;-03:00;39,84000015258789;39,86000061035156;39,83000183105469;39,86000061035156;7900
2026-10-02;11:32:00;-03:00;39,869998931884766;39,88999938964844;39,86000061035156;39,88999938964844;11100
2026-10-02;11:33:00;-03:00;39,880001068115234;39,900001525878906;39,869998931884766;39,880001068115234;16700
2026-10-02;11:34:00;-03:00;39,869998931884766;39,88999938964844;39,83000183105469;39,88999938964844;25800
2026-10-02;11:35:00;-03:00;39,88999938964844;39,900001525878906;39,869998931884766;39,88999938964844;33300
2026-10-02;11:36:00;-03:00;39,900001525878906;39,91999816894531;39,869998931884766;39,869998931884766;18000
2026-10-02;11:37:00;-03:00;39,880001068115234;39,91999816894531;39,880001068115234;39,90999984741211;43300
2026-10-02;11:38:00;-03:00;39,88999938964844;39,939998626708984;39,88999938964844;39,939998626708984;10000
2026-10-02;11:39:00;-03:00;39,939998626708984;39,95000076293945;39,939998626708984;39,939998626708984;1900
2026-10-02;11:40:00;-03:00;39,939998626708984;39,95000076293945;39,91999816894531;39,91999816894531;6800
2026-10-02;11:41:00;-03:00;39,91999816894531;39,939998626708984;39,90999984741211;39,939998626708984;7700
2026-10-02;11:42:00;-03:00;39,939998626708984;39,939998626708984;39,91999816894531;39,93000030517578;6200
2026-10-02;11:43:00;-03:00;39,91999816894531;39,93000030517578;39,90999984741211;39,90999984741211;2600
2026-10-02;11:44:00;-03:00;39,90999984741211;39,90999984741211;39,84000015258789;39,84000015258789;9200
2026-10-02;11:45:00;-03:00;39,84000015258789;39,84000015258789;39,810001373291016;39,83000183105469;5600
2026-10-02;11:46:00;-03:00;39,83000183105469;39,83000183105469;39,81999969482422;39,81999969482422;2600
2026-10-02;11:47:00;-03:00;39,84000015258789;39,880001068115234;39,84000015258789;39,849998474121094;5900
2026-10-02;11:48:00;-03:00;39,84000015258789;39,849998474121094;39,81999969482422;39,84000015258789;8600
2026-10-02;11:49:00;-03:00;39,81999969482422;39,83000183105469;39,79999923706055;39,79999923706055;7000
2026-10-02;11:50:00;-03:00;39,79999923706055;39,81999969482422;39,790000915527344;39,810001373291016;7600
2026-10-02;11:51:00;-03:00;39,79999923706055;39,86000061035156;39,79999923706055;39,849998474121094;4900
2026-10-02;11:52:00;-03:00;39,849998474121094;39,86000061035156;39,81999969482422;39,83000183105469;13400
2026-10-02;11:53:00;-03:00;39,81999969482422;39,83000183105469;39,77000045776367;39,790000915527344;11900
2026-10-02;11:54:00;-03:00;39,779998779296875;39,810001373291016;39,77000045776367;39,77000045776367;21100
2026-10-02;11:55:00;-03:00;39,77000045776367;39,779998779296875;39,72999954223633;39,7400016784668;11800
2026-10-02;11:56:00;-03:00;39,720001220703125;39,7400016784668;39,66999816894531;39,66999816894531;66500
2026-10-02;11:57:00;-03:00;39,68000030517578;39,709999084472656;39,66999816894531;39,70000076293945;24800
2026-10-02;11:58:00;-03:00;39,68000030517578;39,70000076293945;39,650001525878906;39,65999984741211;15800
2026-10-02;11:59:00;-03:00;39,65999984741211;39,65999984741211;39,619998931884766;39,619998931884766;2900
2026-10-02;12:00:00;-03:00;39,630001068115234;39,63999938964844;39,61000061035156;39,63999938964844;16500
2026-10-02;12:01:00;-03:00;39,630001068115234;39,63999938964844;39,560001373291016;39,59000015258789;25700
2026-10-02;12:02:00;-03:00;39,56999969482422;39,599998474121094;39,54999923706055;39,56999969482422;14300
2026-10-02;12:03:00;-03:00;39,560001373291016;39,58000183105469;39,540000915527344;39,54999923706055;11200
2026-10-02;12:04:00;-03:00;39,54999923706055;39,59000015258789;39,54999923706055;39,58000183105469;6500
2026-10-02;12:05:00;-03:00;39,58000183105469;39,619998931884766;39,58000183105469;39,619998931884766;10400
2026-10-02;12:06:00;-03:00;39,61000061035156;39,61000061035156;39,59000015258789;39,599998474121094;7900
2026-10-02;12:07:00;-03:00;39,61000061035156;39,650001525878906;39,599998474121094;39,630001068115234;4200
2026-10-02;12:08:00;-03:00;39,619998931884766;39,630001068115234;39,59000015258789;39,599998474121094;9600
2026-10-02;12:09:00;-03:00;39,61000061035156;39,630001068115234;39,61000061035156;39,619998931884766;8300
2026-10-02;12:10:00;-03:00;39,599998474121094;39,61000061035156;39,58000183105469;39,58000183105469;4700
2026-10-02;12:11:00;-03:00;39,56999969482422;39,59000015258789;39,56999969482422;39,58000183105469;5200
2026-10-02;12:12:00;-03:00;39,58000183105469;39,58000183105469;39,56999969482422;39,58000183105469;2800
2026-10-02;12:13:00;-03:00;39,58000183105469;39,58000183105469;39,560001373291016;39,560001373291016;3600
2026-10-02;12:14:00;-03:00;39,560001373291016;39,599998474121094;39,560001373291016;39,599998474121094;5300
2026-10-02;12:15:00;-03:00;39,599998474121094;39,630001068115234;39,599998474121094;39,619998931884766;3600
2026-10-02;12:16:00;-03:00;39,630001068115234;39,630001068115234;39,619998931884766;39,619998931884766;1100
2026-10-02;12:17:00;-03:00;39,619998931884766;39,63999938964844;39,619998931884766;39,619998931884766;8100
2026-10-02;12:18:00;-03:00;39,619998931884766;39,650001525878906;39,619998931884766;39,63999938964844;5300
2026-10-02;12:19:00;-03:00;39,63999938964844;39,63999938964844;39,599998474121094;39,61000061035156;2300
2026-10-02;12:20:00;-03:00;39,61000061035156;39,61000061035156;39,61000061035156;39,61000061035156;3700
2026-10-02;12:21:00;-03:00;39,619998931884766;39,66999816894531;39,619998931884766;39,66999816894531;7500
2026-10-02;12:22:00;-03:00;39,65999984741211;39,65999984741211;39,63999938964844;39,63999938964844;3200
2026-10-02;12:23:00;-03:00;39,63999938964844;39,63999938964844;39,61000061035156;39,61000061035156;5400
2026-10-02;12:24:00;-03:00;39,61000061035156;39,65999984741211;39,61000061035156;39,63999938964844;12600
2026-10-02;12:25:00;-03:00;39,63999938964844;39,650001525878906;39,61000061035156;39,650001525878906;5500
2026-10-02;12:26:00;-03:00;39,650001525878906;39,65999984741211;39,630001068115234;39,63999938964844;5600
2026-10-02;12:27:00;-03:00;39,650001525878906;39,689998626708984;39,650001525878906;39,68000030517578;8400
2026-10-02;12:28:00;-03:00;39,66999816894531;39,68000030517578;39,650001525878906;39,66999816894531;2700
2026-10-02;12:29:00;-03:00;39,66999816894531;39,68000030517578;39,65999984741211;39,65999984741211;3300
2026-10-02;12:30:00;-03:00;39,66999816894531;39,68000030517578;39,66999816894531;39,68000030517578;1700
2026-10-02;12:31:00;-03:00;39,68000030517578;39,689998626708984;39,65999984741211;39,68000030517578;14000
2026-10-02;12:32:00;-03:00;39,66999816894531;39,689998626708984;39,66999816894531;39,689998626708984;5600
2026-10-02;12:33:00;-03:00;39,66999816894531;39,68000030517578;39,65999984741211;39,68000030517578;2400
2026-10-02;12:34:00;-03:00;39,68000030517578;39,720001220703125;39,68000030517578;39,720001220703125;5100
2026-10-02;12:35:00;-03:00;39,709999084472656;39,709999084472656;39,70000076293945;39,709999084472656;5400
2026-10-02;12:36:00;-03:00;39,70000076293945;39,7400016784668;39,689998626708984;39,72999954223633;32400
2026-10-02;12:37:00;-03:00;39,709999084472656;39,709999084472656;39,689998626708984;39,689998626708984;5800
2026-10-02;12:38:00;-03:00;39,689998626708984;39,689998626708984;39,65999984741211;39,68000030517578;3800
2026-10-02;12:39:00;-03:00;39,68000030517578;39,70000076293945;39,65999984741211;39,70000076293945;2500
2026-10-02;12:40:00;-03:00;39,68000030517578;39,68000030517578;39,68000030517578;39,68000030517578;400
2026-10-02;12:41:00;-03:00;39,68000030517578;39,70000076293945;39,66999816894531;39,68000030517578;5100
2026-10-02;12:42:00;-03:00;39,65999984741211;39,65999984741211;39,65999984741211;39,65999984741211;800
2026-10-02;12:43:00;-03:00;39,650001525878906;39,66999816894531;39,650001525878906;39,65999984741211;2900
2026-10-02;12:44:00;-03:00;39,65999984741211;39,70000076293945;39,650001525878906;39,68000030517578;6900
2026-10-02;12:45:00;-03:00;39,689998626708984;39,70000076293945;39,65999984741211;39,65999984741211;3800
2026-10-02;12:46:00;-03:00;39,65999984741211;39,65999984741211;39,630001068115234;39,650001525878906;3200
2026-10-02;12:47:00;-03:00;39,65999984741211;39,66999816894531;39,63999938964844;39,650001525878906;6400
2026-10-02;12:48:00;-03:00;39,650001525878906;39,650001525878906;39,63999938964844;39,63999938964844;3600
2026-10-02;12:49:00;-03:00;39,63999938964844;39,63999938964844;39,630001068115234;39,630001068115234;2100
2026-10-02;12:50:00;-03:00;39,63999938964844;39,650001525878906;39,630001068115234;39,650001525878906;5100
2026-10-02;12:51:00;-03:00;39,650001525878906;39,65999984741211;39,63999938964844;39,63999938964844;6200
2026-10-02;12:52:00;-03:00;39,63999938964844;39,63999938964844;39,61000061035156;39,61000061035156;5000
2026-10-02;12:53:00;-03:00;39,599998474121094;39,61000061035156;39,599998474121094;39,599998474121094;1600
2026-10-02;12:54:00;-03:00;39,599998474121094;39,63999938964844;39,59000015258789;39,63999938964844;12800
2026-10-02;12:55:00;-03:00;39,63999938964844;39,66999816894531;39,63999938964844;39,66999816894531;4300
2026-10-02;12:56:00;-03:00;39,66999816894531;39,66999816894531;39,650001525878906;39,65999984741211;1900
2026-10-02;12:57:00;-03:00;39,65999984741211;39,65999984741211;39,63999938964844;39,650001525878906;4500
2026-10-02;12:58:00;-03:00;39,63999938964844;39,65999984741211;39,63999938964844;39,65999984741211;2000
2026-10-02;12:59:00;-03:00;39,650001525878906;39,66999816894531;39,650001525878906;39,650001525878906;2900
2026-10-02;13:00:00;-03:00;39,66999816894531;39,68000030517578;39,63999938964844;39,650001525878906;5600
2026-10-02;13:01:00;-03:00;39,650001525878906;39,650001525878906;39,63999938964844;39,650001525878906;1900
2026-10-02;13:02:00;-03:00;39,650001525878906;39,65999984741211;39,630001068115234;39,63999938964844;8300
2026-10-02;13:03:00;-03:00;39,65999984741211;39,65999984741211;39,63999938964844;39,63999938964844;2300
2026-10-02;13:04:00;-03:00;39,630001068115234;39,65999984741211;39,61000061035156;39,65999984741211;3900
2026-10-02;13:05:00;-03:00;39,66999816894531;39,709999084472656;39,66999816894531;39,689998626708984;5200
2026-10-02;13:06:00;-03:00;39,689998626708984;39,689998626708984;39,66999816894531;39,68000030517578;3000
2026-10-02;13:07:00;-03:00;39,68000030517578;39,689998626708984;39,66999816894531;39,68000030517578;3400
2026-10-02;13:08:00;-03:00;39,68000030517578;39,68000030517578;39,650001525878906;39,650001525878906;1600
2026-10-02;13:09:00;-03:00;39,65999984741211;39,68000030517578;39,65999984741211;39,66999816894531;5300
2026-10-02;13:10:00;-03:00;39,650001525878906;39,66999816894531;39,650001525878906;39,650001525878906;500
2026-10-02;13:11:00;-03:00;39,65999984741211;39,65999984741211;39,619998931884766;39,619998931884766;1600
2026-10-02;13:12:00;-03:00;39,619998931884766;39,630001068115234;39,61000061035156;39,619998931884766;4600
2026-10-02;13:13:00;-03:00;39,619998931884766;39,619998931884766;39,540000915527344;39,540000915527344;127600
2026-10-02;13:14:00;-03:00;39,540000915527344;39,54999923706055;39,529998779296875;39,540000915527344;6900
2026-10-02;13:15:00;-03:00;39,540000915527344;39,560001373291016;39,529998779296875;39,529998779296875;10400
2026-10-02;13:16:00;-03:00;39,529998779296875;39,540000915527344;39,5099983215332;39,529998779296875;16500
2026-10-02;13:17:00;-03:00;39,529998779296875;39,54999923706055;39,529998779296875;39,529998779296875;9600
2026-10-02;13:18:00;-03:00;39,529998779296875;39,540000915527344;39,52000045776367;39,529998779296875;3700
2026-10-02;13:19:00;-03:00;39,529998779296875;39,58000183105469;39,52000045776367;39,560001373291016;28000
2026-10-02;13:20:00;-03:00;39,560001373291016;39,56999969482422;39,54999923706055;39,560001373291016;6000
2026-10-02;13:21:00;-03:00;39,560001373291016;39,56999969482422;39,560001373291016;39,56999969482422;1600
2026-10-02;13:22:00;-03:00;39,56999969482422;39,59000015258789;39,54999923706055;39,59000015258789;24300
2026-10-02;13:23:00;-03:00;39,59000015258789;39,59000015258789;39,560001373291016;39,560001373291016;4000
2026-10-02;13:24:00;-03:00;39,56999969482422;39,58000183105469;39,540000915527344;39,58000183105469;10300
2026-10-02;13:25:00;-03:00;39,58000183105469;39,59000015258789;39,560001373291016;39,58000183105469;5100
2026-10-02;13:26:00;-03:00;39,58000183105469;39,619998931884766;39,58000183105469;39,59000015258789;34700
2026-10-02;13:27:00;-03:00;39,59000015258789;39,63999938964844;39,58000183105469;39,630001068115234;19700
2026-10-02;13:28:00;-03:00;39,630001068115234;39,65999984741211;39,61000061035156;39,61000061035156;54200
2026-10-02;13:29:00;-03:00;39,630001068115234;39,63999938964844;39,560001373291016;39,56999969482422;13600
2026-10-02;13:30:00;-03:00;39,560001373291016;39,61000061035156;39,560001373291016;39,599998474121094;10300
2026-10-02;13:31:00;-03:00;39,61000061035156;39,61000061035156;39,58000183105469;39,59000015258789;2300
2026-10-02;13:32:00;-03:00;39,59000015258789;39,61000061035156;39,58000183105469;39,58000183105469;8900
2026-10-02;13:33:00;-03:00;39,58000183105469;39,58000183105469;39,560001373291016;39,56999969482422;1500
2026-10-02;13:34:00;-03:00;39,56999969482422;39,619998931884766;39,56999969482422;39,619998931884766;13100
2026-10-02;13:35:00;-03:00;39,619998931884766;39,650001525878906;39,619998931884766;39,630001068115234;9800
2026-10-02;13:36:00;-03:00;39,630001068115234;39,65999984741211;39,599998474121094;39,65999984741211;116600
2026-10-02;13:37:00;-03:00;39,66999816894531;39,66999816894531;39,630001068115234;39,65999984741211;13800
2026-10-02;13:38:00;-03:00;39,66999816894531;39,709999084472656;39,65999984741211;39,709999084472656;10700
2026-10-02;13:39:00;-03:00;39,709999084472656;39,7599983215332;39,70000076293945;39,7400016784668;11200
2026-10-02;13:40:00;-03:00;39,7400016784668;39,790000915527344;39,7400016784668;39,790000915527344;16100
2026-10-02;13:41:00;-03:00;39,790000915527344;39,790000915527344;39,77000045776367;39,77000045776367;4000
2026-10-02;13:42:00;-03:00;39,77000045776367;39,81999969482422;39,77000045776367;39,79999923706055;15200
2026-10-02;13:43:00;-03:00;39,790000915527344;39,79999923706055;39,7599983215332;39,7599983215332;12400
2026-10-02;13:44:00;-03:00;39,77000045776367;39,810001373291016;39,77000045776367;39,79999923706055;10800
2026-10-02;13:45:00;-03:00;39,790000915527344;39,79999923706055;39,779998779296875;39,779998779296875;12300
2026-10-02;13:46:00;-03:00;39,790000915527344;39,81999969482422;39,779998779296875;39,790000915527344;7100
2026-10-02;13:47:00;-03:00;39,790000915527344;39,83000183105469;39,779998779296875;39,810001373291016;7900
2026-10-02;13:48:00;-03:00;39,79999923706055;39,81999969482422;39,790000915527344;39,81999969482422;11800
2026-10-02;13:49:00;-03:00;39,81999969482422;39,83000183105469;39,7599983215332;39,7599983215332;74000
2026-10-02;13:50:00;-03:00;39,7599983215332;39,77000045776367;39,720001220703125;39,72999954223633;19900
2026-10-02;13:51:00;-03:00;39,72999954223633;39,7400016784668;39,720001220703125;39,72999954223633;15500
2026-10-02;13:52:00;-03:00;39,720001220703125;39,7400016784668;39,720001220703125;39,72999954223633;2300
2026-10-02;13:53:00;-03:00;39,720001220703125;39,7400016784668;39,720001220703125;39,7400016784668;3100
2026-10-02;13:54:00;-03:00;39,75;39,7599983215332;39,7400016784668;39,7400016784668;1700
2026-10-02;13:55:00;-03:00;39,7599983215332;39,77000045776367;39,7400016784668;39,75;3700
2026-10-02;13:56:00;-03:00;39,7599983215332;39,810001373291016;39,7599983215332;39,79999923706055;4900
2026-10-02;13:57:00;-03:00;39,79999923706055;39,83000183105469;39,79999923706055;39,81999969482422;5500
2026-10-02;13:58:00;-03:00;39,83000183105469;39,83000183105469;39,810001373291016;39,810001373291016;5800
2026-10-02;13:59:00;-03:00;39,83000183105469;39,83000183105469;39,779998779296875;39,790000915527344;4500
2026-10-02;14:00:00;-03:00;39,790000915527344;39,79999923706055;39,779998779296875;39,779998779296875;7200
2026-10-02;14:01:00;-03:00;39,779998779296875;39,79999923706055;39,77000045776367;39,79999923706055;9400
2026-10-02;14:02:00;-03:00;39,790000915527344;39,849998474121094;39,779998779296875;39,81999969482422;15400
2026-10-02;14:03:00;-03:00;39,83000183105469;39,84000015258789;39,810001373291016;39,84000015258789;7200
2026-10-02;14:04:00;-03:00;39,83000183105469;39,880001068115234;39,83000183105469;39,880001068115234;15600
2026-10-02;14:05:00;-03:00;39,86000061035156;39,88999938964844;39,86000061035156;39,880001068115234;9100
2026-10-02;14:06:00;-03:00;39,88999938964844;39,91999816894531;39,88999938964844;39,90999984741211;20100
2026-10-02;14:07:00;-03:00;39,90999984741211;39,90999984741211;39,880001068115234;39,900001525878906;5200
2026-10-02;14:08:00;-03:00;39,90999984741211;39,93000030517578;39,900001525878906;39,900001525878906;19600
2026-10-02;14:09:00;-03:00;39,900001525878906;39,900001525878906;39,880001068115234;39,88999938964844;8800
2026-10-02;14:10:00;-03:00;39,88999938964844;39,93000030517578;39,88999938964844;39,90999984741211;9800
2026-10-02;14:11:00;-03:00;39,91999816894531;39,91999816894531;39,900001525878906;39,91999816894531;9600
2026-10-02;14:12:00;-03:00;39,91999816894531;39,9900016784668;39,91999816894531;39,970001220703125;25300
2026-10-02;14:13:00;-03:00;39,970001220703125;39,97999954223633;39,959999084472656;39,959999084472656;8700
2026-10-02;14:14:00;-03:00;39,970001220703125;40,0;39,959999084472656;39,9900016784668;22900
2026-10-02;14:15:00;-03:00;40,0;40,040000915527344;40,0;40,040000915527344;27500
2026-10-02;14:16:00;-03:00;40,02000045776367;40,08000183105469;40,02000045776367;40,060001373291016;27600
2026-10-02;14:17:00;-03:00;40,060001373291016;40,09000015258789;40,060001373291016;40,09000015258789;9900
2026-10-02;14:18:00;-03:00;40,09000015258789;40,099998474121094;40,040000915527344;40,060001373291016;11400
2026-10-02;14:19:00;-03:00;40,06999969482422;40,08000183105469;40,04999923706055;40,06999969482422;9600
2026-10-02;14:20:00;-03:00;40,06999969482422;40,08000183105469;40,04999923706055;40,06999969482422;6900
2026-10-02;14:21:00;-03:00;40,060001373291016;40,06999969482422;39,959999084472656;39,97999954223633;23200
2026-10-02;14:22:00;-03:00;39,97999954223633;39,97999954223633;39,939998626708984;39,95000076293945;19800
2026-10-02;14:23:00;-03:00;39,959999084472656;39,970001220703125;39,93000030517578;39,939998626708984;58700
2026-10-02;14:24:00;-03:00;39,93000030517578;39,939998626708984;39,93000030517578;39,939998626708984;10300
2026-10-02;14:25:00;-03:00;39,93000030517578;39,95000076293945;39,93000030517578;39,93000030517578;11000
2026-10-02;14:26:00;-03:00;39,939998626708984;39,970001220703125;39,93000030517578;39,95000076293945;13600
2026-10-02;14:27:00;-03:00;39,95000076293945;39,959999084472656;39,93000030517578;39,959999084472656;10100
2026-10-02;14:28:00;-03:00;39,939998626708984;39,959999084472656;39,939998626708984;39,959999084472656;5200
2026-10-02;14:29:00;-03:00;39,959999084472656;39,970001220703125;39,95000076293945;39,970001220703125;5200
2026-10-02;14:30:00;-03:00;39,970001220703125;40,0;39,93000030517578;39,93000030517578;31100
2026-10-02;14:31:00;-03:00;39,95000076293945;39,970001220703125;39,91999816894531;39,95000076293945;33700
2026-10-02;14:32:00;-03:00;39,959999084472656;39,97999954223633;39,95000076293945;39,97999954223633;45400
2026-10-02;14:33:00;-03:00;39,97999954223633;40,02000045776367;39,970001220703125;40,0099983215332;26900
2026-10-02;14:34:00;-03:00;40,0099983215332;40,02000045776367;40,0;40,02000045776367;7000
2026-10-02;14:35:00;-03:00;40,02000045776367;40,06999969482422;40,02000045776367;40,060001373291016;23100
2026-10-02;14:36:00;-03:00;40,06999969482422;40,099998474121094;40,060001373291016;40,099998474121094;20400
2026-10-02;14:37:00;-03:00;40,09000015258789;40,130001068115234;40,09000015258789;40,09000015258789;41200
2026-10-02;14:38:00;-03:00;40,09000015258789;40,099998474121094;40,060001373291016;40,060001373291016;12100
2026-10-02;14:39:00;-03:00;40,06999969482422;40,09000015258789;40,060001373291016;40,09000015258789;7200
2026-10-02;14:40:00;-03:00;40,09000015258789;40,099998474121094;40,08000183105469;40,09000015258789;8900
2026-10-02;14:41:00;-03:00;40,09000015258789;40,119998931884766;40,09000015258789;40,09000015258789;7700
2026-10-02;14:42:00;-03:00;40,09000015258789;40,16999816894531;40,06999969482422;40,150001525878906;23700
2026-10-02;14:43:00;-03:00;40,150001525878906;40,150001525878906;40,119998931884766;40,150001525878906;6300
2026-10-02;14:44:00;-03:00;40,150001525878906;40,150001525878906;40,119998931884766;40,150001525878906;5400
2026-10-02;14:45:00;-03:00;40,150001525878906;40,18000030517578;40,130001068115234;40,150001525878906;10400
2026-10-02;14:46:00;-03:00;40,13999938964844;40,150001525878906;40,130001068115234;40,13999938964844;4400
2026-10-02;14:47:00;-03:00;40,13999938964844;40,150001525878906;40,119998931884766;40,150001525878906;6700
2026-10-02;14:48:00;-03:00;40,150001525878906;40,189998626708984;40,13999938964844;40,18000030517578;17200
2026-10-02;14:49:00;-03:00;40,18000030517578;40,189998626708984;40,15999984741211;40,18000030517578;9100
2026-10-02;14:50:00;-03:00;40,16999816894531;40,18000030517578;40,119998931884766;40,15999984741211;11100
2026-10-02;14:51:00;-03:00;40,15999984741211;40,189998626708984;40,150001525878906;40,189998626708984;10500
2026-10-02;14:52:00;-03:00;40,18000030517578;40,2400016784668;40,18000030517578;40,220001220703125;16100
2026-10-02;14:53:00;-03:00;40,220001220703125;40,220001220703125;40,18000030517578;40,18000030517578;5700
2026-10-02;14:54:00;-03:00;40,18000030517578;40,209999084472656;40,18000030517578;40,209999084472656;5000
2026-10-02;14:55:00;-03:00;40,189998626708984;40,20000076293945;40,18000030517578;40,189998626708984;12300
2026-10-02;14:56:00;-03:00;40,18000030517578;40,189998626708984;40,16999816894531;40,18000030517578;4100
2026-10-02;14:57:00;-03:00;40,16999816894531;40,18000030517578;40,15999984741211;40,15999984741211;7100
2026-10-02;14:58:00;-03:00;40,16999816894531;40,20000076293945;40,150001525878906;40,20000076293945;13200
2026-10-02;14:59:00;-03:00;40,20000076293945;40,209999084472656;40,16999816894531;40,189998626708984;9700
2026-10-02;15:00:00;-03:00;40,189998626708984;40,2400016784668;40,18000030517578;40,189998626708984;31600
2026-10-02;15:01:00;-03:00;40,20000076293945;40,209999084472656;40,16999816894531;40,18000030517578;8200
2026-10-02;15:02:00;-03:00;40,15999984741211;40,16999816894531;40,130001068115234;40,150001525878906;6400
2026-10-02;15:03:00;-03:00;40,13999938964844;40,15999984741211;40,04999923706055;40,04999923706055;76900
2026-10-02;15:04:00;-03:00;40,040000915527344;40,04999923706055;40,02000045776367;40,029998779296875;10800
2026-10-02;15:05:00;-03:00;40,02000045776367;40,060001373291016;40,02000045776367;40,04999923706055;12300
2026-10-02;15:06:00;-03:00;40,040000915527344;40,130001068115234;40,040000915527344;40,119998931884766;53700
2026-10-02;15:07:00;-03:00;40,119998931884766;40,150001525878906;40,11000061035156;40,119998931884766;11700
2026-10-02;15:08:00;-03:00;40,11000061035156;40,130001068115234;40,09000015258789;40,09000015258789;7700
2026-10-02;15:09:00;-03:00;40,099998474121094;40,099998474121094;40,06999969482422;40,099998474121094;5300
2026-10-02;15:10:00;-03:00;40,099998474121094;40,130001068115234;40,09000015258789;40,119998931884766;6100
2026-10-02;15:11:00;-03:00;40,11000061035156;40,15999984741211;40,11000061035156;40,15999984741211;9000
2026-10-02;15:12:00;-03:00;40,15999984741211;40,15999984741211;40,150001525878906;40,150001525878906;13700
2026-10-02;15:13:00;-03:00;40,15999984741211;40,20000076293945;40,13999938964844;40,189998626708984;22300
2026-10-02;15:14:00;-03:00;40,189998626708984;40,209999084472656;40,18000030517578;40,209999084472656;15000
2026-10-02;15:15:00;-03:00;40,20000076293945;40,2400016784668;40,20000076293945;40,22999954223633;21700
2026-10-02;15:16:00;-03:00;40,22999954223633;40,22999954223633;40,20000076293945;40,209999084472656;8400
2026-10-02;15:17:00;-03:00;40,209999084472656;40,220001220703125;40,20000076293945;40,20000076293945;9300
2026-10-02;15:18:00;-03:00;40,18000030517578;40,209999084472656;40,15999984741211;40,18000030517578;7900
2026-10-02;15:19:00;-03:00;40,16999816894531;40,20000076293945;40,16999816894531;40,189998626708984;10900
2026-10-02;15:20:00;-03:00;40,16999816894531;40,189998626708984;40,130001068115234;40,130001068115234;10400
2026-10-02;15:21:00;-03:00;40,13999938964844;40,189998626708984;40,130001068115234;40,189998626708984;19100
2026-10-02;15:22:00;-03:00;40,189998626708984;40,22999954223633;40,189998626708984;40,22999954223633;24300
2026-10-02;15:23:00;-03:00;40,22999954223633;40,27000045776367;40,220001220703125;40,27000045776367;25300
2026-10-02;15:24:00;-03:00;40,27000045776367;40,310001373291016;40,25;40,310001373291016;44400
2026-10-02;15:25:00;-03:00;40,310001373291016;40,31999969482422;40,290000915527344;40,29999923706055;7200
2026-10-02;15:26:00;-03:00;40,29999923706055;40,33000183105469;40,290000915527344;40,310001373291016;8300
2026-10-02;15:27:00;-03:00;40,31999969482422;40,33000183105469;40,29999923706055;40,33000183105469;11600
2026-10-02;15:28:00;-03:00;40,34000015258789;40,36000061035156;40,34000015258789;40,349998474121094;14200
2026-10-02;15:29:00;-03:00;40,34000015258789;40,349998474121094;40,34000015258789;40,349998474121094;3100
2026-10-02;15:30:00;-03:00;40,34000015258789;40,369998931884766;40,33000183105469;40,369998931884766;32300
2026-10-02;15:31:00;-03:00;40,369998931884766;40,38999938964844;40,349998474121094;40,36000061035156;22900
2026-10-02;15:32:00;-03:00;40,349998474121094;40,36000061035156;40,34000015258789;40,34000015258789;15400
2026-10-02;15:33:00;-03:00;40,36000061035156;40,36000061035156;40,33000183105469;40,33000183105469;11100
2026-10-02;15:34:00;-03:00;40,33000183105469;40,36000061035156;40,33000183105469;40,36000061035156;4700
2026-10-02;15:35:00;-03:00;40,36000061035156;40,38999938964844;40,349998474121094;40,380001068115234;14100
2026-10-02;15:36:00;-03:00;40,38999938964844;40,400001525878906;40,369998931884766;40,400001525878906;20100
2026-10-02;15:37:00;-03:00;40,400001525878906;40,400001525878906;40,380001068115234;40,38999938964844;9400
2026-10-02;15:38:00;-03:00;40,380001068115234;40,41999816894531;40,380001068115234;40,40999984741211;17200
2026-10-02;15:39:00;-03:00;40,40999984741211;40,40999984741211;40,380001068115234;40,380001068115234;12800
2026-10-02;15:40:00;-03:00;40,380001068115234;40,380001068115234;40,33000183105469;40,349998474121094;9000
2026-10-02;15:41:00;-03:00;40,34000015258789;40,369998931884766;40,34000015258789;40,36000061035156;6800
2026-10-02;15:42:00;-03:00;40,36000061035156;40,380001068115234;40,36000061035156;40,369998931884766;11900
2026-10-02;15:43:00;-03:00;40,369998931884766;40,38999938964844;40,369998931884766;40,380001068115234;9600
2026-10-02;15:44:00;-03:00;40,380001068115234;40,38999938964844;40,36000061035156;40,36000061035156;12600
2026-10-02;15:45:00;-03:00;40,369998931884766;40,38999938964844;40,349998474121094;40,349998474121094;15700
2026-10-02;15:46:00;-03:00;40,36000061035156;40,40999984741211;40,349998474121094;40,40999984741211;12900
2026-10-02;15:47:00;-03:00;40,40999984741211;40,43000030517578;40,400001525878906;40,400001525878906;13300
2026-10-02;15:48:00;-03:00;40,40999984741211;40,41999816894531;40,400001525878906;40,40999984741211;10800
2026-10-02;15:49:00;-03:00;40,400001525878906;40,43000030517578;40,400001525878906;40,43000030517578;9300
2026-10-02;15:50:00;-03:00;40,43000030517578;40,43000030517578;40,400001525878906;40,40999984741211;11200
2026-10-02;15:51:00;-03:00;40,40999984741211;40,41999816894531;40,38999938964844;40,38999938964844;10800
2026-10-02;15:52:00;-03:00;40,400001525878906;40,40999984741211;40,38999938964844;40,40999984741211;10300
2026-10-02;15:53:00;-03:00;40,40999984741211;40,45000076293945;40,400001525878906;40,45000076293945;26000
2026-10-02;15:54:00;-03:00;40,45000076293945;40,45000076293945;40,40999984741211;40,43000030517578;13400
2026-10-02;15:55:00;-03:00;40,43000030517578;40,43000030517578;40,40999984741211;40,43000030517578;13700
2026-10-02;15:56:00;-03:00;40,43000030517578;40,43000030517578;40,40999984741211;40,41999816894531;11400
2026-10-02;15:57:00;-03:00;40,40999984741211;40,439998626708984;40,40999984741211;40,439998626708984;9800
2026-10-02;15:58:00;-03:00;40,439998626708984;40,459999084472656;40,43000030517578;40,45000076293945;38800
2026-10-02;15:59:00;-03:00;40,43000030517578;40,47999954223633;40,43000030517578;40,459999084472656;22700
2026-10-02;16:00:00;-03:00;40,47999954223633;40,47999954223633;40,45000076293945;40,459999084472656;14500
2026-10-02;16:01:00;-03:00;40,459999084472656;40,470001220703125;40,45000076293945;40,459999084472656;8400
2026-10-02;16:02:00;-03:00;40,459999084472656;40,529998779296875;40,45000076293945;40,5;60800
2026-10-02;16:03:00;-03:00;40,4900016784668;40,529998779296875;40,47999954223633;40,52000045776367;16000
2026-10-02;16:04:00;-03:00;40,529998779296875;40,540000915527344;40,5099983215332;40,52000045776367;18800
2026-10-02;16:05:00;-03:00;40,540000915527344;40,54999923706055;40,52000045776367;40,52000045776367;14600
2026-10-02;16:06:00;-03:00;40,52000045776367;40,540000915527344;40,52000045776367;40,529998779296875;7900
2026-10-02;16:07:00;-03:00;40,52000045776367;40,540000915527344;40,52000045776367;40,540000915527344;7400
2026-10-02;16:08:00;-03:00;40,52000045776367;40,54999923706055;40,52000045776367;40,54999923706055;9200
2026-10-02;16:09:00;-03:00;40,54999923706055;40,58000183105469;40,54999923706055;40,56999969482422;29700
2026-10-02;16:10:00;-03:00;40,56999969482422;40,619998931884766;40,560001373291016;40,619998931884766;21700
2026-10-02;16:11:00;-03:00;40,61000061035156;40,63999938964844;40,61000061035156;40,619998931884766;23100
2026-10-02;16:12:00;-03:00;40,630001068115234;40,650001525878906;40,619998931884766;40,63999938964844;11700
2026-10-02;16:13:00;-03:00;40,650001525878906;40,68000030517578;40,650001525878906;40,650001525878906;35900
2026-10-02;16:14:00;-03:00;40,66999816894531;40,66999816894531;40,65999984741211;40,65999984741211;15400
2026-10-02;16:15:00;-03:00;40,66999816894531;40,66999816894531;40,59000015258789;40,630001068115234;25200
2026-10-02;16:16:00;-03:00;40,630001068115234;40,65999984741211;40,619998931884766;40,650001525878906;32300
2026-10-02;16:17:00;-03:00;40,650001525878906;40,65999984741211;40,630001068115234;40,650001525878906;42500
2026-10-02;16:18:00;-03:00;40,65999984741211;40,66999816894531;40,630001068115234;40,65999984741211;52800
2026-10-02;16:19:00;-03:00;40,65999984741211;40,689998626708984;40,65999984741211;40,68000030517578;28000
2026-10-02;16:20:00;-03:00;40,68000030517578;40,70000076293945;40,66999816894531;40,68000030517578;38700
2026-10-02;16:21:00;-03:00;40,689998626708984;40,72999954223633;40,68000030517578;40,70000076293945;18300
2026-10-02;16:22:00;-03:00;40,709999084472656;40,790000915527344;40,709999084472656;40,790000915527344;23300
2026-10-02;16:23:00;-03:00;40,790000915527344;40,790000915527344;40,77000045776367;40,790000915527344;20100
2026-10-02;16:24:00;-03:00;40,779998779296875;40,779998779296875;40,7400016784668;40,75;43100
2026-10-02;16:25:00;-03:00;40,7599983215332;40,790000915527344;40,72999954223633;40,7400016784668;39400
2026-10-02;16:26:00;-03:00;40,7400016784668;40,7599983215332;40,68000030517578;40,689998626708984;55500
2026-10-02;16:27:00;-03:00;40,689998626708984;40,70000076293945;40,68000030517578;40,689998626708984;28000
2026-10-02;16:28:00;-03:00;40,68000030517578;40,689998626708984;40,63999938964844;40,689998626708984;25600
2026-10-02;16:29:00;-03:00;40,68000030517578;40,709999084472656;40,65999984741211;40,68000030517578;35200
2026-10-02;16:30:00;-03:00;40,70000076293945;40,709999084472656;40,66999816894531;40,68000030517578;40500
2026-10-02;16:31:00;-03:00;40,68000030517578;40,68000030517578;40,599998474121094;40,66999816894531;71300
2026-10-02;16:32:00;-03:00;40,65999984741211;40,66999816894531;40,619998931884766;40,630001068115234;37100
2026-10-02;16:33:00;-03:00;40,630001068115234;40,63999938964844;40,58000183105469;40,59000015258789;34000
2026-10-02;16:34:00;-03:00;40,59000015258789;40,619998931884766;40,58000183105469;40,58000183105469;60100
2026-10-02;16:35:00;-03:00;40,58000183105469;40,58000183105469;40,4900016784668;40,529998779296875;130900
2026-10-02;16:36:00;-03:00;40,540000915527344;40,58000183105469;40,5099983215332;40,54999923706055;55000
2026-10-02;16:37:00;-03:00;40,54999923706055;40,54999923706055;40,47999954223633;40,4900016784668;75700
2026-10-02;16:38:00;-03:00;40,47999954223633;40,5;40,470001220703125;40,4900016784668;26100
2026-10-02;16:39:00;-03:00;40,5;40,5099983215332;40,47999954223633;40,47999954223633;23600
2026-10-02;16:40:00;-03:00;40,4900016784668;40,529998779296875;40,47999954223633;40,52000045776367;38700
2026-10-02;16:41:00;-03:00;40,529998779296875;40,54999923706055;40,5;40,5099983215332;162600
2026-10-02;16:42:00;-03:00;40,5099983215332;40,5099983215332;40,5;40,5099983215332;24800
2026-10-02;16:43:00;-03:00;40,5099983215332;40,529998779296875;40,5;40,5099983215332;24200
2026-10-02;16:44:00;-03:00;40,52000045776367;40,529998779296875;40,5099983215332;40,5099983215332;20400
2026-10-02;16:45:00;-03:00;40,52000045776367;40,540000915527344;40,5;40,540000915527344;54800
2026-10-02;16:46:00;-03:00;40,540000915527344;40,54999923706055;40,529998779296875;40,540000915527344;15800
2026-10-02;16:47:00;-03:00;40,540000915527344;40,560001373291016;40,529998779296875;40,54999923706055;38700
2026-10-02;16:48:00;-03:00;40,540000915527344;40,56999969482422;40,529998779296875;40,54999923706055;29900
2026-10-02;16:49:00;-03:00;40,54999923706055;40,560001373291016;40,470001220703125;40,5;148600
2026-10-02;16:50:00;-03:00;40,5099983215332;40,540000915527344;40,439998626708984;40,45000076293945;264200
2026-10-02;16:51:00;-03:00;40,470001220703125;40,5;40,40999984741211;40,5;134100
2026-10-02;16:52:00;-03:00;40,5;40,5;40,4900016784668;40,4900016784668;25600
2026-10-02;16:53:00;-03:00;40,4900016784668;40,52000045776367;40,47999954223633;40,52000045776367;49700
2026-10-02;16:54:00;-03:00;40,52000045776367;40,540000915527344;40,47999954223633;40,4900016784668;44600
2026-10-05;10:15:00;-03:00;41,900001525878906;42,400001525878906;41,720001220703125;42,33000183105469;197400
2026-10-05;10:16:00;-03:00;42,31999969482422;42,41999816894531;42,27000045776367;42,34000015258789;40200
2026-10-05;10:17:00;-03:00;42,310001373291016;42,369998931884766;42,16999816894531;42,25;19300
2026-10-05;10:18:00;-03:00;42,22999954223633;42,2400016784668;41,95000076293945;42,02000045776367;19100
2026-10-05;10:19:00;-03:00;42,040000915527344;42,040000915527344;41,869998931884766;41,880001068115234;14000
2026-10-05;10:20:00;-03:00;41,869998931884766;42,150001525878906;41,810001373291016;42,130001068115234;36000
2026-10-05;10:21:00;-03:00;42,15999984741211;42,290000915527344;42,11000061035156;42,16999816894531;32500
2026-10-05;10:22:00;-03:00;42,18000030517578;42,27000045776367;42,150001525878906;42,22999954223633;25100
2026-10-05;10:23:00;-03:00;42,22999954223633;42,25;41,900001525878906;41,900001525878906;31000
2026-10-05;10:24:00;-03:00;41,97999954223633;42,11000061035156;41,97999954223633;42,06999969482422;11800
2026-10-05;10:25:00;-03:00;42,060001373291016;42,11000061035156;41,83000183105469;41,83000183105469;33600
2026-10-05;10:26:00;-03:00;41,869998931884766;41,869998931884766;41,65999984741211;41,86000061035156;25600
2026-10-05;10:27:00;-03:00;41,869998931884766;42,0;41,79999923706055;41,959999084472656;36200
2026-10-05;10:28:00;-03:00;41,970001220703125;41,970001220703125;41,81999969482422;41,81999969482422;16600
2026-10-05;10:29:00;-03:00;41,84000015258789;41,93000030517578;41,779998779296875;41,83000183105469;32900
2026-10-05;10:30:00;-03:00;41,83000183105469;41,849998474121094;41,7400016784668;41,83000183105469;41600
2026-10-05;10:31:00;-03:00;41,83000183105469;41,959999084472656;41,83000183105469;41,91999816894531;92000
2026-10-05;10:32:00;-03:00;41,91999816894531;41,93000030517578;41,869998931884766;41,88999938964844;20600
2026-10-05;10:33:00;-03:00;41,88999938964844;42,0099983215332;41,88999938964844;41,95000076293945;72900
2026-10-05;10:34:00;-03:00;41,959999084472656;42,04999923706055;41,95000076293945;42,02000045776367;62000
2026-10-05;10:35:00;-03:00;42,02000045776367;42,08000183105469;41,9900016784668;42,04999923706055;45800
2026-10-05;10:36:00;-03:00;42,029998779296875;42,06999969482422;41,880001068115234;41,880001068115234;114800
2026-10-05;10:37:00;-03:00;41,869998931884766;41,91999816894531;41,79999923706055;41,880001068115234;230000
2026-10-05;10:38:00;-03:00;41,900001525878906;42,13999938964844;41,900001525878906;42,119998931884766;127100
2026-10-05;10:39:00;-03:00;42,130001068115234;42,25;42,04999923706055;42,209999084472656;71200
2026-10-05;10:40:00;-03:00;42,18000030517578;42,25;42,13999938964844;42,13999938964844;49800
2026-10-05;10:41:00;-03:00;42,11000061035156;42,22999954223633;42,09000015258789;42,119998931884766;111700
2026-10-05;10:42:00;-03:00;42,119998931884766;42,27000045776367;42,11000061035156;42,2599983215332;147700
2026-10-05;10:43:00;-03:00;42,2599983215332;42,29999923706055;42,18000030517578;42,29999923706055;71000
2026-10-05;10:44:00;-03:00;42,31999969482422;42,33000183105469;42,27000045776367;42,29999923706055;62800
2026-10-05;10:45:00;-03:00;42,310001373291016;42,31999969482422;42,02000045776367;42,040000915527344;60700
2026-10-05;10:46:00;-03:00;42,040000915527344;42,040000915527344;41,91999816894531;41,97999954223633;52000
2026-10-05;10:47:00;-03:00;41,97999954223633;41,97999954223633;41,880001068115234;41,880001068115234;72900
2026-10-05;10:48:00;-03:00;41,869998931884766;41,900001525878906;41,81999969482422;41,88999938964844;23400
2026-10-05;10:49:00;-03:00;41,880001068115234;41,95000076293945;41,869998931884766;41,880001068115234;11500
2026-10-05;10:50:00;-03:00;41,88999938964844;41,93000030517578;41,869998931884766;41,869998931884766;17300
2026-10-05;10:51:00;-03:00;41,900001525878906;41,93000030517578;41,880001068115234;41,91999816894531;9800
2026-10-05;10:52:00;-03:00;41,91999816894531;41,95000076293945;41,900001525878906;41,91999816894531;10300
2026-10-05;10:53:00;-03:00;41,93000030517578;41,93000030517578;41,88999938964844;41,90999984741211;10300
2026-10-05;10:54:00;-03:00;41,90999984741211;41,939998626708984;41,880001068115234;41,880001068115234;35300
2026-10-05;10:55:00;-03:00;41,880001068115234;41,939998626708984;41,86000061035156;41,91999816894531;26900
2026-10-05;10:56:00;-03:00;41,939998626708984;41,97999954223633;41,869998931884766;41,959999084472656;28300
2026-10-05;10:57:00;-03:00;41,959999084472656;41,97999954223633;41,86000061035156;41,86000061035156;14600
2026-10-05;10:58:00;-03:00;41,849998474121094;41,86000061035156;41,7400016784668;41,779998779296875;21300
2026-10-05;10:59:00;-03:00;41,779998779296875;41,84000015258789;41,779998779296875;41,810001373291016;19300
2026-10-05;11:00:00;-03:00;41,81999969482422;41,869998931884766;41,65999984741211;41,68000030517578;44100
2026-10-05;11:01:00;-03:00;41,68000030517578;41,779998779296875;41,68000030517578;41,72999954223633;24700
2026-10-05;11:02:00;-03:00;41,72999954223633;41,75;41,63999938964844;41,709999084472656;37000
2026-10-05;11:03:00;-03:00;41,689998626708984;41,72999954223633;41,65999984741211;41,70000076293945;30400
2026-10-05;11:04:00;-03:00;41,70000076293945;41,720001220703125;41,56999969482422;41,61000061035156;65000
2026-10-05;11:05:00;-03:00;41,619998931884766;41,720001220703125;41,61000061035156;41,720001220703125;61500
2026-10-05;11:06:00;-03:00;41,720001220703125;41,810001373291016;41,66999816894531;41,720001220703125;31300
2026-10-05;11:07:00;-03:00;41,720001220703125;41,86000061035156;41,709999084472656;41,810001373291016;47000
2026-10-05;11:08:00;-03:00;41,83000183105469;41,88999938964844;41,810001373291016;41,84000015258789;31800
2026-10-05;11:09:00;-03:00;41,84000015258789;41,88999938964844;41,810001373291016;41,869998931884766;22100
2026-10-05;11:10:00;-03:00;41,869998931884766;41,880001068115234;41,779998779296875;41,880001068115234;38600
2026-10-05;11:11:00;-03:00;41,88999938964844;41,900001525878906;41,84000015258789;41,88999938964844;41100
2026-10-05;11:12:00;-03:00;41,880001068115234;41,880001068115234;41,81999969482422;41,84000015258789;58500
2026-10-05;11:13:00;-03:00;41,86000061035156;41,869998931884766;41,709999084472656;41,72999954223633;22500
2026-10-05;11:14:00;-03:00;41,72999954223633;41,79999923706055;41,720001220703125;41,779998779296875;25200
2026-10-05;11:15:00;-03:00;41,779998779296875;41,790000915527344;41,7400016784668;41,77000045776367;25100
2026-10-05;11:16:00;-03:00;41,779998779296875;41,79999923706055;41,7599983215332;41,779998779296875;25400
2026-10-05;11:17:00;-03:00;41,790000915527344;41,79999923706055;41,63999938964844;41,70000076293945;32700
2026-10-05;11:18:00;-03:00;41,709999084472656;41,720001220703125;41,630001068115234;41,630001068115234;14600
2026-10-05;11:19:00;-03:00;41,619998931884766;41,630001068115234;41,439998626708984;41,470001220703125;80000
2026-10-05;11:20:00;-03:00;41,470001220703125;41,560001373291016;41,470001220703125;41,47999954223633;30100
2026-10-05;11:21:00;-03:00;41,470001220703125;41,529998779296875;41,40999984741211;41,41999816894531;19600
2026-10-05;11:22:00;-03:00;41,40999984741211;41,40999984741211;41,2599983215332;41,349998474121094;40300
2026-10-05;11:23:00;-03:00;41,349998474121094;41,380001068115234;41,310001373291016;41,36000061035156;27300
2026-10-05;11:24:00;-03:00;41,369998931884766;41,47999954223633;41,36000061035156;41,459999084472656;26500
2026-10-05;11:25:00;-03:00;41,439998626708984;41,439998626708984;41,380001068115234;41,38999938964844;39300
2026-10-05;11:26:00;-03:00;41,38999938964844;41,43000030517578;41,369998931884766;41,380001068115234;12500
2026-10-05;11:27:00;-03:00;41,369998931884766;41,369998931884766;41,25;41,25;17000
2026-10-05;11:28:00;-03:00;41,27000045776367;41,27000045776367;41,16999816894531;41,18000030517578;18800
2026-10-05;11:29:00;-03:00;41,189998626708984;41,25;41,13999938964844;41,2400016784668;27300
2026-10-05;11:30:00;-03:00;41,22999954223633;41,25;41,09000015258789;41,20000076293945;66200
2026-10-05;11:31:00;-03:00;41,189998626708984;41,290000915527344;41,16999816894531;41,290000915527344;25300
2026-10-05;11:32:00;-03:00;41,27000045776367;41,290000915527344;41,209999084472656;41,22999954223633;11300
2026-10-05;11:33:00;-03:00;41,22999954223633;41,22999954223633;41,18000030517578;41,209999084472656;23600
2026-10-05;11:34:00;-03:00;41,22999954223633;41,27000045776367;41,13999938964844;41,16999816894531;26500
2026-10-05;11:35:00;-03:00;41,18000030517578;41,209999084472656;41,119998931884766;41,16999816894531;25500
2026-10-05;11:36:00;-03:00;41,16999816894531;41,20000076293945;41,150001525878906;41,15999984741211;31000
2026-10-05;11:37:00;-03:00;41,15999984741211;41,15999984741211;41,08000183105469;41,08000183105469;13900
2026-10-05;11:38:00;-03:00;41,09000015258789;41,119998931884766;41,06999969482422;41,08000183105469;38000
2026-10-05;11:39:00;-03:00;41,09000015258789;41,11000061035156;41,08000183105469;41,099998474121094;22100
2026-10-05;11:40:00;-03:00;41,11000061035156;41,20000076293945;41,09000015258789;41,20000076293945;25800
2026-10-05;11:41:00;-03:00;41,209999084472656;41,290000915527344;41,189998626708984;41,2400016784668;23400
2026-10-05;11:42:00;-03:00;41,2400016784668;41,2599983215332;41,16999816894531;41,18000030517578;17500
2026-10-05;11:43:00;-03:00;41,20000076293945;41,27000045776367;41,20000076293945;41,2400016784668;23800
2026-10-05;11:44:00;-03:00;41,22999954223633;41,2400016784668;41,16999816894531;41,18000030517578;8500
2026-10-05;11:45:00;-03:00;41,18000030517578;41,189998626708984;41,119998931884766;41,16999816894531;19800
2026-10-05;11:46:00;-03:00;41,16999816894531;41,22999954223633;41,150001525878906;41,22999954223633;12900
2026-10-05;11:47:00;-03:00;41,22999954223633;41,279998779296875;41,209999084472656;41,25;21000
2026-10-05;11:48:00;-03:00;41,27000045776367;41,380001068115234;41,27000045776367;41,369998931884766;38600
2026-10-05;11:49:00;-03:00;41,36000061035156;41,38999938964844;41,310001373291016;41,36000061035156;25500
2026-10-05;11:50:00;-03:00;41,36000061035156;41,41999816894531;41,36000061035156;41,400001525878906;26600
2026-10-05;11:51:00;-03:00;41,40999984741211;41,41999816894531;41,34000015258789;41,36000061035156;19900
2026-10-05;11:52:00;-03:00;41,36000061035156;41,380001068115234;41,310001373291016;41,31999969482422;27700
2026-10-05;11:53:00;-03:00;41,31999969482422;41,349998474121094;41,290000915527344;41,290000915527344;21400
2026-10-05;11:54:00;-03:00;41,27000045776367;41,27000045776367;41,209999084472656;41,220001220703125;14100
2026-10-05;11:55:00;-03:00;41,20000076293945;41,2599983215332;41,18000030517578;41,22999954223633;15200
2026-10-05;11:56:00;-03:00;41,22999954223633;41,290000915527344;41,22999954223633;41,25;16000
2026-10-05;11:57:00;-03:00;41,22999954223633;41,22999954223633;41,15999984741211;41,20000076293945;12000
2026-10-05;11:58:00;-03:00;41,20000076293945;41,20000076293945;41,09000015258789;41,09000015258789;19800
2026-10-05;11:59:00;-03:00;41,099998474121094;41,16999816894531;41,02000045776367;41,130001068115234;35600
2026-10-05;12:00:00;-03:00;41,13999938964844;41,25;41,13999938964844;41,2400016784668;16800
2026-10-05;12:01:00;-03:00;41,2400016784668;41,290000915527344;41,2400016784668;41,290000915527344;12300
2026-10-05;12:02:00;-03:00;41,290000915527344;41,38999938964844;41,27000045776367;41,380001068115234;25800
2026-10-05;12:03:00;-03:00;41,380001068115234;41,40999984741211;41,31999969482422;41,31999969482422;18900
2026-10-05;12:04:00;-03:00;41,34000015258789;41,40999984741211;41,33000183105469;41,400001525878906;24300
2026-10-05;12:05:00;-03:00;41,40999984741211;41,439998626708984;41,38999938964844;41,38999938964844;23400
2026-10-05;12:06:00;-03:00;41,38999938964844;41,38999938964844;41,279998779296875;41,310001373291016;19500
2026-10-05;12:07:00;-03:00;41,310001373291016;41,41999816894531;41,310001373291016;41,38999938964844;15700
2026-10-05;12:08:00;-03:00;41,38999938964844;41,38999938964844;41,27000045776367;41,27000045776367;21200
2026-10-05;12:09:00;-03:00;41,290000915527344;41,33000183105469;41,2599983215332;41,310001373291016;14500
2026-10-05;12:10:00;-03:00;41,31999969482422;41,40999984741211;41,29999923706055;41,310001373291016;50800
2026-10-05;12:11:00;-03:00;41,310001373291016;41,36000061035156;41,310001373291016;41,349998474121094;24100
2026-10-05;12:12:00;-03:00;41,349998474121094;41,380001068115234;41,31999969482422;41,349998474121094;14900
2026-10-05;12:13:00;-03:00;41,349998474121094;41,36000061035156;41,310001373291016;41,33000183105469;13100
2026-10-05;12:14:00;-03:00;41,31999969482422;41,34000015258789;41,290000915527344;41,310001373291016;11300
2026-10-05;12:15:00;-03:00;41,310001373291016;41,31999969482422;41,220001220703125;41,25;11100
2026-10-05;12:16:00;-03:00;41,22999954223633;41,22999954223633;41,13999938964844;41,189998626708984;20400
2026-10-05;12:17:00;-03:00;41,189998626708984;41,209999084472656;41,11000061035156;41,16999816894531;18500
2026-10-05;12:18:00;-03:00;41,18000030517578;41,18000030517578;41,119998931884766;41,150001525878906;10700
2026-10-05;12:19:00;-03:00;41,13999938964844;41,15999984741211;41,119998931884766;41,119998931884766;7100
2026-10-05;12:20:00;-03:00;41,119998931884766;41,119998931884766;41,08000183105469;41,08000183105469;15100
2026-10-05;12:21:00;-03:00;41,08000183105469;41,18000030517578;41,060001373291016;41,16999816894531;30200
2026-10-05;12:22:00;-03:00;41,18000030517578;41,20000076293945;41,150001525878906;41,18000030517578;10700
2026-10-05;12:23:00;-03:00;41,18000030517578;41,2599983215332;41,18000030517578;41,20000076293945;17300
2026-10-05;12:24:00;-03:00;41,20000076293945;41,20000076293945;41,16999816894531;41,189998626708984;9900
2026-10-05;12:25:00;-03:00;41,189998626708984;41,2599983215332;41,189998626708984;41,2599983215332;11800
2026-10-05;12:26:00;-03:00;41,25;41,33000183105469;41,2400016784668;41,29999923706055;30500
2026-10-05;12:27:00;-03:00;41,29999923706055;41,36000061035156;41,2599983215332;41,290000915527344;32500
2026-10-05;12:28:00;-03:00;41,279998779296875;41,34000015258789;41,27000045776367;41,27000045776367;20200
2026-10-05;12:29:00;-03:00;41,25;41,310001373291016;41,22999954223633;41,290000915527344;14900
2026-10-05;12:30:00;-03:00;41,29999923706055;41,33000183105469;41,2599983215332;41,290000915527344;24000
2026-10-05;12:31:00;-03:00;41,290000915527344;41,290000915527344;41,189998626708984;41,189998626708984;14600
2026-10-05;12:32:00;-03:00;41,189998626708984;41,209999084472656;41,16999816894531;41,189998626708984;15200
2026-10-05;12:33:00;-03:00;41,20000076293945;41,279998779296875;41,20000076293945;41,25;19700
2026-10-05;12:34:00;-03:00;41,25;41,25;41,150001525878906;41,16999816894531;14100
2026-10-05;12:35:00;-03:00;41,189998626708984;41,189998626708984;41,08000183105469;41,099998474121094;21400
2026-10-05;12:36:00;-03:00;41,099998474121094;41,209999084472656;41,099998474121094;41,18000030517578;18200
2026-10-05;12:37:00;-03:00;41,16999816894531;41,20000076293945;41,150001525878906;41,189998626708984;20300
2026-10-05;12:38:00;-03:00;41,18000030517578;41,189998626708984;41,130001068115234;41,13999938964844;9500
2026-10-05;12:39:00;-03:00;41,150001525878906;41,15999984741211;41,13999938964844;41,15999984741211;6300
2026-10-05;12:40:00;-03:00;41,150001525878906;41,189998626708984;41,150001525878906;41,16999816894531;14500
2026-10-05;12:41:00;-03:00;41,15999984741211;41,18000030517578;41,130001068115234;41,15999984741211;15200
2026-10-05;12:42:00;-03:00;41,15999984741211;41,16999816894531;41,119998931884766;41,119998931884766;6100
2026-10-05;12:43:00;-03:00;41,130001068115234;41,16999816894531;41,11000061035156;41,16999816894531;10500
2026-10-05;12:44:00;-03:00;41,16999816894531;41,20000076293945;41,16999816894531;41,189998626708984;8100
2026-10-05;12:45:00;-03:00;41,18000030517578;41,290000915527344;41,18000030517578;41,279998779296875;13000
2026-10-05;12:46:00;-03:00;41,290000915527344;41,31999969482422;41,220001220703125;41,27000045776367;17100
2026-10-05;12:47:00;-03:00;41,2599983215332;41,290000915527344;41,220001220703125;41,290000915527344;14900
2026-10-05;12:48:00;-03:00;41,290000915527344;41,33000183105469;41,290000915527344;41,33000183105469;25900
2026-10-05;12:49:00;-03:00;41,33000183105469;41,400001525878906;41,33000183105469;41,36000061035156;37000
2026-10-05;12:50:00;-03:00;41,369998931884766;41,38999938964844;41,369998931884766;41,38999938964844;11700
2026-10-05;12:51:00;-03:00;41,38999938964844;41,41999816894531;41,369998931884766;41,40999984741211;41500
2026-10-05;12:52:00;-03:00;41,400001525878906;41,41999816894531;41,400001525878906;41,41999816894531;10400
2026-10-05;12:53:00;-03:00;41,41999816894531;41,470001220703125;41,41999816894531;41,470001220703125;13100
2026-10-05;12:54:00;-03:00;41,470001220703125;41,4900016784668;41,439998626708984;41,47999954223633;25000
2026-10-05;12:55:00;-03:00;41,47999954223633;41,4900016784668;41,43000030517578;41,43000030517578;15200
2026-10-05;12:56:00;-03:00;41,439998626708984;41,439998626708984;41,400001525878906;41,43000030517578;13200
2026-10-05;12:57:00;-03:00;41,439998626708984;41,47999954223633;41,439998626708984;41,439998626708984;20600
2026-10-05;12:58:00;-03:00;41,45000076293945;41,5;41,45000076293945;41,47999954223633;11300
2026-10-05;12:59:00;-03:00;41,47999954223633;41,5;41,43000030517578;41,470001220703125;10800
2026-10-05;13:00:00;-03:00;41,459999084472656;41,470001220703125;41,41999816894531;41,43000030517578;9300
2026-10-05;13:01:00;-03:00;41,43000030517578;41,459999084472656;41,41999816894531;41,439998626708984;12100
2026-10-05;13:02:00;-03:00;41,439998626708984;41,439998626708984;41,349998474121094;41,349998474121094;7500
2026-10-05;13:03:00;-03:00;41,36000061035156;41,369998931884766;41,2599983215332;41,290000915527344;23200
2026-10-05;13:04:00;-03:00;41,29999923706055;41,31999969482422;41,279998779296875;41,29999923706055;19800
2026-10-05;13:05:00;-03:00;41,290000915527344;41,310001373291016;41,25;41,290000915527344;54900
2026-10-05;13:06:00;-03:00;41,290000915527344;41,369998931884766;41,279998779296875;41,36000061035156;13600
2026-10-05;13:07:00;-03:00;41,36000061035156;41,36000061035156;41,31999969482422;41,31999969482422;7200
2026-10-05;13:08:00;-03:00;41,34000015258789;41,349998474121094;41,31999969482422;41,31999969482422;11800
2026-10-05;13:09:00;-03:00;41,33000183105469;41,33000183105469;41,29999923706055;41,310001373291016;4200
2026-10-05;13:10:00;-03:00;41,31999969482422;41,40999984741211;41,31999969482422;41,38999938964844;26200
2026-10-05;13:11:00;-03:00;41,38999938964844;41,52000045776367;41,38999938964844;41,459999084472656;72500
2026-10-05;13:12:00;-03:00;41,47999954223633;41,52000045776367;41,459999084472656;41,4900016784668;15900
2026-10-05;13:13:00;-03:00;41,5;41,52000045776367;41,459999084472656;41,470001220703125;18100
2026-10-05;13:14:00;-03:00;41,470001220703125;41,47999954223633;41,400001525878906;41,43000030517578;11700
2026-10-05;13:15:00;-03:00;41,40999984741211;41,41999816894531;41,380001068115234;41,38999938964844;7900
2026-10-05;13:16:00;-03:00;41,38999938964844;41,400001525878906;41,349998474121094;41,369998931884766;9600
2026-10-05;13:17:00;-03:00;41,38999938964844;41,45000076293945;41,38999938964844;41,41999816894531;9400
2026-10-05;13:18:00;-03:00;41,41999816894531;41,459999084472656;41,40999984741211;41,459999084472656;11100
2026-10-05;13:19:00;-03:00;41,45000076293945;41,45000076293945;41,40999984741211;41,40999984741211;9200
2026-10-05;13:20:00;-03:00;41,43000030517578;41,43000030517578;41,380001068115234;41,380001068115234;7600
2026-10-05;13:21:00;-03:00;41,400001525878906;41,400001525878906;41,369998931884766;41,380001068115234;8500
2026-10-05;13:22:00;-03:00;41,400001525878906;41,45000076293945;41,400001525878906;41,439998626708984;9600
2026-10-05;13:23:00;-03:00;41,43000030517578;41,4900016784668;41,43000030517578;41,47999954223633;13600
2026-10-05;13:24:00;-03:00;41,47999954223633;41,4900016784668;41,45000076293945;41,470001220703125;14800
2026-10-05;13:25:00;-03:00;41,470001220703125;41,47999954223633;41,45000076293945;41,459999084472656;11900
2026-10-05;13:26:00;-03:00;41,45000076293945;41,459999084472656;41,369998931884766;41,369998931884766;8400
2026-10-05;13:27:00;-03:00;41,369998931884766;41,369998931884766;41,27000045776367;41,310001373291016;12800
2026-10-05;13:28:00;-03:00;41,290000915527344;41,369998931884766;41,290000915527344;41,369998931884766;9800
2026-10-05;13:29:00;-03:00;41,369998931884766;41,380001068115234;41,31999969482422;41,34000015258789;7100
2026-10-05;13:30:00;-03:00;41,34000015258789;41,380001068115234;41,31999969482422;41,380001068115234;9100
2026-10-05;13:31:00;-03:00;41,369998931884766;41,38999938964844;41,31999969482422;41,38999938964844;15200
2026-10-05;13:32:00;-03:00;41,38999938964844;41,40999984741211;41,369998931884766;41,40999984741211;4900
2026-10-05;13:33:00;-03:00;41,41999816894531;41,43000030517578;41,38999938964844;41,400001525878906;9500
2026-10-05;13:34:00;-03:00;41,400001525878906;41,40999984741211;41,36000061035156;41,369998931884766;4600
2026-10-05;13:35:00;-03:00;41,36000061035156;41,40999984741211;41,36000061035156;41,38999938964844;6700
2026-10-05;13:36:00;-03:00;41,400001525878906;41,439998626708984;41,38999938964844;41,43000030517578;10400
2026-10-05;13:37:00;-03:00;41,43000030517578;41,439998626708984;41,40999984741211;41,40999984741211;9400
2026-10-05;13:38:00;-03:00;41,41999816894531;41,459999084472656;41,41999816894531;41,439998626708984;13300
2026-10-05;13:39:00;-03:00;41,439998626708984;41,47999954223633;41,41999816894531;41,439998626708984;19200
2026-10-05;13:40:00;-03:00;41,43000030517578;41,439998626708984;41,380001068115234;41,40999984741211;16300
2026-10-05;13:41:00;-03:00;41,41999816894531;41,43000030517578;41,400001525878906;41,40999984741211;9300
2026-10-05;13:42:00;-03:00;41,41999816894531;41,41999816894531;41,36000061035156;41,36000061035156;13300
2026-10-05;13:43:00;-03:00;41,36000061035156;41,369998931884766;41,31999969482422;41,34000015258789;6600
2026-10-05;13:44:00;-03:00;41,34000015258789;41,349998474121094;41,2400016784668;41,27000045776367;14500
2026-10-05;13:45:00;-03:00;41,27000045776367;41,31999969482422;41,27000045776367;41,310001373291016;10500
2026-10-05;13:46:00;-03:00;41,310001373291016;41,310001373291016;41,2599983215332;41,27000045776367;7100
2026-10-05;13:47:00;-03:00;41,27000045776367;41,279998779296875;41,189998626708984;41,220001220703125;15300
2026-10-05;13:48:00;-03:00;41,209999084472656;41,22999954223633;41,150001525878906;41,16999816894531;22400
2026-10-05;13:49:00;-03:00;41,15999984741211;41,18000030517578;41,09000015258789;41,119998931884766;26300
2026-10-05;13:50:00;-03:00;41,130001068115234;41,18000030517578;41,08000183105469;41,08000183105469;16400
2026-10-05;13:51:00;-03:00;41,09000015258789;41,11000061035156;41,06999969482422;41,09000015258789;11000
2026-10-05;13:52:00;-03:00;41,11000061035156;41,130001068115234;41,04999923706055;41,060001373291016;15300
2026-10-05;13:53:00;-03:00;41,060001373291016;41,08000183105469;41,0099983215332;41,06999969482422;34400
2026-10-05;13:54:00;-03:00;41,06999969482422;41,06999969482422;40,93000030517578;40,939998626708984;39500
2026-10-05;13:55:00;-03:00;40,93000030517578;40,9900016784668;40,91999816894531;40,959999084472656;22500
2026-10-05;13:56:00;-03:00;40,959999084472656;41,119998931884766;40,95000076293945;41,099998474121094;40400
2026-10-05;13:57:00;-03:00;41,08000183105469;41,150001525878906;41,06999969482422;41,09000015258789;17000
2026-10-05;13:58:00;-03:00;41,09000015258789;41,09000015258789;41,0099983215332;41,040000915527344;14100
2026-10-05;13:59:00;-03:00;41,040000915527344;41,040000915527344;40,970001220703125;41,029998779296875;11400
2026-10-05;14:00:00;-03:00;41,040000915527344;41,04999923706055;40,959999084472656;41,0;10400
2026-10-05;14:01:00;-03:00;41,029998779296875;41,060001373291016;41,0099983215332;41,029998779296875;10600
2026-10-05;14:02:00;-03:00;41,029998779296875;41,060001373291016;41,0099983215332;41,0099983215332;11600
2026-10-05;14:03:00;-03:00;41,02000045776367;41,04999923706055;40,9900016784668;41,02000045776367;10100
2026-10-05;14:04:00;-03:00;41,0;41,04999923706055;41,0;41,029998779296875;4700
2026-10-05;14:05:00;-03:00;41,040000915527344;41,04999923706055;40,97999954223633;41,02000045776367;12800
2026-10-05;14:06:00;-03:00;41,02000045776367;41,02000045776367;40,970001220703125;40,9900016784668;15400
2026-10-05;14:07:00;-03:00;40,97999954223633;41,0099983215332;40,97999954223633;41,0;6800
2026-10-05;14:08:00;-03:00;41,0;41,0099983215332;40,959999084472656;40,970001220703125;9200
2026-10-05;14:09:00;-03:00;40,959999084472656;40,970001220703125;40,93000030517578;40,95000076293945;7900
2026-10-05;14:10:00;-03:00;40,939998626708984;40,959999084472656;40,880001068115234;40,93000030517578;31100
2026-10-05;14:11:00;-03:00;40,93000030517578;40,939998626708984;40,90999984741211;40,93000030517578;7900
2026-10-05;14:12:00;-03:00;40,93000030517578;40,95000076293945;40,91999816894531;40,93000030517578;11900
2026-10-05;14:13:00;-03:00;40,93000030517578;40,9900016784668;40,93000030517578;40,9900016784668;6700
2026-10-05;14:14:00;-03:00;40,97999954223633;41,0;40,95000076293945;41,0;13300
2026-10-05;14:15:00;-03:00;41,0;41,040000915527344;40,9900016784668;41,040000915527344;9700
2026-10-05;14:16:00;-03:00;41,040000915527344;41,060001373291016;41,0;41,02000045776367;17000
2026-10-05;14:17:00;-03:00;41,02000045776367;41,060001373291016;41,0099983215332;41,060001373291016;10300
2026-10-05;14:18:00;-03:00;41,060001373291016;41,09000015258789;41,02000045776367;41,040000915527344;15400
2026-10-05;14:19:00;-03:00;41,029998779296875;41,04999923706055;41,02000045776367;41,02000045776367;10100
2026-10-05;14:20:00;-03:00;41,02000045776367;41,06999969482422;41,02000045776367;41,04999923706055;20400
2026-10-05;14:21:00;-03:00;41,04999923706055;41,08000183105469;41,040000915527344;41,06999969482422;7300
2026-10-05;14:22:00;-03:00;41,060001373291016;41,11000061035156;41,040000915527344;41,060001373291016;24700
2026-10-05;14:23:00;-03:00;41,06999969482422;41,11000061035156;41,060001373291016;41,11000061035156;8700
2026-10-05;14:24:00;-03:00;41,11000061035156;41,189998626708984;41,11000061035156;41,189998626708984;29000
2026-10-05;14:25:00;-03:00;41,189998626708984;41,189998626708984;41,16999816894531;41,18000030517578;4700
2026-10-05;14:26:00;-03:00;41,189998626708984;41,189998626708984;41,11000061035156;41,119998931884766;8100
2026-10-05;14:27:00;-03:00;41,130001068115234;41,13999938964844;41,099998474121094;41,119998931884766;6900
2026-10-05;14:28:00;-03:00;41,119998931884766;41,15999984741211;41,119998931884766;41,15999984741211;8800
2026-10-05;14:29:00;-03:00;41,150001525878906;41,16999816894531;41,13999938964844;41,15999984741211;7700
2026-10-05;14:30:00;-03:00;41,15999984741211;41,189998626708984;41,13999938964844;41,189998626708984;5700
2026-10-05;14:31:00;-03:00;41,189998626708984;41,310001373291016;41,189998626708984;41,2400016784668;43100
2026-10-05;14:32:00;-03:00;41,25;41,2599983215332;41,20000076293945;41,20000076293945;17200
2026-10-05;14:33:00;-03:00;41,209999084472656;41,220001220703125;41,189998626708984;41,209999084472656;6200
2026-10-05;14:34:00;-03:00;41,209999084472656;41,22999954223633;41,20000076293945;41,209999084472656;21700
2026-10-05;14:35:00;-03:00;41,220001220703125;41,22999954223633;41,20000076293945;41,22999954223633;9100
2026-10-05;14:36:00;-03:00;41,209999084472656;41,209999084472656;41,16999816894531;41,18000030517578;8000
2026-10-05;14:37:00;-03:00;41,189998626708984;41,220001220703125;41,16999816894531;41,189998626708984;26900
2026-10-05;14:38:00;-03:00;41,189998626708984;41,20000076293945;41,15999984741211;41,18000030517578;13900
2026-10-05;14:39:00;-03:00;41,189998626708984;41,189998626708984;41,16999816894531;41,189998626708984;9700
2026-10-05;14:40:00;-03:00;41,20000076293945;41,209999084472656;41,189998626708984;41,20000076293945;8000
2026-10-05;14:41:00;-03:00;41,20000076293945;41,209999084472656;41,189998626708984;41,20000076293945;9700
2026-10-05;14:42:00;-03:00;41,20000076293945;41,2400016784668;41,20000076293945;41,220001220703125;7900
2026-10-05;14:43:00;-03:00;41,22999954223633;41,2400016784668;41,20000076293945;41,2400016784668;12700
2026-10-05;14:44:00;-03:00;41,220001220703125;41,2599983215332;41,220001220703125;41,2599983215332;4900
2026-10-05;14:45:00;-03:00;41,2599983215332;41,279998779296875;41,220001220703125;41,2400016784668;20400
2026-10-05;14:46:00;-03:00;41,2400016784668;41,25;41,220001220703125;41,2400016784668;9700
2026-10-05;14:47:00;-03:00;41,25;41,25;41,189998626708984;41,209999084472656;13700
2026-10-05;14:48:00;-03:00;41,209999084472656;41,220001220703125;41,189998626708984;41,20000076293945;8600
2026-10-05;14:49:00;-03:00;41,20000076293945;41,25;41,15999984741211;41,220001220703125;11700
2026-10-05;14:50:00;-03:00;41,2599983215332;41,2599983215332;41,209999084472656;41,22999954223633;8100
2026-10-05;14:51:00;-03:00;41,2400016784668;41,2599983215332;41,209999084472656;41,22999954223633;13200
2026-10-05;14:52:00;-03:00;41,220001220703125;41,22999954223633;41,189998626708984;41,209999084472656;9900
2026-10-05;14:53:00;-03:00;41,22999954223633;41,25;41,220001220703125;41,2400016784668;6800
2026-10-05;14:54:00;-03:00;41,25;41,2599983215332;41,209999084472656;41,25;19200
2026-10-05;14:55:00;-03:00;41,25;41,27000045776367;41,22999954223633;41,25;16400
2026-10-05;14:56:00;-03:00;41,25;41,279998779296875;41,209999084472656;41,220001220703125;28400
2026-10-05;14:57:00;-03:00;41,22999954223633;41,22999954223633;41,18000030517578;41,20000076293945;12600
2026-10-05;14:58:00;-03:00;41,189998626708984;41,20000076293945;41,16999816894531;41,20000076293945;13400
2026-10-05;14:59:00;-03:00;41,20000076293945;41,209999084472656;41,15999984741211;41,18000030517578;13400
2026-10-05;15:00:00;-03:00;41,18000030517578;41,209999084472656;41,15999984741211;41,209999084472656;15300
2026-10-05;15:01:00;-03:00;41,20000076293945;41,220001220703125;41,20000076293945;41,209999084472656;12000
2026-10-05;15:02:00;-03:00;41,220001220703125;41,27000045776367;41,209999084472656;41,27000045776367;17600
2026-10-05;15:03:00;-03:00;41,27000045776367;41,27000045776367;41,220001220703125;41,25;21900
2026-10-05;15:04:00;-03:00;41,2599983215332;41,279998779296875;41,220001220703125;41,220001220703125;17000
2026-10-05;15:05:00;-03:00;41,22999954223633;41,2400016784668;41,20000076293945;41,22999954223633;19500
2026-10-05;15:06:00;-03:00;41,220001220703125;41,290000915527344;41,220001220703125;41,27000045776367;17500
2026-10-05;15:07:00;-03:00;41,2599983215332;41,279998779296875;41,2400016784668;41,25;13700
2026-10-05;15:08:00;-03:00;41,2599983215332;41,2599983215332;41,220001220703125;41,220001220703125;13900
2026-10-05;15:09:00;-03:00;41,22999954223633;41,22999954223633;41,189998626708984;41,189998626708984;7600
2026-10-05;15:10:00;-03:00;41,18000030517578;41,2400016784668;41,18000030517578;41,22999954223633;15500
2026-10-05;15:11:00;-03:00;41,22999954223633;41,22999954223633;41,16999816894531;41,20000076293945;16300
2026-10-05;15:12:00;-03:00;41,189998626708984;41,20000076293945;41,18000030517578;41,20000076293945;13100
2026-10-05;15:13:00;-03:00;41,20000076293945;41,20000076293945;41,16999816894531;41,18000030517578;9300
2026-10-05;15:14:00;-03:00;41,16999816894531;41,189998626708984;41,15999984741211;41,16999816894531;6400
2026-10-05;15:15:00;-03:00;41,189998626708984;41,209999084472656;41,18000030517578;41,20000076293945;14500
2026-10-05;15:16:00;-03:00;41,20000076293945;41,22999954223633;41,20000076293945;41,22999954223633;10200
2026-10-05;15:17:00;-03:00;41,22999954223633;41,22999954223633;41,209999084472656;41,22999954223633;7200
2026-10-05;15:18:00;-03:00;41,22999954223633;41,22999954223633;41,20000076293945;41,220001220703125;18000
2026-10-05;15:19:00;-03:00;41,209999084472656;41,22999954223633;41,18000030517578;41,209999084472656;19400
2026-10-05;15:20:00;-03:00;41,22999954223633;41,279998779296875;41,220001220703125;41,220001220703125;44300
2026-10-05;15:21:00;-03:00;41,2400016784668;41,25;41,220001220703125;41,2400016784668;13700
2026-10-05;15:22:00;-03:00;41,2400016784668;41,29999923706055;41,209999084472656;41,29999923706055;24300
2026-10-05;15:23:00;-03:00;41,290000915527344;41,29999923706055;41,209999084472656;41,22999954223633;34700
2026-10-05;15:24:00;-03:00;41,22999954223633;41,25;41,209999084472656;41,209999084472656;13400
2026-10-05;15:25:00;-03:00;41,220001220703125;41,220001220703125;41,189998626708984;41,209999084472656;17400
2026-10-05;15:26:00;-03:00;41,20000076293945;41,209999084472656;41,150001525878906;41,16999816894531;23300
2026-10-05;15:27:00;-03:00;41,16999816894531;41,22999954223633;41,16999816894531;41,22999954223633;19900
2026-10-05;15:28:00;-03:00;41,2400016784668;41,2599983215332;41,22999954223633;41,2400016784668;18700
2026-10-05;15:29:00;-03:00;41,25;41,2599983215332;41,220001220703125;41,2400016784668;23600
2026-10-05;15:30:00;-03:00;41,2400016784668;41,27000045776367;41,209999084472656;41,209999084472656;14400
2026-10-05;15:31:00;-03:00;41,220001220703125;41,220001220703125;41,189998626708984;41,209999084472656;18500
2026-10-05;15:32:00;-03:00;41,209999084472656;41,209999084472656;41,15999984741211;41,18000030517578;21300
2026-10-05;15:33:00;-03:00;41,189998626708984;41,209999084472656;41,15999984741211;41,209999084472656;15000
2026-10-05;15:34:00;-03:00;41,20000076293945;41,279998779296875;41,20000076293945;41,27000045776367;18800
2026-10-05;15:35:00;-03:00;41,27000045776367;41,34000015258789;41,25;41,34000015258789;33800
2026-10-05;15:36:00;-03:00;41,34000015258789;41,380001068115234;41,34000015258789;41,36000061035156;10700
2026-10-05;15:37:00;-03:00;41,369998931884766;41,38999938964844;41,33000183105469;41,369998931884766;19400
2026-10-05;15:38:00;-03:00;41,349998474121094;41,369998931884766;41,349998474121094;41,369998931884766;6500
2026-10-05;15:39:00;-03:00;41,36000061035156;41,400001525878906;41,34000015258789;41,400001525878906;20600
2026-10-05;15:40:00;-03:00;41,400001525878906;41,41999816894531;41,38999938964844;41,400001525878906;13200
2026-10-05;15:41:00;-03:00;41,400001525878906;41,41999816894531;41,38999938964844;41,38999938964844;8000
2026-10-05;15:42:00;-03:00;41,38999938964844;41,400001525878906;41,380001068115234;41,400001525878906;10700
2026-10-05;15:43:00;-03:00;41,400001525878906;41,400001525878906;41,369998931884766;41,380001068115234;9200
2026-10-05;15:44:00;-03:00;41,380001068115234;41,38999938964844;41,369998931884766;41,369998931884766;16300
2026-10-05;15:45:00;-03:00;41,369998931884766;41,38999938964844;41,36000061035156;41,38999938964844;9400
2026-10-05;15:46:00;-03:00;41,38999938964844;41,400001525878906;41,31999969482422;41,33000183105469;23900
2026-10-05;15:47:00;-03:00;41,33000183105469;41,38999938964844;41,33000183105469;41,380001068115234;9700
2026-10-05;15:48:00;-03:00;41,380001068115234;41,38999938964844;41,349998474121094;41,380001068115234;8800
2026-10-05;15:49:00;-03:00;41,380001068115234;41,380001068115234;41,349998474121094;41,369998931884766;11800
2026-10-05;15:50:00;-03:00;41,36000061035156;41,36000061035156;41,33000183105469;41,34000015258789;10700
2026-10-05;15:51:00;-03:00;41,34000015258789;41,369998931884766;41,33000183105469;41,369998931884766;14300
2026-10-05;15:52:00;-03:00;41,36000061035156;41,380001068115234;41,349998474121094;41,369998931884766;7000
2026-10-05;15:53:00;-03:00;41,380001068115234;41,380001068115234;41,349998474121094;41,36000061035156;15800
2026-10-05;15:54:00;-03:00;41,34000015258789;41,38999938964844;41,34000015258789;41,380001068115234;12400
2026-10-05;15:55:00;-03:00;41,380001068115234;41,38999938964844;41,33000183105469;41,34000015258789;20800
2026-10-05;15:56:00;-03:00;41,34000015258789;41,380001068115234;41,33000183105469;41,380001068115234;7800
2026-10-05;15:57:00;-03:00;41,380001068115234;41,38999938964844;41,36000061035156;41,36000061035156;14500
2026-10-05;15:58:00;-03:00;41,36000061035156;41,38999938964844;41,36000061035156;41,380001068115234;12600
2026-10-05;15:59:00;-03:00;41,38999938964844;41,38999938964844;41,33000183105469;41,33000183105469;21900
2026-10-05;16:00:00;-03:00;41,31999969482422;41,400001525878906;41,290000915527344;41,400001525878906;24200
2026-10-05;16:01:00;-03:00;41,400001525878906;41,400001525878906;41,33000183105469;41,349998474121094;20400
2026-10-05;16:02:00;-03:00;41,349998474121094;41,36000061035156;41,33000183105469;41,349998474121094;10000
2026-10-05;16:03:00;-03:00;41,349998474121094;41,36000061035156;41,33000183105469;41,36000061035156;12600
2026-10-05;16:04:00;-03:00;41,36000061035156;41,369998931884766;41,31999969482422;41,349998474121094;19900
2026-10-05;16:05:00;-03:00;41,349998474121094;41,36000061035156;41,33000183105469;41,36000061035156;17200
2026-10-05;16:06:00;-03:00;41,349998474121094;41,400001525878906;41,349998474121094;41,380001068115234;18000
2026-10-05;16:07:00;-03:00;41,36000061035156;41,369998931884766;41,349998474121094;41,349998474121094;9700
2026-10-05;16:08:00;-03:00;41,369998931884766;41,380001068115234;41,349998474121094;41,369998931884766;10100
2026-10-05;16:09:00;-03:00;41,369998931884766;41,369998931884766;41,34000015258789;41,369998931884766;13700
2026-10-05;16:10:00;-03:00;41,369998931884766;41,369998931884766;41,31999969482422;41,34000015258789;16400
2026-10-05;16:11:00;-03:00;41,34000015258789;41,380001068115234;41,33000183105469;41,380001068115234;18500
2026-10-05;16:12:00;-03:00;41,380001068115234;41,400001525878906;41,36000061035156;41,369998931884766;19400
2026-10-05;16:13:00;-03:00;41,380001068115234;41,400001525878906;41,369998931884766;41,380001068115234;14700
2026-10-05;16:14:00;-03:00;41,38999938964844;41,43000030517578;41,38999938964844;41,43000030517578;14700
2026-10-05;16:15:00;-03:00;41,40999984741211;41,439998626708984;41,400001525878906;41,439998626708984;27800
2026-10-05;16:16:00;-03:00;41,43000030517578;41,470001220703125;41,43000030517578;41,439998626708984;27000
2026-10-05;16:17:00;-03:00;41,45000076293945;41,470001220703125;41,380001068115234;41,400001525878906;39900
2026-10-05;16:18:00;-03:00;41,400001525878906;41,400001525878906;41,369998931884766;41,38999938964844;9900
2026-10-05;16:19:00;-03:00;41,380001068115234;41,400001525878906;41,380001068115234;41,400001525878906;19700
2026-10-05;16:20:00;-03:00;41,38999938964844;41,439998626708984;41,380001068115234;41,439998626708984;16900
2026-10-05;16:21:00;-03:00;41,439998626708984;41,470001220703125;41,43000030517578;41,459999084472656;14200
2026-10-05;16:22:00;-03:00;41,470001220703125;41,470001220703125;41,40999984741211;41,41999816894531;17600
2026-10-05;16:23:00;-03:00;41,40999984741211;41,45000076293945;41,40999984741211;41,439998626708984;13200
2026-10-05;16:24:00;-03:00;41,45000076293945;41,45000076293945;41,40999984741211;41,40999984741211;12100
2026-10-05;16:25:00;-03:00;41,41999816894531;41,43000030517578;41,38999938964844;41,38999938964844;12900
2026-10-05;16:26:00;-03:00;41,38999938964844;41,38999938964844;41,29999923706055;41,29999923706055;14300
2026-10-05;16:27:00;-03:00;41,310001373291016;41,349998474121094;41,310001373291016;41,34000015258789;23900
2026-10-05;16:28:00;-03:00;41,34000015258789;41,349998474121094;41,33000183105469;41,349998474121094;7400
2026-10-05;16:29:00;-03:00;41,34000015258789;41,34000015258789;41,290000915527344;41,310001373291016;20100
2026-10-05;16:30:00;-03:00;41,310001373291016;41,31999969482422;41,27000045776367;41,279998779296875;24500
2026-10-05;16:31:00;-03:00;41,279998779296875;41,290000915527344;41,22999954223633;41,2400016784668;16600
2026-10-05;16:32:00;-03:00;41,2400016784668;41,2400016784668;41,20000076293945;41,220001220703125;14100
2026-10-05;16:33:00;-03:00;41,22999954223633;41,25;41,20000076293945;41,209999084472656;27900
2026-10-05;16:34:00;-03:00;41,220001220703125;41,22999954223633;41,20000076293945;41,220001220703125;15400
2026-10-05;16:35:00;-03:00;41,220001220703125;41,25;41,209999084472656;41,209999084472656;27100
2026-10-05;16:36:00;-03:00;41,209999084472656;41,2599983215332;41,20000076293945;41,20000076293945;35000
2026-10-05;16:37:00;-03:00;41,20000076293945;41,22999954223633;41,189998626708984;41,22999954223633;89600
2026-10-05;16:38:00;-03:00;41,22999954223633;41,2400016784668;41,220001220703125;41,22999954223633;19800
2026-10-05;16:39:00;-03:00;41,22999954223633;41,2400016784668;41,16999816894531;41,189998626708984;24800
2026-10-05;16:40:00;-03:00;41,189998626708984;41,2400016784668;41,189998626708984;41,20000076293945;19900
2026-10-05;16:41:00;-03:00;41,20000076293945;41,220001220703125;41,20000076293945;41,20000076293945;16600
2026-10-05;16:42:00;-03:00;41,189998626708984;41,209999084472656;41,189998626708984;41,20000076293945;12100
2026-10-05;16:43:00;-03:00;41,20000076293945;41,209999084472656;41,189998626708984;41,20000076293945;8300
2026-10-05;16:44:00;-03:00;41,189998626708984;41,209999084472656;41,189998626708984;41,20000076293945;13500
2026-10-05;16:45:00;-03:00;41,20000076293945;41,220001220703125;41,18000030517578;41,18000030517578;30900
2026-10-05;16:46:00;-03:00;41,16999816894531;41,20000076293945;41,15999984741211;41,18000030517578;16300
2026-10-05;16:47:00;-03:00;41,18000030517578;41,20000076293945;41,150001525878906;41,15999984741211;21600
2026-10-05;16:48:00;-03:00;41,15999984741211;41,16999816894531;41,13999938964844;41,150001525878906;13300
2026-10-05;16:49:00;-03:00;41,150001525878906;41,209999084472656;41,13999938964844;41,20000076293945;43800
2026-10-05;16:50:00;-03:00;41,20000076293945;41,209999084472656;41,189998626708984;41,20000076293945;26600
2026-10-05;16:51:00;-03:00;41,209999084472656;41,209999084472656;41,18000030517578;41,189998626708984;15900
2026-10-05;16:52:00;-03:00;41,189998626708984;41,20000076293945;41,119998931884766;41,16999816894531;78300
2026-10-05;16:53:00;-03:00;41,18000030517578;41,209999084472656;41,15999984741211;41,18000030517578;19400
2026-10-05;16:54:00;-03:00;41,189998626708984;41,22999954223633;41,18000030517578;41,20000076293945;31400
2026-10-06;10:03:00;-03:00;40,9900016784668;41,279998779296875;40,9900016784668;41,279998779296875;0
2026-10-06;10:04:00;-03:00;41,29999923706055;41,310001373291016;41,27000045776367;41,279998779296875;5700
2026-10-06;10:05:00;-03:00;41,2599983215332;41,29999923706055;41,220001220703125;41,22999954223633;3000
2026-10-06;10:06:00;-03:00;41,220001220703125;41,279998779296875;41,209999084472656;41,209999084472656;8900
2026-10-06;10:07:00;-03:00;41,220001220703125;41,220001220703125;41,189998626708984;41,20000076293945;1900
2026-10-06;10:08:00;-03:00;41,20000076293945;41,29999923706055;41,20000076293945;41,29999923706055;5500
2026-10-06;10:09:00;-03:00;41,290000915527344;41,34000015258789;41,279998779296875;41,310001373291016;5700
2026-10-06;10:10:00;-03:00;41,310001373291016;41,58000183105469;41,310001373291016;41,58000183105469;11400
2026-10-06;10:11:00;-03:00;41,59000015258789;41,63999938964844;41,56999969482422;41,630001068115234;8200
2026-10-06;10:12:00;-03:00;41,630001068115234;41,65999984741211;41,560001373291016;41,61000061035156;17600
2026-10-06;10:13:00;-03:00;41,619998931884766;41,63999938964844;41,599998474121094;41,61000061035156;2600
2026-10-06;10:14:00;-03:00;41,630001068115234;41,689998626708984;41,599998474121094;41,689998626708984;9400
2026-10-06;10:15:00;-03:00;41,68000030517578;41,68000030517578;41,56999969482422;41,59000015258789;7100
2026-10-06;10:16:00;-03:00;41,58000183105469;41,61000061035156;41,560001373291016;41,58000183105469;13100
2026-10-06;10:17:00;-03:00;41,59000015258789;41,59000015258789;41,529998779296875;41,529998779296875;4500
2026-10-06;10:18:00;-03:00;41,5;41,5099983215332;41,4900016784668;41,4900016784668;3800
2026-10-06;10:19:00;-03:00;41,470001220703125;41,470001220703125;41,2400016784668;41,380001068115234;32400
2026-10-06;10:20:00;-03:00;41,400001525878906;41,40999984741211;41,33000183105469;41,400001525878906;5800
2026-10-06;10:21:00;-03:00;41,40999984741211;41,5;41,400001525878906;41,4900016784668;3900
2026-10-06;10:22:00;-03:00;41,4900016784668;41,5099983215332;41,400001525878906;41,470001220703125;14300
2026-10-06;10:23:00;-03:00;41,47999954223633;41,5099983215332;41,43000030517578;41,47999954223633;9200
2026-10-06;10:24:00;-03:00;41,470001220703125;41,470001220703125;41,36000061035156;41,38999938964844;9100
2026-10-06;10:25:00;-03:00;41,369998931884766;41,40999984741211;41,349998474121094;41,369998931884766;11400
2026-10-06;10:26:00;-03:00;41,38999938964844;41,529998779296875;41,38999938964844;41,52000045776367;17000
2026-10-06;10:27:00;-03:00;41,52000045776367;41,619998931884766;41,52000045776367;41,59000015258789;43500
2026-10-06;10:28:00;-03:00;41,599998474121094;41,63999938964844;41,599998474121094;41,599998474121094;7500
2026-10-06;10:29:00;-03:00;41,61000061035156;41,650001525878906;41,599998474121094;41,630001068115234;22000
2026-10-06;10:30:00;-03:00;41,63999938964844;41,70000076293945;41,58000183105469;41,630001068115234;45600
2026-10-06;10:31:00;-03:00;41,619998931884766;41,70000076293945;41,599998474121094;41,599998474121094;14200
2026-10-06;10:32:00;-03:00;41,619998931884766;41,65999984741211;41,52000045776367;41,52000045776367;20200
2026-10-06;10:33:00;-03:00;41,52000045776367;41,59000015258789;41,5099983215332;41,529998779296875;17400
2026-10-06;10:34:00;-03:00;41,54999923706055;41,58000183105469;41,529998779296875;41,56999969482422;12100
2026-10-06;10:35:00;-03:00;41,56999969482422;41,619998931884766;41,459999084472656;41,52000045776367;43900
2026-10-06;10:36:00;-03:00;41,529998779296875;41,54999923706055;41,400001525878906;41,400001525878906;16300
2026-10-06;10:37:00;-03:00;41,40999984741211;41,45000076293945;41,31999969482422;41,34000015258789;37500
2026-10-06;10:38:00;-03:00;41,33000183105469;41,349998474121094;41,310001373291016;41,34000015258789;15500
2026-10-06;10:39:00;-03:00;41,34000015258789;41,369998931884766;41,310001373291016;41,33000183105469;14000
2026-10-06;10:40:00;-03:00;41,33000183105469;41,349998474121094;41,29999923706055;41,33000183105469;21900
2026-10-06;10:41:00;-03:00;41,33000183105469;41,349998474121094;41,290000915527344;41,34000015258789;16400
2026-10-06;10:42:00;-03:00;41,31999969482422;41,349998474121094;41,27000045776367;41,290000915527344;48500
2026-10-06;10:43:00;-03:00;41,290000915527344;41,310001373291016;41,27000045776367;41,290000915527344;17500
2026-10-06;10:44:00;-03:00;41,290000915527344;41,34000015258789;41,2599983215332;41,279998779296875;46100
2026-10-06;10:45:00;-03:00;41,279998779296875;41,290000915527344;41,220001220703125;41,2599983215332;20500
2026-10-06;10:46:00;-03:00;41,2599983215332;41,27000045776367;41,189998626708984;41,209999084472656;44900
2026-10-06;10:47:00;-03:00;41,189998626708984;41,209999084472656;41,13999938964844;41,150001525878906;22300
2026-10-06;10:48:00;-03:00;41,13999938964844;41,189998626708984;41,119998931884766;41,13999938964844;14700
2026-10-06;10:49:00;-03:00;41,119998931884766;41,119998931884766;41,040000915527344;41,040000915527344;21000
2026-10-06;10:50:00;-03:00;41,04999923706055;41,04999923706055;40,900001525878906;40,97999954223633;24700
2026-10-06;10:51:00;-03:00;40,97999954223633;41,06999969482422;40,95000076293945;41,0099983215332;62600
2026-10-06;10:52:00;-03:00;41,0;41,029998779296875;40,93000030517578;40,939998626708984;15000
2026-10-06;10:53:00;-03:00;40,939998626708984;40,970001220703125;40,869998931884766;40,88999938964844;18200
2026-10-06;10:54:00;-03:00;40,880001068115234;40,90999984741211;40,720001220703125;40,720001220703125;21700
2026-10-06;10:55:00;-03:00;40,709999084472656;40,72999954223633;40,689998626708984;40,70000076293945;24300
2026-10-06;10:56:00;-03:00;40,689998626708984;40,79999923706055;40,599998474121094;40,79999923706055;90300
2026-10-06;10:57:00;-03:00;40,810001373291016;40,84000015258789;40,650001525878906;40,66999816894531;34200
2026-10-06;10:58:00;-03:00;40,689998626708984;40,70000076293945;40,66999816894531;40,68000030517578;5700
2026-10-06;10:59:00;-03:00;40,68000030517578;40,77000045776367;40,68000030517578;40,7599983215332;32100
2026-10-06;11:00:00;-03:00;40,619998931884766;40,630001068115234;40,619998931884766;40,630001068115234;106400
2026-10-06;11:01:00;-03:00;40,63999938964844;40,66999816894531;40,599998474121094;40,619998931884766;54700
2026-10-06;11:02:00;-03:00;40,61000061035156;40,630001068115234;40,58000183105469;40,630001068115234;18400
2026-10-06;11:03:00;-03:00;40,619998931884766;40,7400016784668;40,619998931884766;40,72999954223633;21900
2026-10-06;11:04:00;-03:00;40,720001220703125;40,75;40,720001220703125;40,72999954223633;19700
2026-10-06;11:05:00;-03:00;40,720001220703125;40,72999954223633;40,65999984741211;40,68000030517578;43300
2026-10-06;11:06:00;-03:00;40,689998626708984;40,70000076293945;40,66999816894531;40,68000030517578;10000
2026-10-06;11:07:00;-03:00;40,689998626708984;40,709999084472656;40,68000030517578;40,689998626708984;23200
2026-10-06;11:08:00;-03:00;40,709999084472656;40,709999084472656;40,66999816894531;40,689998626708984;19600
2026-10-06;11:09:00;-03:00;40,689998626708984;40,709999084472656;40,66999816894531;40,68000030517578;16000
2026-10-06;11:10:00;-03:00;40,68000030517578;40,689998626708984;40,61000061035156;40,61000061035156;27300
2026-10-06;11:11:00;-03:00;40,61000061035156;40,61000061035156;40,54999923706055;40,560001373291016;34100
2026-10-06;11:12:00;-03:00;40,560001373291016;40,59000015258789;40,5;40,52000045776367;36300
2026-10-06;11:13:00;-03:00;40,5099983215332;40,52000045776367;40,470001220703125;40,470001220703125;25700
2026-10-06;11:14:00;-03:00;40,4900016784668;40,5;40,470001220703125;40,5;30300
2026-10-06;11:15:00;-03:00;40,4900016784668;40,4900016784668;40,41999816894531;40,45000076293945;24300
2026-10-06;11:16:00;-03:00;40,439998626708984;40,45000076293945;40,38999938964844;40,38999938964844;27100
2026-10-06;11:17:00;-03:00;40,380001068115234;40,400001525878906;40,34000015258789;40,38999938964844;31200
2026-10-06;11:18:00;-03:00;40,38999938964844;40,38999938964844;40,29999923706055;40,31999969482422;16800
2026-10-06;11:19:00;-03:00;40,33000183105469;40,400001525878906;40,290000915527344;40,38999938964844;71500
2026-10-06;11:20:00;-03:00;40,400001525878906;40,5;40,369998931884766;40,47999954223633;37900
2026-10-06;11:21:00;-03:00;40,4900016784668;40,540000915527344;40,459999084472656;40,5099983215332;41100
2026-10-06;11:22:00;-03:00;40,5099983215332;40,5099983215332;40,36000061035156;40,36000061035156;38600
2026-10-06;11:23:00;-03:00;40,349998474121094;40,41999816894531;40,349998474121094;40,40999984741211;13000
2026-10-06;11:24:00;-03:00;40,43000030517578;40,470001220703125;40,40999984741211;40,439998626708984;11300
2026-10-06;11:25:00;-03:00;40,439998626708984;40,439998626708984;40,40999984741211;40,41999816894531;7200
2026-10-06;11:26:00;-03:00;40,41999816894531;40,459999084472656;40,38999938964844;40,459999084472656;19000
2026-10-06;11:27:00;-03:00;40,470001220703125;40,5;40,459999084472656;40,4900016784668;11400
2026-10-06;11:28:00;-03:00;40,5;40,540000915527344;40,45000076293945;40,45000076293945;31300
2026-10-06;11:29:00;-03:00;40,439998626708984;40,45000076293945;40,33000183105469;40,33000183105469;30200
2026-10-06;11:30:00;-03:00;40,349998474121094;40,400001525878906;40,349998474121094;40,36000061035156;23900
2026-10-06;11:31:00;-03:00;40,380001068115234;40,40999984741211;40,33000183105469;40,33000183105469;15900
2026-10-06;11:32:00;-03:00;40,349998474121094;40,380001068115234;40,33000183105469;40,34000015258789;19800
2026-10-06;11:33:00;-03:00;40,36000061035156;40,41999816894531;40,33000183105469;40,41999816894531;12700
2026-10-06;11:34:00;-03:00;40,43000030517578;40,5099983215332;40,41999816894531;40,5;26600
2026-10-06;11:35:00;-03:00;40,5;40,529998779296875;40,47999954223633;40,5;13600
2026-10-06;11:36:00;-03:00;40,52000045776367;40,529998779296875;40,459999084472656;40,459999084472656;10800
2026-10-06;11:37:00;-03:00;40,45000076293945;40,47999954223633;40,40999984741211;40,41999816894531;29300
2026-10-06;11:38:00;-03:00;40,41999816894531;40,43000030517578;40,40999984741211;40,40999984741211;9900
2026-10-06;11:39:00;-03:00;40,40999984741211;40,40999984741211;40,380001068115234;40,40999984741211;8000
2026-10-06;11:40:00;-03:00;40,40999984741211;40,459999084472656;40,400001525878906;40,459999084472656;10400
2026-10-06;11:41:00;-03:00;40,439998626708984;40,459999084472656;40,349998474121094;40,349998474121094;31200
2026-10-06;11:42:00;-03:00;40,349998474121094;40,380001068115234;40,33000183105469;40,33000183105469;13800
2026-10-06;11:43:00;-03:00;40,34000015258789;40,36000061035156;40,33000183105469;40,36000061035156;11300
2026-10-06;11:44:00;-03:00;40,349998474121094;40,36000061035156;40,279998779296875;40,279998779296875;29000
2026-10-06;11:45:00;-03:00;40,279998779296875;40,290000915527344;40,2400016784668;40,25;25500
2026-10-06;11:46:00;-03:00;40,25;40,25;40,209999084472656;40,25;9200
2026-10-06;11:47:00;-03:00;40,25;40,279998779296875;40,15999984741211;40,16999816894531;24200
2026-10-06;11:48:00;-03:00;40,16999816894531;40,189998626708984;40,150001525878906;40,15999984741211;21300
2026-10-06;11:49:00;-03:00;40,16999816894531;40,20000076293945;40,13999938964844;40,16999816894531;51900
2026-10-06;11:50:00;-03:00;40,16999816894531;40,18000030517578;40,11000061035156;40,13999938964844;12600
2026-10-06;11:51:00;-03:00;40,13999938964844;40,15999984741211;40,130001068115234;40,130001068115234;12100
2026-10-06;11:52:00;-03:00;40,13999938964844;40,15999984741211;40,11000061035156;40,130001068115234;16100
2026-10-06;11:53:00;-03:00;40,119998931884766;40,16999816894531;40,119998931884766;40,15999984741211;14700
2026-10-06;11:54:00;-03:00;40,15999984741211;40,20000076293945;40,130001068115234;40,189998626708984;20800
2026-10-06;11:55:00;-03:00;40,189998626708984;40,2400016784668;40,16999816894531;40,209999084472656;33000
2026-10-06;11:56:00;-03:00;40,209999084472656;40,209999084472656;40,150001525878906;40,15999984741211;15400
2026-10-06;11:57:00;-03:00;40,15999984741211;40,20000076293945;40,15999984741211;40,189998626708984;16900
2026-10-06;11:58:00;-03:00;40,20000076293945;40,25;40,189998626708984;40,22999954223633;15500
2026-10-06;11:59:00;-03:00;40,22999954223633;40,25;40,220001220703125;40,25;8500
2026-10-06;12:00:00;-03:00;40,2599983215332;40,29999923706055;40,2599983215332;40,27000045776367;27800
2026-10-06;12:01:00;-03:00;40,27000045776367;40,27000045776367;40,220001220703125;40,22999954223633;8900
2026-10-06;12:02:00;-03:00;40,22999954223633;40,2599983215332;40,220001220703125;40,2599983215332;10000
2026-10-06;12:03:00;-03:00;40,25;40,290000915527344;40,22999954223633;40,290000915527344;6200
2026-10-06;12:04:00;-03:00;40,290000915527344;40,31999969482422;40,2599983215332;40,29999923706055;85200
2026-10-06;12:05:00;-03:00;40,290000915527344;40,31999969482422;40,2400016784668;40,2400016784668;40200
2026-10-06;12:06:00;-03:00;40,22999954223633;40,25;40,220001220703125;40,2400016784668;13800
2026-10-06;12:07:00;-03:00;40,2400016784668;40,27000045776367;40,209999084472656;40,209999084472656;14400
2026-10-06;12:08:00;-03:00;40,220001220703125;40,22999954223633;40,18000030517578;40,189998626708984;16900
2026-10-06;12:09:00;-03:00;40,189998626708984;40,220001220703125;40,18000030517578;40,189998626708984;11400
2026-10-06;12:10:00;-03:00;40,189998626708984;40,189998626708984;40,09000015258789;40,099998474121094;70400
2026-10-06;12:11:00;-03:00;40,11000061035156;40,130001068115234;40,11000061035156;40,130001068115234;14200
2026-10-06;12:12:00;-03:00;40,119998931884766;40,150001525878906;40,099998474121094;40,11000061035156;13100
2026-10-06;12:13:00;-03:00;40,11000061035156;40,150001525878906;40,099998474121094;40,130001068115234;9600
2026-10-06;12:14:00;-03:00;40,130001068115234;40,18000030517578;40,119998931884766;40,16999816894531;8500
2026-10-06;12:15:00;-03:00;40,16999816894531;40,189998626708984;40,16999816894531;40,16999816894531;8200
2026-10-06;12:16:00;-03:00;40,15999984741211;40,15999984741211;40,13999938964844;40,15999984741211;3200
2026-10-06;12:17:00;-03:00;40,15999984741211;40,189998626708984;40,150001525878906;40,18000030517578;11700
2026-10-06;12:18:00;-03:00;40,189998626708984;40,22999954223633;40,16999816894531;40,209999084472656;26800
2026-10-06;12:19:00;-03:00;40,220001220703125;40,220001220703125;40,18000030517578;40,18000030517578;11800
2026-10-06;12:20:00;-03:00;40,20000076293945;40,2400016784668;40,20000076293945;40,2400016784668;10000
2026-10-06;12:21:00;-03:00;40,2400016784668;40,25;40,20000076293945;40,20000076293945;7700
2026-10-06;12:22:00;-03:00;40,209999084472656;40,209999084472656;40,18000030517578;40,18000030517578;5100
2026-10-06;12:23:00;-03:00;40,189998626708984;40,189998626708984;40,15999984741211;40,16999816894531;9500
2026-10-06;12:24:00;-03:00;40,16999816894531;40,27000045776367;40,150001525878906;40,22999954223633;38300
2026-10-06;12:25:00;-03:00;40,22999954223633;40,25;40,20000076293945;40,22999954223633;9800
2026-10-06;12:26:00;-03:00;40,2400016784668;40,310001373291016;40,2400016784668;40,29999923706055;13700
2026-10-06;12:27:00;-03:00;40,29999923706055;40,310001373291016;40,27000045776367;40,290000915527344;18200
2026-10-06;12:28:00;-03:00;40,279998779296875;40,29999923706055;40,27000045776367;40,279998779296875;7700
2026-10-06;12:29:00;-03:00;40,279998779296875;40,279998779296875;40,2400016784668;40,2599983215332;8400
2026-10-06;12:30:00;-03:00;40,27000045776367;40,279998779296875;40,22999954223633;40,2400016784668;10800
2026-10-06;12:31:00;-03:00;40,2400016784668;40,2400016784668;40,20000076293945;40,209999084472656;33600
2026-10-06;12:32:00;-03:00;40,220001220703125;40,2400016784668;40,220001220703125;40,2400016784668;12900
2026-10-06;12:33:00;-03:00;40,25;40,2599983215332;40,22999954223633;40,22999954223633;9000
2026-10-06;12:34:00;-03:00;40,2400016784668;40,2400016784668;40,220001220703125;40,2400016784668;6800
2026-10-06;12:35:00;-03:00;40,2400016784668;40,25;40,22999954223633;40,22999954223633;5100
2026-10-06;12:36:00;-03:00;40,22999954223633;40,279998779296875;40,220001220703125;40,2400016784668;22800
2026-10-06;12:37:00;-03:00;40,25;40,25;40,22999954223633;40,22999954223633;7400
2026-10-06;12:38:00;-03:00;40,22999954223633;40,2599983215332;40,220001220703125;40,2599983215332;9200
2026-10-06;12:39:00;-03:00;40,2599983215332;40,290000915527344;40,25;40,290000915527344;19000
2026-10-06;12:40:00;-03:00;40,279998779296875;40,310001373291016;40,27000045776367;40,29999923706055;16800
2026-10-06;12:41:00;-03:00;40,29999923706055;40,29999923706055;40,27000045776367;40,27000045776367;5800
2026-10-06;12:42:00;-03:00;40,27000045776367;40,279998779296875;40,220001220703125;40,22999954223633;16200
2026-10-06;12:43:00;-03:00;40,22999954223633;40,2400016784668;40,16999816894531;40,16999816894531;13700
2026-10-06;12:44:00;-03:00;40,16999816894531;40,220001220703125;40,150001525878906;40,16999816894531;43400
2026-10-06;12:45:00;-03:00;40,18000030517578;40,189998626708984;40,15999984741211;40,16999816894531;10600
2026-10-06;12:46:00;-03:00;40,16999816894531;40,18000030517578;40,130001068115234;40,130001068115234;9400
2026-10-06;12:47:00;-03:00;40,130001068115234;40,16999816894531;40,130001068115234;40,15999984741211;12000
2026-10-06;12:48:00;-03:00;40,15999984741211;40,209999084472656;40,119998931884766;40,13999938964844;29900
2026-10-06;12:49:00;-03:00;40,13999938964844;40,16999816894531;40,119998931884766;40,119998931884766;11100
2026-10-06;12:50:00;-03:00;40,119998931884766;40,130001068115234;40,11000061035156;40,11000061035156;14500
2026-10-06;12:51:00;-03:00;40,11000061035156;40,130001068115234;40,09000015258789;40,09000015258789;15100
2026-10-06;12:52:00;-03:00;40,099998474121094;40,099998474121094;40,08000183105469;40,09000015258789;13900
2026-10-06;12:53:00;-03:00;40,09000015258789;40,130001068115234;40,06999969482422;40,099998474121094;17300
2026-10-06;12:54:00;-03:00;40,099998474121094;40,13999938964844;40,099998474121094;40,13999938964844;20900
2026-10-06;12:55:00;-03:00;40,13999938964844;40,16999816894531;40,13999938964844;40,16999816894531;13000
2026-10-06;12:56:00;-03:00;40,150001525878906;40,16999816894531;40,11000061035156;40,11000061035156;10700
2026-10-06;12:57:00;-03:00;40,119998931884766;40,130001068115234;40,11000061035156;40,11000061035156;10600
2026-10-06;12:58:00;-03:00;40,119998931884766;40,119998931884766;40,06999969482422;40,099998474121094;17600
2026-10-06;12:59:00;-03:00;40,099998474121094;40,119998931884766;40,09000015258789;40,099998474121094;14600
2026-10-06;13:00:00;-03:00;40,11000061035156;40,130001068115234;40,099998474121094;40,11000061035156;10100
2026-10-06;13:01:00;-03:00;40,11000061035156;40,119998931884766;40,099998474121094;40,11000061035156;12900
2026-10-06;13:02:00;-03:00;40,11000061035156;40,130001068115234;40,11000061035156;40,119998931884766;12000
2026-10-06;13:03:00;-03:00;40,119998931884766;40,150001525878906;40,119998931884766;40,119998931884766;14700
2026-10-06;13:04:00;-03:00;40,119998931884766;40,13999938964844;40,11000061035156;40,13999938964844;14200
2026-10-06;13:05:00;-03:00;40,13999938964844;40,16999816894531;40,130001068115234;40,150001525878906;16900
2026-10-06;13:06:00;-03:00;40,150001525878906;40,150001525878906;40,13999938964844;40,13999938964844;4800
2026-10-06;13:07:00;-03:00;40,150001525878906;40,16999816894531;40,150001525878906;40,15999984741211;8100
2026-10-06;13:08:00;-03:00;40,15999984741211;40,18000030517578;40,150001525878906;40,15999984741211;27900
2026-10-06;13:09:00;-03:00;40,15999984741211;40,15999984741211;40,099998474121094;40,11000061035156;11900
2026-10-06;13:10:00;-03:00;40,119998931884766;40,119998931884766;40,099998474121094;40,11000061035156;6600
2026-10-06;13:11:00;-03:00;40,11000061035156;40,11000061035156;40,099998474121094;40,099998474121094;8400
2026-10-06;13:12:00;-03:00;40,099998474121094;40,11000061035156;40,099998474121094;40,099998474121094;3900
2026-10-06;13:13:00;-03:00;40,099998474121094;40,119998931884766;40,09000015258789;40,099998474121094;30500
2026-10-06;13:14:00;-03:00;40,11000061035156;40,130001068115234;40,099998474121094;40,130001068115234;14700
2026-10-06;13:15:00;-03:00;40,130001068115234;40,13999938964844;40,09000015258789;40,099998474121094;17500
2026-10-06;13:16:00;-03:00;40,099998474121094;40,099998474121094;40,08000183105469;40,099998474121094;10500
2026-10-06;13:17:00;-03:00;40,099998474121094;40,119998931884766;40,099998474121094;40,099998474121094;10300
2026-10-06;13:18:00;-03:00;40,099998474121094;40,099998474121094;40,060001373291016;40,060001373291016;15500
2026-10-06;13:19:00;-03:00;40,06999969482422;40,09000015258789;40,060001373291016;40,08000183105469;12600
2026-10-06;13:20:00;-03:00;40,08000183105469;40,09000015258789;40,08000183105469;40,09000015258789;4200
2026-10-06;13:21:00;-03:00;40,09000015258789;40,099998474121094;40,06999969482422;40,06999969482422;9100
2026-10-06;13:22:00;-03:00;40,06999969482422;40,099998474121094;40,06999969482422;40,09000015258789;5800
2026-10-06;13:23:00;-03:00;40,09000015258789;40,09000015258789;40,08000183105469;40,08000183105469;7100
2026-10-06;13:24:00;-03:00;40,08000183105469;40,08000183105469;40,060001373291016;40,06999969482422;8500
2026-10-06;13:25:00;-03:00;40,06999969482422;40,13999938964844;40,06999969482422;40,130001068115234;20500
2026-10-06;13:26:00;-03:00;40,13999938964844;40,150001525878906;40,130001068115234;40,13999938964844;9100
2026-10-06;13:27:00;-03:00;40,13999938964844;40,150001525878906;40,130001068115234;40,130001068115234;12600
2026-10-06;13:28:00;-03:00;40,130001068115234;40,13999938964844;40,11000061035156;40,119998931884766;8900
2026-10-06;13:29:00;-03:00;40,119998931884766;40,130001068115234;40,11000061035156;40,11000061035156;27300
2026-10-06;13:30:00;-03:00;40,11000061035156;40,130001068115234;40,09000015258789;40,130001068115234;19300
2026-10-06;13:31:00;-03:00;40,13999938964844;40,150001525878906;40,119998931884766;40,130001068115234;9600
2026-10-06;13:32:00;-03:00;40,130001068115234;40,150001525878906;40,130001068115234;40,130001068115234;5200
2026-10-06;13:33:00;-03:00;40,130001068115234;40,13999938964844;40,119998931884766;40,119998931884766;14300
2026-10-06;13:34:00;-03:00;40,119998931884766;40,130001068115234;40,11000061035156;40,11000061035156;12200
2026-10-06;13:35:00;-03:00;40,11000061035156;40,119998931884766;40,099998474121094;40,099998474121094;12100
2026-10-06;13:36:00;-03:00;40,099998474121094;40,11000061035156;40,099998474121094;40,11000061035156;2000
2026-10-06;13:37:00;-03:00;40,119998931884766;40,130001068115234;40,099998474121094;40,099998474121094;15800
2026-10-06;13:38:00;-03:00;40,099998474121094;40,11000061035156;40,099998474121094;40,099998474121094;3500
2026-10-06;13:39:00;-03:00;40,099998474121094;40,099998474121094;40,06999969482422;40,06999969482422;15400
2026-10-06;13:40:00;-03:00;40,06999969482422;40,09000015258789;40,06999969482422;40,08000183105469;10600
2026-10-06;13:41:00;-03:00;40,08000183105469;40,11000061035156;40,08000183105469;40,11000061035156;13200
2026-10-06;13:42:00;-03:00;40,099998474121094;40,099998474121094;40,08000183105469;40,09000015258789;4200
2026-10-06;13:43:00;-03:00;40,09000015258789;40,119998931884766;40,08000183105469;40,08000183105469;33100
2026-10-06;13:44:00;-03:00;40,08000183105469;40,11000061035156;40,06999969482422;40,06999969482422;8600
2026-10-06;13:45:00;-03:00;40,08000183105469;40,09000015258789;40,06999969482422;40,08000183105469;3700
2026-10-06;13:46:00;-03:00;40,09000015258789;40,099998474121094;40,06999969482422;40,08000183105469;8400
2026-10-06;13:47:00;-03:00;40,099998474121094;40,099998474121094;40,060001373291016;40,060001373291016;8700
2026-10-06;13:48:00;-03:00;40,060001373291016;40,08000183105469;40,04999923706055;40,060001373291016;18900
2026-10-06;13:49:00;-03:00;40,06999969482422;40,08000183105469;40,060001373291016;40,06999969482422;9700
2026-10-06;13:50:00;-03:00;40,06999969482422;40,119998931884766;40,060001373291016;40,06999969482422;22800
2026-10-06;13:51:00;-03:00;40,06999969482422;40,06999969482422;40,04999923706055;40,04999923706055;10100
2026-10-06;13:52:00;-03:00;40,060001373291016;40,06999969482422;40,04999923706055;40,04999923706055;4000
2026-10-06;13:53:00;-03:00;40,04999923706055;40,060001373291016;40,02000045776367;40,040000915527344;51300
2026-10-06;13:54:00;-03:00;40,029998779296875;40,040000915527344;40,02000045776367;40,029998779296875;4100
2026-10-06;13:55:00;-03:00;40,040000915527344;40,04999923706055;40,029998779296875;40,04999923706055;8700
2026-10-06;13:56:00;-03:00;40,040000915527344;40,09000015258789;40,040000915527344;40,08000183105469;14200
2026-10-06;13:57:00;-03:00;40,09000015258789;40,09000015258789;40,08000183105469;40,08000183105469;3400
2026-10-06;13:58:00;-03:00;40,09000015258789;40,099998474121094;40,08000183105469;40,09000015258789;21600
2026-10-06;13:59:00;-03:00;40,09000015258789;40,09000015258789;40,08000183105469;40,08000183105469;19900
2026-10-06;14:00:00;-03:00;40,08000183105469;40,08000183105469;40,06999969482422;40,06999969482422;6600
2026-10-06;14:01:00;-03:00;40,06999969482422;40,06999969482422;40,04999923706055;40,04999923706055;14800
2026-10-06;14:02:00;-03:00;40,04999923706055;40,060001373291016;40,029998779296875;40,029998779296875;12500
2026-10-06;14:03:00;-03:00;40,029998779296875;40,040000915527344;40,029998779296875;40,029998779296875;13500
2026-10-06;14:04:00;-03:00;40,040000915527344;40,040000915527344;40,02000045776367;40,02000045776367;10800
2026-10-06;14:05:00;-03:00;40,02000045776367;40,029998779296875;39,93000030517578;39,93000030517578;84000
2026-10-06;14:06:00;-03:00;39,93000030517578;39,93000030517578;39,86000061035156;39,86000061035156;33100
2026-10-06;14:07:00;-03:00;39,86000061035156;39,900001525878906;39,849998474121094;39,849998474121094;28200
2026-10-06;14:08:00;-03:00;39,849998474121094;39,849998474121094;39,81999969482422;39,83000183105469;18900
2026-10-06;14:09:00;-03:00;39,83000183105469;39,84000015258789;39,81999969482422;39,81999969482422;21000
2026-10-06;14:10:00;-03:00;39,81999969482422;39,83000183105469;39,79999923706055;39,810001373291016;13000
2026-10-06;14:11:00;-03:00;39,79999923706055;39,81999969482422;39,79999923706055;39,79999923706055;14000
2026-10-06;14:12:00;-03:00;39,79999923706055;39,86000061035156;39,79999923706055;39,84000015258789;98700
2026-10-06;14:13:00;-03:00;39,84000015258789;39,869998931884766;39,84000015258789;39,849998474121094;15400
2026-10-06;14:14:00;-03:00;39,849998474121094;39,86000061035156;39,83000183105469;39,849998474121094;9000
2026-10-06;14:15:00;-03:00;39,84000015258789;39,869998931884766;39,84000015258789;39,86000061035156;11500
2026-10-06;14:16:00;-03:00;39,869998931884766;39,880001068115234;39,83000183105469;39,83000183105469;15600
2026-10-06;14:17:00;-03:00;39,83000183105469;39,84000015258789;39,83000183105469;39,83000183105469;5500
2026-10-06;14:18:00;-03:00;39,83000183105469;39,880001068115234;39,83000183105469;39,869998931884766;24100
2026-10-06;14:19:00;-03:00;39,869998931884766;39,88999938964844;39,869998931884766;39,880001068115234;8800
2026-10-06;14:20:00;-03:00;39,880001068115234;40,0;39,880001068115234;40,0;152400
2026-10-06;14:21:00;-03:00;39,9900016784668;40,029998779296875;39,97999954223633;39,97999954223633;17700
2026-10-06;14:22:00;-03:00;39,97999954223633;40,0099983215332;39,95000076293945;39,959999084472656;20600
2026-10-06;14:23:00;-03:00;39,959999084472656;39,959999084472656;39,900001525878906;39,90999984741211;36500
2026-10-06;14:24:00;-03:00;39,90999984741211;39,93000030517578;39,900001525878906;39,91999816894531;15900
2026-10-06;14:25:00;-03:00;39,91999816894531;39,93000030517578;39,90999984741211;39,91999816894531;8800
2026-10-06;14:26:00;-03:00;39,91999816894531;39,95000076293945;39,91999816894531;39,93000030517578;8900
2026-10-06;14:27:00;-03:00;39,93000030517578;39,93000030517578;39,91999816894531;39,91999816894531;5200
2026-10-06;14:28:00;-03:00;39,91999816894531;39,939998626708984;39,90999984741211;39,93000030517578;17100
2026-10-06;14:29:00;-03:00;39,93000030517578;39,95000076293945;39,93000030517578;39,939998626708984;11000
2026-10-06;14:30:00;-03:00;39,939998626708984;39,939998626708984;39,869998931884766;39,880001068115234;15000
2026-10-06;14:31:00;-03:00;39,880001068115234;39,900001525878906;39,880001068115234;39,900001525878906;15400
2026-10-06;14:32:00;-03:00;39,88999938964844;39,90999984741211;39,88999938964844;39,88999938964844;6800
2026-10-06;14:33:00;-03:00;39,88999938964844;39,91999816894531;39,88999938964844;39,900001525878906;15700
2026-10-06;14:34:00;-03:00;39,900001525878906;39,91999816894531;39,900001525878906;39,90999984741211;12100
2026-10-06;14:35:00;-03:00;39,90999984741211;39,959999084472656;39,90999984741211;39,95000076293945;21500
2026-10-06;14:36:00;-03:00;39,95000076293945;40,02000045776367;39,939998626708984;40,0099983215332;60300
2026-10-06;14:37:00;-03:00;40,0099983215332;40,06999969482422;40,0099983215332;40,0099983215332;36300
2026-10-06;14:38:00;-03:00;40,0099983215332;40,04999923706055;40,0099983215332;40,029998779296875;13800
2026-10-06;14:39:00;-03:00;40,029998779296875;40,040000915527344;40,0;40,0;24300
2026-10-06;14:40:00;-03:00;40,0;40,02000045776367;40,0;40,0;10100
2026-10-06;14:41:00;-03:00;40,0;40,029998779296875;40,0;40,0099983215332;16900
2026-10-06;14:42:00;-03:00;40,0099983215332;40,02000045776367;40,0;40,0099983215332;7800
2026-10-06;14:43:00;-03:00;40,02000045776367;40,029998779296875;40,0099983215332;40,02000045776367;8200
2026-10-06;14:44:00;-03:00;40,02000045776367;40,029998779296875;40,0;40,02000045776367;16900
2026-10-06;14:45:00;-03:00;40,02000045776367;40,040000915527344;40,02000045776367;40,02000045776367;9100
2026-10-06;14:46:00;-03:00;40,02000045776367;40,04999923706055;40,02000045776367;40,029998779296875;14200
2026-10-06;14:47:00;-03:00;40,040000915527344;40,040000915527344;40,0099983215332;40,0099983215332;13500
2026-10-06;14:48:00;-03:00;40,0099983215332;40,02000045776367;39,9900016784668;40,0099983215332;12200
2026-10-06;14:49:00;-03:00;40,0;40,0;39,970001220703125;39,970001220703125;14700
2026-10-06;14:50:00;-03:00;39,959999084472656;39,97999954223633;39,939998626708984;39,97999954223633;22700
2026-10-06;14:51:00;-03:00;39,97999954223633;40,0099983215332;39,97999954223633;39,9900016784668;12500
2026-10-06;14:52:00;-03:00;39,9900016784668;40,0;39,970001220703125;39,9900016784668;11500
2026-10-06;14:53:00;-03:00;39,97999954223633;39,9900016784668;39,93000030517578;39,95000076293945;22000
2026-10-06;14:54:00;-03:00;39,95000076293945;39,9900016784668;39,939998626708984;39,970001220703125;27400
2026-10-06;14:55:00;-03:00;39,970001220703125;39,97999954223633;39,939998626708984;39,939998626708984;30300
2026-10-06;14:56:00;-03:00;39,93000030517578;39,939998626708984;39,91999816894531;39,93000030517578;12600
2026-10-06;14:57:00;-03:00;39,939998626708984;39,939998626708984;39,91999816894531;39,93000030517578;8400
2026-10-06;14:58:00;-03:00;39,93000030517578;39,93000030517578;39,849998474121094;39,849998474121094;47400
2026-10-06;14:59:00;-03:00;39,849998474121094;39,880001068115234;39,84000015258789;39,84000015258789;16900
2026-10-06;15:00:00;-03:00;39,84000015258789;39,939998626708984;39,84000015258789;39,90999984741211;120000
2026-10-06;15:01:00;-03:00;39,90999984741211;39,91999816894531;39,88999938964844;39,88999938964844;10300
2026-10-06;15:02:00;-03:00;39,90999984741211;39,91999816894531;39,880001068115234;39,91999816894531;22300
2026-10-06;15:03:00;-03:00;39,90999984741211;39,91999816894531;39,88999938964844;39,900001525878906;19100
2026-10-06;15:04:00;-03:00;39,900001525878906;39,90999984741211;39,880001068115234;39,88999938964844;24000
2026-10-06;15:05:00;-03:00;39,90999984741211;39,90999984741211;39,88999938964844;39,88999938964844;16400
2026-10-06;15:06:00;-03:00;39,88999938964844;39,88999938964844;39,83000183105469;39,849998474121094;47600
2026-10-06;15:07:00;-03:00;39,849998474121094;39,86000061035156;39,83000183105469;39,83000183105469;14600
2026-10-06;15:08:00;-03:00;39,83000183105469;39,849998474121094;39,79999923706055;39,84000015258789;77400
2026-10-06;15:09:00;-03:00;39,84000015258789;39,84000015258789;39,81999969482422;39,81999969482422;11100
2026-10-06;15:10:00;-03:00;39,83000183105469;39,84000015258789;39,81999969482422;39,81999969482422;11900
2026-10-06;15:11:00;-03:00;39,81999969482422;39,84000015258789;39,81999969482422;39,83000183105469;18400
2026-10-06;15:12:00;-03:00;39,84000015258789;39,880001068115234;39,84000015258789;39,869998931884766;21700
2026-10-06;15:13:00;-03:00;39,86000061035156;39,869998931884766;39,849998474121094;39,849998474121094;20200
2026-10-06;15:14:00;-03:00;39,869998931884766;39,869998931884766;39,849998474121094;39,86000061035156;10400
2026-10-06;15:15:00;-03:00;39,869998931884766;39,88999938964844;39,869998931884766;39,880001068115234;11800
2026-10-06;15:16:00;-03:00;39,880001068115234;39,88999938964844;39,86000061035156;39,86000061035156;15900
2026-10-06;15:17:00;-03:00;39,86000061035156;39,869998931884766;39,849998474121094;39,849998474121094;15800
2026-10-06;15:18:00;-03:00;39,849998474121094;39,86000061035156;39,84000015258789;39,84000015258789;4600
2026-10-06;15:19:00;-03:00;39,84000015258789;39,849998474121094;39,79999923706055;39,79999923706055;21000
2026-10-06;15:20:00;-03:00;39,79999923706055;39,81999969482422;39,79999923706055;39,810001373291016;18700
2026-10-06;15:21:00;-03:00;39,810001373291016;39,869998931884766;39,810001373291016;39,849998474121094;24100
2026-10-06;15:22:00;-03:00;39,849998474121094;39,880001068115234;39,849998474121094;39,869998931884766;22200
2026-10-06;15:23:00;-03:00;39,869998931884766;39,869998931884766;39,86000061035156;39,869998931884766;10400
2026-10-06;15:24:00;-03:00;39,86000061035156;39,880001068115234;39,849998474121094;39,86000061035156;16300
2026-10-06;15:25:00;-03:00;39,880001068115234;39,91999816894531;39,869998931884766;39,90999984741211;42600
2026-10-06;15:26:00;-03:00;39,90999984741211;39,93000030517578;39,90999984741211;39,91999816894531;7900
2026-10-06;15:27:00;-03:00;39,91999816894531;39,93000030517578;39,88999938964844;39,900001525878906;14000
2026-10-06;15:28:00;-03:00;39,900001525878906;39,900001525878906;39,88999938964844;39,88999938964844;9100
2026-10-06;15:29:00;-03:00;39,900001525878906;39,900001525878906;39,86000061035156;39,86000061035156;46900
2026-10-06;15:30:00;-03:00;39,869998931884766;39,880001068115234;39,84000015258789;39,880001068115234;23200
2026-10-06;15:31:00;-03:00;39,869998931884766;39,93000030517578;39,869998931884766;39,90999984741211;33100
2026-10-06;15:32:00;-03:00;39,90999984741211;39,9900016784668;39,90999984741211;39,9900016784668;16000
2026-10-06;15:33:00;-03:00;39,97999954223633;39,97999954223633;39,95000076293945;39,959999084472656;17900
2026-10-06;15:34:00;-03:00;39,959999084472656;39,97999954223633;39,959999084472656;39,959999084472656;7800
2026-10-06;15:35:00;-03:00;39,959999084472656;39,970001220703125;39,93000030517578;39,939998626708984;15800
2026-10-06;15:36:00;-03:00;39,939998626708984;39,95000076293945;39,91999816894531;39,91999816894531;11800
2026-10-06;15:37:00;-03:00;39,91999816894531;39,95000076293945;39,90999984741211;39,939998626708984;45300
2026-10-06;15:38:00;-03:00;39,95000076293945;39,9900016784668;39,939998626708984;39,95000076293945;25400
2026-10-06;15:39:00;-03:00;39,95000076293945;39,959999084472656;39,939998626708984;39,95000076293945;12300
2026-10-06;15:40:00;-03:00;39,95000076293945;39,959999084472656;39,95000076293945;39,95000076293945;9700
2026-10-06;15:41:00;-03:00;39,95000076293945;39,959999084472656;39,93000030517578;39,93000030517578;15300
2026-10-06;15:42:00;-03:00;39,93000030517578;39,93000030517578;39,900001525878906;39,900001525878906;11600
2026-10-06;15:43:00;-03:00;39,91999816894531;39,91999816894531;39,88999938964844;39,91999816894531;30600
2026-10-06;15:44:00;-03:00;39,900001525878906;39,90999984741211;39,900001525878906;39,900001525878906;9700
2026-10-06;15:45:00;-03:00;39,90999984741211;39,90999984741211;39,88999938964844;39,88999938964844;11400
2026-10-06;15:46:00;-03:00;39,88999938964844;39,900001525878906;39,869998931884766;39,869998931884766;11900
2026-10-06;15:47:00;-03:00;39,869998931884766;39,880001068115234;39,849998474121094;39,86000061035156;12300
2026-10-06;15:48:00;-03:00;39,86000061035156;39,869998931884766;39,84000015258789;39,849998474121094;11300
2026-10-06;15:49:00;-03:00;39,849998474121094;39,900001525878906;39,83000183105469;39,88999938964844;43500
2026-10-06;15:50:00;-03:00;39,900001525878906;39,93000030517578;39,88999938964844;39,93000030517578;14200
2026-10-06;15:51:00;-03:00;39,93000030517578;40,0;39,93000030517578;39,9900016784668;32600
2026-10-06;15:52:00;-03:00;40,0;40,0099983215332;39,97999954223633;39,9900016784668;21300
2026-10-06;15:53:00;-03:00;40,0;40,0;39,97999954223633;39,97999954223633;8800
2026-10-06;15:54:00;-03:00;39,97999954223633;40,040000915527344;39,97999954223633;40,040000915527344;26900
2026-10-06;15:55:00;-03:00;40,040000915527344;40,060001373291016;40,040000915527344;40,04999923706055;12400
2026-10-06;15:56:00;-03:00;40,040000915527344;40,04999923706055;40,02000045776367;40,040000915527344;12300
2026-10-06;15:57:00;-03:00;40,029998779296875;40,08000183105469;40,029998779296875;40,06999969482422;15800
2026-10-06;15:58:00;-03:00;40,08000183105469;40,099998474121094;40,06999969482422;40,08000183105469;26300
2026-10-06;15:59:00;-03:00;40,08000183105469;40,09000015258789;40,060001373291016;40,060001373291016;18100
2026-10-06;16:00:00;-03:00;40,060001373291016;40,060001373291016;39,959999084472656;39,970001220703125;62600
2026-10-06;16:01:00;-03:00;39,970001220703125;39,9900016784668;39,959999084472656;39,97999954223633;25100
2026-10-06;16:02:00;-03:00;39,9900016784668;40,0;39,959999084472656;39,970001220703125;21200
2026-10-06;16:03:00;-03:00;39,959999084472656;39,97999954223633;39,95000076293945;39,95000076293945;11200
2026-10-06;16:04:00;-03:00;39,95000076293945;39,97999954223633;39,95000076293945;39,959999084472656;20900
2026-10-06;16:05:00;-03:00;39,959999084472656;39,970001220703125;39,939998626708984;39,939998626708984;12200
2026-10-06;16:06:00;-03:00;39,95000076293945;39,95000076293945;39,90999984741211;39,93000030517578;24900
2026-10-06;16:07:00;-03:00;39,93000030517578;39,939998626708984;39,90999984741211;39,91999816894531;20700
2026-10-06;16:08:00;-03:00;39,90999984741211;39,91999816894531;39,880001068115234;39,88999938964844;22800
2026-10-06;16:09:00;-03:00;39,880001068115234;39,880001068115234;39,869998931884766;39,869998931884766;20400
2026-10-06;16:10:00;-03:00;39,869998931884766;39,88999938964844;39,849998474121094;39,869998931884766;42200
2026-10-06;16:11:00;-03:00;39,88999938964844;39,90999984741211;39,869998931884766;39,880001068115234;23800
2026-10-06;16:12:00;-03:00;39,880001068115234;39,88999938964844;39,84000015258789;39,84000015258789;63300
2026-10-06;16:13:00;-03:00;39,86000061035156;39,88999938964844;39,84000015258789;39,880001068115234;32900
2026-10-06;16:14:00;-03:00;39,88999938964844;39,900001525878906;39,869998931884766;39,880001068115234;24500
2026-10-06;16:15:00;-03:00;39,880001068115234;39,88999938964844;39,869998931884766;39,880001068115234;25200
2026-10-06;16:16:00;-03:00;39,88999938964844;39,91999816894531;39,88999938964844;39,88999938964844;30000
2026-10-06;16:17:00;-03:00;39,90999984741211;39,91999816894531;39,900001525878906;39,90999984741211;15900
2026-10-06;16:18:00;-03:00;39,900001525878906;39,91999816894531;39,900001525878906;39,91999816894531;16700
2026-10-06;16:19:00;-03:00;39,90999984741211;39,93000030517578;39,900001525878906;39,91999816894531;22100
2026-10-06;16:20:00;-03:00;39,91999816894531;39,93000030517578;39,900001525878906;39,900001525878906;21000
2026-10-06;16:21:00;-03:00;39,900001525878906;39,90999984741211;39,880001068115234;39,88999938964844;29200
2026-10-06;16:22:00;-03:00;39,88999938964844;39,900001525878906;39,880001068115234;39,900001525878906;15000
2026-10-06;16:23:00;-03:00;39,88999938964844;39,91999816894531;39,88999938964844;39,90999984741211;20300
2026-10-06;16:24:00;-03:00;39,90999984741211;39,93000030517578;39,900001525878906;39,900001525878906;17600
2026-10-06;16:25:00;-03:00;39,91999816894531;39,939998626708984;39,90999984741211;39,91999816894531;27600
2026-10-06;16:26:00;-03:00;39,91999816894531;40,029998779296875;39,91999816894531;40,02000045776367;45500
2026-10-06;16:27:00;-03:00;40,029998779296875;40,06999969482422;40,0;40,02000045776367;101000
2026-10-06;16:28:00;-03:00;40,029998779296875;40,040000915527344;40,0099983215332;40,0099983215332;24800
2026-10-06;16:29:00;-03:00;40,02000045776367;40,02000045776367;39,97999954223633;40,0;22300
2026-10-06;16:30:00;-03:00;39,9900016784668;40,040000915527344;39,9900016784668;40,029998779296875;25000
2026-10-06;16:31:00;-03:00;40,02000045776367;40,029998779296875;40,0099983215332;40,029998779296875;11600
2026-10-06;16:32:00;-03:00;40,029998779296875;40,040000915527344;40,0;40,0;22200
2026-10-06;16:33:00;-03:00;40,0;40,0099983215332;39,97999954223633;39,97999954223633;12900
2026-10-06;16:34:00;-03:00;39,9900016784668;39,9900016784668;39,959999084472656;39,970001220703125;22900
2026-10-06;16:35:00;-03:00;39,959999084472656;39,97999954223633;39,959999084472656;39,970001220703125;12100
2026-10-06;16:36:00;-03:00;39,970001220703125;39,9900016784668;39,970001220703125;39,97999954223633;25400
2026-10-06;16:37:00;-03:00;39,97999954223633;40,0;39,97999954223633;39,9900016784668;15200
2026-10-06;16:38:00;-03:00;40,0;40,0;39,959999084472656;39,970001220703125;32100
2026-10-06;16:39:00;-03:00;39,970001220703125;39,9900016784668;39,970001220703125;39,970001220703125;21800
2026-10-06;16:40:00;-03:00;39,970001220703125;39,9900016784668;39,970001220703125;39,970001220703125;28400
2026-10-06;16:41:00;-03:00;39,97999954223633;39,97999954223633;39,93000030517578;39,93000030517578;28200
2026-10-06;16:42:00;-03:00;39,95000076293945;39,95000076293945;39,93000030517578;39,939998626708984;25900
2026-10-06;16:43:00;-03:00;39,95000076293945;39,95000076293945;39,91999816894531;39,93000030517578;16200
2026-10-06;16:44:00;-03:00;39,91999816894531;39,939998626708984;39,91999816894531;39,91999816894531;27600
2026-10-06;16:45:00;-03:00;39,939998626708984;39,95000076293945;39,91999816894531;39,95000076293945;20100
2026-10-06;16:46:00;-03:00;39,939998626708984;39,970001220703125;39,939998626708984;39,970001220703125;21200
2026-10-06;16:47:00;-03:00;39,970001220703125;39,97999954223633;39,959999084472656;39,959999084472656;18600
2026-10-06;16:48:00;-03:00;39,959999084472656;39,97999954223633;39,95000076293945;39,95000076293945;19000
2026-10-06;16:49:00;-03:00;39,95000076293945;39,95000076293945;39,86000061035156;39,86000061035156;98300
2026-10-06;16:50:00;-03:00;39,86000061035156;39,91999816894531;39,86000061035156;39,900001525878906;45800
2026-10-06;16:51:00;-03:00;39,900001525878906;39,90999984741211;39,880001068115234;39,880001068115234;26300
2026-10-06;16:52:00;-03:00;39,88999938964844;39,90999984741211;39,880001068115234;39,90999984741211;30300
2026-10-06;16:53:00;-03:00;39,900001525878906;39,90999984741211;39,880001068115234;39,880001068115234;39000
2026-10-06;16:54:00;-03:00;39,869998931884766;39,88999938964844;39,83000183105469;39,83000183105469;84200
2026-10-07;10:01:00;-03:00;40,099998474121094;40,099998474121094;39,93000030517578;40,029998779296875;0
2026-10-07;10:02:00;-03:00;40,0;40,08000183105469;40,0;40,04999923706055;9600
2026-10-07;10:03:00;-03:00;40,060001373291016;40,16999816894531;40,060001373291016;40,16999816894531;15700
2026-10-07;10:04:00;-03:00;40,18000030517578;40,310001373291016;40,150001525878906;40,310001373291016;16500
2026-10-07;10:05:00;-03:00;40,290000915527344;40,31999969482422;40,2400016784668;40,2400016784668;12800
2026-10-07;10:06:00;-03:00;40,2400016784668;40,27000045776367;40,22999954223633;40,22999954223633;6400
2026-10-07;10:07:00;-03:00;40,25;40,310001373291016;40,18000030517578;40,18000030517578;8200
2026-10-07;10:08:00;-03:00;40,20000076293945;40,209999084472656;40,11000061035156;40,130001068115234;10000
2026-10-07;10:09:00;-03:00;40,13999938964844;40,189998626708984;40,099998474121094;40,15999984741211;17400
2026-10-07;10:10:00;-03:00;40,18000030517578;40,189998626708984;40,02000045776367;40,029998779296875;17100
2026-10-07;10:11:00;-03:00;40,04999923706055;40,150001525878906;40,04999923706055;40,150001525878906;7700
2026-10-07;10:12:00;-03:00;40,150001525878906;40,18000030517578;40,130001068115234;40,18000030517578;7100
2026-10-07;10:13:00;-03:00;40,189998626708984;40,22999954223633;40,130001068115234;40,130001068115234;10200
2026-10-07;10:14:00;-03:00;40,119998931884766;40,130001068115234;40,099998474121094;40,099998474121094;4600
2026-10-07;10:15:00;-03:00;40,119998931884766;40,25;40,11000061035156;40,15999984741211;18400
2026-10-07;10:16:00;-03:00;40,15999984741211;40,2400016784668;40,13999938964844;40,220001220703125;14300
2026-10-07;10:17:00;-03:00;40,2400016784668;40,279998779296875;40,220001220703125;40,279998779296875;12700
2026-10-07;10:18:00;-03:00;40,290000915527344;40,290000915527344;40,22999954223633;40,2400016784668;10100
2026-10-07;10:19:00;-03:00;40,25;40,2599983215332;40,22999954223633;40,2400016784668;5000
2026-10-07;10:20:00;-03:00;40,25;40,29999923706055;40,25;40,29999923706055;5000
2026-10-07;10:21:00;-03:00;40,29999923706055;40,33000183105469;40,290000915527344;40,33000183105469;16800
2026-10-07;10:22:00;-03:00;40,33000183105469;40,349998474121094;40,290000915527344;40,310001373291016;13400
2026-10-07;10:23:00;-03:00;40,29999923706055;40,33000183105469;40,290000915527344;40,310001373291016;8900
2026-10-07;10:24:00;-03:00;40,310001373291016;40,349998474121094;40,279998779296875;40,290000915527344;14500
2026-10-07;10:25:00;-03:00;40,290000915527344;40,310001373291016;40,25;40,27000045776367;4100
2026-10-07;10:26:00;-03:00;40,2599983215332;40,310001373291016;40,2400016784668;40,290000915527344;4400
2026-10-07;10:27:00;-03:00;40,290000915527344;40,290000915527344;40,22999954223633;40,22999954223633;4600
2026-10-07;10:28:00;-03:00;40,2400016784668;40,2599983215332;40,2400016784668;40,2400016784668;2800
2026-10-07;10:29:00;-03:00;40,25;40,33000183105469;40,25;40,33000183105469;6200
2026-10-07;10:30:00;-03:00;40,310001373291016;40,310001373291016;40,209999084472656;40,209999084472656;3800
2026-10-07;10:31:00;-03:00;40,20000076293945;40,2400016784668;40,16999816894531;40,220001220703125;10400
2026-10-07;10:32:00;-03:00;40,209999084472656;40,209999084472656;40,130001068115234;40,130001068115234;9800
2026-10-07;10:33:00;-03:00;40,150001525878906;40,150001525878906;40,119998931884766;40,119998931884766;8400
2026-10-07;10:34:00;-03:00;40,130001068115234;40,15999984741211;40,099998474121094;40,15999984741211;4600
2026-10-07;10:35:00;-03:00;40,15999984741211;40,18000030517578;40,130001068115234;40,15999984741211;5200
2026-10-07;10:36:00;-03:00;40,15999984741211;40,220001220703125;40,13999938964844;40,209999084472656;4800
2026-10-07;10:37:00;-03:00;40,209999084472656;40,220001220703125;40,189998626708984;40,189998626708984;8200
2026-10-07;10:38:00;-03:00;40,189998626708984;40,279998779296875;40,189998626708984;40,25;9700
2026-10-07;10:39:00;-03:00;40,2599983215332;40,27000045776367;40,220001220703125;40,220001220703125;7300
2026-10-07;10:40:00;-03:00;40,2400016784668;40,2599983215332;40,220001220703125;40,2400016784668;5500
2026-10-07;10:41:00;-03:00;40,22999954223633;40,279998779296875;40,209999084472656;40,279998779296875;5900
2026-10-07;10:42:00;-03:00;40,27000045776367;40,290000915527344;40,2599983215332;40,279998779296875;12100
2026-10-07;10:43:00;-03:00;40,279998779296875;40,29999923706055;40,220001220703125;40,2599983215332;7500
2026-10-07;10:44:00;-03:00;40,25;40,27000045776367;40,220001220703125;40,27000045776367;3500
2026-10-07;10:45:00;-03:00;40,290000915527344;40,33000183105469;40,279998779296875;40,310001373291016;10800
2026-10-07;10:46:00;-03:00;40,29999923706055;40,31999969482422;40,220001220703125;40,2400016784668;62100
2026-10-07;10:47:00;-03:00;40,2400016784668;40,2599983215332;40,18000030517578;40,2599983215332;7700
2026-10-07;10:48:00;-03:00;40,25;40,2599983215332;40,22999954223633;40,2599983215332;7500
2026-10-07;10:49:00;-03:00;40,279998779296875;40,29999923706055;40,209999084472656;40,2400016784668;11600
2026-10-07;10:50:00;-03:00;40,25;40,27000045776367;40,220001220703125;40,25;18900
2026-10-07;10:51:00;-03:00;40,279998779296875;40,279998779296875;40,2599983215332;40,2599983215332;2100
2026-10-07;10:52:00;-03:00;40,2599983215332;40,27000045776367;40,22999954223633;40,22999954223633;9500
2026-10-07;10:53:00;-03:00;40,2400016784668;40,2400016784668;40,18000030517578;40,20000076293945;6000
2026-10-07;10:54:00;-03:00;40,18000030517578;40,2400016784668;40,18000030517578;40,220001220703125;10200
2026-10-07;10:55:00;-03:00;40,22999954223633;40,310001373291016;40,22999954223633;40,29999923706055;10800
2026-10-07;10:56:00;-03:00;40,310001373291016;40,349998474121094;40,310001373291016;40,34000015258789;10000
2026-10-07;10:57:00;-03:00;40,34000015258789;40,34000015258789;40,31999969482422;40,33000183105469;9000
2026-10-07;10:58:00;-03:00;40,34000015258789;40,36000061035156;40,31999969482422;40,349998474121094;8300
2026-10-07;10:59:00;-03:00;40,34000015258789;40,36000061035156;40,33000183105469;40,34000015258789;8800
2026-10-07;11:00:00;-03:00;40,36000061035156;40,369998931884766;40,189998626708984;40,2400016784668;50100
2026-10-07;11:01:00;-03:00;40,2599983215332;40,349998474121094;40,25;40,31999969482422;23100
2026-10-07;11:02:00;-03:00;40,34000015258789;40,369998931884766;40,34000015258789;40,34000015258789;18400
2026-10-07;11:03:00;-03:00;40,369998931884766;40,38999938964844;40,34000015258789;40,380001068115234;13700
2026-10-07;11:04:00;-03:00;40,38999938964844;40,400001525878906;40,349998474121094;40,369998931884766;14000
2026-10-07;11:05:00;-03:00;40,369998931884766;40,400001525878906;40,349998474121094;40,380001068115234;3600
2026-10-07;11:06:00;-03:00;40,400001525878906;40,400001525878906;40,36000061035156;40,400001525878906;5900
2026-10-07;11:07:00;-03:00;40,38999938964844;40,38999938964844;40,36000061035156;40,369998931884766;6500
2026-10-07;11:08:00;-03:00;40,380001068115234;40,400001525878906;40,369998931884766;40,380001068115234;6800
2026-10-07;11:09:00;-03:00;40,380001068115234;40,380001068115234;40,34000015258789;40,349998474121094;8100
2026-10-07;11:10:00;-03:00;40,36000061035156;40,36000061035156;40,31999969482422;40,31999969482422;7700
2026-10-07;11:11:00;-03:00;40,33000183105469;40,40999984741211;40,33000183105469;40,369998931884766;53000
2026-10-07;11:12:00;-03:00;40,369998931884766;40,369998931884766;40,33000183105469;40,34000015258789;6700
2026-10-07;11:13:00;-03:00;40,349998474121094;40,349998474121094;40,29999923706055;40,29999923706055;23800
2026-10-07;11:14:00;-03:00;40,29999923706055;40,31999969482422;40,2599983215332;40,290000915527344;15400
2026-10-07;11:15:00;-03:00;40,310001373291016;40,40999984741211;40,310001373291016;40,400001525878906;31700
2026-10-07;11:16:00;-03:00;40,40999984741211;40,43000030517578;40,400001525878906;40,41999816894531;32200
2026-10-07;11:17:00;-03:00;40,41999816894531;40,43000030517578;40,38999938964844;40,40999984741211;11500
2026-10-07;11:18:00;-03:00;40,41999816894531;40,439998626708984;40,400001525878906;40,439998626708984;37600
2026-10-07;11:19:00;-03:00;40,439998626708984;40,459999084472656;40,43000030517578;40,43000030517578;18100
2026-10-07;11:20:00;-03:00;40,439998626708984;40,47999954223633;40,43000030517578;40,45000076293945;18100
2026-10-07;11:21:00;-03:00;40,459999084472656;40,470001220703125;40,439998626708984;40,459999084472656;12600
2026-10-07;11:22:00;-03:00;40,470001220703125;40,47999954223633;40,459999084472656;40,470001220703125;8600
2026-10-07;11:23:00;-03:00;40,470001220703125;40,47999954223633;40,459999084472656;40,459999084472656;8400
2026-10-07;11:24:00;-03:00;40,459999084472656;40,5;40,43000030517578;40,43000030517578;38400
2026-10-07;11:25:00;-03:00;40,43000030517578;40,43000030517578;40,36000061035156;40,369998931884766;39500
2026-10-07;11:26:00;-03:00;40,380001068115234;40,38999938964844;40,31999969482422;40,34000015258789;36200
2026-10-07;11:27:00;-03:00;40,34000015258789;40,34000015258789;40,310001373291016;40,34000015258789;9600
2026-10-07;11:28:00;-03:00;40,33000183105469;40,380001068115234;40,33000183105469;40,349998474121094;14900
2026-10-07;11:29:00;-03:00;40,369998931884766;40,400001525878906;40,349998474121094;40,38999938964844;11300
2026-10-07;11:30:00;-03:00;40,400001525878906;40,400001525878906;40,349998474121094;40,349998474121094;13100
2026-10-07;11:31:00;-03:00;40,369998931884766;40,380001068115234;40,349998474121094;40,349998474121094;9600
2026-10-07;11:32:00;-03:00;40,369998931884766;40,380001068115234;40,349998474121094;40,369998931884766;12300
2026-10-07;11:33:00;-03:00;40,380001068115234;40,40999984741211;40,369998931884766;40,38999938964844;9400
2026-10-07;11:34:00;-03:00;40,400001525878906;40,40999984741211;40,380001068115234;40,38999938964844;8300
2026-10-07;11:35:00;-03:00;40,38999938964844;40,40999984741211;40,369998931884766;40,400001525878906;8500
2026-10-07;11:36:00;-03:00;40,400001525878906;40,43000030517578;40,369998931884766;40,369998931884766;38800
2026-10-07;11:37:00;-03:00;40,380001068115234;40,380001068115234;40,29999923706055;40,29999923706055;18100
2026-10-07;11:38:00;-03:00;40,29999923706055;40,400001525878906;40,29999923706055;40,400001525878906;21400
2026-10-07;11:39:00;-03:00;40,400001525878906;40,4900016784668;40,380001068115234;40,47999954223633;16600
2026-10-07;11:40:00;-03:00;40,4900016784668;40,4900016784668;40,439998626708984;40,470001220703125;4300
2026-10-07;11:41:00;-03:00;40,470001220703125;40,47999954223633;40,439998626708984;40,45000076293945;8400
2026-10-07;11:42:00;-03:00;40,45000076293945;40,459999084472656;40,41999816894531;40,45000076293945;8800
2026-10-07;11:43:00;-03:00;40,439998626708984;40,459999084472656;40,41999816894531;40,459999084472656;8000
2026-10-07;11:44:00;-03:00;40,459999084472656;40,470001220703125;40,43000030517578;40,439998626708984;9300
2026-10-07;11:45:00;-03:00;40,45000076293945;40,470001220703125;40,439998626708984;40,459999084472656;3700
2026-10-07;11:46:00;-03:00;40,459999084472656;40,459999084472656;40,43000030517578;40,45000076293945;6200
2026-10-07;11:47:00;-03:00;40,45000076293945;40,470001220703125;40,45000076293945;40,459999084472656;7000
2026-10-07;11:48:00;-03:00;40,45000076293945;40,459999084472656;40,43000030517578;40,459999084472656;5500
2026-10-07;11:49:00;-03:00;40,459999084472656;40,5;40,459999084472656;40,4900016784668;7400
2026-10-07;11:50:00;-03:00;40,5;40,52000045776367;40,5;40,5099983215332;12300
2026-10-07;11:51:00;-03:00;40,4900016784668;40,5;40,47999954223633;40,5;6400
2026-10-07;11:52:00;-03:00;40,47999954223633;40,5099983215332;40,470001220703125;40,5099983215332;5300
2026-10-07;11:53:00;-03:00;40,5099983215332;40,52000045776367;40,47999954223633;40,4900016784668;26200
2026-10-07;11:54:00;-03:00;40,4900016784668;40,54999923706055;40,4900016784668;40,529998779296875;11500
2026-10-07;11:55:00;-03:00;40,540000915527344;40,58000183105469;40,529998779296875;40,540000915527344;11900
2026-10-07;11:56:00;-03:00;40,540000915527344;40,540000915527344;40,5099983215332;40,5099983215332;5300
2026-10-07;11:57:00;-03:00;40,5099983215332;40,540000915527344;40,5;40,540000915527344;4000
2026-10-07;11:58:00;-03:00;40,529998779296875;40,540000915527344;40,5099983215332;40,540000915527344;5800
2026-10-07;11:59:00;-03:00;40,540000915527344;40,540000915527344;40,52000045776367;40,52000045776367;12800
2026-10-07;12:00:00;-03:00;40,5099983215332;40,5099983215332;40,470001220703125;40,4900016784668;18500
2026-10-07;12:01:00;-03:00;40,47999954223633;40,5;40,470001220703125;40,4900016784668;9400
2026-10-07;12:02:00;-03:00;40,5;40,5099983215332;40,47999954223633;40,47999954223633;8400
2026-10-07;12:03:00;-03:00;40,47999954223633;40,4900016784668;40,459999084472656;40,470001220703125;9300
2026-10-07;12:04:00;-03:00;40,47999954223633;40,4900016784668;40,47999954223633;40,47999954223633;5700
2026-10-07;12:05:00;-03:00;40,4900016784668;40,4900016784668;40,459999084472656;40,470001220703125;5200
2026-10-07;12:06:00;-03:00;40,470001220703125;40,470001220703125;40,41999816894531;40,41999816894531;8100
2026-10-07;12:07:00;-03:00;40,41999816894531;40,439998626708984;40,41999816894531;40,43000030517578;6600
2026-10-07;12:08:00;-03:00;40,439998626708984;40,459999084472656;40,439998626708984;40,459999084472656;8500
2026-10-07;12:09:00;-03:00;40,459999084472656;40,5;40,459999084472656;40,5;4800
2026-10-07;12:10:00;-03:00;40,5;40,52000045776367;40,47999954223633;40,4900016784668;7800
2026-10-07;12:11:00;-03:00;40,4900016784668;40,5099983215332;40,47999954223633;40,5099983215332;4700
2026-10-07;12:12:00;-03:00;40,5099983215332;40,529998779296875;40,47999954223633;40,5099983215332;12300
2026-10-07;12:13:00;-03:00;40,5099983215332;40,529998779296875;40,4900016784668;40,4900016784668;11600
2026-10-07;12:14:00;-03:00;40,5;40,5;40,43000030517578;40,43000030517578;10800
2026-10-07;12:15:00;-03:00;40,41999816894531;40,43000030517578;40,40999984741211;40,41999816894531;6000
2026-10-07;12:16:00;-03:00;40,43000030517578;40,43000030517578;40,400001525878906;40,400001525878906;5600
2026-10-07;12:17:00;-03:00;40,40999984741211;40,40999984741211;40,38999938964844;40,400001525878906;3500
2026-10-07;12:18:00;-03:00;40,400001525878906;40,40999984741211;40,38999938964844;40,38999938964844;4700
2026-10-07;12:19:00;-03:00;40,400001525878906;40,40999984741211;40,369998931884766;40,369998931884766;6700
2026-10-07;12:20:00;-03:00;40,38999938964844;40,41999816894531;40,38999938964844;40,41999816894531;3900
2026-10-07;12:21:00;-03:00;40,43000030517578;40,45000076293945;40,310001373291016;40,34000015258789;74000
2026-10-07;12:22:00;-03:00;40,33000183105469;40,349998474121094;40,290000915527344;40,29999923706055;17100
2026-10-07;12:23:00;-03:00;40,290000915527344;40,29999923706055;40,25;40,25;24600
2026-10-07;12:24:00;-03:00;40,2599983215332;40,279998779296875;40,25;40,279998779296875;7600
2026-10-07;12:25:00;-03:00;40,27000045776367;40,27000045776367;40,2400016784668;40,2400016784668;16100
2026-10-07;12:26:00;-03:00;40,2400016784668;40,2400016784668;40,20000076293945;40,20000076293945;19700
2026-10-07;12:27:00;-03:00;40,209999084472656;40,209999084472656;40,18000030517578;40,189998626708984;4900
2026-10-07;12:28:00;-03:00;40,20000076293945;40,220001220703125;40,189998626708984;40,209999084472656;13400
2026-10-07;12:29:00;-03:00;40,20000076293945;40,25;40,20000076293945;40,20000076293945;10600
2026-10-07;12:30:00;-03:00;40,189998626708984;40,20000076293945;40,189998626708984;40,189998626708984;1900
2026-10-07;12:31:00;-03:00;40,189998626708984;40,209999084472656;40,189998626708984;40,189998626708984;7900
2026-10-07;12:32:00;-03:00;40,189998626708984;40,220001220703125;40,15999984741211;40,15999984741211;18000
2026-10-07;12:33:00;-03:00;40,15999984741211;40,16999816894531;40,150001525878906;40,15999984741211;6200
2026-10-07;12:34:00;-03:00;40,15999984741211;40,20000076293945;40,15999984741211;40,18000030517578;6800
2026-10-07;12:35:00;-03:00;40,18000030517578;40,209999084472656;40,18000030517578;40,209999084472656;5700
2026-10-07;12:36:00;-03:00;40,209999084472656;40,220001220703125;40,15999984741211;40,15999984741211;14400
2026-10-07;12:37:00;-03:00;40,15999984741211;40,18000030517578;40,15999984741211;40,15999984741211;6800
2026-10-07;12:38:00;-03:00;40,150001525878906;40,16999816894531;40,150001525878906;40,150001525878906;3900
2026-10-07;12:39:00;-03:00;40,150001525878906;40,189998626708984;40,150001525878906;40,15999984741211;8300
2026-10-07;12:40:00;-03:00;40,16999816894531;40,18000030517578;40,15999984741211;40,16999816894531;6300
2026-10-07;12:41:00;-03:00;40,15999984741211;40,189998626708984;40,15999984741211;40,15999984741211;8000
2026-10-07;12:42:00;-03:00;40,16999816894531;40,18000030517578;40,15999984741211;40,18000030517578;6200
2026-10-07;12:43:00;-03:00;40,18000030517578;40,18000030517578;40,150001525878906;40,150001525878906;9100
2026-10-07;12:44:00;-03:00;40,150001525878906;40,150001525878906;40,130001068115234;40,130001068115234;4300
2026-10-07;12:45:00;-03:00;40,13999938964844;40,15999984741211;40,130001068115234;40,150001525878906;3800
2026-10-07;12:46:00;-03:00;40,150001525878906;40,18000030517578;40,150001525878906;40,15999984741211;8600
2026-10-07;12:47:00;-03:00;40,16999816894531;40,16999816894531;40,150001525878906;40,15999984741211;5700
2026-10-07;12:48:00;-03:00;40,16999816894531;40,16999816894531;40,130001068115234;40,13999938964844;8100
2026-10-07;12:49:00;-03:00;40,13999938964844;40,150001525878906;40,119998931884766;40,119998931884766;9300
2026-10-07;12:50:00;-03:00;40,119998931884766;40,13999938964844;40,119998931884766;40,13999938964844;3000
2026-10-07;12:51:00;-03:00;40,13999938964844;40,15999984741211;40,119998931884766;40,13999938964844;6900
2026-10-07;12:52:00;-03:00;40,13999938964844;40,150001525878906;40,130001068115234;40,130001068115234;1700
2026-10-07;12:53:00;-03:00;40,130001068115234;40,150001525878906;40,119998931884766;40,150001525878906;5900
2026-10-07;12:54:00;-03:00;40,130001068115234;40,150001525878906;40,11000061035156;40,119998931884766;11200
2026-10-07;12:55:00;-03:00;40,119998931884766;40,15999984741211;40,099998474121094;40,15999984741211;9800
2026-10-07;12:56:00;-03:00;40,15999984741211;40,16999816894531;40,13999938964844;40,150001525878906;6600
2026-10-07;12:57:00;-03:00;40,13999938964844;40,18000030517578;40,13999938964844;40,16999816894531;3000
2026-10-07;12:58:00;-03:00;40,16999816894531;40,189998626708984;40,150001525878906;40,16999816894531;10300
2026-10-07;12:59:00;-03:00;40,16999816894531;40,20000076293945;40,15999984741211;40,189998626708984;6800
2026-10-07;13:00:00;-03:00;40,20000076293945;40,209999084472656;40,189998626708984;40,20000076293945;9600
2026-10-07;13:01:00;-03:00;40,20000076293945;40,2599983215332;40,20000076293945;40,20000076293945;8300
2026-10-07;13:02:00;-03:00;40,209999084472656;40,25;40,209999084472656;40,25;2800
2026-10-07;13:03:00;-03:00;40,2400016784668;40,27000045776367;40,2400016784668;40,25;3900
2026-10-07;13:04:00;-03:00;40,2599983215332;40,290000915527344;40,22999954223633;40,290000915527344;18200
2026-10-07;13:05:00;-03:00;40,279998779296875;40,290000915527344;40,27000045776367;40,290000915527344;20200
2026-10-07;13:06:00;-03:00;40,279998779296875;40,279998779296875;40,22999954223633;40,22999954223633;31200
2026-10-07;13:07:00;-03:00;40,22999954223633;40,22999954223633;40,220001220703125;40,22999954223633;3600
2026-10-07;13:08:00;-03:00;40,2400016784668;40,27000045776367;40,2400016784668;40,27000045776367;10300
2026-10-07;13:09:00;-03:00;40,27000045776367;40,279998779296875;40,2400016784668;40,2400016784668;15500
2026-10-07;13:10:00;-03:00;40,2400016784668;40,2400016784668;40,220001220703125;40,22999954223633;18300
2026-10-07;13:11:00;-03:00;40,220001220703125;40,220001220703125;40,20000076293945;40,20000076293945;6600
2026-10-07;13:12:00;-03:00;40,209999084472656;40,220001220703125;40,20000076293945;40,220001220703125;6400
2026-10-07;13:13:00;-03:00;40,209999084472656;40,220001220703125;40,20000076293945;40,220001220703125;12100
2026-10-07;13:14:00;-03:00;40,20000076293945;40,209999084472656;40,189998626708984;40,20000076293945;12500
2026-10-07;13:15:00;-03:00;40,189998626708984;40,209999084472656;40,189998626708984;40,209999084472656;6500
2026-10-07;13:16:00;-03:00;40,20000076293945;40,209999084472656;40,20000076293945;40,209999084472656;5000
2026-10-07;13:17:00;-03:00;40,220001220703125;40,22999954223633;40,20000076293945;40,22999954223633;12000
2026-10-07;13:18:00;-03:00;40,220001220703125;40,2400016784668;40,220001220703125;40,2400016784668;6400
2026-10-07;13:19:00;-03:00;40,2400016784668;40,2400016784668;40,209999084472656;40,209999084472656;20700
2026-10-07;13:20:00;-03:00;40,209999084472656;40,22999954223633;40,209999084472656;40,220001220703125;7200
2026-10-07;13:21:00;-03:00;40,220001220703125;40,2400016784668;40,220001220703125;40,22999954223633;5100
2026-10-07;13:22:00;-03:00;40,2400016784668;40,2400016784668;40,22999954223633;40,22999954223633;4100
2026-10-07;13:23:00;-03:00;40,2400016784668;40,2599983215332;40,22999954223633;40,25;6000
2026-10-07;13:24:00;-03:00;40,25;40,279998779296875;40,25;40,27000045776367;7500
2026-10-07;13:25:00;-03:00;40,27000045776367;40,290000915527344;40,2599983215332;40,279998779296875;17600
2026-10-07;13:26:00;-03:00;40,290000915527344;40,29999923706055;40,2599983215332;40,2599983215332;7900
2026-10-07;13:27:00;-03:00;40,2599983215332;40,290000915527344;40,2599983215332;40,279998779296875;7300
2026-10-07;13:28:00;-03:00;40,279998779296875;40,29999923706055;40,279998779296875;40,29999923706055;6600
2026-10-07;13:29:00;-03:00;40,29999923706055;40,29999923706055;40,279998779296875;40,290000915527344;12400
2026-10-07;13:30:00;-03:00;40,290000915527344;40,290000915527344;40,2599983215332;40,27000045776367;5100
2026-10-07;13:31:00;-03:00;40,2599983215332;40,279998779296875;40,2400016784668;40,2400016784668;13600
2026-10-07;13:32:00;-03:00;40,22999954223633;40,2400016784668;40,220001220703125;40,220001220703125;3400
2026-10-07;13:33:00;-03:00;40,22999954223633;40,22999954223633;40,209999084472656;40,220001220703125;7600
2026-10-07;13:34:00;-03:00;40,22999954223633;40,22999954223633;40,20000076293945;40,209999084472656;8600
2026-10-07;13:35:00;-03:00;40,209999084472656;40,220001220703125;40,20000076293945;40,20000076293945;5900
2026-10-07;13:36:00;-03:00;40,20000076293945;40,220001220703125;40,20000076293945;40,220001220703125;5500
2026-10-07;13:37:00;-03:00;40,220001220703125;40,2400016784668;40,209999084472656;40,209999084472656;12100
2026-10-07;13:38:00;-03:00;40,20000076293945;40,2400016784668;40,20000076293945;40,2400016784668;4300
2026-10-07;13:39:00;-03:00;40,22999954223633;40,2400016784668;40,22999954223633;40,2400016784668;2800
2026-10-07;13:40:00;-03:00;40,2400016784668;40,2400016784668;40,220001220703125;40,2400016784668;8500
2026-10-07;13:41:00;-03:00;40,25;40,27000045776367;40,2400016784668;40,25;8800
2026-10-07;13:42:00;-03:00;40,2400016784668;40,2599983215332;40,16999816894531;40,16999816894531;20000
2026-10-07;13:43:00;-03:00;40,18000030517578;40,18000030517578;40,15999984741211;40,16999816894531;8100
2026-10-07;13:44:00;-03:00;40,18000030517578;40,189998626708984;40,16999816894531;40,18000030517578;5500
2026-10-07;13:45:00;-03:00;40,189998626708984;40,20000076293945;40,18000030517578;40,20000076293945;8500
2026-10-07;13:46:00;-03:00;40,20000076293945;40,209999084472656;40,189998626708984;40,20000076293945;7700
2026-10-07;13:47:00;-03:00;40,18000030517578;40,209999084472656;40,18000030517578;40,189998626708984;3700
2026-10-07;13:48:00;-03:00;40,189998626708984;40,209999084472656;40,189998626708984;40,209999084472656;8800
2026-10-07;13:49:00;-03:00;40,209999084472656;40,22999954223633;40,20000076293945;40,220001220703125;7700
2026-10-07;13:50:00;-03:00;40,209999084472656;40,22999954223633;40,20000076293945;40,220001220703125;7900
2026-10-07;13:51:00;-03:00;40,220001220703125;40,22999954223633;40,209999084472656;40,220001220703125;8600
2026-10-07;13:52:00;-03:00;40,209999084472656;40,22999954223633;40,209999084472656;40,209999084472656;8300
2026-10-07;13:53:00;-03:00;40,220001220703125;40,22999954223633;40,209999084472656;40,22999954223633;3800
2026-10-07;13:54:00;-03:00;40,22999954223633;40,2599983215332;40,220001220703125;40,25;6600
2026-10-07;13:55:00;-03:00;40,2400016784668;40,2599983215332;40,2400016784668;40,25;4000
2026-10-07;13:56:00;-03:00;40,2599983215332;40,2599983215332;40,22999954223633;40,2400016784668;8500
2026-10-07;13:57:00;-03:00;40,2400016784668;40,25;40,22999954223633;40,2400016784668;9400
2026-10-07;13:58:00;-03:00;40,22999954223633;40,25;40,220001220703125;40,220001220703125;7600
2026-10-07;13:59:00;-03:00;40,2400016784668;40,2400016784668;40,189998626708984;40,189998626708984;14800
2026-10-07;14:00:00;-03:00;40,189998626708984;40,189998626708984;40,08000183105469;40,09000015258789;97100
2026-10-07;14:01:00;-03:00;40,09000015258789;40,099998474121094;40,029998779296875;40,040000915527344;16200
2026-10-07;14:02:00;-03:00;40,029998779296875;40,08000183105469;40,02000045776367;40,08000183105469;13500
2026-10-07;14:03:00;-03:00;40,06999969482422;40,11000061035156;40,060001373291016;40,08000183105469;26300
2026-10-07;14:04:00;-03:00;40,08000183105469;40,119998931884766;40,06999969482422;40,099998474121094;13500
2026-10-07;14:05:00;-03:00;40,08000183105469;40,099998474121094;40,08000183105469;40,09000015258789;3800
2026-10-07;14:06:00;-03:00;40,099998474121094;40,13999938964844;40,08000183105469;40,119998931884766;34300
2026-10-07;14:07:00;-03:00;40,11000061035156;40,130001068115234;40,11000061035156;40,130001068115234;4200
2026-10-07;14:08:00;-03:00;40,130001068115234;40,13999938964844;40,11000061035156;40,119998931884766;16300
2026-10-07;14:09:00;-03:00;40,130001068115234;40,150001525878906;40,130001068115234;40,150001525878906;7400
2026-10-07;14:10:00;-03:00;40,150001525878906;40,15999984741211;40,119998931884766;40,13999938964844;12000
2026-10-07;14:11:00;-03:00;40,130001068115234;40,13999938964844;40,119998931884766;40,119998931884766;8700
2026-10-07;14:12:00;-03:00;40,130001068115234;40,150001525878906;40,130001068115234;40,13999938964844;21100
2026-10-07;14:13:00;-03:00;40,13999938964844;40,13999938964844;40,099998474121094;40,119998931884766;9800
2026-10-07;14:14:00;-03:00;40,130001068115234;40,130001068115234;40,11000061035156;40,119998931884766;3100
2026-10-07;14:15:00;-03:00;40,119998931884766;40,119998931884766;40,09000015258789;40,099998474121094;10000
2026-10-07;14:16:00;-03:00;40,099998474121094;40,130001068115234;40,099998474121094;40,11000061035156;14300
2026-10-07;14:17:00;-03:00;40,11000061035156;40,130001068115234;40,11000061035156;40,130001068115234;5200
2026-10-07;14:18:00;-03:00;40,130001068115234;40,13999938964844;40,119998931884766;40,13999938964844;6500
2026-10-07;14:19:00;-03:00;40,119998931884766;40,13999938964844;40,119998931884766;40,13999938964844;11400
2026-10-07;14:20:00;-03:00;40,13999938964844;40,150001525878906;40,119998931884766;40,130001068115234;9900
2026-10-07;14:21:00;-03:00;40,119998931884766;40,150001525878906;40,119998931884766;40,13999938964844;10500
2026-10-07;14:22:00;-03:00;40,15999984741211;40,18000030517578;40,150001525878906;40,16999816894531;21000
2026-10-07;14:23:00;-03:00;40,15999984741211;40,15999984741211;40,13999938964844;40,15999984741211;8400
2026-10-07;14:24:00;-03:00;40,150001525878906;40,18000030517578;40,130001068115234;40,15999984741211;14800
2026-10-07;14:25:00;-03:00;40,16999816894531;40,18000030517578;40,16999816894531;40,18000030517578;3500
2026-10-07;14:26:00;-03:00;40,18000030517578;40,20000076293945;40,18000030517578;40,18000030517578;13500
2026-10-07;14:27:00;-03:00;40,18000030517578;40,189998626708984;40,18000030517578;40,189998626708984;2900
2026-10-07;14:28:00;-03:00;40,189998626708984;40,189998626708984;40,15999984741211;40,16999816894531;6700
2026-10-07;14:29:00;-03:00;40,15999984741211;40,18000030517578;40,15999984741211;40,18000030517578;12900
2026-10-07;14:30:00;-03:00;40,18000030517578;40,189998626708984;40,15999984741211;40,189998626708984;9700
2026-10-07;14:31:00;-03:00;40,189998626708984;40,209999084472656;40,18000030517578;40,209999084472656;10400
2026-10-07;14:32:00;-03:00;40,209999084472656;40,2400016784668;40,209999084472656;40,220001220703125;7400
2026-10-07;14:33:00;-03:00;40,22999954223633;40,22999954223633;40,209999084472656;40,209999084472656;8900
2026-10-07;14:34:00;-03:00;40,209999084472656;40,209999084472656;40,15999984741211;40,18000030517578;10800
2026-10-07;14:35:00;-03:00;40,18000030517578;40,20000076293945;40,15999984741211;40,18000030517578;26700
2026-10-07;14:36:00;-03:00;40,16999816894531;40,20000076293945;40,15999984741211;40,189998626708984;12500
2026-10-07;14:37:00;-03:00;40,18000030517578;40,209999084472656;40,18000030517578;40,209999084472656;10800
2026-10-07;14:38:00;-03:00;40,220001220703125;40,22999954223633;40,20000076293945;40,22999954223633;14300
2026-10-07;14:39:00;-03:00;40,22999954223633;40,25;40,209999084472656;40,2400016784668;4400
2026-10-07;14:40:00;-03:00;40,2400016784668;40,2599983215332;40,22999954223633;40,2400016784668;12300
2026-10-07;14:41:00;-03:00;40,2400016784668;40,279998779296875;40,2400016784668;40,2599983215332;11600
2026-10-07;14:42:00;-03:00;40,2599983215332;40,2599983215332;40,22999954223633;40,22999954223633;7600
2026-10-07;14:43:00;-03:00;40,2400016784668;40,25;40,22999954223633;40,22999954223633;4100
2026-10-07;14:44:00;-03:00;40,2400016784668;40,2400016784668;40,22999954223633;40,2400016784668;4000
2026-10-07;14:45:00;-03:00;40,2400016784668;40,2400016784668;40,20000076293945;40,22999954223633;14600
2026-10-07;14:46:00;-03:00;40,2400016784668;40,27000045776367;40,22999954223633;40,2599983215332;10300
2026-10-07;14:47:00;-03:00;40,2599983215332;40,2599983215332;40,2400016784668;40,2599983215332;6700
2026-10-07;14:48:00;-03:00;40,2599983215332;40,279998779296875;40,2599983215332;40,2599983215332;7400
2026-10-07;14:49:00;-03:00;40,27000045776367;40,279998779296875;40,2599983215332;40,279998779296875;4300
2026-10-07;14:50:00;-03:00;40,279998779296875;40,29999923706055;40,27000045776367;40,29999923706055;8800
2026-10-07;14:51:00;-03:00;40,290000915527344;40,29999923706055;40,290000915527344;40,29999923706055;7900
2026-10-07;14:52:00;-03:00;40,290000915527344;40,34000015258789;40,290000915527344;40,34000015258789;30700
2026-10-07;14:53:00;-03:00;40,34000015258789;40,34000015258789;40,310001373291016;40,33000183105469;9500
2026-10-07;14:54:00;-03:00;40,34000015258789;40,369998931884766;40,34000015258789;40,369998931884766;6000
2026-10-07;14:55:00;-03:00;40,369998931884766;40,369998931884766;40,31999969482422;40,349998474121094;12100
2026-10-07;14:56:00;-03:00;40,349998474121094;40,380001068115234;40,349998474121094;40,380001068115234;7100
2026-10-07;14:57:00;-03:00;40,380001068115234;40,380001068115234;40,36000061035156;40,380001068115234;7500
2026-10-07;14:58:00;-03:00;40,369998931884766;40,38999938964844;40,369998931884766;40,380001068115234;5400
2026-10-07;14:59:00;-03:00;40,38999938964844;40,43000030517578;40,380001068115234;40,40999984741211;29000
2026-10-07;15:00:00;-03:00;40,40999984741211;40,40999984741211;40,400001525878906;40,400001525878906;4800
2026-10-07;15:01:00;-03:00;40,400001525878906;40,40999984741211;40,380001068115234;40,40999984741211;11200
2026-10-07;15:02:00;-03:00;40,40999984741211;40,41999816894531;40,40999984741211;40,40999984741211;7100
2026-10-07;15:03:00;-03:00;40,400001525878906;40,400001525878906;40,369998931884766;40,380001068115234;8200
2026-10-07;15:04:00;-03:00;40,38999938964844;40,45000076293945;40,38999938964844;40,45000076293945;19100
2026-10-07;15:05:00;-03:00;40,45000076293945;40,459999084472656;40,43000030517578;40,43000030517578;15300
2026-10-07;15:06:00;-03:00;40,40999984741211;40,45000076293945;40,38999938964844;40,43000030517578;19900
2026-10-07;15:07:00;-03:00;40,41999816894531;40,439998626708984;40,38999938964844;40,439998626708984;19300
2026-10-07;15:08:00;-03:00;40,439998626708984;40,459999084472656;40,43000030517578;40,459999084472656;10900
2026-10-07;15:09:00;-03:00;40,45000076293945;40,470001220703125;40,43000030517578;40,470001220703125;15800
2026-10-07;15:10:00;-03:00;40,470001220703125;40,5;40,470001220703125;40,4900016784668;18100
2026-10-07;15:11:00;-03:00;40,470001220703125;40,47999954223633;40,459999084472656;40,470001220703125;19300
2026-10-07;15:12:00;-03:00;40,459999084472656;40,47999954223633;40,459999084472656;40,470001220703125;5500
2026-10-07;15:13:00;-03:00;40,459999084472656;40,470001220703125;40,439998626708984;40,45000076293945;9400
2026-10-07;15:14:00;-03:00;40,45000076293945;40,470001220703125;40,439998626708984;40,459999084472656;12300
2026-10-07;15:15:00;-03:00;40,45000076293945;40,45000076293945;40,41999816894531;40,45000076293945;11000
2026-10-07;15:16:00;-03:00;40,459999084472656;40,459999084472656;40,43000030517578;40,439998626708984;4400
2026-10-07;15:17:00;-03:00;40,439998626708984;40,470001220703125;40,439998626708984;40,470001220703125;12700
2026-10-07;15:18:00;-03:00;40,459999084472656;40,470001220703125;40,439998626708984;40,470001220703125;12200
2026-10-07;15:19:00;-03:00;40,459999084472656;40,470001220703125;40,41999816894531;40,43000030517578;10800
2026-10-07;15:20:00;-03:00;40,43000030517578;40,459999084472656;40,43000030517578;40,45000076293945;7800
2026-10-07;15:21:00;-03:00;40,45000076293945;40,459999084472656;40,380001068115234;40,380001068115234;33000
2026-10-07;15:22:00;-03:00;40,380001068115234;40,380001068115234;40,349998474121094;40,349998474121094;6200
2026-10-07;15:23:00;-03:00;40,349998474121094;40,349998474121094;40,31999969482422;40,349998474121094;18600
2026-10-07;15:24:00;-03:00;40,36000061035156;40,36000061035156;40,34000015258789;40,34000015258789;6800
2026-10-07;15:25:00;-03:00;40,34000015258789;40,36000061035156;40,33000183105469;40,36000061035156;7700
2026-10-07;15:26:00;-03:00;40,349998474121094;40,36000061035156;40,31999969482422;40,349998474121094;15600
2026-10-07;15:27:00;-03:00;40,36000061035156;40,369998931884766;40,36000061035156;40,369998931884766;3900
2026-10-07;15:28:00;-03:00;40,369998931884766;40,38999938964844;40,369998931884766;40,380001068115234;13800
2026-10-07;15:29:00;-03:00;40,369998931884766;40,400001525878906;40,369998931884766;40,38999938964844;4500
2026-10-07;15:30:00;-03:00;40,400001525878906;40,40999984741211;40,38999938964844;40,400001525878906;13200
2026-10-07;15:31:00;-03:00;40,38999938964844;40,40999984741211;40,38999938964844;40,400001525878906;6900
2026-10-07;15:32:00;-03:00;40,400001525878906;40,45000076293945;40,400001525878906;40,43000030517578;73800
2026-10-07;15:33:00;-03:00;40,41999816894531;40,43000030517578;40,400001525878906;40,43000030517578;12200
2026-10-07;15:34:00;-03:00;40,43000030517578;40,43000030517578;40,400001525878906;40,400001525878906;9300
2026-10-07;15:35:00;-03:00;40,400001525878906;40,40999984741211;40,38999938964844;40,40999984741211;16000
2026-10-07;15:36:00;-03:00;40,40999984741211;40,40999984741211;40,380001068115234;40,380001068115234;5600
2026-10-07;15:37:00;-03:00;40,380001068115234;40,400001525878906;40,380001068115234;40,400001525878906;10300
2026-10-07;15:38:00;-03:00;40,400001525878906;40,400001525878906;40,349998474121094;40,349998474121094;13000
2026-10-07;15:39:00;-03:00;40,36000061035156;40,369998931884766;40,36000061035156;40,369998931884766;4400
2026-10-07;15:40:00;-03:00;40,369998931884766;40,400001525878906;40,36000061035156;40,400001525878906;20500
2026-10-07;15:41:00;-03:00;40,400001525878906;40,400001525878906;40,38999938964844;40,38999938964844;5300
2026-10-07;15:42:00;-03:00;40,400001525878906;40,41999816894531;40,400001525878906;40,40999984741211;13900
2026-10-07;15:43:00;-03:00;40,40999984741211;40,40999984741211;40,400001525878906;40,40999984741211;12000
2026-10-07;15:44:00;-03:00;40,400001525878906;40,40999984741211;40,380001068115234;40,380001068115234;9600
2026-10-07;15:45:00;-03:00;40,38999938964844;40,38999938964844;40,369998931884766;40,380001068115234;9800
2026-10-07;15:46:00;-03:00;40,369998931884766;40,38999938964844;40,369998931884766;40,380001068115234;4700
2026-10-07;15:47:00;-03:00;40,380001068115234;40,40999984741211;40,380001068115234;40,400001525878906;8400
2026-10-07;15:48:00;-03:00;40,400001525878906;40,40999984741211;40,38999938964844;40,40999984741211;9100
2026-10-07;15:49:00;-03:00;40,40999984741211;40,40999984741211;40,279998779296875;40,349998474121094;145900
2026-10-07;15:50:00;-03:00;40,36000061035156;40,38999938964844;40,36000061035156;40,38999938964844;14400
2026-10-07;15:51:00;-03:00;40,38999938964844;40,400001525878906;40,369998931884766;40,369998931884766;6700
2026-10-07;15:52:00;-03:00;40,369998931884766;40,380001068115234;40,36000061035156;40,369998931884766;9700
2026-10-07;15:53:00;-03:00;40,369998931884766;40,38999938964844;40,36000061035156;40,38999938964844;7500
2026-10-07;15:54:00;-03:00;40,380001068115234;40,400001525878906;40,380001068115234;40,38999938964844;10100
2026-10-07;15:55:00;-03:00;40,38999938964844;40,38999938964844;40,369998931884766;40,369998931884766;10600
2026-10-07;15:56:00;-03:00;40,369998931884766;40,380001068115234;40,349998474121094;40,349998474121094;7500
2026-10-07;15:57:00;-03:00;40,349998474121094;40,36000061035156;40,34000015258789;40,34000015258789;8000
2026-10-07;15:58:00;-03:00;40,33000183105469;40,34000015258789;40,31999969482422;40,34000015258789;22200
2026-10-07;15:59:00;-03:00;40,34000015258789;40,36000061035156;40,34000015258789;40,34000015258789;5000
2026-10-07;16:00:00;-03:00;40,349998474121094;40,349998474121094;40,33000183105469;40,349998474121094;8300
2026-10-07;16:01:00;-03:00;40,34000015258789;40,349998474121094;40,33000183105469;40,34000015258789;7100
2026-10-07;16:02:00;-03:00;40,34000015258789;40,349998474121094;40,34000015258789;40,349998474121094;4400
2026-10-07;16:03:00;-03:00;40,34000015258789;40,349998474121094;40,34000015258789;40,34000015258789;10700
2026-10-07;16:04:00;-03:00;40,33000183105469;40,349998474121094;40,33000183105469;40,349998474121094;6100
2026-10-07;16:05:00;-03:00;40,349998474121094;40,380001068115234;40,34000015258789;40,380001068115234;8600
2026-10-07;16:06:00;-03:00;40,380001068115234;40,380001068115234;40,369998931884766;40,380001068115234;10800
2026-10-07;16:07:00;-03:00;40,369998931884766;40,40999984741211;40,369998931884766;40,40999984741211;6900
2026-10-07;16:08:00;-03:00;40,40999984741211;40,41999816894531;40,400001525878906;40,40999984741211;5100
2026-10-07;16:09:00;-03:00;40,41999816894531;40,41999816894531;40,40999984741211;40,40999984741211;4100
2026-10-07;16:10:00;-03:00;40,41999816894531;40,439998626708984;40,40999984741211;40,439998626708984;9400
2026-10-07;16:11:00;-03:00;40,439998626708984;40,470001220703125;40,439998626708984;40,45000076293945;19100
2026-10-07;16:12:00;-03:00;40,45000076293945;40,459999084472656;40,439998626708984;40,439998626708984;7900
2026-10-07;16:13:00;-03:00;40,439998626708984;40,470001220703125;40,439998626708984;40,459999084472656;11400
2026-10-07;16:14:00;-03:00;40,459999084472656;40,459999084472656;40,45000076293945;40,459999084472656;2700
2026-10-07;16:15:00;-03:00;40,45000076293945;40,470001220703125;40,439998626708984;40,459999084472656;16500
2026-10-07;16:16:00;-03:00;40,459999084472656;40,470001220703125;40,45000076293945;40,459999084472656;9400
2026-10-07;16:17:00;-03:00;40,459999084472656;40,470001220703125;40,45000076293945;40,45000076293945;11800
2026-10-07;16:18:00;-03:00;40,45000076293945;40,45000076293945;40,43000030517578;40,43000030517578;14200
2026-10-07;16:19:00;-03:00;40,43000030517578;40,439998626708984;40,43000030517578;40,439998626708984;4400
2026-10-07;16:20:00;-03:00;40,439998626708984;40,45000076293945;40,40999984741211;40,45000076293945;14900
2026-10-07;16:21:00;-03:00;40,459999084472656;40,470001220703125;40,43000030517578;40,439998626708984;13700
2026-10-07;16:22:00;-03:00;40,43000030517578;40,439998626708984;40,41999816894531;40,41999816894531;7400
2026-10-07;16:23:00;-03:00;40,43000030517578;40,45000076293945;40,43000030517578;40,45000076293945;8900
2026-10-07;16:24:00;-03:00;40,45000076293945;40,45000076293945;40,43000030517578;40,43000030517578;12600
2026-10-07;16:25:00;-03:00;40,43000030517578;40,43000030517578;40,380001068115234;40,38999938964844;12400
2026-10-07;16:26:00;-03:00;40,380001068115234;40,38999938964844;40,369998931884766;40,38999938964844;8000
2026-10-07;16:27:00;-03:00;40,380001068115234;40,41999816894531;40,380001068115234;40,41999816894531;15500
2026-10-07;16:28:00;-03:00;40,41999816894531;40,43000030517578;40,38999938964844;40,400001525878906;12800
2026-10-07;16:29:00;-03:00;40,400001525878906;40,41999816894531;40,400001525878906;40,40999984741211;7300
2026-10-07;16:30:00;-03:00;40,40999984741211;40,41999816894531;40,369998931884766;40,369998931884766;22900
2026-10-07;16:31:00;-03:00;40,369998931884766;40,369998931884766;40,27000045776367;40,27000045776367;30200
2026-10-07;16:32:00;-03:00;40,27000045776367;40,27000045776367;40,25;40,27000045776367;14800
2026-10-07;16:33:00;-03:00;40,2599983215332;40,279998779296875;40,25;40,2599983215332;12700
2026-10-07;16:34:00;-03:00;40,25;40,279998779296875;40,25;40,2599983215332;22500
2026-10-07;16:35:00;-03:00;40,2599983215332;40,279998779296875;40,25;40,27000045776367;5500
2026-10-07;16:36:00;-03:00;40,27000045776367;40,27000045776367;40,2599983215332;40,27000045776367;15600
2026-10-07;16:37:00;-03:00;40,27000045776367;40,29999923706055;40,2599983215332;40,279998779296875;28100
2026-10-07;16:38:00;-03:00;40,279998779296875;40,29999923706055;40,279998779296875;40,290000915527344;16000
2026-10-07;16:39:00;-03:00;40,290000915527344;40,31999969482422;40,27000045776367;40,31999969482422;29000
2026-10-07;16:40:00;-03:00;40,31999969482422;40,31999969482422;40,290000915527344;40,290000915527344;29800
2026-10-07;16:41:00;-03:00;40,29999923706055;40,29999923706055;40,27000045776367;40,279998779296875;22000
2026-10-07;16:42:00;-03:00;40,290000915527344;40,31999969482422;40,279998779296875;40,29999923706055;20800
2026-10-07;16:43:00;-03:00;40,29999923706055;40,31999969482422;40,279998779296875;40,29999923706055;52200
2026-10-07;16:44:00;-03:00;40,290000915527344;40,29999923706055;40,279998779296875;40,29999923706055;15000
2026-10-07;16:45:00;-03:00;40,29999923706055;40,29999923706055;40,279998779296875;40,279998779296875;11100
2026-10-07;16:46:00;-03:00;40,279998779296875;40,31999969482422;40,279998779296875;40,31999969482422;30700
2026-10-07;16:47:00;-03:00;40,310001373291016;40,31999969482422;40,29999923706055;40,31999969482422;23800
2026-10-07;16:48:00;-03:00;40,310001373291016;40,33000183105469;40,29999923706055;40,310001373291016;20900
2026-10-07;16:49:00;-03:00;40,29999923706055;40,34000015258789;40,29999923706055;40,33000183105469;25400
2026-10-07;16:50:00;-03:00;40,33000183105469;40,36000061035156;40,33000183105469;40,34000015258789;29400
2026-10-07;16:51:00;-03:00;40,34000015258789;40,36000061035156;40,33000183105469;40,34000015258789;17300
2026-10-07;16:52:00;-03:00;40,33000183105469;40,349998474121094;40,310001373291016;40,33000183105469;23900
2026-10-07;16:53:00;-03:00;40,33000183105469;40,33000183105469;40,310001373291016;40,310001373291016;17000
2026-10-07;16:54:00;-03:00;40,310001373291016;40,33000183105469;40,20000076293945;40,20000076293945;39600
2026-10-08;10:01:00;-03:00;40,31999969482422;40,369998931884766;40,220001220703125;40,279998779296875;0
2026-10-08;10:02:00;-03:00;40,27000045776367;40,29999923706055;40,209999084472656;40,29999923706055;2300
2026-10-08;10:03:00;-03:00;40,279998779296875;40,31999969482422;40,279998779296875;40,310001373291016;4600
2026-10-08;10:04:00;-03:00;40,29999923706055;40,34000015258789;40,290000915527344;40,310001373291016;5300
2026-10-08;10:05:00;-03:00;40,310001373291016;40,36000061035156;40,310001373291016;40,34000015258789;2100
2026-10-08;10:06:00;-03:00;40,369998931884766;40,400001525878906;40,31999969482422;40,38999938964844;12300
2026-10-08;10:07:00;-03:00;40,40999984741211;40,43000030517578;40,369998931884766;40,400001525878906;8700
2026-10-08;10:08:00;-03:00;40,40999984741211;40,56999969482422;40,38999938964844;40,54999923706055;8100
2026-10-08;10:09:00;-03:00;40,56999969482422;40,56999969482422;40,45000076293945;40,470001220703125;14500
2026-10-08;10:10:00;-03:00;40,47999954223633;40,66999816894531;40,47999954223633;40,63999938964844;12900
2026-10-08;10:11:00;-03:00;40,63999938964844;40,68000030517578;40,540000915527344;40,560001373291016;6700
2026-10-08;10:12:00;-03:00;40,56999969482422;40,58000183105469;40,529998779296875;40,58000183105469;4300
2026-10-08;10:13:00;-03:00;40,54999923706055;40,599998474121094;40,540000915527344;40,560001373291016;2100
2026-10-08;10:14:00;-03:00;40,540000915527344;40,619998931884766;40,540000915527344;40,619998931884766;3900
2026-10-08;10:15:00;-03:00;40,61000061035156;40,65999984741211;40,599998474121094;40,599998474121094;2800
2026-10-08;10:16:00;-03:00;40,61000061035156;40,630001068115234;40,599998474121094;40,630001068115234;1200
2026-10-08;10:17:00;-03:00;40,63999938964844;40,63999938964844;40,61000061035156;40,63999938964844;1600
2026-10-08;10:18:00;-03:00;40,630001068115234;40,630001068115234;40,59000015258789;40,599998474121094;3500
2026-10-08;10:19:00;-03:00;40,619998931884766;40,619998931884766;40,599998474121094;40,61000061035156;2700
2026-10-08;10:20:00;-03:00;40,599998474121094;40,630001068115234;40,54999923706055;40,54999923706055;15200
2026-10-08;10:21:00;-03:00;40,54999923706055;40,54999923706055;40,459999084472656;40,459999084472656;5400
2026-10-08;10:22:00;-03:00;40,459999084472656;40,459999084472656;40,400001525878906;40,41999816894531;3800
2026-10-08;10:23:00;-03:00;40,43000030517578;40,47999954223633;40,43000030517578;40,470001220703125;2900
2026-10-08;10:24:00;-03:00;40,45000076293945;40,459999084472656;40,45000076293945;40,45000076293945;900
2026-10-08;10:25:00;-03:00;40,43000030517578;40,45000076293945;40,400001525878906;40,45000076293945;2900
2026-10-08;10:26:00;-03:00;40,470001220703125;40,47999954223633;40,45000076293945;40,459999084472656;4400
2026-10-08;10:27:00;-03:00;40,459999084472656;40,459999084472656;40,349998474121094;40,380001068115234;4400
2026-10-08;10:28:00;-03:00;40,369998931884766;40,43000030517578;40,369998931884766;40,40999984741211;2400
2026-10-08;10:29:00;-03:00;40,41999816894531;40,45000076293945;40,349998474121094;40,380001068115234;14000
2026-10-08;10:30:00;-03:00;40,36000061035156;40,47999954223633;40,29999923706055;40,380001068115234;24200
2026-10-08;10:31:00;-03:00;40,400001525878906;40,5099983215332;40,38999938964844;40,5099983215332;49700
2026-10-08;10:32:00;-03:00;40,560001373291016;40,61000061035156;40,52000045776367;40,56999969482422;10400
2026-10-08;10:33:00;-03:00;40,56999969482422;40,599998474121094;40,529998779296875;40,58000183105469;17000
2026-10-08;10:34:00;-03:00;40,560001373291016;40,59000015258789;40,54999923706055;40,59000015258789;12100
2026-10-08;10:35:00;-03:00;40,58000183105469;40,70000076293945;40,58000183105469;40,66999816894531;38400
2026-10-08;10:36:00;-03:00;40,66999816894531;40,66999816894531;40,59000015258789;40,61000061035156;9400
2026-10-08;10:37:00;-03:00;40,599998474121094;40,619998931884766;40,599998474121094;40,619998931884766;6900
2026-10-08;10:38:00;-03:00;40,619998931884766;40,63999938964844;40,619998931884766;40,630001068115234;11000
2026-10-08;10:39:00;-03:00;40,619998931884766;40,650001525878906;40,61000061035156;40,61000061035156;16200
2026-10-08;10:40:00;-03:00;40,61000061035156;40,630001068115234;40,599998474121094;40,61000061035156;6400
2026-10-08;10:41:00;-03:00;40,61000061035156;40,61000061035156;40,560001373291016;40,59000015258789;12600
2026-10-08;10:42:00;-03:00;40,59000015258789;40,619998931884766;40,59000015258789;40,59000015258789;7400
2026-10-08;10:43:00;-03:00;40,599998474121094;40,619998931884766;40,599998474121094;40,619998931884766;8000
2026-10-08;10:44:00;-03:00;40,61000061035156;40,68000030517578;40,61000061035156;40,66999816894531;4300
2026-10-08;10:45:00;-03:00;40,65999984741211;40,65999984741211;40,529998779296875;40,619998931884766;40700
2026-10-08;10:46:00;-03:00;40,630001068115234;40,68000030517578;40,630001068115234;40,63999938964844;7000
2026-10-08;10:47:00;-03:00;40,650001525878906;40,68000030517578;40,650001525878906;40,66999816894531;6800
2026-10-08;10:48:00;-03:00;40,65999984741211;40,689998626708984;40,65999984741211;40,689998626708984;9200
2026-10-08;10:49:00;-03:00;40,689998626708984;40,709999084472656;40,66999816894531;40,66999816894531;32900
2026-10-08;10:50:00;-03:00;40,66999816894531;40,68000030517578;40,630001068115234;40,68000030517578;8300
2026-10-08;10:51:00;-03:00;40,68000030517578;40,689998626708984;40,650001525878906;40,689998626708984;13700
2026-10-08;10:52:00;-03:00;40,68000030517578;40,68000030517578;40,619998931884766;40,619998931884766;5200
2026-10-08;10:53:00;-03:00;40,63999938964844;40,65999984741211;40,63999938964844;40,63999938964844;3900
2026-10-08;10:54:00;-03:00;40,630001068115234;40,63999938964844;40,599998474121094;40,63999938964844;5300
2026-10-08;10:55:00;-03:00;40,63999938964844;40,720001220703125;40,63999938964844;40,709999084472656;37800
2026-10-08;10:56:00;-03:00;40,70000076293945;40,7400016784668;40,70000076293945;40,72999954223633;6600
2026-10-08;10:57:00;-03:00;40,72999954223633;40,7599983215332;40,720001220703125;40,7599983215332;11100
2026-10-08;10:58:00;-03:00;40,7599983215332;40,7599983215332;40,7400016784668;40,7400016784668;16300
2026-10-08;10:59:00;-03:00;40,72999954223633;40,77000045776367;40,720001220703125;40,77000045776367;14000
2026-10-08;11:00:00;-03:00;40,7599983215332;40,91999816894531;40,7599983215332;40,90999984741211;81600
2026-10-08;11:01:00;-03:00;40,91999816894531;40,959999084472656;40,90999984741211;40,959999084472656;12700
2026-10-08;11:02:00;-03:00;40,97999954223633;40,97999954223633;40,959999084472656;40,970001220703125;18000
2026-10-08;11:03:00;-03:00;40,97999954223633;41,060001373291016;40,970001220703125;40,97999954223633;54600
2026-10-08;11:04:00;-03:00;40,97999954223633;41,0;40,970001220703125;40,97999954223633;6200
2026-10-08;11:05:00;-03:00;41,0;41,029998779296875;40,900001525878906;40,900001525878906;25700
2026-10-08;11:06:00;-03:00;40,900001525878906;40,93000030517578;40,86000061035156;40,869998931884766;11800
2026-10-08;11:07:00;-03:00;40,869998931884766;40,900001525878906;40,86000061035156;40,88999938964844;14800
2026-10-08;11:08:00;-03:00;40,88999938964844;40,88999938964844;40,86000061035156;40,869998931884766;11000
2026-10-08;11:09:00;-03:00;40,869998931884766;40,90999984741211;40,869998931884766;40,88999938964844;8800
2026-10-08;11:10:00;-03:00;40,88999938964844;40,93000030517578;40,88999938964844;40,93000030517578;7400
2026-10-08;11:11:00;-03:00;40,91999816894531;40,959999084472656;40,91999816894531;40,91999816894531;16200
2026-10-08;11:12:00;-03:00;40,91999816894531;40,939998626708984;40,91999816894531;40,939998626708984;8300
2026-10-08;11:13:00;-03:00;40,95000076293945;41,029998779296875;40,95000076293945;41,029998779296875;18900
2026-10-08;11:14:00;-03:00;41,029998779296875;41,040000915527344;41,0;41,0;11500
2026-10-08;11:15:00;-03:00;41,0;41,0099983215332;40,97999954223633;41,0099983215332;42000
2026-10-08;11:16:00;-03:00;41,02000045776367;41,02000045776367;40,9900016784668;41,0099983215332;9600
2026-10-08;11:17:00;-03:00;41,0099983215332;41,04999923706055;41,0;41,0099983215332;14300
2026-10-08;11:18:00;-03:00;41,0;41,04999923706055;41,0;41,04999923706055;11700
2026-10-08;11:19:00;-03:00;41,040000915527344;41,04999923706055;41,040000915527344;41,040000915527344;3800
2026-10-08;11:20:00;-03:00;41,04999923706055;41,060001373291016;41,029998779296875;41,060001373291016;16200
2026-10-08;11:21:00;-03:00;41,04999923706055;41,060001373291016;41,0099983215332;41,0099983215332;41400
2026-10-08;11:22:00;-03:00;41,0;41,0;40,97999954223633;40,9900016784668;11100
2026-10-08;11:23:00;-03:00;40,97999954223633;41,0099983215332;40,97999954223633;40,97999954223633;9800
2026-10-08;11:24:00;-03:00;40,97999954223633;41,0099983215332;40,95000076293945;41,0099983215332;13600
2026-10-08;11:25:00;-03:00;41,0099983215332;41,040000915527344;40,9900016784668;41,040000915527344;15300
2026-10-08;11:26:00;-03:00;41,029998779296875;41,04999923706055;41,029998779296875;41,040000915527344;4500
2026-10-08;11:27:00;-03:00;41,040000915527344;41,040000915527344;40,9900016784668;40,9900016784668;10000
2026-10-08;11:28:00;-03:00;40,9900016784668;40,9900016784668;40,939998626708984;40,97999954223633;20800
2026-10-08;11:29:00;-03:00;40,97999954223633;40,9900016784668;40,95000076293945;40,97999954223633;7500
2026-10-08;11:30:00;-03:00;41,0;41,029998779296875;40,900001525878906;40,91999816894531;29600
2026-10-08;11:31:00;-03:00;40,95000076293945;40,95000076293945;40,849998474121094;40,86000061035156;62800
2026-10-08;11:32:00;-03:00;40,86000061035156;40,93000030517578;40,84000015258789;40,93000030517578;19700
2026-10-08;11:33:00;-03:00;40,93000030517578;41,0;40,93000030517578;40,95000076293945;42400
2026-10-08;11:34:00;-03:00;40,95000076293945;40,959999084472656;40,88999938964844;40,88999938964844;17900
2026-10-08;11:35:00;-03:00;40,88999938964844;40,88999938964844;40,83000183105469;40,83000183105469;10200
2026-10-08;11:36:00;-03:00;40,83000183105469;40,880001068115234;40,83000183105469;40,869998931884766;11800
2026-10-08;11:37:00;-03:00;40,869998931884766;40,880001068115234;40,83000183105469;40,84000015258789;8500
2026-10-08;11:38:00;-03:00;40,849998474121094;40,939998626708984;40,849998474121094;40,88999938964844;46500
2026-10-08;11:39:00;-03:00;40,88999938964844;40,93000030517578;40,88999938964844;40,90999984741211;15400
2026-10-08;11:40:00;-03:00;40,90999984741211;40,970001220703125;40,90999984741211;40,939998626708984;32700
2026-10-08;11:41:00;-03:00;40,93000030517578;40,95000076293945;40,88999938964844;40,900001525878906;13800
2026-10-08;11:42:00;-03:00;40,88999938964844;40,900001525878906;40,869998931884766;40,88999938964844;11900
2026-10-08;11:43:00;-03:00;40,88999938964844;40,939998626708984;40,869998931884766;40,939998626708984;12300
2026-10-08;11:44:00;-03:00;40,91999816894531;40,970001220703125;40,91999816894531;40,91999816894531;21600
2026-10-08;11:45:00;-03:00;40,91999816894531;40,95000076293945;40,880001068115234;40,900001525878906;18800
2026-10-08;11:46:00;-03:00;40,91999816894531;41,060001373291016;40,880001068115234;41,040000915527344;101600
2026-10-08;11:47:00;-03:00;41,04999923706055;41,09000015258789;41,029998779296875;41,08000183105469;29900
2026-10-08;11:48:00;-03:00;41,09000015258789;41,119998931884766;41,08000183105469;41,099998474121094;17800
2026-10-08;11:49:00;-03:00;41,119998931884766;41,119998931884766;41,029998779296875;41,040000915527344;13500
2026-10-08;11:50:00;-03:00;41,04999923706055;41,04999923706055;40,95000076293945;40,9900016784668;42600
2026-10-08;11:51:00;-03:00;40,97999954223633;40,97999954223633;40,95000076293945;40,95000076293945;1762200
2026-10-08;11:52:00;-03:00;40,95000076293945;40,95000076293945;40,93000030517578;40,93000030517578;12100
2026-10-08;11:53:00;-03:00;40,93000030517578;40,93000030517578;40,90999984741211;40,91999816894531;10600
2026-10-08;11:54:00;-03:00;40,93000030517578;40,97999954223633;40,93000030517578;40,93000030517578;12400
2026-10-08;11:55:00;-03:00;40,93000030517578;41,04999923706055;40,91999816894531;41,040000915527344;139900
2026-10-08;11:56:00;-03:00;41,02000045776367;41,040000915527344;41,02000045776367;41,040000915527344;8300
2026-10-08;11:57:00;-03:00;41,029998779296875;41,040000915527344;41,0;41,0;12800
2026-10-08;11:58:00;-03:00;41,0;41,0;40,970001220703125;40,9900016784668;17900
2026-10-08;11:59:00;-03:00;40,9900016784668;41,0099983215332;40,970001220703125;40,97999954223633;11700
2026-10-08;12:00:00;-03:00;40,970001220703125;41,0;40,970001220703125;40,97999954223633;6400
2026-10-08;12:01:00;-03:00;40,9900016784668;40,9900016784668;40,970001220703125;40,97999954223633;11000
2026-10-08;12:02:00;-03:00;40,9900016784668;41,0099983215332;40,97999954223633;41,0;22100
2026-10-08;12:03:00;-03:00;40,97999954223633;41,0;40,97999954223633;40,97999954223633;10600
2026-10-08;12:04:00;-03:00;40,9900016784668;40,9900016784668;40,95000076293945;40,95000076293945;12100
2026-10-08;12:05:00;-03:00;40,95000076293945;40,970001220703125;40,90999984741211;40,90999984741211;9000
2026-10-08;12:06:00;-03:00;40,91999816894531;40,93000030517578;40,86000061035156;40,90999984741211;57400
2026-10-08;12:07:00;-03:00;40,90999984741211;41,0;40,880001068115234;40,97999954223633;128700
2026-10-08;12:08:00;-03:00;40,97999954223633;40,97999954223633;40,900001525878906;40,900001525878906;29100
2026-10-08;12:09:00;-03:00;40,900001525878906;40,93000030517578;40,86000061035156;40,880001068115234;33500
2026-10-08;12:10:00;-03:00;40,869998931884766;40,88999938964844;40,86000061035156;40,880001068115234;14900
2026-10-08;12:11:00;-03:00;40,880001068115234;40,880001068115234;40,86000061035156;40,880001068115234;17400
2026-10-08;12:12:00;-03:00;40,88999938964844;40,91999816894531;40,880001068115234;40,900001525878906;15800
2026-10-08;12:13:00;-03:00;40,90999984741211;40,93000030517578;40,869998931884766;40,869998931884766;94900
2026-10-08;12:14:00;-03:00;40,869998931884766;40,880001068115234;40,84000015258789;40,86000061035156;36500
2026-10-08;12:15:00;-03:00;40,869998931884766;40,869998931884766;40,83000183105469;40,83000183105469;13800
2026-10-08;12:16:00;-03:00;40,84000015258789;40,849998474121094;40,79999923706055;40,79999923706055;13300
2026-10-08;12:17:00;-03:00;40,81999969482422;40,84000015258789;40,79999923706055;40,81999969482422;13500
2026-10-08;12:18:00;-03:00;40,81999969482422;40,81999969482422;40,75;40,77000045776367;41000
2026-10-08;12:19:00;-03:00;40,75;40,77000045776367;40,72999954223633;40,7599983215332;20700
2026-10-08;12:20:00;-03:00;40,7400016784668;40,77000045776367;40,720001220703125;40,75;18400
2026-10-08;12:21:00;-03:00;40,7400016784668;40,7599983215332;40,720001220703125;40,75;12000
2026-10-08;12:22:00;-03:00;40,75;40,75;40,70000076293945;40,709999084472656;8600
2026-10-08;12:23:00;-03:00;40,709999084472656;40,75;40,68000030517578;40,75;55200
2026-10-08;12:24:00;-03:00;40,7400016784668;40,77000045776367;40,72999954223633;40,77000045776367;23300
2026-10-08;12:25:00;-03:00;40,77000045776367;40,77000045776367;40,7400016784668;40,75;18600
2026-10-08;12:26:00;-03:00;40,7599983215332;40,81999969482422;40,7599983215332;40,810001373291016;9300
2026-10-08;12:27:00;-03:00;40,810001373291016;40,83000183105469;40,79999923706055;40,81999969482422;11800
2026-10-08;12:28:00;-03:00;40,810001373291016;40,810001373291016;40,779998779296875;40,779998779296875;20400
2026-10-08;12:29:00;-03:00;40,779998779296875;40,810001373291016;40,77000045776367;40,77000045776367;19700
2026-10-08;12:30:00;-03:00;40,77000045776367;40,81999969482422;40,7599983215332;40,810001373291016;10500
2026-10-08;12:31:00;-03:00;40,810001373291016;40,810001373291016;40,779998779296875;40,790000915527344;12300
2026-10-08;12:32:00;-03:00;40,790000915527344;40,790000915527344;40,779998779296875;40,790000915527344;12100
2026-10-08;12:33:00;-03:00;40,779998779296875;40,810001373291016;40,77000045776367;40,79999923706055;27000
2026-10-08;12:34:00;-03:00;40,81999969482422;40,83000183105469;40,79999923706055;40,79999923706055;8900
2026-10-08;12:35:00;-03:00;40,79999923706055;40,79999923706055;40,779998779296875;40,779998779296875;12100
2026-10-08;12:36:00;-03:00;40,779998779296875;40,790000915527344;40,7599983215332;40,7599983215332;18800
2026-10-08;12:37:00;-03:00;40,77000045776367;40,779998779296875;40,7599983215332;40,77000045776367;11900
2026-10-08;12:38:00;-03:00;40,7599983215332;40,779998779296875;40,7599983215332;40,7599983215332;4900
2026-10-08;12:39:00;-03:00;40,7599983215332;40,790000915527344;40,7400016784668;40,7400016784668;24100
2026-10-08;12:40:00;-03:00;40,72999954223633;40,7400016784668;40,709999084472656;40,709999084472656;21300
2026-10-08;12:41:00;-03:00;40,709999084472656;40,7400016784668;40,70000076293945;40,720001220703125;24800
2026-10-08;12:42:00;-03:00;40,709999084472656;40,720001220703125;40,689998626708984;40,709999084472656;13500
2026-10-08;12:43:00;-03:00;40,720001220703125;40,720001220703125;40,68000030517578;40,689998626708984;11900
2026-10-08;12:44:00;-03:00;40,68000030517578;40,70000076293945;40,68000030517578;40,68000030517578;7800
2026-10-08;12:45:00;-03:00;40,68000030517578;40,689998626708984;40,66999816894531;40,68000030517578;10700
2026-10-08;12:46:00;-03:00;40,689998626708984;40,689998626708984;40,61000061035156;40,61000061035156;14700
2026-10-08;12:47:00;-03:00;40,61000061035156;40,650001525878906;40,61000061035156;40,650001525878906;13400
2026-10-08;12:48:00;-03:00;40,63999938964844;40,63999938964844;40,619998931884766;40,619998931884766;9900
2026-10-08;12:49:00;-03:00;40,619998931884766;40,619998931884766;40,59000015258789;40,59000015258789;20100
2026-10-08;12:50:00;-03:00;40,59000015258789;40,63999938964844;40,58000183105469;40,599998474121094;47800
2026-10-08;12:51:00;-03:00;40,599998474121094;40,61000061035156;40,59000015258789;40,59000015258789;12700
2026-10-08;12:52:00;-03:00;40,59000015258789;40,59000015258789;40,56999969482422;40,56999969482422;6700
2026-10-08;12:53:00;-03:00;40,56999969482422;40,619998931884766;40,56999969482422;40,59000015258789;28100
2026-10-08;12:54:00;-03:00;40,59000015258789;40,61000061035156;40,59000015258789;40,599998474121094;8100
2026-10-08;12:55:00;-03:00;40,599998474121094;40,599998474121094;40,54999923706055;40,560001373291016;16200
2026-10-08;12:56:00;-03:00;40,54999923706055;40,54999923706055;40,52000045776367;40,52000045776367;7000
2026-10-08;12:57:00;-03:00;40,52000045776367;40,560001373291016;40,52000045776367;40,560001373291016;9100
2026-10-08;12:58:00;-03:00;40,560001373291016;40,56999969482422;40,560001373291016;40,560001373291016;5100
2026-10-08;12:59:00;-03:00;40,560001373291016;40,56999969482422;40,540000915527344;40,560001373291016;17000
2026-10-08;13:00:00;-03:00;40,560001373291016;40,56999969482422;40,560001373291016;40,560001373291016;6000
2026-10-08;13:01:00;-03:00;40,56999969482422;40,59000015258789;40,560001373291016;40,58000183105469;8700
2026-10-08;13:02:00;-03:00;40,58000183105469;40,59000015258789;40,56999969482422;40,56999969482422;7400
2026-10-08;13:03:00;-03:00;40,56999969482422;40,58000183105469;40,56999969482422;40,56999969482422;4600
2026-10-08;13:04:00;-03:00;40,56999969482422;40,599998474121094;40,56999969482422;40,58000183105469;12300
2026-10-08;13:05:00;-03:00;40,58000183105469;40,59000015258789;40,56999969482422;40,58000183105469;4500
2026-10-08;13:06:00;-03:00;40,58000183105469;40,59000015258789;40,54999923706055;40,56999969482422;10700
2026-10-08;13:07:00;-03:00;40,58000183105469;40,59000015258789;40,56999969482422;40,58000183105469;8700
2026-10-08;13:08:00;-03:00;40,58000183105469;40,619998931884766;40,58000183105469;40,619998931884766;11300
2026-10-08;13:09:00;-03:00;40,61000061035156;40,619998931884766;40,599998474121094;40,599998474121094;7200
2026-10-08;13:10:00;-03:00;40,599998474121094;40,630001068115234;40,599998474121094;40,599998474121094;12400
2026-10-08;13:11:00;-03:00;40,61000061035156;40,619998931884766;40,599998474121094;40,61000061035156;9000
2026-10-08;13:12:00;-03:00;40,61000061035156;40,619998931884766;40,61000061035156;40,61000061035156;3800
2026-10-08;13:13:00;-03:00;40,61000061035156;40,619998931884766;40,56999969482422;40,56999969482422;20800
2026-10-08;13:14:00;-03:00;40,58000183105469;40,599998474121094;40,56999969482422;40,58000183105469;12300
2026-10-08;13:15:00;-03:00;40,599998474121094;40,689998626708984;40,59000015258789;40,68000030517578;90600
2026-10-08;13:16:00;-03:00;40,68000030517578;40,689998626708984;40,650001525878906;40,650001525878906;17700
2026-10-08;13:17:00;-03:00;40,65999984741211;40,83000183105469;40,65999984741211;40,7599983215332;84700
2026-10-08;13:18:00;-03:00;40,7599983215332;40,779998779296875;40,720001220703125;40,720001220703125;18600
2026-10-08;13:19:00;-03:00;40,720001220703125;40,720001220703125;40,689998626708984;40,709999084472656;9700
2026-10-08;13:20:00;-03:00;40,709999084472656;40,75;40,709999084472656;40,75;10000
2026-10-08;13:21:00;-03:00;40,75;40,79999923706055;40,75;40,77000045776367;16700
2026-10-08;13:22:00;-03:00;40,77000045776367;40,779998779296875;40,75;40,77000045776367;11700
2026-10-08;13:23:00;-03:00;40,77000045776367;40,77000045776367;40,7400016784668;40,75;10100
2026-10-08;13:24:00;-03:00;40,75;40,7599983215332;40,75;40,75;3900
2026-10-08;13:25:00;-03:00;40,7599983215332;40,7599983215332;40,75;40,7599983215332;6100
2026-10-08;13:26:00;-03:00;40,75;40,77000045776367;40,75;40,7599983215332;10400
2026-10-08;13:27:00;-03:00;40,75;40,77000045776367;40,75;40,7599983215332;10100
2026-10-08;13:28:00;-03:00;40,75;40,779998779296875;40,75;40,7599983215332;7200
2026-10-08;13:29:00;-03:00;40,7599983215332;40,7599983215332;40,720001220703125;40,72999954223633;8200
2026-10-08;13:30:00;-03:00;40,720001220703125;40,72999954223633;40,709999084472656;40,720001220703125;7500
2026-10-08;13:31:00;-03:00;40,720001220703125;40,7400016784668;40,720001220703125;40,72999954223633;7800
2026-10-08;13:32:00;-03:00;40,72999954223633;40,75;40,72999954223633;40,75;9700
2026-10-08;13:33:00;-03:00;40,75;40,75;40,7400016784668;40,75;12000
2026-10-08;13:34:00;-03:00;40,7400016784668;40,7599983215332;40,72999954223633;40,72999954223633;8700
2026-10-08;13:35:00;-03:00;40,72999954223633;40,72999954223633;40,689998626708984;40,689998626708984;12800
2026-10-08;13:36:00;-03:00;40,68000030517578;40,70000076293945;40,68000030517578;40,689998626708984;8400
2026-10-08;13:37:00;-03:00;40,689998626708984;40,720001220703125;40,689998626708984;40,689998626708984;9700
2026-10-08;13:38:00;-03:00;40,70000076293945;40,709999084472656;40,689998626708984;40,70000076293945;12400
2026-10-08;13:39:00;-03:00;40,70000076293945;40,72999954223633;40,689998626708984;40,72999954223633;7500
2026-10-08;13:40:00;-03:00;40,720001220703125;40,779998779296875;40,720001220703125;40,77000045776367;13400
2026-10-08;13:41:00;-03:00;40,7599983215332;40,779998779296875;40,7400016784668;40,7599983215332;31100
2026-10-08;13:42:00;-03:00;40,7599983215332;40,779998779296875;40,7599983215332;40,77000045776367;11000
2026-10-08;13:43:00;-03:00;40,77000045776367;40,779998779296875;40,72999954223633;40,7400016784668;19000
2026-10-08;13:44:00;-03:00;40,75;40,75;40,7400016784668;40,7400016784668;6400
2026-10-08;13:45:00;-03:00;40,75;40,75;40,709999084472656;40,720001220703125;18300
2026-10-08;13:46:00;-03:00;40,720001220703125;40,7599983215332;40,709999084472656;40,75;8600
2026-10-08;13:47:00;-03:00;40,75;40,7599983215332;40,7400016784668;40,75;12000
2026-10-08;13:48:00;-03:00;40,75;40,7599983215332;40,7400016784668;40,7400016784668;10900
2026-10-08;13:49:00;-03:00;40,75;40,77000045776367;40,7400016784668;40,77000045776367;12900
2026-10-08;13:50:00;-03:00;40,77000045776367;40,790000915527344;40,7599983215332;40,7599983215332;11200
2026-10-08;13:51:00;-03:00;40,75;40,79999923706055;40,75;40,790000915527344;10400
2026-10-08;13:52:00;-03:00;40,79999923706055;40,810001373291016;40,77000045776367;40,779998779296875;12400
2026-10-08;13:53:00;-03:00;40,77000045776367;40,81999969482422;40,7599983215332;40,79999923706055;18000
2026-10-08;13:54:00;-03:00;40,810001373291016;40,84000015258789;40,810001373291016;40,81999969482422;14300
2026-10-08;13:55:00;-03:00;40,83000183105469;40,869998931884766;40,81999969482422;40,869998931884766;29000
2026-10-08;13:56:00;-03:00;40,86000061035156;40,86000061035156;40,84000015258789;40,849998474121094;20400
2026-10-08;13:57:00;-03:00;40,849998474121094;40,90999984741211;40,849998474121094;40,900001525878906;23500
2026-10-08;13:58:00;-03:00;40,90999984741211;40,91999816894531;40,869998931884766;40,900001525878906;20200
2026-10-08;13:59:00;-03:00;40,900001525878906;40,95000076293945;40,88999938964844;40,93000030517578;12600
2026-10-08;14:00:00;-03:00;40,93000030517578;40,959999084472656;40,93000030517578;40,959999084472656;16200
2026-10-08;14:01:00;-03:00;40,95000076293945;40,959999084472656;40,91999816894531;40,91999816894531;18000
2026-10-08;14:02:00;-03:00;40,91999816894531;40,95000076293945;40,90999984741211;40,91999816894531;14600
2026-10-08;14:03:00;-03:00;40,939998626708984;40,95000076293945;40,91999816894531;40,93000030517578;8100
2026-10-08;14:04:00;-03:00;40,93000030517578;40,93000030517578;40,900001525878906;40,90999984741211;8100
2026-10-08;14:05:00;-03:00;40,90999984741211;40,91999816894531;40,869998931884766;40,869998931884766;8800
2026-10-08;14:06:00;-03:00;40,869998931884766;40,93000030517578;40,869998931884766;40,93000030517578;14500
2026-10-08;14:07:00;-03:00;40,93000030517578;40,939998626708984;40,90999984741211;40,939998626708984;13600
2026-10-08;14:08:00;-03:00;40,939998626708984;40,939998626708984;40,91999816894531;40,93000030517578;12300
2026-10-08;14:09:00;-03:00;40,939998626708984;40,959999084472656;40,93000030517578;40,939998626708984;16500
2026-10-08;14:10:00;-03:00;40,939998626708984;40,9900016784668;40,93000030517578;40,97999954223633;19300
2026-10-08;14:11:00;-03:00;40,97999954223633;40,9900016784668;40,95000076293945;40,959999084472656;17100
2026-10-08;14:12:00;-03:00;40,970001220703125;40,970001220703125;40,959999084472656;40,959999084472656;7000
2026-10-08;14:13:00;-03:00;40,970001220703125;41,0099983215332;40,970001220703125;41,0;18900
2026-10-08;14:14:00;-03:00;40,9900016784668;41,02000045776367;40,97999954223633;41,0;33300
2026-10-08;14:15:00;-03:00;40,9900016784668;41,04999923706055;40,9900016784668;41,029998779296875;21900
2026-10-08;14:16:00;-03:00;41,040000915527344;41,040000915527344;41,02000045776367;41,040000915527344;10300
2026-10-08;14:17:00;-03:00;41,029998779296875;41,04999923706055;41,0099983215332;41,04999923706055;16400
2026-10-08;14:18:00;-03:00;41,04999923706055;41,060001373291016;41,029998779296875;41,029998779296875;12000
2026-10-08;14:19:00;-03:00;41,029998779296875;41,08000183105469;41,0099983215332;41,04999923706055;18100
2026-10-08;14:20:00;-03:00;41,060001373291016;41,08000183105469;41,040000915527344;41,04999923706055;11300
2026-10-08;14:21:00;-03:00;41,04999923706055;41,060001373291016;41,040000915527344;41,040000915527344;16100
2026-10-08;14:22:00;-03:00;41,040000915527344;41,060001373291016;41,0;41,0099983215332;22400
2026-10-08;14:23:00;-03:00;41,0;41,0;40,97999954223633;41,0;13900
2026-10-08;14:24:00;-03:00;41,0;41,0099983215332;40,970001220703125;40,97999954223633;11400
2026-10-08;14:25:00;-03:00;40,97999954223633;40,9900016784668;40,90999984741211;40,91999816894531;18700
2026-10-08;14:26:00;-03:00;40,93000030517578;40,970001220703125;40,93000030517578;40,970001220703125;20300
2026-10-08;14:27:00;-03:00;40,970001220703125;41,040000915527344;40,970001220703125;41,040000915527344;13600
2026-10-08;14:28:00;-03:00;41,040000915527344;41,04999923706055;41,029998779296875;41,040000915527344;13500
2026-10-08;14:29:00;-03:00;41,029998779296875;41,04999923706055;41,0;41,0;18000
2026-10-08;14:30:00;-03:00;41,0;41,02000045776367;40,970001220703125;41,0099983215332;26000
2026-10-08;14:31:00;-03:00;41,0;41,029998779296875;41,0;41,02000045776367;13900
2026-10-08;14:32:00;-03:00;41,029998779296875;41,029998779296875;41,0099983215332;41,0099983215332;13000
2026-10-08;14:33:00;-03:00;41,0099983215332;41,029998779296875;41,0;41,02000045776367;13100
2026-10-08;14:34:00;-03:00;41,0099983215332;41,02000045776367;40,9900016784668;41,0;15200
2026-10-08;14:35:00;-03:00;41,0;41,02000045776367;41,0;41,0099983215332;16100
2026-10-08;14:36:00;-03:00;41,0;41,029998779296875;41,0;41,0099983215332;11300
2026-10-08;14:37:00;-03:00;41,02000045776367;41,06999969482422;41,0099983215332;41,029998779296875;50800
2026-10-08;14:38:00;-03:00;41,029998779296875;41,029998779296875;40,91999816894531;40,939998626708984;41800
2026-10-08;14:39:00;-03:00;40,939998626708984;40,970001220703125;40,939998626708984;40,939998626708984;13100
2026-10-08;14:40:00;-03:00;40,95000076293945;40,970001220703125;40,95000076293945;40,959999084472656;13300
2026-10-08;14:41:00;-03:00;40,95000076293945;40,959999084472656;40,91999816894531;40,91999816894531;25100
2026-10-08;14:42:00;-03:00;40,91999816894531;40,970001220703125;40,91999816894531;40,93000030517578;23400
2026-10-08;14:43:00;-03:00;40,93000030517578;40,939998626708984;40,90999984741211;40,93000030517578;12100
2026-10-08;14:44:00;-03:00;40,939998626708984;41,0;40,939998626708984;40,959999084472656;20600
2026-10-08;14:45:00;-03:00;40,959999084472656;40,970001220703125;40,95000076293945;40,959999084472656;11300
2026-10-08;14:46:00;-03:00;40,959999084472656;40,970001220703125;40,939998626708984;40,939998626708984;12900
2026-10-08;14:47:00;-03:00;40,939998626708984;40,939998626708984;40,900001525878906;40,90999984741211;14200
2026-10-08;14:48:00;-03:00;40,91999816894531;40,93000030517578;40,900001525878906;40,90999984741211;9900
2026-10-08;14:49:00;-03:00;40,90999984741211;40,91999816894531;40,869998931884766;40,880001068115234;13100
2026-10-08;14:50:00;-03:00;40,88999938964844;40,88999938964844;40,84000015258789;40,849998474121094;8900
2026-10-08;14:51:00;-03:00;40,849998474121094;40,86000061035156;40,79999923706055;40,79999923706055;18500
2026-10-08;14:52:00;-03:00;40,810001373291016;40,84000015258789;40,810001373291016;40,83000183105469;14200
2026-10-08;14:53:00;-03:00;40,81999969482422;40,849998474121094;40,810001373291016;40,84000015258789;9400
2026-10-08;14:54:00;-03:00;40,849998474121094;40,86000061035156;40,83000183105469;40,83000183105469;10300
2026-10-08;14:55:00;-03:00;40,83000183105469;40,86000061035156;40,81999969482422;40,84000015258789;14700
2026-10-08;14:56:00;-03:00;40,86000061035156;40,86000061035156;40,83000183105469;40,849998474121094;15700
2026-10-08;14:57:00;-03:00;40,84000015258789;40,849998474121094;40,810001373291016;40,84000015258789;13200
2026-10-08;14:58:00;-03:00;40,83000183105469;40,84000015258789;40,81999969482422;40,81999969482422;6700
2026-10-08;14:59:00;-03:00;40,81999969482422;40,84000015258789;40,79999923706055;40,81999969482422;11800
2026-10-08;15:00:00;-03:00;40,84000015258789;40,95000076293945;40,84000015258789;40,93000030517578;53500
2026-10-08;15:01:00;-03:00;40,93000030517578;40,939998626708984;40,91999816894531;40,939998626708984;10100
2026-10-08;15:02:00;-03:00;40,93000030517578;40,959999084472656;40,93000030517578;40,95000076293945;8100
2026-10-08;15:03:00;-03:00;40,95000076293945;40,970001220703125;40,95000076293945;40,95000076293945;9400
2026-10-08;15:04:00;-03:00;40,95000076293945;40,95000076293945;40,93000030517578;40,93000030517578;7600
2026-10-08;15:05:00;-03:00;40,93000030517578;40,939998626708984;40,810001373291016;40,810001373291016;32400
2026-10-08;15:06:00;-03:00;40,810001373291016;40,84000015258789;40,79999923706055;40,84000015258789;13100
2026-10-08;15:07:00;-03:00;40,83000183105469;40,86000061035156;40,83000183105469;40,84000015258789;5800
2026-10-08;15:08:00;-03:00;40,84000015258789;40,880001068115234;40,84000015258789;40,880001068115234;8100
2026-10-08;15:09:00;-03:00;40,869998931884766;40,869998931884766;40,86000061035156;40,869998931884766;6600
2026-10-08;15:10:00;-03:00;40,869998931884766;40,880001068115234;40,84000015258789;40,880001068115234;16900
2026-10-08;15:11:00;-03:00;40,880001068115234;40,880001068115234;40,849998474121094;40,849998474121094;5500
2026-10-08;15:12:00;-03:00;40,849998474121094;40,880001068115234;40,849998474121094;40,880001068115234;7400
2026-10-08;15:13:00;-03:00;40,880001068115234;40,88999938964844;40,86000061035156;40,88999938964844;12100
2026-10-08;15:14:00;-03:00;40,869998931884766;40,900001525878906;40,869998931884766;40,880001068115234;15200
2026-10-08;15:15:00;-03:00;40,869998931884766;40,88999938964844;40,86000061035156;40,880001068115234;10100
2026-10-08;15:16:00;-03:00;40,88999938964844;40,91999816894531;40,86000061035156;40,86000061035156;33700
2026-10-08;15:17:00;-03:00;40,86000061035156;40,869998931884766;40,83000183105469;40,84000015258789;15000
2026-10-08;15:18:00;-03:00;40,849998474121094;40,849998474121094;40,81999969482422;40,83000183105469;9000
2026-10-08;15:19:00;-03:00;40,83000183105469;40,849998474121094;40,81999969482422;40,849998474121094;14300
2026-10-08;15:20:00;-03:00;40,84000015258789;40,849998474121094;40,84000015258789;40,84000015258789;7400
2026-10-08;15:21:00;-03:00;40,84000015258789;40,86000061035156;40,84000015258789;40,86000061035156;7800
2026-10-08;15:22:00;-03:00;40,849998474121094;40,869998931884766;40,84000015258789;40,86000061035156;13300
2026-10-08;15:23:00;-03:00;40,849998474121094;40,88999938964844;40,849998474121094;40,88999938964844;7600
2026-10-08;15:24:00;-03:00;40,880001068115234;40,900001525878906;40,869998931884766;40,900001525878906;7300
2026-10-08;15:25:00;-03:00;40,900001525878906;40,900001525878906;40,880001068115234;40,880001068115234;13000
2026-10-08;15:26:00;-03:00;40,869998931884766;40,880001068115234;40,81999969482422;40,81999969482422;15200
2026-10-08;15:27:00;-03:00;40,83000183105469;40,849998474121094;40,83000183105469;40,84000015258789;9500
2026-10-08;15:28:00;-03:00;40,849998474121094;40,849998474121094;40,81999969482422;40,84000015258789;10200
2026-10-08;15:29:00;-03:00;40,81999969482422;40,88999938964844;40,81999969482422;40,86000061035156;51000
2026-10-08;15:30:00;-03:00;40,86000061035156;40,869998931884766;40,849998474121094;40,869998931884766;11700
2026-10-08;15:31:00;-03:00;40,849998474121094;40,869998931884766;40,83000183105469;40,84000015258789;15900
2026-10-08;15:32:00;-03:00;40,84000015258789;40,900001525878906;40,81999969482422;40,88999938964844;27600
2026-10-08;15:33:00;-03:00;40,880001068115234;40,880001068115234;40,869998931884766;40,869998931884766;4500
2026-10-08;15:34:00;-03:00;40,869998931884766;40,880001068115234;40,869998931884766;40,869998931884766;4000
2026-10-08;15:35:00;-03:00;40,880001068115234;40,91999816894531;40,869998931884766;40,91999816894531;27100
2026-10-08;15:36:00;-03:00;40,91999816894531;40,91999816894531;40,90999984741211;40,90999984741211;3600
2026-10-08;15:37:00;-03:00;40,90999984741211;40,93000030517578;40,90999984741211;40,91999816894531;10000
2026-10-08;15:38:00;-03:00;40,91999816894531;40,91999816894531;40,880001068115234;40,880001068115234;17300
2026-10-08;15:39:00;-03:00;40,880001068115234;40,88999938964844;40,869998931884766;40,88999938964844;9800
2026-10-08;15:40:00;-03:00;40,88999938964844;40,900001525878906;40,869998931884766;40,900001525878906;8300
2026-10-08;15:41:00;-03:00;40,90999984741211;40,90999984741211;40,81999969482422;40,81999969482422;123400
2026-10-08;15:42:00;-03:00;40,81999969482422;40,86000061035156;40,81999969482422;40,84000015258789;22400
2026-10-08;15:43:00;-03:00;40,84000015258789;40,869998931884766;40,84000015258789;40,849998474121094;15600
2026-10-08;15:44:00;-03:00;40,849998474121094;40,869998931884766;40,849998474121094;40,869998931884766;8300
2026-10-08;15:45:00;-03:00;40,86000061035156;40,869998931884766;40,849998474121094;40,86000061035156;12900
2026-10-08;15:46:00;-03:00;40,86000061035156;40,869998931884766;40,849998474121094;40,869998931884766;7900
2026-10-08;15:47:00;-03:00;40,869998931884766;40,88999938964844;40,869998931884766;40,869998931884766;13200
2026-10-08;15:48:00;-03:00;40,880001068115234;40,900001525878906;40,869998931884766;40,880001068115234;15700
2026-10-08;15:49:00;-03:00;40,880001068115234;40,880001068115234;40,7599983215332;40,7599983215332;141400
2026-10-08;15:50:00;-03:00;40,77000045776367;40,81999969482422;40,7599983215332;40,79999923706055;27500
2026-10-08;15:51:00;-03:00;40,79999923706055;40,810001373291016;40,779998779296875;40,779998779296875;10100
2026-10-08;15:52:00;-03:00;40,779998779296875;40,790000915527344;40,779998779296875;40,779998779296875;7400
2026-10-08;15:53:00;-03:00;40,79999923706055;40,810001373291016;40,779998779296875;40,810001373291016;9300
2026-10-08;15:54:00;-03:00;40,810001373291016;40,810001373291016;40,790000915527344;40,79999923706055;18000
2026-10-08;15:55:00;-03:00;40,790000915527344;40,810001373291016;40,790000915527344;40,790000915527344;8900
2026-10-08;15:56:00;-03:00;40,790000915527344;40,79999923706055;40,790000915527344;40,79999923706055;4600
2026-10-08;15:57:00;-03:00;40,790000915527344;40,790000915527344;40,7599983215332;40,77000045776367;25200
2026-10-08;15:58:00;-03:00;40,7599983215332;40,779998779296875;40,7599983215332;40,7599983215332;11200
2026-10-08;15:59:00;-03:00;40,7599983215332;40,790000915527344;40,7599983215332;40,7599983215332;18700
2026-10-08;16:00:00;-03:00;40,7599983215332;40,77000045776367;40,7400016784668;40,75;12500
2026-10-08;16:01:00;-03:00;40,75;40,79999923706055;40,75;40,790000915527344;9300
2026-10-08;16:02:00;-03:00;40,790000915527344;40,79999923706055;40,779998779296875;40,779998779296875;12900
2026-10-08;16:03:00;-03:00;40,779998779296875;40,810001373291016;40,77000045776367;40,790000915527344;13900
2026-10-08;16:04:00;-03:00;40,810001373291016;40,84000015258789;40,790000915527344;40,84000015258789;4500
2026-10-08;16:05:00;-03:00;40,83000183105469;40,86000061035156;40,83000183105469;40,84000015258789;5200
2026-10-08;16:06:00;-03:00;40,86000061035156;40,88999938964844;40,86000061035156;40,869998931884766;18200
2026-10-08;16:07:00;-03:00;40,880001068115234;40,88999938964844;40,869998931884766;40,869998931884766;4100
2026-10-08;16:08:00;-03:00;40,88999938964844;40,900001525878906;40,869998931884766;40,900001525878906;9300
2026-10-08;16:09:00;-03:00;40,900001525878906;40,900001525878906;40,869998931884766;40,880001068115234;11300
2026-10-08;16:10:00;-03:00;40,869998931884766;40,88999938964844;40,869998931884766;40,88999938964844;4900
2026-10-08;16:11:00;-03:00;40,880001068115234;40,900001525878906;40,880001068115234;40,900001525878906;7700
2026-10-08;16:12:00;-03:00;40,900001525878906;40,91999816894531;40,900001525878906;40,90999984741211;9700
2026-10-08;16:13:00;-03:00;40,90999984741211;40,93000030517578;40,88999938964844;40,91999816894531;18300
2026-10-08;16:14:00;-03:00;40,91999816894531;40,93000030517578;40,900001525878906;40,900001525878906;13900
2026-10-08;16:15:00;-03:00;40,900001525878906;40,91999816894531;40,88999938964844;40,90999984741211;21500
2026-10-08;16:16:00;-03:00;40,88999938964844;40,90999984741211;40,88999938964844;40,88999938964844;4000
2026-10-08;16:17:00;-03:00;40,900001525878906;40,90999984741211;40,88999938964844;40,90999984741211;6900
2026-10-08;16:18:00;-03:00;40,900001525878906;40,90999984741211;40,880001068115234;40,880001068115234;11300
2026-10-08;16:19:00;-03:00;40,880001068115234;40,880001068115234;40,869998931884766;40,869998931884766;4100
2026-10-08;16:20:00;-03:00;40,880001068115234;40,90999984741211;40,869998931884766;40,900001525878906;10100
2026-10-08;16:21:00;-03:00;40,900001525878906;40,900001525878906;40,81999969482422;40,83000183105469;43900
2026-10-08;16:22:00;-03:00;40,84000015258789;40,84000015258789;40,81999969482422;40,81999969482422;8400
2026-10-08;16:23:00;-03:00;40,83000183105469;40,849998474121094;40,81999969482422;40,83000183105469;21000
2026-10-08;16:24:00;-03:00;40,83000183105469;40,84000015258789;40,81999969482422;40,81999969482422;11400
2026-10-08;16:25:00;-03:00;40,81999969482422;40,83000183105469;40,79999923706055;40,79999923706055;20800
2026-10-08;16:26:00;-03:00;40,79999923706055;40,810001373291016;40,779998779296875;40,779998779296875;12000
2026-10-08;16:27:00;-03:00;40,790000915527344;40,810001373291016;40,790000915527344;40,790000915527344;13400
2026-10-08;16:28:00;-03:00;40,790000915527344;40,79999923706055;40,77000045776367;40,77000045776367;15000
2026-10-08;16:29:00;-03:00;40,77000045776367;40,779998779296875;40,77000045776367;40,77000045776367;7100
2026-10-08;16:30:00;-03:00;40,77000045776367;40,790000915527344;40,75;40,75;29500
2026-10-08;16:31:00;-03:00;40,75;40,7599983215332;40,7400016784668;40,7400016784668;13900
2026-10-08;16:32:00;-03:00;40,75;40,7599983215332;40,72999954223633;40,7599983215332;24800
2026-10-08;16:33:00;-03:00;40,7599983215332;40,790000915527344;40,7599983215332;40,77000045776367;17400
2026-10-08;16:34:00;-03:00;40,7599983215332;40,77000045776367;40,75;40,77000045776367;26000
2026-10-08;16:35:00;-03:00;40,77000045776367;40,779998779296875;40,7599983215332;40,77000045776367;14000
2026-10-08;16:36:00;-03:00;40,7599983215332;40,77000045776367;40,720001220703125;40,720001220703125;30700
2026-10-08;16:37:00;-03:00;40,720001220703125;40,72999954223633;40,709999084472656;40,720001220703125;14500
2026-10-08;16:38:00;-03:00;40,720001220703125;40,7599983215332;40,720001220703125;40,75;22900
2026-10-08;16:39:00;-03:00;40,75;40,7599983215332;40,7400016784668;40,7599983215332;14200
2026-10-08;16:40:00;-03:00;40,7599983215332;40,79999923706055;40,75;40,77000045776367;22000
2026-10-08;16:41:00;-03:00;40,77000045776367;40,779998779296875;40,7599983215332;40,7599983215332;12200
2026-10-08;16:42:00;-03:00;40,7599983215332;40,779998779296875;40,75;40,779998779296875;31400
2026-10-08;16:43:00;-03:00;40,77000045776367;40,779998779296875;40,72999954223633;40,72999954223633;19300
2026-10-08;16:44:00;-03:00;40,72999954223633;40,75;40,72999954223633;40,72999954223633;27700
2026-10-08;16:45:00;-03:00;40,72999954223633;40,7400016784668;40,720001220703125;40,72999954223633;38400
2026-10-08;16:46:00;-03:00;40,72999954223633;40,7400016784668;40,709999084472656;40,709999084472656;31600
2026-10-08;16:47:00;-03:00;40,709999084472656;40,7400016784668;40,709999084472656;40,72999954223633;32800
2026-10-08;16:48:00;-03:00;40,72999954223633;40,7400016784668;40,709999084472656;40,720001220703125;34700
2026-10-08;16:49:00;-03:00;40,720001220703125;40,7400016784668;40,709999084472656;40,72999954223633;32200
2026-10-08;16:50:00;-03:00;40,720001220703125;40,75;40,720001220703125;40,72999954223633;35500
2026-10-08;16:51:00;-03:00;40,720001220703125;40,72999954223633;40,709999084472656;40,720001220703125;35300
2026-10-08;16:52:00;-03:00;40,72999954223633;40,72999954223633;40,709999084472656;40,720001220703125;33700
2026-10-08;16:53:00;-03:00;40,720001220703125;40,7400016784668;40,720001220703125;40,720001220703125;35400
2026-10-08;16:54:00;-03:00;40,72999954223633;40,75;40,70000076293945;40,70000076293945;17800
2026-10-09;10:03:00;-03:00;40,95000076293945;40,9900016784668;40,880001068115234;40,91999816894531;0
2026-10-09;10:04:00;-03:00;40,939998626708984;41,0099983215332;40,93000030517578;40,97999954223633;8100
2026-10-09;10:05:00;-03:00;40,9900016784668;41,04999923706055;40,95000076293945;41,029998779296875;12200
2026-10-09;10:06:00;-03:00;41,029998779296875;41,06999969482422;40,959999084472656;40,97999954223633;11700
2026-10-09;10:07:00;-03:00;40,97999954223633;40,9900016784668;40,93000030517578;40,93000030517578;4400
2026-10-09;10:08:00;-03:00;40,939998626708984;41,0;40,900001525878906;40,9900016784668;42100
2026-10-09;10:09:00;-03:00;40,97999954223633;40,97999954223633;40,93000030517578;40,93000030517578;5300
2026-10-09;10:10:00;-03:00;40,959999084472656;40,97999954223633;40,810001373291016;40,91999816894531;53200
2026-10-09;10:11:00;-03:00;40,90999984741211;41,09000015258789;40,880001068115234;41,060001373291016;33400
2026-10-09;10:12:00;-03:00;41,04999923706055;41,04999923706055;40,97999954223633;40,9900016784668;10100
2026-10-09;10:13:00;-03:00;40,9900016784668;41,08000183105469;40,9900016784668;41,08000183105469;13000
2026-10-09;10:14:00;-03:00;41,09000015258789;41,150001525878906;40,9900016784668;41,04999923706055;21300
2026-10-09;10:15:00;-03:00;41,040000915527344;41,04999923706055;40,9900016784668;40,9900016784668;6700
2026-10-09;10:16:00;-03:00;41,0;41,0099983215332;40,959999084472656;41,0;5100
2026-10-09;10:17:00;-03:00;40,9900016784668;40,9900016784668;40,970001220703125;40,97999954223633;4500
2026-10-09;10:18:00;-03:00;40,9900016784668;41,02000045776367;40,849998474121094;40,900001525878906;19300
2026-10-09;10:19:00;-03:00;40,90999984741211;40,95000076293945;40,90999984741211;40,90999984741211;9600
2026-10-09;10:20:00;-03:00;40,90999984741211;40,90999984741211;40,83000183105469;40,83000183105469;5300
2026-10-09;10:21:00;-03:00;40,81999969482422;40,81999969482422;40,709999084472656;40,720001220703125;21800
2026-10-09;10:22:00;-03:00;40,720001220703125;40,779998779296875;40,709999084472656;40,7599983215332;9200
2026-10-09;10:23:00;-03:00;40,779998779296875;40,81999969482422;40,720001220703125;40,810001373291016;41800
2026-10-09;10:24:00;-03:00;40,81999969482422;40,849998474121094;40,79999923706055;40,81999969482422;18700
2026-10-09;10:25:00;-03:00;40,81999969482422;40,900001525878906;40,81999969482422;40,869998931884766;8300
2026-10-09;10:26:00;-03:00;40,88999938964844;40,9900016784668;40,88999938964844;40,91999816894531;16100
2026-10-09;10:27:00;-03:00;40,91999816894531;40,93000030517578;40,90999984741211;40,91999816894531;2000
2026-10-09;10:28:00;-03:00;40,91999816894531;40,93000030517578;40,900001525878906;40,90999984741211;11200
2026-10-09;10:29:00;-03:00;40,900001525878906;40,90999984741211;40,88999938964844;40,88999938964844;10500
2026-10-09;10:30:00;-03:00;40,880001068115234;40,88999938964844;40,790000915527344;40,86000061035156;43100
2026-10-09;10:31:00;-03:00;40,880001068115234;40,95000076293945;40,86000061035156;40,95000076293945;14400
2026-10-09;10:32:00;-03:00;40,939998626708984;40,959999084472656;40,86000061035156;40,93000030517578;2011500
2026-10-09;10:33:00;-03:00;40,939998626708984;40,939998626708984;40,91999816894531;40,939998626708984;5300
2026-10-09;10:34:00;-03:00;40,93000030517578;40,959999084472656;40,900001525878906;40,959999084472656;17100
2026-10-09;10:35:00;-03:00;40,959999084472656;41,0;40,959999084472656;40,97999954223633;15300
2026-10-09;10:36:00;-03:00;40,9900016784668;40,9900016784668;40,97999954223633;40,9900016784668;3100
2026-10-09;10:37:00;-03:00;40,97999954223633;41,060001373291016;40,939998626708984;41,0;52100
2026-10-09;10:38:00;-03:00;41,0;41,0;40,95000076293945;40,970001220703125;7400
2026-10-09;10:39:00;-03:00;40,97999954223633;41,11000061035156;40,939998626708984;41,02000045776367;108300
2026-10-09;10:40:00;-03:00;41,029998779296875;41,040000915527344;41,0;41,02000045776367;12900
2026-10-09;10:41:00;-03:00;41,040000915527344;41,09000015258789;41,029998779296875;41,08000183105469;10200
2026-10-09;10:42:00;-03:00;41,08000183105469;41,08000183105469;41,029998779296875;41,08000183105469;37100
2026-10-09;10:43:00;-03:00;41,08000183105469;41,150001525878906;41,08000183105469;41,119998931884766;17200
2026-10-09;10:44:00;-03:00;41,119998931884766;41,119998931884766;41,04999923706055;41,060001373291016;43900
2026-10-09;10:45:00;-03:00;41,09000015258789;41,13999938964844;41,09000015258789;41,130001068115234;49200
2026-10-09;10:46:00;-03:00;41,130001068115234;41,189998626708984;41,119998931884766;41,13999938964844;41800
2026-10-09;10:47:00;-03:00;41,130001068115234;41,220001220703125;41,119998931884766;41,18000030517578;24500
2026-10-09;10:48:00;-03:00;41,18000030517578;41,20000076293945;41,15999984741211;41,18000030517578;15600
2026-10-09;10:49:00;-03:00;41,189998626708984;41,209999084472656;41,15999984741211;41,209999084472656;17500
2026-10-09;10:50:00;-03:00;41,20000076293945;41,22999954223633;41,20000076293945;41,22999954223633;12400
2026-10-09;10:51:00;-03:00;41,220001220703125;41,22999954223633;41,209999084472656;41,22999954223633;11800
2026-10-09;10:52:00;-03:00;41,22999954223633;41,22999954223633;41,189998626708984;41,189998626708984;24000
2026-10-09;10:53:00;-03:00;41,189998626708984;41,22999954223633;41,16999816894531;41,22999954223633;8200
2026-10-09;10:54:00;-03:00;41,2400016784668;41,2599983215332;41,2400016784668;41,25;9900
2026-10-09;10:55:00;-03:00;41,25;41,27000045776367;41,220001220703125;41,220001220703125;15500
2026-10-09;10:56:00;-03:00;41,220001220703125;41,220001220703125;41,20000076293945;41,209999084472656;7100
2026-10-09;10:57:00;-03:00;41,209999084472656;41,2400016784668;41,209999084472656;41,22999954223633;4800
2026-10-09;10:58:00;-03:00;41,25;41,25;41,20000076293945;41,20000076293945;12400
2026-10-09;10:59:00;-03:00;41,20000076293945;41,220001220703125;41,18000030517578;41,209999084472656;22400
2026-10-09;11:00:00;-03:00;41,22999954223633;41,31999969482422;41,20000076293945;41,310001373291016;59500
2026-10-09;11:01:00;-03:00;41,310001373291016;41,38999938964844;41,29999923706055;41,310001373291016;17900
2026-10-09;11:02:00;-03:00;41,29999923706055;41,369998931884766;41,29999923706055;41,36000061035156;7500
2026-10-09;11:03:00;-03:00;41,369998931884766;41,369998931884766;41,29999923706055;41,310001373291016;6800
2026-10-09;11:04:00;-03:00;41,310001373291016;41,31999969482422;41,27000045776367;41,310001373291016;9600
2026-10-09;11:05:00;-03:00;41,29999923706055;41,29999923706055;41,220001220703125;41,220001220703125;8400
2026-10-09;11:06:00;-03:00;41,22999954223633;41,22999954223633;41,16999816894531;41,189998626708984;10300
2026-10-09;11:07:00;-03:00;41,16999816894531;41,16999816894531;41,119998931884766;41,130001068115234;16800
2026-10-09;11:08:00;-03:00;41,130001068115234;41,16999816894531;41,11000061035156;41,15999984741211;38200
2026-10-09;11:09:00;-03:00;41,15999984741211;41,16999816894531;41,150001525878906;41,15999984741211;8000
2026-10-09;11:10:00;-03:00;41,16999816894531;41,2599983215332;41,16999816894531;41,2400016784668;12400
2026-10-09;11:11:00;-03:00;41,25;41,25;41,209999084472656;41,209999084472656;4200
2026-10-09;11:12:00;-03:00;41,209999084472656;41,209999084472656;41,16999816894531;41,189998626708984;16300
2026-10-09;11:13:00;-03:00;41,18000030517578;41,25;41,18000030517578;41,209999084472656;28800
2026-10-09;11:14:00;-03:00;41,220001220703125;41,220001220703125;41,189998626708984;41,20000076293945;9100
2026-10-09;11:15:00;-03:00;41,20000076293945;41,25;41,20000076293945;41,220001220703125;20800
2026-10-09;11:16:00;-03:00;41,220001220703125;41,22999954223633;41,220001220703125;41,22999954223633;5400
2026-10-09;11:17:00;-03:00;41,2400016784668;41,2400016784668;41,20000076293945;41,20000076293945;14200
2026-10-09;11:18:00;-03:00;41,209999084472656;41,22999954223633;41,209999084472656;41,22999954223633;8600
2026-10-09;11:19:00;-03:00;41,220001220703125;41,22999954223633;41,20000076293945;41,20000076293945;4500
2026-10-09;11:20:00;-03:00;41,20000076293945;41,209999084472656;41,18000030517578;41,18000030517578;8000
2026-10-09;11:21:00;-03:00;41,18000030517578;41,18000030517578;41,119998931884766;41,130001068115234;38500
2026-10-09;11:22:00;-03:00;41,13999938964844;41,18000030517578;41,119998931884766;41,18000030517578;8700
2026-10-09;11:23:00;-03:00;41,18000030517578;41,18000030517578;41,15999984741211;41,18000030517578;11800
2026-10-09;11:24:00;-03:00;41,18000030517578;41,20000076293945;41,18000030517578;41,18000030517578;5300
2026-10-09;11:25:00;-03:00;41,18000030517578;41,189998626708984;41,16999816894531;41,189998626708984;7200
2026-10-09;11:26:00;-03:00;41,18000030517578;41,18000030517578;41,150001525878906;41,15999984741211;7300
2026-10-09;11:27:00;-03:00;41,16999816894531;41,18000030517578;41,13999938964844;41,16999816894531;14000
2026-10-09;11:28:00;-03:00;41,16999816894531;41,189998626708984;41,16999816894531;41,189998626708984;3800
2026-10-09;11:29:00;-03:00;41,18000030517578;41,18000030517578;41,130001068115234;41,18000030517578;16100
2026-10-09;11:30:00;-03:00;41,20000076293945;41,25;41,20000076293945;41,25;22700
2026-10-09;11:31:00;-03:00;41,2599983215332;41,27000045776367;41,15999984741211;41,189998626708984;46500
2026-10-09;11:32:00;-03:00;41,16999816894531;41,20000076293945;41,15999984741211;41,16999816894531;10300
2026-10-09;11:33:00;-03:00;41,15999984741211;41,15999984741211;41,119998931884766;41,15999984741211;12500
2026-10-09;11:34:00;-03:00;41,18000030517578;41,220001220703125;41,18000030517578;41,209999084472656;7600
2026-10-09;11:35:00;-03:00;41,209999084472656;41,25;41,209999084472656;41,25;17800
2026-10-09;11:36:00;-03:00;41,25;41,25;41,16999816894531;41,20000076293945;28800
2026-10-09;11:37:00;-03:00;41,189998626708984;41,20000076293945;41,15999984741211;41,15999984741211;16500
2026-10-09;11:38:00;-03:00;41,15999984741211;41,15999984741211;41,11000061035156;41,119998931884766;29300
2026-10-09;11:39:00;-03:00;41,11000061035156;41,13999938964844;41,099998474121094;41,099998474121094;9100
2026-10-09;11:40:00;-03:00;41,09000015258789;41,11000061035156;41,09000015258789;41,09000015258789;13800
2026-10-09;11:41:00;-03:00;41,09000015258789;41,119998931884766;41,09000015258789;41,099998474121094;11800
2026-10-09;11:42:00;-03:00;41,099998474121094;41,130001068115234;41,099998474121094;41,130001068115234;4700
2026-10-09;11:43:00;-03:00;41,130001068115234;41,130001068115234;41,09000015258789;41,11000061035156;31700
2026-10-09;11:44:00;-03:00;41,099998474121094;41,099998474121094;41,060001373291016;41,09000015258789;6900
2026-10-09;11:45:00;-03:00;41,099998474121094;41,11000061035156;41,099998474121094;41,11000061035156;5800
2026-10-09;11:46:00;-03:00;41,11000061035156;41,11000061035156;41,09000015258789;41,11000061035156;9300
2026-10-09;11:47:00;-03:00;41,11000061035156;41,11000061035156;41,060001373291016;41,06999969482422;8800
2026-10-09;11:48:00;-03:00;41,08000183105469;41,08000183105469;41,06999969482422;41,08000183105469;5500
2026-10-09;11:49:00;-03:00;41,06999969482422;41,09000015258789;41,060001373291016;41,08000183105469;13900
2026-10-09;11:50:00;-03:00;41,06999969482422;41,06999969482422;41,040000915527344;41,040000915527344;9700
2026-10-09;11:51:00;-03:00;41,040000915527344;41,04999923706055;41,029998779296875;41,04999923706055;4300
2026-10-09;11:52:00;-03:00;41,040000915527344;41,04999923706055;41,02000045776367;41,029998779296875;18500
2026-10-09;11:53:00;-03:00;41,02000045776367;41,029998779296875;40,970001220703125;40,970001220703125;12400
2026-10-09;11:54:00;-03:00;40,97999954223633;40,97999954223633;40,959999084472656;40,97999954223633;10600
2026-10-09;11:55:00;-03:00;40,97999954223633;40,97999954223633;40,959999084472656;40,97999954223633;4000
2026-10-09;11:56:00;-03:00;40,970001220703125;40,970001220703125;40,91999816894531;40,91999816894531;9800
2026-10-09;11:57:00;-03:00;40,91999816894531;40,93000030517578;40,91999816894531;40,93000030517578;10000
2026-10-09;11:58:00;-03:00;40,939998626708984;40,95000076293945;40,91999816894531;40,91999816894531;10700
2026-10-09;11:59:00;-03:00;40,93000030517578;40,939998626708984;40,93000030517578;40,93000030517578;4400
2026-10-09;12:00:00;-03:00;40,91999816894531;40,939998626708984;40,849998474121094;40,88999938964844;42500
2026-10-09;12:01:00;-03:00;40,900001525878906;40,900001525878906;40,81999969482422;40,83000183105469;22900
2026-10-09;12:02:00;-03:00;40,849998474121094;40,869998931884766;40,849998474121094;40,869998931884766;21500
2026-10-09;12:03:00;-03:00;40,880001068115234;40,88999938964844;40,84000015258789;40,84000015258789;11300
2026-10-09;12:04:00;-03:00;40,84000015258789;40,86000061035156;40,810001373291016;40,83000183105469;6400
2026-10-09;12:05:00;-03:00;40,83000183105469;40,83000183105469;40,810001373291016;40,83000183105469;6800
2026-10-09;12:06:00;-03:00;40,84000015258789;40,86000061035156;40,84000015258789;40,86000061035156;2100
2026-10-09;12:07:00;-03:00;40,849998474121094;40,849998474121094;40,81999969482422;40,81999969482422;7100
2026-10-09;12:08:00;-03:00;40,81999969482422;40,83000183105469;40,810001373291016;40,81999969482422;2300
2026-10-09;12:09:00;-03:00;40,81999969482422;40,83000183105469;40,810001373291016;40,81999969482422;6900
2026-10-09;12:10:00;-03:00;40,81999969482422;40,849998474121094;40,81999969482422;40,84000015258789;4000
2026-10-09;12:11:00;-03:00;40,84000015258789;40,880001068115234;40,84000015258789;40,869998931884766;4600
2026-10-09;12:12:00;-03:00;40,880001068115234;40,90999984741211;40,880001068115234;40,90999984741211;4800
2026-10-09;12:13:00;-03:00;40,90999984741211;40,93000030517578;40,90999984741211;40,91999816894531;1000
2026-10-09;12:14:00;-03:00;40,91999816894531;40,93000030517578;40,90999984741211;40,90999984741211;4300
2026-10-09;12:15:00;-03:00;40,90999984741211;40,91999816894531;40,849998474121094;40,849998474121094;9000
2026-10-09;12:16:00;-03:00;40,849998474121094;40,86000061035156;40,849998474121094;40,86000061035156;2700
2026-10-09;12:17:00;-03:00;40,86000061035156;40,869998931884766;40,84000015258789;40,84000015258789;7500
2026-10-09;12:18:00;-03:00;40,84000015258789;40,84000015258789;40,79999923706055;40,79999923706055;4900
2026-10-09;12:19:00;-03:00;40,79999923706055;40,79999923706055;40,77000045776367;40,779998779296875;29400
2026-10-09;12:20:00;-03:00;40,79999923706055;40,83000183105469;40,790000915527344;40,810001373291016;9900
2026-10-09;12:21:00;-03:00;40,79999923706055;40,810001373291016;40,79999923706055;40,79999923706055;900
2026-10-09;12:22:00;-03:00;40,810001373291016;40,810001373291016;40,7400016784668;40,75;29300
2026-10-09;12:23:00;-03:00;40,75;40,779998779296875;40,75;40,7599983215332;7700
2026-10-09;12:24:00;-03:00;40,7599983215332;40,77000045776367;40,75;40,7599983215332;6200
2026-10-09;12:25:00;-03:00;40,77000045776367;40,779998779296875;40,7599983215332;40,77000045776367;8100
2026-10-09;12:26:00;-03:00;40,779998779296875;40,779998779296875;40,77000045776367;40,77000045776367;5200
2026-10-09;12:27:00;-03:00;40,77000045776367;40,77000045776367;40,7599983215332;40,7599983215332;3600
2026-10-09;12:28:00;-03:00;40,7599983215332;40,7599983215332;40,72999954223633;40,72999954223633;8300
2026-10-09;12:29:00;-03:00;40,72999954223633;40,72999954223633;40,720001220703125;40,720001220703125;4500
2026-10-09;12:30:00;-03:00;40,720001220703125;40,77000045776367;40,709999084472656;40,77000045776367;20300
2026-10-09;12:31:00;-03:00;40,779998779296875;40,810001373291016;40,779998779296875;40,790000915527344;8900
2026-10-09;12:32:00;-03:00;40,79999923706055;40,869998931884766;40,79999923706055;40,869998931884766;17000
2026-10-09;12:33:00;-03:00;40,869998931884766;40,900001525878906;40,869998931884766;40,88999938964844;16100
2026-10-09;12:34:00;-03:00;40,88999938964844;40,900001525878906;40,88999938964844;40,900001525878906;10100
2026-10-09;12:35:00;-03:00;40,900001525878906;40,90999984741211;40,880001068115234;40,88999938964844;7600
2026-10-09;12:36:00;-03:00;40,88999938964844;40,900001525878906;40,88999938964844;40,88999938964844;4700
2026-10-09;12:37:00;-03:00;40,88999938964844;40,88999938964844;40,880001068115234;40,880001068115234;2400
2026-10-09;12:38:00;-03:00;40,880001068115234;40,900001525878906;40,880001068115234;40,900001525878906;4600
2026-10-09;12:39:00;-03:00;40,900001525878906;40,900001525878906;40,810001373291016;40,83000183105469;29700
2026-10-09;12:40:00;-03:00;40,81999969482422;40,81999969482422;40,779998779296875;40,779998779296875;11900
2026-10-09;12:41:00;-03:00;40,779998779296875;40,779998779296875;40,77000045776367;40,77000045776367;5600
2026-10-09;12:42:00;-03:00;40,77000045776367;40,779998779296875;40,77000045776367;40,779998779296875;10000
2026-10-09;12:43:00;-03:00;40,77000045776367;40,779998779296875;40,77000045776367;40,779998779296875;2700
2026-10-09;12:44:00;-03:00;40,779998779296875;40,79999923706055;40,779998779296875;40,79999923706055;6300
2026-10-09;12:45:00;-03:00;40,790000915527344;40,810001373291016;40,779998779296875;40,810001373291016;7200
2026-10-09;12:46:00;-03:00;40,810001373291016;40,86000061035156;40,810001373291016;40,86000061035156;1400
2026-10-09;12:47:00;-03:00;40,849998474121094;40,86000061035156;40,84000015258789;40,84000015258789;3200
2026-10-09;12:48:00;-03:00;40,84000015258789;40,849998474121094;40,81999969482422;40,83000183105469;7700
2026-10-09;12:49:00;-03:00;40,83000183105469;40,84000015258789;40,81999969482422;40,83000183105469;7500
2026-10-09;12:50:00;-03:00;40,81999969482422;40,86000061035156;40,81999969482422;40,86000061035156;1700
2026-10-09;12:51:00;-03:00;40,869998931884766;40,869998931884766;40,869998931884766;40,869998931884766;1700
2026-10-09;12:52:00;-03:00;40,880001068115234;40,880001068115234;40,849998474121094;40,86000061035156;10400
2026-10-09;12:53:00;-03:00;40,86000061035156;40,86000061035156;40,849998474121094;40,849998474121094;2400
2026-10-09;12:54:00;-03:00;40,849998474121094;40,86000061035156;40,849998474121094;40,849998474121094;8400
2026-10-09;12:55:00;-03:00;40,849998474121094;40,849998474121094;40,81999969482422;40,83000183105469;9600
2026-10-09;12:56:00;-03:00;40,83000183105469;40,84000015258789;40,790000915527344;40,790000915527344;18700
2026-10-09;12:57:00;-03:00;40,79999923706055;40,79999923706055;40,77000045776367;40,79999923706055;9100
2026-10-09;12:58:00;-03:00;40,810001373291016;40,810001373291016;40,79999923706055;40,810001373291016;1500
2026-10-09;12:59:00;-03:00;40,79999923706055;40,810001373291016;40,77000045776367;40,77000045776367;14900
2026-10-09;13:00:00;-03:00;40,779998779296875;40,779998779296875;40,75;40,7599983215332;12000
2026-10-09;13:01:00;-03:00;40,77000045776367;40,779998779296875;40,7599983215332;40,779998779296875;2200
2026-10-09;13:02:00;-03:00;40,779998779296875;40,810001373291016;40,779998779296875;40,790000915527344;7200
2026-10-09;13:03:00;-03:00;40,790000915527344;40,79999923706055;40,790000915527344;40,790000915527344;2100
2026-10-09;13:04:00;-03:00;40,79999923706055;40,79999923706055;40,779998779296875;40,779998779296875;6900
2026-10-09;13:05:00;-03:00;40,779998779296875;40,779998779296875;40,77000045776367;40,77000045776367;4300
2026-10-09;13:06:00;-03:00;40,77000045776367;40,77000045776367;40,75;40,75;8700
2026-10-09;13:07:00;-03:00;40,77000045776367;40,790000915527344;40,7599983215332;40,790000915527344;5700
2026-10-09;13:08:00;-03:00;40,779998779296875;40,79999923706055;40,779998779296875;40,779998779296875;3100
2026-10-09;13:09:00;-03:00;40,790000915527344;40,790000915527344;40,77000045776367;40,790000915527344;10500
2026-10-09;13:10:00;-03:00;40,779998779296875;40,790000915527344;40,779998779296875;40,779998779296875;2100
2026-10-09;13:11:00;-03:00;40,779998779296875;40,779998779296875;40,779998779296875;40,779998779296875;3400
2026-10-09;13:12:00;-03:00;40,779998779296875;40,790000915527344;40,779998779296875;40,779998779296875;2300
2026-10-09;13:13:00;-03:00;40,779998779296875;40,779998779296875;40,77000045776367;40,77000045776367;5900
2026-10-09;13:14:00;-03:00;40,77000045776367;40,77000045776367;40,75;40,75;8100
2026-10-09;13:15:00;-03:00;40,7599983215332;40,7599983215332;40,75;40,75;1100
2026-10-09;13:16:00;-03:00;40,75;40,7599983215332;40,75;40,75;4400
2026-10-09;13:17:00;-03:00;40,75;40,7599983215332;40,75;40,75;7300
2026-10-09;13:18:00;-03:00;40,75;40,7599983215332;40,75;40,7599983215332;1200
2026-10-09;13:19:00;-03:00;40,75;40,75;40,75;40,75;2200
2026-10-09;13:20:00;-03:00;40,7599983215332;40,779998779296875;40,7599983215332;40,779998779296875;4600
2026-10-09;13:21:00;-03:00;40,779998779296875;40,779998779296875;40,77000045776367;40,779998779296875;2500
2026-10-09;13:22:00;-03:00;40,77000045776367;40,779998779296875;40,77000045776367;40,77000045776367;1800
2026-10-09;13:23:00;-03:00;40,77000045776367;40,77000045776367;40,7400016784668;40,7400016784668;16100
2026-10-09;13:24:00;-03:00;40,75;40,75;40,7400016784668;40,75;4400
2026-10-09;13:25:00;-03:00;40,75;40,7599983215332;40,75;40,75;2500
2026-10-09;13:26:00;-03:00;40,75;40,7599983215332;40,75;40,7599983215332;8100
2026-10-09;13:27:00;-03:00;40,7599983215332;40,7599983215332;40,75;40,75;2200
2026-10-09;13:28:00;-03:00;40,75;40,7599983215332;40,75;40,75;8700
2026-10-09;13:29:00;-03:00;40,75;40,75;40,7400016784668;40,7400016784668;4000
2026-10-09;13:30:00;-03:00;40,7400016784668;40,75;40,7400016784668;40,7400016784668;1100
2026-10-09;13:31:00;-03:00;40,7400016784668;40,7400016784668;40,709999084472656;40,709999084472656;8500
2026-10-09;13:32:00;-03:00;40,720001220703125;40,7400016784668;40,720001220703125;40,720001220703125;5200
2026-10-09;13:33:00;-03:00;40,720001220703125;40,720001220703125;40,709999084472656;40,709999084472656;9500
2026-10-09;13:34:00;-03:00;40,709999084472656;40,709999084472656;40,66999816894531;40,66999816894531;34700
2026-10-09;13:35:00;-03:00;40,68000030517578;40,689998626708984;40,66999816894531;40,689998626708984;5600
2026-10-09;13:36:00;-03:00;40,70000076293945;40,70000076293945;40,66999816894531;40,66999816894531;6500
2026-10-09;13:37:00;-03:00;40,68000030517578;40,68000030517578;40,66999816894531;40,66999816894531;1300
2026-10-09;13:38:00;-03:00;40,66999816894531;40,66999816894531;40,66999816894531;40,66999816894531;3500
2026-10-09;13:39:00;-03:00;40,68000030517578;40,70000076293945;40,66999816894531;40,70000076293945;7300
2026-10-09;13:40:00;-03:00;40,70000076293945;40,709999084472656;40,68000030517578;40,68000030517578;7400
2026-10-09;13:41:00;-03:00;40,689998626708984;40,709999084472656;40,689998626708984;40,709999084472656;3900
2026-10-09;13:42:00;-03:00;40,70000076293945;40,709999084472656;40,70000076293945;40,70000076293945;2100
2026-10-09;13:43:00;-03:00;40,709999084472656;40,720001220703125;40,709999084472656;40,709999084472656;4200
2026-10-09;13:44:00;-03:00;40,709999084472656;40,7400016784668;40,709999084472656;40,72999954223633;5100
2026-10-09;13:45:00;-03:00;40,720001220703125;40,720001220703125;40,70000076293945;40,70000076293945;5400
2026-10-09;13:46:00;-03:00;40,70000076293945;40,70000076293945;40,70000076293945;40,70000076293945;2300
2026-10-09;13:47:00;-03:00;40,709999084472656;40,709999084472656;40,66999816894531;40,66999816894531;7000
2026-10-09;13:48:00;-03:00;40,689998626708984;40,720001220703125;40,68000030517578;40,720001220703125;7500
2026-10-09;13:49:00;-03:00;40,720001220703125;40,720001220703125;40,709999084472656;40,709999084472656;5000
2026-10-09;13:50:00;-03:00;40,709999084472656;40,720001220703125;40,709999084472656;40,709999084472656;1700
2026-10-09;13:51:00;-03:00;40,709999084472656;40,709999084472656;40,709999084472656;40,709999084472656;2500
2026-10-09;13:52:00;-03:00;40,720001220703125;40,720001220703125;40,709999084472656;40,720001220703125;7100
2026-10-09;13:53:00;-03:00;40,720001220703125;40,72999954223633;40,720001220703125;40,72999954223633;1800
2026-10-09;13:54:00;-03:00;40,720001220703125;40,72999954223633;40,720001220703125;40,720001220703125;2200
2026-10-09;13:55:00;-03:00;40,720001220703125;40,7400016784668;40,720001220703125;40,72999954223633;9000
2026-10-09;13:56:00;-03:00;40,720001220703125;40,72999954223633;40,720001220703125;40,720001220703125;500
2026-10-09;13:57:00;-03:00;40,720001220703125;40,7400016784668;40,720001220703125;40,720001220703125;4400
2026-10-09;13:58:00;-03:00;40,72999954223633;40,7400016784668;40,72999954223633;40,72999954223633;6500
2026-10-09;13:59:00;-03:00;40,720001220703125;40,720001220703125;40,70000076293945;40,70000076293945;4100
2026-10-09;14:00:00;-03:00;40,720001220703125;40,720001220703125;40,709999084472656;40,720001220703125;3100
2026-10-09;14:01:00;-03:00;40,720001220703125;40,720001220703125;40,720001220703125;40,720001220703125;700
2026-10-09;14:02:00;-03:00;40,72999954223633;40,72999954223633;40,720001220703125;40,720001220703125;2200
2026-10-09;14:03:00;-03:00;40,720001220703125;40,72999954223633;40,720001220703125;40,72999954223633;1700
2026-10-09;14:04:00;-03:00;40,720001220703125;40,72999954223633;40,650001525878906;40,689998626708984;4025800
2026-10-09;14:05:00;-03:00;40,70000076293945;40,790000915527344;40,70000076293945;40,779998779296875;4021300
2026-10-09;14:06:00;-03:00;40,779998779296875;40,790000915527344;40,7599983215332;40,7599983215332;11100
2026-10-09;14:07:00;-03:00;40,77000045776367;40,77000045776367;40,75;40,75;1800
2026-10-09;14:08:00;-03:00;40,75;40,75;40,7400016784668;40,7400016784668;5100
2026-10-09;14:09:00;-03:00;40,7400016784668;40,77000045776367;40,7400016784668;40,77000045776367;6000
2026-10-09;14:10:00;-03:00;40,7599983215332;40,77000045776367;40,7599983215332;40,77000045776367;1700
2026-10-09;14:11:00;-03:00;40,779998779296875;40,79999923706055;40,77000045776367;40,77000045776367;13300
2026-10-09;14:12:00;-03:00;40,77000045776367;40,790000915527344;40,77000045776367;40,779998779296875;5500
2026-10-09;14:13:00;-03:00;40,790000915527344;40,790000915527344;40,779998779296875;40,790000915527344;2500
2026-10-09;14:14:00;-03:00;40,790000915527344;40,810001373291016;40,779998779296875;40,79999923706055;5500
2026-10-09;14:15:00;-03:00;40,810001373291016;40,83000183105469;40,79999923706055;40,83000183105469;6300
2026-10-09;14:16:00;-03:00;40,83000183105469;40,86000061035156;40,81999969482422;40,84000015258789;31300
2026-10-09;14:17:00;-03:00;40,849998474121094;40,86000061035156;40,83000183105469;40,849998474121094;11900
2026-10-09;14:18:00;-03:00;40,849998474121094;40,869998931884766;40,84000015258789;40,869998931884766;4500
2026-10-09;14:19:00;-03:00;40,869998931884766;40,869998931884766;40,84000015258789;40,84000015258789;10500
2026-10-09;14:20:00;-03:00;40,84000015258789;40,869998931884766;40,83000183105469;40,869998931884766;8000
2026-10-09;14:21:00;-03:00;40,86000061035156;40,869998931884766;40,86000061035156;40,86000061035156;3100
2026-10-09;14:22:00;-03:00;40,869998931884766;40,880001068115234;40,86000061035156;40,880001068115234;9800
2026-10-09;14:23:00;-03:00;40,88999938964844;40,88999938964844;40,86000061035156;40,86000061035156;8300
2026-10-09;14:24:00;-03:00;40,86000061035156;40,88999938964844;40,849998474121094;40,869998931884766;4800
2026-10-09;14:25:00;-03:00;40,88999938964844;40,900001525878906;40,88999938964844;40,88999938964844;9600
2026-10-09;14:26:00;-03:00;40,88999938964844;40,88999938964844;40,869998931884766;40,88999938964844;14400
2026-10-09;14:27:00;-03:00;40,88999938964844;40,88999938964844;40,88999938964844;40,88999938964844;2900
2026-10-09;14:28:00;-03:00;40,900001525878906;40,90999984741211;40,88999938964844;40,90999984741211;6600
2026-10-09;14:29:00;-03:00;40,900001525878906;40,91999816894531;40,900001525878906;40,91999816894531;3700
2026-10-09;14:30:00;-03:00;40,90999984741211;40,91999816894531;40,90999984741211;40,90999984741211;9100
2026-10-09;14:31:00;-03:00;40,90999984741211;40,91999816894531;40,90999984741211;40,91999816894531;6400
2026-10-09;14:32:00;-03:00;40,93000030517578;40,959999084472656;40,93000030517578;40,959999084472656;8200
2026-10-09;14:33:00;-03:00;40,959999084472656;40,970001220703125;40,959999084472656;40,970001220703125;1400
2026-10-09;14:34:00;-03:00;40,970001220703125;40,97999954223633;40,91999816894531;40,93000030517578;24000
2026-10-09;14:35:00;-03:00;40,93000030517578;40,939998626708984;40,93000030517578;40,93000030517578;1800
2026-10-09;14:36:00;-03:00;40,939998626708984;40,939998626708984;40,93000030517578;40,93000030517578;1300
2026-10-09;14:37:00;-03:00;40,939998626708984;40,939998626708984;40,93000030517578;40,93000030517578;2200
2026-10-09;14:38:00;-03:00;40,93000030517578;40,939998626708984;40,93000030517578;40,93000030517578;3600
2026-10-09;14:39:00;-03:00;40,93000030517578;40,93000030517578;40,84000015258789;40,849998474121094;12600
2026-10-09;14:40:00;-03:00;40,84000015258789;40,91999816894531;40,84000015258789;40,90999984741211;17400
2026-10-09;14:41:00;-03:00;40,91999816894531;40,91999816894531;40,90999984741211;40,91999816894531;3200
2026-10-09;14:42:00;-03:00;40,90999984741211;40,91999816894531;40,900001525878906;40,91999816894531;10200
2026-10-09;14:43:00;-03:00;40,91999816894531;40,939998626708984;40,91999816894531;40,939998626708984;5400
2026-10-09;14:44:00;-03:00;40,91999816894531;40,939998626708984;40,91999816894531;40,939998626708984;1900
2026-10-09;14:45:00;-03:00;40,93000030517578;40,95000076293945;40,93000030517578;40,939998626708984;4300
2026-10-09;14:46:00;-03:00;40,95000076293945;40,959999084472656;40,939998626708984;40,959999084472656;6000
2026-10-09;14:47:00;-03:00;40,959999084472656;40,970001220703125;40,95000076293945;40,970001220703125;3700
2026-10-09;14:48:00;-03:00;40,970001220703125;40,9900016784668;40,970001220703125;40,970001220703125;4800
2026-10-09;14:49:00;-03:00;40,97999954223633;40,9900016784668;40,97999954223633;40,9900016784668;5300
2026-10-09;14:50:00;-03:00;40,9900016784668;41,029998779296875;40,9900016784668;41,029998779296875;13100
2026-10-09;14:51:00;-03:00;41,029998779296875;41,04999923706055;41,02000045776367;41,029998779296875;9000
2026-10-09;14:52:00;-03:00;41,029998779296875;41,040000915527344;41,0099983215332;41,02000045776367;5800
2026-10-09;14:53:00;-03:00;41,029998779296875;41,040000915527344;41,02000045776367;41,02000045776367;5400
2026-10-09;14:54:00;-03:00;41,0099983215332;41,119998931884766;41,0099983215332;41,119998931884766;4033100
2026-10-09;14:55:00;-03:00;41,119998931884766;41,119998931884766;41,08000183105469;41,08000183105469;10800
2026-10-09;14:56:00;-03:00;41,06999969482422;41,08000183105469;41,040000915527344;41,040000915527344;10500
2026-10-09;14:57:00;-03:00;41,04999923706055;41,04999923706055;40,9900016784668;41,040000915527344;23000
2026-10-09;14:58:00;-03:00;41,029998779296875;41,029998779296875;40,97999954223633;40,97999954223633;13700
2026-10-09;14:59:00;-03:00;40,97999954223633;40,9900016784668;40,959999084472656;40,97999954223633;8600
2026-10-09;15:00:00;-03:00;40,970001220703125;40,970001220703125;40,93000030517578;40,970001220703125;16900
2026-10-09;15:01:00;-03:00;40,97999954223633;40,97999954223633;40,93000030517578;40,939998626708984;5500
2026-10-09;15:02:00;-03:00;40,939998626708984;41,0;40,939998626708984;40,97999954223633;16200
2026-10-09;15:03:00;-03:00;40,9900016784668;40,9900016784668;40,97999954223633;40,97999954223633;4700
2026-10-09;15:04:00;-03:00;40,97999954223633;40,9900016784668;40,97999954223633;40,9900016784668;4800
2026-10-09;15:05:00;-03:00;40,9900016784668;41,0;40,95000076293945;40,970001220703125;18200
2026-10-09;15:06:00;-03:00;40,970001220703125;40,970001220703125;40,91999816894531;40,93000030517578;5200
2026-10-09;15:07:00;-03:00;40,91999816894531;40,93000030517578;40,900001525878906;40,90999984741211;5800
2026-10-09;15:08:00;-03:00;40,90999984741211;40,91999816894531;40,900001525878906;40,900001525878906;8500
2026-10-09;15:09:00;-03:00;40,900001525878906;40,900001525878906;40,880001068115234;40,880001068115234;5300
2026-10-09;15:10:00;-03:00;40,88999938964844;40,91999816894531;40,880001068115234;40,90999984741211;14500
2026-10-09;15:11:00;-03:00;40,90999984741211;40,91999816894531;40,90999984741211;40,90999984741211;1900
2026-10-09;15:12:00;-03:00;40,90999984741211;40,93000030517578;40,90999984741211;40,93000030517578;6500
2026-10-09;15:13:00;-03:00;40,93000030517578;40,970001220703125;40,91999816894531;40,959999084472656;9200
2026-10-09;15:14:00;-03:00;40,959999084472656;40,970001220703125;40,939998626708984;40,95000076293945;14400
2026-10-09;15:15:00;-03:00;40,93000030517578;40,970001220703125;40,93000030517578;40,95000076293945;9200
2026-10-09;15:16:00;-03:00;40,970001220703125;40,97999954223633;40,970001220703125;40,970001220703125;4500
2026-10-09;15:17:00;-03:00;40,970001220703125;40,97999954223633;40,970001220703125;40,970001220703125;7800
2026-10-09;15:18:00;-03:00;40,970001220703125;41,0;40,970001220703125;40,9900016784668;6400
2026-10-09;15:19:00;-03:00;40,9900016784668;41,0;40,97999954223633;40,9900016784668;8200
2026-10-09;15:20:00;-03:00;40,9900016784668;41,0099983215332;40,9900016784668;41,0099983215332;16300
2026-10-09;15:21:00;-03:00;41,0;41,0099983215332;41,0;41,0;1200
2026-10-09;15:22:00;-03:00;41,0;41,0099983215332;40,97999954223633;41,0099983215332;3900
2026-10-09;15:23:00;-03:00;40,9900016784668;41,0;40,9900016784668;41,0;5100
2026-10-09;15:24:00;-03:00;40,9900016784668;41,0;40,9900016784668;40,9900016784668;2700
2026-10-09;15:25:00;-03:00;40,9900016784668;40,9900016784668;40,970001220703125;40,970001220703125;5900
2026-10-09;15:26:00;-03:00;40,970001220703125;41,0;40,970001220703125;40,9900016784668;15200
2026-10-09;15:27:00;-03:00;40,9900016784668;40,9900016784668;40,970001220703125;40,970001220703125;8000
2026-10-09;15:28:00;-03:00;40,970001220703125;40,970001220703125;40,939998626708984;40,939998626708984;8200
2026-10-09;15:29:00;-03:00;40,939998626708984;40,959999084472656;40,93000030517578;40,93000030517578;6600
2026-10-09;15:30:00;-03:00;40,93000030517578;40,939998626708984;40,900001525878906;40,900001525878906;6900
2026-10-09;15:31:00;-03:00;40,900001525878906;40,900001525878906;40,869998931884766;40,880001068115234;4300
2026-10-09;15:32:00;-03:00;40,880001068115234;40,88999938964844;40,849998474121094;40,86000061035156;15900
2026-10-09;15:33:00;-03:00;40,86000061035156;40,869998931884766;40,86000061035156;40,869998931884766;4700
2026-10-09;15:34:00;-03:00;40,869998931884766;40,90999984741211;40,86000061035156;40,88999938964844;11400
2026-10-09;15:35:00;-03:00;40,88999938964844;40,939998626708984;40,88999938964844;40,91999816894531;13100
2026-10-09;15:36:00;-03:00;40,91999816894531;40,91999816894531;40,849998474121094;40,86000061035156;16400
2026-10-09;15:37:00;-03:00;40,86000061035156;40,880001068115234;40,84000015258789;40,86000061035156;12800
2026-10-09;15:38:00;-03:00;40,869998931884766;40,869998931884766;40,86000061035156;40,86000061035156;5500
2026-10-09;15:39:00;-03:00;40,86000061035156;40,86000061035156;40,83000183105469;40,84000015258789;6700
2026-10-09;15:40:00;-03:00;40,84000015258789;40,86000061035156;40,81999969482422;40,86000061035156;28100
2026-10-09;15:41:00;-03:00;40,849998474121094;40,86000061035156;40,81999969482422;40,83000183105469;10800
2026-10-09;15:42:00;-03:00;40,83000183105469;40,84000015258789;40,83000183105469;40,84000015258789;2300
2026-10-09;15:43:00;-03:00;40,83000183105469;40,849998474121094;40,81999969482422;40,849998474121094;11200
2026-10-09;15:44:00;-03:00;40,83000183105469;40,849998474121094;40,81999969482422;40,83000183105469;4400
2026-10-09;15:45:00;-03:00;40,83000183105469;40,84000015258789;40,79999923706055;40,83000183105469;27400
2026-10-09;15:46:00;-03:00;40,83000183105469;40,86000061035156;40,83000183105469;40,86000061035156;10600
2026-10-09;15:47:00;-03:00;40,86000061035156;40,90999984741211;40,86000061035156;40,90999984741211;8800
2026-10-09;15:48:00;-03:00;40,900001525878906;40,900001525878906;40,880001068115234;40,880001068115234;5700
2026-10-09;15:49:00;-03:00;40,88999938964844;40,88999938964844;40,83000183105469;40,86000061035156;20300
2026-10-09;15:50:00;-03:00;40,86000061035156;40,86000061035156;40,849998474121094;40,86000061035156;3600
2026-10-09;15:51:00;-03:00;40,86000061035156;40,880001068115234;40,86000061035156;40,86000061035156;6200
2026-10-09;15:52:00;-03:00;40,86000061035156;40,86000061035156;40,849998474121094;40,849998474121094;4700
2026-10-09;15:53:00;-03:00;40,86000061035156;40,869998931884766;40,849998474121094;40,86000061035156;6200
2026-10-09;15:54:00;-03:00;40,869998931884766;40,880001068115234;40,86000061035156;40,869998931884766;5400
2026-10-09;15:55:00;-03:00;40,869998931884766;40,869998931884766;40,86000061035156;40,869998931884766;7200
2026-10-09;15:56:00;-03:00;40,869998931884766;40,91999816894531;40,869998931884766;40,90999984741211;4000
2026-10-09;15:57:00;-03:00;40,90999984741211;40,93000030517578;40,90999984741211;40,91999816894531;11100
2026-10-09;15:58:00;-03:00;40,91999816894531;40,91999816894531;40,900001525878906;40,90999984741211;7700
2026-10-09;15:59:00;-03:00;40,91999816894531;40,93000030517578;40,90999984741211;40,93000030517578;5500
2026-10-09;16:00:00;-03:00;40,91999816894531;40,93000030517578;40,91999816894531;40,91999816894531;2000
2026-10-09;16:01:00;-03:00;40,91999816894531;40,939998626708984;40,91999816894531;40,93000030517578;6700
2026-10-09;16:02:00;-03:00;40,93000030517578;40,939998626708984;40,90999984741211;40,93000030517578;8600
2026-10-09;16:03:00;-03:00;40,93000030517578;40,93000030517578;40,91999816894531;40,91999816894531;2500
2026-10-09;16:04:00;-03:00;40,91999816894531;40,939998626708984;40,91999816894531;40,93000030517578;5200
2026-10-09;16:05:00;-03:00;40,93000030517578;40,939998626708984;40,93000030517578;40,939998626708984;3000
2026-10-09;16:06:00;-03:00;40,939998626708984;40,95000076293945;40,93000030517578;40,93000030517578;6900
2026-10-09;16:07:00;-03:00;40,95000076293945;40,95000076293945;40,93000030517578;40,939998626708984;7000
2026-10-09;16:08:00;-03:00;40,939998626708984;40,959999084472656;40,939998626708984;40,95000076293945;5300
2026-10-09;16:09:00;-03:00;40,959999084472656;40,959999084472656;40,95000076293945;40,95000076293945;9200
2026-10-09;16:10:00;-03:00;40,959999084472656;40,970001220703125;40,95000076293945;40,959999084472656;6500
2026-10-09;16:11:00;-03:00;40,970001220703125;40,970001220703125;40,959999084472656;40,959999084472656;3400
2026-10-09;16:12:00;-03:00;40,959999084472656;40,970001220703125;40,959999084472656;40,959999084472656;9300
2026-10-09;16:13:00;-03:00;40,959999084472656;40,959999084472656;40,91999816894531;40,93000030517578;6700
2026-10-09;16:14:00;-03:00;40,93000030517578;40,95000076293945;40,91999816894531;40,91999816894531;6200
2026-10-09;16:15:00;-03:00;40,91999816894531;40,91999816894531;40,84000015258789;40,849998474121094;25300
2026-10-09;16:16:00;-03:00;40,849998474121094;40,869998931884766;40,849998474121094;40,869998931884766;6600
2026-10-09;16:17:00;-03:00;40,86000061035156;40,880001068115234;40,86000061035156;40,869998931884766;7700
2026-10-09;16:18:00;-03:00;40,869998931884766;40,869998931884766;40,79999923706055;40,79999923706055;14500
2026-10-09;16:19:00;-03:00;40,79999923706055;40,810001373291016;40,79999923706055;40,79999923706055;7700
2026-10-09;16:20:00;-03:00;40,810001373291016;40,81999969482422;40,79999923706055;40,810001373291016;11000
2026-10-09;16:21:00;-03:00;40,79999923706055;40,810001373291016;40,79999923706055;40,79999923706055;2600
2026-10-09;16:22:00;-03:00;40,810001373291016;40,810001373291016;40,79999923706055;40,810001373291016;4300
2026-10-09;16:23:00;-03:00;40,810001373291016;40,81999969482422;40,79999923706055;40,79999923706055;9800
2026-10-09;16:24:00;-03:00;40,79999923706055;40,79999923706055;40,77000045776367;40,77000045776367;8800
2026-10-09;16:25:00;-03:00;40,77000045776367;40,790000915527344;40,77000045776367;40,779998779296875;10000
2026-10-09;16:26:00;-03:00;40,779998779296875;40,779998779296875;40,75;40,75;6300
2026-10-09;16:27:00;-03:00;40,75;40,75;40,720001220703125;40,720001220703125;11700
2026-10-09;16:28:00;-03:00;40,720001220703125;40,75;40,720001220703125;40,72999954223633;10300
2026-10-09;16:29:00;-03:00;40,72999954223633;40,75;40,72999954223633;40,7400016784668;8700
2026-10-09;16:30:00;-03:00;40,7400016784668;40,75;40,7400016784668;40,7400016784668;11600
2026-10-09;16:31:00;-03:00;40,7400016784668;40,77000045776367;40,7400016784668;40,75;11600
2026-10-09;16:32:00;-03:00;40,75;40,77000045776367;40,75;40,75;9000
2026-10-09;16:33:00;-03:00;40,75;40,7599983215332;40,7400016784668;40,7400016784668;7000
2026-10-09;16:34:00;-03:00;40,7400016784668;40,75;40,72999954223633;40,72999954223633;8600
2026-10-09;16:35:00;-03:00;40,72999954223633;40,7400016784668;40,709999084472656;40,709999084472656;10600
2026-10-09;16:36:00;-03:00;40,709999084472656;40,709999084472656;40,70000076293945;40,709999084472656;10500
2026-10-09;16:37:00;-03:00;40,70000076293945;40,709999084472656;40,70000076293945;40,70000076293945;8100
2026-10-09;16:38:00;-03:00;40,70000076293945;40,70000076293945;40,66999816894531;40,689998626708984;25700
2026-10-09;16:39:00;-03:00;40,689998626708984;40,7400016784668;40,689998626708984;40,72999954223633;12300
2026-10-09;16:40:00;-03:00;40,72999954223633;40,790000915527344;40,72999954223633;40,790000915527344;17200
2026-10-09;16:41:00;-03:00;40,77000045776367;40,790000915527344;40,7599983215332;40,77000045776367;9700
2026-10-09;16:42:00;-03:00;40,77000045776367;40,79999923706055;40,77000045776367;40,790000915527344;16000
2026-10-09;16:43:00;-03:00;40,790000915527344;40,79999923706055;40,77000045776367;40,779998779296875;26600
2026-10-09;16:44:00;-03:00;40,779998779296875;40,779998779296875;40,72999954223633;40,72999954223633;9700
2026-10-09;16:45:00;-03:00;40,720001220703125;40,72999954223633;40,709999084472656;40,720001220703125;12000
2026-10-09;16:46:00;-03:00;40,720001220703125;40,7599983215332;40,720001220703125;40,75;20000
2026-10-09;16:47:00;-03:00;40,75;40,79999923706055;40,75;40,779998779296875;17800
2026-10-09;16:48:00;-03:00;40,790000915527344;40,790000915527344;40,7599983215332;40,7599983215332;13900
2026-10-09;16:49:00;-03:00;40,77000045776367;40,77000045776367;40,720001220703125;40,72999954223633;13200
2026-10-09;16:50:00;-03:00;40,72999954223633;40,7599983215332;40,709999084472656;40,75;23300
2026-10-09;16:51:00;-03:00;40,7599983215332;40,7599983215332;40,72999954223633;40,72999954223633;15900
2026-10-09;16:52:00;-03:00;40,72999954223633;40,72999954223633;40,709999084472656;40,709999084472656;14100
2026-10-09;16:53:00;-03:00;40,709999084472656;40,7400016784668;40,709999084472656;40,720001220703125;22200
2026-10-09;16:54:00;-03:00;40,720001220703125;40,7400016784668;40,619998931884766;40,619998931884766;71600
