Data;Hora;Fuso;Open;High;Low;Close;Volume
2026-09-29;10:03:00;-03:00;10,819999694824219;10,829999923706055;10,789999961853027;10,8100004196167;0
2026-09-29;10:04:00;-03:00;10,819999694824219;10,819999694824219;10,789999961853027;10,789999961853027;23400
2026-09-29;10:05:00;-03:00;10,800000190734863;10,8100004196167;10,789999961853027;10,789999961853027;3200
2026-09-29;10:06:00;-03:00;10,789999961853027;10,789999961853027;10,779999732971191;10,779999732971191;6900
2026-09-29;10:07:00;-03:00;10,779999732971191;10,789999961853027;10,779999732971191;10,789999961853027;7300
2026-09-29;10:08:00;-03:00;10,789999961853027;10,800000190734863;10,779999732971191;10,779999732971191;10700
2026-09-29;10:09:00;-03:00;10,779999732971191;10,800000190734863;10,779999732971191;10,800000190734863;10900
2026-09-29;10:10:00;-03:00;10,8100004196167;10,8100004196167;10,779999732971191;10,789999961853027;16500
2026-09-29;10:11:00;-03:00;10,789999961853027;10,789999961853027;10,779999732971191;10,779999732971191;16300
2026-09-29;10:12:00;-03:00;10,779999732971191;10,789999961853027;10,779999732971191;10,779999732971191;33000
2026-09-29;10:13:00;-03:00;10,779999732971191;10,789999961853027;10,779999732971191;10,779999732971191;25200
2026-09-29;10:14:00;-03:00;10,789999961853027;10,800000190734863;10,779999732971191;10,800000190734863;9200
2026-09-29;10:15:00;-03:00;10,789999961853027;10,789999961853027;10,779999732971191;10,779999732971191;12500
2026-09-29;10:16:00;-03:00;10,789999961853027;10,789999961853027;10,779999732971191;10,779999732971191;16700
2026-09-29;10:17:00;-03:00;10,779999732971191;10,789999961853027;10,779999732971191;10,779999732971191;2200
2026-09-29;10:18:00;-03:00;10,789999961853027;10,800000190734863;10,779999732971191;10,779999732971191;25300
2026-09-29;10:19:00;-03:00;10,789999961853027;10,800000190734863;10,789999961853027;10,789999961853027;15700
2026-09-29;10:20:00;-03:00;10,789999961853027;10,800000190734863;10,789999961853027;10,789999961853027;12000
2026-09-29;10:21:00;-03:00;10,789999961853027;10,800000190734863;10,789999961853027;10,800000190734863;3800
2026-09-29;10:22:00;-03:00;10,789999961853027;10,800000190734863;10,779999732971191;10,779999732971191;19000
2026-09-29;10:23:00;-03:00;10,779999732971191;10,789999961853027;10,779999732971191;10,779999732971191;2900
2026-09-29;10:24:00;-03:00;10,779999732971191;10,789999961853027;10,779999732971191;10,789999961853027;2100
2026-09-29;10:25:00;-03:00;10,779999732971191;10,779999732971191;10,770000457763672;10,770000457763672;25400
2026-09-29;10:26:00;-03:00;10,770000457763672;10,789999961853027;10,770000457763672;10,789999961853027;22200
2026-09-29;10:27:00;-03:00;10,779999732971191;10,789999961853027;10,770000457763672;10,779999732971191;22700
2026-09-29;10:28:00;-03:00;10,779999732971191;10,789999961853027;10,770000457763672;10,770000457763672;17100
2026-09-29;10:29:00;-03:00;10,770000457763672;10,789999961853027;10,770000457763672;10,779999732971191;11200
2026-09-29;10:30:00;-03:00;10,789999961853027;10,800000190734863;10,779999732971191;10,789999961853027;9300
2026-09-29;10:31:00;-03:00;10,789999961853027;10,789999961853027;10,770000457763672;10,779999732971191;13700
2026-09-29;10:32:00;-03:00;10,779999732971191;10,789999961853027;10,779999732971191;10,789999961853027;23100
2026-09-29;10:33:00;-03:00;10,779999732971191;10,779999732971191;10,760000228881836;10,760000228881836;14400
2026-09-29;10:34:00;-03:00;10,760000228881836;10,779999732971191;10,760000228881836;10,770000457763672;18400
2026-09-29;10:35:00;-03:00;10,779999732971191;10,779999732971191;10,770000457763672;10,779999732971191;7900
2026-09-29;10:36:00;-03:00;10,779999732971191;10,789999961853027;10,770000457763672;10,789999961853027;7300
2026-09-29;10:37:00;-03:00;10,779999732971191;10,789999961853027;10,770000457763672;10,789999961853027;19100
2026-09-29;10:38:00;-03:00;10,789999961853027;10,789999961853027;10,779999732971191;10,789999961853027;3000
2026-09-29;10:39:00;-03:00;10,789999961853027;10,789999961853027;10,779999732971191;10,789999961853027;41000
2026-09-29;10:40:00;-03:00;10,789999961853027;10,800000190734863;10,779999732971191;10,800000190734863;21500
2026-09-29;10:41:00;-03:00;10,800000190734863;10,8100004196167;10,789999961853027;10,800000190734863;14400
2026-09-29;10:42:00;-03:00;10,800000190734863;10,8100004196167;10,800000190734863;10,8100004196167;5600
2026-09-29;10:43:00;-03:00;10,8100004196167;10,819999694824219;10,800000190734863;10,819999694824219;6400
2026-09-29;10:44:00;-03:00;10,8100004196167;10,819999694824219;10,800000190734863;10,8100004196167;40700
2026-09-29;10:45:00;-03:00;10,819999694824219;10,829999923706055;10,819999694824219;10,829999923706055;30400
2026-09-29;10:46:00;-03:00;10,84000015258789;10,84000015258789;10,819999694824219;10,819999694824219;21800
2026-09-29;10:47:00;-03:00;10,829999923706055;10,829999923706055;10,819999694824219;10,829999923706055;38400
2026-09-29;10:48:00;-03:00;10,84000015258789;10,84000015258789;10,829999923706055;10,84000015258789;3800
2026-09-29;10:49:00;-03:00;10,829999923706055;10,850000381469727;10,829999923706055;10,850000381469727;11900
2026-09-29;10:50:00;-03:00;10,84000015258789;10,850000381469727;10,84000015258789;10,84000015258789;5700
2026-09-29;10:51:00;-03:00;10,850000381469727;10,850000381469727;10,84000015258789;10,84000015258789;22000
2026-09-29;10:52:00;-03:00;10,84000015258789;10,850000381469727;10,84000015258789;10,850000381469727;83200
2026-09-29;10:53:00;-03:00;10,850000381469727;10,850000381469727;10,829999923706055;10,84000015258789;60400
2026-09-29;10:54:00;-03:00;10,829999923706055;10,850000381469727;10,829999923706055;10,84000015258789;22900
2026-09-29;10:55:00;-03:00;10,84000015258789;10,850000381469727;10,84000015258789;10,84000015258789;4300
2026-09-29;10:56:00;-03:00;10,84000015258789;10,850000381469727;10,84000015258789;10,84000015258789;2800
2026-09-29;10:57:00;-03:00;10,850000381469727;10,850000381469727;10,84000015258789;10,84000015258789;22500
2026-09-29;10:58:00;-03:00;10,829999923706055;10,84000015258789;10,829999923706055;10,829999923706055;8600
2026-09-29;10:59:00;-03:00;10,829999923706055;10,84000015258789;10,829999923706055;10,829999923706055;3000
2026-09-29;11:00:00;-03:00;10,829999923706055;10,859999656677246;10,829999923706055;10,850000381469727;102000
2026-09-29;11:01:00;-03:00;10,850000381469727;10,850000381469727;10,84000015258789;10,850000381469727;55500
2026-09-29;11:02:00;-03:00;10,84000015258789;10,850000381469727;10,829999923706055;10,829999923706055;22500
2026-09-29;11:03:00;-03:00;10,84000015258789;10,84000015258789;10,819999694824219;10,84000015258789;60300
2026-09-29;11:04:00;-03:00;10,829999923706055;10,84000015258789;10,829999923706055;10,84000015258789;19000
2026-09-29;11:05:00;-03:00;10,850000381469727;10,850000381469727;10,84000015258789;10,84000015258789;3000
2026-09-29;11:06:00;-03:00;10,850000381469727;10,850000381469727;10,84000015258789;10,850000381469727;2600
2026-09-29;11:07:00;-03:00;10,84000015258789;10,84000015258789;10,819999694824219;10,819999694824219;79500
2026-09-29;11:08:00;-03:00;10,829999923706055;10,84000015258789;10,829999923706055;10,829999923706055;27800
2026-09-29;11:09:00;-03:00;10,84000015258789;10,84000015258789;10,829999923706055;10,84000015258789;13400
2026-09-29;11:10:00;-03:00;10,84000015258789;10,84000015258789;10,84000015258789;10,84000015258789;11200
2026-09-29;11:11:00;-03:00;10,829999923706055;10,84000015258789;10,829999923706055;10,829999923706055;5100
2026-09-29;11:12:00;-03:00;10,84000015258789;10,84000015258789;10,829999923706055;10,829999923706055;1100
2026-09-29;11:13:00;-03:00;10,84000015258789;10,84000015258789;10,819999694824219;10,819999694824219;36000
2026-09-29;11:14:00;-03:00;10,829999923706055;10,829999923706055;10,819999694824219;10,819999694824219;2500
2026-09-29;11:15:00;-03:00;10,829999923706055;10,829999923706055;10,8100004196167;10,819999694824219;104900
2026-09-29;11:16:00;-03:00;10,819999694824219;10,829999923706055;10,819999694824219;10,829999923706055;1300
2026-09-29;11:17:00;-03:00;10,829999923706055;10,829999923706055;10,819999694824219;10,829999923706055;10900
2026-09-29;11:18:00;-03:00;10,829999923706055;10,829999923706055;10,819999694824219;10,819999694824219;2500
2026-09-29;11:19:00;-03:00;10,819999694824219;10,829999923706055;10,819999694824219;10,819999694824219;22300
2026-09-29;11:20:00;-03:00;10,819999694824219;10,829999923706055;10,819999694824219;10,819999694824219;1900
2026-09-29;11:21:00;-03:00;10,819999694824219;10,829999923706055;10,819999694824219;10,829999923706055;12400
2026-09-29;11:22:00;-03:00;10,819999694824219;10,829999923706055;10,819999694824219;10,829999923706055;3500
2026-09-29;11:23:00;-03:00;10,819999694824219;10,829999923706055;10,819999694824219;10,819999694824219;1700
2026-09-29;11:24:00;-03:00;10,819999694824219;10,829999923706055;10,8100004196167;10,819999694824219;12700
2026-09-29;11:25:00;-03:00;10,819999694824219;10,819999694824219;10,8100004196167;10,819999694824219;5200
2026-09-29;11:26:00;-03:00;10,8100004196167;10,819999694824219;10,8100004196167;10,8100004196167;2400
2026-09-29;11:27:00;-03:00;10,819999694824219;10,819999694824219;10,8100004196167;10,8100004196167;8400
2026-09-29;11:28:00;-03:00;10,8100004196167;10,8100004196167;10,8100004196167;10,8100004196167;8600
2026-09-29;11:29:00;-03:00;10,8100004196167;10,8100004196167;10,800000190734863;10,8100004196167;30300
2026-09-29;11:30:00;-03:00;10,800000190734863;10,8100004196167;10,789999961853027;10,800000190734863;41400
2026-09-29;11:31:00;-03:00;10,800000190734863;10,8100004196167;10,789999961853027;10,800000190734863;8000
2026-09-29;11:32:00;-03:00;10,789999961853027;10,800000190734863;10,789999961853027;10,789999961853027;5500
2026-09-29;11:33:00;-03:00;10,789999961853027;10,800000190734863;10,789999961853027;10,800000190734863;5500
2026-09-29;11:34:00;-03:00;10,800000190734863;10,800000190734863;10,789999961853027;10,789999961853027;11600
2026-09-29;11:35:00;-03:00;10,800000190734863;10,800000190734863;10,789999961853027;10,800000190734863;3700
2026-09-29;11:36:00;-03:00;10,800000190734863;10,8100004196167;10,789999961853027;10,800000190734863;30100
2026-09-29;11:37:00;-03:00;10,800000190734863;10,800000190734863;10,789999961853027;10,789999961853027;14500
2026-09-29;11:38:00;-03:00;10,789999961853027;10,800000190734863;10,789999961853027;10,800000190734863;7100
2026-09-29;11:39:00;-03:00;10,800000190734863;10,8100004196167;10,789999961853027;10,8100004196167;36300
2026-09-29;11:40:00;-03:00;10,8100004196167;10,819999694824219;10,8100004196167;10,819999694824219;8000
2026-09-29;11:41:00;-03:00;10,819999694824219;10,829999923706055;10,819999694824219;10,819999694824219;21300
2026-09-29;11:42:00;-03:00;10,8100004196167;10,819999694824219;10,8100004196167;10,819999694824219;2400
2026-09-29;11:43:00;-03:00;10,8100004196167;10,829999923706055;10,8100004196167;10,829999923706055;98300
2026-09-29;11:44:00;-03:00;10,84000015258789;10,84000015258789;10,829999923706055;10,84000015258789;1800
2026-09-29;11:45:00;-03:00;10,829999923706055;10,84000015258789;10,829999923706055;10,84000015258789;71200
2026-09-29;11:46:00;-03:00;10,829999923706055;10,84000015258789;10,829999923706055;10,84000015258789;1700
2026-09-29;11:47:00;-03:00;10,84000015258789;10,84000015258789;10,829999923706055;10,84000015258789;1700
2026-09-29;11:48:00;-03:00;10,829999923706055;10,84000015258789;10,829999923706055;10,829999923706055;1300
2026-09-29;11:49:00;-03:00;10,829999923706055;10,84000015258789;10,829999923706055;10,84000015258789;500
2026-09-29;11:50:00;-03:00;10,829999923706055;10,84000015258789;10,829999923706055;10,829999923706055;1800
2026-09-29;11:51:00;-03:00;10,84000015258789;10,84000015258789;10,829999923706055;10,84000015258789;9600
2026-09-29;11:52:00;-03:00;10,84000015258789;10,84000015258789;10,829999923706055;10,829999923706055;20800
2026-09-29;11:53:00;-03:00;10,829999923706055;10,829999923706055;10,819999694824219;10,819999694824219;47900
2026-09-29;11:54:00;-03:00;10,829999923706055;10,829999923706055;10,819999694824219;10,829999923706055;9800
2026-09-29;11:55:00;-03:00;10,829999923706055;10,829999923706055;10,819999694824219;10,829999923706055;5300
2026-09-29;11:56:00;-03:00;10,829999923706055;10,84000015258789;10,819999694824219;10,819999694824219;3100
2026-09-29;11:57:00;-03:00;10,829999923706055;10,829999923706055;10,819999694824219;10,819999694824219;1100
2026-09-29;11:58:00;-03:00;10,829999923706055;10,829999923706055;10,819999694824219;10,829999923706055;5900
2026-09-29;11:59:00;-03:00;10,829999923706055;10,84000015258789;10,819999694824219;10,829999923706055;4200
2026-09-29;12:00:00;-03:00;10,829999923706055;10,84000015258789;10,829999923706055;10,829999923706055;9600
2026-09-29;12:01:00;-03:00;10,84000015258789;10,84000015258789;10,829999923706055;10,84000015258789;1100
2026-09-29;12:02:00;-03:00;10,84000015258789;10,84000015258789;10,829999923706055;10,829999923706055;4100
2026-09-29;12:03:00;-03:00;10,84000015258789;10,84000015258789;10,829999923706055;10,84000015258789;2600
2026-09-29;12:04:00;-03:00;10,84000015258789;10,84000015258789;10,829999923706055;10,829999923706055;700
2026-09-29;12:05:00;-03:00;10,84000015258789;10,84000015258789;10,829999923706055;10,84000015258789;1900
2026-09-29;12:06:00;-03:00;10,829999923706055;10,84000015258789;10,829999923706055;10,84000015258789;1800
2026-09-29;12:07:00;-03:00;10,84000015258789;10,84000015258789;10,829999923706055;10,84000015258789;1400
2026-09-29;12:08:00;-03:00;10,829999923706055;10,84000015258789;10,829999923706055;10,829999923706055;1900
2026-09-29;12:09:00;-03:00;10,829999923706055;10,84000015258789;10,829999923706055;10,84000015258789;3400
2026-09-29;12:10:00;-03:00;10,84000015258789;10,850000381469727;10,829999923706055;10,829999923706055;87500
2026-09-29;12:11:00;-03:00;10,819999694824219;10,829999923706055;10,819999694824219;10,819999694824219;2000
2026-09-29;12:12:00;-03:00;10,829999923706055;10,84000015258789;10,829999923706055;10,84000015258789;10200
2026-09-29;12:13:00;-03:00;10,829999923706055;10,84000015258789;10,829999923706055;10,84000015258789;3100
2026-09-29;12:14:00;-03:00;10,84000015258789;10,84000015258789;10,819999694824219;10,829999923706055;16500
2026-09-29;12:15:00;-03:00;10,829999923706055;10,84000015258789;10,829999923706055;10,829999923706055;14800
2026-09-29;12:16:00;-03:00;10,829999923706055;10,84000015258789;10,829999923706055;10,84000015258789;5400
2026-09-29;12:17:00;-03:00;10,84000015258789;10,84000015258789;10,829999923706055;10,829999923706055;1000
2026-09-29;12:18:00;-03:00;10,84000015258789;10,84000015258789;10,829999923706055;10,84000015258789;500
2026-09-29;12:19:00;-03:00;10,829999923706055;10,829999923706055;10,819999694824219;10,819999694824219;5700
2026-09-29;12:20:00;-03:00;10,829999923706055;10,84000015258789;10,819999694824219;10,829999923706055;7500
2026-09-29;12:21:00;-03:00;10,84000015258789;10,84000015258789;10,829999923706055;10,84000015258789;3600
2026-09-29;12:22:00;-03:00;10,84000015258789;10,84000015258789;10,829999923706055;10,84000015258789;0
2026-09-29;12:23:00;-03:00;10,84000015258789;10,84000015258789;10,819999694824219;10,829999923706055;7800
2026-09-29;12:24:00;-03:00;10,829999923706055;10,84000015258789;10,829999923706055;10,84000015258789;15300
2026-09-29;12:25:00;-03:00;10,84000015258789;10,84000015258789;10,829999923706055;10,84000015258789;2600
2026-09-29;12:26:00;-03:00;10,829999923706055;10,84000015258789;10,829999923706055;10,829999923706055;3900
2026-09-29;12:27:00;-03:00;10,84000015258789;10,84000015258789;10,829999923706055;10,84000015258789;14300
2026-09-29;12:28:00;-03:00;10,829999923706055;10,84000015258789;10,829999923706055;10,84000015258789;1300
2026-09-29;12:29:00;-03:00;10,829999923706055;10,84000015258789;10,829999923706055;10,84000015258789;8900
2026-09-29;12:30:00;-03:00;10,84000015258789;10,84000015258789;10,829999923706055;10,84000015258789;4900
2026-09-29;12:31:00;-03:00;10,84000015258789;10,84000015258789;10,829999923706055;10,84000015258789;1600
2026-09-29;12:32:00;-03:00;10,84000015258789;10,84000015258789;10,829999923706055;10,829999923706055;42300
2026-09-29;12:33:00;-03:00;10,84000015258789;10,84000015258789;10,829999923706055;10,829999923706055;81300
2026-09-29;12:34:00;-03:00;10,829999923706055;10,84000015258789;10,819999694824219;10,84000015258789;95000
2026-09-29;12:35:00;-03:00;10,829999923706055;10,84000015258789;10,829999923706055;10,829999923706055;1900
2026-09-29;12:36:00;-03:00;10,84000015258789;10,84000015258789;10,829999923706055;10,829999923706055;36500
2026-09-29;12:37:00;-03:00;10,84000015258789;10,84000015258789;10,829999923706055;10,84000015258789;3400
2026-09-29;12:38:00;-03:00;10,829999923706055;10,84000015258789;10,829999923706055;10,829999923706055;24300
2026-09-29;12:39:00;-03:00;10,84000015258789;10,850000381469727;10,84000015258789;10,850000381469727;25500
2026-09-29;12:40:00;-03:00;10,850000381469727;10,850000381469727;10,84000015258789;10,850000381469727;3800
2026-09-29;12:41:00;-03:00;10,850000381469727;10,850000381469727;10,84000015258789;10,850000381469727;5500
2026-09-29;12:42:00;-03:00;10,850000381469727;10,850000381469727;10,829999923706055;10,850000381469727;62200
2026-09-29;12:43:00;-03:00;10,84000015258789;10,850000381469727;10,829999923706055;10,84000015258789;23900
2026-09-29;12:44:00;-03:00;10,84000015258789;10,84000015258789;10,829999923706055;10,84000015258789;1200
2026-09-29;12:45:00;-03:00;10,84000015258789;10,84000015258789;10,829999923706055;10,84000015258789;11500
2026-09-29;12:46:00;-03:00;10,829999923706055;10,84000015258789;10,829999923706055;10,829999923706055;4200
2026-09-29;12:47:00;-03:00;10,84000015258789;10,850000381469727;10,84000015258789;10,850000381469727;29400
2026-09-29;12:48:00;-03:00;10,850000381469727;10,850000381469727;10,829999923706055;10,829999923706055;27600
2026-09-29;12:49:00;-03:00;10,829999923706055;10,829999923706055;10,829999923706055;10,829999923706055;400
2026-09-29;12:50:00;-03:00;10,84000015258789;10,84000015258789;10,829999923706055;10,84000015258789;1100
2026-09-29;12:51:00;-03:00;10,84000015258789;10,84000015258789;10,819999694824219;10,819999694824219;29800
2026-09-29;12:52:00;-03:00;10,819999694824219;10,829999923706055;10,819999694824219;10,829999923706055;600
2026-09-29;12:53:00;-03:00;10,819999694824219;10,829999923706055;10,8100004196167;10,819999694824219;86700
2026-09-29;12:54:00;-03:00;10,829999923706055;10,829999923706055;10,819999694824219;10,829999923706055;700
2026-09-29;12:55:00;-03:00;10,819999694824219;10,829999923706055;10,819999694824219;10,829999923706055;1200
2026-09-29;12:56:00;-03:00;10,819999694824219;10,829999923706055;10,819999694824219;10,829999923706055;2300
2026-09-29;12:57:00;-03:00;10,819999694824219;10,829999923706055;10,819999694824219;10,829999923706055;600
2026-09-29;12:58:00;-03:00;10,829999923706055;10,829999923706055;10,819999694824219;10,819999694824219;2100
2026-09-29;12:59:00;-03:00;10,829999923706055;10,829999923706055;10,819999694824219;10,829999923706055;600
2026-09-29;13:00:00;-03:00;10,819999694824219;10,829999923706055;10,819999694824219;10,829999923706055;1600
2026-09-29;13:01:00;-03:00;10,829999923706055;10,829999923706055;10,819999694824219;10,829999923706055;33900
2026-09-29;13:02:00;-03:00;10,819999694824219;10,829999923706055;10,819999694824219;10,829999923706055;1600
2026-09-29;13:03:00;-03:00;10,829999923706055;10,829999923706055;10,819999694824219;10,829999923706055;900
2026-09-29;13:04:00;-03:00;10,819999694824219;10,829999923706055;10,819999694824219;10,829999923706055;32900
2026-09-29;13:05:00;-03:00;10,829999923706055;10,829999923706055;10,819999694824219;10,819999694824219;13500
2026-09-29;13:06:00;-03:00;10,829999923706055;10,829999923706055;10,819999694824219;10,819999694824219;38200
2026-09-29;13:07:00;-03:00;10,819999694824219;10,819999694824219;10,819999694824219;10,819999694824219;58200
2026-09-29;13:08:00;-03:00;10,819999694824219;10,819999694824219;10,8100004196167;10,819999694824219;1300
2026-09-29;13:09:00;-03:00;10,8100004196167;10,819999694824219;10,8100004196167;10,819999694824219;17200
2026-09-29;13:10:00;-03:00;10,819999694824219;10,819999694824219;10,8100004196167;10,8100004196167;1500
2026-09-29;13:11:00;-03:00;10,819999694824219;10,829999923706055;10,819999694824219;10,829999923706055;38200
2026-09-29;13:12:00;-03:00;10,829999923706055;10,829999923706055;10,819999694824219;10,829999923706055;5000
2026-09-29;13:13:00;-03:00;10,829999923706055;10,829999923706055;10,819999694824219;10,829999923706055;15800
2026-09-29;13:14:00;-03:00;10,829999923706055;10,829999923706055;10,819999694824219;10,819999694824219;1700
2026-09-29;13:15:00;-03:00;10,829999923706055;10,829999923706055;10,819999694824219;10,829999923706055;3800
2026-09-29;13:16:00;-03:00;10,829999923706055;10,829999923706055;10,819999694824219;10,829999923706055;1600
2026-09-29;13:17:00;-03:00;10,829999923706055;10,829999923706055;10,819999694824219;10,829999923706055;1300
2026-09-29;13:18:00;-03:00;10,829999923706055;10,829999923706055;10,819999694824219;10,829999923706055;1000
2026-09-29;13:19:00;-03:00;10,819999694824219;10,829999923706055;10,819999694824219;10,829999923706055;5500
2026-09-29;13:20:00;-03:00;10,829999923706055;10,829999923706055;10,819999694824219;10,819999694824219;3100
2026-09-29;13:21:00;-03:00;10,829999923706055;10,84000015258789;10,819999694824219;10,819999694824219;32700
2026-09-29;13:22:00;-03:00;10,819999694824219;10,829999923706055;10,819999694824219;10,829999923706055;800
2026-09-29;13:23:00;-03:00;10,819999694824219;10,829999923706055;10,819999694824219;10,829999923706055;1400
2026-09-29;13:24:00;-03:00;10,829999923706055;10,829999923706055;10,819999694824219;10,829999923706055;1000
2026-09-29;13:25:00;-03:00;10,829999923706055;10,829999923706055;10,819999694824219;10,819999694824219;1100
2026-09-29;13:26:00;-03:00;10,829999923706055;10,829999923706055;10,819999694824219;10,819999694824219;1300
2026-09-29;13:27:00;-03:00;10,829999923706055;10,829999923706055;10,819999694824219;10,819999694824219;1200
2026-09-29;13:28:00;-03:00;10,829999923706055;10,829999923706055;10,819999694824219;10,829999923706055;2300
2026-09-29;13:29:00;-03:00;10,829999923706055;10,829999923706055;10,819999694824219;10,819999694824219;3200
2026-09-29;13:30:00;-03:00;10,819999694824219;10,829999923706055;10,819999694824219;10,829999923706055;45300
2026-09-29;13:31:00;-03:00;10,819999694824219;10,829999923706055;10,819999694824219;10,819999694824219;7600
2026-09-29;13:32:00;-03:00;10,819999694824219;10,829999923706055;10,819999694824219;10,819999694824219;0
2026-09-29;13:33:00;-03:00;10,829999923706055;10,829999923706055;10,819999694824219;10,819999694824219;1300
2026-09-29;13:34:00;-03:00;10,829999923706055;10,829999923706055;10,819999694824219;10,819999694824219;3500
2026-09-29;13:35:00;-03:00;10,819999694824219;10,829999923706055;10,819999694824219;10,819999694824219;700
2026-09-29;13:36:00;-03:00;10,829999923706055;10,829999923706055;10,819999694824219;10,829999923706055;1200
2026-09-29;13:37:00;-03:00;10,819999694824219;10,829999923706055;10,819999694824219;10,829999923706055;1300
2026-09-29;13:38:00;-03:00;10,829999923706055;10,84000015258789;10,819999694824219;10,84000015258789;18800
2026-09-29;13:39:00;-03:00;10,84000015258789;10,84000015258789;10,829999923706055;10,84000015258789;5000
2026-09-29;13:40:00;-03:00;10,84000015258789;10,84000015258789;10,829999923706055;10,84000015258789;0
2026-09-29;13:41:00;-03:00;10,829999923706055;10,84000015258789;10,829999923706055;10,84000015258789;2700
2026-09-29;13:42:00;-03:00;10,84000015258789;10,84000015258789;10,829999923706055;10,829999923706055;900
2026-09-29;13:43:00;-03:00;10,84000015258789;10,84000015258789;10,829999923706055;10,84000015258789;2400
2026-09-29;13:44:00;-03:00;10,84000015258789;10,84000015258789;10,829999923706055;10,829999923706055;1300
2026-09-29;13:45:00;-03:00;10,84000015258789;10,84000015258789;10,829999923706055;10,829999923706055;31900
2026-09-29;13:46:00;-03:00;10,829999923706055;10,829999923706055;10,819999694824219;10,819999694824219;1200
2026-09-29;13:47:00;-03:00;10,829999923706055;10,829999923706055;10,819999694824219;10,829999923706055;6500
2026-09-29;13:48:00;-03:00;10,819999694824219;10,829999923706055;10,819999694824219;10,819999694824219;1200
2026-09-29;13:49:00;-03:00;10,829999923706055;10,829999923706055;10,819999694824219;10,829999923706055;500
2026-09-29;13:50:00;-03:00;10,829999923706055;10,829999923706055;10,819999694824219;10,829999923706055;4900
2026-09-29;13:51:00;-03:00;10,819999694824219;10,84000015258789;10,819999694824219;10,84000015258789;27800
2026-09-29;13:52:00;-03:00;10,829999923706055;10,84000015258789;10,829999923706055;10,84000015258789;5900
2026-09-29;13:53:00;-03:00;10,84000015258789;10,84000015258789;10,829999923706055;10,84000015258789;8800
2026-09-29;13:54:00;-03:00;10,829999923706055;10,84000015258789;10,829999923706055;10,84000015258789;1600
2026-09-29;13:55:00;-03:00;10,84000015258789;10,850000381469727;10,84000015258789;10,850000381469727;23900
2026-09-29;13:56:00;-03:00;10,850000381469727;10,850000381469727;10,829999923706055;10,84000015258789;29000
2026-09-29;13:57:00;-03:00;10,84000015258789;10,84000015258789;10,829999923706055;10,84000015258789;12900
2026-09-29;13:58:00;-03:00;10,84000015258789;10,850000381469727;10,84000015258789;10,850000381469727;7700
2026-09-29;13:59:00;-03:00;10,850000381469727;10,850000381469727;10,84000015258789;10,84000015258789;2500
2026-09-29;14:00:00;-03:00;10,850000381469727;10,850000381469727;10,829999923706055;10,84000015258789;12800
2026-09-29;14:01:00;-03:00;10,84000015258789;10,84000015258789;10,829999923706055;10,84000015258789;1700
2026-09-29;14:02:00;-03:00;10,84000015258789;10,84000015258789;10,829999923706055;10,829999923706055;1300
2026-09-29;14:03:00;-03:00;10,84000015258789;10,84000015258789;10,829999923706055;10,829999923706055;1200
2026-09-29;14:04:00;-03:00;10,829999923706055;10,84000015258789;10,829999923706055;10,84000015258789;2700
2026-09-29;14:05:00;-03:00;10,84000015258789;10,84000015258789;10,829999923706055;10,84000015258789;37900
2026-09-29;14:06:00;-03:00;10,850000381469727;10,850000381469727;10,84000015258789;10,84000015258789;4000
2026-09-29;14:07:00;-03:00;10,850000381469727;10,850000381469727;10,84000015258789;10,850000381469727;7100
2026-09-29;14:08:00;-03:00;10,84000015258789;10,850000381469727;10,84000015258789;10,850000381469727;2300
2026-09-29;14:09:00;-03:00;10,850000381469727;10,850000381469727;10,84000015258789;10,84000015258789;9900
2026-09-29;14:10:00;-03:00;10,850000381469727;10,850000381469727;10,84000015258789;10,850000381469727;8700
2026-09-29;14:11:00;-03:00;10,850000381469727;10,850000381469727;10,84000015258789;10,850000381469727;5000
2026-09-29;14:12:00;-03:00;10,850000381469727;10,850000381469727;10,84000015258789;10,850000381469727;6200
2026-09-29;14:13:00;-03:00;10,850000381469727;10,850000381469727;10,84000015258789;10,850000381469727;2400
2026-09-29;14:14:00;-03:00;10,84000015258789;10,850000381469727;10,84000015258789;10,850000381469727;4000
2026-09-29;14:15:00;-03:00;10,850000381469727;10,850000381469727;10,84000015258789;10,850000381469727;2000
2026-09-29;14:16:00;-03:00;10,850000381469727;10,850000381469727;10,84000015258789;10,850000381469727;2000
2026-09-29;14:17:00;-03:00;10,850000381469727;10,850000381469727;10,84000015258789;10,84000015258789;68800
2026-09-29;14:18:00;-03:00;10,850000381469727;10,850000381469727;10,84000015258789;10,850000381469727;3600
2026-09-29;14:19:00;-03:00;10,850000381469727;10,850000381469727;10,84000015258789;10,84000015258789;1800
2026-09-29;14:20:00;-03:00;10,850000381469727;10,850000381469727;10,84000015258789;10,850000381469727;10400
2026-09-29;14:21:00;-03:00;10,850000381469727;10,850000381469727;10,84000015258789;10,850000381469727;2300
2026-09-29;14:22:00;-03:00;10,850000381469727;10,850000381469727;10,84000015258789;10,850000381469727;8400
2026-09-29;14:23:00;-03:00;10,84000015258789;10,850000381469727;10,84000015258789;10,84000015258789;71100
2026-09-29;14:24:00;-03:00;10,850000381469727;10,850000381469727;10,84000015258789;10,850000381469727;2600
2026-09-29;14:25:00;-03:00;10,84000015258789;10,850000381469727;10,84000015258789;10,84000015258789;3000
2026-09-29;14:26:00;-03:00;10,850000381469727;10,850000381469727;10,84000015258789;10,84000015258789;3300
2026-09-29;14:27:00;-03:00;10,84000015258789;10,859999656677246;10,84000015258789;10,859999656677246;14000
2026-09-29;14:28:00;-03:00;10,850000381469727;10,859999656677246;10,850000381469727;10,850000381469727;32700
2026-09-29;14:29:00;-03:00;10,850000381469727;10,859999656677246;10,829999923706055;10,829999923706055;195200
2026-09-29;14:30:00;-03:00;10,829999923706055;10,84000015258789;10,829999923706055;10,84000015258789;900
2026-09-29;14:31:00;-03:00;10,84000015258789;10,850000381469727;10,84000015258789;10,84000015258789;62900
2026-09-29;14:32:00;-03:00;10,829999923706055;10,84000015258789;10,829999923706055;10,829999923706055;13100
2026-09-29;14:33:00;-03:00;10,84000015258789;10,850000381469727;10,829999923706055;10,84000015258789;12500
2026-09-29;14:34:00;-03:00;10,850000381469727;10,850000381469727;10,84000015258789;10,850000381469727;18800
2026-09-29;14:35:00;-03:00;10,850000381469727;10,850000381469727;10,84000015258789;10,850000381469727;7300
2026-09-29;14:36:00;-03:00;10,84000015258789;10,859999656677246;10,84000015258789;10,859999656677246;37500
2026-09-29;14:37:00;-03:00;10,859999656677246;10,859999656677246;10,850000381469727;10,859999656677246;16500
2026-09-29;14:38:00;-03:00;10,859999656677246;10,859999656677246;10,850000381469727;10,859999656677246;5100
2026-09-29;14:39:00;-03:00;10,859999656677246;10,859999656677246;10,850000381469727;10,859999656677246;3300
2026-09-29;14:40:00;-03:00;10,859999656677246;10,859999656677246;10,850000381469727;10,850000381469727;7400
2026-09-29;14:41:00;-03:00;10,850000381469727;10,869999885559082;10,850000381469727;10,869999885559082;38000
2026-09-29;14:42:00;-03:00;10,869999885559082;10,880000114440918;10,859999656677246;10,880000114440918;53800
2026-09-29;14:43:00;-03:00;10,880000114440918;10,880000114440918;10,869999885559082;10,880000114440918;25200
2026-09-29;14:44:00;-03:00;10,880000114440918;10,880000114440918;10,869999885559082;10,869999885559082;4600
2026-09-29;14:45:00;-03:00;10,880000114440918;10,880000114440918;10,869999885559082;10,880000114440918;3000
2026-09-29;14:46:00;-03:00;10,880000114440918;10,880000114440918;10,869999885559082;10,880000114440918;9500
2026-09-29;14:47:00;-03:00;10,880000114440918;10,880000114440918;10,869999885559082;10,880000114440918;10400
2026-09-29;14:48:00;-03:00;10,880000114440918;10,880000114440918;10,869999885559082;10,880000114440918;5400
2026-09-29;14:49:00;-03:00;10,880000114440918;10,880000114440918;10,869999885559082;10,880000114440918;5500
2026-09-29;14:50:00;-03:00;10,880000114440918;10,890000343322754;10,869999885559082;10,890000343322754;29700
2026-09-29;14:51:00;-03:00;10,890000343322754;10,890000343322754;10,869999885559082;10,880000114440918;46500
2026-09-29;14:52:00;-03:00;10,880000114440918;10,890000343322754;10,869999885559082;10,890000343322754;38700
2026-09-29;14:53:00;-03:00;10,880000114440918;10,890000343322754;10,869999885559082;10,880000114440918;25900
2026-09-29;14:54:00;-03:00;10,880000114440918;10,880000114440918;10,869999885559082;10,880000114440918;5600
2026-09-29;14:55:00;-03:00;10,880000114440918;10,880000114440918;10,869999885559082;10,869999885559082;29200
2026-09-29;14:56:00;-03:00;10,880000114440918;10,880000114440918;10,869999885559082;10,869999885559082;2600
2026-09-29;14:57:00;-03:00;10,880000114440918;10,880000114440918;10,869999885559082;10,880000114440918;4300
2026-09-29;14:58:00;-03:00;10,880000114440918;10,880000114440918;10,869999885559082;10,880000114440918;3700
2026-09-29;14:59:00;-03:00;10,880000114440918;10,880000114440918;10,869999885559082;10,869999885559082;4500
2026-09-29;15:00:00;-03:00;10,880000114440918;10,90999984741211;10,869999885559082;10,899999618530273;227400
2026-09-29;15:01:00;-03:00;10,890000343322754;10,899999618530273;10,869999885559082;10,880000114440918;70100
2026-09-29;15:02:00;-03:00;10,869999885559082;10,880000114440918;10,859999656677246;10,869999885559082;76500
2026-09-29;15:03:00;-03:00;10,869999885559082;10,869999885559082;10,859999656677246;10,869999885559082;1500
2026-09-29;15:04:00;-03:00;10,869999885559082;10,880000114440918;10,859999656677246;10,869999885559082;58200
2026-09-29;15:05:00;-03:00;10,869999885559082;10,880000114440918;10,869999885559082;10,869999885559082;2300
2026-09-29;15:06:00;-03:00;10,880000114440918;10,880000114440918;10,869999885559082;10,880000114440918;11200
2026-09-29;15:07:00;-03:00;10,880000114440918;10,880000114440918;10,869999885559082;10,869999885559082;4200
2026-09-29;15:08:00;-03:00;10,880000114440918;10,880000114440918;10,869999885559082;10,880000114440918;4200
2026-09-29;15:09:00;-03:00;10,880000114440918;10,880000114440918;10,869999885559082;10,880000114440918;4300
2026-09-29;15:10:00;-03:00;10,880000114440918;10,880000114440918;10,869999885559082;10,880000114440918;7000
2026-09-29;15:11:00;-03:00;10,869999885559082;10,880000114440918;10,869999885559082;10,880000114440918;15200
2026-09-29;15:12:00;-03:00;10,880000114440918;10,880000114440918;10,869999885559082;10,880000114440918;9000
2026-09-29;15:13:00;-03:00;10,880000114440918;10,890000343322754;10,869999885559082;10,890000343322754;26800
2026-09-29;15:14:00;-03:00;10,890000343322754;10,899999618530273;10,880000114440918;10,899999618530273;54000
2026-09-29;15:15:00;-03:00;10,899999618530273;10,899999618530273;10,890000343322754;10,899999618530273;9000
2026-09-29;15:16:00;-03:00;10,899999618530273;10,90999984741211;10,890000343322754;10,90999984741211;48900
2026-09-29;15:17:00;-03:00;10,899999618530273;10,899999618530273;10,890000343322754;10,890000343322754;52700
2026-09-29;15:18:00;-03:00;10,899999618530273;10,899999618530273;10,890000343322754;10,899999618530273;17200
2026-09-29;15:19:00;-03:00;10,899999618530273;10,899999618530273;10,880000114440918;10,890000343322754;38100
2026-09-29;15:20:00;-03:00;10,880000114440918;10,890000343322754;10,880000114440918;10,880000114440918;8700
2026-09-29;15:21:00;-03:00;10,890000343322754;10,890000343322754;10,880000114440918;10,890000343322754;6400
2026-09-29;15:22:00;-03:00;10,890000343322754;10,890000343322754;10,880000114440918;10,890000343322754;37800
2026-09-29;15:23:00;-03:00;10,880000114440918;10,890000343322754;10,880000114440918;10,880000114440918;6800
2026-09-29;15:24:00;-03:00;10,890000343322754;10,890000343322754;10,880000114440918;10,880000114440918;1700
2026-09-29;15:25:00;-03:00;10,890000343322754;10,890000343322754;10,880000114440918;10,880000114440918;8000
2026-09-29;15:26:00;-03:00;10,890000343322754;10,890000343322754;10,880000114440918;10,890000343322754;3900
2026-09-29;15:27:00;-03:00;10,890000343322754;10,890000343322754;10,880000114440918;10,890000343322754;5100
2026-09-29;15:28:00;-03:00;10,890000343322754;10,890000343322754;10,880000114440918;10,890000343322754;18200
2026-09-29;15:29:00;-03:00;10,890000343322754;10,890000343322754;10,880000114440918;10,880000114440918;6900
2026-09-29;15:30:00;-03:00;10,890000343322754;10,899999618530273;10,890000343322754;10,899999618530273;72300
2026-09-29;15:31:00;-03:00;10,899999618530273;10,90999984741211;10,890000343322754;10,899999618530273;92300
2026-09-29;15:32:00;-03:00;10,899999618530273;10,899999618530273;10,880000114440918;10,880000114440918;52200
2026-09-29;15:33:00;-03:00;10,890000343322754;10,890000343322754;10,880000114440918;10,890000343322754;2000
2026-09-29;15:34:00;-03:00;10,890000343322754;10,899999618530273;10,880000114440918;10,899999618530273;28900
2026-09-29;15:35:00;-03:00;10,899999618530273;10,899999618530273;10,890000343322754;10,899999618530273;43900
2026-09-29;15:36:00;-03:00;10,899999618530273;10,90999984741211;10,899999618530273;10,899999618530273;75400
2026-09-29;15:37:00;-03:00;10,899999618530273;10,90999984741211;10,899999618530273;10,899999618530273;47600
2026-09-29;15:38:00;-03:00;10,90999984741211;10,920000076293945;10,899999618530273;10,90999984741211;171700
2026-09-29;15:39:00;-03:00;10,90999984741211;10,90999984741211;10,899999618530273;10,90999984741211;19000
2026-09-29;15:40:00;-03:00;10,90999984741211;10,920000076293945;10,90999984741211;10,90999984741211;89200
2026-09-29;15:41:00;-03:00;10,920000076293945;10,920000076293945;10,90999984741211;10,920000076293945;5200
2026-09-29;15:42:00;-03:00;10,90999984741211;10,920000076293945;10,899999618530273;10,899999618530273;31000
2026-09-29;15:43:00;-03:00;10,90999984741211;10,90999984741211;10,899999618530273;10,899999618530273;5300
2026-09-29;15:44:00;-03:00;10,899999618530273;10,90999984741211;10,899999618530273;10,90999984741211;2900
2026-09-29;15:45:00;-03:00;10,899999618530273;10,90999984741211;10,899999618530273;10,90999984741211;4700
2026-09-29;15:46:00;-03:00;10,90999984741211;10,90999984741211;10,899999618530273;10,899999618530273;31200
2026-09-29;15:47:00;-03:00;10,899999618530273;10,90999984741211;10,890000343322754;10,899999618530273;91800
2026-09-29;15:48:00;-03:00;10,899999618530273;10,899999618530273;10,890000343322754;10,890000343322754;3300
2026-09-29;15:49:00;-03:00;10,899999618530273;10,899999618530273;10,890000343322754;10,890000343322754;6400
2026-09-29;15:50:00;-03:00;10,899999618530273;10,90999984741211;10,899999618530273;10,899999618530273;33400
2026-09-29;15:51:00;-03:00;10,899999618530273;10,90999984741211;10,880000114440918;10,890000343322754;66300
2026-09-29;15:52:00;-03:00;10,890000343322754;10,890000343322754;10,880000114440918;10,890000343322754;4200
2026-09-29;15:53:00;-03:00;10,890000343322754;10,890000343322754;10,880000114440918;10,880000114440918;3000
2026-09-29;15:54:00;-03:00;10,890000343322754;10,890000343322754;10,880000114440918;10,890000343322754;3400
2026-09-29;15:55:00;-03:00;10,880000114440918;10,890000343322754;10,869999885559082;10,880000114440918;92700
2026-09-29;15:56:00;-03:00;10,890000343322754;10,890000343322754;10,880000114440918;10,880000114440918;4000
2026-09-29;15:57:00;-03:00;10,890000343322754;10,890000343322754;10,880000114440918;10,890000343322754;5800
2026-09-29;15:58:00;-03:00;10,880000114440918;10,890000343322754;10,880000114440918;10,890000343322754;3600
2026-09-29;15:59:00;-03:00;10,880000114440918;10,890000343322754;10,880000114440918;10,880000114440918;5900
2026-09-29;16:00:00;-03:00;10,890000343322754;10,890000343322754;10,880000114440918;10,880000114440918;31500
2026-09-29;16:01:00;-03:00;10,880000114440918;10,890000343322754;10,880000114440918;10,890000343322754;44700
2026-09-29;16:02:00;-03:00;10,890000343322754;10,890000343322754;10,880000114440918;10,890000343322754;3900
2026-09-29;16:03:00;-03:00;10,890000343322754;10,890000343322754;10,880000114440918;10,890000343322754;62700
2026-09-29;16:04:00;-03:00;10,880000114440918;10,890000343322754;10,880000114440918;10,880000114440918;3000
2026-09-29;16:05:00;-03:00;10,890000343322754;10,890000343322754;10,880000114440918;10,880000114440918;2500
2026-09-29;16:06:00;-03:00;10,890000343322754;10,890000343322754;10,880000114440918;10,880000114440918;10800
2026-09-29;16:07:00;-03:00;10,890000343322754;10,890000343322754;10,880000114440918;10,890000343322754;3300
2026-09-29;16:08:00;-03:00;10,890000343322754;10,899999618530273;10,890000343322754;10,899999618530273;31300
2026-09-29;16:09:00;-03:00;10,899999618530273;10,899999618530273;10,890000343322754;10,899999618530273;59800
2026-09-29;16:10:00;-03:00;10,90999984741211;10,90999984741211;10,890000343322754;10,890000343322754;23900
2026-09-29;16:11:00;-03:00;10,899999618530273;10,899999618530273;10,890000343322754;10,899999618530273;6600
2026-09-29;16:12:00;-03:00;10,899999618530273;10,90999984741211;10,890000343322754;10,90999984741211;12500
2026-09-29;16:13:00;-03:00;10,90999984741211;10,90999984741211;10,899999618530273;10,899999618530273;3100
2026-09-29;16:14:00;-03:00;10,90999984741211;10,90999984741211;10,890000343322754;10,890000343322754;22300
2026-09-29;16:15:00;-03:00;10,899999618530273;10,899999618530273;10,890000343322754;10,899999618530273;1400
2026-09-29;16:16:00;-03:00;10,899999618530273;10,899999618530273;10,890000343322754;10,890000343322754;4800
2026-09-29;16:17:00;-03:00;10,899999618530273;10,899999618530273;10,890000343322754;10,899999618530273;10800
2026-09-29;16:18:00;-03:00;10,899999618530273;10,899999618530273;10,890000343322754;10,899999618530273;36000
2026-09-29;16:19:00;-03:00;10,899999618530273;10,899999618530273;10,890000343322754;10,890000343322754;20200
2026-09-29;16:20:00;-03:00;10,899999618530273;10,899999618530273;10,890000343322754;10,890000343322754;2900
2026-09-29;16:21:00;-03:00;10,899999618530273;10,899999618530273;10,890000343322754;10,899999618530273;7300
2026-09-29;16:22:00;-03:00;10,899999618530273;10,899999618530273;10,890000343322754;10,890000343322754;2900
2026-09-29;16:23:00;-03:00;10,899999618530273;10,899999618530273;10,890000343322754;10,899999618530273;7800
2026-09-29;16:24:00;-03:00;10,899999618530273;10,899999618530273;10,890000343322754;10,890000343322754;3000
2026-09-29;16:25:00;-03:00;10,899999618530273;10,899999618530273;10,890000343322754;10,899999618530273;26100
2026-09-29;16:26:00;-03:00;10,899999618530273;10,90999984741211;10,899999618530273;10,90999984741211;19100
2026-09-29;16:27:00;-03:00;10,90999984741211;10,90999984741211;10,899999618530273;10,90999984741211;3300
2026-09-29;16:28:00;-03:00;10,90999984741211;10,90999984741211;10,899999618530273;10,899999618530273;2900
2026-09-29;16:29:00;-03:00;10,90999984741211;10,90999984741211;10,899999618530273;10,90999984741211;3900
2026-09-29;16:30:00;-03:00;10,899999618530273;10,90999984741211;10,899999618530273;10,90999984741211;112300
2026-09-29;16:31:00;-03:00;10,90999984741211;10,920000076293945;10,90999984741211;10,920000076293945;34100
2026-09-29;16:32:00;-03:00;10,920000076293945;10,920000076293945;10,899999618530273;10,920000076293945;74800
2026-09-29;16:33:00;-03:00;10,920000076293945;10,920000076293945;10,899999618530273;10,90999984741211;67700
2026-09-29;16:34:00;-03:00;10,90999984741211;10,920000076293945;10,90999984741211;10,920000076293945;15800
2026-09-29;16:35:00;-03:00;10,90999984741211;10,920000076293945;10,90999984741211;10,920000076293945;61000
2026-09-29;16:36:00;-03:00;10,90999984741211;10,920000076293945;10,90999984741211;10,920000076293945;3800
2026-09-29;16:37:00;-03:00;10,920000076293945;10,920000076293945;10,90999984741211;10,920000076293945;2000
2026-09-29;16:38:00;-03:00;10,920000076293945;10,920000076293945;10,90999984741211;10,920000076293945;3400
2026-09-29;16:39:00;-03:00;10,920000076293945;10,920000076293945;10,90999984741211;10,920000076293945;13200
2026-09-29;16:40:00;-03:00;10,90999984741211;10,920000076293945;10,90999984741211;10,90999984741211;4400
2026-09-29;16:41:00;-03:00;10,90999984741211;10,920000076293945;10,90999984741211;10,920000076293945;46800
2026-09-29;16:42:00;-03:00;10,920000076293945;10,920000076293945;10,90999984741211;10,920000076293945;5200
2026-09-29;16:43:00;-03:00;10,920000076293945;10,930000305175781;10,90999984741211;10,920000076293945;64100
2026-09-29;16:44:00;-03:00;10,930000305175781;10,930000305175781;10,90999984741211;10,920000076293945;84400
2026-09-29;16:45:00;-03:00;10,90999984741211;10,930000305175781;10,90999984741211;10,930000305175781;68800
2026-09-29;16:46:00;-03:00;10,920000076293945;10,930000305175781;10,90999984741211;10,920000076293945;57600
2026-09-29;16:47:00;-03:00;10,90999984741211;10,930000305175781;10,90999984741211;10,930000305175781;5700
2026-09-29;16:48:00;-03:00;10,90999984741211;10,930000305175781;10,90999984741211;10,920000076293945;36900
2026-09-29;16:49:00;-03:00;10,920000076293945;10,920000076293945;10,90999984741211;10,920000076293945;5400
2026-09-29;16:50:00;-03:00;10,90999984741211;10,920000076293945;10,90999984741211;10,920000076293945;9500
2026-09-29;16:51:00;-03:00;10,920000076293945;10,920000076293945;10,90999984741211;10,920000076293945;8600
2026-09-29;16:52:00;-03:00;10,920000076293945;10,920000076293945;10,90999984741211;10,920000076293945;7700
2026-09-29;16:53:00;-03:00;10,920000076293945;10,9399995803833;10,90999984741211;10,9399995803833;93900
2026-09-29;16:54:00;-03:00;10,9399995803833;10,9399995803833;10,90999984741211;10,9399995803833;21500
2026-09-30;10:03:00;-03:00;11,119999885559082;11,15999984741211;11,109999656677246;11,15999984741211;0
2026-09-30;10:04:00;-03:00;11,15999984741211;11,15999984741211;11,09000015258789;11,09000015258789;57200
2026-09-30;10:05:00;-03:00;11,100000381469727;11,140000343322754;11,100000381469727;11,130000114440918;35400
2026-09-30;10:06:00;-03:00;11,130000114440918;11,130000114440918;11,109999656677246;11,109999656677246;32700
2026-09-30;10:07:00;-03:00;11,119999885559082;11,130000114440918;11,119999885559082;11,130000114440918;20300
2026-09-30;10:08:00;-03:00;11,130000114440918;11,140000343322754;11,119999885559082;11,119999885559082;68200
2026-09-30;10:09:00;-03:00;11,119999885559082;11,140000343322754;11,109999656677246;11,140000343322754;326100
2026-09-30;10:10:00;-03:00;11,140000343322754;11,170000076293945;11,140000343322754;11,15999984741211;73100
2026-09-30;10:11:00;-03:00;11,15999984741211;11,15999984741211;11,149999618530273;11,149999618530273;18600
2026-09-30;10:12:00;-03:00;11,149999618530273;11,149999618530273;11,140000343322754;11,149999618530273;51200
2026-09-30;10:13:00;-03:00;11,149999618530273;11,149999618530273;11,119999885559082;11,119999885559082;471000
2026-09-30;10:14:00;-03:00;11,109999656677246;11,119999885559082;11,100000381469727;11,109999656677246;37100
2026-09-30;10:15:00;-03:00;11,100000381469727;11,109999656677246;11,09000015258789;11,109999656677246;39100
2026-09-30;10:16:00;-03:00;11,109999656677246;11,149999618530273;11,109999656677246;11,140000343322754;170500
2026-09-30;10:17:00;-03:00;11,149999618530273;11,149999618530273;11,140000343322754;11,140000343322754;33800
2026-09-30;10:18:00;-03:00;11,140000343322754;11,140000343322754;11,119999885559082;11,130000114440918;59600
2026-09-30;10:19:00;-03:00;11,119999885559082;11,130000114440918;11,109999656677246;11,109999656677246;62300
2026-09-30;10:20:00;-03:00;11,119999885559082;11,130000114440918;11,109999656677246;11,119999885559082;16000
2026-09-30;10:21:00;-03:00;11,119999885559082;11,140000343322754;11,119999885559082;11,119999885559082;24000
2026-09-30;10:22:00;-03:00;11,119999885559082;11,140000343322754;11,119999885559082;11,130000114440918;40400
2026-09-30;10:23:00;-03:00;11,119999885559082;11,140000343322754;11,119999885559082;11,119999885559082;34700
2026-09-30;10:24:00;-03:00;11,130000114440918;11,130000114440918;11,100000381469727;11,109999656677246;94000
2026-09-30;10:25:00;-03:00;11,109999656677246;11,109999656677246;11,100000381469727;11,109999656677246;8400
2026-09-30;10:26:00;-03:00;11,119999885559082;11,130000114440918;11,119999885559082;11,119999885559082;17100
2026-09-30;10:27:00;-03:00;11,109999656677246;11,119999885559082;11,100000381469727;11,100000381469727;24200
2026-09-30;10:28:00;-03:00;11,109999656677246;11,109999656677246;11,100000381469727;11,100000381469727;3600
2026-09-30;10:29:00;-03:00;11,109999656677246;11,119999885559082;11,109999656677246;11,119999885559082;8400
2026-09-30;10:30:00;-03:00;11,109999656677246;11,149999618530273;11,109999656677246;11,149999618530273;201600
2026-09-30;10:31:00;-03:00;11,140000343322754;11,140000343322754;11,119999885559082;11,130000114440918;112300
2026-09-30;10:32:00;-03:00;11,119999885559082;11,140000343322754;11,119999885559082;11,140000343322754;85600
2026-09-30;10:33:00;-03:00;11,130000114440918;11,149999618530273;11,130000114440918;11,130000114440918;22900
2026-09-30;10:34:00;-03:00;11,119999885559082;11,140000343322754;11,119999885559082;11,130000114440918;43900
2026-09-30;10:35:00;-03:00;11,130000114440918;11,140000343322754;11,130000114440918;11,130000114440918;23500
2026-09-30;10:36:00;-03:00;11,130000114440918;11,130000114440918;11,119999885559082;11,130000114440918;19700
2026-09-30;10:37:00;-03:00;11,119999885559082;11,130000114440918;11,119999885559082;11,130000114440918;27100
2026-09-30;10:38:00;-03:00;11,130000114440918;11,130000114440918;11,100000381469727;11,109999656677246;127600
2026-09-30;10:39:00;-03:00;11,109999656677246;11,119999885559082;11,109999656677246;11,109999656677246;34500
2026-09-30;10:40:00;-03:00;11,100000381469727;11,109999656677246;11,09000015258789;11,09000015258789;107300
2026-09-30;10:41:00;-03:00;11,100000381469727;11,100000381469727;11,079999923706055;11,079999923706055;65500
2026-09-30;10:42:00;-03:00;11,079999923706055;11,09000015258789;11,079999923706055;11,079999923706055;2500
2026-09-30;10:43:00;-03:00;11,079999923706055;11,09000015258789;11,079999923706055;11,079999923706055;9700
2026-09-30;10:44:00;-03:00;11,079999923706055;11,09000015258789;11,069999694824219;11,069999694824219;17000
2026-09-30;10:45:00;-03:00;11,069999694824219;11,09000015258789;11,069999694824219;11,069999694824219;50400
2026-09-30;10:46:00;-03:00;11,069999694824219;11,09000015258789;11,069999694824219;11,09000015258789;38800
2026-09-30;10:47:00;-03:00;11,079999923706055;11,079999923706055;11,069999694824219;11,069999694824219;19400
2026-09-30;10:48:00;-03:00;11,069999694824219;11,069999694824219;11,0600004196167;11,0600004196167;34500
2026-09-30;10:49:00;-03:00;11,0600004196167;11,079999923706055;11,0600004196167;11,069999694824219;14200
2026-09-30;10:50:00;-03:00;11,079999923706055;11,079999923706055;11,069999694824219;11,079999923706055;2600
2026-09-30;10:51:00;-03:00;11,079999923706055;11,079999923706055;11,0600004196167;11,069999694824219;48800
2026-09-30;10:52:00;-03:00;11,069999694824219;11,079999923706055;11,0600004196167;11,079999923706055;23000
2026-09-30;10:53:00;-03:00;11,079999923706055;11,079999923706055;11,069999694824219;11,079999923706055;75200
2026-09-30;10:54:00;-03:00;11,079999923706055;11,079999923706055;11,0600004196167;11,069999694824219;51700
2026-09-30;10:55:00;-03:00;11,069999694824219;11,079999923706055;11,069999694824219;11,069999694824219;37100
2026-09-30;10:56:00;-03:00;11,0600004196167;11,079999923706055;11,0600004196167;11,0600004196167;31600
2026-09-30;10:57:00;-03:00;11,069999694824219;11,079999923706055;11,0600004196167;11,069999694824219;7300
2026-09-30;10:58:00;-03:00;11,069999694824219;11,09000015258789;11,069999694824219;11,079999923706055;23100
2026-09-30;10:59:00;-03:00;11,079999923706055;11,09000015258789;11,079999923706055;11,079999923706055;3600
2026-09-30;11:00:00;-03:00;11,079999923706055;11,079999923706055;11,069999694824219;11,069999694824219;26000
2026-09-30;11:01:00;-03:00;11,0600004196167;11,069999694824219;11,0600004196167;11,0600004196167;19700
2026-09-30;11:02:00;-03:00;11,050000190734863;11,0600004196167;11,050000190734863;11,050000190734863;19800
2026-09-30;11:03:00;-03:00;11,0600004196167;11,069999694824219;11,0600004196167;11,069999694824219;33200
2026-09-30;11:04:00;-03:00;11,0600004196167;11,079999923706055;11,0600004196167;11,079999923706055;11300
2026-09-30;11:05:00;-03:00;11,079999923706055;11,079999923706055;11,069999694824219;11,069999694824219;24500
2026-09-30;11:06:00;-03:00;11,0600004196167;11,069999694824219;11,0600004196167;11,069999694824219;8300
2026-09-30;11:07:00;-03:00;11,069999694824219;11,09000015258789;11,069999694824219;11,079999923706055;7100
2026-09-30;11:08:00;-03:00;11,069999694824219;11,079999923706055;11,069999694824219;11,069999694824219;7600
2026-09-30;11:09:00;-03:00;11,079999923706055;11,09000015258789;11,069999694824219;11,09000015258789;45500
2026-09-30;11:10:00;-03:00;11,09000015258789;11,09000015258789;11,079999923706055;11,079999923706055;46800
2026-09-30;11:11:00;-03:00;11,079999923706055;11,09000015258789;11,079999923706055;11,079999923706055;4000
2026-09-30;11:12:00;-03:00;11,079999923706055;11,079999923706055;11,069999694824219;11,069999694824219;50400
2026-09-30;11:13:00;-03:00;11,079999923706055;11,079999923706055;11,069999694824219;11,079999923706055;1600
2026-09-30;11:14:00;-03:00;11,079999923706055;11,100000381469727;11,069999694824219;11,100000381469727;48000
2026-09-30;11:15:00;-03:00;11,100000381469727;11,119999885559082;11,100000381469727;11,119999885559082;132300
2026-09-30;11:16:00;-03:00;11,119999885559082;11,119999885559082;11,100000381469727;11,100000381469727;44700
2026-09-30;11:17:00;-03:00;11,100000381469727;11,109999656677246;11,100000381469727;11,100000381469727;36600
2026-09-30;11:18:00;-03:00;11,109999656677246;11,119999885559082;11,100000381469727;11,119999885559082;18900
2026-09-30;11:19:00;-03:00;11,119999885559082;11,119999885559082;11,109999656677246;11,119999885559082;33300
2026-09-30;11:20:00;-03:00;11,130000114440918;11,149999618530273;11,130000114440918;11,140000343322754;385500
2026-09-30;11:21:00;-03:00;11,130000114440918;11,140000343322754;11,119999885559082;11,119999885559082;61200
2026-09-30;11:22:00;-03:00;11,130000114440918;11,130000114440918;11,119999885559082;11,119999885559082;14700
2026-09-30;11:23:00;-03:00;11,130000114440918;11,140000343322754;11,119999885559082;11,140000343322754;63800
2026-09-30;11:24:00;-03:00;11,140000343322754;11,149999618530273;11,140000343322754;11,140000343322754;38800
2026-09-30;11:25:00;-03:00;11,140000343322754;11,149999618530273;11,130000114440918;11,130000114440918;46000
2026-09-30;11:26:00;-03:00;11,140000343322754;11,149999618530273;11,119999885559082;11,130000114440918;55300
2026-09-30;11:27:00;-03:00;11,130000114440918;11,130000114440918;11,109999656677246;11,119999885559082;59700
2026-09-30;11:28:00;-03:00;11,109999656677246;11,109999656677246;11,100000381469727;11,100000381469727;21700
2026-09-30;11:29:00;-03:00;11,09000015258789;11,119999885559082;11,09000015258789;11,109999656677246;146300
2026-09-30;11:30:00;-03:00;11,109999656677246;11,119999885559082;11,100000381469727;11,109999656677246;45300
2026-09-30;11:31:00;-03:00;11,119999885559082;11,119999885559082;11,100000381469727;11,119999885559082;19600
2026-09-30;11:32:00;-03:00;11,119999885559082;11,119999885559082;11,109999656677246;11,109999656677246;55200
2026-09-30;11:33:00;-03:00;11,109999656677246;11,119999885559082;11,100000381469727;11,119999885559082;36600
2026-09-30;11:34:00;-03:00;11,119999885559082;11,119999885559082;11,109999656677246;11,109999656677246;37800
2026-09-30;11:35:00;-03:00;11,119999885559082;11,130000114440918;11,119999885559082;11,119999885559082;26800
2026-09-30;11:36:00;-03:00;11,119999885559082;11,119999885559082;11,109999656677246;11,119999885559082;11400
2026-09-30;11:37:00;-03:00;11,109999656677246;11,119999885559082;11,109999656677246;11,119999885559082;5200
2026-09-30;11:38:00;-03:00;11,109999656677246;11,109999656677246;11,109999656677246;11,109999656677246;42200
2026-09-30;11:39:00;-03:00;11,119999885559082;11,130000114440918;11,109999656677246;11,109999656677246;20900
2026-09-30;11:40:00;-03:00;11,119999885559082;11,119999885559082;11,100000381469727;11,119999885559082;19100
2026-09-30;11:41:00;-03:00;11,109999656677246;11,119999885559082;11,109999656677246;11,109999656677246;8000
2026-09-30;11:42:00;-03:00;11,109999656677246;11,130000114440918;11,109999656677246;11,130000114440918;44400
2026-09-30;11:43:00;-03:00;11,130000114440918;11,130000114440918;11,119999885559082;11,119999885559082;8900
2026-09-30;11:44:00;-03:00;11,130000114440918;11,130000114440918;11,119999885559082;11,119999885559082;3900
2026-09-30;11:45:00;-03:00;11,119999885559082;11,140000343322754;11,119999885559082;11,140000343322754;18700
2026-09-30;11:46:00;-03:00;11,130000114440918;11,140000343322754;11,130000114440918;11,140000343322754;11600
2026-09-30;11:47:00;-03:00;11,130000114440918;11,140000343322754;11,130000114440918;11,140000343322754;6000
2026-09-30;11:48:00;-03:00;11,130000114440918;11,140000343322754;11,130000114440918;11,130000114440918;1500
2026-09-30;11:49:00;-03:00;11,140000343322754;11,140000343322754;11,130000114440918;11,130000114440918;9700
2026-09-30;11:50:00;-03:00;11,140000343322754;11,140000343322754;11,119999885559082;11,140000343322754;92700
2026-09-30;11:51:00;-03:00;11,130000114440918;11,140000343322754;11,119999885559082;11,119999885559082;22900
2026-09-30;11:52:00;-03:00;11,119999885559082;11,140000343322754;11,119999885559082;11,130000114440918;24800
2026-09-30;11:53:00;-03:00;11,140000343322754;11,140000343322754;11,119999885559082;11,119999885559082;3600
2026-09-30;11:54:00;-03:00;11,130000114440918;11,140000343322754;11,130000114440918;11,130000114440918;41100
2026-09-30;11:55:00;-03:00;11,119999885559082;11,130000114440918;11,119999885559082;11,130000114440918;9700
2026-09-30;11:56:00;-03:00;11,130000114440918;11,130000114440918;11,119999885559082;11,119999885559082;5800
2026-09-30;11:57:00;-03:00;11,119999885559082;11,130000114440918;11,119999885559082;11,119999885559082;1100
2026-09-30;11:58:00;-03:00;11,119999885559082;11,130000114440918;11,109999656677246;11,109999656677246;52000
2026-09-30;11:59:00;-03:00;11,109999656677246;11,119999885559082;11,109999656677246;11,119999885559082;19200
2026-09-30;12:00:00;-03:00;11,109999656677246;11,119999885559082;11,100000381469727;11,119999885559082;27400
2026-09-30;12:01:00;-03:00;11,109999656677246;11,119999885559082;11,109999656677246;11,119999885559082;14900
2026-09-30;12:02:00;-03:00;11,119999885559082;11,119999885559082;11,100000381469727;11,109999656677246;34100
2026-09-30;12:03:00;-03:00;11,109999656677246;11,119999885559082;11,100000381469727;11,109999656677246;18000
2026-09-30;12:04:00;-03:00;11,109999656677246;11,130000114440918;11,109999656677246;11,130000114440918;21400
2026-09-30;12:05:00;-03:00;11,130000114440918;11,130000114440918;11,119999885559082;11,130000114440918;1100
2026-09-30;12:06:00;-03:00;11,119999885559082;11,130000114440918;11,109999656677246;11,119999885559082;33200
2026-09-30;12:07:00;-03:00;11,130000114440918;11,130000114440918;11,109999656677246;11,130000114440918;15800
2026-09-30;12:08:00;-03:00;11,130000114440918;11,130000114440918;11,119999885559082;11,130000114440918;1500
2026-09-30;12:09:00;-03:00;11,119999885559082;11,140000343322754;11,119999885559082;11,140000343322754;48900
2026-09-30;12:10:00;-03:00;11,130000114440918;11,140000343322754;11,130000114440918;11,140000343322754;1300
2026-09-30;12:11:00;-03:00;11,140000343322754;11,140000343322754;11,130000114440918;11,140000343322754;52600
2026-09-30;12:12:00;-03:00;11,140000343322754;11,149999618530273;11,140000343322754;11,140000343322754;25900
2026-09-30;12:13:00;-03:00;11,130000114440918;11,149999618530273;11,130000114440918;11,130000114440918;30700
2026-09-30;12:14:00;-03:00;11,130000114440918;11,149999618530273;11,130000114440918;11,140000343322754;32100
2026-09-30;12:15:00;-03:00;11,140000343322754;11,149999618530273;11,140000343322754;11,140000343322754;36400
2026-09-30;12:16:00;-03:00;11,140000343322754;11,149999618530273;11,140000343322754;11,140000343322754;76500
2026-09-30;12:17:00;-03:00;11,149999618530273;11,149999618530273;11,130000114440918;11,130000114440918;8200
2026-09-30;12:18:00;-03:00;11,130000114440918;11,140000343322754;11,130000114440918;11,130000114440918;3400
2026-09-30;12:19:00;-03:00;11,130000114440918;11,130000114440918;11,109999656677246;11,119999885559082;92800
2026-09-30;12:20:00;-03:00;11,130000114440918;11,130000114440918;11,119999885559082;11,119999885559082;19700
2026-09-30;12:21:00;-03:00;11,109999656677246;11,119999885559082;11,109999656677246;11,109999656677246;2500
2026-09-30;12:22:00;-03:00;11,109999656677246;11,119999885559082;11,100000381469727;11,100000381469727;11300
2026-09-30;12:23:00;-03:00;11,100000381469727;11,119999885559082;11,100000381469727;11,119999885559082;22300
2026-09-30;12:24:00;-03:00;11,109999656677246;11,109999656677246;11,100000381469727;11,100000381469727;19100
2026-09-30;12:25:00;-03:00;11,100000381469727;11,119999885559082;11,100000381469727;11,109999656677246;14700
2026-09-30;12:26:00;-03:00;11,109999656677246;11,109999656677246;11,100000381469727;11,100000381469727;13800
2026-09-30;12:27:00;-03:00;11,109999656677246;11,109999656677246;11,100000381469727;11,109999656677246;1300
2026-09-30;12:28:00;-03:00;11,109999656677246;11,109999656677246;11,100000381469727;11,109999656677246;3700
2026-09-30;12:29:00;-03:00;11,109999656677246;11,119999885559082;11,100000381469727;11,100000381469727;28000
2026-09-30;12:30:00;-03:00;11,109999656677246;11,109999656677246;11,100000381469727;11,109999656677246;16200
2026-09-30;12:31:00;-03:00;11,109999656677246;11,109999656677246;11,100000381469727;11,109999656677246;16700
2026-09-30;12:32:00;-03:00;11,109999656677246;11,109999656677246;11,100000381469727;11,109999656677246;2000
2026-09-30;12:33:00;-03:00;11,100000381469727;11,109999656677246;11,100000381469727;11,109999656677246;2500
2026-09-30;12:34:00;-03:00;11,100000381469727;11,109999656677246;11,0600004196167;11,0600004196167;208200
2026-09-30;12:35:00;-03:00;11,069999694824219;11,069999694824219;11,0600004196167;11,0600004196167;78800
2026-09-30;12:36:00;-03:00;11,069999694824219;11,069999694824219;11,0600004196167;11,0600004196167;15900
2026-09-30;12:37:00;-03:00;11,0600004196167;11,069999694824219;11,0600004196167;11,069999694824219;54500
2026-09-30;12:38:00;-03:00;11,0600004196167;11,069999694824219;11,0600004196167;11,069999694824219;0
2026-09-30;12:39:00;-03:00;11,0600004196167;11,069999694824219;11,0600004196167;11,0600004196167;27600
2026-09-30;12:40:00;-03:00;11,069999694824219;11,069999694824219;11,050000190734863;11,0600004196167;64800
2026-09-30;12:41:00;-03:00;11,050000190734863;11,0600004196167;11,050000190734863;11,0600004196167;1800
2026-09-30;12:42:00;-03:00;11,050000190734863;11,0600004196167;11,050000190734863;11,0600004196167;11700
2026-09-30;12:43:00;-03:00;11,0600004196167;11,0600004196167;11,039999961853027;11,039999961853027;98700
2026-09-30;12:44:00;-03:00;11,050000190734863;11,050000190734863;11,029999732971191;11,029999732971191;62700
2026-09-30;12:45:00;-03:00;11,029999732971191;11,039999961853027;11,029999732971191;11,039999961853027;65800
2026-09-30;12:46:00;-03:00;11,039999961853027;11,050000190734863;11,039999961853027;11,050000190734863;15200
2026-09-30;12:47:00;-03:00;11,050000190734863;11,0600004196167;11,050000190734863;11,050000190734863;3400
2026-09-30;12:48:00;-03:00;11,0600004196167;11,0600004196167;11,050000190734863;11,0600004196167;42600
2026-09-30;12:49:00;-03:00;11,0600004196167;11,069999694824219;11,0600004196167;11,069999694824219;2700
2026-09-30;12:50:00;-03:00;11,0600004196167;11,069999694824219;11,0600004196167;11,0600004196167;900
2026-09-30;12:51:00;-03:00;11,0600004196167;11,069999694824219;11,0600004196167;11,069999694824219;3400
2026-09-30;12:52:00;-03:00;11,0600004196167;11,0600004196167;11,050000190734863;11,050000190734863;31100
2026-09-30;12:53:00;-03:00;11,050000190734863;11,0600004196167;11,050000190734863;11,050000190734863;1700
2026-09-30;12:54:00;-03:00;11,0600004196167;11,0600004196167;11,050000190734863;11,050000190734863;24400
2026-09-30;12:55:00;-03:00;11,039999961853027;11,050000190734863;11,039999961853027;11,050000190734863;18700
2026-09-30;12:56:00;-03:00;11,0600004196167;11,0600004196167;11,050000190734863;11,0600004196167;1300
2026-09-30;12:57:00;-03:00;11,050000190734863;11,0600004196167;11,050000190734863;11,050000190734863;4700
2026-09-30;12:58:00;-03:00;11,050000190734863;11,0600004196167;11,050000190734863;11,0600004196167;32100
2026-09-30;12:59:00;-03:00;11,0600004196167;11,069999694824219;11,0600004196167;11,0600004196167;12200
2026-09-30;13:00:00;-03:00;11,0600004196167;11,079999923706055;11,0600004196167;11,069999694824219;89100
2026-09-30;13:01:00;-03:00;11,079999923706055;11,079999923706055;11,069999694824219;11,069999694824219;800
2026-09-30;13:02:00;-03:00;11,079999923706055;11,079999923706055;11,069999694824219;11,079999923706055;2400
2026-09-30;13:03:00;-03:00;11,069999694824219;11,079999923706055;11,069999694824219;11,069999694824219;66200
2026-09-30;13:04:00;-03:00;11,0600004196167;11,079999923706055;11,0600004196167;11,079999923706055;21900
2026-09-30;13:05:00;-03:00;11,079999923706055;11,079999923706055;11,069999694824219;11,069999694824219;1000
2026-09-30;13:06:00;-03:00;11,069999694824219;11,079999923706055;11,069999694824219;11,069999694824219;900
2026-09-30;13:07:00;-03:00;11,069999694824219;11,079999923706055;11,069999694824219;11,079999923706055;2400
2026-09-30;13:08:00;-03:00;11,069999694824219;11,079999923706055;11,069999694824219;11,079999923706055;4600
2026-09-30;13:09:00;-03:00;11,069999694824219;11,079999923706055;11,069999694824219;11,069999694824219;4900
2026-09-30;13:10:00;-03:00;11,079999923706055;11,079999923706055;11,069999694824219;11,069999694824219;1800
2026-09-30;13:11:00;-03:00;11,069999694824219;11,079999923706055;11,069999694824219;11,069999694824219;3300
2026-09-30;13:12:00;-03:00;11,079999923706055;11,079999923706055;11,069999694824219;11,079999923706055;5000
2026-09-30;13:13:00;-03:00;11,079999923706055;11,079999923706055;11,069999694824219;11,069999694824219;3400
2026-09-30;13:14:00;-03:00;11,079999923706055;11,079999923706055;11,069999694824219;11,079999923706055;14500
2026-09-30;13:15:00;-03:00;11,079999923706055;11,079999923706055;11,069999694824219;11,079999923706055;2900
2026-09-30;13:16:00;-03:00;11,079999923706055;11,079999923706055;11,069999694824219;11,079999923706055;4300
2026-09-30;13:17:00;-03:00;11,079999923706055;11,079999923706055;11,069999694824219;11,079999923706055;8100
2026-09-30;13:18:00;-03:00;11,069999694824219;11,079999923706055;11,069999694824219;11,069999694824219;8800
2026-09-30;13:19:00;-03:00;11,079999923706055;11,079999923706055;11,069999694824219;11,079999923706055;4400
2026-09-30;13:20:00;-03:00;11,069999694824219;11,079999923706055;11,069999694824219;11,069999694824219;10300
2026-09-30;13:21:00;-03:00;11,079999923706055;11,09000015258789;11,079999923706055;11,09000015258789;31800
2026-09-30;13:22:00;-03:00;11,09000015258789;11,09000015258789;11,079999923706055;11,09000015258789;7000
2026-09-30;13:23:00;-03:00;11,09000015258789;11,09000015258789;11,079999923706055;11,09000015258789;4900
2026-09-30;13:24:00;-03:00;11,079999923706055;11,09000015258789;11,079999923706055;11,079999923706055;13600
2026-09-30;13:25:00;-03:00;11,09000015258789;11,09000015258789;11,079999923706055;11,09000015258789;4300
2026-09-30;13:26:00;-03:00;11,079999923706055;11,09000015258789;11,079999923706055;11,09000015258789;5600
2026-09-30;13:27:00;-03:00;11,09000015258789;11,09000015258789;11,079999923706055;11,09000015258789;7000
2026-09-30;13:28:00;-03:00;11,079999923706055;11,09000015258789;11,079999923706055;11,09000015258789;6600
2026-09-30;13:29:00;-03:00;11,09000015258789;11,100000381469727;11,079999923706055;11,09000015258789;86600
2026-09-30;13:30:00;-03:00;11,079999923706055;11,09000015258789;11,079999923706055;11,09000015258789;3800
2026-09-30;13:31:00;-03:00;11,079999923706055;11,100000381469727;11,079999923706055;11,09000015258789;36800
2026-09-30;13:32:00;-03:00;11,100000381469727;11,100000381469727;11,079999923706055;11,100000381469727;57400
2026-09-30;13:33:00;-03:00;11,09000015258789;11,109999656677246;11,09000015258789;11,100000381469727;36400
2026-09-30;13:34:00;-03:00;11,109999656677246;11,109999656677246;11,100000381469727;11,100000381469727;5900
2026-09-30;13:35:00;-03:00;11,100000381469727;11,109999656677246;11,100000381469727;11,109999656677246;7600
2026-09-30;13:36:00;-03:00;11,109999656677246;11,109999656677246;11,100000381469727;11,109999656677246;4400
2026-09-30;13:37:00;-03:00;11,100000381469727;11,109999656677246;11,100000381469727;11,109999656677246;4300
2026-09-30;13:38:00;-03:00;11,109999656677246;11,109999656677246;11,100000381469727;11,100000381469727;8300
2026-09-30;13:39:00;-03:00;11,109999656677246;11,109999656677246;11,100000381469727;11,109999656677246;11100
2026-09-30;13:40:00;-03:00;11,100000381469727;11,100000381469727;11,09000015258789;11,100000381469727;73600
2026-09-30;13:41:00;-03:00;11,09000015258789;11,100000381469727;11,09000015258789;11,100000381469727;9900
2026-09-30;13:42:00;-03:00;11,100000381469727;11,100000381469727;11,079999923706055;11,079999923706055;91500
2026-09-30;13:43:00;-03:00;11,079999923706055;11,09000015258789;11,079999923706055;11,079999923706055;11200
2026-09-30;13:44:00;-03:00;11,079999923706055;11,09000015258789;11,079999923706055;11,079999923706055;7900
2026-09-30;13:45:00;-03:00;11,079999923706055;11,09000015258789;11,079999923706055;11,079999923706055;8700
2026-09-30;13:46:00;-03:00;11,079999923706055;11,100000381469727;11,079999923706055;11,100000381469727;42900
2026-09-30;13:47:00;-03:00;11,100000381469727;11,100000381469727;11,09000015258789;11,09000015258789;4000
2026-09-30;13:48:00;-03:00;11,100000381469727;11,100000381469727;11,09000015258789;11,09000015258789;2900
2026-09-30;13:49:00;-03:00;11,100000381469727;11,100000381469727;11,079999923706055;11,079999923706055;55400
2026-09-30;13:50:00;-03:00;11,079999923706055;11,100000381469727;11,079999923706055;11,100000381469727;45600
2026-09-30;13:51:00;-03:00;11,09000015258789;11,100000381469727;11,079999923706055;11,079999923706055;16000
2026-09-30;13:52:00;-03:00;11,09000015258789;11,09000015258789;11,079999923706055;11,09000015258789;5000
2026-09-30;13:53:00;-03:00;11,09000015258789;11,09000015258789;11,079999923706055;11,09000015258789;11400
2026-09-30;13:54:00;-03:00;11,079999923706055;11,09000015258789;11,079999923706055;11,09000015258789;6700
2026-09-30;13:55:00;-03:00;11,09000015258789;11,09000015258789;11,079999923706055;11,09000015258789;2700
2026-09-30;13:56:00;-03:00;11,079999923706055;11,09000015258789;11,079999923706055;11,079999923706055;9000
2026-09-30;13:57:00;-03:00;11,09000015258789;11,09000015258789;11,079999923706055;11,079999923706055;1500
2026-09-30;13:58:00;-03:00;11,09000015258789;11,09000015258789;11,079999923706055;11,079999923706055;19900
2026-09-30;13:59:00;-03:00;11,079999923706055;11,09000015258789;11,079999923706055;11,079999923706055;12300
2026-09-30;14:00:00;-03:00;11,079999923706055;11,100000381469727;11,079999923706055;11,09000015258789;47300
2026-09-30;14:01:00;-03:00;11,100000381469727;11,100000381469727;11,09000015258789;11,09000015258789;12200
2026-09-30;14:02:00;-03:00;11,100000381469727;11,100000381469727;11,09000015258789;11,100000381469727;15300
2026-09-30;14:03:00;-03:00;11,09000015258789;11,100000381469727;11,09000015258789;11,09000015258789;11700
2026-09-30;14:04:00;-03:00;11,100000381469727;11,100000381469727;11,09000015258789;11,09000015258789;8700
2026-09-30;14:05:00;-03:00;11,100000381469727;11,100000381469727;11,09000015258789;11,100000381469727;7000
2026-09-30;14:06:00;-03:00;11,100000381469727;11,100000381469727;11,09000015258789;11,09000015258789;87900
2026-09-30;14:07:00;-03:00;11,09000015258789;11,100000381469727;11,09000015258789;11,09000015258789;5500
2026-09-30;14:08:00;-03:00;11,100000381469727;11,100000381469727;11,09000015258789;11,100000381469727;3700
2026-09-30;14:09:00;-03:00;11,09000015258789;11,100000381469727;11,09000015258789;11,09000015258789;4800
2026-09-30;14:10:00;-03:00;11,100000381469727;11,109999656677246;11,09000015258789;11,100000381469727;72400
2026-09-30;14:11:00;-03:00;11,100000381469727;11,100000381469727;11,09000015258789;11,09000015258789;8700
2026-09-30;14:12:00;-03:00;11,09000015258789;11,109999656677246;11,09000015258789;11,109999656677246;21200
2026-09-30;14:13:00;-03:00;11,109999656677246;11,109999656677246;11,100000381469727;11,100000381469727;21200
2026-09-30;14:14:00;-03:00;11,100000381469727;11,109999656677246;11,100000381469727;11,100000381469727;4500
2026-09-30;14:15:00;-03:00;11,100000381469727;11,109999656677246;11,100000381469727;11,100000381469727;1600
2026-09-30;14:16:00;-03:00;11,100000381469727;11,119999885559082;11,100000381469727;11,119999885559082;89600
2026-09-30;14:17:00;-03:00;11,119999885559082;11,119999885559082;11,109999656677246;11,109999656677246;7100
2026-09-30;14:18:00;-03:00;11,109999656677246;11,119999885559082;11,109999656677246;11,119999885559082;5500
2026-09-30;14:19:00;-03:00;11,119999885559082;11,119999885559082;11,100000381469727;11,100000381469727;57000
2026-09-30;14:20:00;-03:00;11,100000381469727;11,119999885559082;11,100000381469727;11,109999656677246;51400
2026-09-30;14:21:00;-03:00;11,109999656677246;11,119999885559082;11,100000381469727;11,119999885559082;103700
2026-09-30;14:22:00;-03:00;11,119999885559082;11,119999885559082;11,109999656677246;11,109999656677246;5200
2026-09-30;14:23:00;-03:00;11,119999885559082;11,119999885559082;11,109999656677246;11,109999656677246;8200
2026-09-30;14:24:00;-03:00;11,109999656677246;11,119999885559082;11,109999656677246;11,109999656677246;2800
2026-09-30;14:25:00;-03:00;11,109999656677246;11,119999885559082;11,109999656677246;11,109999656677246;8700
2026-09-30;14:26:00;-03:00;11,109999656677246;11,119999885559082;11,109999656677246;11,109999656677246;16700
2026-09-30;14:27:00;-03:00;11,109999656677246;11,119999885559082;11,109999656677246;11,119999885559082;30700
2026-09-30;14:28:00;-03:00;11,109999656677246;11,119999885559082;11,109999656677246;11,109999656677246;8700
2026-09-30;14:29:00;-03:00;11,119999885559082;11,130000114440918;11,119999885559082;11,119999885559082;47000
2026-09-30;14:30:00;-03:00;11,130000114440918;11,130000114440918;11,109999656677246;11,109999656677246;95800
2026-09-30;14:31:00;-03:00;11,119999885559082;11,130000114440918;11,119999885559082;11,119999885559082;65300
2026-09-30;14:32:00;-03:00;11,119999885559082;11,119999885559082;11,109999656677246;11,109999656677246;33400
2026-09-30;14:33:00;-03:00;11,109999656677246;11,130000114440918;11,109999656677246;11,130000114440918;39200
2026-09-30;14:34:00;-03:00;11,119999885559082;11,119999885559082;11,109999656677246;11,109999656677246;19700
2026-09-30;14:35:00;-03:00;11,109999656677246;11,119999885559082;11,109999656677246;11,109999656677246;3400
2026-09-30;14:36:00;-03:00;11,109999656677246;11,130000114440918;11,109999656677246;11,130000114440918;31400
2026-09-30;14:37:00;-03:00;11,130000114440918;11,130000114440918;11,119999885559082;11,119999885559082;10900
2026-09-30;14:38:00;-03:00;11,130000114440918;11,140000343322754;11,119999885559082;11,140000343322754;48500
2026-09-30;14:39:00;-03:00;11,130000114440918;11,140000343322754;11,130000114440918;11,130000114440918;12400
2026-09-30;14:40:00;-03:00;11,140000343322754;11,140000343322754;11,130000114440918;11,140000343322754;19900
2026-09-30;14:41:00;-03:00;11,140000343322754;11,149999618530273;11,130000114440918;11,140000343322754;191600
2026-09-30;14:42:00;-03:00;11,130000114440918;11,140000343322754;11,119999885559082;11,119999885559082;33500
2026-09-30;14:43:00;-03:00;11,130000114440918;11,130000114440918;11,119999885559082;11,119999885559082;7900
2026-09-30;14:44:00;-03:00;11,130000114440918;11,130000114440918;11,119999885559082;11,119999885559082;14000
2026-09-30;14:45:00;-03:00;11,130000114440918;11,130000114440918;11,119999885559082;11,119999885559082;10700
2026-09-30;14:46:00;-03:00;11,130000114440918;11,130000114440918;11,119999885559082;11,119999885559082;40600
2026-09-30;14:47:00;-03:00;11,130000114440918;11,130000114440918;11,100000381469727;11,109999656677246;111200
2026-09-30;14:48:00;-03:00;11,100000381469727;11,119999885559082;11,100000381469727;11,119999885559082;179500
2026-09-30;14:49:00;-03:00;11,119999885559082;11,119999885559082;11,109999656677246;11,109999656677246;98100
2026-09-30;14:50:00;-03:00;11,119999885559082;11,119999885559082;11,109999656677246;11,119999885559082;37700
2026-09-30;14:51:00;-03:00;11,109999656677246;11,119999885559082;11,109999656677246;11,109999656677246;46800
2026-09-30;14:52:00;-03:00;11,119999885559082;11,119999885559082;11,109999656677246;11,119999885559082;101700
2026-09-30;14:53:00;-03:00;11,119999885559082;11,119999885559082;11,109999656677246;11,119999885559082;49700
2026-09-30;14:54:00;-03:00;11,119999885559082;11,119999885559082;11,109999656677246;11,119999885559082;46000
2026-09-30;14:55:00;-03:00;11,119999885559082;11,119999885559082;11,100000381469727;11,119999885559082;75200
2026-09-30;14:56:00;-03:00;11,119999885559082;11,119999885559082;11,100000381469727;11,119999885559082;96700
2026-09-30;14:57:00;-03:00;11,109999656677246;11,119999885559082;11,109999656677246;11,119999885559082;45200
2026-09-30;14:58:00;-03:00;11,109999656677246;11,119999885559082;11,109999656677246;11,119999885559082;52400
2026-09-30;14:59:00;-03:00;11,109999656677246;11,130000114440918;11,109999656677246;11,119999885559082;315500
2026-09-30;15:00:00;-03:00;11,130000114440918;11,130000114440918;11,119999885559082;11,119999885559082;47000
2026-09-30;15:01:00;-03:00;11,130000114440918;11,140000343322754;11,119999885559082;11,119999885559082;98800
2026-09-30;15:02:00;-03:00;11,119999885559082;11,130000114440918;11,119999885559082;11,130000114440918;10400
2026-09-30;15:03:00;-03:00;11,119999885559082;11,130000114440918;11,119999885559082;11,130000114440918;6100
2026-09-30;15:04:00;-03:00;11,119999885559082;11,130000114440918;11,119999885559082;11,119999885559082;39300
2026-09-30;15:05:00;-03:00;11,119999885559082;11,130000114440918;11,119999885559082;11,119999885559082;6500
2026-09-30;15:06:00;-03:00;11,119999885559082;11,130000114440918;11,119999885559082;11,119999885559082;6600
2026-09-30;15:07:00;-03:00;11,119999885559082;11,130000114440918;11,119999885559082;11,119999885559082;13500
2026-09-30;15:08:00;-03:00;11,130000114440918;11,130000114440918;11,119999885559082;11,130000114440918;13500
2026-09-30;15:09:00;-03:00;11,130000114440918;11,140000343322754;11,119999885559082;11,140000343322754;51100
2026-09-30;15:10:00;-03:00;11,140000343322754;11,140000343322754;11,119999885559082;11,119999885559082;63700
2026-09-30;15:11:00;-03:00;11,130000114440918;11,130000114440918;11,119999885559082;11,130000114440918;14600
2026-09-30;15:12:00;-03:00;11,119999885559082;11,130000114440918;11,119999885559082;11,130000114440918;6400
2026-09-30;15:13:00;-03:00;11,119999885559082;11,130000114440918;11,119999885559082;11,119999885559082;8900
2026-09-30;15:14:00;-03:00;11,119999885559082;11,130000114440918;11,119999885559082;11,119999885559082;11600
2026-09-30;15:15:00;-03:00;11,119999885559082;11,130000114440918;11,109999656677246;11,109999656677246;58300
2026-09-30;15:16:00;-03:00;11,119999885559082;11,119999885559082;11,109999656677246;11,109999656677246;12000
2026-09-30;15:17:00;-03:00;11,109999656677246;11,119999885559082;11,109999656677246;11,109999656677246;90700
2026-09-30;15:18:00;-03:00;11,119999885559082;11,119999885559082;11,109999656677246;11,109999656677246;23800
2026-09-30;15:19:00;-03:00;11,109999656677246;11,119999885559082;11,109999656677246;11,109999656677246;6700
2026-09-30;15:20:00;-03:00;11,119999885559082;11,119999885559082;11,100000381469727;11,100000381469727;289100
2026-09-30;15:21:00;-03:00;11,109999656677246;11,109999656677246;11,100000381469727;11,109999656677246;21300
2026-09-30;15:22:00;-03:00;11,100000381469727;11,109999656677246;11,100000381469727;11,109999656677246;52800
2026-09-30;15:23:00;-03:00;11,100000381469727;11,109999656677246;11,100000381469727;11,109999656677246;9700
2026-09-30;15:24:00;-03:00;11,109999656677246;11,109999656677246;11,09000015258789;11,09000015258789;85600
2026-09-30;15:25:00;-03:00;11,09000015258789;11,100000381469727;11,09000015258789;11,09000015258789;10000
2026-09-30;15:26:00;-03:00;11,09000015258789;11,100000381469727;11,09000015258789;11,100000381469727;15900
2026-09-30;15:27:00;-03:00;11,100000381469727;11,100000381469727;11,079999923706055;11,079999923706055;27700
2026-09-30;15:28:00;-03:00;11,09000015258789;11,09000015258789;11,069999694824219;11,079999923706055;183900
2026-09-30;15:29:00;-03:00;11,09000015258789;11,09000015258789;11,069999694824219;11,069999694824219;65700
2026-09-30;15:30:00;-03:00;11,069999694824219;11,079999923706055;11,069999694824219;11,069999694824219;17100
2026-09-30;15:31:00;-03:00;11,069999694824219;11,079999923706055;11,069999694824219;11,069999694824219;10100
2026-09-30;15:32:00;-03:00;11,079999923706055;11,079999923706055;11,069999694824219;11,069999694824219;16400
2026-09-30;15:33:00;-03:00;11,079999923706055;11,079999923706055;11,069999694824219;11,069999694824219;8400
2026-09-30;15:34:00;-03:00;11,069999694824219;11,079999923706055;11,0600004196167;11,0600004196167;11100
2026-09-30;15:35:00;-03:00;11,0600004196167;11,069999694824219;11,0600004196167;11,0600004196167;9300
2026-09-30;15:36:00;-03:00;11,0600004196167;11,079999923706055;11,0600004196167;11,069999694824219;31900
2026-09-30;15:37:00;-03:00;11,069999694824219;11,09000015258789;11,069999694824219;11,079999923706055;24300
2026-09-30;15:38:00;-03:00;11,09000015258789;11,09000015258789;11,079999923706055;11,079999923706055;5800
2026-09-30;15:39:00;-03:00;11,079999923706055;11,09000015258789;11,069999694824219;11,09000015258789;71500
2026-09-30;15:40:00;-03:00;11,09000015258789;11,100000381469727;11,09000015258789;11,09000015258789;7500
2026-09-30;15:41:00;-03:00;11,100000381469727;11,100000381469727;11,09000015258789;11,09000015258789;16400
2026-09-30;15:42:00;-03:00;11,09000015258789;11,100000381469727;11,09000015258789;11,09000015258789;10500
2026-09-30;15:43:00;-03:00;11,09000015258789;11,100000381469727;11,09000015258789;11,09000015258789;7800
2026-09-30;15:44:00;-03:00;11,100000381469727;11,100000381469727;11,09000015258789;11,100000381469727;32900
2026-09-30;15:45:00;-03:00;11,109999656677246;11,109999656677246;11,100000381469727;11,100000381469727;8400
2026-09-30;15:46:00;-03:00;11,109999656677246;11,109999656677246;11,100000381469727;11,100000381469727;14300
2026-09-30;15:47:00;-03:00;11,109999656677246;11,109999656677246;11,09000015258789;11,09000015258789;31700
2026-09-30;15:48:00;-03:00;11,100000381469727;11,100000381469727;11,09000015258789;11,09000015258789;37900
2026-09-30;15:49:00;-03:00;11,09000015258789;11,109999656677246;11,09000015258789;11,109999656677246;11900
2026-09-30;15:50:00;-03:00;11,100000381469727;11,109999656677246;11,100000381469727;11,100000381469727;14700
2026-09-30;15:51:00;-03:00;11,109999656677246;11,109999656677246;11,100000381469727;11,109999656677246;14800
2026-09-30;15:52:00;-03:00;11,100000381469727;11,109999656677246;11,100000381469727;11,109999656677246;18200
2026-09-30;15:53:00;-03:00;11,109999656677246;11,109999656677246;11,100000381469727;11,100000381469727;8900
2026-09-30;15:54:00;-03:00;11,100000381469727;11,109999656677246;11,100000381469727;11,100000381469727;8600
2026-09-30;15:55:00;-03:00;11,100000381469727;11,109999656677246;11,100000381469727;11,100000381469727;7700
2026-09-30;15:56:00;-03:00;11,100000381469727;11,109999656677246;11,100000381469727;11,100000381469727;13400
2026-09-30;15:57:00;-03:00;11,109999656677246;11,109999656677246;11,100000381469727;11,100000381469727;11400
2026-09-30;15:58:00;-03:00;11,100000381469727;11,119999885559082;11,100000381469727;11,109999656677246;26900
2026-09-30;15:59:00;-03:00;11,109999656677246;11,119999885559082;11,109999656677246;11,109999656677246;7500
2026-09-30;16:00:00;-03:00;11,109999656677246;11,119999885559082;11,109999656677246;11,109999656677246;4800
2026-09-30;16:01:00;-03:00;11,109999656677246;11,119999885559082;11,100000381469727;11,100000381469727;26300
2026-09-30;16:02:00;-03:00;11,109999656677246;11,119999885559082;11,109999656677246;11,109999656677246;14100
2026-09-30;16:03:00;-03:00;11,119999885559082;11,119999885559082;11,109999656677246;11,109999656677246;9100
2026-09-30;16:04:00;-03:00;11,109999656677246;11,109999656677246;11,100000381469727;11,100000381469727;10000
2026-09-30;16:05:00;-03:00;11,109999656677246;11,119999885559082;11,109999656677246;11,109999656677246;43700
2026-09-30;16:06:00;-03:00;11,109999656677246;11,119999885559082;11,109999656677246;11,119999885559082;8900
2026-09-30;16:07:00;-03:00;11,109999656677246;11,119999885559082;11,100000381469727;11,100000381469727;30900
2026-09-30;16:08:00;-03:00;11,109999656677246;11,119999885559082;11,100000381469727;11,109999656677246;16900
2026-09-30;16:09:00;-03:00;11,109999656677246;11,119999885559082;11,109999656677246;11,109999656677246;7600
2026-09-30;16:10:00;-03:00;11,119999885559082;11,119999885559082;11,109999656677246;11,119999885559082;74100
2026-09-30;16:11:00;-03:00;11,119999885559082;11,119999885559082;11,109999656677246;11,119999885559082;6500
2026-09-30;16:12:00;-03:00;11,119999885559082;11,119999885559082;11,109999656677246;11,109999656677246;16200
2026-09-30;16:13:00;-03:00;11,119999885559082;11,119999885559082;11,109999656677246;11,109999656677246;10700
2026-09-30;16:14:00;-03:00;11,109999656677246;11,119999885559082;11,109999656677246;11,109999656677246;18900
2026-09-30;16:15:00;-03:00;11,109999656677246;11,119999885559082;11,109999656677246;11,109999656677246;12900
2026-09-30;16:16:00;-03:00;11,119999885559082;11,119999885559082;11,109999656677246;11,119999885559082;110200
2026-09-30;16:17:00;-03:00;11,119999885559082;11,119999885559082;11,109999656677246;11,119999885559082;9900
2026-09-30;16:18:00;-03:00;11,109999656677246;11,119999885559082;11,109999656677246;11,109999656677246;16300
2026-09-30;16:19:00;-03:00;11,109999656677246;11,119999885559082;11,109999656677246;11,109999656677246;8700
2026-09-30;16:20:00;-03:00;11,109999656677246;11,119999885559082;11,109999656677246;11,119999885559082;174800
2026-09-30;16:21:00;-03:00;11,119999885559082;11,140000343322754;11,109999656677246;11,140000343322754;105800
2026-09-30;16:22:00;-03:00;11,140000343322754;11,140000343322754;11,130000114440918;11,130000114440918;17700
2026-09-30;16:23:00;-03:00;11,130000114440918;11,140000343322754;11,130000114440918;11,130000114440918;10200
2026-09-30;16:24:00;-03:00;11,130000114440918;11,140000343322754;11,130000114440918;11,130000114440918;20500
2026-09-30;16:25:00;-03:00;11,130000114440918;11,140000343322754;11,130000114440918;11,130000114440918;17300
2026-09-30;16:26:00;-03:00;11,140000343322754;11,149999618530273;11,130000114440918;11,149999618530273;92100
2026-09-30;16:27:00;-03:00;11,149999618530273;11,149999618530273;11,140000343322754;11,149999618530273;11100
2026-09-30;16:28:00;-03:00;11,149999618530273;11,149999618530273;11,130000114440918;11,130000114440918;89200
2026-09-30;16:29:00;-03:00;11,140000343322754;11,140000343322754;11,130000114440918;11,130000114440918;24200
2026-09-30;16:30:00;-03:00;11,140000343322754;11,140000343322754;11,119999885559082;11,130000114440918;28600
2026-09-30;16:31:00;-03:00;11,119999885559082;11,140000343322754;11,119999885559082;11,130000114440918;51400
2026-09-30;16:32:00;-03:00;11,130000114440918;11,140000343322754;11,130000114440918;11,130000114440918;9500
2026-09-30;16:33:00;-03:00;11,140000343322754;11,149999618530273;11,130000114440918;11,149999618530273;59600
2026-09-30;16:34:00;-03:00;11,149999618530273;11,15999984741211;11,140000343322754;11,149999618530273;161000
2026-09-30;16:35:00;-03:00;11,149999618530273;11,170000076293945;11,140000343322754;11,149999618530273;74600
2026-09-30;16:36:00;-03:00;11,15999984741211;11,15999984741211;11,149999618530273;11,15999984741211;8400
2026-09-30;16:37:00;-03:00;11,15999984741211;11,15999984741211;11,140000343322754;11,149999618530273;53900
2026-09-30;16:38:00;-03:00;11,149999618530273;11,149999618530273;11,140000343322754;11,149999618530273;31600
2026-09-30;16:39:00;-03:00;11,149999618530273;11,149999618530273;11,140000343322754;11,149999618530273;27600
2026-09-30;16:40:00;-03:00;11,149999618530273;11,149999618530273;11,130000114440918;11,140000343322754;26800
2026-09-30;16:41:00;-03:00;11,130000114440918;11,140000343322754;11,130000114440918;11,140000343322754;48800
2026-09-30;16:42:00;-03:00;11,140000343322754;11,149999618530273;11,130000114440918;11,149999618530273;81100
2026-09-30;16:43:00;-03:00;11,149999618530273;11,149999618530273;11,140000343322754;11,149999618530273;31700
2026-09-30;16:44:00;-03:00;11,149999618530273;11,149999618530273;11,130000114440918;11,140000343322754;73500
2026-09-30;16:45:00;-03:00;11,140000343322754;11,149999618530273;11,130000114440918;11,140000343322754;37000
2026-09-30;16:46:00;-03:00;11,149999618530273;11,149999618530273;11,140000343322754;11,149999618530273;26300
2026-09-30;16:47:00;-03:00;11,149999618530273;11,149999618530273;11,140000343322754;11,140000343322754;31800
2026-09-30;16:48:00;-03:00;11,140000343322754;11,140000343322754;11,130000114440918;11,140000343322754;27400
2026-09-30;16:49:00;-03:00;11,140000343322754;11,149999618530273;11,130000114440918;11,140000343322754;78800
2026-09-30;16:50:00;-03:00;11,140000343322754;11,140000343322754;11,130000114440918;11,130000114440918;13300
2026-09-30;16:51:00;-03:00;11,140000343322754;11,140000343322754;11,130000114440918;11,140000343322754;19300
2026-09-30;16:52:00;-03:00;11,140000343322754;11,149999618530273;11,130000114440918;11,149999618530273;39100
2026-09-30;16:53:00;-03:00;11,149999618530273;11,149999618530273;11,140000343322754;11,140000343322754;18100
2026-09-30;16:54:00;-03:00;11,149999618530273;11,170000076293945;11,140000343322754;11,170000076293945;43500
2026-10-01;10:03:00;-03:00;11,199999809265137;11,220000267028809;11,1899995803833;11,210000038146973;0
2026-10-01;10:04:00;-03:00;11,210000038146973;11,220000267028809;11,180000305175781;11,199999809265137;67500
2026-10-01;10:05:00;-03:00;11,199999809265137;11,199999809265137;11,15999984741211;11,170000076293945;45000
2026-10-01;10:06:00;-03:00;11,15999984741211;11,199999809265137;11,15999984741211;11,180000305175781;21800
2026-10-01;10:07:00;-03:00;11,180000305175781;11,199999809265137;11,180000305175781;11,1899995803833;57800
2026-10-01;10:08:00;-03:00;11,1899995803833;11,1899995803833;11,180000305175781;11,1899995803833;16800
2026-10-01;10:09:00;-03:00;11,1899995803833;11,1899995803833;11,170000076293945;11,170000076293945;43600
2026-10-01;10:10:00;-03:00;11,170000076293945;11,170000076293945;11,140000343322754;11,149999618530273;223100
2026-10-01;10:11:00;-03:00;11,15999984741211;11,15999984741211;11,149999618530273;11,149999618530273;35100
2026-10-01;10:12:00;-03:00;11,149999618530273;11,149999618530273;11,140000343322754;11,149999618530273;1600
2026-10-01;10:13:00;-03:00;11,140000343322754;11,170000076293945;11,140000343322754;11,15999984741211;31300
2026-10-01;10:14:00;-03:00;11,170000076293945;11,170000076293945;11,149999618530273;11,149999618530273;5200
2026-10-01;10:15:00;-03:00;11,15999984741211;11,15999984741211;11,140000343322754;11,15999984741211;157900
2026-10-01;10:16:00;-03:00;11,15999984741211;11,170000076293945;11,15999984741211;11,170000076293945;20300
2026-10-01;10:17:00;-03:00;11,170000076293945;11,170000076293945;11,149999618530273;11,15999984741211;12400
2026-10-01;10:18:00;-03:00;11,15999984741211;11,170000076293945;11,15999984741211;11,170000076293945;2200
2026-10-01;10:19:00;-03:00;11,15999984741211;11,180000305175781;11,15999984741211;11,180000305175781;282900
2026-10-01;10:20:00;-03:00;11,180000305175781;11,1899995803833;11,180000305175781;11,180000305175781;21200
2026-10-01;10:21:00;-03:00;11,1899995803833;11,199999809265137;11,1899995803833;11,1899995803833;12000
2026-10-01;10:22:00;-03:00;11,1899995803833;11,199999809265137;11,1899995803833;11,1899995803833;27600
2026-10-01;10:23:00;-03:00;11,1899995803833;11,1899995803833;11,180000305175781;11,180000305175781;13000
2026-10-01;10:24:00;-03:00;11,180000305175781;11,180000305175781;11,170000076293945;11,170000076293945;10700
2026-10-01;10:25:00;-03:00;11,170000076293945;11,180000305175781;11,170000076293945;11,170000076293945;51400
2026-10-01;10:26:00;-03:00;11,170000076293945;11,170000076293945;11,15999984741211;11,170000076293945;800
2026-10-01;10:27:00;-03:00;11,170000076293945;11,170000076293945;11,15999984741211;11,15999984741211;1000
2026-10-01;10:28:00;-03:00;11,15999984741211;11,170000076293945;11,149999618530273;11,149999618530273;11900
2026-10-01;10:29:00;-03:00;11,149999618530273;11,15999984741211;11,149999618530273;11,15999984741211;27800
2026-10-01;10:30:00;-03:00;11,170000076293945;11,1899995803833;11,15999984741211;11,1899995803833;23400
2026-10-01;10:31:00;-03:00;11,180000305175781;11,1899995803833;11,180000305175781;11,180000305175781;42900
2026-10-01;10:32:00;-03:00;11,180000305175781;11,1899995803833;11,180000305175781;11,1899995803833;24400
2026-10-01;10:33:00;-03:00;11,199999809265137;11,220000267028809;11,199999809265137;11,199999809265137;68300
2026-10-01;10:34:00;-03:00;11,199999809265137;11,210000038146973;11,170000076293945;11,170000076293945;61900
2026-10-01;10:35:00;-03:00;11,170000076293945;11,170000076293945;11,149999618530273;11,15999984741211;119200
2026-10-01;10:36:00;-03:00;11,149999618530273;11,1899995803833;11,149999618530273;11,180000305175781;80500
2026-10-01;10:37:00;-03:00;11,180000305175781;11,180000305175781;11,15999984741211;11,170000076293945;12100
2026-10-01;10:38:00;-03:00;11,15999984741211;11,15999984741211;11,119999885559082;11,130000114440918;487200
2026-10-01;10:39:00;-03:00;11,130000114440918;11,140000343322754;11,130000114440918;11,140000343322754;32300
2026-10-01;10:40:00;-03:00;11,130000114440918;11,130000114440918;11,119999885559082;11,119999885559082;38000
2026-10-01;10:41:00;-03:00;11,119999885559082;11,130000114440918;11,119999885559082;11,119999885559082;20100
2026-10-01;10:42:00;-03:00;11,119999885559082;11,140000343322754;11,119999885559082;11,140000343322754;35700
2026-10-01;10:43:00;-03:00;11,130000114440918;11,15999984741211;11,130000114440918;11,15999984741211;76700
2026-10-01;10:44:00;-03:00;11,149999618530273;11,15999984741211;11,149999618530273;11,149999618530273;8900
2026-10-01;10:45:00;-03:00;11,15999984741211;11,180000305175781;11,15999984741211;11,180000305175781;492500
2026-10-01;10:46:00;-03:00;11,170000076293945;11,180000305175781;11,15999984741211;11,180000305175781;108700
2026-10-01;10:47:00;-03:00;11,170000076293945;11,180000305175781;11,15999984741211;11,15999984741211;132400
2026-10-01;10:48:00;-03:00;11,170000076293945;11,170000076293945;11,15999984741211;11,170000076293945;1700
2026-10-01;10:49:00;-03:00;11,170000076293945;11,170000076293945;11,149999618530273;11,15999984741211;18400
2026-10-01;10:50:00;-03:00;11,149999618530273;11,15999984741211;11,149999618530273;11,149999618530273;524800
2026-10-01;10:51:00;-03:00;11,140000343322754;11,140000343322754;11,130000114440918;11,130000114440918;6800
2026-10-01;10:52:00;-03:00;11,130000114440918;11,140000343322754;11,119999885559082;11,130000114440918;30500
2026-10-01;10:53:00;-03:00;11,130000114440918;11,140000343322754;11,130000114440918;11,130000114440918;75900
2026-10-01;10:54:00;-03:00;11,130000114440918;11,140000343322754;11,130000114440918;11,130000114440918;16700
2026-10-01;10:55:00;-03:00;11,130000114440918;11,130000114440918;11,109999656677246;11,109999656677246;211700
2026-10-01;10:56:00;-03:00;11,119999885559082;11,119999885559082;11,100000381469727;11,100000381469727;32700
2026-10-01;10:57:00;-03:00;11,100000381469727;11,109999656677246;11,100000381469727;11,109999656677246;5400
2026-10-01;10:58:00;-03:00;11,100000381469727;11,130000114440918;11,100000381469727;11,130000114440918;162500
2026-10-01;10:59:00;-03:00;11,119999885559082;11,130000114440918;11,109999656677246;11,109999656677246;26200
2026-10-01;11:00:00;-03:00;11,109999656677246;11,109999656677246;11,09000015258789;11,09000015258789;75300
2026-10-01;11:01:00;-03:00;11,09000015258789;11,09000015258789;11,020000457763672;11,079999923706055;788800
2026-10-01;11:02:00;-03:00;11,069999694824219;11,079999923706055;11,050000190734863;11,050000190734863;78000
2026-10-01;11:03:00;-03:00;11,0600004196167;11,079999923706055;11,0600004196167;11,079999923706055;96800
2026-10-01;11:04:00;-03:00;11,09000015258789;11,100000381469727;11,079999923706055;11,079999923706055;190900
2026-10-01;11:05:00;-03:00;11,079999923706055;11,09000015258789;11,079999923706055;11,09000015258789;9400
2026-10-01;11:06:00;-03:00;11,079999923706055;11,079999923706055;11,069999694824219;11,079999923706055;47100
2026-10-01;11:07:00;-03:00;11,079999923706055;11,100000381469727;11,079999923706055;11,100000381469727;79800
2026-10-01;11:08:00;-03:00;11,100000381469727;11,119999885559082;11,100000381469727;11,100000381469727;39600
2026-10-01;11:09:00;-03:00;11,109999656677246;11,109999656677246;11,09000015258789;11,109999656677246;33300
2026-10-01;11:10:00;-03:00;11,100000381469727;11,100000381469727;11,09000015258789;11,09000015258789;8000
2026-10-01;11:11:00;-03:00;11,09000015258789;11,100000381469727;11,069999694824219;11,069999694824219;66300
2026-10-01;11:12:00;-03:00;11,069999694824219;11,069999694824219;11,0600004196167;11,069999694824219;129400
2026-10-01;11:13:00;-03:00;11,069999694824219;11,09000015258789;11,069999694824219;11,09000015258789;39500
2026-10-01;11:14:00;-03:00;11,09000015258789;11,09000015258789;11,069999694824219;11,079999923706055;21800
2026-10-01;11:15:00;-03:00;11,079999923706055;11,09000015258789;11,069999694824219;11,09000015258789;15800
2026-10-01;11:16:00;-03:00;11,079999923706055;11,09000015258789;11,079999923706055;11,09000015258789;17000
2026-10-01;11:17:00;-03:00;11,079999923706055;11,100000381469727;11,079999923706055;11,09000015258789;50300
2026-10-01;11:18:00;-03:00;11,100000381469727;11,100000381469727;11,09000015258789;11,100000381469727;6500
2026-10-01;11:19:00;-03:00;11,100000381469727;11,109999656677246;11,09000015258789;11,100000381469727;49900
2026-10-01;11:20:00;-03:00;11,09000015258789;11,100000381469727;11,09000015258789;11,100000381469727;90800
2026-10-01;11:21:00;-03:00;11,09000015258789;11,09000015258789;11,069999694824219;11,069999694824219;38200
2026-10-01;11:22:00;-03:00;11,069999694824219;11,079999923706055;11,069999694824219;11,069999694824219;2400
2026-10-01;11:23:00;-03:00;11,079999923706055;11,09000015258789;11,079999923706055;11,079999923706055;21000
2026-10-01;11:24:00;-03:00;11,079999923706055;11,09000015258789;11,069999694824219;11,09000015258789;25700
2026-10-01;11:25:00;-03:00;11,079999923706055;11,079999923706055;11,0600004196167;11,0600004196167;28100
2026-10-01;11:26:00;-03:00;11,0600004196167;11,069999694824219;11,0600004196167;11,0600004196167;6700
2026-10-01;11:27:00;-03:00;11,0600004196167;11,069999694824219;11,050000190734863;11,050000190734863;89200
2026-10-01;11:28:00;-03:00;11,050000190734863;11,050000190734863;11,039999961853027;11,039999961853027;17700
2026-10-01;11:29:00;-03:00;11,039999961853027;11,050000190734863;11,039999961853027;11,050000190734863;11100
2026-10-01;11:30:00;-03:00;11,0600004196167;11,069999694824219;11,0600004196167;11,069999694824219;30700
2026-10-01;11:31:00;-03:00;11,069999694824219;11,069999694824219;11,0600004196167;11,0600004196167;19600
2026-10-01;11:32:00;-03:00;11,0600004196167;11,069999694824219;11,0600004196167;11,069999694824219;24100
2026-10-01;11:33:00;-03:00;11,069999694824219;11,069999694824219;11,0600004196167;11,0600004196167;1800
2026-10-01;11:34:00;-03:00;11,0600004196167;11,069999694824219;11,039999961853027;11,069999694824219;81900
2026-10-01;11:35:00;-03:00;11,0600004196167;11,069999694824219;11,0600004196167;11,0600004196167;0
2026-10-01;11:36:00;-03:00;11,0600004196167;11,069999694824219;11,0600004196167;11,0600004196167;1100
2026-10-01;11:37:00;-03:00;11,069999694824219;11,069999694824219;11,0600004196167;11,0600004196167;1500
2026-10-01;11:38:00;-03:00;11,069999694824219;11,069999694824219;11,050000190734863;11,0600004196167;49300
2026-10-01;11:39:00;-03:00;11,0600004196167;11,069999694824219;11,0600004196167;11,069999694824219;700
2026-10-01;11:40:00;-03:00;11,069999694824219;11,069999694824219;11,0600004196167;11,069999694824219;15400
2026-10-01;11:41:00;-03:00;11,069999694824219;11,069999694824219;11,050000190734863;11,050000190734863;45200
2026-10-01;11:42:00;-03:00;11,050000190734863;11,0600004196167;11,050000190734863;11,050000190734863;8700
2026-10-01;11:43:00;-03:00;11,050000190734863;11,0600004196167;11,039999961853027;11,0600004196167;33800
2026-10-01;11:44:00;-03:00;11,0600004196167;11,0600004196167;11,039999961853027;11,050000190734863;23700
2026-10-01;11:45:00;-03:00;11,0600004196167;11,0600004196167;11,050000190734863;11,0600004196167;17200
2026-10-01;11:46:00;-03:00;11,0600004196167;11,0600004196167;11,039999961853027;11,039999961853027;15600
2026-10-01;11:47:00;-03:00;11,039999961853027;11,039999961853027;11,020000457763672;11,029999732971191;83900
2026-10-01;11:48:00;-03:00;11,029999732971191;11,039999961853027;11,029999732971191;11,039999961853027;4500
2026-10-01;11:49:00;-03:00;11,039999961853027;11,039999961853027;11,029999732971191;11,029999732971191;24700
2026-10-01;11:50:00;-03:00;11,029999732971191;11,039999961853027;11,020000457763672;11,020000457763672;41800
2026-10-01;11:51:00;-03:00;11,029999732971191;11,029999732971191;11,020000457763672;11,020000457763672;8300
2026-10-01;11:52:00;-03:00;11,029999732971191;11,029999732971191;11,020000457763672;11,029999732971191;29300
2026-10-01;11:53:00;-03:00;11,020000457763672;11,029999732971191;11,010000228881836;11,010000228881836;40100
2026-10-01;11:54:00;-03:00;11,010000228881836;11,010000228881836;11,0;11,0;61800
2026-10-01;11:55:00;-03:00;11,0;11,020000457763672;11,0;11,020000457763672;43000
2026-10-01;11:56:00;-03:00;11,010000228881836;11,020000457763672;11,010000228881836;11,010000228881836;5000
2026-10-01;11:57:00;-03:00;11,010000228881836;11,020000457763672;11,010000228881836;11,010000228881836;27800
2026-10-01;11:58:00;-03:00;11,020000457763672;11,029999732971191;11,0;11,010000228881836;79900
2026-10-01;11:59:00;-03:00;11,020000457763672;11,029999732971191;11,020000457763672;11,029999732971191;38200
2026-10-01;12:00:00;-03:00;11,029999732971191;11,029999732971191;11,010000228881836;11,020000457763672;43700
2026-10-01;12:01:00;-03:00;11,010000228881836;11,020000457763672;11,0;11,020000457763672;52800
2026-10-01;12:02:00;-03:00;11,010000228881836;11,010000228881836;11,010000228881836;11,010000228881836;8800
2026-10-01;12:03:00;-03:00;11,010000228881836;11,020000457763672;11,010000228881836;11,010000228881836;6900
2026-10-01;12:04:00;-03:00;11,010000228881836;11,029999732971191;11,010000228881836;11,020000457763672;18400
2026-10-01;12:05:00;-03:00;11,020000457763672;11,029999732971191;11,020000457763672;11,029999732971191;3300
2026-10-01;12:06:00;-03:00;11,020000457763672;11,029999732971191;11,020000457763672;11,020000457763672;13600
2026-10-01;12:07:00;-03:00;11,020000457763672;11,029999732971191;11,020000457763672;11,020000457763672;4200
2026-10-01;12:08:00;-03:00;11,020000457763672;11,020000457763672;11,0;11,0;77600
2026-10-01;12:09:00;-03:00;11,010000228881836;11,010000228881836;11,0;11,0;4500
2026-10-01;12:10:00;-03:00;11,0;11,010000228881836;10,989999771118164;11,0;48300
2026-10-01;12:11:00;-03:00;11,0;11,010000228881836;11,0;11,0;17000
2026-10-01;12:12:00;-03:00;11,0;11,010000228881836;11,0;11,010000228881836;4700
2026-10-01;12:13:00;-03:00;11,010000228881836;11,010000228881836;11,0;11,010000228881836;12800
2026-10-01;12:14:00;-03:00;11,010000228881836;11,010000228881836;11,0;11,010000228881836;18000
2026-10-01;12:15:00;-03:00;11,010000228881836;11,010000228881836;11,0;11,010000228881836;4100
2026-10-01;12:16:00;-03:00;11,010000228881836;11,020000457763672;11,0;11,020000457763672;8900
2026-10-01;12:17:00;-03:00;11,020000457763672;11,020000457763672;11,010000228881836;11,020000457763672;3200
2026-10-01;12:18:00;-03:00;11,020000457763672;11,020000457763672;11,010000228881836;11,020000457763672;5100
2026-10-01;12:19:00;-03:00;11,020000457763672;11,020000457763672;11,010000228881836;11,020000457763672;3500
2026-10-01;12:20:00;-03:00;11,020000457763672;11,020000457763672;11,010000228881836;11,010000228881836;5500
2026-10-01;12:21:00;-03:00;11,010000228881836;11,029999732971191;11,010000228881836;11,029999732971191;48000
2026-10-01;12:22:00;-03:00;11,020000457763672;11,020000457763672;11,010000228881836;11,010000228881836;13400
2026-10-01;12:23:00;-03:00;11,020000457763672;11,029999732971191;11,020000457763672;11,029999732971191;142100
2026-10-01;12:24:00;-03:00;11,029999732971191;11,050000190734863;11,029999732971191;11,039999961853027;37800
2026-10-01;12:25:00;-03:00;11,039999961853027;11,050000190734863;11,039999961853027;11,050000190734863;15900
2026-10-01;12:26:00;-03:00;11,050000190734863;11,050000190734863;11,039999961853027;11,050000190734863;42100
2026-10-01;12:27:00;-03:00;11,050000190734863;11,0600004196167;11,050000190734863;11,050000190734863;16000
2026-10-01;12:28:00;-03:00;11,050000190734863;11,0600004196167;11,050000190734863;11,050000190734863;5300
2026-10-01;12:29:00;-03:00;11,050000190734863;11,069999694824219;11,050000190734863;11,050000190734863;19400
2026-10-01;12:30:00;-03:00;11,050000190734863;11,0600004196167;11,039999961853027;11,050000190734863;52800
2026-10-01;12:31:00;-03:00;11,039999961853027;11,050000190734863;11,039999961853027;11,050000190734863;3200
2026-10-01;12:32:00;-03:00;11,050000190734863;11,0600004196167;11,039999961853027;11,050000190734863;73600
2026-10-01;12:33:00;-03:00;11,0600004196167;11,0600004196167;11,050000190734863;11,050000190734863;55100
2026-10-01;12:34:00;-03:00;11,039999961853027;11,050000190734863;11,029999732971191;11,029999732971191;131600
2026-10-01;12:35:00;-03:00;11,029999732971191;11,039999961853027;11,020000457763672;11,039999961853027;97600
2026-10-01;12:36:00;-03:00;11,050000190734863;11,050000190734863;11,039999961853027;11,039999961853027;12300
2026-10-01;12:37:00;-03:00;11,050000190734863;11,050000190734863;11,039999961853027;11,050000190734863;10800
2026-10-01;12:38:00;-03:00;11,050000190734863;11,069999694824219;11,050000190734863;11,069999694824219;255700
2026-10-01;12:39:00;-03:00;11,0600004196167;11,069999694824219;11,0600004196167;11,069999694824219;5700
2026-10-01;12:40:00;-03:00;11,0600004196167;11,069999694824219;11,0600004196167;11,0600004196167;77800
2026-10-01;12:41:00;-03:00;11,069999694824219;11,069999694824219;11,0600004196167;11,069999694824219;1600
2026-10-01;12:42:00;-03:00;11,069999694824219;11,079999923706055;11,0600004196167;11,069999694824219;30700
2026-10-01;12:43:00;-03:00;11,069999694824219;11,069999694824219;11,050000190734863;11,050000190734863;208300
2026-10-01;12:44:00;-03:00;11,050000190734863;11,0600004196167;11,050000190734863;11,050000190734863;600
2026-10-01;12:45:00;-03:00;11,050000190734863;11,069999694824219;11,050000190734863;11,0600004196167;28600
2026-10-01;12:46:00;-03:00;11,069999694824219;11,069999694824219;11,0600004196167;11,0600004196167;2700
2026-10-01;12:47:00;-03:00;11,0600004196167;11,079999923706055;11,0600004196167;11,069999694824219;5300
2026-10-01;12:48:00;-03:00;11,069999694824219;11,100000381469727;11,069999694824219;11,100000381469727;336800
2026-10-01;12:49:00;-03:00;11,100000381469727;11,100000381469727;11,09000015258789;11,09000015258789;27300
2026-10-01;12:50:00;-03:00;11,079999923706055;11,100000381469727;11,069999694824219;11,069999694824219;70800
2026-10-01;12:51:00;-03:00;11,079999923706055;11,079999923706055;11,069999694824219;11,069999694824219;500
2026-10-01;12:52:00;-03:00;11,069999694824219;11,079999923706055;11,069999694824219;11,079999923706055;3400
2026-10-01;12:53:00;-03:00;11,079999923706055;11,079999923706055;11,069999694824219;11,069999694824219;13400
2026-10-01;12:54:00;-03:00;11,069999694824219;11,09000015258789;11,069999694824219;11,079999923706055;3800
2026-10-01;12:55:00;-03:00;11,079999923706055;11,09000015258789;11,079999923706055;11,09000015258789;22300
2026-10-01;12:56:00;-03:00;11,09000015258789;11,100000381469727;11,09000015258789;11,100000381469727;3300
2026-10-01;12:57:00;-03:00;11,09000015258789;11,100000381469727;11,09000015258789;11,100000381469727;2100
2026-10-01;12:58:00;-03:00;11,100000381469727;11,100000381469727;11,09000015258789;11,09000015258789;2400
2026-10-01;12:59:00;-03:00;11,100000381469727;11,100000381469727;11,09000015258789;11,100000381469727;2200
2026-10-01;13:00:00;-03:00;11,100000381469727;11,100000381469727;11,09000015258789;11,09000015258789;71100
2026-10-01;13:01:00;-03:00;11,09000015258789;11,100000381469727;11,09000015258789;11,100000381469727;3000
2026-10-01;13:02:00;-03:00;11,100000381469727;11,109999656677246;11,100000381469727;11,100000381469727;1100
2026-10-01;13:03:00;-03:00;11,109999656677246;11,109999656677246;11,100000381469727;11,100000381469727;24200
2026-10-01;13:04:00;-03:00;11,100000381469727;11,109999656677246;11,100000381469727;11,109999656677246;1200
2026-10-01;13:05:00;-03:00;11,100000381469727;11,109999656677246;11,100000381469727;11,100000381469727;3600
2026-10-01;13:06:00;-03:00;11,109999656677246;11,119999885559082;11,109999656677246;11,119999885559082;64200
2026-10-01;13:07:00;-03:00;11,109999656677246;11,109999656677246;11,100000381469727;11,100000381469727;33000
2026-10-01;13:08:00;-03:00;11,100000381469727;11,109999656677246;11,100000381469727;11,109999656677246;1200
2026-10-01;13:09:00;-03:00;11,109999656677246;11,109999656677246;11,100000381469727;11,109999656677246;24000
2026-10-01;13:10:00;-03:00;11,119999885559082;11,119999885559082;11,109999656677246;11,109999656677246;33100
2026-10-01;13:11:00;-03:00;11,109999656677246;11,130000114440918;11,109999656677246;11,109999656677246;193100
2026-10-01;13:12:00;-03:00;11,109999656677246;11,119999885559082;11,109999656677246;11,119999885559082;0
2026-10-01;13:13:00;-03:00;11,119999885559082;11,130000114440918;11,119999885559082;11,130000114440918;13700
2026-10-01;13:14:00;-03:00;11,130000114440918;11,130000114440918;11,109999656677246;11,119999885559082;4400
2026-10-01;13:15:00;-03:00;11,119999885559082;11,130000114440918;11,119999885559082;11,119999885559082;6500
2026-10-01;13:16:00;-03:00;11,130000114440918;11,140000343322754;11,130000114440918;11,130000114440918;25000
2026-10-01;13:17:00;-03:00;11,140000343322754;11,140000343322754;11,130000114440918;11,130000114440918;800
2026-10-01;13:18:00;-03:00;11,140000343322754;11,140000343322754;11,130000114440918;11,130000114440918;4100
2026-10-01;13:19:00;-03:00;11,140000343322754;11,140000343322754;11,119999885559082;11,119999885559082;30800
2026-10-01;13:20:00;-03:00;11,130000114440918;11,149999618530273;11,130000114440918;11,140000343322754;54700
2026-10-01;13:21:00;-03:00;11,140000343322754;11,149999618530273;11,140000343322754;11,149999618530273;2000
2026-10-01;13:22:00;-03:00;11,149999618530273;11,15999984741211;11,149999618530273;11,15999984741211;54400
2026-10-01;13:23:00;-03:00;11,15999984741211;11,170000076293945;11,149999618530273;11,170000076293945;101300
2026-10-01;13:24:00;-03:00;11,15999984741211;11,180000305175781;11,15999984741211;11,170000076293945;23600
2026-10-01;13:25:00;-03:00;11,180000305175781;11,180000305175781;11,170000076293945;11,180000305175781;9200
2026-10-01;13:26:00;-03:00;11,170000076293945;11,180000305175781;11,170000076293945;11,170000076293945;17100
2026-10-01;13:27:00;-03:00;11,170000076293945;11,180000305175781;11,170000076293945;11,170000076293945;20200
2026-10-01;13:28:00;-03:00;11,180000305175781;11,1899995803833;11,180000305175781;11,1899995803833;48200
2026-10-01;13:29:00;-03:00;11,180000305175781;11,1899995803833;11,180000305175781;11,1899995803833;26500
2026-10-01;13:30:00;-03:00;11,1899995803833;11,1899995803833;11,170000076293945;11,170000076293945;130500
2026-10-01;13:31:00;-03:00;11,180000305175781;11,180000305175781;11,15999984741211;11,15999984741211;66000
2026-10-01;13:32:00;-03:00;11,170000076293945;11,170000076293945;11,140000343322754;11,149999618530273;136100
2026-10-01;13:33:00;-03:00;11,149999618530273;11,170000076293945;11,149999618530273;11,15999984741211;28900
2026-10-01;13:34:00;-03:00;11,15999984741211;11,170000076293945;11,15999984741211;11,170000076293945;51700
2026-10-01;13:35:00;-03:00;11,15999984741211;11,170000076293945;11,15999984741211;11,170000076293945;0
2026-10-01;13:36:00;-03:00;11,170000076293945;11,170000076293945;11,149999618530273;11,149999618530273;147200
2026-10-01;13:37:00;-03:00;11,149999618530273;11,149999618530273;11,140000343322754;11,140000343322754;11500
2026-10-01;13:38:00;-03:00;11,149999618530273;11,149999618530273;11,140000343322754;11,140000343322754;3800
2026-10-01;13:39:00;-03:00;11,149999618530273;11,149999618530273;11,140000343322754;11,149999618530273;30900
2026-10-01;13:40:00;-03:00;11,149999618530273;11,15999984741211;11,140000343322754;11,149999618530273;3100
2026-10-01;13:41:00;-03:00;11,15999984741211;11,15999984741211;11,140000343322754;11,149999618530273;54600
2026-10-01;13:42:00;-03:00;11,140000343322754;11,140000343322754;11,130000114440918;11,140000343322754;32800
2026-10-01;13:43:00;-03:00;11,140000343322754;11,140000343322754;11,130000114440918;11,140000343322754;6400
2026-10-01;13:44:00;-03:00;11,130000114440918;11,140000343322754;11,119999885559082;11,130000114440918;61700
2026-10-01;13:45:00;-03:00;11,140000343322754;11,140000343322754;11,130000114440918;11,140000343322754;12500
2026-10-01;13:46:00;-03:00;11,140000343322754;11,140000343322754;11,119999885559082;11,130000114440918;57700
2026-10-01;13:47:00;-03:00;11,130000114440918;11,130000114440918;11,09000015258789;11,09000015258789;238300
2026-10-01;13:48:00;-03:00;11,09000015258789;11,100000381469727;11,09000015258789;11,100000381469727;50700
2026-10-01;13:49:00;-03:00;11,100000381469727;11,109999656677246;11,09000015258789;11,100000381469727;37600
2026-10-01;13:50:00;-03:00;11,100000381469727;11,100000381469727;11,079999923706055;11,09000015258789;33500
2026-10-01;13:51:00;-03:00;11,09000015258789;11,09000015258789;11,079999923706055;11,079999923706055;10300
2026-10-01;13:52:00;-03:00;11,09000015258789;11,09000015258789;11,079999923706055;11,09000015258789;2000
2026-10-01;13:53:00;-03:00;11,09000015258789;11,09000015258789;11,079999923706055;11,079999923706055;1100
2026-10-01;13:54:00;-03:00;11,079999923706055;11,09000015258789;11,079999923706055;11,09000015258789;2100
2026-10-01;13:55:00;-03:00;11,09000015258789;11,09000015258789;11,079999923706055;11,09000015258789;109500
2026-10-01;13:56:00;-03:00;11,079999923706055;11,079999923706055;11,079999923706055;11,079999923706055;1000
2026-10-01;13:57:00;-03:00;11,079999923706055;11,09000015258789;11,079999923706055;11,079999923706055;1300
2026-10-01;13:58:00;-03:00;11,079999923706055;11,100000381469727;11,079999923706055;11,100000381469727;7400
2026-10-01;13:59:00;-03:00;11,100000381469727;11,109999656677246;11,09000015258789;11,109999656677246;106300
2026-10-01;14:00:00;-03:00;11,109999656677246;11,109999656677246;11,100000381469727;11,109999656677246;34500
2026-10-01;14:01:00;-03:00;11,109999656677246;11,109999656677246;11,09000015258789;11,109999656677246;49900
2026-10-01;14:02:00;-03:00;11,109999656677246;11,130000114440918;11,109999656677246;11,119999885559082;29800
2026-10-01;14:03:00;-03:00;11,130000114440918;11,130000114440918;11,119999885559082;11,119999885559082;58300
2026-10-01;14:04:00;-03:00;11,119999885559082;11,130000114440918;11,109999656677246;11,130000114440918;20700
2026-10-01;14:05:00;-03:00;11,119999885559082;11,130000114440918;11,119999885559082;11,130000114440918;3700
2026-10-01;14:06:00;-03:00;11,130000114440918;11,130000114440918;11,119999885559082;11,119999885559082;5600
2026-10-01;14:07:00;-03:00;11,130000114440918;11,130000114440918;11,119999885559082;11,119999885559082;4400
2026-10-01;14:08:00;-03:00;11,130000114440918;11,130000114440918;11,119999885559082;11,130000114440918;4600
2026-10-01;14:09:00;-03:00;11,130000114440918;11,140000343322754;11,119999885559082;11,130000114440918;17400
2026-10-01;14:10:00;-03:00;11,140000343322754;11,140000343322754;11,130000114440918;11,140000343322754;4900
2026-10-01;14:11:00;-03:00;11,130000114440918;11,140000343322754;11,130000114440918;11,140000343322754;3900
2026-10-01;14:12:00;-03:00;11,140000343322754;11,140000343322754;11,130000114440918;11,130000114440918;3000
2026-10-01;14:13:00;-03:00;11,140000343322754;11,140000343322754;11,130000114440918;11,140000343322754;8500
2026-10-01;14:14:00;-03:00;11,140000343322754;11,149999618530273;11,130000114440918;11,149999618530273;7200
2026-10-01;14:15:00;-03:00;11,149999618530273;11,149999618530273;11,140000343322754;11,149999618530273;3800
2026-10-01;14:16:00;-03:00;11,149999618530273;11,15999984741211;11,149999618530273;11,15999984741211;78400
2026-10-01;14:17:00;-03:00;11,15999984741211;11,15999984741211;11,149999618530273;11,149999618530273;7100
2026-10-01;14:18:00;-03:00;11,15999984741211;11,15999984741211;11,149999618530273;11,15999984741211;10500
2026-10-01;14:19:00;-03:00;11,15999984741211;11,170000076293945;11,149999618530273;11,170000076293945;50300
2026-10-01;14:20:00;-03:00;11,170000076293945;11,180000305175781;11,15999984741211;11,15999984741211;62100
2026-10-01;14:21:00;-03:00;11,15999984741211;11,170000076293945;11,15999984741211;11,170000076293945;1000
2026-10-01;14:22:00;-03:00;11,15999984741211;11,15999984741211;11,149999618530273;11,149999618530273;40900
2026-10-01;14:23:00;-03:00;11,15999984741211;11,170000076293945;11,149999618530273;11,170000076293945;7800
2026-10-01;14:24:00;-03:00;11,15999984741211;11,170000076293945;11,15999984741211;11,170000076293945;11300
2026-10-01;14:25:00;-03:00;11,180000305175781;11,180000305175781;11,170000076293945;11,170000076293945;9400
2026-10-01;14:26:00;-03:00;11,180000305175781;11,1899995803833;11,170000076293945;11,180000305175781;56200
2026-10-01;14:27:00;-03:00;11,1899995803833;11,1899995803833;11,180000305175781;11,1899995803833;5400
2026-10-01;14:28:00;-03:00;11,180000305175781;11,1899995803833;11,170000076293945;11,180000305175781;31600
2026-10-01;14:29:00;-03:00;11,170000076293945;11,180000305175781;11,170000076293945;11,170000076293945;1600
2026-10-01;14:30:00;-03:00;11,180000305175781;11,199999809265137;11,180000305175781;11,199999809265137;54400
2026-10-01;14:31:00;-03:00;11,1899995803833;11,1899995803833;11,170000076293945;11,180000305175781;51800
2026-10-01;14:32:00;-03:00;11,180000305175781;11,180000305175781;11,170000076293945;11,170000076293945;24100
2026-10-01;14:33:00;-03:00;11,170000076293945;11,170000076293945;11,15999984741211;11,15999984741211;7600
2026-10-01;14:34:00;-03:00;11,15999984741211;11,170000076293945;11,15999984741211;11,170000076293945;3400
2026-10-01;14:35:00;-03:00;11,15999984741211;11,170000076293945;11,15999984741211;11,170000076293945;13100
2026-10-01;14:36:00;-03:00;11,170000076293945;11,1899995803833;11,15999984741211;11,1899995803833;17800
2026-10-01;14:37:00;-03:00;11,180000305175781;11,1899995803833;11,180000305175781;11,180000305175781;2300
2026-10-01;14:38:00;-03:00;11,1899995803833;11,1899995803833;11,180000305175781;11,180000305175781;12300
2026-10-01;14:39:00;-03:00;11,180000305175781;11,1899995803833;11,180000305175781;11,1899995803833;1700
2026-10-01;14:40:00;-03:00;11,1899995803833;11,1899995803833;11,180000305175781;11,1899995803833;1800
2026-10-01;14:41:00;-03:00;11,1899995803833;11,1899995803833;11,170000076293945;11,180000305175781;15000
2026-10-01;14:42:00;-03:00;11,170000076293945;11,180000305175781;11,170000076293945;11,170000076293945;100
2026-10-01;14:43:00;-03:00;11,180000305175781;11,180000305175781;11,170000076293945;11,180000305175781;25500
2026-10-01;14:44:00;-03:00;11,180000305175781;11,180000305175781;11,170000076293945;11,170000076293945;1900
2026-10-01;14:45:00;-03:00;11,180000305175781;11,180000305175781;11,170000076293945;11,170000076293945;800
2026-10-01;14:46:00;-03:00;11,170000076293945;11,180000305175781;11,15999984741211;11,180000305175781;41900
2026-10-01;14:47:00;-03:00;11,170000076293945;11,170000076293945;11,15999984741211;11,170000076293945;19300
2026-10-01;14:48:00;-03:00;11,170000076293945;11,170000076293945;11,15999984741211;11,170000076293945;44900
2026-10-01;14:49:00;-03:00;11,15999984741211;11,170000076293945;11,15999984741211;11,15999984741211;1100
2026-10-01;14:50:00;-03:00;11,15999984741211;11,180000305175781;11,15999984741211;11,170000076293945;33100
2026-10-01;14:51:00;-03:00;11,170000076293945;11,170000076293945;11,170000076293945;11,170000076293945;1300
2026-10-01;14:52:00;-03:00;11,170000076293945;11,180000305175781;11,170000076293945;11,180000305175781;1000
2026-10-01;14:53:00;-03:00;11,170000076293945;11,180000305175781;11,170000076293945;11,180000305175781;4400
2026-10-01;14:54:00;-03:00;11,180000305175781;11,180000305175781;11,15999984741211;11,15999984741211;28700
2026-10-01;14:55:00;-03:00;11,15999984741211;11,170000076293945;11,149999618530273;11,15999984741211;66000
2026-10-01;14:56:00;-03:00;11,170000076293945;11,180000305175781;11,15999984741211;11,170000076293945;88400
2026-10-01;14:57:00;-03:00;11,170000076293945;11,180000305175781;11,149999618530273;11,149999618530273;36100
2026-10-01;14:58:00;-03:00;11,149999618530273;11,15999984741211;11,149999618530273;11,149999618530273;11200
2026-10-01;14:59:00;-03:00;11,149999618530273;11,15999984741211;11,149999618530273;11,15999984741211;17600
2026-10-01;15:00:00;-03:00;11,15999984741211;11,15999984741211;11,140000343322754;11,140000343322754;52500
2026-10-01;15:01:00;-03:00;11,149999618530273;11,15999984741211;11,140000343322754;11,149999618530273;34100
2026-10-01;15:02:00;-03:00;11,15999984741211;11,15999984741211;11,149999618530273;11,15999984741211;1800
2026-10-01;15:03:00;-03:00;11,15999984741211;11,15999984741211;11,149999618530273;11,149999618530273;1700
2026-10-01;15:04:00;-03:00;11,149999618530273;11,15999984741211;11,149999618530273;11,15999984741211;2200
2026-10-01;15:05:00;-03:00;11,149999618530273;11,15999984741211;11,149999618530273;11,15999984741211;3500
2026-10-01;15:06:00;-03:00;11,15999984741211;11,15999984741211;11,149999618530273;11,15999984741211;6200
2026-10-01;15:07:00;-03:00;11,15999984741211;11,170000076293945;11,15999984741211;11,170000076293945;75100
2026-10-01;15:08:00;-03:00;11,15999984741211;11,170000076293945;11,15999984741211;11,170000076293945;4100
2026-10-01;15:09:00;-03:00;11,15999984741211;11,170000076293945;11,15999984741211;11,15999984741211;5600
2026-10-01;15:10:00;-03:00;11,15999984741211;11,170000076293945;11,15999984741211;11,15999984741211;4300
2026-10-01;15:11:00;-03:00;11,170000076293945;11,170000076293945;11,15999984741211;11,15999984741211;3400
2026-10-01;15:12:00;-03:00;11,170000076293945;11,170000076293945;11,15999984741211;11,170000076293945;49900
2026-10-01;15:13:00;-03:00;11,170000076293945;11,170000076293945;11,15999984741211;11,170000076293945;4600
2026-10-01;15:14:00;-03:00;11,170000076293945;11,170000076293945;11,15999984741211;11,170000076293945;4500
2026-10-01;15:15:00;-03:00;11,15999984741211;11,170000076293945;11,149999618530273;11,15999984741211;150100
2026-10-01;15:16:00;-03:00;11,15999984741211;11,170000076293945;11,15999984741211;11,15999984741211;10800
2026-10-01;15:17:00;-03:00;11,15999984741211;11,170000076293945;11,15999984741211;11,170000076293945;5600
2026-10-01;15:18:00;-03:00;11,15999984741211;11,170000076293945;11,15999984741211;11,15999984741211;2500
2026-10-01;15:19:00;-03:00;11,170000076293945;11,170000076293945;11,149999618530273;11,149999618530273;82400
2026-10-01;15:20:00;-03:00;11,15999984741211;11,15999984741211;11,140000343322754;11,149999618530273;22000
2026-10-01;15:21:00;-03:00;11,149999618530273;11,15999984741211;11,140000343322754;11,149999618530273;16100
2026-10-01;15:22:00;-03:00;11,15999984741211;11,15999984741211;11,140000343322754;11,15999984741211;13700
2026-10-01;15:23:00;-03:00;11,149999618530273;11,170000076293945;11,149999618530273;11,15999984741211;83300
2026-10-01;15:24:00;-03:00;11,170000076293945;11,170000076293945;11,149999618530273;11,15999984741211;12200
2026-10-01;15:25:00;-03:00;11,149999618530273;11,15999984741211;11,140000343322754;11,149999618530273;10900
2026-10-01;15:26:00;-03:00;11,140000343322754;11,149999618530273;11,140000343322754;11,149999618530273;6000
2026-10-01;15:27:00;-03:00;11,149999618530273;11,149999618530273;11,140000343322754;11,149999618530273;5900
2026-10-01;15:28:00;-03:00;11,149999618530273;11,149999618530273;11,140000343322754;11,140000343322754;12600
2026-10-01;15:29:00;-03:00;11,140000343322754;11,149999618530273;11,140000343322754;11,149999618530273;4500
2026-10-01;15:30:00;-03:00;11,140000343322754;11,15999984741211;11,140000343322754;11,15999984741211;11100
2026-10-01;15:31:00;-03:00;11,15999984741211;11,15999984741211;11,149999618530273;11,15999984741211;2700
2026-10-01;15:32:00;-03:00;11,15999984741211;11,15999984741211;11,149999618530273;11,15999984741211;4800
2026-10-01;15:33:00;-03:00;11,15999984741211;11,15999984741211;11,149999618530273;11,15999984741211;4300
2026-10-01;15:34:00;-03:00;11,15999984741211;11,170000076293945;11,149999618530273;11,15999984741211;41600
2026-10-01;15:35:00;-03:00;11,170000076293945;11,170000076293945;11,15999984741211;11,15999984741211;3800
2026-10-01;15:36:00;-03:00;11,15999984741211;11,170000076293945;11,15999984741211;11,170000076293945;5100
2026-10-01;15:37:00;-03:00;11,170000076293945;11,170000076293945;11,15999984741211;11,15999984741211;5800
2026-10-01;15:38:00;-03:00;11,170000076293945;11,170000076293945;11,15999984741211;11,170000076293945;5000
2026-10-01;15:39:00;-03:00;11,170000076293945;11,180000305175781;11,15999984741211;11,170000076293945;93000
2026-10-01;15:40:00;-03:00;11,170000076293945;11,170000076293945;11,149999618530273;11,149999618530273;23300
2026-10-01;15:41:00;-03:00;11,149999618530273;11,15999984741211;11,149999618530273;11,149999618530273;11400
2026-10-01;15:42:00;-03:00;11,15999984741211;11,15999984741211;11,149999618530273;11,149999618530273;2100
2026-10-01;15:43:00;-03:00;11,15999984741211;11,15999984741211;11,149999618530273;11,149999618530273;4400
2026-10-01;15:44:00;-03:00;11,15999984741211;11,15999984741211;11,149999618530273;11,15999984741211;3600
2026-10-01;15:45:00;-03:00;11,149999618530273;11,15999984741211;11,149999618530273;11,15999984741211;2500
2026-10-01;15:46:00;-03:00;11,149999618530273;11,15999984741211;11,149999618530273;11,15999984741211;2700
2026-10-01;15:47:00;-03:00;11,15999984741211;11,15999984741211;11,149999618530273;11,15999984741211;16100
2026-10-01;15:48:00;-03:00;11,149999618530273;11,15999984741211;11,149999618530273;11,149999618530273;2400
2026-10-01;15:49:00;-03:00;11,149999618530273;11,15999984741211;11,149999618530273;11,15999984741211;9100
2026-10-01;15:50:00;-03:00;11,15999984741211;11,15999984741211;11,149999618530273;11,149999618530273;5900
2026-10-01;15:51:00;-03:00;11,149999618530273;11,15999984741211;11,149999618530273;11,15999984741211;4300
2026-10-01;15:52:00;-03:00;11,15999984741211;11,15999984741211;11,149999618530273;11,15999984741211;7400
2026-10-01;15:53:00;-03:00;11,15999984741211;11,15999984741211;11,149999618530273;11,149999618530273;8000
2026-10-01;15:54:00;-03:00;11,149999618530273;11,15999984741211;11,149999618530273;11,15999984741211;3500
2026-10-01;15:55:00;-03:00;11,149999618530273;11,15999984741211;11,140000343322754;11,149999618530273;48000
2026-10-01;15:56:00;-03:00;11,149999618530273;11,15999984741211;11,149999618530273;11,15999984741211;2700
2026-10-01;15:57:00;-03:00;11,149999618530273;11,149999618530273;11,140000343322754;11,140000343322754;46600
2026-10-01;15:58:00;-03:00;11,140000343322754;11,149999618530273;11,140000343322754;11,149999618530273;112500
2026-10-01;15:59:00;-03:00;11,140000343322754;11,149999618530273;11,140000343322754;11,140000343322754;0
2026-10-01;16:00:00;-03:00;11,149999618530273;11,15999984741211;11,140000343322754;11,15999984741211;19600
2026-10-01;16:01:00;-03:00;11,149999618530273;11,15999984741211;11,149999618530273;11,15999984741211;8200
2026-10-01;16:02:00;-03:00;11,15999984741211;11,15999984741211;11,149999618530273;11,149999618530273;7800
2026-10-01;16:03:00;-03:00;11,15999984741211;11,15999984741211;11,140000343322754;11,149999618530273;26700
2026-10-01;16:04:00;-03:00;11,140000343322754;11,149999618530273;11,140000343322754;11,140000343322754;20300
2026-10-01;16:05:00;-03:00;11,149999618530273;11,15999984741211;11,140000343322754;11,15999984741211;61300
2026-10-01;16:06:00;-03:00;11,15999984741211;11,15999984741211;11,140000343322754;11,149999618530273;14000
2026-10-01;16:07:00;-03:00;11,149999618530273;11,149999618530273;11,140000343322754;11,140000343322754;4600
2026-10-01;16:08:00;-03:00;11,149999618530273;11,15999984741211;11,140000343322754;11,149999618530273;12200
2026-10-01;16:09:00;-03:00;11,15999984741211;11,15999984741211;11,149999618530273;11,15999984741211;2600
2026-10-01;16:10:00;-03:00;11,149999618530273;11,15999984741211;11,149999618530273;11,15999984741211;5200
2026-10-01;16:11:00;-03:00;11,15999984741211;11,15999984741211;11,149999618530273;11,15999984741211;3600
2026-10-01;16:12:00;-03:00;11,15999984741211;11,15999984741211;11,149999618530273;11,149999618530273;11800
2026-10-01;16:13:00;-03:00;11,149999618530273;11,170000076293945;11,149999618530273;11,170000076293945;61600
2026-10-01;16:14:00;-03:00;11,15999984741211;11,170000076293945;11,15999984741211;11,170000076293945;15600
2026-10-01;16:15:00;-03:00;11,170000076293945;11,170000076293945;11,15999984741211;11,170000076293945;6400
2026-10-01;16:16:00;-03:00;11,170000076293945;11,170000076293945;11,15999984741211;11,170000076293945;15000
2026-10-01;16:17:00;-03:00;11,170000076293945;11,170000076293945;11,15999984741211;11,15999984741211;8200
2026-10-01;16:18:00;-03:00;11,170000076293945;11,170000076293945;11,15999984741211;11,170000076293945;5500
2026-10-01;16:19:00;-03:00;11,170000076293945;11,170000076293945;11,15999984741211;11,170000076293945;7300
2026-10-01;16:20:00;-03:00;11,170000076293945;11,170000076293945;11,15999984741211;11,170000076293945;16800
2026-10-01;16:21:00;-03:00;11,170000076293945;11,170000076293945;11,15999984741211;11,170000076293945;3700
2026-10-01;16:22:00;-03:00;11,15999984741211;11,170000076293945;11,15999984741211;11,170000076293945;4800
2026-10-01;16:23:00;-03:00;11,170000076293945;11,170000076293945;11,15999984741211;11,15999984741211;5800
2026-10-01;16:24:00;-03:00;11,15999984741211;11,170000076293945;11,15999984741211;11,15999984741211;5200
2026-10-01;16:25:00;-03:00;11,170000076293945;11,170000076293945;11,15999984741211;11,15999984741211;9400
2026-10-01;16:26:00;-03:00;11,170000076293945;11,170000076293945;11,15999984741211;11,15999984741211;6900
2026-10-01;16:27:00;-03:00;11,170000076293945;11,170000076293945;11,15999984741211;11,15999984741211;6000
2026-10-01;16:28:00;-03:00;11,15999984741211;11,180000305175781;11,15999984741211;11,180000305175781;49600
2026-10-01;16:29:00;-03:00;11,180000305175781;11,180000305175781;11,170000076293945;11,180000305175781;5200
2026-10-01;16:30:00;-03:00;11,180000305175781;11,180000305175781;11,15999984741211;11,170000076293945;53800
2026-10-01;16:31:00;-03:00;11,170000076293945;11,180000305175781;11,15999984741211;11,15999984741211;73900
2026-10-01;16:32:00;-03:00;11,170000076293945;11,170000076293945;11,15999984741211;11,15999984741211;13400
2026-10-01;16:33:00;-03:00;11,170000076293945;11,170000076293945;11,15999984741211;11,15999984741211;2600
2026-10-01;16:34:00;-03:00;11,15999984741211;11,180000305175781;11,15999984741211;11,15999984741211;57100
2026-10-01;16:35:00;-03:00;11,15999984741211;11,180000305175781;11,15999984741211;11,180000305175781;39200
2026-10-01;16:36:00;-03:00;11,170000076293945;11,180000305175781;11,15999984741211;11,15999984741211;29500
2026-10-01;16:37:00;-03:00;11,15999984741211;11,170000076293945;11,15999984741211;11,170000076293945;2800
2026-10-01;16:38:00;-03:00;11,15999984741211;11,15999984741211;11,15999984741211;11,15999984741211;2300
2026-10-01;16:39:00;-03:00;11,15999984741211;11,170000076293945;11,15999984741211;11,170000076293945;3500
2026-10-01;16:40:00;-03:00;11,15999984741211;11,170000076293945;11,15999984741211;11,170000076293945;4100
2026-10-01;16:41:00;-03:00;11,170000076293945;11,170000076293945;11,15999984741211;11,170000076293945;26400
2026-10-01;16:42:00;-03:00;11,170000076293945;11,170000076293945;11,15999984741211;11,170000076293945;18800
2026-10-01;16:43:00;-03:00;11,15999984741211;11,170000076293945;11,15999984741211;11,15999984741211;6700
2026-10-01;16:44:00;-03:00;11,170000076293945;11,170000076293945;11,15999984741211;11,170000076293945;23500
2026-10-01;16:45:00;-03:00;11,170000076293945;11,180000305175781;11,170000076293945;11,180000305175781;39900
2026-10-01;16:46:00;-03:00;11,180000305175781;11,180000305175781;11,170000076293945;11,180000305175781;15900
2026-10-01;16:47:00;-03:00;11,180000305175781;11,180000305175781;11,170000076293945;11,170000076293945;12400
2026-10-01;16:48:00;-03:00;11,180000305175781;11,180000305175781;11,170000076293945;11,180000305175781;32100
2026-10-01;16:49:00;-03:00;11,180000305175781;11,180000305175781;11,170000076293945;11,170000076293945;9200
2026-10-01;16:50:00;-03:00;11,180000305175781;11,180000305175781;11,170000076293945;11,170000076293945;14700
2026-10-01;16:51:00;-03:00;11,180000305175781;11,1899995803833;11,15999984741211;11,170000076293945;259200
2026-10-01;16:52:00;-03:00;11,170000076293945;11,180000305175781;11,15999984741211;11,170000076293945;28200
2026-10-01;16:53:00;-03:00;11,170000076293945;11,180000305175781;11,170000076293945;11,170000076293945;3400
2026-10-01;16:54:00;-03:00;11,180000305175781;11,180000305175781;11,15999984741211;11,180000305175781;16800
2026-10-02;10:09:00;-03:00;11,359999656677246;11,359999656677246;11,270000457763672;11,300000190734863;0
2026-10-02;10:10:00;-03:00;11,300000190734863;11,319999694824219;11,289999961853027;11,289999961853027;41000
2026-10-02;10:11:00;-03:00;11,300000190734863;11,350000381469727;11,289999961853027;11,34000015258789;106000
2026-10-02;10:12:00;-03:00;11,350000381469727;11,350000381469727;11,329999923706055;11,34000015258789;21700
2026-10-02;10:13:00;-03:00;11,350000381469727;11,350000381469727;11,329999923706055;11,34000015258789;131400
2026-10-02;10:14:00;-03:00;11,329999923706055;11,34000015258789;11,319999694824219;11,329999923706055;77600
2026-10-02;10:15:00;-03:00;11,34000015258789;11,34000015258789;11,329999923706055;11,329999923706055;21200
2026-10-02;10:16:00;-03:00;11,34000015258789;11,34000015258789;11,329999923706055;11,34000015258789;41400
2026-10-02;10:17:00;-03:00;11,34000015258789;11,350000381469727;11,319999694824219;11,329999923706055;51100
2026-10-02;10:18:00;-03:00;11,329999923706055;11,359999656677246;11,329999923706055;11,359999656677246;50400
2026-10-02;10:19:00;-03:00;11,350000381469727;11,369999885559082;11,350000381469727;11,359999656677246;29000
2026-10-02;10:20:00;-03:00;11,359999656677246;11,369999885559082;11,350000381469727;11,359999656677246;21000
2026-10-02;10:21:00;-03:00;11,359999656677246;11,359999656677246;11,350000381469727;11,359999656677246;17500
2026-10-02;10:22:00;-03:00;11,350000381469727;11,359999656677246;11,329999923706055;11,34000015258789;12600
2026-10-02;10:23:00;-03:00;11,34000015258789;11,350000381469727;11,34000015258789;11,34000015258789;18700
2026-10-02;10:24:00;-03:00;11,329999923706055;11,34000015258789;11,329999923706055;11,34000015258789;1500
2026-10-02;10:25:00;-03:00;11,329999923706055;11,34000015258789;11,319999694824219;11,329999923706055;83300
2026-10-02;10:26:00;-03:00;11,329999923706055;11,350000381469727;11,329999923706055;11,34000015258789;14600
2026-10-02;10:27:00;-03:00;11,34000015258789;11,34000015258789;11,329999923706055;11,329999923706055;14600
2026-10-02;10:28:00;-03:00;11,319999694824219;11,34000015258789;11,319999694824219;11,329999923706055;48000
2026-10-02;10:29:00;-03:00;11,34000015258789;11,34000015258789;11,329999923706055;11,329999923706055;15300
2026-10-02;10:30:00;-03:00;11,34000015258789;11,34000015258789;11,319999694824219;11,34000015258789;35200
2026-10-02;10:31:00;-03:00;11,329999923706055;11,359999656677246;11,329999923706055;11,34000015258789;74600
2026-10-02;10:32:00;-03:00;11,329999923706055;11,34000015258789;11,319999694824219;11,34000015258789;12100
2026-10-02;10:33:00;-03:00;11,329999923706055;11,329999923706055;11,300000190734863;11,3100004196167;26000
2026-10-02;10:34:00;-03:00;11,300000190734863;11,319999694824219;11,279999732971191;11,279999732971191;57300
2026-10-02;10:35:00;-03:00;11,289999961853027;11,289999961853027;11,270000457763672;11,270000457763672;34100
2026-10-02;10:36:00;-03:00;11,279999732971191;11,289999961853027;11,260000228881836;11,260000228881836;22800
2026-10-02;10:37:00;-03:00;11,270000457763672;11,300000190734863;11,270000457763672;11,279999732971191;57400
2026-10-02;10:38:00;-03:00;11,279999732971191;11,279999732971191;11,270000457763672;11,279999732971191;6800
2026-10-02;10:39:00;-03:00;11,279999732971191;11,279999732971191;11,25;11,25;107800
2026-10-02;10:40:00;-03:00;11,260000228881836;11,270000457763672;11,25;11,270000457763672;26600
2026-10-02;10:41:00;-03:00;11,270000457763672;11,270000457763672;11,239999771118164;11,239999771118164;135800
2026-10-02;10:42:00;-03:00;11,25;11,260000228881836;11,239999771118164;11,260000228881836;237500
2026-10-02;10:43:00;-03:00;11,25;11,260000228881836;11,229999542236328;11,229999542236328;91400
2026-10-02;10:44:00;-03:00;11,229999542236328;11,229999542236328;11,210000038146973;11,220000267028809;825800
2026-10-02;10:45:00;-03:00;11,220000267028809;11,239999771118164;11,220000267028809;11,220000267028809;134100
2026-10-02;10:46:00;-03:00;11,220000267028809;11,229999542236328;11,220000267028809;11,229999542236328;12500
2026-10-02;10:47:00;-03:00;11,229999542236328;11,229999542236328;11,210000038146973;11,220000267028809;141300
2026-10-02;10:48:00;-03:00;11,210000038146973;11,220000267028809;11,210000038146973;11,220000267028809;16300
2026-10-02;10:49:00;-03:00;11,210000038146973;11,210000038146973;11,180000305175781;11,199999809265137;188300
2026-10-02;10:50:00;-03:00;11,1899995803833;11,199999809265137;11,1899995803833;11,1899995803833;232200
2026-10-02;10:51:00;-03:00;11,1899995803833;11,199999809265137;11,1899995803833;11,1899995803833;3800
2026-10-02;10:52:00;-03:00;11,1899995803833;11,199999809265137;11,180000305175781;11,1899995803833;620100
2026-10-02;10:53:00;-03:00;11,180000305175781;11,1899995803833;11,15999984741211;11,15999984741211;41700
2026-10-02;10:54:00;-03:00;11,15999984741211;11,15999984741211;11,140000343322754;11,149999618530273;36700
2026-10-02;10:55:00;-03:00;11,149999618530273;11,180000305175781;11,149999618530273;11,149999618530273;68400
2026-10-02;10:56:00;-03:00;11,149999618530273;11,15999984741211;11,149999618530273;11,15999984741211;42800
2026-10-02;10:57:00;-03:00;11,15999984741211;11,170000076293945;11,149999618530273;11,15999984741211;131800
2026-10-02;10:58:00;-03:00;11,15999984741211;11,170000076293945;11,149999618530273;11,15999984741211;34000
2026-10-02;10:59:00;-03:00;11,15999984741211;11,15999984741211;11,149999618530273;11,149999618530273;37200
2026-10-02;11:00:00;-03:00;11,149999618530273;11,149999618530273;11,140000343322754;11,140000343322754;38200
2026-10-02;11:01:00;-03:00;11,140000343322754;11,149999618530273;11,130000114440918;11,149999618530273;50000
2026-10-02;11:02:00;-03:00;11,140000343322754;11,15999984741211;11,140000343322754;11,140000343322754;16400
2026-10-02;11:03:00;-03:00;11,140000343322754;11,15999984741211;11,140000343322754;11,149999618530273;63300
2026-10-02;11:04:00;-03:00;11,149999618530273;11,149999618530273;11,140000343322754;11,149999618530273;88600
2026-10-02;11:05:00;-03:00;11,140000343322754;11,149999618530273;11,140000343322754;11,149999618530273;14500
2026-10-02;11:06:00;-03:00;11,149999618530273;11,15999984741211;11,140000343322754;11,140000343322754;38100
2026-10-02;11:07:00;-03:00;11,140000343322754;11,149999618530273;11,140000343322754;11,140000343322754;20600
2026-10-02;11:08:00;-03:00;11,140000343322754;11,140000343322754;11,130000114440918;11,130000114440918;22600
2026-10-02;11:09:00;-03:00;11,130000114440918;11,140000343322754;11,119999885559082;11,130000114440918;58600
2026-10-02;11:10:00;-03:00;11,130000114440918;11,140000343322754;11,130000114440918;11,140000343322754;16500
2026-10-02;11:11:00;-03:00;11,140000343322754;11,140000343322754;11,119999885559082;11,130000114440918;29700
2026-10-02;11:12:00;-03:00;11,119999885559082;11,140000343322754;11,119999885559082;11,130000114440918;45300
2026-10-02;11:13:00;-03:00;11,130000114440918;11,140000343322754;11,130000114440918;11,130000114440918;17500
2026-10-02;11:14:00;-03:00;11,119999885559082;11,130000114440918;11,119999885559082;11,130000114440918;17700
2026-10-02;11:15:00;-03:00;11,140000343322754;11,140000343322754;11,130000114440918;11,140000343322754;14900
2026-10-02;11:16:00;-03:00;11,130000114440918;11,149999618530273;11,109999656677246;11,109999656677246;195100
2026-10-02;11:17:00;-03:00;11,109999656677246;11,119999885559082;11,109999656677246;11,109999656677246;61400
2026-10-02;11:18:00;-03:00;11,119999885559082;11,130000114440918;11,119999885559082;11,130000114440918;75300
2026-10-02;11:19:00;-03:00;11,119999885559082;11,130000114440918;11,119999885559082;11,119999885559082;28300
2026-10-02;11:20:00;-03:00;11,130000114440918;11,130000114440918;11,119999885559082;11,119999885559082;43600
2026-10-02;11:21:00;-03:00;11,130000114440918;11,130000114440918;11,109999656677246;11,119999885559082;45900
2026-10-02;11:22:00;-03:00;11,119999885559082;11,119999885559082;11,09000015258789;11,100000381469727;110500
2026-10-02;11:23:00;-03:00;11,109999656677246;11,109999656677246;11,079999923706055;11,079999923706055;58000
2026-10-02;11:24:00;-03:00;11,09000015258789;11,09000015258789;11,079999923706055;11,09000015258789;16000
2026-10-02;11:25:00;-03:00;11,079999923706055;11,09000015258789;11,079999923706055;11,09000015258789;5400
2026-10-02;11:26:00;-03:00;11,09000015258789;11,09000015258789;11,09000015258789;11,09000015258789;23600
2026-10-02;11:27:00;-03:00;11,09000015258789;11,100000381469727;11,079999923706055;11,100000381469727;90300
2026-10-02;11:28:00;-03:00;11,109999656677246;11,119999885559082;11,100000381469727;11,109999656677246;49600
2026-10-02;11:29:00;-03:00;11,109999656677246;11,130000114440918;11,109999656677246;11,130000114440918;39100
2026-10-02;11:30:00;-03:00;11,130000114440918;11,130000114440918;11,130000114440918;11,130000114440918;55500
2026-10-02;11:31:00;-03:00;11,140000343322754;11,140000343322754;11,130000114440918;11,140000343322754;0
2026-10-02;11:32:00;-03:00;11,140000343322754;11,149999618530273;11,130000114440918;11,149999618530273;24400
2026-10-02;11:33:00;-03:00;11,149999618530273;11,149999618530273;11,140000343322754;11,140000343322754;31900
2026-10-02;11:34:00;-03:00;11,130000114440918;11,140000343322754;11,119999885559082;11,130000114440918;25400
2026-10-02;11:35:00;-03:00;11,130000114440918;11,140000343322754;11,130000114440918;11,140000343322754;6300
2026-10-02;11:36:00;-03:00;11,140000343322754;11,149999618530273;11,130000114440918;11,149999618530273;36000
2026-10-02;11:37:00;-03:00;11,149999618530273;11,15999984741211;11,149999618530273;11,15999984741211;17200
2026-10-02;11:38:00;-03:00;11,149999618530273;11,15999984741211;11,149999618530273;11,15999984741211;25400
2026-10-02;11:39:00;-03:00;11,15999984741211;11,15999984741211;11,140000343322754;11,15999984741211;85500
2026-10-02;11:40:00;-03:00;11,149999618530273;11,149999618530273;11,149999618530273;11,149999618530273;30900
2026-10-02;11:41:00;-03:00;11,149999618530273;11,15999984741211;11,149999618530273;11,149999618530273;20400
2026-10-02;11:42:00;-03:00;11,149999618530273;11,149999618530273;11,140000343322754;11,140000343322754;12100
2026-10-02;11:43:00;-03:00;11,140000343322754;11,149999618530273;11,140000343322754;11,140000343322754;14800
2026-10-02;11:44:00;-03:00;11,140000343322754;11,140000343322754;11,119999885559082;11,130000114440918;16100
2026-10-02;11:45:00;-03:00;11,119999885559082;11,140000343322754;11,119999885559082;11,140000343322754;26400
2026-10-02;11:46:00;-03:00;11,119999885559082;11,130000114440918;11,119999885559082;11,130000114440918;12200
2026-10-02;11:47:00;-03:00;11,119999885559082;11,130000114440918;11,119999885559082;11,119999885559082;17400
2026-10-02;11:48:00;-03:00;11,119999885559082;11,119999885559082;11,109999656677246;11,109999656677246;28300
2026-10-02;11:49:00;-03:00;11,119999885559082;11,119999885559082;11,100000381469727;11,109999656677246;15300
2026-10-02;11:50:00;-03:00;11,109999656677246;11,109999656677246;11,100000381469727;11,100000381469727;4200
2026-10-02;11:51:00;-03:00;11,109999656677246;11,109999656677246;11,100000381469727;11,109999656677246;37300
2026-10-02;11:52:00;-03:00;11,100000381469727;11,109999656677246;11,100000381469727;11,109999656677246;2600
2026-10-02;11:53:00;-03:00;11,100000381469727;11,100000381469727;11,09000015258789;11,09000015258789;64700
2026-10-02;11:54:00;-03:00;11,09000015258789;11,100000381469727;11,09000015258789;11,09000015258789;50300
2026-10-02;11:55:00;-03:00;11,079999923706055;11,09000015258789;11,069999694824219;11,079999923706055;38700
2026-10-02;11:56:00;-03:00;11,069999694824219;11,100000381469727;11,069999694824219;11,079999923706055;54500
2026-10-02;11:57:00;-03:00;11,09000015258789;11,09000015258789;11,079999923706055;11,079999923706055;18400
2026-10-02;11:58:00;-03:00;11,09000015258789;11,09000015258789;11,079999923706055;11,09000015258789;15700
2026-10-02;11:59:00;-03:00;11,09000015258789;11,09000015258789;11,079999923706055;11,079999923706055;12700
2026-10-02;12:00:00;-03:00;11,079999923706055;11,079999923706055;11,0600004196167;11,069999694824219;53700
2026-10-02;12:01:00;-03:00;11,0600004196167;11,0600004196167;11,050000190734863;11,0600004196167;60600
2026-10-02;12:02:00;-03:00;11,0600004196167;11,069999694824219;11,0600004196167;11,0600004196167;32700
2026-10-02;12:03:00;-03:00;11,050000190734863;11,0600004196167;11,039999961853027;11,050000190734863;34000
2026-10-02;12:04:00;-03:00;11,050000190734863;11,0600004196167;11,050000190734863;11,0600004196167;28500
2026-10-02;12:05:00;-03:00;11,069999694824219;11,069999694824219;11,069999694824219;11,069999694824219;1100
2026-10-02;12:06:00;-03:00;11,0600004196167;11,069999694824219;11,0600004196167;11,0600004196167;28900
2026-10-02;12:07:00;-03:00;11,069999694824219;11,069999694824219;11,069999694824219;11,069999694824219;17800
2026-10-02;12:08:00;-03:00;11,069999694824219;11,069999694824219;11,0600004196167;11,069999694824219;2600
2026-10-02;12:09:00;-03:00;11,0600004196167;11,079999923706055;11,0600004196167;11,079999923706055;18000
2026-10-02;12:10:00;-03:00;11,069999694824219;11,079999923706055;11,069999694824219;11,069999694824219;18700
2026-10-02;12:11:00;-03:00;11,079999923706055;11,079999923706055;11,069999694824219;11,069999694824219;13500
2026-10-02;12:12:00;-03:00;11,069999694824219;11,069999694824219;11,0600004196167;11,069999694824219;3200
2026-10-02;12:13:00;-03:00;11,0600004196167;11,069999694824219;11,0600004196167;11,0600004196167;4800
2026-10-02;12:14:00;-03:00;11,0600004196167;11,069999694824219;11,0600004196167;11,069999694824219;5800
2026-10-02;12:15:00;-03:00;11,069999694824219;11,079999923706055;11,069999694824219;11,069999694824219;7400
2026-10-02;12:16:00;-03:00;11,069999694824219;11,079999923706055;11,069999694824219;11,069999694824219;5400
2026-10-02;12:17:00;-03:00;11,079999923706055;11,09000015258789;11,069999694824219;11,09000015258789;36400
2026-10-02;12:18:00;-03:00;11,09000015258789;11,09000015258789;11,09000015258789;11,09000015258789;0
2026-10-02;12:19:00;-03:00;11,09000015258789;11,09000015258789;11,079999923706055;11,079999923706055;6500
2026-10-02;12:20:00;-03:00;11,09000015258789;11,09000015258789;11,079999923706055;11,09000015258789;7600
2026-10-02;12:21:00;-03:00;11,09000015258789;11,100000381469727;11,079999923706055;11,100000381469727;62000
2026-10-02;12:22:00;-03:00;11,100000381469727;11,100000381469727;11,09000015258789;11,09000015258789;67700
2026-10-02;12:23:00;-03:00;11,09000015258789;11,09000015258789;11,079999923706055;11,079999923706055;39100
2026-10-02;12:24:00;-03:00;11,09000015258789;11,09000015258789;11,09000015258789;11,09000015258789;400
2026-10-02;12:25:00;-03:00;11,079999923706055;11,079999923706055;11,069999694824219;11,079999923706055;15700
2026-10-02;12:26:00;-03:00;11,079999923706055;11,09000015258789;11,079999923706055;11,09000015258789;50200
2026-10-02;12:27:00;-03:00;11,09000015258789;11,130000114440918;11,079999923706055;11,130000114440918;257800
2026-10-02;12:28:00;-03:00;11,119999885559082;11,140000343322754;11,119999885559082;11,140000343322754;536500
2026-10-02;12:29:00;-03:00;11,130000114440918;11,140000343322754;11,130000114440918;11,140000343322754;1000
2026-10-02;12:30:00;-03:00;11,140000343322754;11,140000343322754;11,130000114440918;11,130000114440918;39900
2026-10-02;12:31:00;-03:00;11,130000114440918;11,140000343322754;11,130000114440918;11,130000114440918;4600
2026-10-02;12:32:00;-03:00;11,130000114440918;11,149999618530273;11,130000114440918;11,140000343322754;73900
2026-10-02;12:33:00;-03:00;11,149999618530273;11,149999618530273;11,130000114440918;11,140000343322754;21200
2026-10-02;12:34:00;-03:00;11,140000343322754;11,140000343322754;11,130000114440918;11,140000343322754;7000
2026-10-02;12:35:00;-03:00;11,140000343322754;11,140000343322754;11,130000114440918;11,140000343322754;3400
2026-10-02;12:36:00;-03:00;11,130000114440918;11,149999618530273;11,130000114440918;11,140000343322754;48100
2026-10-02;12:37:00;-03:00;11,140000343322754;11,140000343322754;11,130000114440918;11,130000114440918;12000
2026-10-02;12:38:00;-03:00;11,130000114440918;11,140000343322754;11,130000114440918;11,140000343322754;90100
2026-10-02;12:39:00;-03:00;11,140000343322754;11,140000343322754;11,130000114440918;11,140000343322754;29600
2026-10-02;12:40:00;-03:00;11,140000343322754;11,140000343322754;11,130000114440918;11,140000343322754;6900
2026-10-02;12:41:00;-03:00;11,130000114440918;11,140000343322754;11,130000114440918;11,140000343322754;2300
2026-10-02;12:42:00;-03:00;11,140000343322754;11,140000343322754;11,130000114440918;11,140000343322754;5300
2026-10-02;12:43:00;-03:00;11,140000343322754;11,149999618530273;11,140000343322754;11,140000343322754;25200
2026-10-02;12:44:00;-03:00;11,140000343322754;11,140000343322754;11,130000114440918;11,140000343322754;5900
2026-10-02;12:45:00;-03:00;11,140000343322754;11,140000343322754;11,130000114440918;11,140000343322754;4800
2026-10-02;12:46:00;-03:00;11,140000343322754;11,140000343322754;11,130000114440918;11,130000114440918;10500
2026-10-02;12:47:00;-03:00;11,140000343322754;11,140000343322754;11,130000114440918;11,130000114440918;6900
2026-10-02;12:48:00;-03:00;11,140000343322754;11,140000343322754;11,130000114440918;11,130000114440918;39000
2026-10-02;12:49:00;-03:00;11,130000114440918;11,140000343322754;11,130000114440918;11,130000114440918;5300
2026-10-02;12:50:00;-03:00;11,140000343322754;11,149999618530273;11,140000343322754;11,149999618530273;244100
2026-10-02;12:51:00;-03:00;11,149999618530273;11,15999984741211;11,149999618530273;11,149999618530273;5300
2026-10-02;12:52:00;-03:00;11,149999618530273;11,15999984741211;11,149999618530273;11,15999984741211;103300
2026-10-02;12:53:00;-03:00;11,149999618530273;11,149999618530273;11,149999618530273;11,149999618530273;2600
2026-10-02;12:54:00;-03:00;11,15999984741211;11,15999984741211;11,149999618530273;11,15999984741211;10000
2026-10-02;12:55:00;-03:00;11,15999984741211;11,15999984741211;11,149999618530273;11,15999984741211;104600
2026-10-02;12:56:00;-03:00;11,149999618530273;11,15999984741211;11,149999618530273;11,15999984741211;4200
2026-10-02;12:57:00;-03:00;11,149999618530273;11,15999984741211;11,149999618530273;11,149999618530273;36400
2026-10-02;12:58:00;-03:00;11,149999618530273;11,15999984741211;11,149999618530273;11,149999618530273;4400
2026-10-02;12:59:00;-03:00;11,149999618530273;11,15999984741211;11,149999618530273;11,149999618530273;4600
2026-10-02;13:00:00;-03:00;11,15999984741211;11,170000076293945;11,15999984741211;11,15999984741211;198300
2026-10-02;13:01:00;-03:00;11,15999984741211;11,15999984741211;11,15999984741211;11,15999984741211;42500
2026-10-02;13:02:00;-03:00;11,15999984741211;11,15999984741211;11,140000343322754;11,149999618530273;37900
2026-10-02;13:03:00;-03:00;11,149999618530273;11,149999618530273;11,140000343322754;11,140000343322754;7400
2026-10-02;13:04:00;-03:00;11,140000343322754;11,149999618530273;11,130000114440918;11,149999618530273;112100
2026-10-02;13:05:00;-03:00;11,149999618530273;11,15999984741211;11,149999618530273;11,149999618530273;34000
2026-10-02;13:06:00;-03:00;11,149999618530273;11,149999618530273;11,140000343322754;11,149999618530273;5200
2026-10-02;13:07:00;-03:00;11,149999618530273;11,149999618530273;11,140000343322754;11,149999618530273;6500
2026-10-02;13:08:00;-03:00;11,149999618530273;11,149999618530273;11,130000114440918;11,140000343322754;33400
2026-10-02;13:09:00;-03:00;11,130000114440918;11,140000343322754;11,130000114440918;11,140000343322754;14100
2026-10-02;13:10:00;-03:00;11,130000114440918;11,140000343322754;11,130000114440918;11,140000343322754;4800
2026-10-02;13:11:00;-03:00;11,140000343322754;11,140000343322754;11,130000114440918;11,130000114440918;37800
2026-10-02;13:12:00;-03:00;11,119999885559082;11,130000114440918;11,119999885559082;11,130000114440918;4500
2026-10-02;13:13:00;-03:00;11,119999885559082;11,130000114440918;11,119999885559082;11,130000114440918;4100
2026-10-02;13:14:00;-03:00;11,130000114440918;11,130000114440918;11,119999885559082;11,119999885559082;15700
2026-10-02;13:15:00;-03:00;11,130000114440918;11,140000343322754;11,130000114440918;11,140000343322754;20100
2026-10-02;13:16:00;-03:00;11,140000343322754;11,140000343322754;11,119999885559082;11,130000114440918;23500
2026-10-02;13:17:00;-03:00;11,130000114440918;11,140000343322754;11,119999885559082;11,130000114440918;27900
2026-10-02;13:18:00;-03:00;11,130000114440918;11,140000343322754;11,130000114440918;11,140000343322754;5200
2026-10-02;13:19:00;-03:00;11,130000114440918;11,140000343322754;11,130000114440918;11,140000343322754;5800
2026-10-02;13:20:00;-03:00;11,140000343322754;11,140000343322754;11,130000114440918;11,130000114440918;5000
2026-10-02;13:21:00;-03:00;11,130000114440918;11,140000343322754;11,130000114440918;11,140000343322754;5600
2026-10-02;13:22:00;-03:00;11,130000114440918;11,140000343322754;11,119999885559082;11,130000114440918;15100
2026-10-02;13:23:00;-03:00;11,130000114440918;11,130000114440918;11,119999885559082;11,130000114440918;32900
2026-10-02;13:24:00;-03:00;11,130000114440918;11,130000114440918;11,119999885559082;11,130000114440918;11600
2026-10-02;13:25:00;-03:00;11,119999885559082;11,130000114440918;11,119999885559082;11,119999885559082;7100
2026-10-02;13:26:00;-03:00;11,119999885559082;11,130000114440918;11,119999885559082;11,119999885559082;92100
2026-10-02;13:27:00;-03:00;11,130000114440918;11,130000114440918;11,119999885559082;11,130000114440918;5200
2026-10-02;13:28:00;-03:00;11,130000114440918;11,140000343322754;11,130000114440918;11,130000114440918;13900
2026-10-02;13:29:00;-03:00;11,140000343322754;11,140000343322754;11,130000114440918;11,130000114440918;4700
2026-10-02;13:30:00;-03:00;11,140000343322754;11,149999618530273;11,140000343322754;11,149999618530273;24800
2026-10-02;13:31:00;-03:00;11,149999618530273;11,149999618530273;11,140000343322754;11,149999618530273;5500
2026-10-02;13:32:00;-03:00;11,149999618530273;11,15999984741211;11,149999618530273;11,149999618530273;24200
2026-10-02;13:33:00;-03:00;11,140000343322754;11,149999618530273;11,140000343322754;11,140000343322754;4100
2026-10-02;13:34:00;-03:00;11,140000343322754;11,149999618530273;11,140000343322754;11,149999618530273;5200
2026-10-02;13:35:00;-03:00;11,149999618530273;11,149999618530273;11,140000343322754;11,149999618530273;6700
2026-10-02;13:36:00;-03:00;11,149999618530273;11,149999618530273;11,140000343322754;11,140000343322754;13200
2026-10-02;13:37:00;-03:00;11,140000343322754;11,140000343322754;11,130000114440918;11,130000114440918;15600
2026-10-02;13:38:00;-03:00;11,140000343322754;11,149999618530273;11,130000114440918;11,149999618530273;16500
2026-10-02;13:39:00;-03:00;11,149999618530273;11,149999618530273;11,140000343322754;11,149999618530273;30200
2026-10-02;13:40:00;-03:00;11,140000343322754;11,15999984741211;11,140000343322754;11,15999984741211;123000
2026-10-02;13:41:00;-03:00;11,15999984741211;11,15999984741211;11,149999618530273;11,15999984741211;7400
2026-10-02;13:42:00;-03:00;11,149999618530273;11,180000305175781;11,149999618530273;11,170000076293945;84100
2026-10-02;13:43:00;-03:00;11,180000305175781;11,180000305175781;11,170000076293945;11,170000076293945;23800
2026-10-02;13:44:00;-03:00;11,180000305175781;11,1899995803833;11,180000305175781;11,1899995803833;54800
2026-10-02;13:45:00;-03:00;11,1899995803833;11,1899995803833;11,170000076293945;11,170000076293945;56900
2026-10-02;13:46:00;-03:00;11,180000305175781;11,1899995803833;11,180000305175781;11,1899995803833;35500
2026-10-02;13:47:00;-03:00;11,1899995803833;11,1899995803833;11,15999984741211;11,15999984741211;29900
2026-10-02;13:48:00;-03:00;11,15999984741211;11,170000076293945;11,15999984741211;11,170000076293945;63200
2026-10-02;13:49:00;-03:00;11,170000076293945;11,170000076293945;11,149999618530273;11,15999984741211;116900
2026-10-02;13:50:00;-03:00;11,149999618530273;11,15999984741211;11,149999618530273;11,15999984741211;35100
2026-10-02;13:51:00;-03:00;11,15999984741211;11,15999984741211;11,149999618530273;11,149999618530273;4000
2026-10-02;13:52:00;-03:00;11,15999984741211;11,15999984741211;11,149999618530273;11,15999984741211;7300
2026-10-02;13:53:00;-03:00;11,15999984741211;11,15999984741211;11,149999618530273;11,15999984741211;8500
2026-10-02;13:54:00;-03:00;11,15999984741211;11,15999984741211;11,149999618530273;11,15999984741211;7400
2026-10-02;13:55:00;-03:00;11,15999984741211;11,170000076293945;11,15999984741211;11,170000076293945;34200
2026-10-02;13:56:00;-03:00;11,170000076293945;11,180000305175781;11,170000076293945;11,180000305175781;32900
2026-10-02;13:57:00;-03:00;11,180000305175781;11,1899995803833;11,170000076293945;11,1899995803833;55500
2026-10-02;13:58:00;-03:00;11,1899995803833;11,1899995803833;11,170000076293945;11,180000305175781;47000
2026-10-02;13:59:00;-03:00;11,180000305175781;11,180000305175781;11,170000076293945;11,170000076293945;6000
2026-10-02;14:00:00;-03:00;11,180000305175781;11,180000305175781;11,170000076293945;11,180000305175781;1800
2026-10-02;14:01:00;-03:00;11,180000305175781;11,1899995803833;11,170000076293945;11,1899995803833;56200
2026-10-02;14:02:00;-03:00;11,180000305175781;11,199999809265137;11,180000305175781;11,199999809265137;42400
2026-10-02;14:03:00;-03:00;11,199999809265137;11,199999809265137;11,1899995803833;11,199999809265137;5800
2026-10-02;14:04:00;-03:00;11,199999809265137;11,210000038146973;11,199999809265137;11,210000038146973;73800
2026-10-02;14:05:00;-03:00;11,210000038146973;11,220000267028809;11,199999809265137;11,220000267028809;60800
2026-10-02;14:06:00;-03:00;11,220000267028809;11,220000267028809;11,210000038146973;11,220000267028809;9600
2026-10-02;14:07:00;-03:00;11,220000267028809;11,220000267028809;11,210000038146973;11,220000267028809;24600
2026-10-02;14:08:00;-03:00;11,220000267028809;11,229999542236328;11,210000038146973;11,229999542236328;21900
2026-10-02;14:09:00;-03:00;11,229999542236328;11,239999771118164;11,220000267028809;11,239999771118164;25800
2026-10-02;14:10:00;-03:00;11,239999771118164;11,25;11,229999542236328;11,229999542236328;61900
2026-10-02;14:11:00;-03:00;11,239999771118164;11,239999771118164;11,229999542236328;11,229999542236328;11100
2026-10-02;14:12:00;-03:00;11,239999771118164;11,25;11,239999771118164;11,239999771118164;10300
2026-10-02;14:13:00;-03:00;11,25;11,25;11,239999771118164;11,25;2900
2026-10-02;14:14:00;-03:00;11,25;11,25;11,239999771118164;11,25;88600
2026-10-02;14:15:00;-03:00;11,260000228881836;11,260000228881836;11,239999771118164;11,239999771118164;34400
2026-10-02;14:16:00;-03:00;11,239999771118164;11,260000228881836;11,239999771118164;11,260000228881836;23000
2026-10-02;14:17:00;-03:00;11,260000228881836;11,270000457763672;11,25;11,270000457763672;129800
2026-10-02;14:18:00;-03:00;11,270000457763672;11,279999732971191;11,25;11,260000228881836;71700
2026-10-02;14:19:00;-03:00;11,270000457763672;11,270000457763672;11,260000228881836;11,270000457763672;34400
2026-10-02;14:20:00;-03:00;11,279999732971191;11,279999732971191;11,260000228881836;11,279999732971191;12700
2026-10-02;14:21:00;-03:00;11,270000457763672;11,270000457763672;11,260000228881836;11,260000228881836;23400
2026-10-02;14:22:00;-03:00;11,260000228881836;11,260000228881836;11,25;11,260000228881836;11900
2026-10-02;14:23:00;-03:00;11,260000228881836;11,260000228881836;11,25;11,25;20100
2026-10-02;14:24:00;-03:00;11,260000228881836;11,260000228881836;11,239999771118164;11,25;26600
2026-10-02;14:25:00;-03:00;11,25;11,260000228881836;11,25;11,25;8800
2026-10-02;14:26:00;-03:00;11,260000228881836;11,270000457763672;11,25;11,270000457763672;27000
2026-10-02;14:27:00;-03:00;11,270000457763672;11,270000457763672;11,25;11,260000228881836;5800
2026-10-02;14:28:00;-03:00;11,25;11,260000228881836;11,25;11,260000228881836;12200
2026-10-02;14:29:00;-03:00;11,260000228881836;11,260000228881836;11,25;11,260000228881836;5100
2026-10-02;14:30:00;-03:00;11,25;11,260000228881836;11,25;11,260000228881836;9100
2026-10-02;14:31:00;-03:00;11,260000228881836;11,260000228881836;11,25;11,25;13400
2026-10-02;14:32:00;-03:00;11,260000228881836;11,260000228881836;11,25;11,260000228881836;8700
2026-10-02;14:33:00;-03:00;11,260000228881836;11,260000228881836;11,25;11,25;30500
2026-10-02;14:34:00;-03:00;11,260000228881836;11,260000228881836;11,25;11,260000228881836;4600
2026-10-02;14:35:00;-03:00;11,260000228881836;11,279999732971191;11,260000228881836;11,279999732971191;41300
2026-10-02;14:36:00;-03:00;11,279999732971191;11,279999732971191;11,270000457763672;11,279999732971191;27300
2026-10-02;14:37:00;-03:00;11,279999732971191;11,289999961853027;11,279999732971191;11,289999961853027;28100
2026-10-02;14:38:00;-03:00;11,289999961853027;11,300000190734863;11,279999732971191;11,300000190734863;60200
2026-10-02;14:39:00;-03:00;11,300000190734863;11,3100004196167;11,289999961853027;11,3100004196167;69800
2026-10-02;14:40:00;-03:00;11,3100004196167;11,319999694824219;11,300000190734863;11,319999694824219;34700
2026-10-02;14:41:00;-03:00;11,319999694824219;11,319999694824219;11,300000190734863;11,300000190734863;42200
2026-10-02;14:42:00;-03:00;11,300000190734863;11,3100004196167;11,289999961853027;11,300000190734863;13600
2026-10-02;14:43:00;-03:00;11,300000190734863;11,3100004196167;11,289999961853027;11,3100004196167;17200
2026-10-02;14:44:00;-03:00;11,300000190734863;11,3100004196167;11,289999961853027;11,3100004196167;6600
2026-10-02;14:45:00;-03:00;11,3100004196167;11,3100004196167;11,300000190734863;11,300000190734863;14900
2026-10-02;14:46:00;-03:00;11,289999961853027;11,3100004196167;11,289999961853027;11,3100004196167;24700
2026-10-02;14:47:00;-03:00;11,3100004196167;11,3100004196167;11,300000190734863;11,3100004196167;7100
2026-10-02;14:48:00;-03:00;11,3100004196167;11,319999694824219;11,3100004196167;11,319999694824219;44100
2026-10-02;14:49:00;-03:00;11,319999694824219;11,329999923706055;11,319999694824219;11,319999694824219;80800
2026-10-02;14:50:00;-03:00;11,319999694824219;11,319999694824219;11,3100004196167;11,319999694824219;19900
2026-10-02;14:51:00;-03:00;11,3100004196167;11,329999923706055;11,3100004196167;11,329999923706055;24600
2026-10-02;14:52:00;-03:00;11,329999923706055;11,329999923706055;11,319999694824219;11,329999923706055;9500
2026-10-02;14:53:00;-03:00;11,329999923706055;11,329999923706055;11,319999694824219;11,319999694824219;15300
2026-10-02;14:54:00;-03:00;11,319999694824219;11,329999923706055;11,3100004196167;11,329999923706055;15800
2026-10-02;14:55:00;-03:00;11,329999923706055;11,329999923706055;11,3100004196167;11,319999694824219;10200
2026-10-02;14:56:00;-03:00;11,3100004196167;11,319999694824219;11,3100004196167;11,319999694824219;4300
2026-10-02;14:57:00;-03:00;11,319999694824219;11,319999694824219;11,3100004196167;11,319999694824219;10300
2026-10-02;14:58:00;-03:00;11,319999694824219;11,319999694824219;11,300000190734863;11,319999694824219;48100
2026-10-02;14:59:00;-03:00;11,319999694824219;11,319999694824219;11,3100004196167;11,319999694824219;7900
2026-10-02;15:00:00;-03:00;11,319999694824219;11,329999923706055;11,3100004196167;11,3100004196167;80300
2026-10-02;15:01:00;-03:00;11,319999694824219;11,319999694824219;11,3100004196167;11,3100004196167;17500
2026-10-02;15:02:00;-03:00;11,319999694824219;11,319999694824219;11,300000190734863;11,3100004196167;8900
2026-10-02;15:03:00;-03:00;11,300000190734863;11,3100004196167;11,300000190734863;11,3100004196167;9000
2026-10-02;15:04:00;-03:00;11,3100004196167;11,319999694824219;11,300000190734863;11,319999694824219;21600
2026-10-02;15:05:00;-03:00;11,319999694824219;11,329999923706055;11,3100004196167;11,319999694824219;32800
2026-10-02;15:06:00;-03:00;11,319999694824219;11,329999923706055;11,319999694824219;11,319999694824219;15200
2026-10-02;15:07:00;-03:00;11,319999694824219;11,319999694824219;11,3100004196167;11,319999694824219;10400
2026-10-02;15:08:00;-03:00;11,3100004196167;11,319999694824219;11,3100004196167;11,319999694824219;5300
2026-10-02;15:09:00;-03:00;11,319999694824219;11,319999694824219;11,3100004196167;11,3100004196167;55900
2026-10-02;15:10:00;-03:00;11,3100004196167;11,319999694824219;11,300000190734863;11,319999694824219;34100
2026-10-02;15:11:00;-03:00;11,319999694824219;11,329999923706055;11,3100004196167;11,329999923706055;26800
2026-10-02;15:12:00;-03:00;11,329999923706055;11,329999923706055;11,300000190734863;11,3100004196167;93900
2026-10-02;15:13:00;-03:00;11,3100004196167;11,3100004196167;11,300000190734863;11,3100004196167;10700
2026-10-02;15:14:00;-03:00;11,3100004196167;11,3100004196167;11,289999961853027;11,300000190734863;564200
2026-10-02;15:15:00;-03:00;11,300000190734863;11,300000190734863;11,289999961853027;11,300000190734863;15900
2026-10-02;15:16:00;-03:00;11,300000190734863;11,300000190734863;11,289999961853027;11,300000190734863;69600
2026-10-02;15:17:00;-03:00;11,300000190734863;11,300000190734863;11,289999961853027;11,300000190734863;31400
2026-10-02;15:18:00;-03:00;11,300000190734863;11,300000190734863;11,279999732971191;11,289999961853027;45500
2026-10-02;15:19:00;-03:00;11,279999732971191;11,300000190734863;11,279999732971191;11,300000190734863;42900
2026-10-02;15:20:00;-03:00;11,300000190734863;11,300000190734863;11,279999732971191;11,289999961853027;57500
2026-10-02;15:21:00;-03:00;11,289999961853027;11,289999961853027;11,279999732971191;11,289999961853027;12400
2026-10-02;15:22:00;-03:00;11,279999732971191;11,289999961853027;11,279999732971191;11,289999961853027;6700
2026-10-02;15:23:00;-03:00;11,289999961853027;11,300000190734863;11,289999961853027;11,300000190734863;78000
2026-10-02;15:24:00;-03:00;11,300000190734863;11,300000190734863;11,289999961853027;11,289999961853027;17300
2026-10-02;15:25:00;-03:00;11,300000190734863;11,300000190734863;11,289999961853027;11,300000190734863;15100
2026-10-02;15:26:00;-03:00;11,289999961853027;11,300000190734863;11,289999961853027;11,289999961853027;14900
2026-10-02;15:27:00;-03:00;11,300000190734863;11,3100004196167;11,289999961853027;11,3100004196167;70000
2026-10-02;15:28:00;-03:00;11,3100004196167;11,319999694824219;11,289999961853027;11,289999961853027;294900
2026-10-02;15:29:00;-03:00;11,300000190734863;11,300000190734863;11,289999961853027;11,289999961853027;18500
2026-10-02;15:30:00;-03:00;11,289999961853027;11,300000190734863;11,289999961853027;11,300000190734863;78000
2026-10-02;15:31:00;-03:00;11,300000190734863;11,300000190734863;11,289999961853027;11,300000190734863;19900
2026-10-02;15:32:00;-03:00;11,289999961853027;11,3100004196167;11,289999961853027;11,300000190734863;107100
2026-10-02;15:33:00;-03:00;11,300000190734863;11,300000190734863;11,289999961853027;11,289999961853027;62600
2026-10-02;15:34:00;-03:00;11,289999961853027;11,300000190734863;11,289999961853027;11,289999961853027;60900
2026-10-02;15:35:00;-03:00;11,300000190734863;11,3100004196167;11,289999961853027;11,3100004196167;169400
2026-10-02;15:36:00;-03:00;11,3100004196167;11,3100004196167;11,300000190734863;11,3100004196167;12200
2026-10-02;15:37:00;-03:00;11,3100004196167;11,319999694824219;11,300000190734863;11,319999694824219;61600
2026-10-02;15:38:00;-03:00;11,319999694824219;11,319999694824219;11,289999961853027;11,300000190734863;319600
2026-10-02;15:39:00;-03:00;11,300000190734863;11,3100004196167;11,289999961853027;11,3100004196167;95200
2026-10-02;15:40:00;-03:00;11,3100004196167;11,3100004196167;11,300000190734863;11,300000190734863;62100
2026-10-02;15:41:00;-03:00;11,3100004196167;11,3100004196167;11,300000190734863;11,3100004196167;8900
2026-10-02;15:42:00;-03:00;11,3100004196167;11,3100004196167;11,300000190734863;11,3100004196167;42400
2026-10-02;15:43:00;-03:00;11,3100004196167;11,319999694824219;11,300000190734863;11,300000190734863;107200
2026-10-02;15:44:00;-03:00;11,319999694824219;11,319999694824219;11,300000190734863;11,3100004196167;26000
2026-10-02;15:45:00;-03:00;11,3100004196167;11,319999694824219;11,300000190734863;11,319999694824219;21600
2026-10-02;15:46:00;-03:00;11,319999694824219;11,329999923706055;11,3100004196167;11,329999923706055;37700
2026-10-02;15:47:00;-03:00;11,329999923706055;11,329999923706055;11,319999694824219;11,319999694824219;15200
2026-10-02;15:48:00;-03:00;11,329999923706055;11,329999923706055;11,319999694824219;11,329999923706055;15700
2026-10-02;15:49:00;-03:00;11,329999923706055;11,34000015258789;11,319999694824219;11,34000015258789;67900
2026-10-02;15:50:00;-03:00;11,34000015258789;11,34000015258789;11,329999923706055;11,34000015258789;14700
2026-10-02;15:51:00;-03:00;11,34000015258789;11,34000015258789;11,329999923706055;11,329999923706055;21300
2026-10-02;15:52:00;-03:00;11,34000015258789;11,34000015258789;11,329999923706055;11,34000015258789;15300
2026-10-02;15:53:00;-03:00;11,34000015258789;11,359999656677246;11,34000015258789;11,350000381469727;203600
2026-10-02;15:54:00;-03:00;11,350000381469727;11,350000381469727;11,329999923706055;11,34000015258789;32500
2026-10-02;15:55:00;-03:00;11,329999923706055;11,34000015258789;11,329999923706055;11,34000015258789;8600
2026-10-02;15:56:00;-03:00;11,34000015258789;11,34000015258789;11,329999923706055;11,34000015258789;19300
2026-10-02;15:57:00;-03:00;11,34000015258789;11,34000015258789;11,329999923706055;11,34000015258789;11900
2026-10-02;15:58:00;-03:00;11,34000015258789;11,350000381469727;11,329999923706055;11,34000015258789;33700
2026-10-02;15:59:00;-03:00;11,350000381469727;11,350000381469727;11,34000015258789;11,34000015258789;30700
2026-10-02;16:00:00;-03:00;11,350000381469727;11,359999656677246;11,350000381469727;11,359999656677246;63500
2026-10-02;16:01:00;-03:00;11,350000381469727;11,359999656677246;11,34000015258789;11,34000015258789;75400
2026-10-02;16:02:00;-03:00;11,350000381469727;11,350000381469727;11,34000015258789;11,34000015258789;11700
2026-10-02;16:03:00;-03:00;11,350000381469727;11,350000381469727;11,34000015258789;11,350000381469727;35200
2026-10-02;16:04:00;-03:00;11,34000015258789;11,359999656677246;11,34000015258789;11,359999656677246;46300
2026-10-02;16:05:00;-03:00;11,359999656677246;11,359999656677246;11,350000381469727;11,359999656677246;15200
2026-10-02;16:06:00;-03:00;11,359999656677246;11,380000114440918;11,350000381469727;11,380000114440918;189600
2026-10-02;16:07:00;-03:00;11,380000114440918;11,380000114440918;11,359999656677246;11,369999885559082;162400
2026-10-02;16:08:00;-03:00;11,369999885559082;11,380000114440918;11,369999885559082;11,380000114440918;16100
2026-10-02;16:09:00;-03:00;11,380000114440918;11,390000343322754;11,369999885559082;11,390000343322754;58000
2026-10-02;16:10:00;-03:00;11,390000343322754;11,399999618530273;11,380000114440918;11,399999618530273;82600
2026-10-02;16:11:00;-03:00;11,399999618530273;11,40999984741211;11,390000343322754;11,399999618530273;116900
2026-10-02;16:12:00;-03:00;11,390000343322754;11,40999984741211;11,390000343322754;11,40999984741211;36700
2026-10-02;16:13:00;-03:00;11,40999984741211;11,40999984741211;11,390000343322754;11,399999618530273;246800
2026-10-02;16:14:00;-03:00;11,390000343322754;11,399999618530273;11,380000114440918;11,390000343322754;93000
2026-10-02;16:15:00;-03:00;11,399999618530273;11,399999618530273;11,380000114440918;11,390000343322754;26400
2026-10-02;16:16:00;-03:00;11,390000343322754;11,40999984741211;11,390000343322754;11,40999984741211;85800
2026-10-02;16:17:00;-03:00;11,40999984741211;11,40999984741211;11,390000343322754;11,390000343322754;43700
2026-10-02;16:18:00;-03:00;11,399999618530273;11,40999984741211;11,399999618530273;11,40999984741211;39500
2026-10-02;16:19:00;-03:00;11,40999984741211;11,420000076293945;11,399999618530273;11,399999618530273;50200
2026-10-02;16:20:00;-03:00;11,40999984741211;11,420000076293945;11,40999984741211;11,40999984741211;25300
2026-10-02;16:21:00;-03:00;11,40999984741211;11,420000076293945;11,40999984741211;11,420000076293945;43600
2026-10-02;16:22:00;-03:00;11,420000076293945;11,430000305175781;11,40999984741211;11,420000076293945;61600
2026-10-02;16:23:00;-03:00;11,420000076293945;11,420000076293945;11,40999984741211;11,420000076293945;13900
2026-10-02;16:24:00;-03:00;11,40999984741211;11,40999984741211;11,399999618530273;11,40999984741211;91400
2026-10-02;16:25:00;-03:00;11,40999984741211;11,420000076293945;11,40999984741211;11,420000076293945;78700
2026-10-02;16:26:00;-03:00;11,420000076293945;11,430000305175781;11,399999618530273;11,40999984741211;188000
2026-10-02;16:27:00;-03:00;11,40999984741211;11,40999984741211;11,399999618530273;11,40999984741211;44500
2026-10-02;16:28:00;-03:00;11,399999618530273;11,40999984741211;11,399999618530273;11,399999618530273;75500
2026-10-02;16:29:00;-03:00;11,40999984741211;11,40999984741211;11,399999618530273;11,40999984741211;26000
2026-10-02;16:30:00;-03:00;11,399999618530273;11,40999984741211;11,399999618530273;11,40999984741211;69600
2026-10-02;16:31:00;-03:00;11,40999984741211;11,420000076293945;11,390000343322754;11,40999984741211;108400
2026-10-02;16:32:00;-03:00;11,40999984741211;11,420000076293945;11,399999618530273;11,40999984741211;56500
2026-10-02;16:33:00;-03:00;11,40999984741211;11,420000076293945;11,399999618530273;11,40999984741211;34500
2026-10-02;16:34:00;-03:00;11,40999984741211;11,40999984741211;11,399999618530273;11,399999618530273;34200
2026-10-02;16:35:00;-03:00;11,399999618530273;11,399999618530273;11,390000343322754;11,399999618530273;61100
2026-10-02;16:36:00;-03:00;11,399999618530273;11,399999618530273;11,390000343322754;11,399999618530273;47600
2026-10-02;16:37:00;-03:00;11,399999618530273;11,399999618530273;11,380000114440918;11,380000114440918;60900
2026-10-02;16:38:00;-03:00;11,380000114440918;11,390000343322754;11,380000114440918;11,390000343322754;26400
2026-10-02;16:39:00;-03:00;11,380000114440918;11,399999618530273;11,380000114440918;11,399999618530273;31600
2026-10-02;16:40:00;-03:00;11,399999618530273;11,399999618530273;11,390000343322754;11,390000343322754;40400
2026-10-02;16:41:00;-03:00;11,399999618530273;11,40999984741211;11,390000343322754;11,390000343322754;55900
2026-10-02;16:42:00;-03:00;11,399999618530273;11,399999618530273;11,390000343322754;11,399999618530273;12300
2026-10-02;16:43:00;-03:00;11,399999618530273;11,40999984741211;11,390000343322754;11,399999618530273;59600
2026-10-02;16:44:00;-03:00;11,399999618530273;11,40999984741211;11,390000343322754;11,40999984741211;29600
2026-10-02;16:45:00;-03:00;11,399999618530273;11,40999984741211;11,390000343322754;11,40999984741211;24100
2026-10-02;16:46:00;-03:00;11,40999984741211;11,40999984741211;11,399999618530273;11,399999618530273;18300
2026-10-02;16:47:00;-03:00;11,40999984741211;11,420000076293945;11,399999618530273;11,420000076293945;61400
2026-10-02;16:48:00;-03:00;11,399999618530273;11,420000076293945;11,399999618530273;11,420000076293945;19200
2026-10-02;16:49:00;-03:00;11,399999618530273;11,420000076293945;11,399999618530273;11,40999984741211;30400
2026-10-02;16:50:00;-03:00;11,420000076293945;11,430000305175781;11,40999984741211;11,420000076293945;142300
2026-10-02;16:51:00;-03:00;11,420000076293945;11,420000076293945;11,399999618530273;11,40999984741211;96800
2026-10-02;16:52:00;-03:00;11,40999984741211;11,40999984741211;11,399999618530273;11,40999984741211;63400
2026-10-02;16:53:00;-03:00;11,40999984741211;11,40999984741211;11,390000343322754;11,399999618530273;77600
2026-10-02;16:54:00;-03:00;11,399999618530273;11,420000076293945;11,390000343322754;11,390000343322754;20000
2026-10-05;10:15:00;-03:00;11,899999618530273;12,010000228881836;11,899999618530273;11,970000267028809;0
2026-10-05;10:16:00;-03:00;11,960000038146973;11,979999542236328;11,90999984741211;11,970000267028809;247900
2026-10-05;10:17:00;-03:00;11,970000267028809;12,029999732971191;11,960000038146973;12,029999732971191;103900
2026-10-05;10:18:00;-03:00;12,020000457763672;12,09000015258789;12,010000228881836;12,079999923706055;53500
2026-10-05;10:19:00;-03:00;12,079999923706055;12,079999923706055;12,029999732971191;12,0600004196167;134900
2026-10-05;10:20:00;-03:00;12,0600004196167;12,130000114440918;12,0600004196167;12,130000114440918;141500
2026-10-05;10:21:00;-03:00;12,119999885559082;12,140000343322754;12,100000381469727;12,100000381469727;67200
2026-10-05;10:22:00;-03:00;12,109999656677246;12,130000114440918;12,100000381469727;12,109999656677246;86500
2026-10-05;10:23:00;-03:00;12,109999656677246;12,109999656677246;12,039999961853027;12,0600004196167;144800
2026-10-05;10:24:00;-03:00;12,0600004196167;12,079999923706055;12,050000190734863;12,079999923706055;36200
2026-10-05;10:25:00;-03:00;12,069999694824219;12,079999923706055;12,050000190734863;12,069999694824219;67900
2026-10-05;10:26:00;-03:00;12,069999694824219;12,069999694824219;12,050000190734863;12,0600004196167;39700
2026-10-05;10:27:00;-03:00;12,0600004196167;12,100000381469727;12,0600004196167;12,100000381469727;105000
2026-10-05;10:28:00;-03:00;12,100000381469727;12,109999656677246;12,09000015258789;12,100000381469727;51900
2026-10-05;10:29:00;-03:00;12,109999656677246;12,15999984741211;12,09000015258789;12,149999618530273;211100
2026-10-05;10:30:00;-03:00;12,15999984741211;12,1899995803833;12,149999618530273;12,180000305175781;221800
2026-10-05;10:31:00;-03:00;12,170000076293945;12,220000267028809;12,170000076293945;12,199999809265137;126400
2026-10-05;10:32:00;-03:00;12,199999809265137;12,220000267028809;12,1899995803833;12,210000038146973;135400
2026-10-05;10:33:00;-03:00;12,199999809265137;12,220000267028809;12,180000305175781;12,210000038146973;89100
2026-10-05;10:34:00;-03:00;12,199999809265137;12,239999771118164;12,199999809265137;12,229999542236328;207100
2026-10-05;10:35:00;-03:00;12,229999542236328;12,270000457763672;12,220000267028809;12,25;263700
2026-10-05;10:36:00;-03:00;12,239999771118164;12,3100004196167;12,229999542236328;12,270000457763672;488800
2026-10-05;10:37:00;-03:00;12,260000228881836;12,270000457763672;12,239999771118164;12,239999771118164;52300
2026-10-05;10:38:00;-03:00;12,239999771118164;12,300000190734863;12,239999771118164;12,300000190734863;220600
2026-10-05;10:39:00;-03:00;12,300000190734863;12,319999694824219;12,279999732971191;12,319999694824219;144500
2026-10-05;10:40:00;-03:00;12,3100004196167;12,329999923706055;12,300000190734863;12,3100004196167;127200
2026-10-05;10:41:00;-03:00;12,300000190734863;12,300000190734863;12,229999542236328;12,260000228881836;161700
2026-10-05;10:42:00;-03:00;12,260000228881836;12,279999732971191;12,25;12,279999732971191;86700
2026-10-05;10:43:00;-03:00;12,279999732971191;12,300000190734863;12,260000228881836;12,279999732971191;151400
2026-10-05;10:44:00;-03:00;12,279999732971191;12,289999961853027;12,270000457763672;12,289999961853027;121700
2026-10-05;10:45:00;-03:00;12,289999961853027;12,289999961853027;12,220000267028809;12,229999542236328;138500
2026-10-05;10:46:00;-03:00;12,220000267028809;12,239999771118164;12,210000038146973;12,220000267028809;75900
2026-10-05;10:47:00;-03:00;12,229999542236328;12,229999542236328;12,170000076293945;12,170000076293945;152800
2026-10-05;10:48:00;-03:00;12,170000076293945;12,180000305175781;12,15999984741211;12,170000076293945;207300
2026-10-05;10:49:00;-03:00;12,180000305175781;12,199999809265137;12,15999984741211;12,180000305175781;148200
2026-10-05;10:50:00;-03:00;12,180000305175781;12,180000305175781;12,15999984741211;12,170000076293945;146500
2026-10-05;10:51:00;-03:00;12,170000076293945;12,1899995803833;12,170000076293945;12,180000305175781;116500
2026-10-05;10:52:00;-03:00;12,180000305175781;12,180000305175781;12,15999984741211;12,15999984741211;32900
2026-10-05;10:53:00;-03:00;12,170000076293945;12,180000305175781;12,140000343322754;12,149999618530273;549800
2026-10-05;10:54:00;-03:00;12,149999618530273;12,15999984741211;12,140000343322754;12,149999618530273;248300
2026-10-05;10:55:00;-03:00;12,149999618530273;12,199999809265137;12,140000343322754;12,1899995803833;233900
2026-10-05;10:56:00;-03:00;12,199999809265137;12,229999542236328;12,1899995803833;12,210000038146973;241900
2026-10-05;10:57:00;-03:00;12,220000267028809;12,229999542236328;12,1899995803833;12,1899995803833;206200
2026-10-05;10:58:00;-03:00;12,1899995803833;12,1899995803833;12,170000076293945;12,180000305175781;112400
2026-10-05;10:59:00;-03:00;12,170000076293945;12,1899995803833;12,15999984741211;12,15999984741211;83200
2026-10-05;11:00:00;-03:00;12,15999984741211;12,180000305175781;12,149999618530273;12,15999984741211;385300
2026-10-05;11:01:00;-03:00;12,15999984741211;12,170000076293945;12,149999618530273;12,170000076293945;215600
2026-10-05;11:02:00;-03:00;12,15999984741211;12,170000076293945;12,140000343322754;12,140000343322754;170300
2026-10-05;11:03:00;-03:00;12,130000114440918;12,140000343322754;12,109999656677246;12,140000343322754;165000
2026-10-05;11:04:00;-03:00;12,140000343322754;12,140000343322754;12,100000381469727;12,109999656677246;150300
2026-10-05;11:05:00;-03:00;12,119999885559082;12,149999618530273;12,119999885559082;12,140000343322754;113000
2026-10-05;11:06:00;-03:00;12,149999618530273;12,180000305175781;12,130000114440918;12,170000076293945;302900
2026-10-05;11:07:00;-03:00;12,15999984741211;12,220000267028809;12,140000343322754;12,1899995803833;484000
2026-10-05;11:08:00;-03:00;12,199999809265137;12,220000267028809;12,1899995803833;12,220000267028809;91700
2026-10-05;11:09:00;-03:00;12,220000267028809;12,220000267028809;12,199999809265137;12,210000038146973;149500
2026-10-05;11:10:00;-03:00;12,220000267028809;12,239999771118164;12,199999809265137;12,239999771118164;170900
2026-10-05;11:11:00;-03:00;12,229999542236328;12,25;12,229999542236328;12,25;117100
2026-10-05;11:12:00;-03:00;12,239999771118164;12,25;12,210000038146973;12,229999542236328;228900
2026-10-05;11:13:00;-03:00;12,239999771118164;12,239999771118164;12,210000038146973;12,220000267028809;61400
2026-10-05;11:14:00;-03:00;12,220000267028809;12,239999771118164;12,199999809265137;12,239999771118164;134100
2026-10-05;11:15:00;-03:00;12,239999771118164;12,260000228881836;12,229999542236328;12,260000228881836;78000
2026-10-05;11:16:00;-03:00;12,25;12,270000457763672;12,239999771118164;12,260000228881836;98800
2026-10-05;11:17:00;-03:00;12,25;12,25;12,1899995803833;12,210000038146973;128600
2026-10-05;11:18:00;-03:00;12,199999809265137;12,210000038146973;12,170000076293945;12,180000305175781;101000
2026-10-05;11:19:00;-03:00;12,180000305175781;12,1899995803833;12,149999618530273;12,15999984741211;145600
2026-10-05;11:20:00;-03:00;12,170000076293945;12,1899995803833;12,15999984741211;12,180000305175781;71600
2026-10-05;11:21:00;-03:00;12,180000305175781;12,1899995803833;12,149999618530273;12,149999618530273;68400
2026-10-05;11:22:00;-03:00;12,149999618530273;12,15999984741211;12,119999885559082;12,149999618530273;97400
2026-10-05;11:23:00;-03:00;12,140000343322754;12,15999984741211;12,100000381469727;12,119999885559082;565200
2026-10-05;11:24:00;-03:00;12,119999885559082;12,130000114440918;12,109999656677246;12,119999885559082;54300
2026-10-05;11:25:00;-03:00;12,130000114440918;12,140000343322754;12,109999656677246;12,109999656677246;381900
2026-10-05;11:26:00;-03:00;12,109999656677246;12,130000114440918;12,100000381469727;12,100000381469727;276500
2026-10-05;11:27:00;-03:00;12,100000381469727;12,130000114440918;12,09000015258789;12,109999656677246;81800
2026-10-05;11:28:00;-03:00;12,109999656677246;12,109999656677246;12,069999694824219;12,079999923706055;115900
2026-10-05;11:29:00;-03:00;12,079999923706055;12,109999656677246;12,079999923706055;12,100000381469727;83700
2026-10-05;11:30:00;-03:00;12,100000381469727;12,130000114440918;12,09000015258789;12,100000381469727;86000
2026-10-05;11:31:00;-03:00;12,100000381469727;12,119999885559082;12,09000015258789;12,100000381469727;83000
2026-10-05;11:32:00;-03:00;12,109999656677246;12,109999656677246;12,09000015258789;12,100000381469727;115100
2026-10-05;11:33:00;-03:00;12,09000015258789;12,100000381469727;12,079999923706055;12,100000381469727;72900
2026-10-05;11:34:00;-03:00;12,100000381469727;12,119999885559082;12,100000381469727;12,109999656677246;119200
2026-10-05;11:35:00;-03:00;12,109999656677246;12,140000343322754;12,100000381469727;12,109999656677246;71800
2026-10-05;11:36:00;-03:00;12,109999656677246;12,130000114440918;12,069999694824219;12,079999923706055;169400
2026-10-05;11:37:00;-03:00;12,09000015258789;12,100000381469727;12,079999923706055;12,079999923706055;42300
2026-10-05;11:38:00;-03:00;12,09000015258789;12,100000381469727;12,079999923706055;12,09000015258789;45200
2026-10-05;11:39:00;-03:00;12,09000015258789;12,100000381469727;12,079999923706055;12,09000015258789;91400
2026-10-05;11:40:00;-03:00;12,079999923706055;12,119999885559082;12,069999694824219;12,119999885559082;217100
2026-10-05;11:41:00;-03:00;12,119999885559082;12,130000114440918;12,039999961853027;12,0600004196167;572600
2026-10-05;11:42:00;-03:00;12,0600004196167;12,079999923706055;12,010000228881836;12,050000190734863;1008300
2026-10-05;11:43:00;-03:00;12,050000190734863;12,069999694824219;12,029999732971191;12,0600004196167;330000
2026-10-05;11:44:00;-03:00;12,050000190734863;12,069999694824219;12,050000190734863;12,0600004196167;84600
2026-10-05;11:45:00;-03:00;12,0600004196167;12,069999694824219;12,050000190734863;12,069999694824219;73500
2026-10-05;11:46:00;-03:00;12,069999694824219;12,100000381469727;12,0600004196167;12,079999923706055;312400
2026-10-05;11:47:00;-03:00;12,09000015258789;12,130000114440918;12,079999923706055;12,109999656677246;232200
2026-10-05;11:48:00;-03:00;12,109999656677246;12,130000114440918;12,109999656677246;12,109999656677246;79400
2026-10-05;11:49:00;-03:00;12,109999656677246;12,140000343322754;12,109999656677246;12,130000114440918;209700
2026-10-05;11:50:00;-03:00;12,130000114440918;12,15999984741211;12,130000114440918;12,149999618530273;389900
2026-10-05;11:51:00;-03:00;12,15999984741211;12,170000076293945;12,149999618530273;12,15999984741211;269500
2026-10-05;11:52:00;-03:00;12,15999984741211;12,180000305175781;12,140000343322754;12,149999618530273;72000
2026-10-05;11:53:00;-03:00;12,149999618530273;12,15999984741211;12,119999885559082;12,119999885559082;94600
2026-10-05;11:54:00;-03:00;12,119999885559082;12,130000114440918;12,109999656677246;12,130000114440918;141200
2026-10-05;11:55:00;-03:00;12,119999885559082;12,140000343322754;12,109999656677246;12,140000343322754;49200
2026-10-05;11:56:00;-03:00;12,140000343322754;12,149999618530273;12,119999885559082;12,130000114440918;293200
2026-10-05;11:57:00;-03:00;12,130000114440918;12,140000343322754;12,100000381469727;12,130000114440918;430300
2026-10-05;11:58:00;-03:00;12,130000114440918;12,130000114440918;12,109999656677246;12,109999656677246;19100
2026-10-05;11:59:00;-03:00;12,109999656677246;12,140000343322754;12,100000381469727;12,130000114440918;89100
2026-10-05;12:00:00;-03:00;12,119999885559082;12,140000343322754;12,109999656677246;12,119999885559082;33200
2026-10-05;12:01:00;-03:00;12,119999885559082;12,140000343322754;12,109999656677246;12,140000343322754;35700
2026-10-05;12:02:00;-03:00;12,140000343322754;12,149999618530273;12,130000114440918;12,140000343322754;89400
2026-10-05;12:03:00;-03:00;12,140000343322754;12,15999984741211;12,140000343322754;12,149999618530273;35700
2026-10-05;12:04:00;-03:00;12,15999984741211;12,170000076293945;12,149999618530273;12,170000076293945;62200
2026-10-05;12:05:00;-03:00;12,15999984741211;12,170000076293945;12,149999618530273;12,149999618530273;68100
2026-10-05;12:06:00;-03:00;12,15999984741211;12,15999984741211;12,119999885559082;12,140000343322754;100000
2026-10-05;12:07:00;-03:00;12,140000343322754;12,15999984741211;12,130000114440918;12,149999618530273;40100
2026-10-05;12:08:00;-03:00;12,149999618530273;12,15999984741211;12,119999885559082;12,119999885559082;48900
2026-10-05;12:09:00;-03:00;12,130000114440918;12,130000114440918;12,100000381469727;12,100000381469727;27500
2026-10-05;12:10:00;-03:00;12,109999656677246;12,109999656677246;12,09000015258789;12,09000015258789;30700
2026-10-05;12:11:00;-03:00;12,09000015258789;12,109999656677246;12,09000015258789;12,109999656677246;61000
2026-10-05;12:12:00;-03:00;12,100000381469727;12,119999885559082;12,100000381469727;12,100000381469727;27100
2026-10-05;12:13:00;-03:00;12,109999656677246;12,109999656677246;12,079999923706055;12,100000381469727;69600
2026-10-05;12:14:00;-03:00;12,100000381469727;12,109999656677246;12,100000381469727;12,100000381469727;48900
2026-10-05;12:15:00;-03:00;12,100000381469727;12,100000381469727;12,050000190734863;12,050000190734863;65200
2026-10-05;12:16:00;-03:00;12,050000190734863;12,050000190734863;12,010000228881836;12,029999732971191;177300
2026-10-05;12:17:00;-03:00;12,029999732971191;12,029999732971191;12,0;12,020000457763672;77900
2026-10-05;12:18:00;-03:00;12,020000457763672;12,029999732971191;12,010000228881836;12,029999732971191;52700
2026-10-05;12:19:00;-03:00;12,020000457763672;12,039999961853027;12,020000457763672;12,029999732971191;52900
2026-10-05;12:20:00;-03:00;12,029999732971191;12,029999732971191;12,0;12,010000228881836;181400
2026-10-05;12:21:00;-03:00;12,010000228881836;12,079999923706055;12,0;12,069999694824219;368000
2026-10-05;12:22:00;-03:00;12,069999694824219;12,09000015258789;12,069999694824219;12,079999923706055;317000
2026-10-05;12:23:00;-03:00;12,079999923706055;12,109999656677246;12,079999923706055;12,079999923706055;84600
2026-10-05;12:24:00;-03:00;12,079999923706055;12,119999885559082;12,069999694824219;12,100000381469727;148800
2026-10-05;12:25:00;-03:00;12,100000381469727;12,149999618530273;12,100000381469727;12,140000343322754;150100
2026-10-05;12:26:00;-03:00;12,149999618530273;12,149999618530273;12,119999885559082;12,130000114440918;535800
2026-10-05;12:27:00;-03:00;12,119999885559082;12,149999618530273;12,109999656677246;12,140000343322754;214900
2026-10-05;12:28:00;-03:00;12,130000114440918;12,140000343322754;12,119999885559082;12,119999885559082;132500
2026-10-05;12:29:00;-03:00;12,119999885559082;12,149999618530273;12,119999885559082;12,140000343322754;56600
2026-10-05;12:30:00;-03:00;12,149999618530273;12,180000305175781;12,140000343322754;12,149999618530273;380600
2026-10-05;12:31:00;-03:00;12,15999984741211;12,15999984741211;12,130000114440918;12,130000114440918;85500
2026-10-05;12:32:00;-03:00;12,130000114440918;12,140000343322754;12,109999656677246;12,130000114440918;38400
2026-10-05;12:33:00;-03:00;12,130000114440918;12,15999984741211;12,130000114440918;12,149999618530273;43800
2026-10-05;12:34:00;-03:00;12,149999618530273;12,15999984741211;12,140000343322754;12,149999618530273;59600
2026-10-05;12:35:00;-03:00;12,15999984741211;12,15999984741211;12,130000114440918;12,130000114440918;46300
2026-10-05;12:36:00;-03:00;12,130000114440918;12,170000076293945;12,130000114440918;12,15999984741211;50200
2026-10-05;12:37:00;-03:00;12,170000076293945;12,180000305175781;12,15999984741211;12,170000076293945;32600
2026-10-05;12:38:00;-03:00;12,180000305175781;12,1899995803833;12,15999984741211;12,15999984741211;127400
2026-10-05;12:39:00;-03:00;12,15999984741211;12,170000076293945;12,149999618530273;12,15999984741211;27600
2026-10-05;12:40:00;-03:00;12,149999618530273;12,170000076293945;12,149999618530273;12,15999984741211;16100
2026-10-05;12:41:00;-03:00;12,15999984741211;12,180000305175781;12,15999984741211;12,170000076293945;72700
2026-10-05;12:42:00;-03:00;12,170000076293945;12,180000305175781;12,15999984741211;12,15999984741211;84000
2026-10-05;12:43:00;-03:00;12,15999984741211;12,180000305175781;12,15999984741211;12,180000305175781;76800
2026-10-05;12:44:00;-03:00;12,1899995803833;12,1899995803833;12,180000305175781;12,1899995803833;18900
2026-10-05;12:45:00;-03:00;12,180000305175781;12,199999809265137;12,180000305175781;12,1899995803833;34500
2026-10-05;12:46:00;-03:00;12,1899995803833;12,199999809265137;12,170000076293945;12,1899995803833;38000
2026-10-05;12:47:00;-03:00;12,180000305175781;12,1899995803833;12,170000076293945;12,180000305175781;40600
2026-10-05;12:48:00;-03:00;12,1899995803833;12,199999809265137;12,180000305175781;12,199999809265137;86800
2026-10-05;12:49:00;-03:00;12,1899995803833;12,210000038146973;12,180000305175781;12,1899995803833;238900
2026-10-05;12:50:00;-03:00;12,1899995803833;12,1899995803833;12,170000076293945;12,170000076293945;54300
2026-10-05;12:51:00;-03:00;12,180000305175781;12,1899995803833;12,170000076293945;12,180000305175781;190800
2026-10-05;12:52:00;-03:00;12,180000305175781;12,1899995803833;12,170000076293945;12,180000305175781;14900
2026-10-05;12:53:00;-03:00;12,170000076293945;12,1899995803833;12,170000076293945;12,180000305175781;22000
2026-10-05;12:54:00;-03:00;12,1899995803833;12,199999809265137;12,180000305175781;12,199999809265137;61900
2026-10-05;12:55:00;-03:00;12,199999809265137;12,199999809265137;12,170000076293945;12,180000305175781;82200
2026-10-05;12:56:00;-03:00;12,1899995803833;12,1899995803833;12,170000076293945;12,1899995803833;28100
2026-10-05;12:57:00;-03:00;12,1899995803833;12,199999809265137;12,180000305175781;12,1899995803833;72000
2026-10-05;12:58:00;-03:00;12,1899995803833;12,199999809265137;12,180000305175781;12,180000305175781;27600
2026-10-05;12:59:00;-03:00;12,180000305175781;12,199999809265137;12,180000305175781;12,1899995803833;25900
2026-10-05;13:00:00;-03:00;12,1899995803833;12,199999809265137;12,180000305175781;12,1899995803833;75800
2026-10-05;13:01:00;-03:00;12,180000305175781;12,1899995803833;12,180000305175781;12,1899995803833;36900
2026-10-05;13:02:00;-03:00;12,180000305175781;12,180000305175781;12,140000343322754;12,140000343322754;116900
2026-10-05;13:03:00;-03:00;12,149999618530273;12,149999618530273;12,109999656677246;12,119999885559082;67000
2026-10-05;13:04:00;-03:00;12,130000114440918;12,130000114440918;12,119999885559082;12,130000114440918;9000
2026-10-05;13:05:00;-03:00;12,119999885559082;12,130000114440918;12,109999656677246;12,130000114440918;59400
2026-10-05;13:06:00;-03:00;12,140000343322754;12,149999618530273;12,130000114440918;12,140000343322754;16600
2026-10-05;13:07:00;-03:00;12,140000343322754;12,149999618530273;12,130000114440918;12,130000114440918;39700
2026-10-05;13:08:00;-03:00;12,130000114440918;12,140000343322754;12,119999885559082;12,130000114440918;52500
2026-10-05;13:09:00;-03:00;12,119999885559082;12,130000114440918;12,119999885559082;12,119999885559082;23900
2026-10-05;13:10:00;-03:00;12,130000114440918;12,140000343322754;12,119999885559082;12,130000114440918;47200
2026-10-05;13:11:00;-03:00;12,130000114440918;12,15999984741211;12,130000114440918;12,149999618530273;231400
2026-10-05;13:12:00;-03:00;12,15999984741211;12,170000076293945;12,140000343322754;12,15999984741211;59300
2026-10-05;13:13:00;-03:00;12,170000076293945;12,170000076293945;12,119999885559082;12,119999885559082;3544600
2026-10-05;13:14:00;-03:00;12,119999885559082;12,130000114440918;12,109999656677246;12,109999656677246;25400
2026-10-05;13:15:00;-03:00;12,109999656677246;12,119999885559082;12,100000381469727;12,109999656677246;43500
2026-10-05;13:16:00;-03:00;12,109999656677246;12,119999885559082;12,100000381469727;12,109999656677246;120400
2026-10-05;13:17:00;-03:00;12,119999885559082;12,149999618530273;12,119999885559082;12,140000343322754;69500
2026-10-05;13:18:00;-03:00;12,149999618530273;12,149999618530273;12,140000343322754;12,140000343322754;84300
2026-10-05;13:19:00;-03:00;12,149999618530273;12,149999618530273;12,130000114440918;12,140000343322754;284300
2026-10-05;13:20:00;-03:00;12,130000114440918;12,130000114440918;12,119999885559082;12,130000114440918;38200
2026-10-05;13:21:00;-03:00;12,130000114440918;12,140000343322754;12,119999885559082;12,140000343322754;15100
2026-10-05;13:22:00;-03:00;12,130000114440918;12,149999618530273;12,130000114440918;12,130000114440918;75200
2026-10-05;13:23:00;-03:00;12,140000343322754;12,149999618530273;12,130000114440918;12,149999618530273;54000
2026-10-05;13:24:00;-03:00;12,149999618530273;12,149999618530273;12,140000343322754;12,149999618530273;48200
2026-10-05;13:25:00;-03:00;12,149999618530273;12,149999618530273;12,130000114440918;12,140000343322754;658100
2026-10-05;13:26:00;-03:00;12,140000343322754;12,140000343322754;12,119999885559082;12,130000114440918;51700
2026-10-05;13:27:00;-03:00;12,119999885559082;12,130000114440918;12,100000381469727;12,109999656677246;66600
2026-10-05;13:28:00;-03:00;12,109999656677246;12,130000114440918;12,109999656677246;12,119999885559082;37800
2026-10-05;13:29:00;-03:00;12,130000114440918;12,130000114440918;12,109999656677246;12,119999885559082;27100
2026-10-05;13:30:00;-03:00;12,119999885559082;12,140000343322754;12,109999656677246;12,140000343322754;61600
2026-10-05;13:31:00;-03:00;12,140000343322754;12,140000343322754;12,119999885559082;12,140000343322754;60100
2026-10-05;13:32:00;-03:00;12,140000343322754;12,140000343322754;12,130000114440918;12,140000343322754;14000
2026-10-05;13:33:00;-03:00;12,130000114440918;12,140000343322754;12,130000114440918;12,140000343322754;22100
2026-10-05;13:34:00;-03:00;12,140000343322754;12,140000343322754;12,119999885559082;12,130000114440918;68600
2026-10-05;13:35:00;-03:00;12,130000114440918;12,140000343322754;12,119999885559082;12,140000343322754;48600
2026-10-05;13:36:00;-03:00;12,140000343322754;12,140000343322754;12,130000114440918;12,140000343322754;26700
2026-10-05;13:37:00;-03:00;12,140000343322754;12,149999618530273;12,130000114440918;12,149999618530273;60900
2026-10-05;13:38:00;-03:00;12,149999618530273;12,149999618530273;12,140000343322754;12,149999618530273;45300
2026-10-05;13:39:00;-03:00;12,149999618530273;12,149999618530273;12,140000343322754;12,149999618530273;422900
2026-10-05;13:40:00;-03:00;12,149999618530273;12,149999618530273;12,130000114440918;12,149999618530273;67000
2026-10-05;13:41:00;-03:00;12,149999618530273;12,149999618530273;12,130000114440918;12,140000343322754;49400
2026-10-05;13:42:00;-03:00;12,149999618530273;12,149999618530273;12,130000114440918;12,140000343322754;47000
2026-10-05;13:43:00;-03:00;12,140000343322754;12,140000343322754;12,130000114440918;12,140000343322754;46300
2026-10-05;13:44:00;-03:00;12,140000343322754;12,140000343322754;12,119999885559082;12,130000114440918;87400
2026-10-05;13:45:00;-03:00;12,130000114440918;12,140000343322754;12,119999885559082;12,140000343322754;43500
2026-10-05;13:46:00;-03:00;12,140000343322754;12,140000343322754;12,119999885559082;12,130000114440918;64100
2026-10-05;13:47:00;-03:00;12,140000343322754;12,140000343322754;12,109999656677246;12,130000114440918;47300
2026-10-05;13:48:00;-03:00;12,119999885559082;12,119999885559082;12,109999656677246;12,119999885559082;31800
2026-10-05;13:49:00;-03:00;12,119999885559082;12,119999885559082;12,100000381469727;12,109999656677246;70000
2026-10-05;13:50:00;-03:00;12,109999656677246;12,119999885559082;12,100000381469727;12,119999885559082;43800
2026-10-05;13:51:00;-03:00;12,119999885559082;12,130000114440918;12,109999656677246;12,119999885559082;65400
2026-10-05;13:52:00;-03:00;12,119999885559082;12,130000114440918;12,109999656677246;12,130000114440918;31500
2026-10-05;13:53:00;-03:00;12,130000114440918;12,130000114440918;12,109999656677246;12,119999885559082;61500
2026-10-05;13:54:00;-03:00;12,119999885559082;12,119999885559082;12,09000015258789;12,100000381469727;121700
2026-10-05;13:55:00;-03:00;12,100000381469727;12,109999656677246;12,09000015258789;12,100000381469727;41900
2026-10-05;13:56:00;-03:00;12,100000381469727;12,119999885559082;12,09000015258789;12,119999885559082;45400
2026-10-05;13:57:00;-03:00;12,119999885559082;12,130000114440918;12,109999656677246;12,119999885559082;95300
2026-10-05;13:58:00;-03:00;12,119999885559082;12,119999885559082;12,100000381469727;12,109999656677246;103600
2026-10-05;13:59:00;-03:00;12,109999656677246;12,119999885559082;12,09000015258789;12,119999885559082;48800
2026-10-05;14:00:00;-03:00;12,119999885559082;12,119999885559082;12,100000381469727;12,119999885559082;58200
2026-10-05;14:01:00;-03:00;12,119999885559082;12,119999885559082;12,100000381469727;12,109999656677246;80800
2026-10-05;14:02:00;-03:00;12,109999656677246;12,119999885559082;12,100000381469727;12,119999885559082;41200
2026-10-05;14:03:00;-03:00;12,119999885559082;12,119999885559082;12,100000381469727;12,109999656677246;51200
2026-10-05;14:04:00;-03:00;12,109999656677246;12,119999885559082;12,100000381469727;12,109999656677246;43800
2026-10-05;14:05:00;-03:00;12,119999885559082;12,119999885559082;12,100000381469727;12,109999656677246;45500
2026-10-05;14:06:00;-03:00;12,109999656677246;12,119999885559082;12,100000381469727;12,109999656677246;60400
2026-10-05;14:07:00;-03:00;12,109999656677246;12,119999885559082;12,100000381469727;12,119999885559082;94700
2026-10-05;14:08:00;-03:00;12,109999656677246;12,119999885559082;12,100000381469727;12,109999656677246;70600
2026-10-05;14:09:00;-03:00;12,109999656677246;12,119999885559082;12,100000381469727;12,109999656677246;35700
2026-10-05;14:10:00;-03:00;12,109999656677246;12,119999885559082;12,100000381469727;12,119999885559082;32900
2026-10-05;14:11:00;-03:00;12,119999885559082;12,119999885559082;12,109999656677246;12,109999656677246;16900
2026-10-05;14:12:00;-03:00;12,119999885559082;12,130000114440918;12,109999656677246;12,130000114440918;71800
2026-10-05;14:13:00;-03:00;12,130000114440918;12,130000114440918;12,109999656677246;12,119999885559082;58000
2026-10-05;14:14:00;-03:00;12,119999885559082;12,130000114440918;12,109999656677246;12,130000114440918;38600
2026-10-05;14:15:00;-03:00;12,130000114440918;12,130000114440918;12,119999885559082;12,130000114440918;32100
2026-10-05;14:16:00;-03:00;12,130000114440918;12,130000114440918;12,109999656677246;12,119999885559082;78600
2026-10-05;14:17:00;-03:00;12,119999885559082;12,130000114440918;12,109999656677246;12,130000114440918;55000
2026-10-05;14:18:00;-03:00;12,130000114440918;12,140000343322754;12,119999885559082;12,130000114440918;67900
2026-10-05;14:19:00;-03:00;12,130000114440918;12,140000343322754;12,119999885559082;12,130000114440918;23500
2026-10-05;14:20:00;-03:00;12,130000114440918;12,140000343322754;12,119999885559082;12,130000114440918;99200
2026-10-05;14:21:00;-03:00;12,130000114440918;12,130000114440918;12,119999885559082;12,130000114440918;27700
2026-10-05;14:22:00;-03:00;12,130000114440918;12,140000343322754;12,119999885559082;12,140000343322754;83900
2026-10-05;14:23:00;-03:00;12,140000343322754;12,140000343322754;12,130000114440918;12,140000343322754;22600
2026-10-05;14:24:00;-03:00;12,140000343322754;12,149999618530273;12,130000114440918;12,149999618530273;100400
2026-10-05;14:25:00;-03:00;12,149999618530273;12,149999618530273;12,130000114440918;12,149999618530273;48800
2026-10-05;14:26:00;-03:00;12,149999618530273;12,149999618530273;12,130000114440918;12,140000343322754;76800
2026-10-05;14:27:00;-03:00;12,140000343322754;12,149999618530273;12,130000114440918;12,149999618530273;42900
2026-10-05;14:28:00;-03:00;12,149999618530273;12,149999618530273;12,130000114440918;12,140000343322754;40700
2026-10-05;14:29:00;-03:00;12,140000343322754;12,149999618530273;12,130000114440918;12,130000114440918;27500
2026-10-05;14:30:00;-03:00;12,140000343322754;12,149999618530273;12,130000114440918;12,149999618530273;16000
2026-10-05;14:31:00;-03:00;12,149999618530273;12,149999618530273;12,140000343322754;12,149999618530273;34800
2026-10-05;14:32:00;-03:00;12,149999618530273;12,149999618530273;12,140000343322754;12,140000343322754;114800
2026-10-05;14:33:00;-03:00;12,149999618530273;12,149999618530273;12,130000114440918;12,149999618530273;105400
2026-10-05;14:34:00;-03:00;12,149999618530273;12,149999618530273;12,140000343322754;12,149999618530273;34500
2026-10-05;14:35:00;-03:00;12,149999618530273;12,149999618530273;12,130000114440918;12,130000114440918;57300
2026-10-05;14:36:00;-03:00;12,140000343322754;12,140000343322754;12,119999885559082;12,140000343322754;64700
2026-10-05;14:37:00;-03:00;12,140000343322754;12,140000343322754;12,130000114440918;12,140000343322754;15600
2026-10-05;14:38:00;-03:00;12,140000343322754;12,140000343322754;12,119999885559082;12,130000114440918;141300
2026-10-05;14:39:00;-03:00;12,130000114440918;12,140000343322754;12,109999656677246;12,130000114440918;118100
2026-10-05;14:40:00;-03:00;12,130000114440918;12,140000343322754;12,119999885559082;12,130000114440918;67700
2026-10-05;14:41:00;-03:00;12,140000343322754;12,140000343322754;12,119999885559082;12,130000114440918;22900
2026-10-05;14:42:00;-03:00;12,130000114440918;12,140000343322754;12,119999885559082;12,140000343322754;34600
2026-10-05;14:43:00;-03:00;12,140000343322754;12,140000343322754;12,119999885559082;12,119999885559082;165000
2026-10-05;14:44:00;-03:00;12,119999885559082;12,130000114440918;12,109999656677246;12,119999885559082;20700
2026-10-05;14:45:00;-03:00;12,109999656677246;12,130000114440918;12,109999656677246;12,119999885559082;73800
2026-10-05;14:46:00;-03:00;12,119999885559082;12,130000114440918;12,109999656677246;12,109999656677246;92000
2026-10-05;14:47:00;-03:00;12,119999885559082;12,119999885559082;12,100000381469727;12,100000381469727;138200
2026-10-05;14:48:00;-03:00;12,109999656677246;12,109999656677246;12,100000381469727;12,109999656677246;18200
2026-10-05;14:49:00;-03:00;12,109999656677246;12,109999656677246;12,09000015258789;12,109999656677246;108300
2026-10-05;14:50:00;-03:00;12,109999656677246;12,119999885559082;12,100000381469727;12,109999656677246;35500
2026-10-05;14:51:00;-03:00;12,119999885559082;12,119999885559082;12,109999656677246;12,119999885559082;27000
2026-10-05;14:52:00;-03:00;12,119999885559082;12,119999885559082;12,109999656677246;12,119999885559082;70700
2026-10-05;14:53:00;-03:00;12,119999885559082;12,119999885559082;12,109999656677246;12,109999656677246;28800
2026-10-05;14:54:00;-03:00;12,119999885559082;12,130000114440918;12,109999656677246;12,109999656677246;125100
2026-10-05;14:55:00;-03:00;12,119999885559082;12,119999885559082;12,109999656677246;12,119999885559082;97100
2026-10-05;14:56:00;-03:00;12,119999885559082;12,119999885559082;12,100000381469727;12,109999656677246;65900
2026-10-05;14:57:00;-03:00;12,109999656677246;12,109999656677246;12,100000381469727;12,100000381469727;65000
2026-10-05;14:58:00;-03:00;12,109999656677246;12,109999656677246;12,09000015258789;12,09000015258789;68800
2026-10-05;14:59:00;-03:00;12,100000381469727;12,100000381469727;12,09000015258789;12,100000381469727;112800
2026-10-05;15:00:00;-03:00;12,100000381469727;12,100000381469727;12,079999923706055;12,09000015258789;90000
2026-10-05;15:01:00;-03:00;12,100000381469727;12,100000381469727;12,09000015258789;12,100000381469727;79100
2026-10-05;15:02:00;-03:00;12,100000381469727;12,109999656677246;12,09000015258789;12,109999656677246;70700
2026-10-05;15:03:00;-03:00;12,100000381469727;12,109999656677246;12,09000015258789;12,109999656677246;358800
2026-10-05;15:04:00;-03:00;12,100000381469727;12,109999656677246;12,100000381469727;12,109999656677246;46000
2026-10-05;15:05:00;-03:00;12,109999656677246;12,119999885559082;12,100000381469727;12,109999656677246;153700
2026-10-05;15:06:00;-03:00;12,109999656677246;12,130000114440918;12,100000381469727;12,119999885559082;113600
2026-10-05;15:07:00;-03:00;12,119999885559082;12,130000114440918;12,109999656677246;12,119999885559082;73300
2026-10-05;15:08:00;-03:00;12,119999885559082;12,119999885559082;12,100000381469727;12,109999656677246;41400
2026-10-05;15:09:00;-03:00;12,109999656677246;12,109999656677246;12,100000381469727;12,109999656677246;23900
2026-10-05;15:10:00;-03:00;12,109999656677246;12,109999656677246;12,100000381469727;12,100000381469727;35600
2026-10-05;15:11:00;-03:00;12,109999656677246;12,109999656677246;12,09000015258789;12,100000381469727;48600
2026-10-05;15:12:00;-03:00;12,100000381469727;12,100000381469727;12,09000015258789;12,100000381469727;36000
2026-10-05;15:13:00;-03:00;12,100000381469727;12,100000381469727;12,079999923706055;12,09000015258789;89800
2026-10-05;15:14:00;-03:00;12,079999923706055;12,100000381469727;12,079999923706055;12,09000015258789;108600
2026-10-05;15:15:00;-03:00;12,09000015258789;12,100000381469727;12,079999923706055;12,09000015258789;61100
2026-10-05;15:16:00;-03:00;12,100000381469727;12,119999885559082;12,100000381469727;12,119999885559082;65300
2026-10-05;15:17:00;-03:00;12,119999885559082;12,119999885559082;12,100000381469727;12,109999656677246;52300
2026-10-05;15:18:00;-03:00;12,109999656677246;12,109999656677246;12,09000015258789;12,09000015258789;70300
2026-10-05;15:19:00;-03:00;12,100000381469727;12,100000381469727;12,079999923706055;12,09000015258789;103500
2026-10-05;15:20:00;-03:00;12,100000381469727;12,100000381469727;12,09000015258789;12,100000381469727;43400
2026-10-05;15:21:00;-03:00;12,100000381469727;12,119999885559082;12,09000015258789;12,100000381469727;150700
2026-10-05;15:22:00;-03:00;12,100000381469727;12,119999885559082;12,09000015258789;12,119999885559082;83800
2026-10-05;15:23:00;-03:00;12,119999885559082;12,119999885559082;12,109999656677246;12,119999885559082;34700
2026-10-05;15:24:00;-03:00;12,119999885559082;12,119999885559082;12,109999656677246;12,109999656677246;26900
2026-10-05;15:25:00;-03:00;12,119999885559082;12,119999885559082;12,100000381469727;12,119999885559082;85900
2026-10-05;15:26:00;-03:00;12,109999656677246;12,119999885559082;12,100000381469727;12,109999656677246;92700
2026-10-05;15:27:00;-03:00;12,109999656677246;12,119999885559082;12,100000381469727;12,100000381469727;44700
2026-10-05;15:28:00;-03:00;12,109999656677246;12,109999656677246;12,09000015258789;12,109999656677246;92100
2026-10-05;15:29:00;-03:00;12,109999656677246;12,119999885559082;12,100000381469727;12,100000381469727;131500
2026-10-05;15:30:00;-03:00;12,109999656677246;12,109999656677246;12,09000015258789;12,100000381469727;42800
2026-10-05;15:31:00;-03:00;12,09000015258789;12,100000381469727;12,079999923706055;12,100000381469727;64600
2026-10-05;15:32:00;-03:00;12,100000381469727;12,100000381469727;12,079999923706055;12,079999923706055;21400
2026-10-05;15:33:00;-03:00;12,079999923706055;12,09000015258789;12,069999694824219;12,079999923706055;68500
2026-10-05;15:34:00;-03:00;12,079999923706055;12,09000015258789;12,079999923706055;12,09000015258789;64100
2026-10-05;15:35:00;-03:00;12,079999923706055;12,09000015258789;12,079999923706055;12,09000015258789;35200
2026-10-05;15:36:00;-03:00;12,09000015258789;12,100000381469727;12,079999923706055;12,09000015258789;123700
2026-10-05;15:37:00;-03:00;12,079999923706055;12,09000015258789;12,069999694824219;12,09000015258789;37600
2026-10-05;15:38:00;-03:00;12,079999923706055;12,09000015258789;12,069999694824219;12,09000015258789;49000
2026-10-05;15:39:00;-03:00;12,09000015258789;12,09000015258789;12,079999923706055;12,09000015258789;20300
2026-10-05;15:40:00;-03:00;12,09000015258789;12,100000381469727;12,079999923706055;12,09000015258789;67000
2026-10-05;15:41:00;-03:00;12,079999923706055;12,09000015258789;12,079999923706055;12,09000015258789;29100
2026-10-05;15:42:00;-03:00;12,09000015258789;12,100000381469727;12,079999923706055;12,100000381469727;162600
2026-10-05;15:43:00;-03:00;12,100000381469727;12,109999656677246;12,09000015258789;12,100000381469727;55700
2026-10-05;15:44:00;-03:00;12,09000015258789;12,109999656677246;12,09000015258789;12,09000015258789;155900
2026-10-05;15:45:00;-03:00;12,09000015258789;12,100000381469727;12,09000015258789;12,09000015258789;29100
2026-10-05;15:46:00;-03:00;12,100000381469727;12,100000381469727;12,09000015258789;12,100000381469727;25800
2026-10-05;15:47:00;-03:00;12,100000381469727;12,100000381469727;12,09000015258789;12,100000381469727;89300
2026-10-05;15:48:00;-03:00;12,09000015258789;12,109999656677246;12,09000015258789;12,100000381469727;93400
2026-10-05;15:49:00;-03:00;12,100000381469727;12,100000381469727;12,09000015258789;12,100000381469727;24300
2026-10-05;15:50:00;-03:00;12,09000015258789;12,109999656677246;12,09000015258789;12,100000381469727;141100
2026-10-05;15:51:00;-03:00;12,09000015258789;12,109999656677246;12,09000015258789;12,109999656677246;78800
2026-10-05;15:52:00;-03:00;12,100000381469727;12,109999656677246;12,100000381469727;12,109999656677246;80200
2026-10-05;15:53:00;-03:00;12,100000381469727;12,109999656677246;12,100000381469727;12,109999656677246;22200
2026-10-05;15:54:00;-03:00;12,100000381469727;12,119999885559082;12,100000381469727;12,119999885559082;156100
2026-10-05;15:55:00;-03:00;12,109999656677246;12,119999885559082;12,109999656677246;12,119999885559082;40300
2026-10-05;15:56:00;-03:00;12,109999656677246;12,130000114440918;12,109999656677246;12,130000114440918;151000
2026-10-05;15:57:00;-03:00;12,119999885559082;12,130000114440918;12,119999885559082;12,130000114440918;57600
2026-10-05;15:58:00;-03:00;12,130000114440918;12,140000343322754;12,119999885559082;12,130000114440918;98100
2026-10-05;15:59:00;-03:00;12,130000114440918;12,140000343322754;12,119999885559082;12,119999885559082;40300
2026-10-05;16:00:00;-03:00;12,130000114440918;12,140000343322754;12,109999656677246;12,130000114440918;55200
2026-10-05;16:01:00;-03:00;12,140000343322754;12,140000343322754;12,119999885559082;12,119999885559082;109400
2026-10-05;16:02:00;-03:00;12,130000114440918;12,130000114440918;12,109999656677246;12,130000114440918;71300
2026-10-05;16:03:00;-03:00;12,130000114440918;12,130000114440918;12,109999656677246;12,130000114440918;42300
2026-10-05;16:04:00;-03:00;12,130000114440918;12,130000114440918;12,119999885559082;12,130000114440918;48600
2026-10-05;16:05:00;-03:00;12,119999885559082;12,130000114440918;12,119999885559082;12,119999885559082;50700
2026-10-05;16:06:00;-03:00;12,130000114440918;12,140000343322754;12,119999885559082;12,140000343322754;103600
2026-10-05;16:07:00;-03:00;12,140000343322754;12,140000343322754;12,130000114440918;12,140000343322754;26900
2026-10-05;16:08:00;-03:00;12,140000343322754;12,140000343322754;12,130000114440918;12,140000343322754;18100
2026-10-05;16:09:00;-03:00;12,140000343322754;12,140000343322754;12,119999885559082;12,130000114440918;56100
2026-10-05;16:10:00;-03:00;12,130000114440918;12,140000343322754;12,119999885559082;12,130000114440918;36900
2026-10-05;16:11:00;-03:00;12,130000114440918;12,140000343322754;12,109999656677246;12,109999656677246;142900
2026-10-05;16:12:00;-03:00;12,109999656677246;12,130000114440918;12,109999656677246;12,119999885559082;109900
2026-10-05;16:13:00;-03:00;12,119999885559082;12,130000114440918;12,100000381469727;12,109999656677246;121000
2026-10-05;16:14:00;-03:00;12,119999885559082;12,130000114440918;12,109999656677246;12,130000114440918;307800
2026-10-05;16:15:00;-03:00;12,119999885559082;12,130000114440918;12,119999885559082;12,130000114440918;34100
2026-10-05;16:16:00;-03:00;12,130000114440918;12,130000114440918;12,109999656677246;12,119999885559082;55300
2026-10-05;16:17:00;-03:00;12,109999656677246;12,130000114440918;12,100000381469727;12,119999885559082;106400
2026-10-05;16:18:00;-03:00;12,119999885559082;12,119999885559082;12,09000015258789;12,100000381469727;98400
2026-10-05;16:19:00;-03:00;12,100000381469727;12,100000381469727;12,079999923706055;12,09000015258789;100900
2026-10-05;16:20:00;-03:00;12,079999923706055;12,100000381469727;12,079999923706055;12,100000381469727;74200
2026-10-05;16:21:00;-03:00;12,09000015258789;12,109999656677246;12,09000015258789;12,109999656677246;133300
2026-10-05;16:22:00;-03:00;12,109999656677246;12,109999656677246;12,09000015258789;12,100000381469727;90100
2026-10-05;16:23:00;-03:00;12,100000381469727;12,109999656677246;12,09000015258789;12,100000381469727;50900
2026-10-05;16:24:00;-03:00;12,109999656677246;12,109999656677246;12,100000381469727;12,100000381469727;49100
2026-10-05;16:25:00;-03:00;12,109999656677246;12,109999656677246;12,09000015258789;12,100000381469727;151400
2026-10-05;16:26:00;-03:00;12,100000381469727;12,100000381469727;12,079999923706055;12,09000015258789;75700
2026-10-05;16:27:00;-03:00;12,09000015258789;12,100000381469727;12,079999923706055;12,100000381469727;92100
2026-10-05;16:28:00;-03:00;12,100000381469727;12,100000381469727;12,079999923706055;12,079999923706055;68200
2026-10-05;16:29:00;-03:00;12,09000015258789;12,09000015258789;12,069999694824219;12,079999923706055;37700
2026-10-05;16:30:00;-03:00;12,069999694824219;12,069999694824219;12,050000190734863;12,0600004196167;168600
2026-10-05;16:31:00;-03:00;12,069999694824219;12,069999694824219;12,039999961853027;12,050000190734863;80000
2026-10-05;16:32:00;-03:00;12,050000190734863;12,050000190734863;12,020000457763672;12,039999961853027;128200
2026-10-05;16:33:00;-03:00;12,039999961853027;12,050000190734863;12,029999732971191;12,039999961853027;94000
2026-10-05;16:34:00;-03:00;12,039999961853027;12,039999961853027;12,029999732971191;12,039999961853027;45900
2026-10-05;16:35:00;-03:00;12,039999961853027;12,039999961853027;12,020000457763672;12,029999732971191;49900
2026-10-05;16:36:00;-03:00;12,029999732971191;12,029999732971191;12,010000228881836;12,020000457763672;157900
2026-10-05;16:37:00;-03:00;12,020000457763672;12,029999732971191;12,0;12,029999732971191;74800
2026-10-05;16:38:00;-03:00;12,029999732971191;12,029999732971191;12,010000228881836;12,029999732971191;78800
2026-10-05;16:39:00;-03:00;12,039999961853027;12,039999961853027;12,029999732971191;12,039999961853027;27800
2026-10-05;16:40:00;-03:00;12,039999961853027;12,0600004196167;12,039999961853027;12,050000190734863;118000
2026-10-05;16:41:00;-03:00;12,039999961853027;12,0600004196167;12,039999961853027;12,0600004196167;34900
2026-10-05;16:42:00;-03:00;12,0600004196167;12,069999694824219;12,050000190734863;12,050000190734863;83700
2026-10-05;16:43:00;-03:00;12,0600004196167;12,069999694824219;12,050000190734863;12,0600004196167;64700
2026-10-05;16:44:00;-03:00;12,069999694824219;12,079999923706055;12,0600004196167;12,079999923706055;41800
2026-10-05;16:45:00;-03:00;12,079999923706055;12,09000015258789;12,0600004196167;12,079999923706055;113700
2026-10-05;16:46:00;-03:00;12,079999923706055;12,079999923706055;12,069999694824219;12,069999694824219;79100
2026-10-05;16:47:00;-03:00;12,079999923706055;12,079999923706055;12,0600004196167;12,069999694824219;91600
2026-10-05;16:48:00;-03:00;12,0600004196167;12,09000015258789;12,050000190734863;12,079999923706055;302900
2026-10-05;16:49:00;-03:00;12,079999923706055;12,100000381469727;12,069999694824219;12,100000381469727;67500
2026-10-05;16:50:00;-03:00;12,100000381469727;12,100000381469727;12,0600004196167;12,079999923706055;150300
2026-10-05;16:51:00;-03:00;12,079999923706055;12,079999923706055;12,069999694824219;12,079999923706055;39300
2026-10-05;16:52:00;-03:00;12,079999923706055;12,09000015258789;12,0600004196167;12,079999923706055;198900
2026-10-05;16:53:00;-03:00;12,079999923706055;12,09000015258789;12,069999694824219;12,09000015258789;50300
2026-10-05;16:54:00;-03:00;12,09000015258789;12,09000015258789;12,039999961853027;12,079999923706055;88000
2026-10-06;10:03:00;-03:00;12,0600004196167;12,09000015258789;12,020000457763672;12,079999923706055;0
2026-10-06;10:04:00;-03:00;12,0600004196167;12,100000381469727;12,0600004196167;12,09000015258789;27900
2026-10-06;10:05:00;-03:00;12,079999923706055;12,079999923706055;12,020000457763672;12,029999732971191;48000
2026-10-06;10:06:00;-03:00;12,020000457763672;12,029999732971191;12,020000457763672;12,029999732971191;12100
2026-10-06;10:07:00;-03:00;12,029999732971191;12,039999961853027;12,010000228881836;12,020000457763672;23700
2026-10-06;10:08:00;-03:00;12,029999732971191;12,050000190734863;12,020000457763672;12,050000190734863;16500
2026-10-06;10:09:00;-03:00;12,050000190734863;12,079999923706055;12,050000190734863;12,0600004196167;46500
2026-10-06;10:10:00;-03:00;12,0600004196167;12,140000343322754;12,0600004196167;12,130000114440918;59200
2026-10-06;10:11:00;-03:00;12,130000114440918;12,149999618530273;12,109999656677246;12,130000114440918;45700
2026-10-06;10:12:00;-03:00;12,140000343322754;12,15999984741211;12,140000343322754;12,15999984741211;30900
2026-10-06;10:13:00;-03:00;12,15999984741211;12,15999984741211;12,140000343322754;12,149999618530273;34400
2026-10-06;10:14:00;-03:00;12,140000343322754;12,149999618530273;12,109999656677246;12,149999618530273;72900
2026-10-06;10:15:00;-03:00;12,149999618530273;12,170000076293945;12,119999885559082;12,149999618530273;81100
2026-10-06;10:16:00;-03:00;12,140000343322754;12,15999984741211;12,119999885559082;12,149999618530273;65700
2026-10-06;10:17:00;-03:00;12,149999618530273;12,170000076293945;12,130000114440918;12,15999984741211;197600
2026-10-06;10:18:00;-03:00;12,170000076293945;12,170000076293945;12,15999984741211;12,170000076293945;96100
2026-10-06;10:19:00;-03:00;12,15999984741211;12,15999984741211;12,100000381469727;12,100000381469727;155900
2026-10-06;10:20:00;-03:00;12,109999656677246;12,109999656677246;12,069999694824219;12,079999923706055;18300
2026-10-06;10:21:00;-03:00;12,079999923706055;12,09000015258789;12,079999923706055;12,079999923706055;26600
2026-10-06;10:22:00;-03:00;12,09000015258789;12,109999656677246;12,069999694824219;12,109999656677246;91600
2026-10-06;10:23:00;-03:00;12,109999656677246;12,140000343322754;12,100000381469727;12,119999885559082;107600
2026-10-06;10:24:00;-03:00;12,109999656677246;12,109999656677246;12,100000381469727;12,100000381469727;17800
2026-10-06;10:25:00;-03:00;12,100000381469727;12,109999656677246;12,0600004196167;12,079999923706055;133800
2026-10-06;10:26:00;-03:00;12,069999694824219;12,100000381469727;12,069999694824219;12,100000381469727;73600
2026-10-06;10:27:00;-03:00;12,100000381469727;12,149999618530273;12,09000015258789;12,119999885559082;102000
2026-10-06;10:28:00;-03:00;12,119999885559082;12,140000343322754;12,100000381469727;12,109999656677246;96500
2026-10-06;10:29:00;-03:00;12,100000381469727;12,109999656677246;12,100000381469727;12,109999656677246;66400
2026-10-06;10:30:00;-03:00;12,109999656677246;12,119999885559082;12,09000015258789;12,100000381469727;411500
2026-10-06;10:31:00;-03:00;12,109999656677246;12,140000343322754;12,109999656677246;12,109999656677246;108800
2026-10-06;10:32:00;-03:00;12,109999656677246;12,119999885559082;12,09000015258789;12,100000381469727;24800
2026-10-06;10:33:00;-03:00;12,09000015258789;12,109999656677246;12,079999923706055;12,100000381469727;139200
2026-10-06;10:34:00;-03:00;12,109999656677246;12,149999618530273;12,109999656677246;12,149999618530273;85900
2026-10-06;10:35:00;-03:00;12,149999618530273;12,149999618530273;12,119999885559082;12,140000343322754;47800
2026-10-06;10:36:00;-03:00;12,149999618530273;12,15999984741211;12,130000114440918;12,140000343322754;47400
2026-10-06;10:37:00;-03:00;12,140000343322754;12,140000343322754;12,109999656677246;12,109999656677246;26000
2026-10-06;10:38:00;-03:00;12,109999656677246;12,119999885559082;12,100000381469727;12,109999656677246;61300
2026-10-06;10:39:00;-03:00;12,109999656677246;12,109999656677246;12,100000381469727;12,109999656677246;226300
2026-10-06;10:40:00;-03:00;12,109999656677246;12,119999885559082;12,100000381469727;12,119999885559082;62300
2026-10-06;10:41:00;-03:00;12,109999656677246;12,119999885559082;12,100000381469727;12,119999885559082;23000
2026-10-06;10:42:00;-03:00;12,109999656677246;12,109999656677246;12,09000015258789;12,100000381469727;57800
2026-10-06;10:43:00;-03:00;12,100000381469727;12,100000381469727;12,09000015258789;12,100000381469727;60800
2026-10-06;10:44:00;-03:00;12,100000381469727;12,109999656677246;12,09000015258789;12,09000015258789;18800
2026-10-06;10:45:00;-03:00;12,09000015258789;12,100000381469727;12,09000015258789;12,09000015258789;161000
2026-10-06;10:46:00;-03:00;12,09000015258789;12,100000381469727;12,0600004196167;12,0600004196167;474300
2026-10-06;10:47:00;-03:00;12,0600004196167;12,079999923706055;12,029999732971191;12,029999732971191;106000
2026-10-06;10:48:00;-03:00;12,029999732971191;12,050000190734863;12,029999732971191;12,029999732971191;60000
2026-10-06;10:49:00;-03:00;12,029999732971191;12,029999732971191;12,010000228881836;12,020000457763672;75900
2026-10-06;10:50:00;-03:00;12,029999732971191;12,029999732971191;12,0;12,020000457763672;78700
2026-10-06;10:51:00;-03:00;12,020000457763672;12,039999961853027;12,0;12,020000457763672;154200
2026-10-06;10:52:00;-03:00;12,020000457763672;12,020000457763672;12,010000228881836;12,020000457763672;16000
2026-10-06;10:53:00;-03:00;12,020000457763672;12,020000457763672;12,010000228881836;12,010000228881836;17700
2026-10-06;10:54:00;-03:00;12,010000228881836;12,020000457763672;11,989999771118164;12,0;60400
2026-10-06;10:55:00;-03:00;11,989999771118164;12,010000228881836;11,989999771118164;12,010000228881836;32800
2026-10-06;10:56:00;-03:00;12,0;12,010000228881836;11,970000267028809;11,979999542236328;75300
2026-10-06;10:57:00;-03:00;11,989999771118164;12,010000228881836;11,979999542236328;12,0;42600
2026-10-06;10:58:00;-03:00;12,010000228881836;12,010000228881836;12,010000228881836;12,010000228881836;29800
2026-10-06;10:59:00;-03:00;12,0;12,020000457763672;12,0;12,010000228881836;107200
2026-10-06;11:00:00;-03:00;12,010000228881836;12,020000457763672;12,010000228881836;12,020000457763672;23300
2026-10-06;11:01:00;-03:00;12,020000457763672;12,0600004196167;12,020000457763672;12,0600004196167;46700
2026-10-06;11:02:00;-03:00;12,050000190734863;12,0600004196167;12,039999961853027;12,0600004196167;30300
2026-10-06;11:03:00;-03:00;12,050000190734863;12,09000015258789;12,050000190734863;12,079999923706055;58400
2026-10-06;11:04:00;-03:00;12,09000015258789;12,100000381469727;12,09000015258789;12,100000381469727;28500
2026-10-06;11:05:00;-03:00;12,09000015258789;12,09000015258789;12,079999923706055;12,079999923706055;56300
2026-10-06;11:06:00;-03:00;12,079999923706055;12,079999923706055;12,0600004196167;12,069999694824219;15600
2026-10-06;11:07:00;-03:00;12,069999694824219;12,079999923706055;12,0600004196167;12,079999923706055;78900
2026-10-06;11:08:00;-03:00;12,079999923706055;12,079999923706055;12,0600004196167;12,079999923706055;31100
2026-10-06;11:09:00;-03:00;12,069999694824219;12,079999923706055;12,029999732971191;12,039999961853027;86900
2026-10-06;11:10:00;-03:00;12,050000190734863;12,050000190734863;12,029999732971191;12,039999961853027;71400
2026-10-06;11:11:00;-03:00;12,039999961853027;12,039999961853027;12,020000457763672;12,029999732971191;16300
2026-10-06;11:12:00;-03:00;12,029999732971191;12,029999732971191;12,020000457763672;12,020000457763672;8600
2026-10-06;11:13:00;-03:00;12,029999732971191;12,039999961853027;12,020000457763672;12,039999961853027;45400
2026-10-06;11:14:00;-03:00;12,039999961853027;12,050000190734863;12,039999961853027;12,039999961853027;29100
2026-10-06;11:15:00;-03:00;12,029999732971191;12,029999732971191;12,020000457763672;12,029999732971191;20800
2026-10-06;11:16:00;-03:00;12,020000457763672;12,029999732971191;11,979999542236328;11,989999771118164;365600
2026-10-06;11:17:00;-03:00;11,989999771118164;12,020000457763672;11,989999771118164;12,0;147800
2026-10-06;11:18:00;-03:00;12,0;12,0;11,979999542236328;11,989999771118164;27300
2026-10-06;11:19:00;-03:00;11,979999542236328;11,989999771118164;11,970000267028809;11,970000267028809;36600
2026-10-06;11:20:00;-03:00;11,979999542236328;11,979999542236328;11,970000267028809;11,979999542236328;8500
2026-10-06;11:21:00;-03:00;11,979999542236328;11,989999771118164;11,970000267028809;11,979999542236328;26500
2026-10-06;11:22:00;-03:00;11,979999542236328;11,979999542236328;11,960000038146973;11,960000038146973;84300
2026-10-06;11:23:00;-03:00;11,970000267028809;11,989999771118164;11,970000267028809;11,989999771118164;22200
2026-10-06;11:24:00;-03:00;11,989999771118164;12,0;11,979999542236328;11,989999771118164;15600
2026-10-06;11:25:00;-03:00;11,979999542236328;11,989999771118164;11,970000267028809;11,979999542236328;21900
2026-10-06;11:26:00;-03:00;11,979999542236328;12,0;11,970000267028809;12,0;77700
2026-10-06;11:27:00;-03:00;12,0;12,020000457763672;12,0;12,010000228881836;74200
2026-10-06;11:28:00;-03:00;12,020000457763672;12,029999732971191;12,0;12,0;59800
2026-10-06;11:29:00;-03:00;12,0;12,010000228881836;11,989999771118164;12,0;19100
2026-10-06;11:30:00;-03:00;12,0;12,010000228881836;11,989999771118164;12,010000228881836;16200
2026-10-06;11:31:00;-03:00;12,010000228881836;12,010000228881836;12,0;12,010000228881836;11100
2026-10-06;11:32:00;-03:00;12,010000228881836;12,020000457763672;12,0;12,010000228881836;39300
2026-10-06;11:33:00;-03:00;12,010000228881836;12,029999732971191;12,010000228881836;12,020000457763672;27300
2026-10-06;11:34:00;-03:00;12,029999732971191;12,050000190734863;12,020000457763672;12,039999961853027;24300
2026-10-06;11:35:00;-03:00;12,050000190734863;12,069999694824219;12,039999961853027;12,069999694824219;88200
2026-10-06;11:36:00;-03:00;12,0600004196167;12,069999694824219;12,0600004196167;12,069999694824219;32000
2026-10-06;11:37:00;-03:00;12,0600004196167;12,0600004196167;12,039999961853027;12,039999961853027;15900
2026-10-06;11:38:00;-03:00;12,050000190734863;12,0600004196167;12,039999961853027;12,050000190734863;37400
2026-10-06;11:39:00;-03:00;12,039999961853027;12,0600004196167;12,039999961853027;12,0600004196167;65000
2026-10-06;11:40:00;-03:00;12,0600004196167;12,0600004196167;12,039999961853027;12,0600004196167;29400
2026-10-06;11:41:00;-03:00;12,050000190734863;12,050000190734863;12,039999961853027;12,050000190734863;9800
2026-10-06;11:42:00;-03:00;12,050000190734863;12,050000190734863;12,039999961853027;12,039999961853027;55900
2026-10-06;11:43:00;-03:00;12,039999961853027;12,050000190734863;12,029999732971191;12,039999961853027;618600
2026-10-06;11:44:00;-03:00;12,029999732971191;12,039999961853027;12,010000228881836;12,029999732971191;57300
2026-10-06;11:45:00;-03:00;12,020000457763672;12,020000457763672;12,010000228881836;12,020000457763672;22500
2026-10-06;11:46:00;-03:00;12,020000457763672;12,029999732971191;12,010000228881836;12,020000457763672;52800
2026-10-06;11:47:00;-03:00;12,020000457763672;12,039999961853027;12,020000457763672;12,020000457763672;46000
2026-10-06;11:48:00;-03:00;12,020000457763672;12,029999732971191;12,010000228881836;12,010000228881836;24900
2026-10-06;11:49:00;-03:00;12,020000457763672;12,029999732971191;12,010000228881836;12,029999732971191;22600
2026-10-06;11:50:00;-03:00;12,020000457763672;12,029999732971191;12,0;12,020000457763672;25600
2026-10-06;11:51:00;-03:00;12,010000228881836;12,020000457763672;12,0;12,010000228881836;16100
2026-10-06;11:52:00;-03:00;12,020000457763672;12,029999732971191;12,010000228881836;12,020000457763672;48600
2026-10-06;11:53:00;-03:00;12,010000228881836;12,029999732971191;12,010000228881836;12,020000457763672;35400
2026-10-06;11:54:00;-03:00;12,029999732971191;12,029999732971191;12,020000457763672;12,029999732971191;20500
2026-10-06;11:55:00;-03:00;12,020000457763672;12,029999732971191;12,010000228881836;12,029999732971191;10400
2026-10-06;11:56:00;-03:00;12,020000457763672;12,029999732971191;11,979999542236328;11,979999542236328;195900
2026-10-06;11:57:00;-03:00;11,979999542236328;12,010000228881836;11,979999542236328;12,010000228881836;52100
2026-10-06;11:58:00;-03:00;12,010000228881836;12,020000457763672;12,0;12,010000228881836;36500
2026-10-06;11:59:00;-03:00;12,020000457763672;12,020000457763672;12,010000228881836;12,020000457763672;18800
2026-10-06;12:00:00;-03:00;12,020000457763672;12,029999732971191;12,010000228881836;12,029999732971191;37500
2026-10-06;12:01:00;-03:00;12,020000457763672;12,029999732971191;12,020000457763672;12,020000457763672;9700
2026-10-06;12:02:00;-03:00;12,020000457763672;12,029999732971191;12,010000228881836;12,020000457763672;20100
2026-10-06;12:03:00;-03:00;12,029999732971191;12,029999732971191;12,020000457763672;12,020000457763672;37100
2026-10-06;12:04:00;-03:00;12,029999732971191;12,039999961853027;12,020000457763672;12,029999732971191;68900
2026-10-06;12:05:00;-03:00;12,029999732971191;12,029999732971191;12,020000457763672;12,029999732971191;7400
2026-10-06;12:06:00;-03:00;12,020000457763672;12,029999732971191;12,010000228881836;12,029999732971191;32300
2026-10-06;12:07:00;-03:00;12,020000457763672;12,029999732971191;12,010000228881836;12,010000228881836;27200
2026-10-06;12:08:00;-03:00;12,020000457763672;12,020000457763672;12,010000228881836;12,020000457763672;57600
2026-10-06;12:09:00;-03:00;12,020000457763672;12,029999732971191;12,010000228881836;12,020000457763672;31200
2026-10-06;12:10:00;-03:00;12,010000228881836;12,029999732971191;12,0;12,020000457763672;114800
2026-10-06;12:11:00;-03:00;12,020000457763672;12,020000457763672;12,0;12,010000228881836;12400
2026-10-06;12:12:00;-03:00;12,010000228881836;12,020000457763672;12,0;12,0;26100
2026-10-06;12:13:00;-03:00;12,0;12,020000457763672;12,0;12,020000457763672;19800
2026-10-06;12:14:00;-03:00;12,020000457763672;12,029999732971191;12,020000457763672;12,029999732971191;5700
2026-10-06;12:15:00;-03:00;12,029999732971191;12,029999732971191;12,020000457763672;12,020000457763672;17300
2026-10-06;12:16:00;-03:00;12,020000457763672;12,029999732971191;12,010000228881836;12,029999732971191;19000
2026-10-06;12:17:00;-03:00;12,029999732971191;12,050000190734863;12,029999732971191;12,050000190734863;42900
2026-10-06;12:18:00;-03:00;12,039999961853027;12,039999961853027;12,029999732971191;12,039999961853027;38600
2026-10-06;12:19:00;-03:00;12,039999961853027;12,039999961853027;12,020000457763672;12,039999961853027;37600
2026-10-06;12:20:00;-03:00;12,039999961853027;12,050000190734863;12,029999732971191;12,050000190734863;12900
2026-10-06;12:21:00;-03:00;12,050000190734863;12,0600004196167;12,039999961853027;12,039999961853027;28100
2026-10-06;12:22:00;-03:00;12,039999961853027;12,050000190734863;12,039999961853027;12,050000190734863;6800
2026-10-06;12:23:00;-03:00;12,039999961853027;12,039999961853027;12,029999732971191;12,039999961853027;9900
2026-10-06;12:24:00;-03:00;12,039999961853027;12,050000190734863;12,029999732971191;12,050000190734863;16500
2026-10-06;12:25:00;-03:00;12,050000190734863;12,050000190734863;12,039999961853027;12,050000190734863;3900
2026-10-06;12:26:00;-03:00;12,050000190734863;12,050000190734863;12,039999961853027;12,039999961853027;5800
2026-10-06;12:27:00;-03:00;12,050000190734863;12,050000190734863;12,039999961853027;12,039999961853027;6800
2026-10-06;12:28:00;-03:00;12,050000190734863;12,050000190734863;12,029999732971191;12,039999961853027;37100
2026-10-06;12:29:00;-03:00;12,039999961853027;12,039999961853027;12,020000457763672;12,020000457763672;65200
2026-10-06;12:30:00;-03:00;12,020000457763672;12,029999732971191;12,010000228881836;12,020000457763672;23000
2026-10-06;12:31:00;-03:00;12,010000228881836;12,029999732971191;12,0;12,029999732971191;56700
2026-10-06;12:32:00;-03:00;12,020000457763672;12,029999732971191;12,020000457763672;12,029999732971191;5900
2026-10-06;12:33:00;-03:00;12,029999732971191;12,029999732971191;12,020000457763672;12,029999732971191;4400
2026-10-06;12:34:00;-03:00;12,020000457763672;12,029999732971191;12,020000457763672;12,029999732971191;11500
2026-10-06;12:35:00;-03:00;12,029999732971191;12,029999732971191;12,020000457763672;12,029999732971191;4500
2026-10-06;12:36:00;-03:00;12,029999732971191;12,029999732971191;12,010000228881836;12,029999732971191;34900
2026-10-06;12:37:00;-03:00;12,029999732971191;12,029999732971191;12,010000228881836;12,020000457763672;24500
2026-10-06;12:38:00;-03:00;12,020000457763672;12,020000457763672;12,010000228881836;12,010000228881836;1800
2026-10-06;12:39:00;-03:00;12,020000457763672;12,020000457763672;12,010000228881836;12,010000228881836;37000
2026-10-06;12:40:00;-03:00;12,010000228881836;12,029999732971191;12,010000228881836;12,020000457763672;29900
2026-10-06;12:41:00;-03:00;12,010000228881836;12,020000457763672;12,010000228881836;12,020000457763672;17700
2026-10-06;12:42:00;-03:00;12,020000457763672;12,020000457763672;12,0;12,020000457763672;25000
2026-10-06;12:43:00;-03:00;12,010000228881836;12,010000228881836;11,989999771118164;11,989999771118164;50100
2026-10-06;12:44:00;-03:00;11,989999771118164;12,0;11,989999771118164;12,0;12200
2026-10-06;12:45:00;-03:00;11,989999771118164;12,0;11,979999542236328;11,989999771118164;28300
2026-10-06;12:46:00;-03:00;11,989999771118164;12,0;11,979999542236328;12,0;20700
2026-10-06;12:47:00;-03:00;12,0;12,010000228881836;11,989999771118164;12,010000228881836;20900
2026-10-06;12:48:00;-03:00;12,010000228881836;12,020000457763672;12,010000228881836;12,010000228881836;14500
2026-10-06;12:49:00;-03:00;12,020000457763672;12,029999732971191;12,010000228881836;12,010000228881836;34200
2026-10-06;12:50:00;-03:00;12,020000457763672;12,020000457763672;12,010000228881836;12,020000457763672;8800
2026-10-06;12:51:00;-03:00;12,020000457763672;12,020000457763672;12,010000228881836;12,010000228881836;34100
2026-10-06;12:52:00;-03:00;12,020000457763672;12,020000457763672;12,010000228881836;12,010000228881836;2800
2026-10-06;12:53:00;-03:00;12,020000457763672;12,020000457763672;12,010000228881836;12,010000228881836;14300
2026-10-06;12:54:00;-03:00;12,0;12,020000457763672;12,0;12,020000457763672;11800
2026-10-06;12:55:00;-03:00;12,010000228881836;12,020000457763672;12,0;12,020000457763672;43100
2026-10-06;12:56:00;-03:00;12,010000228881836;12,020000457763672;12,010000228881836;12,020000457763672;4900
2026-10-06;12:57:00;-03:00;12,010000228881836;12,020000457763672;12,010000228881836;12,020000457763672;50200
2026-10-06;12:58:00;-03:00;12,020000457763672;12,020000457763672;12,0;12,010000228881836;21600
2026-10-06;12:59:00;-03:00;12,0;12,010000228881836;12,0;12,0;17100
2026-10-06;13:00:00;-03:00;12,0;12,010000228881836;12,0;12,0;3700
2026-10-06;13:01:00;-03:00;12,010000228881836;12,010000228881836;11,989999771118164;12,010000228881836;75900
2026-10-06;13:02:00;-03:00;12,0;12,010000228881836;12,0;12,0;8000
2026-10-06;13:03:00;-03:00;12,0;12,010000228881836;12,0;12,010000228881836;5800
2026-10-06;13:04:00;-03:00;12,0;12,010000228881836;11,989999771118164;12,010000228881836;53600
2026-10-06;13:05:00;-03:00;12,0;12,010000228881836;12,0;12,0;4200
2026-10-06;13:06:00;-03:00;12,0;12,010000228881836;12,0;12,0;4300
2026-10-06;13:07:00;-03:00;12,010000228881836;12,010000228881836;12,0;12,010000228881836;3000
2026-10-06;13:08:00;-03:00;12,0;12,010000228881836;11,989999771118164;11,989999771118164;21000
2026-10-06;13:09:00;-03:00;12,0;12,010000228881836;11,989999771118164;12,010000228881836;87300
2026-10-06;13:10:00;-03:00;12,010000228881836;12,010000228881836;11,989999771118164;12,0;15800
2026-10-06;13:11:00;-03:00;11,989999771118164;12,0;11,989999771118164;11,989999771118164;10300
2026-10-06;13:12:00;-03:00;11,989999771118164;12,0;11,989999771118164;11,989999771118164;2100
2026-10-06;13:13:00;-03:00;11,989999771118164;12,0;11,989999771118164;11,989999771118164;29400
2026-10-06;13:14:00;-03:00;12,0;12,010000228881836;11,989999771118164;12,010000228881836;101400
2026-10-06;13:15:00;-03:00;12,010000228881836;12,020000457763672;12,0;12,020000457763672;107800
2026-10-06;13:16:00;-03:00;12,020000457763672;12,020000457763672;12,0;12,020000457763672;34400
2026-10-06;13:17:00;-03:00;12,010000228881836;12,010000228881836;12,0;12,0;28500
2026-10-06;13:18:00;-03:00;12,010000228881836;12,010000228881836;11,989999771118164;12,0;68200
2026-10-06;13:19:00;-03:00;11,989999771118164;12,0;11,979999542236328;11,989999771118164;45300
2026-10-06;13:20:00;-03:00;12,0;12,0;11,989999771118164;12,0;2300
2026-10-06;13:21:00;-03:00;11,989999771118164;12,010000228881836;11,989999771118164;12,010000228881836;33000
2026-10-06;13:22:00;-03:00;12,010000228881836;12,010000228881836;12,0;12,0;2200
2026-10-06;13:23:00;-03:00;12,010000228881836;12,020000457763672;12,0;12,010000228881836;60900
2026-10-06;13:24:00;-03:00;12,0;12,010000228881836;12,0;12,0;7000
2026-10-06;13:25:00;-03:00;12,010000228881836;12,010000228881836;12,0;12,010000228881836;6300
2026-10-06;13:26:00;-03:00;12,0;12,020000457763672;12,0;12,020000457763672;53300
2026-10-06;13:27:00;-03:00;12,010000228881836;12,020000457763672;12,010000228881836;12,020000457763672;2400
2026-10-06;13:28:00;-03:00;12,010000228881836;12,020000457763672;12,010000228881836;12,010000228881836;3800
2026-10-06;13:29:00;-03:00;12,020000457763672;12,020000457763672;12,0;12,0;31800
2026-10-06;13:30:00;-03:00;12,0;12,010000228881836;12,0;12,0;2800
2026-10-06;13:31:00;-03:00;12,0;12,010000228881836;12,0;12,0;3500
2026-10-06;13:32:00;-03:00;12,010000228881836;12,020000457763672;12,0;12,0;32100
2026-10-06;13:33:00;-03:00;12,0;12,020000457763672;12,0;12,010000228881836;23400
2026-10-06;13:34:00;-03:00;12,010000228881836;12,010000228881836;12,0;12,010000228881836;1300
2026-10-06;13:35:00;-03:00;12,0;12,020000457763672;12,0;12,020000457763672;16400
2026-10-06;13:36:00;-03:00;12,020000457763672;12,020000457763672;12,010000228881836;12,010000228881836;3100
2026-10-06;13:37:00;-03:00;12,010000228881836;12,020000457763672;11,989999771118164;11,989999771118164;48900
2026-10-06;13:38:00;-03:00;11,989999771118164;11,989999771118164;11,979999542236328;11,989999771118164;36300
2026-10-06;13:39:00;-03:00;11,979999542236328;11,989999771118164;11,979999542236328;11,979999542236328;4000
2026-10-06;13:40:00;-03:00;11,989999771118164;12,0;11,989999771118164;12,0;65000
2026-10-06;13:41:00;-03:00;11,989999771118164;12,0;11,989999771118164;12,0;27500
2026-10-06;13:42:00;-03:00;12,010000228881836;12,010000228881836;12,0;12,0;25400
2026-10-06;13:43:00;-03:00;11,989999771118164;12,0;11,989999771118164;12,0;5500
2026-10-06;13:44:00;-03:00;11,989999771118164;12,0;11,979999542236328;11,989999771118164;39600
2026-10-06;13:45:00;-03:00;11,979999542236328;11,989999771118164;11,979999542236328;11,989999771118164;2600
2026-10-06;13:46:00;-03:00;11,979999542236328;12,0;11,979999542236328;12,0;42600
2026-10-06;13:47:00;-03:00;11,989999771118164;11,989999771118164;11,970000267028809;11,970000267028809;155900
2026-10-06;13:48:00;-03:00;11,970000267028809;11,970000267028809;11,960000038146973;11,970000267028809;28000
2026-10-06;13:49:00;-03:00;11,960000038146973;11,970000267028809;11,960000038146973;11,970000267028809;11300
2026-10-06;13:50:00;-03:00;11,960000038146973;11,970000267028809;11,960000038146973;11,960000038146973;4000
2026-10-06;13:51:00;-03:00;11,970000267028809;11,970000267028809;11,949999809265137;11,960000038146973;49600
2026-10-06;13:52:00;-03:00;11,949999809265137;11,960000038146973;11,949999809265137;11,960000038146973;47600
2026-10-06;13:53:00;-03:00;11,949999809265137;11,960000038146973;11,9399995803833;11,960000038146973;65900
2026-10-06;13:54:00;-03:00;11,960000038146973;11,970000267028809;11,960000038146973;11,970000267028809;18100
2026-10-06;13:55:00;-03:00;11,960000038146973;11,970000267028809;11,960000038146973;11,970000267028809;1600
2026-10-06;13:56:00;-03:00;11,970000267028809;11,979999542236328;11,960000038146973;11,970000267028809;20300
2026-10-06;13:57:00;-03:00;11,979999542236328;11,979999542236328;11,970000267028809;11,979999542236328;71400
2026-10-06;13:58:00;-03:00;11,970000267028809;11,979999542236328;11,970000267028809;11,970000267028809;10000
2026-10-06;13:59:00;-03:00;11,970000267028809;11,970000267028809;11,960000038146973;11,960000038146973;13200
2026-10-06;14:00:00;-03:00;11,960000038146973;11,970000267028809;11,960000038146973;11,970000267028809;2800
2026-10-06;14:01:00;-03:00;11,970000267028809;11,970000267028809;11,960000038146973;11,960000038146973;6200
2026-10-06;14:02:00;-03:00;11,960000038146973;11,970000267028809;11,949999809265137;11,960000038146973;30700
2026-10-06;14:03:00;-03:00;11,960000038146973;11,970000267028809;11,949999809265137;11,970000267028809;39000
2026-10-06;14:04:00;-03:00;11,960000038146973;11,970000267028809;11,960000038146973;11,960000038146973;5200
2026-10-06;14:05:00;-03:00;11,970000267028809;11,970000267028809;11,960000038146973;11,960000038146973;17900
2026-10-06;14:06:00;-03:00;11,960000038146973;11,979999542236328;11,960000038146973;11,970000267028809;18900
2026-10-06;14:07:00;-03:00;11,970000267028809;11,979999542236328;11,960000038146973;11,960000038146973;31300
2026-10-06;14:08:00;-03:00;11,970000267028809;11,970000267028809;11,960000038146973;11,960000038146973;15600
2026-10-06;14:09:00;-03:00;11,960000038146973;11,970000267028809;11,949999809265137;11,949999809265137;25000
2026-10-06;14:10:00;-03:00;11,960000038146973;11,960000038146973;11,949999809265137;11,960000038146973;6600
2026-10-06;14:11:00;-03:00;11,960000038146973;11,970000267028809;11,949999809265137;11,960000038146973;17900
2026-10-06;14:12:00;-03:00;11,960000038146973;11,970000267028809;11,960000038146973;11,960000038146973;15200
2026-10-06;14:13:00;-03:00;11,970000267028809;11,970000267028809;11,949999809265137;11,970000267028809;76200
2026-10-06;14:14:00;-03:00;11,960000038146973;11,970000267028809;11,960000038146973;11,960000038146973;11600
2026-10-06;14:15:00;-03:00;11,960000038146973;11,979999542236328;11,960000038146973;11,970000267028809;52700
2026-10-06;14:16:00;-03:00;11,970000267028809;11,979999542236328;11,960000038146973;11,960000038146973;43000
2026-10-06;14:17:00;-03:00;11,970000267028809;11,970000267028809;11,960000038146973;11,960000038146973;1700
2026-10-06;14:18:00;-03:00;11,960000038146973;11,979999542236328;11,960000038146973;11,970000267028809;19100
2026-10-06;14:19:00;-03:00;11,979999542236328;11,979999542236328;11,970000267028809;11,979999542236328;24400
2026-10-06;14:20:00;-03:00;11,979999542236328;11,989999771118164;11,970000267028809;11,989999771118164;45100
2026-10-06;14:21:00;-03:00;11,989999771118164;12,0;11,970000267028809;11,970000267028809;39200
2026-10-06;14:22:00;-03:00;11,979999542236328;11,979999542236328;11,960000038146973;11,970000267028809;77800
2026-10-06;14:23:00;-03:00;11,970000267028809;11,970000267028809;11,949999809265137;11,949999809265137;21100
2026-10-06;14:24:00;-03:00;11,949999809265137;11,970000267028809;11,949999809265137;11,970000267028809;20900
2026-10-06;14:25:00;-03:00;11,960000038146973;11,970000267028809;11,960000038146973;11,970000267028809;9100
2026-10-06;14:26:00;-03:00;11,970000267028809;11,979999542236328;11,960000038146973;11,979999542236328;13900
2026-10-06;14:27:00;-03:00;11,979999542236328;11,979999542236328;11,970000267028809;11,979999542236328;5800
2026-10-06;14:28:00;-03:00;11,979999542236328;11,979999542236328;11,960000038146973;11,970000267028809;45100
2026-10-06;14:29:00;-03:00;11,960000038146973;11,979999542236328;11,960000038146973;11,970000267028809;53100
2026-10-06;14:30:00;-03:00;11,979999542236328;11,979999542236328;11,960000038146973;11,960000038146973;22100
2026-10-06;14:31:00;-03:00;11,960000038146973;11,979999542236328;11,960000038146973;11,979999542236328;16300
2026-10-06;14:32:00;-03:00;11,970000267028809;11,979999542236328;11,970000267028809;11,979999542236328;5900
2026-10-06;14:33:00;-03:00;11,979999542236328;11,989999771118164;11,970000267028809;11,989999771118164;14700
2026-10-06;14:34:00;-03:00;11,989999771118164;12,010000228881836;11,989999771118164;12,0;111100
2026-10-06;14:35:00;-03:00;12,0;12,0;11,989999771118164;12,0;10100
2026-10-06;14:36:00;-03:00;12,0;12,020000457763672;11,989999771118164;12,0;90200
2026-10-06;14:37:00;-03:00;12,0;12,020000457763672;12,0;12,010000228881836;13300
2026-10-06;14:38:00;-03:00;12,020000457763672;12,020000457763672;12,0;12,010000228881836;18000
2026-10-06;14:39:00;-03:00;12,0;12,010000228881836;12,0;12,010000228881836;4700
2026-10-06;14:40:00;-03:00;12,010000228881836;12,010000228881836;12,0;12,010000228881836;11100
2026-10-06;14:41:00;-03:00;12,010000228881836;12,020000457763672;12,0;12,010000228881836;36800
2026-10-06;14:42:00;-03:00;12,010000228881836;12,010000228881836;12,0;12,010000228881836;6200
2026-10-06;14:43:00;-03:00;12,010000228881836;12,020000457763672;12,010000228881836;12,020000457763672;20900
2026-10-06;14:44:00;-03:00;12,010000228881836;12,020000457763672;12,010000228881836;12,020000457763672;12300
2026-10-06;14:45:00;-03:00;12,020000457763672;12,020000457763672;12,010000228881836;12,020000457763672;71200
2026-10-06;14:46:00;-03:00;12,020000457763672;12,039999961853027;12,010000228881836;12,029999732971191;55000
2026-10-06;14:47:00;-03:00;12,029999732971191;12,029999732971191;12,020000457763672;12,029999732971191;11900
2026-10-06;14:48:00;-03:00;12,029999732971191;12,029999732971191;11,989999771118164;12,020000457763672;304200
2026-10-06;14:49:00;-03:00;12,020000457763672;12,020000457763672;12,010000228881836;12,020000457763672;35300
2026-10-06;14:50:00;-03:00;12,020000457763672;12,029999732971191;12,010000228881836;12,020000457763672;24900
2026-10-06;14:51:00;-03:00;12,029999732971191;12,029999732971191;12,020000457763672;12,020000457763672;59000
2026-10-06;14:52:00;-03:00;12,029999732971191;12,029999732971191;12,020000457763672;12,029999732971191;31900
2026-10-06;14:53:00;-03:00;12,029999732971191;12,029999732971191;12,020000457763672;12,029999732971191;35900
2026-10-06;14:54:00;-03:00;12,020000457763672;12,029999732971191;12,020000457763672;12,020000457763672;43000
2026-10-06;14:55:00;-03:00;12,020000457763672;12,029999732971191;12,010000228881836;12,010000228881836;37000
2026-10-06;14:56:00;-03:00;12,010000228881836;12,020000457763672;12,0;12,020000457763672;54400
2026-10-06;14:57:00;-03:00;12,020000457763672;12,020000457763672;12,010000228881836;12,010000228881836;27900
2026-10-06;14:58:00;-03:00;12,020000457763672;12,020000457763672;12,010000228881836;12,020000457763672;32600
2026-10-06;14:59:00;-03:00;12,020000457763672;12,029999732971191;12,010000228881836;12,010000228881836;127400
2026-10-06;15:00:00;-03:00;12,020000457763672;12,029999732971191;12,010000228881836;12,029999732971191;54000
2026-10-06;15:01:00;-03:00;12,029999732971191;12,029999732971191;12,020000457763672;12,029999732971191;9000
2026-10-06;15:02:00;-03:00;12,029999732971191;12,029999732971191;12,010000228881836;12,020000457763672;42100
2026-10-06;15:03:00;-03:00;12,029999732971191;12,029999732971191;12,010000228881836;12,020000457763672;32600
2026-10-06;15:04:00;-03:00;12,010000228881836;12,020000457763672;12,0;12,020000457763672;26300
2026-10-06;15:05:00;-03:00;12,020000457763672;12,020000457763672;11,989999771118164;11,989999771118164;105300
2026-10-06;15:06:00;-03:00;12,0;12,0;11,989999771118164;12,0;6900
2026-10-06;15:07:00;-03:00;11,989999771118164;12,010000228881836;11,989999771118164;12,0;69900
2026-10-06;15:08:00;-03:00;12,0;12,0;11,989999771118164;11,989999771118164;16300
2026-10-06;15:09:00;-03:00;12,0;12,0;11,989999771118164;12,0;4200
2026-10-06;15:10:00;-03:00;12,0;12,0;11,979999542236328;11,989999771118164;18300
2026-10-06;15:11:00;-03:00;11,979999542236328;12,0;11,979999542236328;11,989999771118164;47300
2026-10-06;15:12:00;-03:00;12,0;12,0;11,989999771118164;12,0;1900
2026-10-06;15:13:00;-03:00;12,0;12,0;11,989999771118164;11,989999771118164;9200
2026-10-06;15:14:00;-03:00;12,0;12,010000228881836;11,989999771118164;12,010000228881836;38500
2026-10-06;15:15:00;-03:00;12,0;12,0;11,989999771118164;12,0;59900
2026-10-06;15:16:00;-03:00;12,0;12,010000228881836;11,989999771118164;12,0;42100
2026-10-06;15:17:00;-03:00;12,010000228881836;12,010000228881836;12,0;12,010000228881836;3900
2026-10-06;15:18:00;-03:00;12,010000228881836;12,010000228881836;11,989999771118164;12,0;36200
2026-10-06;15:19:00;-03:00;11,989999771118164;12,0;11,979999542236328;11,979999542236328;45200
2026-10-06;15:20:00;-03:00;11,989999771118164;11,989999771118164;11,979999542236328;11,979999542236328;16800
2026-10-06;15:21:00;-03:00;11,979999542236328;11,989999771118164;11,979999542236328;11,989999771118164;12100
2026-10-06;15:22:00;-03:00;11,989999771118164;11,989999771118164;11,979999542236328;11,989999771118164;15500
2026-10-06;15:23:00;-03:00;11,979999542236328;11,989999771118164;11,970000267028809;11,970000267028809;31900
2026-10-06;15:24:00;-03:00;11,970000267028809;11,979999542236328;11,970000267028809;11,970000267028809;13300
2026-10-06;15:25:00;-03:00;11,970000267028809;11,989999771118164;11,970000267028809;11,989999771118164;56000
2026-10-06;15:26:00;-03:00;11,979999542236328;11,989999771118164;11,979999542236328;11,989999771118164;4200
2026-10-06;15:27:00;-03:00;11,989999771118164;11,989999771118164;11,979999542236328;11,989999771118164;6800
2026-10-06;15:28:00;-03:00;11,989999771118164;11,989999771118164;11,979999542236328;11,989999771118164;8900
2026-10-06;15:29:00;-03:00;11,989999771118164;11,989999771118164;11,979999542236328;11,989999771118164;18000
2026-10-06;15:30:00;-03:00;11,979999542236328;12,0;11,979999542236328;12,0;21300
2026-10-06;15:31:00;-03:00;12,0;12,0;11,989999771118164;11,989999771118164;14200
2026-10-06;15:32:00;-03:00;11,989999771118164;12,010000228881836;11,989999771118164;12,0;11500
2026-10-06;15:33:00;-03:00;12,010000228881836;12,010000228881836;12,0;12,010000228881836;9500
2026-10-06;15:34:00;-03:00;12,010000228881836;12,010000228881836;12,0;12,010000228881836;6400
2026-10-06;15:35:00;-03:00;12,010000228881836;12,010000228881836;11,989999771118164;12,0;43900
2026-10-06;15:36:00;-03:00;11,989999771118164;12,0;11,989999771118164;12,0;12100
2026-10-06;15:37:00;-03:00;12,0;12,0;11,989999771118164;11,989999771118164;8400
2026-10-06;15:38:00;-03:00;12,0;12,010000228881836;11,989999771118164;12,0;84800
2026-10-06;15:39:00;-03:00;12,0;12,0;11,989999771118164;12,0;5600
2026-10-06;15:40:00;-03:00;11,989999771118164;12,0;11,989999771118164;12,0;5300
2026-10-06;15:41:00;-03:00;11,989999771118164;12,0;11,989999771118164;12,0;6700
2026-10-06;15:42:00;-03:00;12,0;12,0;11,989999771118164;12,0;16300
2026-10-06;15:43:00;-03:00;11,989999771118164;12,0;11,989999771118164;12,0;5500
2026-10-06;15:44:00;-03:00;12,0;12,0;11,989999771118164;12,0;13800
2026-10-06;15:45:00;-03:00;12,0;12,0;11,989999771118164;12,0;7300
2026-10-06;15:46:00;-03:00;12,0;12,0;11,989999771118164;12,0;10000
2026-10-06;15:47:00;-03:00;12,0;12,0;11,979999542236328;11,989999771118164;56000
2026-10-06;15:48:00;-03:00;11,979999542236328;11,989999771118164;11,979999542236328;11,979999542236328;26400
2026-10-06;15:49:00;-03:00;11,979999542236328;11,989999771118164;11,970000267028809;11,989999771118164;61700
2026-10-06;15:50:00;-03:00;11,989999771118164;12,0;11,979999542236328;12,0;16300
2026-10-06;15:51:00;-03:00;12,0;12,0;11,989999771118164;12,0;3000
2026-10-06;15:52:00;-03:00;12,0;12,0;11,989999771118164;12,0;5400
2026-10-06;15:53:00;-03:00;12,0;12,0;11,989999771118164;12,0;21700
2026-10-06;15:54:00;-03:00;12,0;12,0;11,989999771118164;12,0;6300
2026-10-06;15:55:00;-03:00;12,0;12,010000228881836;11,989999771118164;11,989999771118164;100800
2026-10-06;15:56:00;-03:00;12,0;12,0;11,989999771118164;11,989999771118164;9300
2026-10-06;15:57:00;-03:00;11,989999771118164;12,0;11,989999771118164;12,0;7600
2026-10-06;15:58:00;-03:00;12,0;12,010000228881836;11,989999771118164;12,0;41800
2026-10-06;15:59:00;-03:00;12,010000228881836;12,010000228881836;11,989999771118164;11,989999771118164;33000
2026-10-06;16:00:00;-03:00;12,0;12,0;11,960000038146973;11,960000038146973;119600
2026-10-06;16:01:00;-03:00;11,970000267028809;11,989999771118164;11,970000267028809;11,979999542236328;188900
2026-10-06;16:02:00;-03:00;11,970000267028809;11,979999542236328;11,970000267028809;11,979999542236328;21300
2026-10-06;16:03:00;-03:00;11,970000267028809;11,979999542236328;11,970000267028809;11,970000267028809;21100
2026-10-06;16:04:00;-03:00;11,979999542236328;11,979999542236328;11,970000267028809;11,970000267028809;16700
2026-10-06;16:05:00;-03:00;11,979999542236328;11,979999542236328;11,970000267028809;11,970000267028809;98900
2026-10-06;16:06:00;-03:00;11,970000267028809;11,979999542236328;11,970000267028809;11,970000267028809;29600
2026-10-06;16:07:00;-03:00;11,979999542236328;11,979999542236328;11,970000267028809;11,970000267028809;14300
2026-10-06;16:08:00;-03:00;11,979999542236328;11,979999542236328;11,960000038146973;11,970000267028809;90200
2026-10-06;16:09:00;-03:00;11,960000038146973;11,970000267028809;11,960000038146973;11,960000038146973;21300
2026-10-06;16:10:00;-03:00;11,970000267028809;11,970000267028809;11,960000038146973;11,960000038146973;17000
2026-10-06;16:11:00;-03:00;11,970000267028809;11,970000267028809;11,960000038146973;11,970000267028809;17700
2026-10-06;16:12:00;-03:00;11,970000267028809;11,970000267028809;11,960000038146973;11,970000267028809;112600
2026-10-06;16:13:00;-03:00;11,970000267028809;11,970000267028809;11,960000038146973;11,960000038146973;21100
2026-10-06;16:14:00;-03:00;11,960000038146973;11,970000267028809;11,949999809265137;11,949999809265137;46200
2026-10-06;16:15:00;-03:00;11,960000038146973;11,960000038146973;11,949999809265137;11,960000038146973;29800
2026-10-06;16:16:00;-03:00;11,949999809265137;11,960000038146973;11,949999809265137;11,949999809265137;17500
2026-10-06;16:17:00;-03:00;11,960000038146973;11,960000038146973;11,9399995803833;11,9399995803833;54700
2026-10-06;16:18:00;-03:00;11,949999809265137;11,949999809265137;11,9399995803833;11,9399995803833;56000
2026-10-06;16:19:00;-03:00;11,949999809265137;11,949999809265137;11,9399995803833;11,9399995803833;19600
2026-10-06;16:20:00;-03:00;11,949999809265137;11,960000038146973;11,9399995803833;11,949999809265137;87800
2026-10-06;16:21:00;-03:00;11,949999809265137;11,949999809265137;11,9399995803833;11,9399995803833;20400
2026-10-06;16:22:00;-03:00;11,949999809265137;11,949999809265137;11,9399995803833;11,9399995803833;52200
2026-10-06;16:23:00;-03:00;11,9399995803833;11,960000038146973;11,9399995803833;11,960000038146973;35300
2026-10-06;16:24:00;-03:00;11,949999809265137;11,960000038146973;11,949999809265137;11,949999809265137;24100
2026-10-06;16:25:00;-03:00;11,960000038146973;11,960000038146973;11,949999809265137;11,960000038146973;22000
2026-10-06;16:26:00;-03:00;11,949999809265137;11,970000267028809;11,949999809265137;11,970000267028809;77800
2026-10-06;16:27:00;-03:00;11,970000267028809;11,970000267028809;11,960000038146973;11,970000267028809;33800
2026-10-06;16:28:00;-03:00;11,970000267028809;11,970000267028809;11,960000038146973;11,970000267028809;122400
2026-10-06;16:29:00;-03:00;11,970000267028809;11,970000267028809;11,960000038146973;11,970000267028809;22700
2026-10-06;16:30:00;-03:00;11,970000267028809;11,979999542236328;11,960000038146973;11,979999542236328;34100
2026-10-06;16:31:00;-03:00;11,979999542236328;11,979999542236328;11,970000267028809;11,979999542236328;15200
2026-10-06;16:32:00;-03:00;11,979999542236328;11,979999542236328;11,970000267028809;11,979999542236328;7700
2026-10-06;16:33:00;-03:00;11,979999542236328;11,979999542236328;11,970000267028809;11,979999542236328;28100
2026-10-06;16:34:00;-03:00;11,979999542236328;11,979999542236328;11,970000267028809;11,979999542236328;10400
2026-10-06;16:35:00;-03:00;11,979999542236328;11,989999771118164;11,979999542236328;11,989999771118164;57600
2026-10-06;16:36:00;-03:00;11,989999771118164;11,989999771118164;11,949999809265137;11,970000267028809;3709400
2026-10-06;16:37:00;-03:00;11,979999542236328;11,979999542236328;11,970000267028809;11,979999542236328;12700
2026-10-06;16:38:00;-03:00;11,979999542236328;11,979999542236328;11,960000038146973;11,979999542236328;52400
2026-10-06;16:39:00;-03:00;11,979999542236328;11,979999542236328;11,970000267028809;11,979999542236328;9000
2026-10-06;16:40:00;-03:00;11,979999542236328;11,979999542236328;11,970000267028809;11,970000267028809;36700
2026-10-06;16:41:00;-03:00;11,979999542236328;11,979999542236328;11,970000267028809;11,979999542236328;37600
2026-10-06;16:42:00;-03:00;11,979999542236328;11,979999542236328;11,970000267028809;11,979999542236328;22200
2026-10-06;16:43:00;-03:00;11,979999542236328;11,979999542236328;11,970000267028809;11,979999542236328;8400
2026-10-06;16:44:00;-03:00;11,979999542236328;11,989999771118164;11,970000267028809;11,989999771118164;37400
2026-10-06;16:45:00;-03:00;11,989999771118164;12,0;11,979999542236328;11,989999771118164;78500
2026-10-06;16:46:00;-03:00;11,989999771118164;11,989999771118164;11,960000038146973;11,970000267028809;271400
2026-10-06;16:47:00;-03:00;11,970000267028809;11,979999542236328;11,970000267028809;11,970000267028809;76400
2026-10-06;16:48:00;-03:00;11,970000267028809;11,979999542236328;11,960000038146973;11,979999542236328;84600
2026-10-06;16:49:00;-03:00;11,970000267028809;11,979999542236328;11,970000267028809;11,970000267028809;7300
2026-10-06;16:50:00;-03:00;11,979999542236328;11,989999771118164;11,970000267028809;11,989999771118164;79100
2026-10-06;16:51:00;-03:00;11,989999771118164;11,989999771118164;11,979999542236328;11,989999771118164;17300
2026-10-06;16:52:00;-03:00;11,989999771118164;12,0;11,979999542236328;12,0;34600
2026-10-06;16:53:00;-03:00;12,0;12,0;11,970000267028809;11,979999542236328;181300
2026-10-06;16:54:00;-03:00;11,979999542236328;11,989999771118164;11,970000267028809;11,989999771118164;24000
2026-10-07;10:08:00;-03:00;12,0;12,010000228881836;11,920000076293945;11,960000038146973;0
2026-10-07;10:09:00;-03:00;11,960000038146973;11,970000267028809;11,9399995803833;11,960000038146973;32500
2026-10-07;10:10:00;-03:00;11,960000038146973;11,960000038146973;11,90999984741211;11,920000076293945;92500
2026-10-07;10:11:00;-03:00;11,920000076293945;11,949999809265137;11,920000076293945;11,949999809265137;20800
2026-10-07;10:12:00;-03:00;11,949999809265137;11,949999809265137;11,9399995803833;11,949999809265137;16200
2026-10-07;10:13:00;-03:00;11,9399995803833;11,989999771118164;11,9399995803833;11,989999771118164;52100
2026-10-07;10:14:00;-03:00;11,989999771118164;11,989999771118164;11,979999542236328;11,989999771118164;13300
2026-10-07;10:15:00;-03:00;11,989999771118164;12,010000228881836;11,979999542236328;11,989999771118164;73800
2026-10-07;10:16:00;-03:00;11,989999771118164;12,010000228881836;11,979999542236328;12,0;55900
2026-10-07;10:17:00;-03:00;12,0;12,010000228881836;12,0;12,010000228881836;28200
2026-10-07;10:18:00;-03:00;12,010000228881836;12,020000457763672;12,0;12,010000228881836;73200
2026-10-07;10:19:00;-03:00;12,010000228881836;12,020000457763672;12,0;12,010000228881836;29400
2026-10-07;10:20:00;-03:00;12,010000228881836;12,039999961853027;12,0;12,029999732971191;41900
2026-10-07;10:21:00;-03:00;12,039999961853027;12,050000190734863;12,029999732971191;12,039999961853027;37100
2026-10-07;10:22:00;-03:00;12,029999732971191;12,039999961853027;12,020000457763672;12,039999961853027;39100
2026-10-07;10:23:00;-03:00;12,039999961853027;12,039999961853027;12,010000228881836;12,010000228881836;26800
2026-10-07;10:24:00;-03:00;12,020000457763672;12,029999732971191;11,989999771118164;11,989999771118164;56800
2026-10-07;10:25:00;-03:00;11,989999771118164;11,989999771118164;11,970000267028809;11,970000267028809;23800
2026-10-07;10:26:00;-03:00;11,979999542236328;11,989999771118164;11,970000267028809;11,979999542236328;28900
2026-10-07;10:27:00;-03:00;11,979999542236328;11,989999771118164;11,970000267028809;11,970000267028809;19500
2026-10-07;10:28:00;-03:00;11,970000267028809;11,979999542236328;11,970000267028809;11,979999542236328;9100
2026-10-07;10:29:00;-03:00;11,989999771118164;12,0;11,979999542236328;11,979999542236328;10100
2026-10-07;10:30:00;-03:00;11,979999542236328;11,979999542236328;11,9399995803833;11,9399995803833;75500
2026-10-07;10:31:00;-03:00;11,949999809265137;11,979999542236328;11,9399995803833;11,970000267028809;70500
2026-10-07;10:32:00;-03:00;11,970000267028809;11,970000267028809;11,920000076293945;11,920000076293945;131200
2026-10-07;10:33:00;-03:00;11,920000076293945;11,920000076293945;11,90999984741211;11,90999984741211;10100
2026-10-07;10:34:00;-03:00;11,920000076293945;11,920000076293945;11,90999984741211;11,920000076293945;22900
2026-10-07;10:35:00;-03:00;11,930000305175781;11,930000305175781;11,90999984741211;11,930000305175781;1800
2026-10-07;10:36:00;-03:00;11,930000305175781;11,9399995803833;11,920000076293945;11,930000305175781;8200
2026-10-07;10:37:00;-03:00;11,920000076293945;11,9399995803833;11,920000076293945;11,930000305175781;7100
2026-10-07;10:38:00;-03:00;11,930000305175781;11,960000038146973;11,930000305175781;11,960000038146973;24600
2026-10-07;10:39:00;-03:00;11,960000038146973;11,970000267028809;11,9399995803833;11,9399995803833;22700
2026-10-07;10:40:00;-03:00;11,949999809265137;11,960000038146973;11,9399995803833;11,949999809265137;29100
2026-10-07;10:41:00;-03:00;11,960000038146973;11,970000267028809;11,949999809265137;11,949999809265137;14400
2026-10-07;10:42:00;-03:00;11,960000038146973;11,960000038146973;11,949999809265137;11,960000038146973;9100
2026-10-07;10:43:00;-03:00;11,960000038146973;11,970000267028809;11,949999809265137;11,970000267028809;20900
2026-10-07;10:44:00;-03:00;11,970000267028809;11,970000267028809;11,949999809265137;11,949999809265137;10500
2026-10-07;10:45:00;-03:00;11,960000038146973;11,979999542236328;11,960000038146973;11,970000267028809;66700
2026-10-07;10:46:00;-03:00;11,960000038146973;11,970000267028809;11,9399995803833;11,9399995803833;31500
2026-10-07;10:47:00;-03:00;11,949999809265137;11,960000038146973;11,9399995803833;11,9399995803833;27400
2026-10-07;10:48:00;-03:00;11,949999809265137;11,970000267028809;11,949999809265137;11,949999809265137;28500
2026-10-07;10:49:00;-03:00;11,960000038146973;11,970000267028809;11,949999809265137;11,960000038146973;24000
2026-10-07;10:50:00;-03:00;11,960000038146973;11,970000267028809;11,960000038146973;11,970000267028809;27900
2026-10-07;10:51:00;-03:00;11,970000267028809;11,970000267028809;11,960000038146973;11,960000038146973;19100
2026-10-07;10:52:00;-03:00;11,960000038146973;11,970000267028809;11,949999809265137;11,960000038146973;41400
2026-10-07;10:53:00;-03:00;11,960000038146973;11,960000038146973;11,9399995803833;11,9399995803833;27800
2026-10-07;10:54:00;-03:00;11,949999809265137;11,960000038146973;11,9399995803833;11,960000038146973;58200
2026-10-07;10:55:00;-03:00;11,960000038146973;11,960000038146973;11,9399995803833;11,960000038146973;44300
2026-10-07;10:56:00;-03:00;11,960000038146973;11,970000267028809;11,960000038146973;11,970000267028809;30400
2026-10-07;10:57:00;-03:00;11,970000267028809;11,970000267028809;11,9399995803833;11,9399995803833;21600
2026-10-07;10:58:00;-03:00;11,960000038146973;11,960000038146973;11,949999809265137;11,960000038146973;19400
2026-10-07;10:59:00;-03:00;11,949999809265137;11,960000038146973;11,9399995803833;11,949999809265137;31300
2026-10-07;11:00:00;-03:00;11,960000038146973;11,960000038146973;11,9399995803833;11,949999809265137;42300
2026-10-07;11:01:00;-03:00;11,960000038146973;11,979999542236328;11,949999809265137;11,979999542236328;62400
2026-10-07;11:02:00;-03:00;11,979999542236328;11,979999542236328;11,970000267028809;11,970000267028809;29100
2026-10-07;11:03:00;-03:00;11,979999542236328;11,979999542236328;11,970000267028809;11,970000267028809;53000
2026-10-07;11:04:00;-03:00;11,979999542236328;11,979999542236328;11,960000038146973;11,970000267028809;130900
2026-10-07;11:05:00;-03:00;11,970000267028809;11,970000267028809;11,949999809265137;11,970000267028809;107600
2026-10-07;11:06:00;-03:00;11,970000267028809;11,970000267028809;11,949999809265137;11,970000267028809;115000
2026-10-07;11:07:00;-03:00;11,970000267028809;11,970000267028809;11,949999809265137;11,949999809265137;28100
2026-10-07;11:08:00;-03:00;11,949999809265137;11,960000038146973;11,9399995803833;11,9399995803833;39700
2026-10-07;11:09:00;-03:00;11,949999809265137;11,949999809265137;11,930000305175781;11,930000305175781;38200
2026-10-07;11:10:00;-03:00;11,9399995803833;11,949999809265137;11,930000305175781;11,9399995803833;21500
2026-10-07;11:11:00;-03:00;11,9399995803833;11,949999809265137;11,9399995803833;11,9399995803833;19300
2026-10-07;11:12:00;-03:00;11,9399995803833;11,9399995803833;11,930000305175781;11,930000305175781;29300
2026-10-07;11:13:00;-03:00;11,9399995803833;11,9399995803833;11,920000076293945;11,9399995803833;14800
2026-10-07;11:14:00;-03:00;11,9399995803833;11,9399995803833;11,920000076293945;11,930000305175781;6100
2026-10-07;11:15:00;-03:00;11,920000076293945;11,949999809265137;11,920000076293945;11,9399995803833;48200
2026-10-07;11:16:00;-03:00;11,949999809265137;11,949999809265137;11,9399995803833;11,949999809265137;9700
2026-10-07;11:17:00;-03:00;11,9399995803833;11,949999809265137;11,920000076293945;11,920000076293945;65800
2026-10-07;11:18:00;-03:00;11,930000305175781;11,930000305175781;11,90999984741211;11,920000076293945;21500
2026-10-07;11:19:00;-03:00;11,920000076293945;11,930000305175781;11,920000076293945;11,930000305175781;82600
2026-10-07;11:20:00;-03:00;11,930000305175781;11,930000305175781;11,920000076293945;11,920000076293945;37700
2026-10-07;11:21:00;-03:00;11,930000305175781;11,930000305175781;11,920000076293945;11,920000076293945;4600
2026-10-07;11:22:00;-03:00;11,930000305175781;11,930000305175781;11,90999984741211;11,920000076293945;100400
2026-10-07;11:23:00;-03:00;11,920000076293945;11,930000305175781;11,90999984741211;11,90999984741211;44800
2026-10-07;11:24:00;-03:00;11,920000076293945;11,930000305175781;11,90999984741211;11,90999984741211;57900
2026-10-07;11:25:00;-03:00;11,920000076293945;11,920000076293945;11,890000343322754;11,890000343322754;38400
2026-10-07;11:26:00;-03:00;11,899999618530273;11,920000076293945;11,899999618530273;11,920000076293945;153000
2026-10-07;11:27:00;-03:00;11,90999984741211;11,920000076293945;11,90999984741211;11,90999984741211;13200
2026-10-07;11:28:00;-03:00;11,90999984741211;11,930000305175781;11,90999984741211;11,930000305175781;75900
2026-10-07;11:29:00;-03:00;11,930000305175781;11,9399995803833;11,920000076293945;11,930000305175781;48100
2026-10-07;11:30:00;-03:00;11,9399995803833;11,9399995803833;11,920000076293945;11,920000076293945;43000
2026-10-07;11:31:00;-03:00;11,930000305175781;11,930000305175781;11,920000076293945;11,930000305175781;31900
2026-10-07;11:32:00;-03:00;11,930000305175781;11,930000305175781;11,920000076293945;11,930000305175781;33000
2026-10-07;11:33:00;-03:00;11,930000305175781;11,9399995803833;11,920000076293945;11,920000076293945;70300
2026-10-07;11:34:00;-03:00;11,920000076293945;11,930000305175781;11,920000076293945;11,920000076293945;11400
2026-10-07;11:35:00;-03:00;11,930000305175781;11,930000305175781;11,90999984741211;11,930000305175781;30900
2026-10-07;11:36:00;-03:00;11,930000305175781;11,930000305175781;11,920000076293945;11,920000076293945;17300
2026-10-07;11:37:00;-03:00;11,920000076293945;11,920000076293945;11,90999984741211;11,90999984741211;19200
2026-10-07;11:38:00;-03:00;11,90999984741211;11,920000076293945;11,899999618530273;11,899999618530273;22600
2026-10-07;11:39:00;-03:00;11,899999618530273;11,920000076293945;11,899999618530273;11,920000076293945;68500
2026-10-07;11:40:00;-03:00;11,90999984741211;11,920000076293945;11,899999618530273;11,899999618530273;17400
2026-10-07;11:41:00;-03:00;11,90999984741211;11,90999984741211;11,890000343322754;11,899999618530273;21100
2026-10-07;11:42:00;-03:00;11,890000343322754;11,899999618530273;11,859999656677246;11,880000114440918;295500
2026-10-07;11:43:00;-03:00;11,880000114440918;11,890000343322754;11,869999885559082;11,869999885559082;25000
2026-10-07;11:44:00;-03:00;11,869999885559082;11,890000343322754;11,869999885559082;11,880000114440918;82500
2026-10-07;11:45:00;-03:00;11,869999885559082;11,880000114440918;11,859999656677246;11,880000114440918;86700
2026-10-07;11:46:00;-03:00;11,869999885559082;11,880000114440918;11,869999885559082;11,869999885559082;22500
2026-10-07;11:47:00;-03:00;11,880000114440918;11,880000114440918;11,859999656677246;11,859999656677246;84600
2026-10-07;11:48:00;-03:00;11,859999656677246;11,880000114440918;11,859999656677246;11,869999885559082;106600
2026-10-07;11:49:00;-03:00;11,880000114440918;11,880000114440918;11,869999885559082;11,869999885559082;10800
2026-10-07;11:50:00;-03:00;11,869999885559082;11,890000343322754;11,869999885559082;11,880000114440918;54100
2026-10-07;11:51:00;-03:00;11,890000343322754;11,890000343322754;11,880000114440918;11,880000114440918;13800
2026-10-07;11:52:00;-03:00;11,880000114440918;11,899999618530273;11,880000114440918;11,890000343322754;55500
2026-10-07;11:53:00;-03:00;11,899999618530273;11,90999984741211;11,890000343322754;11,90999984741211;106400
2026-10-07;11:54:00;-03:00;11,899999618530273;11,90999984741211;11,890000343322754;11,90999984741211;101500
2026-10-07;11:55:00;-03:00;11,899999618530273;11,90999984741211;11,899999618530273;11,899999618530273;24100
2026-10-07;11:56:00;-03:00;11,90999984741211;11,90999984741211;11,890000343322754;11,899999618530273;22900
2026-10-07;11:57:00;-03:00;11,890000343322754;11,899999618530273;11,880000114440918;11,890000343322754;57300
2026-10-07;11:58:00;-03:00;11,899999618530273;11,899999618530273;11,880000114440918;11,890000343322754;39800
2026-10-07;11:59:00;-03:00;11,899999618530273;11,899999618530273;11,890000343322754;11,890000343322754;15500
2026-10-07;12:00:00;-03:00;11,899999618530273;11,899999618530273;11,890000343322754;11,890000343322754;28200
2026-10-07;12:01:00;-03:00;11,880000114440918;11,899999618530273;11,880000114440918;11,890000343322754;20400
2026-10-07;12:02:00;-03:00;11,890000343322754;11,890000343322754;11,880000114440918;11,890000343322754;27000
2026-10-07;12:03:00;-03:00;11,880000114440918;11,890000343322754;11,869999885559082;11,869999885559082;12100
2026-10-07;12:04:00;-03:00;11,880000114440918;11,890000343322754;11,869999885559082;11,880000114440918;80000
2026-10-07;12:05:00;-03:00;11,890000343322754;11,890000343322754;11,880000114440918;11,880000114440918;18300
2026-10-07;12:06:00;-03:00;11,890000343322754;11,890000343322754;11,869999885559082;11,880000114440918;27100
2026-10-07;12:07:00;-03:00;11,869999885559082;11,890000343322754;11,869999885559082;11,880000114440918;42600
2026-10-07;12:08:00;-03:00;11,869999885559082;11,890000343322754;11,869999885559082;11,880000114440918;23100
2026-10-07;12:09:00;-03:00;11,880000114440918;11,899999618530273;11,880000114440918;11,899999618530273;24100
2026-10-07;12:10:00;-03:00;11,890000343322754;11,899999618530273;11,890000343322754;11,890000343322754;67800
2026-10-07;12:11:00;-03:00;11,899999618530273;11,899999618530273;11,890000343322754;11,899999618530273;16100
2026-10-07;12:12:00;-03:00;11,890000343322754;11,90999984741211;11,890000343322754;11,90999984741211;52700
2026-10-07;12:13:00;-03:00;11,90999984741211;11,920000076293945;11,899999618530273;11,90999984741211;47100
2026-10-07;12:14:00;-03:00;11,899999618530273;11,90999984741211;11,890000343322754;11,90999984741211;46300
2026-10-07;12:15:00;-03:00;11,90999984741211;11,90999984741211;11,890000343322754;11,899999618530273;21800
2026-10-07;12:16:00;-03:00;11,890000343322754;11,899999618530273;11,890000343322754;11,890000343322754;26600
2026-10-07;12:17:00;-03:00;11,880000114440918;11,890000343322754;11,880000114440918;11,880000114440918;10200
2026-10-07;12:18:00;-03:00;11,890000343322754;11,890000343322754;11,880000114440918;11,890000343322754;50600
2026-10-07;12:19:00;-03:00;11,880000114440918;11,890000343322754;11,869999885559082;11,880000114440918;60600
2026-10-07;12:20:00;-03:00;11,890000343322754;11,890000343322754;11,869999885559082;11,890000343322754;90300
2026-10-07;12:21:00;-03:00;11,899999618530273;11,899999618530273;11,880000114440918;11,890000343322754;11100
2026-10-07;12:22:00;-03:00;11,880000114440918;11,890000343322754;11,869999885559082;11,880000114440918;27100
2026-10-07;12:23:00;-03:00;11,890000343322754;11,890000343322754;11,869999885559082;11,880000114440918;12400
2026-10-07;12:24:00;-03:00;11,869999885559082;11,880000114440918;11,869999885559082;11,869999885559082;15000
2026-10-07;12:25:00;-03:00;11,869999885559082;11,880000114440918;11,869999885559082;11,869999885559082;67300
2026-10-07;12:26:00;-03:00;11,869999885559082;11,869999885559082;11,859999656677246;11,859999656677246;10300
2026-10-07;12:27:00;-03:00;11,859999656677246;11,869999885559082;11,850000381469727;11,850000381469727;69600
2026-10-07;12:28:00;-03:00;11,850000381469727;11,859999656677246;11,850000381469727;11,859999656677246;67600
2026-10-07;12:29:00;-03:00;11,869999885559082;11,880000114440918;11,859999656677246;11,880000114440918;18900
2026-10-07;12:30:00;-03:00;11,869999885559082;11,880000114440918;11,859999656677246;11,869999885559082;63600
2026-10-07;12:31:00;-03:00;11,869999885559082;11,869999885559082;11,859999656677246;11,869999885559082;9600
2026-10-07;12:32:00;-03:00;11,869999885559082;11,880000114440918;11,859999656677246;11,869999885559082;23200
2026-10-07;12:33:00;-03:00;11,859999656677246;11,869999885559082;11,859999656677246;11,869999885559082;4100
2026-10-07;12:34:00;-03:00;11,869999885559082;11,880000114440918;11,859999656677246;11,869999885559082;8700
2026-10-07;12:35:00;-03:00;11,880000114440918;11,880000114440918;11,869999885559082;11,869999885559082;4700
2026-10-07;12:36:00;-03:00;11,880000114440918;11,880000114440918;11,859999656677246;11,859999656677246;41800
2026-10-07;12:37:00;-03:00;11,869999885559082;11,880000114440918;11,869999885559082;11,880000114440918;22900
2026-10-07;12:38:00;-03:00;11,869999885559082;11,880000114440918;11,869999885559082;11,880000114440918;9100
2026-10-07;12:39:00;-03:00;11,880000114440918;11,899999618530273;11,880000114440918;11,880000114440918;88800
2026-10-07;12:40:00;-03:00;11,890000343322754;11,890000343322754;11,880000114440918;11,880000114440918;81800
2026-10-07;12:41:00;-03:00;11,880000114440918;11,890000343322754;11,880000114440918;11,880000114440918;23600
2026-10-07;12:42:00;-03:00;11,890000343322754;11,890000343322754;11,869999885559082;11,890000343322754;65200
2026-10-07;12:43:00;-03:00;11,890000343322754;11,890000343322754;11,869999885559082;11,880000114440918;23700
2026-10-07;12:44:00;-03:00;11,869999885559082;11,880000114440918;11,869999885559082;11,880000114440918;26300
2026-10-07;12:45:00;-03:00;11,880000114440918;11,890000343322754;11,869999885559082;11,880000114440918;76400
2026-10-07;12:46:00;-03:00;11,869999885559082;11,880000114440918;11,869999885559082;11,869999885559082;31800
2026-10-07;12:47:00;-03:00;11,880000114440918;11,880000114440918;11,869999885559082;11,880000114440918;15500
2026-10-07;12:48:00;-03:00;11,880000114440918;11,880000114440918;11,869999885559082;11,869999885559082;81700
2026-10-07;12:49:00;-03:00;11,880000114440918;11,880000114440918;11,869999885559082;11,880000114440918;17800
2026-10-07;12:50:00;-03:00;11,880000114440918;11,880000114440918;11,859999656677246;11,869999885559082;43900
2026-10-07;12:51:00;-03:00;11,859999656677246;11,869999885559082;11,859999656677246;11,869999885559082;21200
2026-10-07;12:52:00;-03:00;11,859999656677246;11,869999885559082;11,859999656677246;11,859999656677246;26900
2026-10-07;12:53:00;-03:00;11,859999656677246;11,869999885559082;11,859999656677246;11,859999656677246;26800
2026-10-07;12:54:00;-03:00;11,859999656677246;11,869999885559082;11,850000381469727;11,850000381469727;27800
2026-10-07;12:55:00;-03:00;11,850000381469727;11,880000114440918;11,850000381469727;11,859999656677246;214100
2026-10-07;12:56:00;-03:00;11,869999885559082;11,869999885559082;11,859999656677246;11,859999656677246;103000
2026-10-07;12:57:00;-03:00;11,869999885559082;11,869999885559082;11,859999656677246;11,859999656677246;56300
2026-10-07;12:58:00;-03:00;11,869999885559082;11,869999885559082;11,859999656677246;11,859999656677246;29500
2026-10-07;12:59:00;-03:00;11,869999885559082;11,869999885559082;11,859999656677246;11,869999885559082;67100
2026-10-07;13:00:00;-03:00;11,869999885559082;11,880000114440918;11,859999656677246;11,859999656677246;57000
2026-10-07;13:01:00;-03:00;11,869999885559082;11,880000114440918;11,859999656677246;11,859999656677246;46100
2026-10-07;13:02:00;-03:00;11,869999885559082;11,869999885559082;11,859999656677246;11,869999885559082;17300
2026-10-07;13:03:00;-03:00;11,869999885559082;11,869999885559082;11,850000381469727;11,859999656677246;67700
2026-10-07;13:04:00;-03:00;11,869999885559082;11,869999885559082;11,850000381469727;11,859999656677246;105500
2026-10-07;13:05:00;-03:00;11,869999885559082;11,869999885559082;11,850000381469727;11,859999656677246;46300
2026-10-07;13:06:00;-03:00;11,859999656677246;11,859999656677246;11,850000381469727;11,859999656677246;46600
2026-10-07;13:07:00;-03:00;11,850000381469727;11,859999656677246;11,850000381469727;11,850000381469727;4400
2026-10-07;13:08:00;-03:00;11,850000381469727;11,869999885559082;11,850000381469727;11,869999885559082;40000
2026-10-07;13:09:00;-03:00;11,869999885559082;11,869999885559082;11,859999656677246;11,859999656677246;13000
2026-10-07;13:10:00;-03:00;11,869999885559082;11,869999885559082;11,859999656677246;11,859999656677246;12900
2026-10-07;13:11:00;-03:00;11,869999885559082;11,869999885559082;11,859999656677246;11,869999885559082;5700
2026-10-07;13:12:00;-03:00;11,859999656677246;11,880000114440918;11,859999656677246;11,880000114440918;63300
2026-10-07;13:13:00;-03:00;11,880000114440918;11,880000114440918;11,880000114440918;11,880000114440918;0
