Data;Hora;Fuso;Open;High;Low;Close;Volume
2026-09-23;10:03:00;-03:00;45,5;45,68000030517578;45,380001068115234;45,40999984741211;0
2026-09-23;10:04:00;-03:00;45,400001525878906;45,43000030517578;45,31999969482422;45,40999984741211;3700
2026-09-23;10:05:00;-03:00;45,400001525878906;45,400001525878906;45,34000015258789;45,34000015258789;1900
2026-09-23;10:06:00;-03:00;45,349998474121094;45,54999923706055;45,349998474121094;45,54999923706055;7000
2026-09-23;10:07:00;-03:00;45,47999954223633;45,5;45,439998626708984;45,470001220703125;2200
2026-09-23;10:08:00;-03:00;45,459999084472656;45,5;45,25;45,29999923706055;5300
2026-09-23;10:09:00;-03:00;45,29999923706055;45,349998474121094;45,25;45,25;2700
2026-09-23;10:10:00;-03:00;45,290000915527344;45,36000061035156;45,27000045776367;45,27000045776367;4700
2026-09-23;10:11:00;-03:00;45,29999923706055;45,33000183105469;45,25;45,29999923706055;9900
2026-09-23;10:12:00;-03:00;45,25;45,310001373291016;45,25;45,310001373291016;3600
2026-09-23;10:13:00;-03:00;45,279998779296875;45,52000045776367;45,25;45,25;17900
2026-09-23;10:14:00;-03:00;45,25;45,34000015258789;45,25;45,34000015258789;3000
2026-09-23;10:15:00;-03:00;45,34000015258789;45,34000015258789;45,27000045776367;45,29999923706055;2900
2026-09-23;10:16:00;-03:00;45,29999923706055;45,41999816894531;45,29999923706055;45,380001068115234;5100
2026-09-23;10:17:00;-03:00;45,380001068115234;45,41999816894531;45,380001068115234;45,38999938964844;3700
2026-09-23;10:18:00;-03:00;45,38999938964844;45,459999084472656;45,380001068115234;45,439998626708984;2900
2026-09-23;10:19:00;-03:00;45,439998626708984;45,5099983215332;45,439998626708984;45,47999954223633;1800
2026-09-23;10:20:00;-03:00;45,47999954223633;45,47999954223633;45,41999816894531;45,459999084472656;4800
2026-09-23;10:21:00;-03:00;45,4900016784668;45,52000045776367;45,439998626708984;45,439998626708984;2500
2026-09-23;10:22:00;-03:00;45,439998626708984;45,459999084472656;45,41999816894531;45,43000030517578;1700
2026-09-23;10:23:00;-03:00;45,439998626708984;45,4900016784668;45,439998626708984;45,47999954223633;2300
2026-09-23;10:24:00;-03:00;45,47999954223633;45,54999923706055;45,47999954223633;45,529998779296875;3000
2026-09-23;10:25:00;-03:00;45,529998779296875;45,61000061035156;45,529998779296875;45,599998474121094;2100
2026-09-23;10:26:00;-03:00;45,59000015258789;45,630001068115234;45,59000015258789;45,61000061035156;1600
2026-09-23;10:27:00;-03:00;45,599998474121094;45,68000030517578;45,599998474121094;45,63999938964844;2600
2026-09-23;10:28:00;-03:00;45,650001525878906;45,75;45,619998931884766;45,7400016784668;4300
2026-09-23;10:29:00;-03:00;45,7400016784668;45,849998474121094;45,7400016784668;45,810001373291016;5700
2026-09-23;10:30:00;-03:00;45,810001373291016;45,900001525878906;45,709999084472656;45,72999954223633;9300
2026-09-23;10:31:00;-03:00;45,70000076293945;45,7599983215332;45,650001525878906;45,66999816894531;10300
2026-09-23;10:32:00;-03:00;45,65999984741211;45,66999816894531;45,54999923706055;45,59000015258789;4500
2026-09-23;10:33:00;-03:00;45,560001373291016;45,58000183105469;45,400001525878906;45,40999984741211;5000
2026-09-23;10:34:00;-03:00;45,41999816894531;45,4900016784668;45,40999984741211;45,470001220703125;4800
2026-09-23;10:35:00;-03:00;45,45000076293945;45,45000076293945;45,400001525878906;45,43000030517578;3400
2026-09-23;10:36:00;-03:00;45,41999816894531;45,470001220703125;45,400001525878906;45,470001220703125;3400
2026-09-23;10:37:00;-03:00;45,47999954223633;45,4900016784668;45,41999816894531;45,45000076293945;3200
2026-09-23;10:38:00;-03:00;45,45000076293945;45,4900016784668;45,439998626708984;45,4900016784668;3700
2026-09-23;10:39:00;-03:00;45,47999954223633;45,5099983215332;45,47999954223633;45,4900016784668;2700
2026-09-23;10:40:00;-03:00;45,47999954223633;45,540000915527344;45,470001220703125;45,5;8100
2026-09-23;10:41:00;-03:00;45,5099983215332;45,5099983215332;45,41999816894531;45,41999816894531;26100
2026-09-23;10:42:00;-03:00;45,41999816894531;45,41999816894531;45,380001068115234;45,400001525878906;4600
2026-09-23;10:43:00;-03:00;45,38999938964844;45,459999084472656;45,36000061035156;45,36000061035156;6400
2026-09-23;10:44:00;-03:00;45,36000061035156;45,36000061035156;45,290000915527344;45,34000015258789;3800
2026-09-23;10:45:00;-03:00;45,33000183105469;45,33000183105469;45,25;45,25;9500
2026-09-23;10:46:00;-03:00;45,25;45,279998779296875;45,25;45,279998779296875;4300
2026-09-23;10:47:00;-03:00;45,279998779296875;45,290000915527344;45,25;45,290000915527344;4100
2026-09-23;10:48:00;-03:00;45,29999923706055;45,29999923706055;45,2599983215332;45,2599983215332;2100
2026-09-23;10:49:00;-03:00;45,279998779296875;45,310001373291016;45,220001220703125;45,220001220703125;11200
2026-09-23;10:50:00;-03:00;45,25;45,2599983215332;45,20000076293945;45,2599983215332;3500
2026-09-23;10:51:00;-03:00;45,25;45,27000045776367;45,22999954223633;45,22999954223633;3100
2026-09-23;10:52:00;-03:00;45,25;45,25;45,20000076293945;45,25;2700
2026-09-23;10:53:00;-03:00;45,2400016784668;45,2400016784668;45,220001220703125;45,220001220703125;2000
2026-09-23;10:54:00;-03:00;45,220001220703125;45,2599983215332;45,209999084472656;45,25;3800
2026-09-23;10:55:00;-03:00;45,22999954223633;45,31999969482422;45,22999954223633;45,290000915527344;5000
2026-09-23;10:56:00;-03:00;45,310001373291016;45,33000183105469;45,2599983215332;45,2599983215332;4100
2026-09-23;10:57:00;-03:00;45,27000045776367;45,290000915527344;45,2599983215332;45,279998779296875;4200
2026-09-23;10:58:00;-03:00;45,279998779296875;45,279998779296875;45,2599983215332;45,2599983215332;4200
2026-09-23;10:59:00;-03:00;45,2599983215332;45,31999969482422;45,18000030517578;45,27000045776367;20100
2026-09-23;11:00:00;-03:00;45,2599983215332;45,29999923706055;45,2599983215332;45,29999923706055;6600
2026-09-23;11:01:00;-03:00;45,310001373291016;45,31999969482422;45,27000045776367;45,27000045776367;4600
2026-09-23;11:02:00;-03:00;45,27000045776367;45,279998779296875;45,22999954223633;45,2400016784668;3200
2026-09-23;11:03:00;-03:00;45,2400016784668;45,2400016784668;45,15999984741211;45,22999954223633;11200
2026-09-23;11:04:00;-03:00;45,220001220703125;45,290000915527344;45,209999084472656;45,22999954223633;4000
2026-09-23;11:05:00;-03:00;45,220001220703125;45,2599983215332;45,209999084472656;45,209999084472656;7100
2026-09-23;11:06:00;-03:00;45,20000076293945;45,2599983215332;45,20000076293945;45,2400016784668;5000
2026-09-23;11:07:00;-03:00;45,2400016784668;45,279998779296875;45,220001220703125;45,279998779296875;6600
2026-09-23;11:08:00;-03:00;45,279998779296875;45,279998779296875;45,2400016784668;45,27000045776367;2800
2026-09-23;11:09:00;-03:00;45,27000045776367;45,279998779296875;45,16999816894531;45,20000076293945;5900
2026-09-23;11:10:00;-03:00;45,20000076293945;45,209999084472656;45,09000015258789;45,13999938964844;6900
2026-09-23;11:11:00;-03:00;45,130001068115234;45,150001525878906;45,08000183105469;45,13999938964844;4700
2026-09-23;11:12:00;-03:00;45,15999984741211;45,189998626708984;45,119998931884766;45,15999984741211;4200
2026-09-23;11:13:00;-03:00;45,15999984741211;45,18000030517578;45,150001525878906;45,16999816894531;3500
2026-09-23;11:14:00;-03:00;45,18000030517578;45,189998626708984;45,11000061035156;45,11000061035156;6900
2026-09-23;11:15:00;-03:00;45,099998474121094;45,16999816894531;45,099998474121094;45,16999816894531;3800
2026-09-23;11:16:00;-03:00;45,18000030517578;45,20000076293945;45,150001525878906;45,150001525878906;4400
2026-09-23;11:17:00;-03:00;45,150001525878906;45,150001525878906;45,099998474121094;45,099998474121094;3800
2026-09-23;11:18:00;-03:00;45,099998474121094;45,11000061035156;45,02000045776367;45,040000915527344;3400
2026-09-23;11:19:00;-03:00;45,029998779296875;45,040000915527344;44,97999954223633;45,0099983215332;6400
2026-09-23;11:20:00;-03:00;45,0;45,09000015258789;44,97999954223633;45,09000015258789;10100
2026-09-23;11:21:00;-03:00;45,09000015258789;45,09000015258789;45,060001373291016;45,060001373291016;2100
2026-09-23;11:22:00;-03:00;45,06999969482422;45,11000061035156;45,060001373291016;45,06999969482422;11800
2026-09-23;11:23:00;-03:00;45,11000061035156;45,130001068115234;45,09000015258789;45,130001068115234;4300
2026-09-23;11:24:00;-03:00;45,119998931884766;45,18000030517578;45,119998931884766;45,150001525878906;12500
2026-09-23;11:25:00;-03:00;45,16999816894531;45,209999084472656;45,150001525878906;45,16999816894531;6200
2026-09-23;11:26:00;-03:00;45,16999816894531;45,189998626708984;45,06999969482422;45,06999969482422;12800
2026-09-23;11:27:00;-03:00;45,06999969482422;45,220001220703125;45,06999969482422;45,20000076293945;16100
2026-09-23;11:28:00;-03:00;45,220001220703125;45,22999954223633;45,189998626708984;45,22999954223633;2800
2026-09-23;11:29:00;-03:00;45,209999084472656;45,209999084472656;45,130001068115234;45,130001068115234;3700
2026-09-23;11:30:00;-03:00;45,150001525878906;45,16999816894531;45,130001068115234;45,150001525878906;4800
2026-09-23;11:31:00;-03:00;45,13999938964844;45,18000030517578;45,130001068115234;45,130001068115234;2900
2026-09-23;11:32:00;-03:00;45,130001068115234;45,209999084472656;45,11000061035156;45,13999938964844;10300
2026-09-23;11:33:00;-03:00;45,13999938964844;45,18000030517578;45,13999938964844;45,15999984741211;4900
2026-09-23;11:34:00;-03:00;45,15999984741211;45,20000076293945;45,15999984741211;45,18000030517578;4200
2026-09-23;11:35:00;-03:00;45,18000030517578;45,2400016784668;45,16999816894531;45,20000076293945;7500
2026-09-23;11:36:00;-03:00;45,189998626708984;45,189998626708984;45,130001068115234;45,150001525878906;5200
2026-09-23;11:37:00;-03:00;45,150001525878906;45,16999816894531;45,11000061035156;45,119998931884766;3600
2026-09-23;11:38:00;-03:00;45,11000061035156;45,150001525878906;45,099998474121094;45,119998931884766;10400
2026-09-23;11:39:00;-03:00;45,11000061035156;45,130001068115234;45,099998474121094;45,11000061035156;2400
2026-09-23;11:40:00;-03:00;45,11000061035156;45,150001525878906;45,11000061035156;45,130001068115234;3400
2026-09-23;11:41:00;-03:00;45,150001525878906;45,22999954223633;45,13999938964844;45,209999084472656;7900
2026-09-23;11:42:00;-03:00;45,220001220703125;45,220001220703125;45,15999984741211;45,18000030517578;6700
2026-09-23;11:43:00;-03:00;45,16999816894531;45,20000076293945;45,16999816894531;45,20000076293945;2800
2026-09-23;11:44:00;-03:00;45,18000030517578;45,209999084472656;45,15999984741211;45,189998626708984;4500
2026-09-23;11:45:00;-03:00;45,16999816894531;45,16999816894531;45,13999938964844;45,13999938964844;1400
2026-09-23;11:46:00;-03:00;45,15999984741211;45,16999816894531;45,130001068115234;45,130001068115234;3400
2026-09-23;11:47:00;-03:00;45,130001068115234;45,150001525878906;45,11000061035156;45,11000061035156;4500
2026-09-23;11:48:00;-03:00;45,119998931884766;45,13999938964844;45,11000061035156;45,130001068115234;2700
2026-09-23;11:49:00;-03:00;45,130001068115234;45,130001068115234;45,060001373291016;45,08000183105469;28400
2026-09-23;11:50:00;-03:00;45,08000183105469;45,11000061035156;45,06999969482422;45,06999969482422;2500
2026-09-23;11:51:00;-03:00;45,08000183105469;45,15999984741211;45,06999969482422;45,13999938964844;7800
2026-09-23;11:52:00;-03:00;45,130001068115234;45,13999938964844;45,060001373291016;45,09000015258789;3700
2026-09-23;11:53:00;-03:00;45,06999969482422;45,119998931884766;45,060001373291016;45,099998474121094;15300
2026-09-23;11:54:00;-03:00;45,11000061035156;45,119998931884766;45,08000183105469;45,08000183105469;7200
2026-09-23;11:55:00;-03:00;45,099998474121094;45,099998474121094;45,060001373291016;45,06999969482422;3600
2026-09-23;11:56:00;-03:00;45,060001373291016;45,09000015258789;45,060001373291016;45,06999969482422;3900
2026-09-23;11:57:00;-03:00;45,06999969482422;45,08000183105469;45,060001373291016;45,060001373291016;3400
2026-09-23;11:58:00;-03:00;45,060001373291016;45,09000015258789;45,060001373291016;45,09000015258789;3000
2026-09-23;11:59:00;-03:00;45,08000183105469;45,16999816894531;45,08000183105469;45,15999984741211;5400
2026-09-23;12:00:00;-03:00;45,150001525878906;45,189998626708984;45,13999938964844;45,13999938964844;6000
2026-09-23;12:01:00;-03:00;45,130001068115234;45,130001068115234;45,11000061035156;45,119998931884766;1800
2026-09-23;12:02:00;-03:00;45,119998931884766;45,18000030517578;45,119998931884766;45,15999984741211;4200
2026-09-23;12:03:00;-03:00;45,16999816894531;45,189998626708984;45,13999938964844;45,13999938964844;3300
2026-09-23;12:04:00;-03:00;45,13999938964844;45,150001525878906;45,099998474121094;45,11000061035156;3700
2026-09-23;12:05:00;-03:00;45,11000061035156;45,130001068115234;45,11000061035156;45,11000061035156;2600
2026-09-23;12:06:00;-03:00;45,11000061035156;45,130001068115234;45,09000015258789;45,09000015258789;6200
2026-09-23;12:07:00;-03:00;45,08000183105469;45,119998931884766;45,08000183105469;45,11000061035156;4200
2026-09-23;12:08:00;-03:00;45,11000061035156;45,119998931884766;45,06999969482422;45,06999969482422;3300
2026-09-23;12:09:00;-03:00;45,09000015258789;45,13999938964844;45,09000015258789;45,099998474121094;5800
2026-09-23;12:10:00;-03:00;45,099998474121094;45,119998931884766;45,09000015258789;45,119998931884766;3700
2026-09-23;12:11:00;-03:00;45,11000061035156;45,150001525878906;45,11000061035156;45,130001068115234;3600
2026-09-23;12:12:00;-03:00;45,130001068115234;45,16999816894531;45,130001068115234;45,13999938964844;3000
2026-09-23;12:13:00;-03:00;45,13999938964844;45,20000076293945;45,13999938964844;45,20000076293945;3800
2026-09-23;12:14:00;-03:00;45,18000030517578;45,209999084472656;45,18000030517578;45,189998626708984;2400
2026-09-23;12:15:00;-03:00;45,189998626708984;45,209999084472656;45,18000030517578;45,18000030517578;2400
2026-09-23;12:16:00;-03:00;45,18000030517578;45,20000076293945;45,18000030517578;45,18000030517578;3700
2026-09-23;12:17:00;-03:00;45,20000076293945;45,20000076293945;45,15999984741211;45,15999984741211;3200
2026-09-23;12:18:00;-03:00;45,15999984741211;45,189998626708984;45,15999984741211;45,15999984741211;5000
2026-09-23;12:19:00;-03:00;45,16999816894531;45,16999816894531;45,15999984741211;45,15999984741211;2400
2026-09-23;12:20:00;-03:00;45,15999984741211;45,16999816894531;45,099998474121094;45,130001068115234;4900
2026-09-23;12:21:00;-03:00;45,119998931884766;45,130001068115234;45,099998474121094;45,119998931884766;3400
2026-09-23;12:22:00;-03:00;45,119998931884766;45,119998931884766;45,09000015258789;45,099998474121094;2300
2026-09-23;12:23:00;-03:00;45,099998474121094;45,11000061035156;45,09000015258789;45,099998474121094;3100
2026-09-23;12:24:00;-03:00;45,11000061035156;45,119998931884766;45,09000015258789;45,099998474121094;4900
2026-09-23;12:25:00;-03:00;45,11000061035156;45,150001525878906;45,11000061035156;45,119998931884766;3700
2026-09-23;12:26:00;-03:00;45,13999938964844;45,13999938964844;45,119998931884766;45,119998931884766;3200
2026-09-23;12:27:00;-03:00;45,130001068115234;45,13999938964844;45,119998931884766;45,130001068115234;2600
2026-09-23;12:28:00;-03:00;45,13999938964844;45,13999938964844;45,130001068115234;45,130001068115234;3100
2026-09-23;12:29:00;-03:00;45,130001068115234;45,150001525878906;45,130001068115234;45,13999938964844;3500
2026-09-23;12:30:00;-03:00;45,13999938964844;45,150001525878906;45,11000061035156;45,11000061035156;4000
2026-09-23;12:31:00;-03:00;45,119998931884766;45,15999984741211;45,11000061035156;45,150001525878906;4500
2026-09-23;12:32:00;-03:00;45,13999938964844;45,13999938964844;45,099998474121094;45,11000061035156;11900
2026-09-23;12:33:00;-03:00;45,11000061035156;45,119998931884766;45,06999969482422;45,08000183105469;6500
2026-09-23;12:34:00;-03:00;45,08000183105469;45,13999938964844;45,06999969482422;45,09000015258789;6700
2026-09-23;12:35:00;-03:00;45,09000015258789;45,150001525878906;45,09000015258789;45,119998931884766;5600
2026-09-23;12:36:00;-03:00;45,130001068115234;45,16999816894531;45,06999969482422;45,099998474121094;6500
2026-09-23;12:37:00;-03:00;45,099998474121094;45,18000030517578;45,099998474121094;45,16999816894531;5600
2026-09-23;12:38:00;-03:00;45,18000030517578;45,189998626708984;45,15999984741211;45,15999984741211;3200
2026-09-23;12:39:00;-03:00;45,15999984741211;45,189998626708984;45,15999984741211;45,15999984741211;2900
2026-09-23;12:40:00;-03:00;45,16999816894531;45,18000030517578;45,150001525878906;45,16999816894531;2800
2026-09-23;12:41:00;-03:00;45,18000030517578;45,2400016784668;45,18000030517578;45,22999954223633;3800
2026-09-23;12:42:00;-03:00;45,22999954223633;45,27000045776367;45,22999954223633;45,2400016784668;2100
2026-09-23;12:43:00;-03:00;45,25;45,25;45,22999954223633;45,2400016784668;2600
2026-09-23;12:44:00;-03:00;45,2400016784668;45,25;45,22999954223633;45,2400016784668;3300
2026-09-23;12:45:00;-03:00;45,25;45,25;45,2400016784668;45,2400016784668;1700
2026-09-23;12:46:00;-03:00;45,2400016784668;45,2400016784668;45,220001220703125;45,22999954223633;3300
2026-09-23;12:47:00;-03:00;45,22999954223633;45,22999954223633;45,209999084472656;45,220001220703125;2200
2026-09-23;12:48:00;-03:00;45,220001220703125;45,22999954223633;45,20000076293945;45,20000076293945;5700
2026-09-23;12:49:00;-03:00;45,209999084472656;45,209999084472656;45,13999938964844;45,13999938964844;4000
2026-09-23;12:50:00;-03:00;45,15999984741211;45,16999816894531;45,13999938964844;45,150001525878906;1800
2026-09-23;12:51:00;-03:00;45,13999938964844;45,150001525878906;45,119998931884766;45,130001068115234;3100
2026-09-23;12:52:00;-03:00;45,130001068115234;45,150001525878906;45,119998931884766;45,150001525878906;3800
2026-09-23;12:53:00;-03:00;45,130001068115234;45,150001525878906;45,130001068115234;45,130001068115234;2600
2026-09-23;12:54:00;-03:00;45,13999938964844;45,150001525878906;45,119998931884766;45,13999938964844;4100
2026-09-23;12:55:00;-03:00;45,119998931884766;45,130001068115234;45,08000183105469;45,08000183105469;4600
2026-09-23;12:56:00;-03:00;45,09000015258789;45,099998474121094;45,06999969482422;45,08000183105469;2200
2026-09-23;12:57:00;-03:00;45,08000183105469;45,119998931884766;45,06999969482422;45,099998474121094;5200
2026-09-23;12:58:00;-03:00;45,099998474121094;45,119998931884766;45,099998474121094;45,11000061035156;3100
2026-09-23;12:59:00;-03:00;45,11000061035156;45,119998931884766;45,099998474121094;45,119998931884766;4000
2026-09-23;13:00:00;-03:00;45,11000061035156;45,130001068115234;45,08000183105469;45,08000183105469;3200
2026-09-23;13:01:00;-03:00;45,08000183105469;45,09000015258789;45,08000183105469;45,08000183105469;2000
2026-09-23;13:02:00;-03:00;45,08000183105469;45,09000015258789;45,060001373291016;45,060001373291016;9100
2026-09-23;13:03:00;-03:00;45,060001373291016;45,099998474121094;45,060001373291016;45,08000183105469;3300
2026-09-23;13:04:00;-03:00;45,099998474121094;45,099998474121094;45,08000183105469;45,09000015258789;2200
2026-09-23;13:05:00;-03:00;45,09000015258789;45,11000061035156;45,09000015258789;45,099998474121094;3900
2026-09-23;13:06:00;-03:00;45,09000015258789;45,119998931884766;45,09000015258789;45,099998474121094;4400
2026-09-23;13:07:00;-03:00;45,099998474121094;45,11000061035156;45,09000015258789;45,09000015258789;2600
2026-09-23;13:08:00;-03:00;45,09000015258789;45,11000061035156;45,08000183105469;45,09000015258789;4500
2026-09-23;13:09:00;-03:00;45,09000015258789;45,09000015258789;45,08000183105469;45,09000015258789;2900
2026-09-23;13:10:00;-03:00;45,08000183105469;45,099998474121094;45,08000183105469;45,099998474121094;2600
2026-09-23;13:11:00;-03:00;45,09000015258789;45,099998474121094;45,06999969482422;45,099998474121094;4400
2026-09-23;13:12:00;-03:00;45,08000183105469;45,099998474121094;45,08000183105469;45,09000015258789;4200
2026-09-23;13:13:00;-03:00;45,08000183105469;45,09000015258789;45,06999969482422;45,08000183105469;1200
2026-09-23;13:14:00;-03:00;45,09000015258789;45,099998474121094;45,08000183105469;45,09000015258789;6300
2026-09-23;13:15:00;-03:00;45,09000015258789;45,09000015258789;45,08000183105469;45,08000183105469;3100
2026-09-23;13:16:00;-03:00;45,08000183105469;45,099998474121094;45,06999969482422;45,08000183105469;3900
2026-09-23;13:17:00;-03:00;45,06999969482422;45,099998474121094;45,06999969482422;45,09000015258789;3200
2026-09-23;13:18:00;-03:00;45,09000015258789;45,119998931884766;45,08000183105469;45,099998474121094;5700
2026-09-23;13:19:00;-03:00;45,119998931884766;45,130001068115234;45,099998474121094;45,119998931884766;3700
2026-09-23;13:20:00;-03:00;45,11000061035156;45,13999938964844;45,11000061035156;45,130001068115234;5300
2026-09-23;13:21:00;-03:00;45,150001525878906;45,209999084472656;45,150001525878906;45,15999984741211;6200
2026-09-23;13:22:00;-03:00;45,18000030517578;45,18000030517578;45,13999938964844;45,13999938964844;2400
2026-09-23;13:23:00;-03:00;45,13999938964844;45,150001525878906;45,130001068115234;45,130001068115234;1900
2026-09-23;13:24:00;-03:00;45,13999938964844;45,13999938964844;45,09000015258789;45,09000015258789;2300
2026-09-23;13:25:00;-03:00;45,099998474121094;45,15999984741211;45,09000015258789;45,13999938964844;6400
2026-09-23;13:26:00;-03:00;45,15999984741211;45,15999984741211;45,13999938964844;45,13999938964844;5200
2026-09-23;13:27:00;-03:00;45,13999938964844;45,15999984741211;45,130001068115234;45,15999984741211;4800
2026-09-23;13:28:00;-03:00;45,150001525878906;45,16999816894531;45,130001068115234;45,13999938964844;4100
2026-09-23;13:29:00;-03:00;45,13999938964844;45,189998626708984;45,13999938964844;45,16999816894531;3400
2026-09-23;13:30:00;-03:00;45,16999816894531;45,16999816894531;45,13999938964844;45,13999938964844;3000
2026-09-23;13:31:00;-03:00;45,15999984741211;45,15999984741211;45,13999938964844;45,13999938964844;1800
2026-09-23;13:32:00;-03:00;45,13999938964844;45,150001525878906;45,11000061035156;45,130001068115234;3000
2026-09-23;13:33:00;-03:00;45,11000061035156;45,13999938964844;45,11000061035156;45,130001068115234;1800
2026-09-23;13:34:00;-03:00;45,13999938964844;45,13999938964844;45,099998474121094;45,11000061035156;2700
2026-09-23;13:35:00;-03:00;45,119998931884766;45,130001068115234;45,11000061035156;45,130001068115234;3100
2026-09-23;13:36:00;-03:00;45,130001068115234;45,130001068115234;45,119998931884766;45,119998931884766;1800
2026-09-23;13:37:00;-03:00;45,119998931884766;45,13999938964844;45,11000061035156;45,11000061035156;3100
2026-09-23;13:38:00;-03:00;45,11000061035156;45,130001068115234;45,099998474121094;45,11000061035156;5000
2026-09-23;13:39:00;-03:00;45,11000061035156;45,11000061035156;45,099998474121094;45,099998474121094;2200
2026-09-23;13:40:00;-03:00;45,099998474121094;45,119998931884766;45,09000015258789;45,119998931884766;4400
2026-09-23;13:41:00;-03:00;45,099998474121094;45,119998931884766;45,09000015258789;45,099998474121094;8000
2026-09-23;13:42:00;-03:00;45,099998474121094;45,11000061035156;45,09000015258789;45,09000015258789;2100
2026-09-23;13:43:00;-03:00;45,08000183105469;45,099998474121094;45,06999969482422;45,099998474121094;4600
2026-09-23;13:44:00;-03:00;45,09000015258789;45,130001068115234;45,06999969482422;45,119998931884766;10400
2026-09-23;13:45:00;-03:00;45,11000061035156;45,119998931884766;45,08000183105469;45,11000061035156;8900
2026-09-23;13:46:00;-03:00;45,119998931884766;45,150001525878906;45,099998474121094;45,11000061035156;6100
2026-09-23;13:47:00;-03:00;45,11000061035156;45,18000030517578;45,11000061035156;45,18000030517578;5100
2026-09-23;13:48:00;-03:00;45,16999816894531;45,18000030517578;45,13999938964844;45,16999816894531;2700
2026-09-23;13:49:00;-03:00;45,15999984741211;45,189998626708984;45,150001525878906;45,15999984741211;5100
2026-09-23;13:50:00;-03:00;45,150001525878906;45,18000030517578;45,119998931884766;45,150001525878906;7500
2026-09-23;13:51:00;-03:00;45,150001525878906;45,150001525878906;45,06999969482422;45,09000015258789;12300
2026-09-23;13:52:00;-03:00;45,099998474121094;45,150001525878906;45,09000015258789;45,150001525878906;4700
2026-09-23;13:53:00;-03:00;45,150001525878906;45,16999816894531;45,119998931884766;45,150001525878906;6400
2026-09-23;13:54:00;-03:00;45,150001525878906;45,18000030517578;45,11000061035156;45,130001068115234;11900
2026-09-23;13:55:00;-03:00;45,130001068115234;45,150001525878906;45,099998474121094;45,13999938964844;11100
2026-09-23;13:56:00;-03:00;45,13999938964844;45,150001525878906;45,130001068115234;45,130001068115234;2800
2026-09-23;13:57:00;-03:00;45,130001068115234;45,16999816894531;45,119998931884766;45,15999984741211;6700
2026-09-23;13:58:00;-03:00;45,16999816894531;45,209999084472656;45,15999984741211;45,189998626708984;5500
2026-09-23;13:59:00;-03:00;45,18000030517578;45,20000076293945;45,16999816894531;45,18000030517578;3200
2026-09-23;14:00:00;-03:00;45,18000030517578;45,20000076293945;45,18000030517578;45,18000030517578;3400
2026-09-23;14:01:00;-03:00;45,18000030517578;45,220001220703125;45,18000030517578;45,209999084472656;5200
2026-09-23;14:02:00;-03:00;45,189998626708984;45,220001220703125;45,150001525878906;45,150001525878906;7900
2026-09-23;14:03:00;-03:00;45,16999816894531;45,27000045776367;45,16999816894531;45,25;5000
2026-09-23;14:04:00;-03:00;45,25;45,279998779296875;45,2400016784668;45,25;2600
2026-09-23;14:05:00;-03:00;45,27000045776367;45,31999969482422;45,25;45,310001373291016;5000
2026-09-23;14:06:00;-03:00;45,310001373291016;45,33000183105469;45,290000915527344;45,29999923706055;7200
2026-09-23;14:07:00;-03:00;45,31999969482422;45,380001068115234;45,31999969482422;45,369998931884766;12500
2026-09-23;14:08:00;-03:00;45,34000015258789;45,380001068115234;45,31999969482422;45,36000061035156;22600
2026-09-23;14:09:00;-03:00;45,33000183105469;45,34000015258789;45,290000915527344;45,290000915527344;2500
2026-09-23;14:10:00;-03:00;45,29999923706055;45,29999923706055;45,2599983215332;45,2599983215332;4100
2026-09-23;14:11:00;-03:00;45,279998779296875;45,290000915527344;45,2400016784668;45,25;3100
2026-09-23;14:12:00;-03:00;45,25;45,2599983215332;45,2400016784668;45,25;2800
2026-09-23;14:13:00;-03:00;45,2400016784668;45,27000045776367;45,2400016784668;45,2400016784668;5200
2026-09-23;14:14:00;-03:00;45,25;45,2599983215332;45,18000030517578;45,20000076293945;9100
2026-09-23;14:15:00;-03:00;45,220001220703125;45,220001220703125;45,189998626708984;45,209999084472656;2900
2026-09-23;14:16:00;-03:00;45,20000076293945;45,20000076293945;45,16999816894531;45,20000076293945;4300
2026-09-23;14:17:00;-03:00;45,20000076293945;45,220001220703125;45,18000030517578;45,20000076293945;2900
2026-09-23;14:18:00;-03:00;45,22999954223633;45,25;45,209999084472656;45,22999954223633;2900
2026-09-23;14:19:00;-03:00;45,220001220703125;45,2400016784668;45,209999084472656;45,209999084472656;1800
2026-09-23;14:20:00;-03:00;45,220001220703125;45,2400016784668;45,20000076293945;45,2400016784668;3800
2026-09-23;14:21:00;-03:00;45,220001220703125;45,2599983215332;45,209999084472656;45,25;2600
2026-09-23;14:22:00;-03:00;45,22999954223633;45,25;45,20000076293945;45,20000076293945;4700
2026-09-23;14:23:00;-03:00;45,220001220703125;45,220001220703125;45,20000076293945;45,220001220703125;2900
2026-09-23;14:24:00;-03:00;45,20000076293945;45,220001220703125;45,18000030517578;45,189998626708984;2900
2026-09-23;14:25:00;-03:00;45,20000076293945;45,20000076293945;45,18000030517578;45,189998626708984;3400
2026-09-23;14:26:00;-03:00;45,189998626708984;45,220001220703125;45,189998626708984;45,20000076293945;2300
2026-09-23;14:27:00;-03:00;45,20000076293945;45,209999084472656;45,18000030517578;45,20000076293945;2200
2026-09-23;14:28:00;-03:00;45,189998626708984;45,189998626708984;45,119998931884766;45,119998931884766;4500
2026-09-23;14:29:00;-03:00;45,119998931884766;45,150001525878906;45,119998931884766;45,130001068115234;2800
2026-09-23;14:30:00;-03:00;45,150001525878906;45,150001525878906;45,11000061035156;45,119998931884766;2800
2026-09-23;14:31:00;-03:00;45,13999938964844;45,13999938964844;45,11000061035156;45,130001068115234;2200
2026-09-23;14:32:00;-03:00;45,11000061035156;45,13999938964844;45,11000061035156;45,130001068115234;2700
2026-09-23;14:33:00;-03:00;45,130001068115234;45,13999938964844;45,119998931884766;45,130001068115234;2400
2026-09-23;14:34:00;-03:00;45,13999938964844;45,13999938964844;45,11000061035156;45,11000061035156;2700
2026-09-23;14:35:00;-03:00;45,11000061035156;45,130001068115234;45,08000183105469;45,099998474121094;4700
2026-09-23;14:36:00;-03:00;45,08000183105469;45,119998931884766;45,060001373291016;45,08000183105469;14000
2026-09-23;14:37:00;-03:00;45,099998474121094;45,11000061035156;45,06999969482422;45,09000015258789;3300
2026-09-23;14:38:00;-03:00;45,09000015258789;45,11000061035156;45,08000183105469;45,099998474121094;2900
2026-09-23;14:39:00;-03:00;45,08000183105469;45,09000015258789;45,060001373291016;45,06999969482422;4700
2026-09-23;14:40:00;-03:00;45,09000015258789;45,09000015258789;45,060001373291016;45,08000183105469;3600
2026-09-23;14:41:00;-03:00;45,08000183105469;45,150001525878906;45,06999969482422;45,150001525878906;2800
2026-09-23;14:42:00;-03:00;45,130001068115234;45,15999984741211;45,119998931884766;45,150001525878906;4300
2026-09-23;14:43:00;-03:00;45,16999816894531;45,18000030517578;45,13999938964844;45,15999984741211;3000
2026-09-23;14:44:00;-03:00;45,15999984741211;45,20000076293945;45,13999938964844;45,189998626708984;3100
2026-09-23;14:45:00;-03:00;45,18000030517578;45,189998626708984;45,15999984741211;45,16999816894531;2200
2026-09-23;14:46:00;-03:00;45,16999816894531;45,27000045776367;45,16999816894531;45,2400016784668;9600
2026-09-23;14:47:00;-03:00;45,2400016784668;45,279998779296875;45,2400016784668;45,2599983215332;3100
2026-09-23;14:48:00;-03:00;45,279998779296875;45,290000915527344;45,25;45,2599983215332;2600
2026-09-23;14:49:00;-03:00;45,27000045776367;45,279998779296875;45,25;45,2599983215332;2900
2026-09-23;14:50:00;-03:00;45,27000045776367;45,279998779296875;45,25;45,2599983215332;7400
2026-09-23;14:51:00;-03:00;45,279998779296875;45,279998779296875;45,2599983215332;45,279998779296875;700
2026-09-23;14:52:00;-03:00;45,290000915527344;45,310001373291016;45,279998779296875;45,29999923706055;3400
2026-09-23;14:53:00;-03:00;45,290000915527344;45,310001373291016;45,279998779296875;45,290000915527344;2800
2026-09-23;14:54:00;-03:00;45,29999923706055;45,310001373291016;45,27000045776367;45,27000045776367;3100
2026-09-23;14:55:00;-03:00;45,2400016784668;45,2599983215332;45,2400016784668;45,25;2400
2026-09-23;14:56:00;-03:00;45,2400016784668;45,27000045776367;45,2400016784668;45,27000045776367;3000
2026-09-23;14:57:00;-03:00;45,2599983215332;45,27000045776367;45,25;45,2599983215332;1900
2026-09-23;14:58:00;-03:00;45,2599983215332;45,279998779296875;45,25;45,27000045776367;2100
2026-09-23;14:59:00;-03:00;45,25;45,290000915527344;45,25;45,290000915527344;3300
2026-09-23;15:00:00;-03:00;45,27000045776367;45,290000915527344;45,2599983215332;45,27000045776367;2500
2026-09-23;15:01:00;-03:00;45,2599983215332;45,279998779296875;45,25;45,27000045776367;2600
2026-09-23;15:02:00;-03:00;45,25;45,27000045776367;45,25;45,2599983215332;2700
2026-09-23;15:03:00;-03:00;45,27000045776367;45,27000045776367;45,2400016784668;45,2599983215332;2500
2026-09-23;15:04:00;-03:00;45,25;45,2599983215332;45,22999954223633;45,25;3300
2026-09-23;15:05:00;-03:00;45,2400016784668;45,2599983215332;45,22999954223633;45,2400016784668;3100
2026-09-23;15:06:00;-03:00;45,2400016784668;45,2599983215332;45,2400016784668;45,2599983215332;3000
2026-09-23;15:07:00;-03:00;45,25;45,279998779296875;45,2400016784668;45,2599983215332;5400
2026-09-23;15:08:00;-03:00;45,2400016784668;45,279998779296875;45,2400016784668;45,2599983215332;4100
2026-09-23;15:09:00;-03:00;45,2400016784668;45,2599983215332;45,22999954223633;45,2599983215332;3600
2026-09-23;15:10:00;-03:00;45,25;45,2599983215332;45,2400016784668;45,25;2700
2026-09-23;15:11:00;-03:00;45,25;45,2599983215332;45,22999954223633;45,25;4000
2026-09-23;15:12:00;-03:00;45,25;45,27000045776367;45,25;45,2599983215332;2100
2026-09-23;15:13:00;-03:00;45,25;45,27000045776367;45,2400016784668;45,25;2500
2026-09-23;15:14:00;-03:00;45,2599983215332;45,2599983215332;45,2400016784668;45,2599983215332;2500
2026-09-23;15:15:00;-03:00;45,25;45,2599983215332;45,22999954223633;45,22999954223633;14000
2026-09-23;15:16:00;-03:00;45,22999954223633;45,2400016784668;45,209999084472656;45,209999084472656;2700
2026-09-23;15:17:00;-03:00;45,220001220703125;45,22999954223633;45,20000076293945;45,20000076293945;4200
2026-09-23;15:18:00;-03:00;45,20000076293945;45,209999084472656;45,189998626708984;45,209999084472656;2500
2026-09-23;15:19:00;-03:00;45,189998626708984;45,20000076293945;45,189998626708984;45,189998626708984;4200
2026-09-23;15:20:00;-03:00;45,189998626708984;45,209999084472656;45,18000030517578;45,209999084472656;5800
2026-09-23;15:21:00;-03:00;45,20000076293945;45,220001220703125;45,18000030517578;45,20000076293945;4300
2026-09-23;15:22:00;-03:00;45,189998626708984;45,220001220703125;45,18000030517578;45,20000076293945;3700
2026-09-23;15:23:00;-03:00;45,20000076293945;45,22999954223633;45,20000076293945;45,20000076293945;3800
2026-09-23;15:24:00;-03:00;45,220001220703125;45,220001220703125;45,20000076293945;45,220001220703125;2600
2026-09-23;15:25:00;-03:00;45,20000076293945;45,220001220703125;45,20000076293945;45,20000076293945;3900
2026-09-23;15:26:00;-03:00;45,20000076293945;45,220001220703125;45,18000030517578;45,18000030517578;3300
2026-09-23;15:27:00;-03:00;45,18000030517578;45,20000076293945;45,18000030517578;45,189998626708984;4100
2026-09-23;15:28:00;-03:00;45,189998626708984;45,189998626708984;45,15999984741211;45,16999816894531;3100
2026-09-23;15:29:00;-03:00;45,16999816894531;45,18000030517578;45,150001525878906;45,16999816894531;6300
2026-09-23;15:30:00;-03:00;45,16999816894531;45,18000030517578;45,150001525878906;45,150001525878906;3800
2026-09-23;15:31:00;-03:00;45,15999984741211;45,15999984741211;45,130001068115234;45,150001525878906;8100
2026-09-23;15:32:00;-03:00;45,13999938964844;45,15999984741211;45,130001068115234;45,13999938964844;3700
2026-09-23;15:33:00;-03:00;45,13999938964844;45,150001525878906;45,130001068115234;45,130001068115234;2300
2026-09-23;15:34:00;-03:00;45,150001525878906;45,150001525878906;45,099998474121094;45,119998931884766;4700
2026-09-23;15:35:00;-03:00;45,099998474121094;45,13999938964844;45,099998474121094;45,119998931884766;4600
2026-09-23;15:36:00;-03:00;45,119998931884766;45,150001525878906;45,119998931884766;45,130001068115234;3900
2026-09-23;15:37:00;-03:00;45,150001525878906;45,15999984741211;45,130001068115234;45,130001068115234;3700
2026-09-23;15:38:00;-03:00;45,13999938964844;45,150001525878906;45,099998474121094;45,119998931884766;7100
2026-09-23;15:39:00;-03:00;45,119998931884766;45,13999938964844;45,119998931884766;45,13999938964844;2300
2026-09-23;15:40:00;-03:00;45,13999938964844;45,13999938964844;45,119998931884766;45,119998931884766;2300
2026-09-23;15:41:00;-03:00;45,119998931884766;45,130001068115234;45,11000061035156;45,130001068115234;2700
2026-09-23;15:42:00;-03:00;45,119998931884766;45,13999938964844;45,11000061035156;45,11000061035156;4700
2026-09-23;15:43:00;-03:00;45,13999938964844;45,13999938964844;45,11000061035156;45,130001068115234;2800
2026-09-23;15:44:00;-03:00;45,11000061035156;45,130001068115234;45,09000015258789;45,11000061035156;5700
2026-09-23;15:45:00;-03:00;45,09000015258789;45,11000061035156;45,09000015258789;45,09000015258789;3000
2026-09-23;15:46:00;-03:00;45,099998474121094;45,11000061035156;45,06999969482422;45,09000015258789;6700
2026-09-23;15:47:00;-03:00;45,09000015258789;45,119998931884766;45,09000015258789;45,119998931884766;6800
2026-09-23;15:48:00;-03:00;45,11000061035156;45,15999984741211;45,11000061035156;45,119998931884766;6900
2026-09-23;15:49:00;-03:00;45,13999938964844;45,150001525878906;45,11000061035156;45,11000061035156;3700
2026-09-23;15:50:00;-03:00;45,119998931884766;45,150001525878906;45,11000061035156;45,119998931884766;3300
2026-09-23;15:51:00;-03:00;45,11000061035156;45,119998931884766;45,099998474121094;45,099998474121094;5500
2026-09-23;15:52:00;-03:00;45,099998474121094;45,119998931884766;45,099998474121094;45,11000061035156;5000
2026-09-23;15:53:00;-03:00;45,11000061035156;45,119998931884766;45,099998474121094;45,099998474121094;3300
2026-09-23;15:54:00;-03:00;45,119998931884766;45,119998931884766;45,099998474121094;45,099998474121094;4400
2026-09-23;15:55:00;-03:00;45,099998474121094;45,130001068115234;45,099998474121094;45,099998474121094;6600
2026-09-23;15:56:00;-03:00;45,099998474121094;45,119998931884766;45,08000183105469;45,08000183105469;4500
2026-09-23;15:57:00;-03:00;45,099998474121094;45,119998931884766;45,08000183105469;45,099998474121094;9100
2026-09-23;15:58:00;-03:00;45,099998474121094;45,11000061035156;45,09000015258789;45,099998474121094;3700
2026-09-23;15:59:00;-03:00;45,099998474121094;45,099998474121094;45,060001373291016;45,06999969482422;8100
2026-09-23;16:00:00;-03:00;45,09000015258789;45,099998474121094;45,06999969482422;45,08000183105469;4700
2026-09-23;16:01:00;-03:00;45,08000183105469;45,09000015258789;45,060001373291016;45,06999969482422;4100
2026-09-23;16:02:00;-03:00;45,06999969482422;45,08000183105469;45,060001373291016;45,06999969482422;12000
2026-09-23;16:03:00;-03:00;45,08000183105469;45,099998474121094;45,06999969482422;45,08000183105469;4000
2026-09-23;16:04:00;-03:00;45,08000183105469;45,11000061035156;45,08000183105469;45,099998474121094;4800
2026-09-23;16:05:00;-03:00;45,09000015258789;45,099998474121094;45,06999969482422;45,06999969482422;2900
2026-09-23;16:06:00;-03:00;45,09000015258789;45,09000015258789;45,06999969482422;45,08000183105469;5200
2026-09-23;16:07:00;-03:00;45,06999969482422;45,09000015258789;45,06999969482422;45,06999969482422;3800
2026-09-23;16:08:00;-03:00;45,06999969482422;45,08000183105469;45,060001373291016;45,060001373291016;3200
2026-09-23;16:09:00;-03:00;45,06999969482422;45,08000183105469;45,060001373291016;45,06999969482422;8800
2026-09-23;16:10:00;-03:00;45,06999969482422;45,09000015258789;45,060001373291016;45,09000015258789;4300
2026-09-23;16:11:00;-03:00;45,08000183105469;45,099998474121094;45,06999969482422;45,08000183105469;4100
2026-09-23;16:12:00;-03:00;45,08000183105469;45,09000015258789;45,060001373291016;45,08000183105469;5800
2026-09-23;16:13:00;-03:00;45,060001373291016;45,08000183105469;45,060001373291016;45,08000183105469;3600
2026-09-23;16:14:00;-03:00;45,060001373291016;45,08000183105469;45,060001373291016;45,060001373291016;3000
2026-09-23;16:15:00;-03:00;45,08000183105469;45,08000183105469;45,0099983215332;45,02000045776367;7200
2026-09-23;16:16:00;-03:00;45,0099983215332;45,02000045776367;44,97999954223633;45,0;7700
2026-09-23;16:17:00;-03:00;44,97999954223633;45,0099983215332;44,97999954223633;44,97999954223633;5500
2026-09-23;16:18:00;-03:00;44,97999954223633;45,02000045776367;44,97999954223633;45,0099983215332;4600
2026-09-23;16:19:00;-03:00;45,0;45,029998779296875;45,0;45,02000045776367;3600
2026-09-23;16:20:00;-03:00;45,0;45,0099983215332;44,970001220703125;44,97999954223633;4000
2026-09-23;16:21:00;-03:00;44,97999954223633;45,0;44,970001220703125;44,9900016784668;6900
2026-09-23;16:22:00;-03:00;44,97999954223633;45,0;44,970001220703125;44,97999954223633;5100
2026-09-23;16:23:00;-03:00;44,9900016784668;44,9900016784668;44,959999084472656;44,970001220703125;4500
2026-09-23;16:24:00;-03:00;44,970001220703125;44,9900016784668;44,970001220703125;44,97999954223633;6200
2026-09-23;16:25:00;-03:00;44,970001220703125;45,0;44,959999084472656;44,97999954223633;5400
2026-09-23;16:26:00;-03:00;44,97999954223633;44,9900016784668;44,970001220703125;44,97999954223633;5500
2026-09-23;16:27:00;-03:00;44,97999954223633;45,0099983215332;44,970001220703125;44,9900016784668;6800
2026-09-23;16:28:00;-03:00;44,970001220703125;44,9900016784668;44,970001220703125;44,970001220703125;3100
2026-09-23;16:29:00;-03:00;44,9900016784668;44,9900016784668;44,970001220703125;44,9900016784668;4900
2026-09-23;16:30:00;-03:00;44,97999954223633;45,02000045776367;44,97999954223633;45,0099983215332;9200
2026-09-23;16:31:00;-03:00;45,0;45,029998779296875;45,0;45,0099983215332;5000
2026-09-23;16:32:00;-03:00;45,02000045776367;45,02000045776367;44,9900016784668;45,0;7500
2026-09-23;16:33:00;-03:00;45,0;45,0099983215332;44,9900016784668;45,0099983215332;6400
2026-09-23;16:34:00;-03:00;45,0;45,0099983215332;44,97999954223633;45,0;5900
2026-09-23;16:35:00;-03:00;45,0099983215332;45,0099983215332;44,9900016784668;44,9900016784668;4200
2026-09-23;16:36:00;-03:00;45,0;45,0099983215332;44,9900016784668;44,9900016784668;4900
2026-09-23;16:37:00;-03:00;44,9900016784668;45,0099983215332;44,97999954223633;44,97999954223633;10700
2026-09-23;16:38:00;-03:00;44,9900016784668;45,0;44,970001220703125;44,970001220703125;4700
2026-09-23;16:39:00;-03:00;44,970001220703125;44,9900016784668;44,970001220703125;44,9900016784668;5000
2026-09-23;16:40:00;-03:00;44,97999954223633;44,9900016784668;44,959999084472656;44,970001220703125;5100
2026-09-23;16:41:00;-03:00;44,97999954223633;44,97999954223633;44,959999084472656;44,970001220703125;6600
2026-09-23;16:42:00;-03:00;44,970001220703125;44,97999954223633;44,959999084472656;44,97999954223633;4400
2026-09-23;16:43:00;-03:00;44,970001220703125;44,9900016784668;44,959999084472656;44,959999084472656;7100
2026-09-23;16:44:00;-03:00;44,97999954223633;44,9900016784668;44,959999084472656;44,970001220703125;7500
2026-09-23;16:45:00;-03:00;44,959999084472656;44,97999954223633;44,959999084472656;44,97999954223633;5700
2026-09-23;16:46:00;-03:00;44,959999084472656;44,9900016784668;44,959999084472656;44,970001220703125;7400
2026-09-23;16:47:00;-03:00;44,9900016784668;45,0;44,970001220703125;44,97999954223633;6100
2026-09-23;16:48:00;-03:00;44,97999954223633;45,0099983215332;44,97999954223633;44,9900016784668;9900
2026-09-23;16:49:00;-03:00;44,97999954223633;45,0;44,97999954223633;44,9900016784668;5700
2026-09-23;16:50:00;-03:00;45,0;45,0;44,95000076293945;44,95000076293945;5300
2026-09-23;16:51:00;-03:00;44,95000076293945;44,97999954223633;44,939998626708984;44,970001220703125;9300
2026-09-23;16:52:00;-03:00;44,970001220703125;44,970001220703125;44,95000076293945;44,959999084472656;5500
2026-09-23;16:53:00;-03:00;44,970001220703125;44,970001220703125;44,95000076293945;44,95000076293945;4400
2026-09-23;16:54:00;-03:00;44,95000076293945;44,959999084472656;44,939998626708984;44,959999084472656;3700
2026-09-24;10:03:00;-03:00;45,20000076293945;45,20000076293945;45,029998779296875;45,04999923706055;4900
2026-09-24;10:04:00;-03:00;45,06999969482422;45,16999816894531;45,029998779296875;45,16999816894531;2100
2026-09-24;10:05:00;-03:00;45,099998474121094;45,119998931884766;45,02000045776367;45,09000015258789;1900
2026-09-24;10:06:00;-03:00;45,099998474121094;45,11000061035156;45,02000045776367;45,029998779296875;7000
2026-09-24;10:08:00;-03:00;45,08000183105469;45,11000061035156;44,959999084472656;45,0099983215332;8900
2026-09-24;10:09:00;-03:00;44,97999954223633;44,97999954223633;44,939998626708984;44,97999954223633;3800
2026-09-24;10:10:00;-03:00;45,0099983215332;45,20000076293945;45,0099983215332;45,20000076293945;3500
2026-09-24;10:11:00;-03:00;45,310001373291016;45,310001373291016;45,25;45,25;300
2026-09-24;10:13:00;-03:00;45,2400016784668;45,2400016784668;45,209999084472656;45,209999084472656;300
2026-09-24;10:14:00;-03:00;45,25;45,279998779296875;45,22999954223633;45,279998779296875;2900
2026-09-24;10:15:00;-03:00;45,25;45,25;45,2400016784668;45,2400016784668;1000
2026-09-24;10:16:00;-03:00;45,2400016784668;45,2400016784668;45,2400016784668;45,2400016784668;0
2026-09-24;10:17:00;-03:00;45,22999954223633;45,279998779296875;45,22999954223633;45,27000045776367;1900
2026-09-24;10:18:00;-03:00;45,279998779296875;45,29999923706055;45,2599983215332;45,2599983215332;1200
2026-09-24;10:19:00;-03:00;45,279998779296875;45,290000915527344;45,189998626708984;45,20000076293945;1200
2026-09-24;10:20:00;-03:00;45,189998626708984;45,189998626708984;45,15999984741211;45,18000030517578;400
2026-09-24;10:21:00;-03:00;45,15999984741211;45,15999984741211;45,15999984741211;45,15999984741211;100
2026-09-24;10:22:00;-03:00;45,150001525878906;45,20000076293945;45,150001525878906;45,20000076293945;600
2026-09-24;10:23:00;-03:00;45,18000030517578;45,220001220703125;45,15999984741211;45,220001220703125;1000
2026-09-24;10:24:00;-03:00;45,220001220703125;45,220001220703125;45,11000061035156;45,11000061035156;2200
2026-09-24;10:25:00;-03:00;45,15999984741211;45,18000030517578;45,119998931884766;45,18000030517578;600
2026-09-24;10:26:00;-03:00;45,16999816894531;45,209999084472656;45,150001525878906;45,18000030517578;1900
2026-09-24;10:27:00;-03:00;45,15999984741211;45,15999984741211;45,15999984741211;45,15999984741211;300
2026-09-24;10:28:00;-03:00;45,15999984741211;45,15999984741211;45,15999984741211;45,15999984741211;400
2026-09-24;10:29:00;-03:00;45,20000076293945;45,220001220703125;45,20000076293945;45,220001220703125;300
2026-09-24;10:30:00;-03:00;45,310001373291016;45,36000061035156;45,310001373291016;45,36000061035156;500
2026-09-24;10:31:00;-03:00;45,33000183105469;45,380001068115234;45,2400016784668;45,2400016784668;4600
2026-09-24;10:32:00;-03:00;45,2599983215332;45,310001373291016;45,220001220703125;45,25;2500
2026-09-24;10:33:00;-03:00;45,25;45,25;45,2400016784668;45,25;700
2026-09-24;10:34:00;-03:00;45,27000045776367;45,29999923706055;45,25;45,29999923706055;600
2026-09-24;10:35:00;-03:00;45,290000915527344;45,29999923706055;45,27000045776367;45,27000045776367;700
2026-09-24;10:36:00;-03:00;45,27000045776367;45,290000915527344;45,2599983215332;45,2599983215332;600
2026-09-24;10:37:00;-03:00;45,2400016784668;45,279998779296875;45,150001525878906;45,150001525878906;3100
2026-09-24;10:38:00;-03:00;45,13999938964844;45,13999938964844;45,099998474121094;45,119998931884766;1600
2026-09-24;10:39:00;-03:00;45,13999938964844;45,15999984741211;45,130001068115234;45,130001068115234;1400
2026-09-24;10:40:00;-03:00;45,11000061035156;45,11000061035156;45,02000045776367;45,040000915527344;3400
2026-09-24;10:41:00;-03:00;45,040000915527344;45,06999969482422;44,900001525878906;44,900001525878906;9200
2026-09-24;10:42:00;-03:00;44,90999984741211;44,93000030517578;44,869998931884766;44,900001525878906;9500
2026-09-24;10:43:00;-03:00;44,90999984741211;44,939998626708984;44,90999984741211;44,939998626708984;2000
2026-09-24;10:44:00;-03:00;44,939998626708984;44,939998626708984;44,88999938964844;44,88999938964844;3000
2026-09-24;10:45:00;-03:00;44,900001525878906;44,95000076293945;44,900001525878906;44,95000076293945;2200
2026-09-24;10:46:00;-03:00;44,95000076293945;44,959999084472656;44,91999816894531;44,959999084472656;1600
2026-09-24;10:47:00;-03:00;44,95000076293945;44,95000076293945;44,93000030517578;44,939998626708984;1200
2026-09-24;10:48:00;-03:00;44,939998626708984;44,95000076293945;44,93000030517578;44,939998626708984;1600
2026-09-24;10:49:00;-03:00;44,959999084472656;44,970001220703125;44,939998626708984;44,959999084472656;2400
2026-09-24;10:50:00;-03:00;44,95000076293945;44,959999084472656;44,93000030517578;44,959999084472656;1700
2026-09-24;10:51:00;-03:00;44,97999954223633;45,029998779296875;44,97999954223633;45,029998779296875;4700
2026-09-24;10:52:00;-03:00;45,040000915527344;45,08000183105469;45,040000915527344;45,08000183105469;2500
2026-09-24;10:53:00;-03:00;45,08000183105469;45,099998474121094;45,06999969482422;45,099998474121094;1900
2026-09-24;10:54:00;-03:00;45,099998474121094;45,099998474121094;45,099998474121094;45,099998474121094;600
2026-09-24;10:55:00;-03:00;45,099998474121094;45,18000030517578;45,099998474121094;45,119998931884766;3900
2026-09-24;10:56:00;-03:00;45,119998931884766;45,13999938964844;45,11000061035156;45,11000061035156;900
2026-09-24;10:57:00;-03:00;45,130001068115234;45,189998626708984;45,130001068115234;45,150001525878906;3900
2026-09-24;10:58:00;-03:00;45,15999984741211;45,18000030517578;45,119998931884766;45,119998931884766;1800
2026-09-24;10:59:00;-03:00;45,119998931884766;45,119998931884766;45,06999969482422;45,099998474121094;1700
2026-09-24;11:00:00;-03:00;45,11000061035156;45,11000061035156;45,08000183105469;45,08000183105469;2300
2026-09-24;11:01:00;-03:00;45,060001373291016;45,11000061035156;45,04999923706055;45,11000061035156;2100
2026-09-24;11:02:00;-03:00;45,099998474121094;45,11000061035156;45,06999969482422;45,08000183105469;1400
2026-09-24;11:03:00;-03:00;45,08000183105469;45,119998931884766;45,08000183105469;45,09000015258789;1500
2026-09-24;11:04:00;-03:00;45,09000015258789;45,11000061035156;45,08000183105469;45,099998474121094;900
2026-09-24;11:05:00;-03:00;45,099998474121094;45,099998474121094;45,08000183105469;45,08000183105469;1000
2026-09-24;11:06:00;-03:00;45,06999969482422;45,08000183105469;45,060001373291016;45,06999969482422;2000
2026-09-24;11:07:00;-03:00;45,09000015258789;45,099998474121094;45,08000183105469;45,09000015258789;2700
2026-09-24;11:08:00;-03:00;45,09000015258789;45,09000015258789;45,06999969482422;45,06999969482422;1500
2026-09-24;11:09:00;-03:00;45,09000015258789;45,130001068115234;45,06999969482422;45,130001068115234;2200
2026-09-24;11:10:00;-03:00;45,130001068115234;45,13999938964844;45,119998931884766;45,13999938964844;600
2026-09-24;11:11:00;-03:00;45,119998931884766;45,16999816894531;45,119998931884766;45,15999984741211;14600
2026-09-24;11:12:00;-03:00;45,16999816894531;45,189998626708984;45,15999984741211;45,15999984741211;2900
2026-09-24;11:13:00;-03:00;45,15999984741211;45,15999984741211;45,099998474121094;45,099998474121094;3600
2026-09-24;11:14:00;-03:00;45,08000183105469;45,13999938964844;45,06999969482422;45,13999938964844;12200
2026-09-24;11:15:00;-03:00;45,130001068115234;45,13999938964844;45,119998931884766;45,130001068115234;5000
2026-09-24;11:16:00;-03:00;45,130001068115234;45,130001068115234;45,11000061035156;45,119998931884766;1400
2026-09-24;11:17:00;-03:00;45,13999938964844;45,150001525878906;45,119998931884766;45,13999938964844;1400
2026-09-24;11:18:00;-03:00;45,130001068115234;45,130001068115234;45,119998931884766;45,130001068115234;600
2026-09-24;11:19:00;-03:00;45,130001068115234;45,130001068115234;45,119998931884766;45,130001068115234;1500
2026-09-24;11:20:00;-03:00;45,119998931884766;45,13999938964844;45,119998931884766;45,119998931884766;1800
2026-09-24;11:21:00;-03:00;45,13999938964844;45,13999938964844;45,08000183105469;45,09000015258789;7800
2026-09-24;11:22:00;-03:00;45,099998474121094;45,11000061035156;45,09000015258789;45,099998474121094;1100
2026-09-24;11:23:00;-03:00;45,11000061035156;45,150001525878906;45,099998474121094;45,150001525878906;1100
2026-09-24;11:24:00;-03:00;45,130001068115234;45,13999938964844;45,11000061035156;45,119998931884766;3600
2026-09-24;11:25:00;-03:00;45,119998931884766;45,16999816894531;45,119998931884766;45,150001525878906;3000
2026-09-24;11:26:00;-03:00;45,130001068115234;45,189998626708984;45,119998931884766;45,18000030517578;4400
2026-09-24;11:27:00;-03:00;45,16999816894531;45,20000076293945;45,16999816894531;45,18000030517578;1600
2026-09-24;11:28:00;-03:00;45,18000030517578;45,209999084472656;45,16999816894531;45,209999084472656;3100
2026-09-24;11:29:00;-03:00;45,220001220703125;45,220001220703125;45,189998626708984;45,189998626708984;1500
2026-09-24;11:30:00;-03:00;45,18000030517578;45,209999084472656;45,18000030517578;45,209999084472656;1100
2026-09-24;11:31:00;-03:00;45,209999084472656;45,209999084472656;45,16999816894531;45,20000076293945;4900
2026-09-24;11:32:00;-03:00;45,20000076293945;45,209999084472656;45,16999816894531;45,189998626708984;2300
2026-09-24;11:33:00;-03:00;45,18000030517578;45,18000030517578;45,130001068115234;45,130001068115234;11100
2026-09-24;11:34:00;-03:00;45,150001525878906;45,18000030517578;45,13999938964844;45,15999984741211;1100
2026-09-24;11:35:00;-03:00;45,18000030517578;45,18000030517578;45,15999984741211;45,15999984741211;1700
2026-09-24;11:36:00;-03:00;45,150001525878906;45,189998626708984;45,150001525878906;45,18000030517578;1800
2026-09-24;11:37:00;-03:00;45,20000076293945;45,20000076293945;45,16999816894531;45,16999816894531;1200
2026-09-24;11:38:00;-03:00;45,16999816894531;45,18000030517578;45,15999984741211;45,16999816894531;1000
2026-09-24;11:39:00;-03:00;45,16999816894531;45,18000030517578;45,15999984741211;45,16999816894531;900
2026-09-24;11:40:00;-03:00;45,18000030517578;45,18000030517578;45,15999984741211;45,15999984741211;700
2026-09-24;11:41:00;-03:00;45,15999984741211;45,15999984741211;45,099998474121094;45,099998474121094;4200
2026-09-24;11:42:00;-03:00;45,119998931884766;45,119998931884766;45,08000183105469;45,08000183105469;2200
2026-09-24;11:43:00;-03:00;45,06999969482422;45,09000015258789;45,06999969482422;45,09000015258789;1700
2026-09-24;11:44:00;-03:00;45,06999969482422;45,15999984741211;45,060001373291016;45,11000061035156;32200
2026-09-24;11:45:00;-03:00;45,11000061035156;45,119998931884766;45,09000015258789;45,09000015258789;1300
2026-09-24;11:46:00;-03:00;45,09000015258789;45,13999938964844;45,08000183105469;45,08000183105469;1500
2026-09-24;11:47:00;-03:00;45,08000183105469;45,099998474121094;45,06999969482422;45,06999969482422;1400
2026-09-24;11:48:00;-03:00;45,06999969482422;45,09000015258789;45,04999923706055;45,08000183105469;1600
2026-09-24;11:49:00;-03:00;45,06999969482422;45,06999969482422;45,040000915527344;45,060001373291016;2100
2026-09-24;11:50:00;-03:00;45,08000183105469;45,150001525878906;45,06999969482422;45,130001068115234;5800
2026-09-24;11:51:00;-03:00;45,130001068115234;45,13999938964844;45,119998931884766;45,119998931884766;800
2026-09-24;11:52:00;-03:00;45,119998931884766;45,119998931884766;45,09000015258789;45,09000015258789;1600
2026-09-24;11:53:00;-03:00;45,09000015258789;45,11000061035156;45,09000015258789;45,09000015258789;1300
2026-09-24;11:54:00;-03:00;45,11000061035156;45,11000061035156;45,09000015258789;45,09000015258789;1500
2026-09-24;11:55:00;-03:00;45,09000015258789;45,099998474121094;45,06999969482422;45,06999969482422;1600
2026-09-24;11:56:00;-03:00;45,06999969482422;45,099998474121094;45,06999969482422;45,099998474121094;2300
2026-09-24;11:57:00;-03:00;45,11000061035156;45,11000061035156;45,08000183105469;45,08000183105469;1600
2026-09-24;11:58:00;-03:00;45,08000183105469;45,099998474121094;45,08000183105469;45,09000015258789;800
2026-09-24;11:59:00;-03:00;45,099998474121094;45,11000061035156;45,09000015258789;45,09000015258789;1400
2026-09-24;12:00:00;-03:00;45,09000015258789;45,11000061035156;45,09000015258789;45,11000061035156;1300
2026-09-24;12:01:00;-03:00;45,099998474121094;45,099998474121094;45,060001373291016;45,060001373291016;2900
2026-09-24;12:02:00;-03:00;45,060001373291016;45,060001373291016;45,02000045776367;45,02000045776367;2300
2026-09-24;12:03:00;-03:00;45,02000045776367;45,029998779296875;44,9900016784668;45,0099983215332;2200
2026-09-24;12:04:00;-03:00;45,0;45,0099983215332;44,959999084472656;44,970001220703125;1400
2026-09-24;12:05:00;-03:00;44,970001220703125;44,97999954223633;44,95000076293945;44,97999954223633;2400
2026-09-24;12:06:00;-03:00;44,97999954223633;44,97999954223633;44,939998626708984;44,95000076293945;3500
2026-09-24;12:07:00;-03:00;44,939998626708984;44,939998626708984;44,93000030517578;44,93000030517578;1200
2026-09-24;12:08:00;-03:00;44,93000030517578;44,959999084472656;44,93000030517578;44,93000030517578;2700
2026-09-24;12:09:00;-03:00;44,93000030517578;44,93000030517578;44,869998931884766;44,90999984741211;6900
2026-09-24;12:10:00;-03:00;44,91999816894531;44,93000030517578;44,900001525878906;44,900001525878906;1300
2026-09-24;12:11:00;-03:00;44,900001525878906;44,900001525878906;44,849998474121094;44,849998474121094;3000
2026-09-24;12:12:00;-03:00;44,83000183105469;44,83000183105469;44,75;44,790000915527344;13300
2026-09-24;12:13:00;-03:00;44,779998779296875;44,810001373291016;44,75;44,75;3200
2026-09-24;12:14:00;-03:00;44,75;44,779998779296875;44,75;44,779998779296875;2600
2026-09-24;12:15:00;-03:00;44,779998779296875;44,790000915527344;44,77000045776367;44,77000045776367;1300
2026-09-24;12:16:00;-03:00;44,790000915527344;44,81999969482422;44,790000915527344;44,81999969482422;1700
2026-09-24;12:17:00;-03:00;44,810001373291016;44,810001373291016;44,79999923706055;44,79999923706055;600
2026-09-24;12:18:00;-03:00;44,79999923706055;44,810001373291016;44,790000915527344;44,810001373291016;800
2026-09-24;12:19:00;-03:00;44,81999969482422;44,81999969482422;44,79999923706055;44,79999923706055;1200
2026-09-24;12:20:00;-03:00;44,810001373291016;44,83000183105469;44,79999923706055;44,79999923706055;2300
2026-09-24;12:21:00;-03:00;44,79999923706055;44,810001373291016;44,790000915527344;44,810001373291016;1600
2026-09-24;12:22:00;-03:00;44,810001373291016;44,810001373291016;44,75;44,77000045776367;2500
2026-09-24;12:23:00;-03:00;44,75;44,810001373291016;44,75;44,810001373291016;1900
2026-09-24;12:24:00;-03:00;44,81999969482422;44,83000183105469;44,79999923706055;44,79999923706055;1300
2026-09-24;12:25:00;-03:00;44,79999923706055;44,79999923706055;44,77000045776367;44,77000045776367;1600
2026-09-24;12:26:00;-03:00;44,77000045776367;44,77000045776367;44,72999954223633;44,72999954223633;5200
2026-09-24;12:27:00;-03:00;44,7400016784668;44,7400016784668;44,720001220703125;44,720001220703125;5200
2026-09-24;12:28:00;-03:00;44,709999084472656;44,75;44,709999084472656;44,75;1700
2026-09-24;12:29:00;-03:00;44,7599983215332;44,77000045776367;44,75;44,75;1100
2026-09-24;12:30:00;-03:00;44,75;44,75;44,72999954223633;44,72999954223633;1000
2026-09-24;12:31:00;-03:00;44,72999954223633;44,77000045776367;44,72999954223633;44,77000045776367;2400
2026-09-24;12:32:00;-03:00;44,779998779296875;44,790000915527344;44,7400016784668;44,7400016784668;2000
2026-09-24;12:33:00;-03:00;44,75;44,7599983215332;44,7400016784668;44,75;2000
2026-09-24;12:34:00;-03:00;44,75;44,75;44,720001220703125;44,7400016784668;1800
2026-09-24;12:35:00;-03:00;44,75;44,7599983215332;44,75;44,75;800
2026-09-24;12:36:00;-03:00;44,7599983215332;44,77000045776367;44,7599983215332;44,7599983215332;1200
2026-09-24;12:37:00;-03:00;44,77000045776367;44,790000915527344;44,75;44,790000915527344;3300
2026-09-24;12:38:00;-03:00;44,790000915527344;44,790000915527344;44,77000045776367;44,790000915527344;600
2026-09-24;12:39:00;-03:00;44,77000045776367;44,779998779296875;44,7599983215332;44,77000045776367;2000
2026-09-24;12:40:00;-03:00;44,7599983215332;44,77000045776367;44,75;44,77000045776367;1700
2026-09-24;12:41:00;-03:00;44,790000915527344;44,79999923706055;44,75;44,779998779296875;4400
2026-09-24;12:42:00;-03:00;44,779998779296875;44,779998779296875;44,7400016784668;44,7400016784668;1700
2026-09-24;12:43:00;-03:00;44,72999954223633;44,75;44,72999954223633;44,75;2600
2026-09-24;12:44:00;-03:00;44,7400016784668;44,7599983215332;44,72999954223633;44,72999954223633;2500
2026-09-24;12:45:00;-03:00;44,720001220703125;44,72999954223633;44,709999084472656;44,709999084472656;10700
2026-09-24;12:46:00;-03:00;44,70000076293945;44,720001220703125;44,70000076293945;44,70000076293945;1800
2026-09-24;12:47:00;-03:00;44,70000076293945;44,720001220703125;44,68000030517578;44,70000076293945;5300
2026-09-24;12:48:00;-03:00;44,70000076293945;44,70000076293945;44,68000030517578;44,68000030517578;8300
2026-09-24;12:49:00;-03:00;44,68000030517578;44,68000030517578;44,59000015258789;44,650001525878906;6600
2026-09-24;12:50:00;-03:00;44,63999938964844;44,650001525878906;44,61000061035156;44,61000061035156;1700
2026-09-24;12:51:00;-03:00;44,63999938964844;44,650001525878906;44,619998931884766;44,650001525878906;1900
2026-09-24;12:52:00;-03:00;44,63999938964844;44,689998626708984;44,630001068115234;44,68000030517578;3700
2026-09-24;12:53:00;-03:00;44,68000030517578;44,709999084472656;44,68000030517578;44,70000076293945;1400
2026-09-24;12:54:00;-03:00;44,709999084472656;44,720001220703125;44,689998626708984;44,689998626708984;900
2026-09-24;12:55:00;-03:00;44,689998626708984;44,709999084472656;44,689998626708984;44,709999084472656;1700
2026-09-24;12:56:00;-03:00;44,720001220703125;44,720001220703125;44,66999816894531;44,66999816894531;1800
2026-09-24;12:57:00;-03:00;44,689998626708984;44,70000076293945;44,66999816894531;44,68000030517578;1600
2026-09-24;12:58:00;-03:00;44,66999816894531;44,66999816894531;44,650001525878906;44,65999984741211;1400
2026-09-24;12:59:00;-03:00;44,65999984741211;44,66999816894531;44,650001525878906;44,66999816894531;2000
2026-09-24;13:00:00;-03:00;44,65999984741211;44,65999984741211;44,599998474121094;44,619998931884766;2900
2026-09-24;13:01:00;-03:00;44,61000061035156;44,619998931884766;44,599998474121094;44,619998931884766;1200
2026-09-24;13:02:00;-03:00;44,599998474121094;44,619998931884766;44,599998474121094;44,619998931884766;900
2026-09-24;13:03:00;-03:00;44,619998931884766;44,630001068115234;44,61000061035156;44,61000061035156;1500
2026-09-24;13:04:00;-03:00;44,61000061035156;44,63999938964844;44,61000061035156;44,63999938964844;3300
2026-09-24;13:05:00;-03:00;44,650001525878906;44,65999984741211;44,63999938964844;44,65999984741211;700
2026-09-24;13:06:00;-03:00;44,66999816894531;44,70000076293945;44,66999816894531;44,68000030517578;2300
2026-09-24;13:07:00;-03:00;44,68000030517578;44,68000030517578;44,66999816894531;44,66999816894531;1300
2026-09-24;13:08:00;-03:00;44,68000030517578;44,68000030517578;44,66999816894531;44,68000030517578;900
2026-09-24;13:09:00;-03:00;44,65999984741211;44,689998626708984;44,65999984741211;44,65999984741211;2300
2026-09-24;13:10:00;-03:00;44,65999984741211;44,66999816894531;44,619998931884766;44,63999938964844;4000
2026-09-24;13:11:00;-03:00;44,65999984741211;44,68000030517578;44,65999984741211;44,68000030517578;800
2026-09-24;13:12:00;-03:00;44,66999816894531;44,70000076293945;44,66999816894531;44,70000076293945;1800
2026-09-24;13:13:00;-03:00;44,70000076293945;44,709999084472656;44,70000076293945;44,709999084472656;400
2026-09-24;13:14:00;-03:00;44,70000076293945;44,72999954223633;44,689998626708984;44,72999954223633;2900
2026-09-24;13:15:00;-03:00;44,7400016784668;44,849998474121094;44,7400016784668;44,849998474121094;2800
2026-09-24;13:16:00;-03:00;44,849998474121094;45,0099983215332;44,849998474121094;44,970001220703125;3600
2026-09-24;13:17:00;-03:00;44,95000076293945;45,060001373291016;44,95000076293945;45,02000045776367;3200
2026-09-24;13:18:00;-03:00;45,040000915527344;45,060001373291016;44,95000076293945;44,959999084472656;1800
2026-09-24;13:19:00;-03:00;44,939998626708984;44,959999084472656;44,939998626708984;44,939998626708984;1300
2026-09-24;13:20:00;-03:00;44,939998626708984;44,959999084472656;44,93000030517578;44,939998626708984;1100
2026-09-24;13:21:00;-03:00;44,939998626708984;44,939998626708984;44,91999816894531;44,91999816894531;600
2026-09-24;13:22:00;-03:00;44,91999816894531;44,91999816894531;44,900001525878906;44,91999816894531;4100
2026-09-24;13:23:00;-03:00;44,90999984741211;44,90999984741211;44,90999984741211;44,90999984741211;500
2026-09-24;13:24:00;-03:00;44,90999984741211;44,959999084472656;44,90999984741211;44,959999084472656;1500
2026-09-24;13:25:00;-03:00;44,959999084472656;44,959999084472656;44,900001525878906;44,900001525878906;800
2026-09-24;13:26:00;-03:00;44,90999984741211;44,95000076293945;44,90999984741211;44,95000076293945;1400
2026-09-24;13:27:00;-03:00;44,93000030517578;45,0;44,93000030517578;45,0;1100
2026-09-24;13:28:00;-03:00;44,97999954223633;44,97999954223633;44,970001220703125;44,97999954223633;1500
2026-09-24;13:29:00;-03:00;44,97999954223633;44,97999954223633;44,959999084472656;44,970001220703125;700
2026-09-24;13:30:00;-03:00;44,959999084472656;44,970001220703125;44,95000076293945;44,95000076293945;3800
2026-09-24;13:31:00;-03:00;44,93000030517578;44,93000030517578;44,93000030517578;44,93000030517578;0
2026-09-24;13:32:00;-03:00;44,93000030517578;44,939998626708984;44,93000030517578;44,939998626708984;800
2026-09-24;13:33:00;-03:00;44,939998626708984;45,0099983215332;44,939998626708984;44,9900016784668;2100
2026-09-24;13:34:00;-03:00;45,0;45,0;45,0;45,0;400
2026-09-24;13:35:00;-03:00;45,0;45,0099983215332;45,0;45,0099983215332;1200
2026-09-24;13:36:00;-03:00;45,02000045776367;45,060001373291016;45,02000045776367;45,060001373291016;3400
2026-09-24;13:37:00;-03:00;45,060001373291016;45,06999969482422;45,029998779296875;45,029998779296875;1800
2026-09-24;13:38:00;-03:00;45,040000915527344;45,040000915527344;45,029998779296875;45,029998779296875;400
2026-09-24;13:39:00;-03:00;45,0099983215332;45,0099983215332;44,9900016784668;45,0099983215332;1500
2026-09-24;13:40:00;-03:00;45,0;45,040000915527344;45,0;45,040000915527344;1800
2026-09-24;13:41:00;-03:00;45,04999923706055;45,08000183105469;45,029998779296875;45,08000183105469;2400
2026-09-24;13:42:00;-03:00;45,060001373291016;45,06999969482422;45,04999923706055;45,04999923706055;1800
2026-09-24;13:43:00;-03:00;45,029998779296875;45,029998779296875;44,97999954223633;44,97999954223633;1300
2026-09-24;13:44:00;-03:00;44,97999954223633;44,97999954223633;44,959999084472656;44,959999084472656;800
2026-09-24;13:45:00;-03:00;44,95000076293945;44,95000076293945;44,91999816894531;44,91999816894531;1400
2026-09-24;13:46:00;-03:00;44,93000030517578;44,939998626708984;44,91999816894531;44,939998626708984;900
2026-09-24;13:47:00;-03:00;44,939998626708984;44,939998626708984;44,91999816894531;44,91999816894531;700
2026-09-24;13:48:00;-03:00;44,939998626708984;44,95000076293945;44,91999816894531;44,91999816894531;900
2026-09-24;13:49:00;-03:00;44,939998626708984;44,939998626708984;44,93000030517578;44,939998626708984;1600
2026-09-24;13:50:00;-03:00;44,93000030517578;44,93000030517578;44,90999984741211;44,90999984741211;1400
2026-09-24;13:51:00;-03:00;44,90999984741211;44,93000030517578;44,90999984741211;44,90999984741211;600
2026-09-24;13:52:00;-03:00;44,91999816894531;44,959999084472656;44,900001525878906;44,900001525878906;1700
2026-09-24;13:53:00;-03:00;44,90999984741211;44,90999984741211;44,88999938964844;44,90999984741211;1100
2026-09-24;13:54:00;-03:00;44,900001525878906;44,900001525878906;44,88999938964844;44,900001525878906;1200
2026-09-24;13:55:00;-03:00;44,90999984741211;44,90999984741211;44,88999938964844;44,88999938964844;1000
2026-09-24;13:56:00;-03:00;44,880001068115234;44,880001068115234;44,86000061035156;44,86000061035156;1800
2026-09-24;13:57:00;-03:00;44,869998931884766;44,869998931884766;44,849998474121094;44,86000061035156;1400
2026-09-24;13:58:00;-03:00;44,869998931884766;44,880001068115234;44,86000061035156;44,869998931884766;1400
2026-09-24;13:59:00;-03:00;44,86000061035156;44,880001068115234;44,84000015258789;44,84000015258789;1300
2026-09-24;14:00:00;-03:00;44,84000015258789;44,84000015258789;44,779998779296875;44,790000915527344;6700
2026-09-24;14:01:00;-03:00;44,779998779296875;44,790000915527344;44,779998779296875;44,779998779296875;1900
2026-09-24;14:02:00;-03:00;44,790000915527344;44,86000061035156;44,77000045776367;44,86000061035156;3600
2026-09-24;14:03:00;-03:00;44,86000061035156;44,88999938964844;44,86000061035156;44,88999938964844;1300
2026-09-24;14:04:00;-03:00;44,880001068115234;44,880001068115234;44,83000183105469;44,849998474121094;1800
2026-09-24;14:05:00;-03:00;44,869998931884766;44,869998931884766;44,83000183105469;44,83000183105469;900
2026-09-24;14:06:00;-03:00;44,83000183105469;44,869998931884766;44,83000183105469;44,849998474121094;2400
2026-09-24;14:07:00;-03:00;44,86000061035156;44,880001068115234;44,86000061035156;44,86000061035156;1700
2026-09-24;14:08:00;-03:00;44,849998474121094;44,869998931884766;44,810001373291016;44,810001373291016;2700
2026-09-24;14:09:00;-03:00;44,81999969482422;44,84000015258789;44,81999969482422;44,81999969482422;1300
2026-09-24;14:10:00;-03:00;44,81999969482422;44,81999969482422;44,79999923706055;44,79999923706055;2400
2026-09-24;14:11:00;-03:00;44,790000915527344;44,810001373291016;44,779998779296875;44,790000915527344;1900
2026-09-24;14:12:00;-03:00;44,79999923706055;44,79999923706055;44,77000045776367;44,77000045776367;1200
2026-09-24;14:13:00;-03:00;44,779998779296875;44,79999923706055;44,77000045776367;44,790000915527344;2100
2026-09-24;14:14:00;-03:00;44,79999923706055;44,810001373291016;44,790000915527344;44,810001373291016;2000
2026-09-24;14:15:00;-03:00;44,79999923706055;44,81999969482422;44,779998779296875;44,779998779296875;1600
2026-09-24;14:16:00;-03:00;44,79999923706055;44,84000015258789;44,79999923706055;44,81999969482422;2000
2026-09-24;14:17:00;-03:00;44,83000183105469;44,849998474121094;44,810001373291016;44,83000183105469;1900
2026-09-24;14:18:00;-03:00;44,81999969482422;44,84000015258789;44,81999969482422;44,81999969482422;1400
2026-09-24;14:19:00;-03:00;44,81999969482422;44,83000183105469;44,79999923706055;44,79999923706055;1300
2026-09-24;14:20:00;-03:00;44,79999923706055;44,810001373291016;44,77000045776367;44,77000045776367;2100
2026-09-24;14:21:00;-03:00;44,790000915527344;44,790000915527344;44,7599983215332;44,779998779296875;1600
2026-09-24;14:22:00;-03:00;44,7599983215332;44,790000915527344;44,7599983215332;44,77000045776367;1700
2026-09-24;14:23:00;-03:00;44,779998779296875;44,779998779296875;44,7599983215332;44,7599983215332;2000
2026-09-24;14:24:00;-03:00;44,7599983215332;44,779998779296875;44,75;44,7599983215332;7200
2026-09-24;14:25:00;-03:00;44,7599983215332;44,77000045776367;44,75;44,75;1900
2026-09-24;14:26:00;-03:00;44,7400016784668;44,75;44,720001220703125;44,75;2700
2026-09-24;14:27:00;-03:00;44,75;44,75;44,720001220703125;44,72999954223633;900
2026-09-24;14:28:00;-03:00;44,720001220703125;44,7400016784668;44,720001220703125;44,720001220703125;3300
2026-09-24;14:29:00;-03:00;44,720001220703125;44,7400016784668;44,720001220703125;44,72999954223633;2300
2026-09-24;14:30:00;-03:00;44,72999954223633;44,7599983215332;44,72999954223633;44,75;3100
2026-09-24;14:31:00;-03:00;44,7400016784668;44,75;44,72999954223633;44,72999954223633;1300
2026-09-24;14:32:00;-03:00;44,75;44,75;44,720001220703125;44,7400016784668;3200
2026-09-24;14:33:00;-03:00;44,72999954223633;44,7400016784668;44,70000076293945;44,70000076293945;2900
2026-09-24;14:34:00;-03:00;44,70000076293945;44,720001220703125;44,66999816894531;44,689998626708984;4100
2026-09-24;14:35:00;-03:00;44,68000030517578;44,70000076293945;44,66999816894531;44,70000076293945;2800
2026-09-24;14:36:00;-03:00;44,70000076293945;44,70000076293945;44,68000030517578;44,68000030517578;2100
2026-09-24;14:37:00;-03:00;44,689998626708984;44,70000076293945;44,65999984741211;44,65999984741211;2000
2026-09-24;14:38:00;-03:00;44,650001525878906;44,689998626708984;44,630001068115234;44,63999938964844;6100
2026-09-24;14:39:00;-03:00;44,63999938964844;44,66999816894531;44,630001068115234;44,650001525878906;1800
2026-09-24;14:40:00;-03:00;44,63999938964844;44,66999816894531;44,63999938964844;44,650001525878906;1700
2026-09-24;14:41:00;-03:00;44,650001525878906;44,66999816894531;44,63999938964844;44,63999938964844;2600
2026-09-24;14:42:00;-03:00;44,63999938964844;44,65999984741211;44,63999938964844;44,63999938964844;800
2026-09-24;14:43:00;-03:00;44,63999938964844;44,65999984741211;44,63999938964844;44,63999938964844;1900
2026-09-24;14:44:00;-03:00;44,63999938964844;44,65999984741211;44,63999938964844;44,65999984741211;2500
2026-09-24;14:45:00;-03:00;44,63999938964844;44,650001525878906;44,630001068115234;44,630001068115234;1200
2026-09-24;14:46:00;-03:00;44,650001525878906;44,70000076293945;44,63999938964844;44,689998626708984;3200
2026-09-24;14:47:00;-03:00;44,70000076293945;44,70000076293945;44,66999816894531;44,66999816894531;1800
2026-09-24;14:48:00;-03:00;44,66999816894531;44,689998626708984;44,63999938964844;44,63999938964844;27400
2026-09-24;14:49:00;-03:00;44,65999984741211;44,66999816894531;44,650001525878906;44,66999816894531;2200
2026-09-24;14:50:00;-03:00;44,65999984741211;44,65999984741211;44,63999938964844;44,63999938964844;2200
2026-09-24;14:51:00;-03:00;44,63999938964844;44,65999984741211;44,630001068115234;44,650001525878906;1700
2026-09-24;14:52:00;-03:00;44,630001068115234;44,650001525878906;44,619998931884766;44,619998931884766;1800
2026-09-24;14:53:00;-03:00;44,61000061035156;44,630001068115234;44,599998474121094;44,630001068115234;3400
2026-09-24;14:54:00;-03:00;44,619998931884766;44,630001068115234;44,599998474121094;44,619998931884766;2100
2026-09-24;14:55:00;-03:00;44,61000061035156;44,619998931884766;44,599998474121094;44,599998474121094;3200
2026-09-24;14:56:00;-03:00;44,599998474121094;44,630001068115234;44,599998474121094;44,630001068115234;2200
2026-09-24;14:57:00;-03:00;44,61000061035156;44,61000061035156;44,540000915527344;44,56999969482422;14200
2026-09-24;14:58:00;-03:00;44,56999969482422;44,56999969482422;44,540000915527344;44,54999923706055;2300
2026-09-24;14:59:00;-03:00;44,560001373291016;44,59000015258789;44,560001373291016;44,58000183105469;1900
2026-09-24;15:00:00;-03:00;44,58000183105469;44,59000015258789;44,56999969482422;44,56999969482422;2800
2026-09-24;15:01:00;-03:00;44,56999969482422;44,56999969482422;44,540000915527344;44,560001373291016;3900
2026-09-24;15:02:00;-03:00;44,56999969482422;44,56999969482422;44,5099983215332;44,5099983215332;3800
2026-09-24;15:03:00;-03:00;44,5099983215332;44,5099983215332;44,470001220703125;44,4900016784668;3600
2026-09-24;15:04:00;-03:00;44,470001220703125;44,5099983215332;44,470001220703125;44,5099983215332;3500
2026-09-24;15:05:00;-03:00;44,5;44,560001373291016;44,5;44,560001373291016;2800
2026-09-24;15:06:00;-03:00;44,540000915527344;44,560001373291016;44,529998779296875;44,54999923706055;2200
2026-09-24;15:07:00;-03:00;44,560001373291016;44,59000015258789;44,560001373291016;44,56999969482422;1900
2026-09-24;15:08:00;-03:00;44,59000015258789;44,599998474121094;44,58000183105469;44,58000183105469;1300
2026-09-24;15:09:00;-03:00;44,58000183105469;44,59000015258789;44,56999969482422;44,58000183105469;2700
2026-09-24;15:10:00;-03:00;44,56999969482422;44,58000183105469;44,54999923706055;44,54999923706055;3200
2026-09-24;15:11:00;-03:00;44,560001373291016;44,56999969482422;44,560001373291016;44,56999969482422;1700
2026-09-24;15:12:00;-03:00;44,560001373291016;44,59000015258789;44,560001373291016;44,59000015258789;2300
2026-09-24;15:13:00;-03:00;44,59000015258789;44,619998931884766;44,59000015258789;44,619998931884766;2600
2026-09-24;15:14:00;-03:00;44,630001068115234;44,630001068115234;44,599998474121094;44,599998474121094;1500
2026-09-24;15:15:00;-03:00;44,59000015258789;44,599998474121094;44,56999969482422;44,58000183105469;1900
2026-09-24;15:16:00;-03:00;44,58000183105469;44,61000061035156;44,58000183105469;44,61000061035156;2400
2026-09-24;15:17:00;-03:00;44,59000015258789;44,619998931884766;44,59000015258789;44,61000061035156;3300
2026-09-24;15:18:00;-03:00;44,61000061035156;44,630001068115234;44,59000015258789;44,59000015258789;1700
2026-09-24;15:19:00;-03:00;44,61000061035156;44,61000061035156;44,56999969482422;44,56999969482422;1900
2026-09-24;15:20:00;-03:00;44,58000183105469;44,59000015258789;44,56999969482422;44,58000183105469;3300
2026-09-24;15:21:00;-03:00;44,56999969482422;44,59000015258789;44,56999969482422;44,56999969482422;2100
2026-09-24;15:22:00;-03:00;44,58000183105469;44,58000183105469;44,56999969482422;44,56999969482422;2200
2026-09-24;15:23:00;-03:00;44,58000183105469;44,58000183105469;44,560001373291016;44,560001373291016;1500
2026-09-24;15:24:00;-03:00;44,58000183105469;44,58000183105469;44,560001373291016;44,58000183105469;2300
2026-09-24;15:25:00;-03:00;44,56999969482422;44,619998931884766;44,56999969482422;44,61000061035156;3300
2026-09-24;15:26:00;-03:00;44,619998931884766;44,630001068115234;44,61000061035156;44,619998931884766;1900
2026-09-24;15:27:00;-03:00;44,61000061035156;44,619998931884766;44,599998474121094;44,619998931884766;1100
2026-09-24;15:28:00;-03:00;44,599998474121094;44,619998931884766;44,599998474121094;44,599998474121094;3000
2026-09-24;15:29:00;-03:00;44,61000061035156;44,63999938964844;44,61000061035156;44,63999938964844;2000
2026-09-24;15:30:00;-03:00;44,619998931884766;44,619998931884766;44,61000061035156;44,61000061035156;3500
2026-09-24;15:31:00;-03:00;44,619998931884766;44,63999938964844;44,61000061035156;44,630001068115234;2000
2026-09-24;15:32:00;-03:00;44,630001068115234;44,630001068115234;44,599998474121094;44,61000061035156;3700
2026-09-24;15:33:00;-03:00;44,599998474121094;44,61000061035156;44,56999969482422;44,56999969482422;1900
2026-09-24;15:34:00;-03:00;44,59000015258789;44,59000015258789;44,560001373291016;44,58000183105469;3600
2026-09-24;15:35:00;-03:00;44,56999969482422;44,59000015258789;44,560001373291016;44,58000183105469;6300
2026-09-24;15:36:00;-03:00;44,58000183105469;44,59000015258789;44,56999969482422;44,56999969482422;0
2026-09-24;15:37:00;-03:00;44,56999969482422;44,59000015258789;44,56999969482422;44,59000015258789;3300
2026-09-24;15:38:00;-03:00;44,59000015258789;44,65999984741211;44,59000015258789;44,65999984741211;4300
2026-09-24;15:39:00;-03:00;44,65999984741211;44,709999084472656;44,599998474121094;44,599998474121094;6300
2026-09-24;15:40:00;-03:00;44,61000061035156;44,61000061035156;44,58000183105469;44,599998474121094;1900
2026-09-24;15:41:00;-03:00;44,599998474121094;44,61000061035156;44,59000015258789;44,59000015258789;1500
2026-09-24;15:42:00;-03:00;44,58000183105469;44,58000183105469;44,54999923706055;44,54999923706055;3300
2026-09-24;15:43:00;-03:00;44,54999923706055;44,560001373291016;44,54999923706055;44,560001373291016;2300
2026-09-24;15:44:00;-03:00;44,54999923706055;44,56999969482422;44,54999923706055;44,54999923706055;1700
2026-09-24;15:45:00;-03:00;44,54999923706055;44,58000183105469;44,54999923706055;44,58000183105469;3200
2026-09-24;15:46:00;-03:00;44,560001373291016;44,59000015258789;44,54999923706055;44,56999969482422;7400
2026-09-24;15:47:00;-03:00;44,58000183105469;44,59000015258789;44,56999969482422;44,56999969482422;1400
2026-09-24;15:48:00;-03:00;44,58000183105469;44,599998474121094;44,54999923706055;44,54999923706055;1800
2026-09-24;15:49:00;-03:00;44,560001373291016;44,56999969482422;44,54999923706055;44,54999923706055;2700
2026-09-24;15:50:00;-03:00;44,54999923706055;44,56999969482422;44,54999923706055;44,56999969482422;2200
2026-09-24;15:51:00;-03:00;44,56999969482422;44,56999969482422;44,540000915527344;44,540000915527344;3600
2026-09-24;15:52:00;-03:00;44,529998779296875;44,56999969482422;44,529998779296875;44,529998779296875;3500
2026-09-24;15:53:00;-03:00;44,54999923706055;44,54999923706055;44,529998779296875;44,529998779296875;1700
2026-09-24;15:54:00;-03:00;44,52000045776367;44,540000915527344;44,5099983215332;44,52000045776367;2800
2026-09-24;15:55:00;-03:00;44,540000915527344;44,54999923706055;44,529998779296875;44,540000915527344;2200
2026-09-24;15:56:00;-03:00;44,540000915527344;44,540000915527344;44,52000045776367;44,529998779296875;2000
2026-09-24;15:57:00;-03:00;44,540000915527344;44,560001373291016;44,529998779296875;44,560001373291016;3000
2026-09-24;15:58:00;-03:00;44,54999923706055;44,560001373291016;44,529998779296875;44,529998779296875;2300
2026-09-24;15:59:00;-03:00;44,529998779296875;44,599998474121094;44,52000045776367;44,599998474121094;7900
2026-09-24;16:00:00;-03:00;44,59000015258789;44,650001525878906;44,59000015258789;44,650001525878906;3300
2026-09-24;16:01:00;-03:00;44,630001068115234;44,650001525878906;44,619998931884766;44,619998931884766;3400
2026-09-24;16:02:00;-03:00;44,619998931884766;44,650001525878906;44,619998931884766;44,630001068115234;2700
2026-09-24;16:03:00;-03:00;44,630001068115234;44,63999938964844;44,58000183105469;44,58000183105469;4600
2026-09-24;16:04:00;-03:00;44,59000015258789;44,61000061035156;44,58000183105469;44,599998474121094;4500
2026-09-24;16:05:00;-03:00;44,59000015258789;44,619998931884766;44,59000015258789;44,61000061035156;3300
2026-09-24;16:06:00;-03:00;44,61000061035156;44,63999938964844;44,599998474121094;44,63999938964844;3300
2026-09-24;16:07:00;-03:00;44,619998931884766;44,63999938964844;44,61000061035156;44,619998931884766;2900
2026-09-24;16:08:00;-03:00;44,61000061035156;44,650001525878906;44,61000061035156;44,63999938964844;4000
2026-09-24;16:09:00;-03:00;44,63999938964844;44,63999938964844;44,619998931884766;44,63999938964844;4900
2026-09-24;16:10:00;-03:00;44,61000061035156;44,630001068115234;44,59000015258789;44,61000061035156;4000
2026-09-24;16:11:00;-03:00;44,61000061035156;44,630001068115234;44,599998474121094;44,630001068115234;3400
2026-09-24;16:12:00;-03:00;44,619998931884766;44,630001068115234;44,599998474121094;44,630001068115234;4700
2026-09-24;16:13:00;-03:00;44,619998931884766;44,63999938964844;44,61000061035156;44,63999938964844;4300
2026-09-24;16:14:00;-03:00;44,63999938964844;44,63999938964844;44,61000061035156;44,619998931884766;3900
2026-09-24;16:15:00;-03:00;44,61000061035156;44,619998931884766;44,58000183105469;44,58000183105469;6100
2026-09-24;16:16:00;-03:00;44,58000183105469;44,58000183105469;44,560001373291016;44,560001373291016;3300
2026-09-24;16:17:00;-03:00;44,58000183105469;44,59000015258789;44,560001373291016;44,56999969482422;4300
2026-09-24;16:18:00;-03:00;44,56999969482422;44,599998474121094;44,56999969482422;44,58000183105469;2900
2026-09-24;16:19:00;-03:00;44,59000015258789;44,65999984741211;44,59000015258789;44,650001525878906;10400
2026-09-24;16:20:00;-03:00;44,65999984741211;44,65999984741211;44,599998474121094;44,599998474121094;7700
2026-09-24;16:21:00;-03:00;44,61000061035156;44,619998931884766;44,58000183105469;44,619998931884766;8300
2026-09-24;16:22:00;-03:00;44,61000061035156;44,630001068115234;44,61000061035156;44,619998931884766;4900
2026-09-24;16:23:00;-03:00;44,619998931884766;44,630001068115234;44,61000061035156;44,619998931884766;6200
2026-09-24;16:24:00;-03:00;44,619998931884766;44,630001068115234;44,599998474121094;44,599998474121094;6400
2026-09-24;16:25:00;-03:00;44,61000061035156;44,619998931884766;44,61000061035156;44,619998931884766;4700
2026-09-24;16:26:00;-03:00;44,61000061035156;44,650001525878906;44,61000061035156;44,630001068115234;6100
2026-09-24;16:27:00;-03:00;44,630001068115234;44,650001525878906;44,619998931884766;44,63999938964844;7400
2026-09-24;16:28:00;-03:00;44,63999938964844;44,65999984741211;44,619998931884766;44,63999938964844;6600
2026-09-24;16:29:00;-03:00;44,630001068115234;44,63999938964844;44,61000061035156;44,619998931884766;8300
2026-09-24;16:30:00;-03:00;44,599998474121094;44,619998931884766;44,599998474121094;44,599998474121094;3100
2026-09-24;16:31:00;-03:00;44,61000061035156;44,619998931884766;44,56999969482422;44,56999969482422;4500
2026-09-24;16:32:00;-03:00;44,59000015258789;44,61000061035156;44,56999969482422;44,599998474121094;10400
2026-09-24;16:33:00;-03:00;44,599998474121094;44,619998931884766;44,599998474121094;44,61000061035156;4700
2026-09-24;16:34:00;-03:00;44,61000061035156;44,619998931884766;44,599998474121094;44,61000061035156;5100
2026-09-24;16:35:00;-03:00;44,61000061035156;44,61000061035156;44,58000183105469;44,59000015258789;8300
2026-09-24;16:36:00;-03:00;44,59000015258789;44,619998931884766;44,58000183105469;44,619998931884766;5400
2026-09-24;16:37:00;-03:00;44,599998474121094;44,619998931884766;44,599998474121094;44,61000061035156;8400
2026-09-24;16:38:00;-03:00;44,599998474121094;44,630001068115234;44,59000015258789;44,61000061035156;7000
2026-09-24;16:39:00;-03:00;44,61000061035156;44,630001068115234;44,61000061035156;44,630001068115234;4600
2026-09-24;16:40:00;-03:00;44,619998931884766;44,619998931884766;44,61000061035156;44,61000061035156;3400
2026-09-24;16:41:00;-03:00;44,61000061035156;44,61000061035156;44,599998474121094;44,599998474121094;3300
2026-09-24;16:42:00;-03:00;44,599998474121094;44,61000061035156;44,59000015258789;44,59000015258789;9000
2026-09-24;16:43:00;-03:00;44,59000015258789;44,630001068115234;44,59000015258789;44,61000061035156;7400
2026-09-24;16:44:00;-03:00;44,61000061035156;44,619998931884766;44,59000015258789;44,599998474121094;6000
2026-09-24;16:45:00;-03:00;44,599998474121094;44,61000061035156;44,59000015258789;44,61000061035156;6300
2026-09-24;16:46:00;-03:00;44,599998474121094;44,619998931884766;44,59000015258789;44,599998474121094;5800
2026-09-24;16:47:00;-03:00;44,619998931884766;44,650001525878906;44,599998474121094;44,63999938964844;6700
2026-09-24;16:48:00;-03:00;44,650001525878906;44,65999984741211;44,619998931884766;44,619998931884766;5100
2026-09-24;16:49:00;-03:00;44,619998931884766;44,63999938964844;44,61000061035156;44,619998931884766;9000
2026-09-24;16:50:00;-03:00;44,619998931884766;44,619998931884766;44,599998474121094;44,599998474121094;2500
2026-09-24;16:51:00;-03:00;44,619998931884766;44,619998931884766;44,59000015258789;44,59000015258789;8200
2026-09-24;16:52:00;-03:00;44,59000015258789;44,61000061035156;44,56999969482422;44,599998474121094;5500
2026-09-24;16:53:00;-03:00;44,58000183105469;44,61000061035156;44,560001373291016;44,599998474121094;9400
2026-09-24;16:54:00;-03:00;44,59000015258789;44,61000061035156;44,59000015258789;44,59000015258789;200
2026-09-25;10:03:00;-03:00;44,47999954223633;44,47999954223633;44,349998474121094;44,43000030517578;0
2026-09-25;10:04:00;-03:00;44,439998626708984;44,5;44,439998626708984;44,5;1300
2026-09-25;10:05:00;-03:00;44,5;44,54999923706055;44,470001220703125;44,470001220703125;2500
2026-09-25;10:08:00;-03:00;44,54999923706055;44,560001373291016;44,529998779296875;44,529998779296875;1500
2026-09-25;10:09:00;-03:00;44,56999969482422;44,599998474121094;44,56999969482422;44,599998474121094;300
2026-09-25;10:10:00;-03:00;44,70000076293945;44,75;44,63999938964844;44,70000076293945;2500
2026-09-25;10:12:00;-03:00;44,61000061035156;44,650001525878906;44,61000061035156;44,650001525878906;400
2026-09-25;10:13:00;-03:00;44,650001525878906;44,66999816894531;44,650001525878906;44,66999816894531;700
2026-09-25;10:14:00;-03:00;44,65999984741211;44,65999984741211;44,65999984741211;44,65999984741211;0
2026-09-25;10:15:00;-03:00;44,65999984741211;44,65999984741211;44,65999984741211;44,65999984741211;200
2026-09-25;10:16:00;-03:00;44,61000061035156;44,61000061035156;44,5;44,5;1800
2026-09-25;10:17:00;-03:00;44,470001220703125;44,470001220703125;44,470001220703125;44,470001220703125;700
2026-09-25;10:18:00;-03:00;44,459999084472656;44,459999084472656;44,459999084472656;44,459999084472656;0
2026-09-25;10:19:00;-03:00;44,470001220703125;44,47999954223633;44,470001220703125;44,47999954223633;800
2026-09-25;10:20:00;-03:00;44,4900016784668;44,4900016784668;44,47999954223633;44,47999954223633;600
2026-09-25;10:21:00;-03:00;44,45000076293945;44,45000076293945;44,45000076293945;44,45000076293945;0
2026-09-25;10:22:00;-03:00;44,459999084472656;44,5099983215332;44,459999084472656;44,47999954223633;500
2026-09-25;10:23:00;-03:00;44,47999954223633;44,47999954223633;44,47999954223633;44,47999954223633;300
2026-09-25;10:24:00;-03:00;44,47999954223633;44,5;44,459999084472656;44,5;1100
2026-09-25;10:25:00;-03:00;44,52000045776367;44,52000045776367;44,52000045776367;44,52000045776367;0
2026-09-25;10:26:00;-03:00;44,52000045776367;44,52000045776367;44,52000045776367;44,52000045776367;100
2026-09-25;10:27:00;-03:00;44,540000915527344;44,540000915527344;44,5099983215332;44,5099983215332;400
2026-09-25;10:28:00;-03:00;44,529998779296875;44,529998779296875;44,47999954223633;44,5;2600
2026-09-25;10:29:00;-03:00;44,52000045776367;44,56999969482422;44,52000045776367;44,52000045776367;600
2026-09-25;10:30:00;-03:00;44,52000045776367;44,529998779296875;44,4900016784668;44,529998779296875;1200
2026-09-25;10:31:00;-03:00;44,5099983215332;44,56999969482422;44,5099983215332;44,56999969482422;800
2026-09-25;10:32:00;-03:00;44,59000015258789;44,619998931884766;44,59000015258789;44,619998931884766;700
2026-09-25;10:33:00;-03:00;44,630001068115234;44,630001068115234;44,54999923706055;44,54999923706055;1600
2026-09-25;10:34:00;-03:00;44,58000183105469;44,58000183105469;44,5099983215332;44,5099983215332;500
2026-09-25;10:35:00;-03:00;44,5099983215332;44,560001373291016;44,4900016784668;44,560001373291016;1500
2026-09-25;10:36:00;-03:00;44,529998779296875;44,529998779296875;44,41999816894531;44,47999954223633;4500
2026-09-25;10:37:00;-03:00;44,47999954223633;44,47999954223633;44,470001220703125;44,47999954223633;0
2026-09-25;10:38:00;-03:00;44,459999084472656;44,47999954223633;44,459999084472656;44,47999954223633;200
2026-09-25;10:39:00;-03:00;44,47999954223633;44,47999954223633;44,36000061035156;44,36000061035156;6300
2026-09-25;10:40:00;-03:00;44,369998931884766;44,40999984741211;44,349998474121094;44,40999984741211;2900
2026-09-25;10:41:00;-03:00;44,400001525878906;44,439998626708984;44,400001525878906;44,439998626708984;1100
2026-09-25;10:42:00;-03:00;44,45000076293945;44,47999954223633;44,45000076293945;44,459999084472656;2300
2026-09-25;10:43:00;-03:00;44,470001220703125;44,470001220703125;44,439998626708984;44,439998626708984;600
2026-09-25;10:44:00;-03:00;44,45000076293945;44,45000076293945;44,43000030517578;44,43000030517578;800
2026-09-25;10:45:00;-03:00;44,40999984741211;44,40999984741211;44,36000061035156;44,369998931884766;1300
2026-09-25;10:46:00;-03:00;44,36000061035156;44,38999938964844;44,310001373291016;44,310001373291016;2800
2026-09-25;10:47:00;-03:00;44,29999923706055;44,29999923706055;44,27000045776367;44,29999923706055;1600
2026-09-25;10:48:00;-03:00;44,310001373291016;44,34000015258789;44,2599983215332;44,27000045776367;7400
2026-09-25;10:49:00;-03:00;44,27000045776367;44,34000015258789;44,27000045776367;44,34000015258789;3100
2026-09-25;10:50:00;-03:00;44,34000015258789;44,36000061035156;44,31999969482422;44,349998474121094;2100
2026-09-25;10:51:00;-03:00;44,31999969482422;44,36000061035156;44,310001373291016;44,349998474121094;1300
2026-09-25;10:52:00;-03:00;44,34000015258789;44,34000015258789;44,34000015258789;44,34000015258789;100
2026-09-25;10:53:00;-03:00;44,34000015258789;44,400001525878906;44,34000015258789;44,400001525878906;1500
2026-09-25;10:54:00;-03:00;44,38999938964844;44,40999984741211;44,38999938964844;44,400001525878906;1500
2026-09-25;10:55:00;-03:00;44,40999984741211;44,40999984741211;44,400001525878906;44,400001525878906;400
2026-09-25;10:56:00;-03:00;44,38999938964844;44,400001525878906;44,38999938964844;44,38999938964844;1200
2026-09-25;10:57:00;-03:00;44,380001068115234;44,400001525878906;44,36000061035156;44,400001525878906;2100
2026-09-25;10:58:00;-03:00;44,400001525878906;44,40999984741211;44,400001525878906;44,40999984741211;800
2026-09-25;10:59:00;-03:00;44,40999984741211;44,40999984741211;44,400001525878906;44,400001525878906;800
2026-09-25;11:00:00;-03:00;44,400001525878906;44,43000030517578;44,380001068115234;44,38999938964844;3400
2026-09-25;11:01:00;-03:00;44,38999938964844;44,38999938964844;44,369998931884766;44,380001068115234;600
2026-09-25;11:02:00;-03:00;44,369998931884766;44,369998931884766;44,29999923706055;44,33000183105469;4700
2026-09-25;11:03:00;-03:00;44,33000183105469;44,34000015258789;44,310001373291016;44,34000015258789;1300
2026-09-25;11:04:00;-03:00;44,34000015258789;44,369998931884766;44,34000015258789;44,34000015258789;2400
2026-09-25;11:05:00;-03:00;44,34000015258789;44,36000061035156;44,31999969482422;44,36000061035156;1500
2026-09-25;11:06:00;-03:00;44,380001068115234;44,41999816894531;44,380001068115234;44,380001068115234;1000
2026-09-25;11:08:00;-03:00;44,38999938964844;44,41999816894531;44,380001068115234;44,40999984741211;1200
2026-09-25;11:09:00;-03:00;44,43000030517578;44,45000076293945;44,41999816894531;44,45000076293945;1300
2026-09-25;11:10:00;-03:00;44,470001220703125;44,47999954223633;44,45000076293945;44,459999084472656;1000
2026-09-25;11:11:00;-03:00;44,459999084472656;44,459999084472656;44,439998626708984;44,439998626708984;400
2026-09-25;11:12:00;-03:00;44,45000076293945;44,459999084472656;44,41999816894531;44,459999084472656;2000
2026-09-25;11:13:00;-03:00;44,459999084472656;44,459999084472656;44,43000030517578;44,43000030517578;700
2026-09-25;11:14:00;-03:00;44,43000030517578;44,43000030517578;44,400001525878906;44,40999984741211;500
2026-09-25;11:15:00;-03:00;44,400001525878906;44,40999984741211;44,380001068115234;44,40999984741211;500
2026-09-25;11:16:00;-03:00;44,38999938964844;44,40999984741211;44,369998931884766;44,369998931884766;2100
2026-09-25;11:17:00;-03:00;44,369998931884766;44,400001525878906;44,369998931884766;44,400001525878906;1300
2026-09-25;11:18:00;-03:00;44,38999938964844;44,41999816894531;44,38999938964844;44,38999938964844;1000
2026-09-25;11:19:00;-03:00;44,38999938964844;44,43000030517578;44,38999938964844;44,43000030517578;1600
2026-09-25;11:20:00;-03:00;44,43000030517578;44,43000030517578;44,400001525878906;44,40999984741211;1800
2026-09-25;11:21:00;-03:00;44,40999984741211;44,40999984741211;44,349998474121094;44,349998474121094;1300
2026-09-25;11:22:00;-03:00;44,369998931884766;44,40999984741211;44,36000061035156;44,400001525878906;1500
2026-09-25;11:23:00;-03:00;44,400001525878906;44,400001525878906;44,380001068115234;44,400001525878906;1200
2026-09-25;11:24:00;-03:00;44,40999984741211;44,439998626708984;44,369998931884766;44,369998931884766;2500
2026-09-25;11:25:00;-03:00;44,36000061035156;44,36000061035156;44,34000015258789;44,349998474121094;2200
2026-09-25;11:26:00;-03:00;44,36000061035156;44,36000061035156;44,34000015258789;44,34000015258789;700
2026-09-25;11:27:00;-03:00;44,34000015258789;44,34000015258789;44,310001373291016;44,33000183105469;1600
2026-09-25;11:28:00;-03:00;44,33000183105469;44,33000183105469;44,310001373291016;44,33000183105469;1200
2026-09-25;11:29:00;-03:00;44,34000015258789;44,349998474121094;44,31999969482422;44,31999969482422;1400
2026-09-25;11:30:00;-03:00;44,31999969482422;44,31999969482422;44,290000915527344;44,290000915527344;3200
2026-09-25;11:31:00;-03:00;44,29999923706055;44,310001373291016;44,290000915527344;44,310001373291016;900
2026-09-25;11:32:00;-03:00;44,31999969482422;44,33000183105469;44,29999923706055;44,31999969482422;700
2026-09-25;11:33:00;-03:00;44,33000183105469;44,33000183105469;44,31999969482422;44,31999969482422;1100
2026-09-25;11:34:00;-03:00;44,31999969482422;44,31999969482422;44,290000915527344;44,290000915527344;2400
2026-09-25;11:35:00;-03:00;44,290000915527344;44,34000015258789;44,290000915527344;44,33000183105469;1500
2026-09-25;11:36:00;-03:00;44,31999969482422;44,34000015258789;44,31999969482422;44,33000183105469;1000
2026-09-25;11:37:00;-03:00;44,31999969482422;44,349998474121094;44,31999969482422;44,349998474121094;1000
2026-09-25;11:38:00;-03:00;44,310001373291016;44,31999969482422;44,310001373291016;44,310001373291016;800
2026-09-25;11:39:00;-03:00;44,31999969482422;44,33000183105469;44,290000915527344;44,310001373291016;4200
2026-09-25;11:40:00;-03:00;44,29999923706055;44,310001373291016;44,290000915527344;44,310001373291016;1100
2026-09-25;11:41:00;-03:00;44,290000915527344;44,31999969482422;44,279998779296875;44,310001373291016;1900
2026-09-25;11:42:00;-03:00;44,31999969482422;44,38999938964844;44,31999969482422;44,38999938964844;1000
2026-09-25;11:43:00;-03:00;44,38999938964844;44,38999938964844;44,38999938964844;44,38999938964844;100
2026-09-25;11:44:00;-03:00;44,40999984741211;44,41999816894531;44,400001525878906;44,400001525878906;800
2026-09-25;11:45:00;-03:00;44,400001525878906;44,400001525878906;44,380001068115234;44,400001525878906;1000
2026-09-25;11:46:00;-03:00;44,38999938964844;44,43000030517578;44,38999938964844;44,43000030517578;500
2026-09-25;11:47:00;-03:00;44,41999816894531;44,43000030517578;44,40999984741211;44,40999984741211;800
2026-09-25;11:48:00;-03:00;44,41999816894531;44,43000030517578;44,41999816894531;44,41999816894531;600
2026-09-25;11:49:00;-03:00;44,43000030517578;44,459999084472656;44,41999816894531;44,439998626708984;2900
2026-09-25;11:50:00;-03:00;44,43000030517578;44,45000076293945;44,40999984741211;44,43000030517578;2600
2026-09-25;11:51:00;-03:00;44,40999984741211;44,40999984741211;44,380001068115234;44,380001068115234;600
2026-09-25;11:53:00;-03:00;44,400001525878906;44,400001525878906;44,400001525878906;44,400001525878906;400
2026-09-25;11:54:00;-03:00;44,400001525878906;44,43000030517578;44,400001525878906;44,43000030517578;700
2026-09-25;11:55:00;-03:00;44,45000076293945;44,45000076293945;44,43000030517578;44,45000076293945;2800
2026-09-25;11:56:00;-03:00;44,43000030517578;44,43000030517578;44,38999938964844;44,38999938964844;2200
2026-09-25;11:58:00;-03:00;44,380001068115234;44,38999938964844;44,36000061035156;44,38999938964844;1500
2026-09-25;11:59:00;-03:00;44,400001525878906;44,400001525878906;44,369998931884766;44,369998931884766;800
2026-09-25;12:00:00;-03:00;44,380001068115234;44,400001525878906;44,380001068115234;44,400001525878906;4800
2026-09-25;12:01:00;-03:00;44,38999938964844;44,38999938964844;44,38999938964844;44,38999938964844;200
2026-09-25;12:02:00;-03:00;44,400001525878906;44,400001525878906;44,38999938964844;44,38999938964844;1200
2026-09-25;12:03:00;-03:00;44,38999938964844;44,38999938964844;44,380001068115234;44,380001068115234;200
2026-09-25;12:04:00;-03:00;44,38999938964844;44,38999938964844;44,380001068115234;44,380001068115234;1000
2026-09-25;12:05:00;-03:00;44,36000061035156;44,369998931884766;44,36000061035156;44,369998931884766;500
2026-09-25;12:06:00;-03:00;44,369998931884766;44,380001068115234;44,36000061035156;44,369998931884766;800
2026-09-25;12:07:00;-03:00;44,36000061035156;44,369998931884766;44,310001373291016;44,31999969482422;4600
2026-09-25;12:08:00;-03:00;44,31999969482422;44,34000015258789;44,310001373291016;44,33000183105469;2700
2026-09-25;12:09:00;-03:00;44,31999969482422;44,34000015258789;44,29999923706055;44,34000015258789;2900
2026-09-25;12:10:00;-03:00;44,34000015258789;44,34000015258789;44,31999969482422;44,33000183105469;1100
2026-09-25;12:11:00;-03:00;44,34000015258789;44,369998931884766;44,34000015258789;44,369998931884766;2200
2026-09-25;12:12:00;-03:00;44,380001068115234;44,38999938964844;44,349998474121094;44,349998474121094;3400
2026-09-25;12:13:00;-03:00;44,369998931884766;44,369998931884766;44,369998931884766;44,369998931884766;300
2026-09-25;12:14:00;-03:00;44,36000061035156;44,40999984741211;44,36000061035156;44,40999984741211;1000
2026-09-25;12:15:00;-03:00;44,38999938964844;44,400001525878906;44,38999938964844;44,400001525878906;600
2026-09-25;12:16:00;-03:00;44,400001525878906;44,40999984741211;44,400001525878906;44,40999984741211;200
2026-09-25;12:17:00;-03:00;44,41999816894531;44,41999816894531;44,38999938964844;44,40999984741211;800
2026-09-25;12:18:00;-03:00;44,41999816894531;44,43000030517578;44,41999816894531;44,43000030517578;300
2026-09-25;12:19:00;-03:00;44,43000030517578;44,43000030517578;44,40999984741211;44,43000030517578;3100
2026-09-25;12:20:00;-03:00;44,45000076293945;44,459999084472656;44,45000076293945;44,459999084472656;500
2026-09-25;12:21:00;-03:00;44,459999084472656;44,459999084472656;44,43000030517578;44,43000030517578;1200
2026-09-25;12:22:00;-03:00;44,45000076293945;44,459999084472656;44,45000076293945;44,459999084472656;200
2026-09-25;12:23:00;-03:00;44,459999084472656;44,5;44,459999084472656;44,470001220703125;1900
2026-09-25;12:24:00;-03:00;44,470001220703125;44,47999954223633;44,439998626708984;44,45000076293945;2600
2026-09-25;12:25:00;-03:00;44,459999084472656;44,459999084472656;44,439998626708984;44,45000076293945;1000
2026-09-25;12:26:00;-03:00;44,459999084472656;44,47999954223633;44,45000076293945;44,45000076293945;2400
2026-09-25;12:27:00;-03:00;44,47999954223633;44,4900016784668;44,47999954223633;44,4900016784668;800
2026-09-25;12:28:00;-03:00;44,470001220703125;44,470001220703125;44,470001220703125;44,470001220703125;100
2026-09-25;12:29:00;-03:00;44,470001220703125;44,470001220703125;44,45000076293945;44,45000076293945;1900
2026-09-25;12:30:00;-03:00;44,470001220703125;44,470001220703125;44,439998626708984;44,439998626708984;800
2026-09-25;12:31:00;-03:00;44,439998626708984;44,439998626708984;44,40999984741211;44,41999816894531;2200
2026-09-25;12:32:00;-03:00;44,439998626708984;44,439998626708984;44,40999984741211;44,43000030517578;1100
2026-09-25;12:33:00;-03:00;44,41999816894531;44,41999816894531;44,369998931884766;44,380001068115234;3500
2026-09-25;12:34:00;-03:00;44,400001525878906;44,400001525878906;44,369998931884766;44,369998931884766;1200
2026-09-25;12:35:00;-03:00;44,380001068115234;44,40999984741211;44,380001068115234;44,40999984741211;1400
2026-09-25;12:36:00;-03:00;44,38999938964844;44,41999816894531;44,380001068115234;44,41999816894531;1200
2026-09-25;12:37:00;-03:00;44,400001525878906;44,40999984741211;44,38999938964844;44,38999938964844;1200
2026-09-25;12:38:00;-03:00;44,400001525878906;44,40999984741211;44,369998931884766;44,380001068115234;2700
2026-09-25;12:39:00;-03:00;44,40999984741211;44,40999984741211;44,400001525878906;44,40999984741211;600
2026-09-25;12:40:00;-03:00;44,41999816894531;44,41999816894531;44,40999984741211;44,40999984741211;900
2026-09-25;12:41:00;-03:00;44,41999816894531;44,43000030517578;44,400001525878906;44,41999816894531;1000
2026-09-25;12:42:00;-03:00;44,40999984741211;44,40999984741211;44,400001525878906;44,400001525878906;300
2026-09-25;12:43:00;-03:00;44,38999938964844;44,400001525878906;44,369998931884766;44,400001525878906;800
2026-09-25;12:44:00;-03:00;44,380001068115234;44,380001068115234;44,36000061035156;44,380001068115234;1700
2026-09-25;12:45:00;-03:00;44,38999938964844;44,38999938964844;44,369998931884766;44,380001068115234;800
2026-09-25;12:46:00;-03:00;44,369998931884766;44,369998931884766;44,31999969482422;44,349998474121094;2100
2026-09-25;12:47:00;-03:00;44,349998474121094;44,36000061035156;44,34000015258789;44,36000061035156;1300
2026-09-25;12:48:00;-03:00;44,369998931884766;44,369998931884766;44,349998474121094;44,36000061035156;1000
2026-09-25;12:49:00;-03:00;44,36000061035156;44,36000061035156;44,36000061035156;44,36000061035156;200
2026-09-25;12:50:00;-03:00;44,369998931884766;44,38999938964844;44,36000061035156;44,369998931884766;1900
2026-09-25;12:51:00;-03:00;44,369998931884766;44,369998931884766;44,36000061035156;44,369998931884766;500
2026-09-25;12:52:00;-03:00;44,38999938964844;44,38999938964844;44,34000015258789;44,34000015258789;800
2026-09-25;12:53:00;-03:00;44,369998931884766;44,369998931884766;44,369998931884766;44,369998931884766;400
2026-09-25;12:54:00;-03:00;44,36000061035156;44,41999816894531;44,36000061035156;44,400001525878906;2600
2026-09-25;12:55:00;-03:00;44,40999984741211;44,40999984741211;44,400001525878906;44,400001525878906;100
2026-09-25;12:56:00;-03:00;44,400001525878906;44,43000030517578;44,400001525878906;44,43000030517578;800
2026-09-25;12:57:00;-03:00;44,41999816894531;44,41999816894531;44,41999816894531;44,41999816894531;0
2026-09-25;12:58:00;-03:00;44,43000030517578;44,459999084472656;44,41999816894531;44,439998626708984;2300
2026-09-25;12:59:00;-03:00;44,45000076293945;44,470001220703125;44,45000076293945;44,470001220703125;1600
2026-09-25;13:00:00;-03:00;44,470001220703125;44,5099983215332;44,459999084472656;44,5;2500
2026-09-25;13:01:00;-03:00;44,4900016784668;44,52000045776367;44,4900016784668;44,5099983215332;1300
2026-09-25;13:02:00;-03:00;44,5099983215332;44,599998474121094;44,5099983215332;44,58000183105469;3800
2026-09-25;13:03:00;-03:00;44,58000183105469;44,630001068115234;44,58000183105469;44,630001068115234;2300
2026-09-25;13:04:00;-03:00;44,61000061035156;44,619998931884766;44,58000183105469;44,619998931884766;3900
2026-09-25;13:05:00;-03:00;44,630001068115234;44,650001525878906;44,560001373291016;44,560001373291016;4200
2026-09-25;13:06:00;-03:00;44,540000915527344;44,540000915527344;44,5;44,5;1100
2026-09-25;13:07:00;-03:00;44,52000045776367;44,52000045776367;44,5;44,5099983215332;700
2026-09-25;13:09:00;-03:00;44,52000045776367;44,529998779296875;44,52000045776367;44,52000045776367;900
2026-09-25;13:10:00;-03:00;44,529998779296875;44,529998779296875;44,5099983215332;44,5099983215332;2800
2026-09-25;13:11:00;-03:00;44,5099983215332;44,52000045776367;44,5;44,5099983215332;900
2026-09-25;13:12:00;-03:00;44,5099983215332;44,52000045776367;44,5;44,5;1100
2026-09-25;13:13:00;-03:00;44,5;44,5;44,45000076293945;44,470001220703125;5800
2026-09-25;13:14:00;-03:00;44,4900016784668;44,4900016784668;44,470001220703125;44,47999954223633;1400
2026-09-25;13:15:00;-03:00;44,470001220703125;44,470001220703125;44,45000076293945;44,45000076293945;1200
2026-09-25;13:16:00;-03:00;44,459999084472656;44,459999084472656;44,459999084472656;44,459999084472656;100
2026-09-25;13:17:00;-03:00;44,470001220703125;44,470001220703125;44,459999084472656;44,459999084472656;700
2026-09-25;13:18:00;-03:00;44,459999084472656;44,459999084472656;44,459999084472656;44,459999084472656;100
2026-09-25;13:19:00;-03:00;44,470001220703125;44,470001220703125;44,439998626708984;44,439998626708984;1000
2026-09-25;13:20:00;-03:00;44,43000030517578;44,43000030517578;44,40999984741211;44,40999984741211;1300
2026-09-25;13:21:00;-03:00;44,40999984741211;44,40999984741211;44,400001525878906;44,40999984741211;600
2026-09-25;13:22:00;-03:00;44,41999816894531;44,45000076293945;44,38999938964844;44,43000030517578;13300
2026-09-25;13:23:00;-03:00;44,43000030517578;44,43000030517578;44,41999816894531;44,41999816894531;1000
2026-09-25;13:24:00;-03:00;44,40999984741211;44,41999816894531;44,40999984741211;44,41999816894531;100
2026-09-25;13:25:00;-03:00;44,43000030517578;44,439998626708984;44,41999816894531;44,41999816894531;800
2026-09-25;13:26:00;-03:00;44,45000076293945;44,45000076293945;44,45000076293945;44,45000076293945;500
2026-09-25;13:27:00;-03:00;44,459999084472656;44,459999084472656;44,45000076293945;44,45000076293945;400
2026-09-25;13:28:00;-03:00;44,439998626708984;44,439998626708984;44,43000030517578;44,439998626708984;1100
2026-09-25;13:29:00;-03:00;44,43000030517578;44,439998626708984;44,43000030517578;44,43000030517578;400
2026-09-25;13:30:00;-03:00;44,439998626708984;44,45000076293945;44,43000030517578;44,43000030517578;400
2026-09-25;13:31:00;-03:00;44,439998626708984;44,439998626708984;44,43000030517578;44,43000030517578;900
2026-09-25;13:32:00;-03:00;44,41999816894531;44,41999816894531;44,41999816894531;44,41999816894531;100
2026-09-25;13:33:00;-03:00;44,41999816894531;44,41999816894531;44,40999984741211;44,40999984741211;200
2026-09-25;13:34:00;-03:00;44,40999984741211;44,41999816894531;44,380001068115234;44,38999938964844;2100
2026-09-25;13:35:00;-03:00;44,400001525878906;44,40999984741211;44,36000061035156;44,400001525878906;4700
2026-09-25;13:36:00;-03:00;44,400001525878906;44,400001525878906;44,369998931884766;44,400001525878906;1400
2026-09-25;13:37:00;-03:00;44,400001525878906;44,41999816894531;44,400001525878906;44,41999816894531;1000
2026-09-25;13:38:00;-03:00;44,41999816894531;44,41999816894531;44,41999816894531;44,41999816894531;200
2026-09-25;13:39:00;-03:00;44,43000030517578;44,43000030517578;44,41999816894531;44,43000030517578;800
2026-09-25;13:40:00;-03:00;44,43000030517578;44,439998626708984;44,400001525878906;44,400001525878906;2200
2026-09-25;13:41:00;-03:00;44,40999984741211;44,41999816894531;44,400001525878906;44,400001525878906;1400
2026-09-25;13:42:00;-03:00;44,40999984741211;44,41999816894531;44,40999984741211;44,41999816894531;600
2026-09-25;13:43:00;-03:00;44,41999816894531;44,41999816894531;44,40999984741211;44,41999816894531;600
2026-09-25;13:44:00;-03:00;44,400001525878906;44,400001525878906;44,400001525878906;44,400001525878906;100
2026-09-25;13:45:00;-03:00;44,40999984741211;44,40999984741211;44,380001068115234;44,400001525878906;1300
2026-09-25;13:47:00;-03:00;44,40999984741211;44,41999816894531;44,400001525878906;44,41999816894531;900
2026-09-25;13:48:00;-03:00;44,40999984741211;44,40999984741211;44,38999938964844;44,38999938964844;1700
2026-09-25;13:49:00;-03:00;44,400001525878906;44,400001525878906;44,38999938964844;44,38999938964844;900
2026-09-25;13:50:00;-03:00;44,38999938964844;44,400001525878906;44,380001068115234;44,400001525878906;3300
2026-09-25;13:51:00;-03:00;44,38999938964844;44,400001525878906;44,369998931884766;44,400001525878906;1000
2026-09-25;13:52:00;-03:00;44,40999984741211;44,40999984741211;44,38999938964844;44,400001525878906;400
2026-09-25;13:53:00;-03:00;44,38999938964844;44,38999938964844;44,38999938964844;44,38999938964844;300
2026-09-25;13:54:00;-03:00;44,400001525878906;44,400001525878906;44,349998474121094;44,38999938964844;15500
2026-09-25;13:55:00;-03:00;44,38999938964844;44,38999938964844;44,380001068115234;44,380001068115234;900
2026-09-25;13:56:00;-03:00;44,36000061035156;44,369998931884766;44,36000061035156;44,369998931884766;700
2026-09-25;13:57:00;-03:00;44,36000061035156;44,36000061035156;44,34000015258789;44,34000015258789;700
2026-09-25;13:58:00;-03:00;44,349998474121094;44,369998931884766;44,349998474121094;44,369998931884766;2700
2026-09-25;13:59:00;-03:00;44,369998931884766;44,369998931884766;44,34000015258789;44,369998931884766;5900
2026-09-25;14:00:00;-03:00;44,36000061035156;44,36000061035156;44,349998474121094;44,36000061035156;700
2026-09-25;14:01:00;-03:00;44,369998931884766;44,38999938964844;44,36000061035156;44,38999938964844;2200
2026-09-25;14:02:00;-03:00;44,38999938964844;44,38999938964844;44,369998931884766;44,38999938964844;2300
2026-09-25;14:03:00;-03:00;44,400001525878906;44,40999984741211;44,380001068115234;44,38999938964844;500
2026-09-25;14:05:00;-03:00;44,400001525878906;44,400001525878906;44,380001068115234;44,38999938964844;1000
2026-09-25;14:06:00;-03:00;44,380001068115234;44,380001068115234;44,380001068115234;44,380001068115234;400
2026-09-25;14:07:00;-03:00;44,369998931884766;44,380001068115234;44,36000061035156;44,369998931884766;700
2026-09-25;14:08:00;-03:00;44,369998931884766;44,38999938964844;44,36000061035156;44,36000061035156;900
2026-09-25;14:09:00;-03:00;44,369998931884766;44,38999938964844;44,369998931884766;44,380001068115234;800
2026-09-25;14:10:00;-03:00;44,38999938964844;44,400001525878906;44,380001068115234;44,400001525878906;2600
2026-09-25;14:11:00;-03:00;44,400001525878906;44,439998626708984;44,400001525878906;44,40999984741211;4000
2026-09-25;14:12:00;-03:00;44,40999984741211;44,40999984741211;44,40999984741211;44,40999984741211;100
2026-09-25;14:13:00;-03:00;44,41999816894531;44,41999816894531;44,400001525878906;44,41999816894531;1400
2026-09-25;14:14:00;-03:00;44,41999816894531;44,41999816894531;44,41999816894531;44,41999816894531;300
2026-09-25;14:15:00;-03:00;44,400001525878906;44,400001525878906;44,369998931884766;44,380001068115234;6900
2026-09-25;14:16:00;-03:00;44,380001068115234;44,38999938964844;44,369998931884766;44,380001068115234;1900
2026-09-25;14:17:00;-03:00;44,369998931884766;44,369998931884766;44,369998931884766;44,369998931884766;300
2026-09-25;14:18:00;-03:00;44,349998474121094;44,36000061035156;44,33000183105469;44,349998474121094;4700
2026-09-25;14:19:00;-03:00;44,349998474121094;44,36000061035156;44,34000015258789;44,34000015258789;800
2026-09-25;14:20:00;-03:00;44,349998474121094;44,36000061035156;44,34000015258789;44,349998474121094;1200
2026-09-25;14:21:00;-03:00;44,34000015258789;44,349998474121094;44,33000183105469;44,33000183105469;6100
2026-09-25;14:22:00;-03:00;44,34000015258789;44,34000015258789;44,31999969482422;44,31999969482422;1800
2026-09-25;14:23:00;-03:00;44,33000183105469;44,33000183105469;44,31999969482422;44,31999969482422;700
2026-09-25;14:24:00;-03:00;44,31999969482422;44,33000183105469;44,279998779296875;44,279998779296875;3100
2026-09-25;14:25:00;-03:00;44,29999923706055;44,29999923706055;44,27000045776367;44,279998779296875;1800
2026-09-25;14:26:00;-03:00;44,29999923706055;44,29999923706055;44,290000915527344;44,290000915527344;400
2026-09-25;14:27:00;-03:00;44,290000915527344;44,290000915527344;44,290000915527344;44,290000915527344;300
2026-09-25;14:28:00;-03:00;44,279998779296875;44,29999923706055;44,279998779296875;44,29999923706055;2200
2026-09-25;14:29:00;-03:00;44,29999923706055;44,29999923706055;44,290000915527344;44,290000915527344;700
2026-09-25;14:30:00;-03:00;44,290000915527344;44,290000915527344;44,279998779296875;44,290000915527344;700
2026-09-25;14:31:00;-03:00;44,290000915527344;44,29999923706055;44,279998779296875;44,29999923706055;1500
2026-09-25;14:32:00;-03:00;44,29999923706055;44,349998474121094;44,29999923706055;44,349998474121094;2600
2026-09-25;14:33:00;-03:00;44,34000015258789;44,34000015258789;44,33000183105469;44,33000183105469;600
2026-09-25;14:34:00;-03:00;44,33000183105469;44,34000015258789;44,279998779296875;44,34000015258789;7400
2026-09-25;14:35:00;-03:00;44,34000015258789;44,369998931884766;44,34000015258789;44,369998931884766;2900
2026-09-25;14:36:00;-03:00;44,369998931884766;44,38999938964844;44,369998931884766;44,38999938964844;2100
2026-09-25;14:37:00;-03:00;44,38999938964844;44,38999938964844;44,38999938964844;44,38999938964844;300
2026-09-25;14:38:00;-03:00;44,380001068115234;44,400001525878906;44,380001068115234;44,400001525878906;1900
2026-09-25;14:39:00;-03:00;44,38999938964844;44,41999816894531;44,38999938964844;44,40999984741211;2000
2026-09-25;14:40:00;-03:00;44,400001525878906;44,41999816894531;44,400001525878906;44,40999984741211;4200
2026-09-25;14:41:00;-03:00;44,41999816894531;44,439998626708984;44,41999816894531;44,43000030517578;700
2026-09-25;14:42:00;-03:00;44,43000030517578;44,43000030517578;44,40999984741211;44,41999816894531;700
2026-09-25;14:43:00;-03:00;44,40999984741211;44,40999984741211;44,400001525878906;44,400001525878906;700
2026-09-25;14:44:00;-03:00;44,400001525878906;44,41999816894531;44,400001525878906;44,41999816894531;800
2026-09-25;14:45:00;-03:00;44,40999984741211;44,40999984741211;44,400001525878906;44,400001525878906;600
2026-09-25;14:46:00;-03:00;44,400001525878906;44,400001525878906;44,369998931884766;44,38999938964844;900
2026-09-25;14:47:00;-03:00;44,369998931884766;44,380001068115234;44,349998474121094;44,380001068115234;2000
2026-09-25;14:48:00;-03:00;44,380001068115234;44,38999938964844;44,369998931884766;44,380001068115234;900
2026-09-25;14:49:00;-03:00;44,369998931884766;44,369998931884766;44,36000061035156;44,369998931884766;900
2026-09-25;14:50:00;-03:00;44,369998931884766;44,369998931884766;44,349998474121094;44,349998474121094;900
2026-09-25;14:51:00;-03:00;44,369998931884766;44,369998931884766;44,36000061035156;44,36000061035156;1300
2026-09-25;14:52:00;-03:00;44,36000061035156;44,36000061035156;44,349998474121094;44,349998474121094;1400
2026-09-25;14:53:00;-03:00;44,349998474121094;44,369998931884766;44,34000015258789;44,369998931884766;2800
2026-09-25;14:54:00;-03:00;44,369998931884766;44,369998931884766;44,36000061035156;44,36000061035156;300
2026-09-25;14:55:00;-03:00;44,36000061035156;44,36000061035156;44,36000061035156;44,36000061035156;300
2026-09-25;14:56:00;-03:00;44,36000061035156;44,470001220703125;44,36000061035156;44,470001220703125;9400
2026-09-25;14:57:00;-03:00;44,47999954223633;44,47999954223633;44,45000076293945;44,45000076293945;4400
2026-09-25;14:58:00;-03:00;44,45000076293945;44,470001220703125;44,439998626708984;44,439998626708984;5200
2026-09-25;14:59:00;-03:00;44,45000076293945;44,459999084472656;44,369998931884766;44,369998931884766;9300
2026-09-25;15:00:00;-03:00;44,36000061035156;44,38999938964844;44,36000061035156;44,380001068115234;600
2026-09-25;15:01:00;-03:00;44,380001068115234;44,400001525878906;44,380001068115234;44,400001525878906;1500
2026-09-25;15:02:00;-03:00;44,380001068115234;44,400001525878906;44,380001068115234;44,380001068115234;500
2026-09-25;15:03:00;-03:00;44,380001068115234;44,38999938964844;44,380001068115234;44,38999938964844;1100
2026-09-25;15:04:00;-03:00;44,369998931884766;44,380001068115234;44,349998474121094;44,349998474121094;1200
2026-09-25;15:05:00;-03:00;44,349998474121094;44,349998474121094;44,310001373291016;44,310001373291016;1800
2026-09-25;15:06:00;-03:00;44,310001373291016;44,349998474121094;44,310001373291016;44,34000015258789;4400
2026-09-25;15:07:00;-03:00;44,349998474121094;44,36000061035156;44,349998474121094;44,36000061035156;800
2026-09-25;15:08:00;-03:00;44,349998474121094;44,369998931884766;44,34000015258789;44,34000015258789;2400
2026-09-25;15:09:00;-03:00;44,349998474121094;44,349998474121094;44,33000183105469;44,33000183105469;1000
2026-09-25;15:10:00;-03:00;44,33000183105469;44,349998474121094;44,33000183105469;44,349998474121094;1600
2026-09-25;15:11:00;-03:00;44,349998474121094;44,36000061035156;44,34000015258789;44,36000061035156;1400
2026-09-25;15:12:00;-03:00;44,36000061035156;44,38999938964844;44,36000061035156;44,38999938964844;2700
2026-09-25;15:13:00;-03:00;44,38999938964844;44,38999938964844;44,36000061035156;44,369998931884766;2200
2026-09-25;15:14:00;-03:00;44,36000061035156;44,369998931884766;44,36000061035156;44,36000061035156;500
2026-09-25;15:15:00;-03:00;44,36000061035156;44,36000061035156;44,34000015258789;44,349998474121094;1900
2026-09-25;15:16:00;-03:00;44,36000061035156;44,36000061035156;44,349998474121094;44,349998474121094;1000
2026-09-25;15:17:00;-03:00;44,349998474121094;44,36000061035156;44,349998474121094;44,349998474121094;1800
2026-09-25;15:18:00;-03:00;44,349998474121094;44,369998931884766;44,349998474121094;44,369998931884766;1300
2026-09-25;15:19:00;-03:00;44,36000061035156;44,369998931884766;44,349998474121094;44,369998931884766;1300
2026-09-25;15:20:00;-03:00;44,36000061035156;44,369998931884766;44,349998474121094;44,369998931884766;2300
2026-09-25;15:21:00;-03:00;44,380001068115234;44,380001068115234;44,369998931884766;44,369998931884766;400
2026-09-25;15:22:00;-03:00;44,369998931884766;44,369998931884766;44,349998474121094;44,369998931884766;1800
2026-09-25;15:23:00;-03:00;44,369998931884766;44,38999938964844;44,36000061035156;44,380001068115234;2200
2026-09-25;15:24:00;-03:00;44,369998931884766;44,369998931884766;44,36000061035156;44,36000061035156;700
2026-09-25;15:25:00;-03:00;44,36000061035156;44,38999938964844;44,36000061035156;44,38999938964844;2100
2026-09-25;15:26:00;-03:00;44,38999938964844;44,400001525878906;44,349998474121094;44,36000061035156;1600
2026-09-25;15:27:00;-03:00;44,36000061035156;44,369998931884766;44,36000061035156;44,369998931884766;1400
2026-09-25;15:28:00;-03:00;44,36000061035156;44,380001068115234;44,36000061035156;44,380001068115234;1600
2026-09-25;15:29:00;-03:00;44,400001525878906;44,40999984741211;44,400001525878906;44,40999984741211;2600
2026-09-25;15:30:00;-03:00;44,400001525878906;44,400001525878906;44,400001525878906;44,400001525878906;300
2026-09-25;15:31:00;-03:00;44,400001525878906;44,43000030517578;44,400001525878906;44,43000030517578;2300
2026-09-25;15:32:00;-03:00;44,43000030517578;44,43000030517578;44,43000030517578;44,43000030517578;2000
2026-09-25;15:33:00;-03:00;44,41999816894531;44,439998626708984;44,40999984741211;44,43000030517578;8100
2026-09-25;15:34:00;-03:00;44,43000030517578;44,43000030517578;44,400001525878906;44,40999984741211;2100
2026-09-25;15:35:00;-03:00;44,400001525878906;44,400001525878906;44,400001525878906;44,400001525878906;1000
2026-09-25;15:36:00;-03:00;44,40999984741211;44,43000030517578;44,40999984741211;44,43000030517578;2000
2026-09-25;15:37:00;-03:00;44,41999816894531;44,41999816894531;44,40999984741211;44,41999816894531;400
2026-09-25;15:38:00;-03:00;44,41999816894531;44,439998626708984;44,41999816894531;44,439998626708984;1400
2026-09-25;15:39:00;-03:00;44,439998626708984;44,45000076293945;44,43000030517578;44,45000076293945;900
2026-09-25;15:40:00;-03:00;44,439998626708984;44,45000076293945;44,43000030517578;44,45000076293945;3200
2026-09-25;15:41:00;-03:00;44,45000076293945;44,45000076293945;44,43000030517578;44,43000030517578;1200
2026-09-25;15:42:00;-03:00;44,43000030517578;44,43000030517578;44,41999816894531;44,41999816894531;700
2026-09-25;15:43:00;-03:00;44,43000030517578;44,439998626708984;44,41999816894531;44,439998626708984;2600
2026-09-25;15:44:00;-03:00;44,43000030517578;44,439998626708984;44,41999816894531;44,439998626708984;600
2026-09-25;15:45:00;-03:00;44,41999816894531;44,41999816894531;44,40999984741211;44,40999984741211;400
2026-09-25;15:46:00;-03:00;44,40999984741211;44,41999816894531;44,40999984741211;44,40999984741211;9800
2026-09-25;15:47:00;-03:00;44,40999984741211;44,41999816894531;44,40999984741211;44,41999816894531;3200
2026-09-25;15:48:00;-03:00;44,40999984741211;44,40999984741211;44,38999938964844;44,38999938964844;800
2026-09-25;15:49:00;-03:00;44,38999938964844;44,40999984741211;44,38999938964844;44,400001525878906;1000
2026-09-25;15:50:00;-03:00;44,400001525878906;44,43000030517578;44,400001525878906;44,43000030517578;1900
2026-09-25;15:51:00;-03:00;44,40999984741211;44,40999984741211;44,400001525878906;44,400001525878906;1000
2026-09-25;15:52:00;-03:00;44,41999816894531;44,41999816894531;44,400001525878906;44,40999984741211;4800
2026-09-25;15:53:00;-03:00;44,40999984741211;44,43000030517578;44,40999984741211;44,43000030517578;1200
2026-09-25;15:54:00;-03:00;44,40999984741211;44,41999816894531;44,40999984741211;44,41999816894531;1700
2026-09-25;15:55:00;-03:00;44,40999984741211;44,43000030517578;44,40999984741211;44,43000030517578;1900
2026-09-25;15:56:00;-03:00;44,43000030517578;44,439998626708984;44,43000030517578;44,43000030517578;1700
2026-09-25;15:57:00;-03:00;44,41999816894531;44,439998626708984;44,41999816894531;44,439998626708984;1300
2026-09-25;15:58:00;-03:00;44,41999816894531;44,439998626708984;44,41999816894531;44,43000030517578;1500
2026-09-25;15:59:00;-03:00;44,43000030517578;44,45000076293945;44,43000030517578;44,439998626708984;3500
2026-09-25;16:00:00;-03:00;44,439998626708984;44,45000076293945;44,439998626708984;44,439998626708984;3300
2026-09-25;16:01:00;-03:00;44,439998626708984;44,470001220703125;44,439998626708984;44,439998626708984;4900
2026-09-25;16:02:00;-03:00;44,439998626708984;44,45000076293945;44,439998626708984;44,45000076293945;2500
2026-09-25;16:03:00;-03:00;44,439998626708984;44,45000076293945;44,43000030517578;44,439998626708984;2900
2026-09-25;16:04:00;-03:00;44,439998626708984;44,439998626708984;44,439998626708984;44,439998626708984;600
2026-09-25;16:05:00;-03:00;44,439998626708984;44,5;44,439998626708984;44,439998626708984;12400
2026-09-25;16:06:00;-03:00;44,439998626708984;44,45000076293945;44,41999816894531;44,41999816894531;2500
2026-09-25;16:07:00;-03:00;44,41999816894531;44,41999816894531;44,400001525878906;44,400001525878906;2100
2026-09-25;16:08:00;-03:00;44,400001525878906;44,40999984741211;44,38999938964844;44,400001525878906;2100
2026-09-25;16:09:00;-03:00;44,400001525878906;44,40999984741211;44,400001525878906;44,400001525878906;1700
2026-09-25;16:10:00;-03:00;44,400001525878906;44,400001525878906;44,38999938964844;44,400001525878906;1700
2026-09-25;16:11:00;-03:00;44,400001525878906;44,400001525878906;44,38999938964844;44,400001525878906;1900
2026-09-25;16:12:00;-03:00;44,38999938964844;44,400001525878906;44,38999938964844;44,400001525878906;1400
2026-09-25;16:13:00;-03:00;44,38999938964844;44,38999938964844;44,380001068115234;44,38999938964844;4300
2026-09-25;16:14:00;-03:00;44,38999938964844;44,400001525878906;44,369998931884766;44,380001068115234;8000
2026-09-25;16:15:00;-03:00;44,380001068115234;44,38999938964844;44,380001068115234;44,38999938964844;5200
2026-09-25;16:16:00;-03:00;44,38999938964844;44,38999938964844;44,380001068115234;44,380001068115234;1800
2026-09-25;16:17:00;-03:00;44,380001068115234;44,38999938964844;44,369998931884766;44,38999938964844;2800
2026-09-25;16:18:00;-03:00;44,380001068115234;44,400001525878906;44,369998931884766;44,400001525878906;3100
2026-09-25;16:19:00;-03:00;44,38999938964844;44,400001525878906;44,38999938964844;44,400001525878906;2300
2026-09-25;16:20:00;-03:00;44,400001525878906;44,400001525878906;44,380001068115234;44,380001068115234;2100
2026-09-25;16:21:00;-03:00;44,380001068115234;44,38999938964844;44,369998931884766;44,380001068115234;1700
2026-09-25;16:22:00;-03:00;44,380001068115234;44,400001525878906;44,380001068115234;44,38999938964844;3400
2026-09-25;16:23:00;-03:00;44,38999938964844;44,400001525878906;44,380001068115234;44,400001525878906;6100
2026-09-25;16:24:00;-03:00;44,40999984741211;44,40999984741211;44,38999938964844;44,38999938964844;1700
2026-09-25;16:25:00;-03:00;44,38999938964844;44,400001525878906;44,38999938964844;44,38999938964844;2600
2026-09-25;16:26:00;-03:00;44,38999938964844;44,38999938964844;44,380001068115234;44,380001068115234;2100
2026-09-25;16:27:00;-03:00;44,380001068115234;44,380001068115234;44,369998931884766;44,369998931884766;3400
2026-09-25;16:28:00;-03:00;44,380001068115234;44,400001525878906;44,380001068115234;44,400001525878906;3800
2026-09-25;16:29:00;-03:00;44,38999938964844;44,40999984741211;44,38999938964844;44,400001525878906;2000
2026-09-25;16:30:00;-03:00;44,400001525878906;44,400001525878906;44,380001068115234;44,380001068115234;3200
2026-09-25;16:31:00;-03:00;44,38999938964844;44,400001525878906;44,38999938964844;44,38999938964844;4100
2026-09-25;16:32:00;-03:00;44,400001525878906;44,400001525878906;44,380001068115234;44,400001525878906;3300
2026-09-25;16:33:00;-03:00;44,400001525878906;44,400001525878906;44,38999938964844;44,400001525878906;2300
2026-09-25;16:34:00;-03:00;44,38999938964844;44,400001525878906;44,380001068115234;44,400001525878906;3900
2026-09-25;16:35:00;-03:00;44,38999938964844;44,400001525878906;44,380001068115234;44,400001525878906;3000
2026-09-25;16:36:00;-03:00;44,38999938964844;44,38999938964844;44,369998931884766;44,380001068115234;3900
2026-09-25;16:37:00;-03:00;44,380001068115234;44,400001525878906;44,380001068115234;44,38999938964844;5200
2026-09-25;16:38:00;-03:00;44,380001068115234;44,400001525878906;44,380001068115234;44,400001525878906;3700
2026-09-25;16:39:00;-03:00;44,38999938964844;44,40999984741211;44,38999938964844;44,400001525878906;4500
2026-09-25;16:40:00;-03:00;44,400001525878906;44,400001525878906;44,38999938964844;44,400001525878906;7200
2026-09-25;16:41:00;-03:00;44,400001525878906;44,40999984741211;44,400001525878906;44,40999984741211;5200
2026-09-25;16:42:00;-03:00;44,41999816894531;44,41999816894531;44,400001525878906;44,400001525878906;5600
2026-09-25;16:43:00;-03:00;44,400001525878906;44,41999816894531;44,400001525878906;44,400001525878906;2900
2026-09-25;16:44:00;-03:00;44,400001525878906;44,40999984741211;44,38999938964844;44,38999938964844;7300
2026-09-25;16:45:00;-03:00;44,38999938964844;44,40999984741211;44,369998931884766;44,380001068115234;4100
2026-09-25;16:46:00;-03:00;44,380001068115234;44,400001525878906;44,369998931884766;44,380001068115234;5300
2026-09-25;16:47:00;-03:00;44,38999938964844;44,38999938964844;44,369998931884766;44,380001068115234;3100
2026-09-25;16:48:00;-03:00;44,369998931884766;44,38999938964844;44,369998931884766;44,369998931884766;4800
2026-09-25;16:49:00;-03:00;44,380001068115234;44,380001068115234;44,36000061035156;44,36000061035156;4600
2026-09-25;16:50:00;-03:00;44,36000061035156;44,380001068115234;44,36000061035156;44,36000061035156;4100
2026-09-25;16:51:00;-03:00;44,36000061035156;44,38999938964844;44,36000061035156;44,369998931884766;8000
2026-09-25;16:52:00;-03:00;44,380001068115234;44,380001068115234;44,36000061035156;44,36000061035156;3500
2026-09-25;16:53:00;-03:00;44,36000061035156;44,38999938964844;44,36000061035156;44,369998931884766;5200
2026-09-25;16:54:00;-03:00;44,369998931884766;44,400001525878906;44,369998931884766;44,369998931884766;2800
2026-09-28;10:03:00;-03:00;44,13999938964844;44,189998626708984;44,040000915527344;44,040000915527344;0
2026-09-28;10:04:00;-03:00;44,029998779296875;44,029998779296875;43,9900016784668;43,9900016784668;4100
2026-09-28;10:05:00;-03:00;43,9900016784668;44,0;43,91999816894531;43,9900016784668;3900
2026-09-28;10:06:00;-03:00;44,0099983215332;44,0099983215332;43,939998626708984;43,970001220703125;1500
2026-09-28;10:07:00;-03:00;44,040000915527344;44,040000915527344;44,040000915527344;44,040000915527344;300
2026-09-28;10:08:00;-03:00;44,02000045776367;44,029998779296875;44,0099983215332;44,0099983215332;300
2026-09-28;10:09:00;-03:00;44,02000045776367;44,02000045776367;43,959999084472656;43,959999084472656;1500
2026-09-28;10:10:00;-03:00;43,970001220703125;43,970001220703125;43,83000183105469;43,849998474121094;2100
2026-09-28;10:11:00;-03:00;43,84000015258789;43,880001068115234;43,81999969482422;43,81999969482422;1200
2026-09-28;10:12:00;-03:00;43,79999923706055;43,86000061035156;43,790000915527344;43,86000061035156;2100
2026-09-28;10:13:00;-03:00;43,84000015258789;43,86000061035156;43,810001373291016;43,86000061035156;1300
2026-09-28;10:14:00;-03:00;43,86000061035156;43,869998931884766;43,83000183105469;43,86000061035156;1200
2026-09-28;10:15:00;-03:00;43,869998931884766;43,91999816894531;43,869998931884766;43,91999816894531;600
2026-09-28;10:17:00;-03:00;43,900001525878906;43,900001525878906;43,790000915527344;43,81999969482422;1800
2026-09-28;10:18:00;-03:00;43,810001373291016;43,86000061035156;43,790000915527344;43,84000015258789;1300
2026-09-28;10:19:00;-03:00;43,81999969482422;43,93000030517578;43,81999969482422;43,900001525878906;1600
2026-09-28;10:20:00;-03:00;43,88999938964844;43,900001525878906;43,880001068115234;43,900001525878906;500
2026-09-28;10:21:00;-03:00;43,939998626708984;43,939998626708984;43,849998474121094;43,849998474121094;3100
2026-09-28;10:22:00;-03:00;43,849998474121094;43,869998931884766;43,779998779296875;43,779998779296875;2800
2026-09-28;10:23:00;-03:00;43,77000045776367;43,79999923706055;43,77000045776367;43,79999923706055;1200
2026-09-28;10:24:00;-03:00;43,79999923706055;43,81999969482422;43,779998779296875;43,81999969482422;900
2026-09-28;10:25:00;-03:00;43,81999969482422;43,849998474121094;43,810001373291016;43,81999969482422;4400
2026-09-28;10:26:00;-03:00;43,84000015258789;43,939998626708984;43,84000015258789;43,939998626708984;5200
2026-09-28;10:27:00;-03:00;43,91999816894531;43,93000030517578;43,880001068115234;43,93000030517578;2400
2026-09-28;10:28:00;-03:00;43,93000030517578;43,939998626708984;43,91999816894531;43,939998626708984;1100
2026-09-28;10:29:00;-03:00;43,939998626708984;44,0;43,939998626708984;43,9900016784668;2900
2026-09-28;10:30:00;-03:00;43,97999954223633;44,0099983215332;43,91999816894531;43,939998626708984;4100
2026-09-28;10:31:00;-03:00;43,95000076293945;43,959999084472656;43,900001525878906;43,959999084472656;3700
2026-09-28;10:32:00;-03:00;43,939998626708984;43,959999084472656;43,91999816894531;43,939998626708984;1200
2026-09-28;10:33:00;-03:00;43,93000030517578;43,959999084472656;43,93000030517578;43,95000076293945;1600
2026-09-28;10:34:00;-03:00;43,939998626708984;44,08000183105469;43,939998626708984;44,08000183105469;3500
2026-09-28;10:35:00;-03:00;44,06999969482422;44,06999969482422;44,04999923706055;44,04999923706055;1000
2026-09-28;10:36:00;-03:00;44,04999923706055;44,060001373291016;44,0;44,0;1400
2026-09-28;10:37:00;-03:00;44,0;44,040000915527344;44,0;44,0099983215332;1500
2026-09-28;10:38:00;-03:00;44,0099983215332;44,0099983215332;43,970001220703125;44,0099983215332;1200
2026-09-28;10:39:00;-03:00;44,0099983215332;44,02000045776367;43,97999954223633;43,97999954223633;700
2026-09-28;10:40:00;-03:00;44,0;44,0;43,95000076293945;43,9900016784668;4700
2026-09-28;10:41:00;-03:00;43,970001220703125;43,9900016784668;43,88999938964844;43,88999938964844;4800
2026-09-28;10:42:00;-03:00;43,900001525878906;43,900001525878906;43,869998931884766;43,88999938964844;3800
2026-09-28;10:43:00;-03:00;43,88999938964844;43,90999984741211;43,880001068115234;43,88999938964844;6000
2026-09-28;10:44:00;-03:00;43,880001068115234;43,90999984741211;43,869998931884766;43,90999984741211;3400
2026-09-28;10:45:00;-03:00;43,91999816894531;43,939998626708984;43,91999816894531;43,91999816894531;2200
2026-09-28;10:46:00;-03:00;43,939998626708984;43,939998626708984;43,90999984741211;43,90999984741211;1300
2026-09-28;10:47:00;-03:00;43,90999984741211;44,0;43,90999984741211;43,970001220703125;6000
2026-09-28;10:48:00;-03:00;43,970001220703125;43,9900016784668;43,970001220703125;43,9900016784668;1500
2026-09-28;10:49:00;-03:00;43,9900016784668;43,9900016784668;43,959999084472656;43,959999084472656;1700
2026-09-28;10:50:00;-03:00;43,97999954223633;43,9900016784668;43,95000076293945;43,970001220703125;1800
2026-09-28;10:51:00;-03:00;43,95000076293945;43,970001220703125;43,95000076293945;43,970001220703125;1100
2026-09-28;10:52:00;-03:00;43,970001220703125;43,970001220703125;43,939998626708984;43,95000076293945;1500
2026-09-28;10:53:00;-03:00;43,939998626708984;43,939998626708984;43,93000030517578;43,939998626708984;800
2026-09-28;10:54:00;-03:00;43,91999816894531;43,93000030517578;43,900001525878906;43,93000030517578;3700
2026-09-28;10:55:00;-03:00;43,91999816894531;43,91999816894531;43,849998474121094;43,86000061035156;2200
2026-09-28;10:56:00;-03:00;43,86000061035156;43,880001068115234;43,779998779296875;43,79999923706055;7700
2026-09-28;10:57:00;-03:00;43,779998779296875;43,790000915527344;43,77000045776367;43,790000915527344;3800
2026-09-28;10:58:00;-03:00;43,779998779296875;43,790000915527344;43,7599983215332;43,779998779296875;3700
2026-09-28;10:59:00;-03:00;43,779998779296875;43,869998931884766;43,779998779296875;43,869998931884766;3300
2026-09-28;11:00:00;-03:00;43,880001068115234;43,88999938964844;43,86000061035156;43,86000061035156;5100
2026-09-28;11:01:00;-03:00;43,83000183105469;43,84000015258789;43,81999969482422;43,81999969482422;2400
2026-09-28;11:02:00;-03:00;43,810001373291016;43,84000015258789;43,810001373291016;43,84000015258789;3400
2026-09-28;11:03:00;-03:00;43,84000015258789;43,849998474121094;43,83000183105469;43,84000015258789;1100
2026-09-28;11:04:00;-03:00;43,84000015258789;43,84000015258789;43,81999969482422;43,81999969482422;1400
2026-09-28;11:05:00;-03:00;43,83000183105469;43,880001068115234;43,83000183105469;43,880001068115234;2400
2026-09-28;11:06:00;-03:00;43,88999938964844;43,90999984741211;43,88999938964844;43,900001525878906;2100
2026-09-28;11:07:00;-03:00;43,90999984741211;43,90999984741211;43,900001525878906;43,90999984741211;1600
2026-09-28;11:08:00;-03:00;43,90999984741211;43,93000030517578;43,900001525878906;43,900001525878906;1000
2026-09-28;11:09:00;-03:00;43,91999816894531;43,939998626708984;43,900001525878906;43,939998626708984;1400
2026-09-28;11:10:00;-03:00;43,93000030517578;43,970001220703125;43,93000030517578;43,970001220703125;600
2026-09-28;11:11:00;-03:00;43,97999954223633;43,97999954223633;43,959999084472656;43,970001220703125;2500
2026-09-28;11:12:00;-03:00;43,970001220703125;44,0099983215332;43,970001220703125;44,0;2300
2026-09-28;11:13:00;-03:00;43,9900016784668;44,02000045776367;43,97999954223633;43,97999954223633;2800
2026-09-28;11:14:00;-03:00;43,970001220703125;43,970001220703125;43,93000030517578;43,95000076293945;2800
2026-09-28;11:15:00;-03:00;43,959999084472656;43,970001220703125;43,939998626708984;43,939998626708984;2300
2026-09-28;11:16:00;-03:00;43,959999084472656;44,0;43,959999084472656;44,0;5400
2026-09-28;11:17:00;-03:00;44,0099983215332;44,040000915527344;43,970001220703125;43,970001220703125;5700
2026-09-28;11:18:00;-03:00;43,97999954223633;44,029998779296875;43,959999084472656;44,02000045776367;3500
2026-09-28;11:19:00;-03:00;44,02000045776367;44,099998474121094;44,02000045776367;44,099998474121094;3600
2026-09-28;11:20:00;-03:00;44,09000015258789;44,119998931884766;44,09000015258789;44,09000015258789;2200
2026-09-28;11:21:00;-03:00;44,08000183105469;44,09000015258789;44,060001373291016;44,09000015258789;2300
2026-09-28;11:22:00;-03:00;44,11000061035156;44,119998931884766;44,09000015258789;44,09000015258789;1000
2026-09-28;11:23:00;-03:00;44,11000061035156;44,130001068115234;44,11000061035156;44,130001068115234;4000
2026-09-28;11:24:00;-03:00;44,11000061035156;44,130001068115234;44,099998474121094;44,099998474121094;2200
2026-09-28;11:25:00;-03:00;44,09000015258789;44,11000061035156;44,06999969482422;44,06999969482422;1400
2026-09-28;11:26:00;-03:00;44,09000015258789;44,099998474121094;44,040000915527344;44,040000915527344;4600
2026-09-28;11:27:00;-03:00;44,040000915527344;44,04999923706055;44,040000915527344;44,04999923706055;1100
2026-09-28;11:28:00;-03:00;44,029998779296875;44,060001373291016;44,02000045776367;44,04999923706055;2800
2026-09-28;11:29:00;-03:00;44,06999969482422;44,09000015258789;44,06999969482422;44,09000015258789;2800
2026-09-28;11:30:00;-03:00;44,08000183105469;44,08000183105469;44,040000915527344;44,040000915527344;1900
2026-09-28;11:31:00;-03:00;44,060001373291016;44,060001373291016;44,029998779296875;44,029998779296875;1100
2026-09-28;11:32:00;-03:00;44,02000045776367;44,02000045776367;43,9900016784668;43,9900016784668;2900
2026-09-28;11:33:00;-03:00;44,0;44,060001373291016;44,0;44,029998779296875;2500
2026-09-28;11:34:00;-03:00;44,04999923706055;44,119998931884766;44,0099983215332;44,09000015258789;31800
2026-09-28;11:35:00;-03:00;44,04999923706055;44,119998931884766;43,9900016784668;44,02000045776367;22000
2026-09-28;11:36:00;-03:00;44,0099983215332;44,040000915527344;44,0;44,029998779296875;7800
2026-09-28;11:37:00;-03:00;44,04999923706055;44,060001373291016;44,02000045776367;44,02000045776367;4400
2026-09-28;11:38:00;-03:00;44,029998779296875;44,040000915527344;44,02000045776367;44,040000915527344;3700
2026-09-28;11:39:00;-03:00;44,029998779296875;44,04999923706055;44,02000045776367;44,040000915527344;900
2026-09-28;11:40:00;-03:00;44,04999923706055;44,060001373291016;44,029998779296875;44,029998779296875;2900
2026-09-28;11:41:00;-03:00;44,029998779296875;44,029998779296875;43,97999954223633;43,97999954223633;1800
2026-09-28;11:42:00;-03:00;43,970001220703125;43,97999954223633;43,959999084472656;43,970001220703125;2100
2026-09-28;11:43:00;-03:00;43,97999954223633;43,9900016784668;43,95000076293945;43,97999954223633;5300
2026-09-28;11:44:00;-03:00;43,959999084472656;43,9900016784668;43,939998626708984;43,939998626708984;2700
2026-09-28;11:45:00;-03:00;43,95000076293945;43,95000076293945;43,93000030517578;43,95000076293945;2400
2026-09-28;11:46:00;-03:00;43,939998626708984;43,95000076293945;43,900001525878906;43,900001525878906;1700
2026-09-28;11:47:00;-03:00;43,900001525878906;43,900001525878906;43,849998474121094;43,849998474121094;2800
2026-09-28;11:48:00;-03:00;43,869998931884766;43,869998931884766;43,86000061035156;43,869998931884766;1300
2026-09-28;11:49:00;-03:00;43,880001068115234;43,900001525878906;43,869998931884766;43,869998931884766;6200
2026-09-28;11:50:00;-03:00;43,869998931884766;43,90999984741211;43,869998931884766;43,90999984741211;2100
2026-09-28;11:51:00;-03:00;43,91999816894531;43,91999816894531;43,880001068115234;43,880001068115234;1400
2026-09-28;11:52:00;-03:00;43,880001068115234;43,880001068115234;43,849998474121094;43,849998474121094;1000
2026-09-28;11:53:00;-03:00;43,849998474121094;43,849998474121094;43,83000183105469;43,83000183105469;1100
2026-09-28;11:54:00;-03:00;43,84000015258789;43,88999938964844;43,84000015258789;43,86000061035156;2800
2026-09-28;11:55:00;-03:00;43,849998474121094;43,849998474121094;43,83000183105469;43,84000015258789;2700
2026-09-28;11:56:00;-03:00;43,84000015258789;43,849998474121094;43,83000183105469;43,849998474121094;1200
2026-09-28;11:57:00;-03:00;43,86000061035156;43,869998931884766;43,81999969482422;43,849998474121094;4300
2026-09-28;11:58:00;-03:00;43,849998474121094;43,880001068115234;43,84000015258789;43,880001068115234;2900
2026-09-28;11:59:00;-03:00;43,869998931884766;43,869998931884766;43,86000061035156;43,86000061035156;1900
2026-09-28;12:00:00;-03:00;43,86000061035156;43,86000061035156;43,81999969482422;43,83000183105469;2000
2026-09-28;12:01:00;-03:00;43,83000183105469;43,83000183105469;43,790000915527344;43,79999923706055;6100
2026-09-28;12:02:00;-03:00;43,810001373291016;43,810001373291016;43,75;43,779998779296875;6700
2026-09-28;12:03:00;-03:00;43,79999923706055;43,79999923706055;43,75;43,75;15800
2026-09-28;12:04:00;-03:00;43,7599983215332;43,779998779296875;43,7599983215332;43,7599983215332;3100
2026-09-28;12:05:00;-03:00;43,75;43,75;43,720001220703125;43,720001220703125;4400
2026-09-28;12:06:00;-03:00;43,709999084472656;43,720001220703125;43,68000030517578;43,720001220703125;8800
2026-09-28;12:07:00;-03:00;43,72999954223633;43,72999954223633;43,709999084472656;43,709999084472656;1800
2026-09-28;12:08:00;-03:00;43,70000076293945;43,70000076293945;43,689998626708984;43,689998626708984;900
2026-09-28;12:09:00;-03:00;43,709999084472656;43,7599983215332;43,709999084472656;43,75;3200
2026-09-28;12:10:00;-03:00;43,75;43,75;43,709999084472656;43,709999084472656;1300
2026-09-28;12:11:00;-03:00;43,70000076293945;43,720001220703125;43,70000076293945;43,720001220703125;600
2026-09-28;12:12:00;-03:00;43,70000076293945;43,720001220703125;43,70000076293945;43,709999084472656;2100
2026-09-28;12:13:00;-03:00;43,709999084472656;43,72999954223633;43,689998626708984;43,72999954223633;1000
2026-09-28;12:14:00;-03:00;43,7400016784668;43,75;43,720001220703125;43,720001220703125;2300
2026-09-28;12:15:00;-03:00;43,72999954223633;43,72999954223633;43,709999084472656;43,720001220703125;800
2026-09-28;12:16:00;-03:00;43,72999954223633;43,75;43,709999084472656;43,720001220703125;4100
2026-09-28;12:17:00;-03:00;43,70000076293945;43,72999954223633;43,70000076293945;43,72999954223633;1500
2026-09-28;12:18:00;-03:00;43,72999954223633;43,7599983215332;43,72999954223633;43,7400016784668;2600
2026-09-28;12:19:00;-03:00;43,7400016784668;43,75;43,7400016784668;43,7400016784668;600
2026-09-28;12:20:00;-03:00;43,7400016784668;43,75;43,72999954223633;43,75;500
2026-09-28;12:21:00;-03:00;43,72999954223633;43,75;43,72999954223633;43,75;3100
2026-09-28;12:22:00;-03:00;43,75;43,75;43,72999954223633;43,72999954223633;1300
2026-09-28;12:23:00;-03:00;43,72999954223633;43,75;43,72999954223633;43,7400016784668;2200
2026-09-28;12:24:00;-03:00;43,7400016784668;43,7400016784668;43,72999954223633;43,72999954223633;1800
2026-09-28;12:25:00;-03:00;43,72999954223633;43,75;43,720001220703125;43,7400016784668;3900
2026-09-28;12:26:00;-03:00;43,72999954223633;43,72999954223633;43,709999084472656;43,720001220703125;4000
2026-09-28;12:27:00;-03:00;43,72999954223633;43,72999954223633;43,720001220703125;43,720001220703125;200
2026-09-28;12:28:00;-03:00;43,72999954223633;43,72999954223633;43,689998626708984;43,689998626708984;4700
2026-09-28;12:29:00;-03:00;43,689998626708984;43,709999084472656;43,689998626708984;43,70000076293945;1900
2026-09-28;12:30:00;-03:00;43,709999084472656;43,709999084472656;43,70000076293945;43,70000076293945;300
2026-09-28;12:31:00;-03:00;43,709999084472656;43,72999954223633;43,70000076293945;43,72999954223633;4900
2026-09-28;12:32:00;-03:00;43,720001220703125;43,720001220703125;43,720001220703125;43,720001220703125;100
2026-09-28;12:33:00;-03:00;43,709999084472656;43,709999084472656;43,70000076293945;43,70000076293945;1100
2026-09-28;12:34:00;-03:00;43,70000076293945;43,720001220703125;43,689998626708984;43,720001220703125;3500
2026-09-28;12:35:00;-03:00;43,720001220703125;43,720001220703125;43,709999084472656;43,720001220703125;900
2026-09-28;12:36:00;-03:00;43,72999954223633;43,75;43,72999954223633;43,75;800
2026-09-28;12:37:00;-03:00;43,72999954223633;43,7400016784668;43,72999954223633;43,7400016784668;1700
2026-09-28;12:38:00;-03:00;43,7400016784668;43,7400016784668;43,72999954223633;43,7400016784668;1600
2026-09-28;12:39:00;-03:00;43,720001220703125;43,72999954223633;43,720001220703125;43,720001220703125;900
2026-09-28;12:40:00;-03:00;43,709999084472656;43,709999084472656;43,70000076293945;43,709999084472656;1400
2026-09-28;12:41:00;-03:00;43,709999084472656;43,720001220703125;43,66999816894531;43,66999816894531;5700
2026-09-28;12:42:00;-03:00;43,68000030517578;43,689998626708984;43,66999816894531;43,689998626708984;1100
2026-09-28;12:43:00;-03:00;43,689998626708984;43,689998626708984;43,68000030517578;43,68000030517578;1800
2026-09-28;12:44:00;-03:00;43,689998626708984;43,689998626708984;43,65999984741211;43,65999984741211;2900
2026-09-28;12:45:00;-03:00;43,650001525878906;43,66999816894531;43,63999938964844;43,63999938964844;2700
2026-09-28;12:46:00;-03:00;43,63999938964844;43,66999816894531;43,63999938964844;43,66999816894531;1400
2026-09-28;12:47:00;-03:00;43,65999984741211;43,65999984741211;43,650001525878906;43,650001525878906;500
2026-09-28;12:48:00;-03:00;43,650001525878906;43,650001525878906;43,63999938964844;43,650001525878906;3400
2026-09-28;12:49:00;-03:00;43,650001525878906;43,650001525878906;43,630001068115234;43,630001068115234;1500
2026-09-28;12:50:00;-03:00;43,619998931884766;43,630001068115234;43,619998931884766;43,630001068115234;700
2026-09-28;12:51:00;-03:00;43,630001068115234;43,650001525878906;43,630001068115234;43,63999938964844;1400
2026-09-28;12:52:00;-03:00;43,650001525878906;43,65999984741211;43,63999938964844;43,63999938964844;700
2026-09-28;12:53:00;-03:00;43,63999938964844;43,65999984741211;43,63999938964844;43,65999984741211;1600
2026-09-28;12:54:00;-03:00;43,65999984741211;43,66999816894531;43,65999984741211;43,66999816894531;1200
2026-09-28;12:55:00;-03:00;43,68000030517578;43,68000030517578;43,66999816894531;43,66999816894531;2100
2026-09-28;12:56:00;-03:00;43,65999984741211;43,68000030517578;43,650001525878906;43,68000030517578;7500
2026-09-28;12:57:00;-03:00;43,66999816894531;43,66999816894531;43,65999984741211;43,65999984741211;400
2026-09-28;12:58:00;-03:00;43,66999816894531;43,66999816894531;43,66999816894531;43,66999816894531;800
2026-09-28;12:59:00;-03:00;43,66999816894531;43,68000030517578;43,65999984741211;43,65999984741211;1200
2026-09-28;13:00:00;-03:00;43,66999816894531;43,66999816894531;43,66999816894531;43,66999816894531;1500
2026-09-28;13:01:00;-03:00;43,66999816894531;43,68000030517578;43,66999816894531;43,66999816894531;2900
2026-09-28;13:02:00;-03:00;43,68000030517578;43,68000030517578;43,65999984741211;43,65999984741211;2200
2026-09-28;13:03:00;-03:00;43,65999984741211;43,65999984741211;43,63999938964844;43,63999938964844;2800
2026-09-28;13:04:00;-03:00;43,63999938964844;43,65999984741211;43,63999938964844;43,65999984741211;3200
2026-09-28;13:05:00;-03:00;43,65999984741211;43,68000030517578;43,65999984741211;43,66999816894531;900
2026-09-28;13:06:00;-03:00;43,66999816894531;43,68000030517578;43,65999984741211;43,68000030517578;1200
2026-09-28;13:07:00;-03:00;43,65999984741211;43,68000030517578;43,65999984741211;43,66999816894531;3400
2026-09-28;13:08:00;-03:00;43,66999816894531;43,68000030517578;43,66999816894531;43,68000030517578;900
2026-09-28;13:09:00;-03:00;43,689998626708984;43,689998626708984;43,66999816894531;43,689998626708984;1700
2026-09-28;13:10:00;-03:00;43,689998626708984;43,689998626708984;43,689998626708984;43,689998626708984;900
2026-09-28;13:11:00;-03:00;43,68000030517578;43,68000030517578;43,650001525878906;43,650001525878906;1700
2026-09-28;13:12:00;-03:00;43,65999984741211;43,65999984741211;43,63999938964844;43,63999938964844;3000
2026-09-28;13:13:00;-03:00;43,630001068115234;43,630001068115234;43,61000061035156;43,61000061035156;6200
2026-09-28;13:14:00;-03:00;43,619998931884766;43,619998931884766;43,619998931884766;43,619998931884766;800
2026-09-28;13:15:00;-03:00;43,61000061035156;43,630001068115234;43,61000061035156;43,61000061035156;4400
2026-09-28;13:16:00;-03:00;43,619998931884766;43,65999984741211;43,59000015258789;43,65999984741211;6800
2026-09-28;13:17:00;-03:00;43,66999816894531;43,66999816894531;43,630001068115234;43,630001068115234;1300
2026-09-28;13:18:00;-03:00;43,630001068115234;43,63999938964844;43,619998931884766;43,619998931884766;800
2026-09-28;13:19:00;-03:00;43,630001068115234;43,630001068115234;43,619998931884766;43,619998931884766;500
2026-09-28;13:20:00;-03:00;43,630001068115234;43,709999084472656;43,630001068115234;43,709999084472656;4900
2026-09-28;13:21:00;-03:00;43,70000076293945;43,720001220703125;43,689998626708984;43,709999084472656;3700
2026-09-28;13:22:00;-03:00;43,70000076293945;43,70000076293945;43,66999816894531;43,66999816894531;200
2026-09-28;13:23:00;-03:00;43,650001525878906;43,65999984741211;43,650001525878906;43,65999984741211;900
2026-09-28;13:24:00;-03:00;43,65999984741211;43,7400016784668;43,65999984741211;43,70000076293945;12600
2026-09-28;13:25:00;-03:00;43,70000076293945;43,720001220703125;43,70000076293945;43,709999084472656;2800
2026-09-28;13:26:00;-03:00;43,72999954223633;43,81999969482422;43,70000076293945;43,810001373291016;4700
2026-09-28;13:27:00;-03:00;43,79999923706055;43,810001373291016;43,77000045776367;43,77000045776367;2000
2026-09-28;13:28:00;-03:00;43,779998779296875;43,779998779296875;43,75;43,7599983215332;3200
2026-09-28;13:29:00;-03:00;43,7599983215332;43,77000045776367;43,7400016784668;43,75;1300
2026-09-28;13:30:00;-03:00;43,720001220703125;43,72999954223633;43,68000030517578;43,68000030517578;5500
2026-09-28;13:31:00;-03:00;43,689998626708984;43,689998626708984;43,68000030517578;43,689998626708984;1700
2026-09-28;13:32:00;-03:00;43,689998626708984;43,709999084472656;43,68000030517578;43,689998626708984;5000
2026-09-28;13:33:00;-03:00;43,66999816894531;43,689998626708984;43,66999816894531;43,66999816894531;3000
2026-09-28;13:34:00;-03:00;43,68000030517578;43,70000076293945;43,66999816894531;43,66999816894531;1700
2026-09-28;13:35:00;-03:00;43,65999984741211;43,65999984741211;43,599998474121094;43,61000061035156;4100
2026-09-28;13:36:00;-03:00;43,619998931884766;43,65999984741211;43,59000015258789;43,65999984741211;7300
2026-09-28;13:37:00;-03:00;43,66999816894531;43,68000030517578;43,65999984741211;43,68000030517578;4800
2026-09-28;13:38:00;-03:00;43,66999816894531;43,66999816894531;43,630001068115234;43,63999938964844;2900
2026-09-28;13:39:00;-03:00;43,63999938964844;43,65999984741211;43,619998931884766;43,65999984741211;2500
2026-09-28;13:40:00;-03:00;43,650001525878906;43,65999984741211;43,630001068115234;43,630001068115234;600
2026-09-28;13:41:00;-03:00;43,63999938964844;43,650001525878906;43,61000061035156;43,61000061035156;4400
2026-09-28;13:42:00;-03:00;43,619998931884766;43,619998931884766;43,599998474121094;43,599998474121094;4500
2026-09-28;13:43:00;-03:00;43,59000015258789;43,59000015258789;43,58000183105469;43,58000183105469;1400
2026-09-28;13:44:00;-03:00;43,59000015258789;43,59000015258789;43,58000183105469;43,58000183105469;400
2026-09-28;13:45:00;-03:00;43,59000015258789;43,599998474121094;43,58000183105469;43,58000183105469;3900
2026-09-28;13:46:00;-03:00;43,58000183105469;43,58000183105469;43,52000045776367;43,540000915527344;7900
2026-09-28;13:47:00;-03:00;43,529998779296875;43,58000183105469;43,529998779296875;43,58000183105469;3600
2026-09-28;13:48:00;-03:00;43,56999969482422;43,59000015258789;43,56999969482422;43,58000183105469;1200
2026-09-28;13:49:00;-03:00;43,56999969482422;43,58000183105469;43,56999969482422;43,58000183105469;300
2026-09-28;13:50:00;-03:00;43,56999969482422;43,58000183105469;43,560001373291016;43,58000183105469;2600
2026-09-28;13:51:00;-03:00;43,56999969482422;43,58000183105469;43,560001373291016;43,560001373291016;2500
2026-09-28;13:52:00;-03:00;43,56999969482422;43,56999969482422;43,56999969482422;43,56999969482422;2800
2026-09-28;13:53:00;-03:00;43,560001373291016;43,56999969482422;43,54999923706055;43,560001373291016;1900
2026-09-28;13:54:00;-03:00;43,560001373291016;43,58000183105469;43,560001373291016;43,58000183105469;2300
2026-09-28;13:55:00;-03:00;43,58000183105469;43,58000183105469;43,56999969482422;43,56999969482422;2900
2026-09-28;13:56:00;-03:00;43,560001373291016;43,56999969482422;43,560001373291016;43,56999969482422;300
2026-09-28;13:57:00;-03:00;43,560001373291016;43,56999969482422;43,54999923706055;43,56999969482422;3400
2026-09-28;13:58:00;-03:00;43,58000183105469;43,59000015258789;43,56999969482422;43,56999969482422;1000
2026-09-28;13:59:00;-03:00;43,56999969482422;43,56999969482422;43,54999923706055;43,56999969482422;1400
2026-09-28;14:00:00;-03:00;43,560001373291016;43,560001373291016;43,529998779296875;43,529998779296875;5900
2026-09-28;14:01:00;-03:00;43,529998779296875;43,529998779296875;43,5099983215332;43,5099983215332;4400
2026-09-28;14:02:00;-03:00;43,52000045776367;43,52000045776367;43,5099983215332;43,52000045776367;2300
2026-09-28;14:03:00;-03:00;43,52000045776367;43,52000045776367;43,52000045776367;43,52000045776367;300
2026-09-28;14:04:00;-03:00;43,52000045776367;43,529998779296875;43,5099983215332;43,5099983215332;1100
2026-09-28;14:05:00;-03:00;43,5099983215332;43,5099983215332;43,5099983215332;43,5099983215332;800
2026-09-28;14:06:00;-03:00;43,5;43,5099983215332;43,470001220703125;43,5099983215332;9700
2026-09-28;14:07:00;-03:00;43,5099983215332;43,52000045776367;43,5099983215332;43,52000045776367;1300
2026-09-28;14:08:00;-03:00;43,5099983215332;43,5099983215332;43,5;43,5;800
2026-09-28;14:09:00;-03:00;43,5;43,5099983215332;43,5;43,5099983215332;3700
2026-09-28;14:10:00;-03:00;43,52000045776367;43,52000045776367;43,5099983215332;43,5099983215332;300
2026-09-28;14:11:00;-03:00;43,52000045776367;43,650001525878906;43,5099983215332;43,630001068115234;11900
2026-09-28;14:12:00;-03:00;43,630001068115234;43,720001220703125;43,630001068115234;43,63999938964844;7100
2026-09-28;14:13:00;-03:00;43,630001068115234;43,650001525878906;43,630001068115234;43,63999938964844;1600
2026-09-28;14:14:00;-03:00;43,630001068115234;43,630001068115234;43,59000015258789;43,630001068115234;4400
2026-09-28;14:15:00;-03:00;43,619998931884766;43,619998931884766;43,54999923706055;43,56999969482422;1600
2026-09-28;14:16:00;-03:00;43,58000183105469;43,599998474121094;43,56999969482422;43,58000183105469;3400
2026-09-28;14:17:00;-03:00;43,59000015258789;43,59000015258789;43,54999923706055;43,56999969482422;4100
2026-09-28;14:18:00;-03:00;43,560001373291016;43,560001373291016;43,54999923706055;43,54999923706055;300
2026-09-28;14:19:00;-03:00;43,540000915527344;43,540000915527344;43,52000045776367;43,529998779296875;1400
2026-09-28;14:20:00;-03:00;43,52000045776367;43,560001373291016;43,5099983215332;43,54999923706055;3900
2026-09-28;14:21:00;-03:00;43,54999923706055;43,54999923706055;43,52000045776367;43,540000915527344;700
2026-09-28;14:22:00;-03:00;43,540000915527344;43,560001373291016;43,5099983215332;43,5099983215332;6900
2026-09-28;14:23:00;-03:00;43,5099983215332;43,61000061035156;43,5099983215332;43,599998474121094;8100
2026-09-28;14:24:00;-03:00;43,599998474121094;43,619998931884766;43,599998474121094;43,61000061035156;2400
2026-09-28;14:25:00;-03:00;43,61000061035156;43,61000061035156;43,59000015258789;43,59000015258789;1000
2026-09-28;14:26:00;-03:00;43,599998474121094;43,599998474121094;43,58000183105469;43,59000015258789;2200
2026-09-28;14:27:00;-03:00;43,59000015258789;43,599998474121094;43,59000015258789;43,599998474121094;1400
2026-09-28;14:28:00;-03:00;43,59000015258789;43,599998474121094;43,59000015258789;43,59000015258789;1000
2026-09-28;14:29:00;-03:00;43,59000015258789;43,59000015258789;43,58000183105469;43,58000183105469;1100
2026-09-28;14:30:00;-03:00;43,59000015258789;43,63999938964844;43,59000015258789;43,63999938964844;6900
2026-09-28;14:31:00;-03:00;43,630001068115234;43,630001068115234;43,61000061035156;43,61000061035156;1000
2026-09-28;14:32:00;-03:00;43,61000061035156;43,619998931884766;43,61000061035156;43,619998931884766;1400
2026-09-28;14:33:00;-03:00;43,61000061035156;43,619998931884766;43,61000061035156;43,61000061035156;600
2026-09-28;14:34:00;-03:00;43,599998474121094;43,619998931884766;43,59000015258789;43,619998931884766;4400
2026-09-28;14:35:00;-03:00;43,599998474121094;43,61000061035156;43,599998474121094;43,61000061035156;500
2026-09-28;14:36:00;-03:00;43,619998931884766;43,619998931884766;43,61000061035156;43,61000061035156;1500
2026-09-28;14:37:00;-03:00;43,61000061035156;43,61000061035156;43,599998474121094;43,599998474121094;1600
2026-09-28;14:38:00;-03:00;43,599998474121094;43,630001068115234;43,599998474121094;43,630001068115234;3100
2026-09-28;14:39:00;-03:00;43,630001068115234;43,630001068115234;43,630001068115234;43,630001068115234;1200
2026-09-28;14:40:00;-03:00;43,619998931884766;43,630001068115234;43,61000061035156;43,630001068115234;11400
2026-09-28;14:41:00;-03:00;43,630001068115234;43,689998626708984;43,619998931884766;43,68000030517578;6200
2026-09-28;14:42:00;-03:00;43,66999816894531;43,66999816894531;43,65999984741211;43,65999984741211;900
2026-09-28;14:43:00;-03:00;43,66999816894531;43,68000030517578;43,66999816894531;43,68000030517578;3100
2026-09-28;14:44:00;-03:00;43,68000030517578;43,70000076293945;43,68000030517578;43,70000076293945;1500
2026-09-28;14:45:00;-03:00;43,689998626708984;43,70000076293945;43,66999816894531;43,66999816894531;3200
2026-09-28;14:46:00;-03:00;43,65999984741211;43,65999984741211;43,650001525878906;43,650001525878906;300
2026-09-28;14:47:00;-03:00;43,65999984741211;43,68000030517578;43,65999984741211;43,68000030517578;2600
2026-09-28;14:48:00;-03:00;43,66999816894531;43,66999816894531;43,63999938964844;43,65999984741211;6000
2026-09-28;14:49:00;-03:00;43,66999816894531;43,68000030517578;43,65999984741211;43,68000030517578;1900
2026-09-28;14:50:00;-03:00;43,66999816894531;43,66999816894531;43,65999984741211;43,66999816894531;1800
2026-09-28;14:51:00;-03:00;43,66999816894531;43,68000030517578;43,66999816894531;43,68000030517578;200
2026-09-28;14:52:00;-03:00;43,66999816894531;43,66999816894531;43,66999816894531;43,66999816894531;200
2026-09-28;14:53:00;-03:00;43,66999816894531;43,66999816894531;43,66999816894531;43,66999816894531;300
2026-09-28;14:54:00;-03:00;43,68000030517578;43,689998626708984;43,68000030517578;43,68000030517578;5000
2026-09-28;14:55:00;-03:00;43,68000030517578;43,68000030517578;43,65999984741211;43,66999816894531;2800
2026-09-28;14:56:00;-03:00;43,68000030517578;43,68000030517578;43,66999816894531;43,66999816894531;200
2026-09-28;14:57:00;-03:00;43,66999816894531;43,66999816894531;43,66999816894531;43,66999816894531;800
2026-09-28;14:58:00;-03:00;43,65999984741211;43,66999816894531;43,650001525878906;43,65999984741211;3100
2026-09-28;14:59:00;-03:00;43,66999816894531;43,66999816894531;43,650001525878906;43,650001525878906;2700
2026-09-28;15:00:00;-03:00;43,65999984741211;43,65999984741211;43,650001525878906;43,65999984741211;1300
2026-09-28;15:01:00;-03:00;43,65999984741211;43,65999984741211;43,650001525878906;43,65999984741211;1200
2026-09-28;15:02:00;-03:00;43,65999984741211;43,68000030517578;43,65999984741211;43,68000030517578;2700
2026-09-28;15:03:00;-03:00;43,68000030517578;43,68000030517578;43,65999984741211;43,65999984741211;1000
2026-09-28;15:04:00;-03:00;43,66999816894531;43,66999816894531;43,65999984741211;43,66999816894531;500
2026-09-28;15:05:00;-03:00;43,65999984741211;43,66999816894531;43,65999984741211;43,66999816894531;4000
2026-09-28;15:06:00;-03:00;43,66999816894531;43,66999816894531;43,650001525878906;43,650001525878906;4800
2026-09-28;15:07:00;-03:00;43,650001525878906;43,65999984741211;43,63999938964844;43,65999984741211;7600
2026-09-28;15:08:00;-03:00;43,650001525878906;43,65999984741211;43,63999938964844;43,650001525878906;3000
2026-09-28;15:09:00;-03:00;43,65999984741211;43,66999816894531;43,650001525878906;43,650001525878906;5600
2026-09-28;15:10:00;-03:00;43,650001525878906;43,650001525878906;43,61000061035156;43,619998931884766;10900
2026-09-28;15:11:00;-03:00;43,61000061035156;43,630001068115234;43,599998474121094;43,630001068115234;1600
2026-09-28;15:12:00;-03:00;43,630001068115234;43,630001068115234;43,61000061035156;43,61000061035156;3100
2026-09-28;15:13:00;-03:00;43,61000061035156;43,630001068115234;43,61000061035156;43,630001068115234;2800
2026-09-28;15:14:00;-03:00;43,630001068115234;43,630001068115234;43,619998931884766;43,619998931884766;900
2026-09-28;15:15:00;-03:00;43,630001068115234;43,630001068115234;43,619998931884766;43,619998931884766;2700
2026-09-28;15:16:00;-03:00;43,619998931884766;43,619998931884766;43,61000061035156;43,61000061035156;3700
2026-09-28;15:17:00;-03:00;43,630001068115234;43,630001068115234;43,619998931884766;43,619998931884766;1000
2026-09-28;15:18:00;-03:00;43,619998931884766;43,619998931884766;43,61000061035156;43,619998931884766;2300
2026-09-28;15:19:00;-03:00;43,61000061035156;43,61000061035156;43,61000061035156;43,61000061035156;600
2026-09-28;15:20:00;-03:00;43,61000061035156;43,619998931884766;43,61000061035156;43,619998931884766;4500
2026-09-28;15:21:00;-03:00;43,61000061035156;43,630001068115234;43,61000061035156;43,61000061035156;2400
2026-09-28;15:22:00;-03:00;43,61000061035156;43,619998931884766;43,61000061035156;43,619998931884766;2200
2026-09-28;15:23:00;-03:00;43,61000061035156;43,619998931884766;43,599998474121094;43,61000061035156;1800
2026-09-28;15:24:00;-03:00;43,61000061035156;43,650001525878906;43,61000061035156;43,630001068115234;7200
2026-09-28;15:25:00;-03:00;43,630001068115234;43,63999938964844;43,630001068115234;43,630001068115234;1300
2026-09-28;15:26:00;-03:00;43,63999938964844;43,63999938964844;43,630001068115234;43,630001068115234;1300
2026-09-28;15:27:00;-03:00;43,61000061035156;43,630001068115234;43,599998474121094;43,619998931884766;4200
2026-09-28;15:28:00;-03:00;43,630001068115234;43,630001068115234;43,61000061035156;43,630001068115234;1600
2026-09-28;15:29:00;-03:00;43,61000061035156;43,630001068115234;43,61000061035156;43,630001068115234;7800
2026-09-28;15:30:00;-03:00;43,630001068115234;43,63999938964844;43,61000061035156;43,630001068115234;3500
2026-09-28;15:31:00;-03:00;43,61000061035156;43,61000061035156;43,599998474121094;43,61000061035156;800
2026-09-28;15:32:00;-03:00;43,599998474121094;43,61000061035156;43,599998474121094;43,599998474121094;800
2026-09-28;15:33:00;-03:00;43,599998474121094;43,61000061035156;43,599998474121094;43,599998474121094;1700
2026-09-28;15:34:00;-03:00;43,599998474121094;43,599998474121094;43,56999969482422;43,599998474121094;18900
2026-09-28;15:35:00;-03:00;43,599998474121094;43,599998474121094;43,59000015258789;43,59000015258789;500
2026-09-28;15:36:00;-03:00;43,59000015258789;43,59000015258789;43,56999969482422;43,59000015258789;800
2026-09-28;15:37:00;-03:00;43,59000015258789;43,59000015258789;43,56999969482422;43,59000015258789;6600
2026-09-28;15:38:00;-03:00;43,58000183105469;43,58000183105469;43,560001373291016;43,58000183105469;2200
2026-09-28;15:39:00;-03:00;43,59000015258789;43,59000015258789;43,560001373291016;43,560001373291016;2200
2026-09-28;15:40:00;-03:00;43,560001373291016;43,56999969482422;43,54999923706055;43,56999969482422;3400
2026-09-28;15:41:00;-03:00;43,56999969482422;43,630001068115234;43,56999969482422;43,630001068115234;12400
2026-09-28;15:42:00;-03:00;43,630001068115234;43,63999938964844;43,619998931884766;43,619998931884766;2900
2026-09-28;15:43:00;-03:00;43,630001068115234;43,650001525878906;43,630001068115234;43,63999938964844;3900
2026-09-28;15:44:00;-03:00;43,65999984741211;43,65999984741211;43,63999938964844;43,650001525878906;600
2026-09-28;15:45:00;-03:00;43,650001525878906;43,650001525878906;43,619998931884766;43,619998931884766;3200
2026-09-28;15:46:00;-03:00;43,619998931884766;43,630001068115234;43,61000061035156;43,619998931884766;1000
2026-09-28;15:47:00;-03:00;43,619998931884766;43,630001068115234;43,61000061035156;43,61000061035156;7000
2026-09-28;15:48:00;-03:00;43,61000061035156;43,63999938964844;43,61000061035156;43,63999938964844;4600
2026-09-28;15:49:00;-03:00;43,630001068115234;43,650001525878906;43,630001068115234;43,63999938964844;3200
2026-09-28;15:50:00;-03:00;43,650001525878906;43,650001525878906;43,63999938964844;43,63999938964844;3100
2026-09-28;15:51:00;-03:00;43,63999938964844;43,63999938964844;43,63999938964844;43,63999938964844;1100
2026-09-28;15:52:00;-03:00;43,63999938964844;43,650001525878906;43,63999938964844;43,650001525878906;800
2026-09-28;15:53:00;-03:00;43,63999938964844;43,63999938964844;43,630001068115234;43,63999938964844;2100
2026-09-28;15:54:00;-03:00;43,63999938964844;43,63999938964844;43,630001068115234;43,63999938964844;2500
2026-09-28;15:55:00;-03:00;43,63999938964844;43,63999938964844;43,630001068115234;43,630001068115234;1900
2026-09-28;15:56:00;-03:00;43,630001068115234;43,63999938964844;43,630001068115234;43,63999938964844;1400
2026-09-28;15:57:00;-03:00;43,630001068115234;43,63999938964844;43,630001068115234;43,630001068115234;1600
2026-09-28;15:58:00;-03:00;43,63999938964844;43,63999938964844;43,630001068115234;43,630001068115234;4100
2026-09-28;15:59:00;-03:00;43,630001068115234;43,63999938964844;43,619998931884766;43,63999938964844;6300
2026-09-28;16:00:00;-03:00;43,630001068115234;43,630001068115234;43,61000061035156;43,619998931884766;7300
2026-09-28;16:01:00;-03:00;43,61000061035156;43,630001068115234;43,61000061035156;43,61000061035156;19200
2026-09-28;16:02:00;-03:00;43,61000061035156;43,63999938964844;43,61000061035156;43,630001068115234;6000
2026-09-28;16:03:00;-03:00;43,63999938964844;43,63999938964844;43,619998931884766;43,630001068115234;3800
2026-09-28;16:04:00;-03:00;43,630001068115234;43,63999938964844;43,619998931884766;43,630001068115234;1900
2026-09-28;16:05:00;-03:00;43,630001068115234;43,63999938964844;43,619998931884766;43,619998931884766;1500
2026-09-28;16:06:00;-03:00;43,619998931884766;43,650001525878906;43,619998931884766;43,650001525878906;6100
2026-09-28;16:07:00;-03:00;43,650001525878906;43,66999816894531;43,63999938964844;43,65999984741211;4200
2026-09-28;16:08:00;-03:00;43,65999984741211;43,65999984741211;43,619998931884766;43,619998931884766;6100
2026-09-28;16:09:00;-03:00;43,619998931884766;43,66999816894531;43,619998931884766;43,65999984741211;7600
2026-09-28;16:10:00;-03:00;43,650001525878906;43,65999984741211;43,650001525878906;43,65999984741211;3400
2026-09-28;16:11:00;-03:00;43,65999984741211;43,65999984741211;43,63999938964844;43,63999938964844;1600
2026-09-28;16:12:00;-03:00;43,63999938964844;43,63999938964844;43,630001068115234;43,630001068115234;3000
2026-09-28;16:13:00;-03:00;43,619998931884766;43,63999938964844;43,619998931884766;43,619998931884766;8100
2026-09-28;16:14:00;-03:00;43,619998931884766;43,630001068115234;43,619998931884766;43,619998931884766;3600
2026-09-28;16:15:00;-03:00;43,619998931884766;43,619998931884766;43,61000061035156;43,61000061035156;2100
2026-09-28;16:16:00;-03:00;43,61000061035156;43,63999938964844;43,61000061035156;43,630001068115234;6500
2026-09-28;16:17:00;-03:00;43,63999938964844;43,65999984741211;43,63999938964844;43,65999984741211;7200
2026-09-28;16:18:00;-03:00;43,650001525878906;43,65999984741211;43,650001525878906;43,650001525878906;1400
2026-09-28;16:19:00;-03:00;43,63999938964844;43,650001525878906;43,61000061035156;43,630001068115234;9600
2026-09-28;16:20:00;-03:00;43,619998931884766;43,650001525878906;43,619998931884766;43,63999938964844;3200
2026-09-28;16:21:00;-03:00;43,630001068115234;43,63999938964844;43,619998931884766;43,619998931884766;3000
2026-09-28;16:22:00;-03:00;43,630001068115234;43,650001525878906;43,619998931884766;43,63999938964844;4400
2026-09-28;16:23:00;-03:00;43,63999938964844;43,650001525878906;43,630001068115234;43,650001525878906;2800
2026-09-28;16:24:00;-03:00;43,63999938964844;43,65999984741211;43,63999938964844;43,65999984741211;6700
2026-09-28;16:25:00;-03:00;43,650001525878906;43,65999984741211;43,650001525878906;43,650001525878906;900
2026-09-28;16:26:00;-03:00;43,650001525878906;43,68000030517578;43,650001525878906;43,66999816894531;4000
2026-09-28;16:27:00;-03:00;43,65999984741211;43,66999816894531;43,65999984741211;43,65999984741211;1800
2026-09-28;16:28:00;-03:00;43,65999984741211;43,68000030517578;43,65999984741211;43,66999816894531;3300
2026-09-28;16:29:00;-03:00;43,66999816894531;43,70000076293945;43,65999984741211;43,70000076293945;13100
2026-09-28;16:30:00;-03:00;43,689998626708984;43,70000076293945;43,689998626708984;43,689998626708984;2500
2026-09-28;16:31:00;-03:00;43,70000076293945;43,709999084472656;43,70000076293945;43,70000076293945;3300
2026-09-28;16:32:00;-03:00;43,709999084472656;43,709999084472656;43,66999816894531;43,66999816894531;3700
2026-09-28;16:33:00;-03:00;43,68000030517578;43,689998626708984;43,66999816894531;43,66999816894531;3700
2026-09-28;16:34:00;-03:00;43,66999816894531;43,720001220703125;43,66999816894531;43,689998626708984;7600
2026-09-28;16:35:00;-03:00;43,689998626708984;43,70000076293945;43,689998626708984;43,689998626708984;3200
2026-09-28;16:36:00;-03:00;43,689998626708984;43,709999084472656;43,68000030517578;43,70000076293945;5200
2026-09-28;16:37:00;-03:00;43,70000076293945;43,70000076293945;43,68000030517578;43,70000076293945;3900
2026-09-28;16:38:00;-03:00;43,689998626708984;43,70000076293945;43,68000030517578;43,70000076293945;3200
2026-09-28;16:39:00;-03:00;43,689998626708984;43,709999084472656;43,689998626708984;43,709999084472656;4500
2026-09-28;16:40:00;-03:00;43,689998626708984;43,70000076293945;43,689998626708984;43,70000076293945;3700
2026-09-28;16:41:00;-03:00;43,689998626708984;43,70000076293945;43,68000030517578;43,70000076293945;3500
2026-09-28;16:42:00;-03:00;43,70000076293945;43,720001220703125;43,70000076293945;43,709999084472656;4600
2026-09-28;16:43:00;-03:00;43,709999084472656;43,72999954223633;43,709999084472656;43,720001220703125;6000
2026-09-28;16:44:00;-03:00;43,720001220703125;43,72999954223633;43,709999084472656;43,72999954223633;6600
2026-09-28;16:45:00;-03:00;43,720001220703125;43,720001220703125;43,709999084472656;43,720001220703125;3500
2026-09-28;16:46:00;-03:00;43,720001220703125;43,720001220703125;43,709999084472656;43,720001220703125;3500
2026-09-28;16:47:00;-03:00;43,709999084472656;43,72999954223633;43,709999084472656;43,72999954223633;6600
2026-09-28;16:48:00;-03:00;43,720001220703125;43,7400016784668;43,720001220703125;43,7400016784668;4600
2026-09-28;16:49:00;-03:00;43,7400016784668;43,75;43,72999954223633;43,75;5700
2026-09-28;16:50:00;-03:00;43,75;43,75;43,72999954223633;43,75;5900
2026-09-28;16:51:00;-03:00;43,75;43,77000045776367;43,75;43,77000045776367;5700
2026-09-28;16:52:00;-03:00;43,77000045776367;43,779998779296875;43,7599983215332;43,7599983215332;5000
2026-09-28;16:53:00;-03:00;43,77000045776367;43,779998779296875;43,77000045776367;43,77000045776367;3300
2026-09-28;16:54:00;-03:00;43,77000045776367;43,790000915527344;43,720001220703125;43,790000915527344;3000
2026-09-29;10:01:00;-03:00;43,79999923706055;43,79999923706055;43,7400016784668;43,7400016784668;0
2026-09-29;10:02:00;-03:00;43,689998626708984;43,689998626708984;43,65999984741211;43,65999984741211;400
2026-09-29;10:03:00;-03:00;43,720001220703125;43,720001220703125;43,61000061035156;43,619998931884766;4300
2026-09-29;10:04:00;-03:00;43,650001525878906;43,650001525878906;43,619998931884766;43,619998931884766;200
2026-09-29;10:05:00;-03:00;43,63999938964844;43,63999938964844;43,599998474121094;43,619998931884766;11300
2026-09-29;10:06:00;-03:00;43,630001068115234;43,630001068115234;43,61000061035156;43,61000061035156;1200
2026-09-29;10:07:00;-03:00;43,61000061035156;43,619998931884766;43,61000061035156;43,619998931884766;400
2026-09-29;10:08:00;-03:00;43,63999938964844;43,650001525878906;43,529998779296875;43,529998779296875;3000
2026-09-29;10:09:00;-03:00;43,540000915527344;43,619998931884766;43,540000915527344;43,619998931884766;1400
2026-09-29;10:10:00;-03:00;43,599998474121094;43,650001525878906;43,54999923706055;43,58000183105469;5000
2026-09-29;10:11:00;-03:00;43,58000183105469;43,599998474121094;43,56999969482422;43,56999969482422;0
2026-09-29;10:12:00;-03:00;43,56999969482422;43,58000183105469;43,56999969482422;43,56999969482422;500
2026-09-29;10:13:00;-03:00;43,61000061035156;43,61000061035156;43,58000183105469;43,58000183105469;600
2026-09-29;10:14:00;-03:00;43,61000061035156;43,63999938964844;43,61000061035156;43,63999938964844;1400
2026-09-29;10:15:00;-03:00;43,619998931884766;43,709999084472656;43,599998474121094;43,66999816894531;6100
2026-09-29;10:16:00;-03:00;43,68000030517578;43,68000030517578;43,630001068115234;43,650001525878906;500
2026-09-29;10:17:00;-03:00;43,65999984741211;43,65999984741211;43,65999984741211;43,65999984741211;600
2026-09-29;10:18:00;-03:00;43,65999984741211;43,65999984741211;43,619998931884766;43,619998931884766;1800
2026-09-29;10:19:00;-03:00;43,630001068115234;43,68000030517578;43,61000061035156;43,68000030517578;2400
2026-09-29;10:20:00;-03:00;43,70000076293945;43,72999954223633;43,689998626708984;43,70000076293945;2100
2026-09-29;10:21:00;-03:00;43,70000076293945;43,70000076293945;43,65999984741211;43,68000030517578;1300
2026-09-29;10:22:00;-03:00;43,68000030517578;43,709999084472656;43,650001525878906;43,65999984741211;3300
2026-09-29;10:23:00;-03:00;43,66999816894531;43,66999816894531;43,650001525878906;43,65999984741211;500
2026-09-29;10:24:00;-03:00;43,65999984741211;43,65999984741211;43,650001525878906;43,65999984741211;300
2026-09-29;10:25:00;-03:00;43,65999984741211;43,65999984741211;43,63999938964844;43,63999938964844;800
2026-09-29;10:26:00;-03:00;43,650001525878906;43,68000030517578;43,650001525878906;43,68000030517578;2300
2026-09-29;10:27:00;-03:00;43,66999816894531;43,70000076293945;43,66999816894531;43,70000076293945;300
2026-09-29;10:28:00;-03:00;43,689998626708984;43,689998626708984;43,68000030517578;43,689998626708984;1400
2026-09-29;10:29:00;-03:00;43,689998626708984;43,72999954223633;43,689998626708984;43,72999954223633;2900
2026-09-29;10:30:00;-03:00;43,7400016784668;43,779998779296875;43,689998626708984;43,779998779296875;1000
2026-09-29;10:31:00;-03:00;43,77000045776367;43,77000045776367;43,689998626708984;43,689998626708984;1400
2026-09-29;10:32:00;-03:00;43,70000076293945;43,7599983215332;43,70000076293945;43,720001220703125;2700
2026-09-29;10:33:00;-03:00;43,72999954223633;43,72999954223633;43,63999938964844;43,63999938964844;2000
2026-09-29;10:34:00;-03:00;43,619998931884766;43,70000076293945;43,619998931884766;43,70000076293945;1500
2026-09-29;10:35:00;-03:00;43,70000076293945;43,7400016784668;43,689998626708984;43,7400016784668;600
2026-09-29;10:36:00;-03:00;43,72999954223633;43,75;43,709999084472656;43,709999084472656;800
2026-09-29;10:37:00;-03:00;43,689998626708984;43,70000076293945;43,66999816894531;43,70000076293945;800
2026-09-29;10:38:00;-03:00;43,70000076293945;43,70000076293945;43,68000030517578;43,689998626708984;1400
2026-09-29;10:39:00;-03:00;43,709999084472656;43,709999084472656;43,70000076293945;43,70000076293945;200
2026-09-29;10:40:00;-03:00;43,689998626708984;43,709999084472656;43,63999938964844;43,689998626708984;7000
2026-09-29;10:41:00;-03:00;43,689998626708984;43,720001220703125;43,689998626708984;43,709999084472656;1500
2026-09-29;10:42:00;-03:00;43,70000076293945;43,720001220703125;43,70000076293945;43,720001220703125;400
2026-09-29;10:43:00;-03:00;43,7400016784668;43,779998779296875;43,72999954223633;43,779998779296875;1700
2026-09-29;10:44:00;-03:00;43,7599983215332;43,81999969482422;43,7599983215332;43,790000915527344;4700
2026-09-29;10:45:00;-03:00;43,790000915527344;43,88999938964844;43,790000915527344;43,869998931884766;1800
2026-09-29;10:46:00;-03:00;43,880001068115234;43,900001525878906;43,86000061035156;43,900001525878906;1400
2026-09-29;10:47:00;-03:00;43,900001525878906;43,90999984741211;43,900001525878906;43,90999984741211;500
2026-09-29;10:48:00;-03:00;43,900001525878906;43,91999816894531;43,900001525878906;43,91999816894531;2900
2026-09-29;10:49:00;-03:00;43,90999984741211;43,93000030517578;43,880001068115234;43,900001525878906;1900
2026-09-29;10:50:00;-03:00;43,93000030517578;43,939998626708984;43,91999816894531;43,91999816894531;2100
2026-09-29;10:51:00;-03:00;43,95000076293945;43,95000076293945;43,939998626708984;43,939998626708984;1300
2026-09-29;10:52:00;-03:00;43,95000076293945;43,9900016784668;43,939998626708984;43,9900016784668;1800
2026-09-29;10:53:00;-03:00;43,9900016784668;43,9900016784668;43,88999938964844;43,900001525878906;5600
2026-09-29;10:54:00;-03:00;43,91999816894531;43,91999816894531;43,91999816894531;43,91999816894531;0
2026-09-29;10:55:00;-03:00;43,91999816894531;43,91999816894531;43,90999984741211;43,90999984741211;400
2026-09-29;10:56:00;-03:00;43,900001525878906;43,90999984741211;43,900001525878906;43,900001525878906;1900
2026-09-29;10:57:00;-03:00;43,900001525878906;43,90999984741211;43,88999938964844;43,88999938964844;900
2026-09-29;10:58:00;-03:00;43,88999938964844;43,88999938964844;43,84000015258789;43,86000061035156;5000
2026-09-29;10:59:00;-03:00;43,86000061035156;43,869998931884766;43,86000061035156;43,869998931884766;400
2026-09-29;11:00:00;-03:00;43,869998931884766;43,959999084472656;43,869998931884766;43,900001525878906;3700
2026-09-29;11:01:00;-03:00;43,900001525878906;43,91999816894531;43,869998931884766;43,869998931884766;2700
2026-09-29;11:02:00;-03:00;43,88999938964844;43,88999938964844;43,86000061035156;43,86000061035156;2800
2026-09-29;11:03:00;-03:00;43,86000061035156;43,970001220703125;43,86000061035156;43,959999084472656;8500
2026-09-29;11:04:00;-03:00;43,959999084472656;44,0;43,939998626708984;44,0;14400
2026-09-29;11:05:00;-03:00;44,0;44,0;43,939998626708984;43,959999084472656;0
2026-09-29;11:06:00;-03:00;43,93000030517578;43,93000030517578;43,91999816894531;43,93000030517578;600
2026-09-29;11:07:00;-03:00;43,93000030517578;43,95000076293945;43,900001525878906;43,90999984741211;2500
2026-09-29;11:08:00;-03:00;43,93000030517578;43,939998626708984;43,93000030517578;43,939998626708984;600
2026-09-29;11:09:00;-03:00;43,93000030517578;43,93000030517578;43,93000030517578;43,93000030517578;300
2026-09-29;11:10:00;-03:00;43,970001220703125;43,97999954223633;43,959999084472656;43,959999084472656;1400
2026-09-29;11:11:00;-03:00;43,970001220703125;43,970001220703125;43,95000076293945;43,95000076293945;1000
2026-09-29;11:12:00;-03:00;43,939998626708984;43,939998626708984;43,91999816894531;43,91999816894531;700
2026-09-29;11:13:00;-03:00;43,93000030517578;43,93000030517578;43,880001068115234;43,900001525878906;2400
2026-09-29;11:14:00;-03:00;43,88999938964844;43,91999816894531;43,88999938964844;43,90999984741211;3700
2026-09-29;11:15:00;-03:00;43,900001525878906;43,900001525878906;43,84000015258789;43,849998474121094;2900
2026-09-29;11:16:00;-03:00;43,869998931884766;43,880001068115234;43,86000061035156;43,86000061035156;300
2026-09-29;11:17:00;-03:00;43,880001068115234;43,88999938964844;43,86000061035156;43,880001068115234;1200
2026-09-29;11:18:00;-03:00;43,86000061035156;43,86000061035156;43,86000061035156;43,86000061035156;0
2026-09-29;11:19:00;-03:00;43,869998931884766;43,869998931884766;43,81999969482422;43,849998474121094;8000
2026-09-29;11:20:00;-03:00;43,849998474121094;43,869998931884766;43,849998474121094;43,869998931884766;400
2026-09-29;11:21:00;-03:00;43,869998931884766;43,869998931884766;43,81999969482422;43,81999969482422;1600
2026-09-29;11:22:00;-03:00;43,84000015258789;43,849998474121094;43,84000015258789;43,849998474121094;800
2026-09-29;11:23:00;-03:00;43,83000183105469;43,83000183105469;43,83000183105469;43,83000183105469;200
2026-09-29;11:24:00;-03:00;43,83000183105469;43,83000183105469;43,810001373291016;43,810001373291016;1100
2026-09-29;11:25:00;-03:00;43,81999969482422;43,83000183105469;43,81999969482422;43,81999969482422;1100
2026-09-29;11:26:00;-03:00;43,810001373291016;43,83000183105469;43,79999923706055;43,83000183105469;2800
2026-09-29;11:27:00;-03:00;43,84000015258789;43,84000015258789;43,81999969482422;43,81999969482422;500
2026-09-29;11:28:00;-03:00;43,81999969482422;43,81999969482422;43,75;43,7599983215332;3800
2026-09-29;11:29:00;-03:00;43,77000045776367;43,77000045776367;43,77000045776367;43,77000045776367;2700
2026-09-29;11:30:00;-03:00;43,7599983215332;43,77000045776367;43,709999084472656;43,72999954223633;3200
2026-09-29;11:31:00;-03:00;43,720001220703125;43,720001220703125;43,709999084472656;43,720001220703125;3400
2026-09-29;11:32:00;-03:00;43,720001220703125;43,81999969482422;43,720001220703125;43,79999923706055;4400
2026-09-29;11:33:00;-03:00;43,79999923706055;43,81999969482422;43,79999923706055;43,81999969482422;800
2026-09-29;11:34:00;-03:00;43,810001373291016;43,81999969482422;43,77000045776367;43,81999969482422;4300
2026-09-29;11:35:00;-03:00;43,83000183105469;43,849998474121094;43,83000183105469;43,849998474121094;400
2026-09-29;11:36:00;-03:00;43,849998474121094;43,880001068115234;43,849998474121094;43,880001068115234;1100
2026-09-29;11:37:00;-03:00;43,869998931884766;43,869998931884766;43,81999969482422;43,83000183105469;2100
2026-09-29;11:38:00;-03:00;43,83000183105469;43,83000183105469;43,810001373291016;43,83000183105469;2300
2026-09-29;11:39:00;-03:00;43,81999969482422;43,849998474121094;43,81999969482422;43,849998474121094;1300
2026-09-29;11:40:00;-03:00;43,869998931884766;43,939998626708984;43,869998931884766;43,939998626708984;800
2026-09-29;11:41:00;-03:00;43,95000076293945;43,959999084472656;43,90999984741211;43,90999984741211;2200
2026-09-29;11:42:00;-03:00;43,90999984741211;43,95000076293945;43,90999984741211;43,95000076293945;1100
2026-09-29;11:43:00;-03:00;43,939998626708984;43,970001220703125;43,93000030517578;43,970001220703125;1700
2026-09-29;11:44:00;-03:00;43,970001220703125;44,0;43,970001220703125;43,9900016784668;2600
2026-09-29;11:45:00;-03:00;43,9900016784668;43,9900016784668;43,970001220703125;43,970001220703125;2700
2026-09-29;11:46:00;-03:00;43,970001220703125;43,970001220703125;43,939998626708984;43,970001220703125;700
2026-09-29;11:47:00;-03:00;43,970001220703125;43,970001220703125;43,95000076293945;43,970001220703125;2300
2026-09-29;11:48:00;-03:00;43,959999084472656;43,959999084472656;43,95000076293945;43,95000076293945;1100
2026-09-29;11:49:00;-03:00;43,95000076293945;43,970001220703125;43,95000076293945;43,95000076293945;1100
2026-09-29;11:50:00;-03:00;43,95000076293945;43,95000076293945;43,93000030517578;43,93000030517578;900
2026-09-29;11:51:00;-03:00;43,91999816894531;43,91999816894531;43,90999984741211;43,90999984741211;600
2026-09-29;11:52:00;-03:00;43,880001068115234;43,88999938964844;43,880001068115234;43,880001068115234;3500
2026-09-29;11:53:00;-03:00;43,880001068115234;43,880001068115234;43,869998931884766;43,869998931884766;600
2026-09-29;11:54:00;-03:00;43,869998931884766;43,900001525878906;43,86000061035156;43,900001525878906;1000
2026-09-29;11:55:00;-03:00;43,88999938964844;43,88999938964844;43,869998931884766;43,880001068115234;600
2026-09-29;11:56:00;-03:00;43,880001068115234;43,88999938964844;43,869998931884766;43,869998931884766;1400
2026-09-29;11:57:00;-03:00;43,86000061035156;43,869998931884766;43,86000061035156;43,86000061035156;800
2026-09-29;11:58:00;-03:00;43,86000061035156;43,869998931884766;43,849998474121094;43,869998931884766;3800
2026-09-29;11:59:00;-03:00;43,880001068115234;43,93000030517578;43,880001068115234;43,900001525878906;2000
2026-09-29;12:00:00;-03:00;43,91999816894531;43,91999816894531;43,88999938964844;43,88999938964844;1000
2026-09-29;12:01:00;-03:00;43,880001068115234;43,88999938964844;43,880001068115234;43,88999938964844;800
2026-09-29;12:02:00;-03:00;43,869998931884766;43,939998626708984;43,869998931884766;43,939998626708984;3600
2026-09-29;12:03:00;-03:00;43,93000030517578;43,93000030517578;43,91999816894531;43,91999816894531;200
2026-09-29;12:04:00;-03:00;43,91999816894531;43,91999816894531;43,90999984741211;43,90999984741211;700
2026-09-29;12:05:00;-03:00;43,91999816894531;43,91999816894531;43,880001068115234;43,90999984741211;33600
2026-09-29;12:06:00;-03:00;43,91999816894531;43,939998626708984;43,91999816894531;43,93000030517578;1600
2026-09-29;12:07:00;-03:00;43,93000030517578;43,959999084472656;43,93000030517578;43,959999084472656;900
2026-09-29;12:08:00;-03:00;43,95000076293945;43,97999954223633;43,95000076293945;43,97999954223633;1200
2026-09-29;12:09:00;-03:00;43,970001220703125;43,9900016784668;43,970001220703125;43,9900016784668;500
2026-09-29;12:10:00;-03:00;43,9900016784668;44,0;43,9900016784668;44,0;2300
2026-09-29;12:11:00;-03:00;43,9900016784668;44,0;43,9900016784668;44,0;1000
2026-09-29;12:12:00;-03:00;44,02000045776367;44,040000915527344;44,0;44,040000915527344;1800
2026-09-29;12:13:00;-03:00;44,04999923706055;44,04999923706055;44,040000915527344;44,040000915527344;1100
2026-09-29;12:14:00;-03:00;44,040000915527344;44,040000915527344;44,0099983215332;44,029998779296875;3400
2026-09-29;12:15:00;-03:00;44,040000915527344;44,04999923706055;44,040000915527344;44,04999923706055;500
2026-09-29;12:16:00;-03:00;44,060001373291016;44,060001373291016;44,060001373291016;44,060001373291016;900
2026-09-29;12:17:00;-03:00;44,060001373291016;44,099998474121094;44,060001373291016;44,099998474121094;800
2026-09-29;12:18:00;-03:00;44,09000015258789;44,09000015258789;44,0;44,0;2900
2026-09-29;12:19:00;-03:00;44,0;44,0;44,0;44,0;300
2026-09-29;12:20:00;-03:00;44,0099983215332;44,029998779296875;44,0099983215332;44,029998779296875;2800
2026-09-29;12:21:00;-03:00;44,040000915527344;44,04999923706055;44,029998779296875;44,04999923706055;2900
2026-09-29;12:22:00;-03:00;44,04999923706055;44,04999923706055;44,029998779296875;44,04999923706055;1500
2026-09-29;12:23:00;-03:00;44,040000915527344;44,040000915527344;44,0099983215332;44,0099983215332;1000
2026-09-29;12:24:00;-03:00;44,0099983215332;44,040000915527344;44,0099983215332;44,029998779296875;2400
2026-09-29;12:25:00;-03:00;44,040000915527344;44,04999923706055;44,02000045776367;44,02000045776367;1200
2026-09-29;12:26:00;-03:00;44,040000915527344;44,04999923706055;44,040000915527344;44,04999923706055;1200
2026-09-29;12:27:00;-03:00;44,040000915527344;44,060001373291016;44,040000915527344;44,060001373291016;400
2026-09-29;12:28:00;-03:00;44,06999969482422;44,08000183105469;44,04999923706055;44,060001373291016;1800
2026-09-29;12:29:00;-03:00;44,040000915527344;44,060001373291016;44,040000915527344;44,04999923706055;1200
2026-09-29;12:30:00;-03:00;44,040000915527344;44,08000183105469;44,040000915527344;44,08000183105469;1300
2026-09-29;12:31:00;-03:00;44,06999969482422;44,06999969482422;44,04999923706055;44,06999969482422;3700
2026-09-29;12:32:00;-03:00;44,08000183105469;44,099998474121094;44,060001373291016;44,08000183105469;4400
2026-09-29;12:33:00;-03:00;44,09000015258789;44,119998931884766;44,09000015258789;44,09000015258789;2100
2026-09-29;12:34:00;-03:00;44,11000061035156;44,11000061035156;44,09000015258789;44,09000015258789;1100
2026-09-29;12:35:00;-03:00;44,099998474121094;44,099998474121094;44,06999969482422;44,08000183105469;1600
2026-09-29;12:36:00;-03:00;44,099998474121094;44,119998931884766;44,08000183105469;44,08000183105469;1100
2026-09-29;12:37:00;-03:00;44,099998474121094;44,11000061035156;44,099998474121094;44,099998474121094;300
2026-09-29;12:38:00;-03:00;44,09000015258789;44,130001068115234;44,09000015258789;44,130001068115234;2600
2026-09-29;12:39:00;-03:00;44,11000061035156;44,13999938964844;44,099998474121094;44,119998931884766;2800
2026-09-29;12:40:00;-03:00;44,13999938964844;44,13999938964844;44,119998931884766;44,119998931884766;800
2026-09-29;12:41:00;-03:00;44,119998931884766;44,119998931884766;44,09000015258789;44,11000061035156;1800
2026-09-29;12:42:00;-03:00;44,119998931884766;44,130001068115234;44,11000061035156;44,119998931884766;5500
2026-09-29;12:43:00;-03:00;44,11000061035156;44,11000061035156;44,08000183105469;44,08000183105469;900
2026-09-29;12:44:00;-03:00;44,06999969482422;44,130001068115234;44,06999969482422;44,130001068115234;1500
2026-09-29;12:45:00;-03:00;44,130001068115234;44,15999984741211;44,099998474121094;44,15999984741211;3900
2026-09-29;12:46:00;-03:00;44,150001525878906;44,16999816894531;44,13999938964844;44,13999938964844;3100
2026-09-29;12:47:00;-03:00;44,119998931884766;44,209999084472656;44,119998931884766;44,189998626708984;1900
2026-09-29;12:48:00;-03:00;44,18000030517578;44,189998626708984;44,150001525878906;44,150001525878906;1600
2026-09-29;12:49:00;-03:00;44,150001525878906;44,15999984741211;44,150001525878906;44,15999984741211;600
2026-09-29;12:50:00;-03:00;44,15999984741211;44,16999816894531;44,13999938964844;44,13999938964844;1600
2026-09-29;12:51:00;-03:00;44,119998931884766;44,130001068115234;44,08000183105469;44,08000183105469;4200
2026-09-29;12:52:00;-03:00;44,08000183105469;44,11000061035156;44,08000183105469;44,099998474121094;900
2026-09-29;12:53:00;-03:00;44,099998474121094;44,11000061035156;44,08000183105469;44,11000061035156;1400
2026-09-29;12:54:00;-03:00;44,11000061035156;44,11000061035156;44,09000015258789;44,09000015258789;400
2026-09-29;12:55:00;-03:00;44,09000015258789;44,09000015258789;44,09000015258789;44,09000015258789;300
2026-09-29;12:56:00;-03:00;44,09000015258789;44,099998474121094;44,06999969482422;44,06999969482422;1900
2026-09-29;12:57:00;-03:00;44,08000183105469;44,09000015258789;44,08000183105469;44,09000015258789;1400
2026-09-29;12:58:00;-03:00;44,08000183105469;44,08000183105469;44,06999969482422;44,06999969482422;1100
2026-09-29;12:59:00;-03:00;44,060001373291016;44,08000183105469;44,060001373291016;44,08000183105469;500
2026-09-29;13:00:00;-03:00;44,08000183105469;44,09000015258789;44,06999969482422;44,06999969482422;2500
2026-09-29;13:01:00;-03:00;44,06999969482422;44,06999969482422;44,06999969482422;44,06999969482422;500
2026-09-29;13:02:00;-03:00;44,060001373291016;44,09000015258789;44,060001373291016;44,09000015258789;3200
2026-09-29;13:03:00;-03:00;44,09000015258789;44,099998474121094;44,09000015258789;44,099998474121094;400
2026-09-29;13:04:00;-03:00;44,09000015258789;44,09000015258789;44,08000183105469;44,08000183105469;1000
2026-09-29;13:05:00;-03:00;44,08000183105469;44,099998474121094;44,08000183105469;44,09000015258789;5500
2026-09-29;13:06:00;-03:00;44,099998474121094;44,099998474121094;44,08000183105469;44,08000183105469;600
2026-09-29;13:07:00;-03:00;44,04999923706055;44,06999969482422;44,04999923706055;44,060001373291016;1000
2026-09-29;13:08:00;-03:00;44,060001373291016;44,11000061035156;44,060001373291016;44,099998474121094;4200
2026-09-29;13:09:00;-03:00;44,099998474121094;44,11000061035156;44,09000015258789;44,11000061035156;1000
2026-09-29;13:10:00;-03:00;44,099998474121094;44,099998474121094;44,099998474121094;44,099998474121094;100
2026-09-29;13:11:00;-03:00;44,099998474121094;44,119998931884766;44,099998474121094;44,119998931884766;700
2026-09-29;13:12:00;-03:00;44,130001068115234;44,150001525878906;44,130001068115234;44,150001525878906;1000
2026-09-29;13:13:00;-03:00;44,150001525878906;44,15999984741211;44,130001068115234;44,130001068115234;1700
2026-09-29;13:14:00;-03:00;44,119998931884766;44,130001068115234;44,119998931884766;44,130001068115234;300
2026-09-29;13:15:00;-03:00;44,119998931884766;44,13999938964844;44,119998931884766;44,13999938964844;2700
2026-09-29;13:16:00;-03:00;44,13999938964844;44,16999816894531;44,13999938964844;44,16999816894531;900
2026-09-29;13:17:00;-03:00;44,16999816894531;44,18000030517578;44,15999984741211;44,15999984741211;600
2026-09-29;13:18:00;-03:00;44,15999984741211;44,18000030517578;44,15999984741211;44,15999984741211;1200
2026-09-29;13:19:00;-03:00;44,15999984741211;44,15999984741211;44,150001525878906;44,15999984741211;900
2026-09-29;13:20:00;-03:00;44,15999984741211;44,15999984741211;44,15999984741211;44,15999984741211;400
2026-09-29;13:21:00;-03:00;44,15999984741211;44,16999816894531;44,15999984741211;44,15999984741211;1400
2026-09-29;13:22:00;-03:00;44,150001525878906;44,150001525878906;44,13999938964844;44,13999938964844;1700
2026-09-29;13:23:00;-03:00;44,130001068115234;44,13999938964844;44,130001068115234;44,13999938964844;400
2026-09-29;13:24:00;-03:00;44,150001525878906;44,15999984741211;44,13999938964844;44,13999938964844;800
2026-09-29;13:25:00;-03:00;44,13999938964844;44,13999938964844;44,13999938964844;44,13999938964844;300
2026-09-29;13:26:00;-03:00;44,13999938964844;44,15999984741211;44,130001068115234;44,15999984741211;3500
2026-09-29;13:27:00;-03:00;44,150001525878906;44,150001525878906;44,150001525878906;44,150001525878906;200
2026-09-29;13:28:00;-03:00;44,150001525878906;44,150001525878906;44,119998931884766;44,119998931884766;1300
2026-09-29;13:29:00;-03:00;44,130001068115234;44,130001068115234;44,119998931884766;44,119998931884766;700
2026-09-29;13:30:00;-03:00;44,119998931884766;44,119998931884766;44,11000061035156;44,119998931884766;1600
2026-09-29;13:31:00;-03:00;44,119998931884766;44,130001068115234;44,119998931884766;44,130001068115234;1400
2026-09-29;13:32:00;-03:00;44,130001068115234;44,130001068115234;44,130001068115234;44,130001068115234;300
2026-09-29;13:33:00;-03:00;44,13999938964844;44,13999938964844;44,13999938964844;44,13999938964844;600
2026-09-29;13:34:00;-03:00;44,13999938964844;44,16999816894531;44,13999938964844;44,15999984741211;1400
2026-09-29;13:35:00;-03:00;44,15999984741211;44,16999816894531;44,150001525878906;44,16999816894531;1300
2026-09-29;13:36:00;-03:00;44,16999816894531;44,16999816894531;44,15999984741211;44,15999984741211;1100
2026-09-29;13:37:00;-03:00;44,15999984741211;44,16999816894531;44,150001525878906;44,150001525878906;1200
2026-09-29;13:38:00;-03:00;44,15999984741211;44,20000076293945;44,15999984741211;44,18000030517578;5600
2026-09-29;13:39:00;-03:00;44,189998626708984;44,189998626708984;44,189998626708984;44,189998626708984;300
2026-09-29;13:40:00;-03:00;44,20000076293945;44,20000076293945;44,20000076293945;44,20000076293945;400
2026-09-29;13:41:00;-03:00;44,209999084472656;44,2400016784668;44,20000076293945;44,2400016784668;2700
2026-09-29;13:42:00;-03:00;44,2400016784668;44,2400016784668;44,20000076293945;44,20000076293945;2700
2026-09-29;13:43:00;-03:00;44,20000076293945;44,220001220703125;44,20000076293945;44,220001220703125;900
2026-09-29;13:44:00;-03:00;44,209999084472656;44,220001220703125;44,209999084472656;44,220001220703125;400
2026-09-29;13:45:00;-03:00;44,209999084472656;44,209999084472656;44,16999816894531;44,16999816894531;1600
2026-09-29;13:46:00;-03:00;44,18000030517578;44,189998626708984;44,16999816894531;44,16999816894531;2600
2026-09-29;13:47:00;-03:00;44,16999816894531;44,16999816894531;44,16999816894531;44,16999816894531;200
2026-09-29;13:48:00;-03:00;44,16999816894531;44,189998626708984;44,16999816894531;44,16999816894531;1800
2026-09-29;13:49:00;-03:00;44,16999816894531;44,16999816894531;44,13999938964844;44,13999938964844;1100
2026-09-29;13:50:00;-03:00;44,150001525878906;44,15999984741211;44,150001525878906;44,15999984741211;1100
2026-09-29;13:51:00;-03:00;44,15999984741211;44,209999084472656;44,15999984741211;44,209999084472656;1900
2026-09-29;13:52:00;-03:00;44,189998626708984;44,25;44,189998626708984;44,2400016784668;3000
2026-09-29;13:53:00;-03:00;44,2400016784668;44,25;44,22999954223633;44,25;900
2026-09-29;13:54:00;-03:00;44,2400016784668;44,2400016784668;44,22999954223633;44,22999954223633;1600
2026-09-29;13:55:00;-03:00;44,2400016784668;44,25;44,2400016784668;44,2400016784668;700
2026-09-29;13:56:00;-03:00;44,25;44,25;44,2400016784668;44,25;4500
2026-09-29;13:57:00;-03:00;44,2599983215332;44,27000045776367;44,25;44,2599983215332;2200
2026-09-29;13:58:00;-03:00;44,2599983215332;44,29999923706055;44,25;44,29999923706055;3000
2026-09-29;13:59:00;-03:00;44,29999923706055;44,29999923706055;44,279998779296875;44,279998779296875;1400
2026-09-29;14:00:00;-03:00;44,290000915527344;44,31999969482422;44,27000045776367;44,27000045776367;7200
2026-09-29;14:01:00;-03:00;44,2599983215332;44,27000045776367;44,25;44,25;2400
2026-09-29;14:02:00;-03:00;44,25;44,25;44,20000076293945;44,20000076293945;3600
2026-09-29;14:03:00;-03:00;44,189998626708984;44,209999084472656;44,189998626708984;44,20000076293945;1300
2026-09-29;14:04:00;-03:00;44,20000076293945;44,2400016784668;44,20000076293945;44,2400016784668;2700
2026-09-29;14:05:00;-03:00;44,25;44,2599983215332;44,2400016784668;44,2599983215332;3900
2026-09-29;14:06:00;-03:00;44,27000045776367;44,279998779296875;44,27000045776367;44,27000045776367;700
2026-09-29;14:07:00;-03:00;44,279998779296875;44,29999923706055;44,27000045776367;44,279998779296875;3500
2026-09-29;14:08:00;-03:00;44,27000045776367;44,279998779296875;44,2599983215332;44,27000045776367;700
2026-09-29;14:09:00;-03:00;44,279998779296875;44,279998779296875;44,2599983215332;44,2599983215332;1300
2026-09-29;14:10:00;-03:00;44,2599983215332;44,27000045776367;44,2599983215332;44,27000045776367;500
2026-09-29;14:11:00;-03:00;44,2599983215332;44,279998779296875;44,2599983215332;44,27000045776367;1300
2026-09-29;14:12:00;-03:00;44,2599983215332;44,279998779296875;44,2599983215332;44,279998779296875;300
2026-09-29;14:13:00;-03:00;44,2599983215332;44,279998779296875;44,2599983215332;44,279998779296875;700
2026-09-29;14:14:00;-03:00;44,27000045776367;44,290000915527344;44,25;44,27000045776367;6800
2026-09-29;14:15:00;-03:00;44,279998779296875;44,279998779296875;44,27000045776367;44,27000045776367;400
2026-09-29;14:16:00;-03:00;44,27000045776367;44,279998779296875;44,2599983215332;44,279998779296875;1600
2026-09-29;14:17:00;-03:00;44,279998779296875;44,279998779296875;44,27000045776367;44,279998779296875;1100
2026-09-29;14:18:00;-03:00;44,290000915527344;44,29999923706055;44,27000045776367;44,279998779296875;1800
2026-09-29;14:19:00;-03:00;44,290000915527344;44,290000915527344;44,279998779296875;44,279998779296875;1800
2026-09-29;14:20:00;-03:00;44,27000045776367;44,279998779296875;44,2599983215332;44,279998779296875;700
2026-09-29;14:21:00;-03:00;44,279998779296875;44,290000915527344;44,27000045776367;44,290000915527344;1400
2026-09-29;14:22:00;-03:00;44,290000915527344;44,290000915527344;44,27000045776367;44,27000045776367;900
2026-09-29;14:23:00;-03:00;44,27000045776367;44,279998779296875;44,27000045776367;44,279998779296875;400
2026-09-29;14:24:00;-03:00;44,27000045776367;44,27000045776367;44,27000045776367;44,27000045776367;900
2026-09-29;14:25:00;-03:00;44,25;44,25;44,25;44,25;300
2026-09-29;14:26:00;-03:00;44,25;44,290000915527344;44,25;44,290000915527344;1100
2026-09-29;14:27:00;-03:00;44,27000045776367;44,29999923706055;44,27000045776367;44,290000915527344;1900
2026-09-29;14:28:00;-03:00;44,29999923706055;44,310001373291016;44,279998779296875;44,310001373291016;1300
2026-09-29;14:29:00;-03:00;44,310001373291016;44,33000183105469;44,290000915527344;44,29999923706055;3100
2026-09-29;14:30:00;-03:00;44,279998779296875;44,290000915527344;44,279998779296875;44,279998779296875;500
2026-09-29;14:31:00;-03:00;44,290000915527344;44,29999923706055;44,27000045776367;44,27000045776367;1500
2026-09-29;14:32:00;-03:00;44,2599983215332;44,290000915527344;44,2599983215332;44,290000915527344;1500
2026-09-29;14:33:00;-03:00;44,310001373291016;44,31999969482422;44,29999923706055;44,29999923706055;3000
2026-09-29;14:34:00;-03:00;44,29999923706055;44,34000015258789;44,29999923706055;44,34000015258789;4800
2026-09-29;14:35:00;-03:00;44,33000183105469;44,349998474121094;44,310001373291016;44,31999969482422;3600
2026-09-29;14:36:00;-03:00;44,31999969482422;44,349998474121094;44,31999969482422;44,349998474121094;1900
2026-09-29;14:37:00;-03:00;44,36000061035156;44,380001068115234;44,34000015258789;44,36000061035156;3500
2026-09-29;14:38:00;-03:00;44,36000061035156;44,380001068115234;44,36000061035156;44,369998931884766;1400
2026-09-29;14:39:00;-03:00;44,380001068115234;44,380001068115234;44,36000061035156;44,36000061035156;500
2026-09-29;14:40:00;-03:00;44,36000061035156;44,38999938964844;44,36000061035156;44,38999938964844;1400
2026-09-29;14:41:00;-03:00;44,380001068115234;44,40999984741211;44,369998931884766;44,40999984741211;4400
2026-09-29;14:42:00;-03:00;44,40999984741211;44,45000076293945;44,38999938964844;44,45000076293945;4500
2026-09-29;14:43:00;-03:00;44,439998626708984;44,459999084472656;44,439998626708984;44,45000076293945;3400
2026-09-29;14:44:00;-03:00;44,459999084472656;44,470001220703125;44,439998626708984;44,439998626708984;3600
2026-09-29;14:45:00;-03:00;44,439998626708984;44,459999084472656;44,439998626708984;44,459999084472656;700
2026-09-29;14:46:00;-03:00;44,459999084472656;44,47999954223633;44,439998626708984;44,439998626708984;2000
2026-09-29;14:47:00;-03:00;44,45000076293945;44,47999954223633;44,45000076293945;44,47999954223633;1000
2026-09-29;14:48:00;-03:00;44,47999954223633;44,4900016784668;44,439998626708984;44,439998626708984;2200
2026-09-29;14:49:00;-03:00;44,459999084472656;44,470001220703125;44,439998626708984;44,45000076293945;2500
2026-09-29;14:50:00;-03:00;44,45000076293945;44,4900016784668;44,45000076293945;44,47999954223633;2000
2026-09-29;14:51:00;-03:00;44,459999084472656;44,4900016784668;44,459999084472656;44,4900016784668;14000
2026-09-29;14:52:00;-03:00;44,5;44,54999923706055;44,4900016784668;44,54999923706055;5600
2026-09-29;14:53:00;-03:00;44,540000915527344;44,560001373291016;44,529998779296875;44,529998779296875;5100
2026-09-29;14:54:00;-03:00;44,540000915527344;44,54999923706055;44,52000045776367;44,540000915527344;4600
2026-09-29;14:55:00;-03:00;44,52000045776367;44,540000915527344;44,5;44,52000045776367;2200
2026-09-29;14:56:00;-03:00;44,5099983215332;44,54999923706055;44,5099983215332;44,54999923706055;5400
2026-09-29;14:57:00;-03:00;44,54999923706055;44,54999923706055;44,52000045776367;44,529998779296875;2400
2026-09-29;14:58:00;-03:00;44,52000045776367;44,54999923706055;44,52000045776367;44,54999923706055;1900
2026-09-29;14:59:00;-03:00;44,54999923706055;44,560001373291016;44,540000915527344;44,54999923706055;3000
2026-09-29;15:00:00;-03:00;44,560001373291016;44,66999816894531;44,560001373291016;44,63999938964844;11100
2026-09-29;15:01:00;-03:00;44,630001068115234;44,630001068115234;44,540000915527344;44,54999923706055;4800
2026-09-29;15:02:00;-03:00;44,540000915527344;44,56999969482422;44,529998779296875;44,56999969482422;3100
2026-09-29;15:03:00;-03:00;44,560001373291016;44,56999969482422;44,560001373291016;44,56999969482422;1000
2026-09-29;15:04:00;-03:00;44,56999969482422;44,61000061035156;44,56999969482422;44,599998474121094;4100
2026-09-29;15:05:00;-03:00;44,599998474121094;44,599998474121094;44,56999969482422;44,59000015258789;2900
2026-09-29;15:06:00;-03:00;44,58000183105469;44,61000061035156;44,56999969482422;44,61000061035156;5300
2026-09-29;15:07:00;-03:00;44,599998474121094;44,61000061035156;44,59000015258789;44,59000015258789;2200
2026-09-29;15:08:00;-03:00;44,599998474121094;44,619998931884766;44,59000015258789;44,59000015258789;3800
2026-09-29;15:09:00;-03:00;44,59000015258789;44,599998474121094;44,59000015258789;44,59000015258789;1900
2026-09-29;15:10:00;-03:00;44,58000183105469;44,61000061035156;44,369998931884766;44,52000045776367;48700
2026-09-29;15:11:00;-03:00;44,540000915527344;44,56999969482422;44,540000915527344;44,56999969482422;3900
2026-09-29;15:12:00;-03:00;44,54999923706055;44,54999923706055;44,529998779296875;44,529998779296875;4600
2026-09-29;15:13:00;-03:00;44,529998779296875;44,58000183105469;44,529998779296875;44,58000183105469;2300
2026-09-29;15:14:00;-03:00;44,58000183105469;44,63999938964844;44,58000183105469;44,63999938964844;2700
2026-09-29;15:15:00;-03:00;44,650001525878906;44,65999984741211;44,63999938964844;44,65999984741211;3100
2026-09-29;15:16:00;-03:00;44,66999816894531;44,68000030517578;44,650001525878906;44,65999984741211;9700
2026-09-29;15:17:00;-03:00;44,65999984741211;44,65999984741211;44,63999938964844;44,65999984741211;3200
2026-09-29;15:18:00;-03:00;44,65999984741211;44,65999984741211;44,650001525878906;44,65999984741211;4700
2026-09-29;15:19:00;-03:00;44,650001525878906;44,650001525878906;44,619998931884766;44,630001068115234;5000
2026-09-29;15:20:00;-03:00;44,619998931884766;44,63999938964844;44,61000061035156;44,63999938964844;3800
2026-09-29;15:21:00;-03:00;44,63999938964844;44,650001525878906;44,63999938964844;44,650001525878906;800
2026-09-29;15:22:00;-03:00;44,650001525878906;44,65999984741211;44,63999938964844;44,65999984741211;3500
2026-09-29;15:23:00;-03:00;44,65999984741211;44,66999816894531;44,630001068115234;44,630001068115234;3300
2026-09-29;15:24:00;-03:00;44,63999938964844;44,650001525878906;44,619998931884766;44,619998931884766;3900
2026-09-29;15:25:00;-03:00;44,630001068115234;44,66999816894531;44,630001068115234;44,63999938964844;2800
2026-09-29;15:26:00;-03:00;44,63999938964844;44,650001525878906;44,630001068115234;44,650001525878906;2800
2026-09-29;15:27:00;-03:00;44,650001525878906;44,65999984741211;44,650001525878906;44,65999984741211;1600
2026-09-29;15:28:00;-03:00;44,65999984741211;44,66999816894531;44,650001525878906;44,650001525878906;3600
2026-09-29;15:29:00;-03:00;44,66999816894531;44,66999816894531;44,650001525878906;44,65999984741211;1900
2026-09-29;15:30:00;-03:00;44,650001525878906;44,709999084472656;44,63999938964844;44,709999084472656;6700
2026-09-29;15:31:00;-03:00;44,709999084472656;44,720001220703125;44,68000030517578;44,68000030517578;2400
2026-09-29;15:32:00;-03:00;44,68000030517578;44,689998626708984;44,66999816894531;44,689998626708984;2200
2026-09-29;15:33:00;-03:00;44,68000030517578;44,68000030517578;44,65999984741211;44,66999816894531;2000
2026-09-29;15:34:00;-03:00;44,66999816894531;44,70000076293945;44,65999984741211;44,70000076293945;6500
2026-09-29;15:35:00;-03:00;44,70000076293945;44,709999084472656;44,689998626708984;44,709999084472656;2200
2026-09-29;15:36:00;-03:00;44,720001220703125;44,72999954223633;44,720001220703125;44,72999954223633;4000
2026-09-29;15:37:00;-03:00;44,7400016784668;44,75;44,72999954223633;44,75;3000
2026-09-29;15:38:00;-03:00;44,7400016784668;44,810001373291016;44,72999954223633;44,790000915527344;8000
2026-09-29;15:39:00;-03:00;44,79999923706055;44,79999923706055;44,779998779296875;44,790000915527344;4800
2026-09-29;15:40:00;-03:00;44,779998779296875;44,83000183105469;44,779998779296875;44,810001373291016;4000
2026-09-29;15:41:00;-03:00;44,79999923706055;44,79999923706055;44,779998779296875;44,790000915527344;2900
2026-09-29;15:42:00;-03:00;44,779998779296875;44,779998779296875;44,72999954223633;44,7400016784668;6400
2026-09-29;15:43:00;-03:00;44,72999954223633;44,72999954223633;44,709999084472656;44,720001220703125;2200
2026-09-29;15:44:00;-03:00;44,720001220703125;44,72999954223633;44,720001220703125;44,72999954223633;2300
2026-09-29;15:45:00;-03:00;44,720001220703125;44,7400016784668;44,720001220703125;44,7400016784668;900
2026-09-29;15:46:00;-03:00;44,75;44,75;44,70000076293945;44,70000076293945;1900
2026-09-29;15:47:00;-03:00;44,709999084472656;44,709999084472656;44,65999984741211;44,65999984741211;4600
2026-09-29;15:48:00;-03:00;44,66999816894531;44,66999816894531;44,63999938964844;44,66999816894531;2100
2026-09-29;15:49:00;-03:00;44,66999816894531;44,66999816894531;44,63999938964844;44,65999984741211;1800
2026-09-29;15:50:00;-03:00;44,65999984741211;44,68000030517578;44,65999984741211;44,68000030517578;1200
2026-09-29;15:51:00;-03:00;44,68000030517578;44,68000030517578;44,66999816894531;44,68000030517578;2800
2026-09-29;15:52:00;-03:00;44,68000030517578;44,70000076293945;44,68000030517578;44,689998626708984;3900
2026-09-29;15:53:00;-03:00;44,689998626708984;44,689998626708984;44,66999816894531;44,68000030517578;1100
2026-09-29;15:54:00;-03:00;44,68000030517578;44,689998626708984;44,66999816894531;44,66999816894531;1500
2026-09-29;15:55:00;-03:00;44,66999816894531;44,66999816894531;44,63999938964844;44,66999816894531;3600
2026-09-29;15:56:00;-03:00;44,66999816894531;44,66999816894531;44,650001525878906;44,650001525878906;1000
2026-09-29;15:57:00;-03:00;44,65999984741211;44,65999984741211;44,63999938964844;44,650001525878906;1800
2026-09-29;15:58:00;-03:00;44,650001525878906;44,650001525878906;44,63999938964844;44,63999938964844;3700
2026-09-29;15:59:00;-03:00;44,63999938964844;44,650001525878906;44,63999938964844;44,650001525878906;1300
2026-09-29;16:00:00;-03:00;44,650001525878906;44,650001525878906;44,619998931884766;44,619998931884766;1500
2026-09-29;16:01:00;-03:00;44,619998931884766;44,619998931884766;44,529998779296875;44,529998779296875;9100
2026-09-29;16:02:00;-03:00;44,529998779296875;44,560001373291016;44,529998779296875;44,560001373291016;3700
2026-09-29;16:03:00;-03:00;44,560001373291016;44,59000015258789;44,54999923706055;44,58000183105469;3400
2026-09-29;16:04:00;-03:00;44,58000183105469;44,58000183105469;44,560001373291016;44,56999969482422;3300
2026-09-29;16:05:00;-03:00;44,560001373291016;44,56999969482422;44,560001373291016;44,56999969482422;1300
2026-09-29;16:06:00;-03:00;44,58000183105469;44,599998474121094;44,56999969482422;44,56999969482422;2700
2026-09-29;16:07:00;-03:00;44,560001373291016;44,56999969482422;44,54999923706055;44,56999969482422;2100
2026-09-29;16:08:00;-03:00;44,56999969482422;44,599998474121094;44,56999969482422;44,59000015258789;2700
2026-09-29;16:09:00;-03:00;44,59000015258789;44,59000015258789;44,56999969482422;44,58000183105469;1900
2026-09-29;16:10:00;-03:00;44,58000183105469;44,59000015258789;44,56999969482422;44,56999969482422;1900
2026-09-29;16:11:00;-03:00;44,56999969482422;44,56999969482422;44,54999923706055;44,56999969482422;3000
2026-09-29;16:12:00;-03:00;44,56999969482422;44,59000015258789;44,56999969482422;44,59000015258789;2500
2026-09-29;16:13:00;-03:00;44,58000183105469;44,689998626708984;44,58000183105469;44,689998626708984;9800
2026-09-29;16:14:00;-03:00;44,68000030517578;44,68000030517578;44,630001068115234;44,630001068115234;6700
2026-09-29;16:15:00;-03:00;44,630001068115234;44,630001068115234;44,599998474121094;44,630001068115234;2300
2026-09-29;16:16:00;-03:00;44,63999938964844;44,650001525878906;44,63999938964844;44,650001525878906;2000
2026-09-29;16:17:00;-03:00;44,63999938964844;44,650001525878906;44,63999938964844;44,650001525878906;1900
2026-09-29;16:18:00;-03:00;44,650001525878906;44,650001525878906;44,61000061035156;44,63999938964844;3600
2026-09-29;16:19:00;-03:00;44,630001068115234;44,63999938964844;44,630001068115234;44,630001068115234;1600
2026-09-29;16:20:00;-03:00;44,619998931884766;44,630001068115234;44,61000061035156;44,630001068115234;1900
2026-09-29;16:21:00;-03:00;44,619998931884766;44,630001068115234;44,619998931884766;44,630001068115234;800
2026-09-29;16:22:00;-03:00;44,630001068115234;44,630001068115234;44,619998931884766;44,630001068115234;1400
2026-09-29;16:23:00;-03:00;44,619998931884766;44,630001068115234;44,599998474121094;44,599998474121094;18700
2026-09-29;16:24:00;-03:00;44,599998474121094;44,599998474121094;44,540000915527344;44,560001373291016;7500
2026-09-29;16:25:00;-03:00;44,56999969482422;44,58000183105469;44,56999969482422;44,56999969482422;6800
2026-09-29;16:26:00;-03:00;44,58000183105469;44,619998931884766;44,58000183105469;44,61000061035156;3400
2026-09-29;16:27:00;-03:00;44,599998474121094;44,63999938964844;44,58000183105469;44,63999938964844;7200
2026-09-29;16:28:00;-03:00;44,630001068115234;44,630001068115234;44,619998931884766;44,630001068115234;5500
2026-09-29;16:29:00;-03:00;44,619998931884766;44,630001068115234;44,61000061035156;44,619998931884766;5600
2026-09-29;16:30:00;-03:00;44,619998931884766;44,630001068115234;44,61000061035156;44,630001068115234;13600
2026-09-29;16:31:00;-03:00;44,630001068115234;44,63999938964844;44,619998931884766;44,630001068115234;5700
2026-09-29;16:32:00;-03:00;44,63999938964844;44,650001525878906;44,619998931884766;44,630001068115234;9200
2026-09-29;16:33:00;-03:00;44,63999938964844;44,63999938964844;44,630001068115234;44,63999938964844;8300
2026-09-29;16:34:00;-03:00;44,650001525878906;44,65999984741211;44,630001068115234;44,650001525878906;11200
2026-09-29;16:35:00;-03:00;44,650001525878906;44,68000030517578;44,650001525878906;44,65999984741211;9500
2026-09-29;16:36:00;-03:00;44,65999984741211;44,66999816894531;44,650001525878906;44,650001525878906;9000
2026-09-29;16:37:00;-03:00;44,650001525878906;44,65999984741211;44,61000061035156;44,630001068115234;10000
2026-09-29;16:38:00;-03:00;44,630001068115234;44,650001525878906;44,619998931884766;44,63999938964844;8000
2026-09-29;16:39:00;-03:00;44,63999938964844;44,650001525878906;44,619998931884766;44,630001068115234;10500
2026-09-29;16:40:00;-03:00;44,630001068115234;44,630001068115234;44,599998474121094;44,619998931884766;11000
2026-09-29;16:41:00;-03:00;44,619998931884766;44,619998931884766;44,59000015258789;44,599998474121094;10500
2026-09-29;16:42:00;-03:00;44,599998474121094;44,599998474121094;44,58000183105469;44,59000015258789;9300
2026-09-29;16:43:00;-03:00;44,59000015258789;44,619998931884766;44,58000183105469;44,61000061035156;10100
2026-09-29;16:44:00;-03:00;44,61000061035156;44,61000061035156;44,58000183105469;44,59000015258789;8700
2026-09-29;16:45:00;-03:00;44,58000183105469;44,599998474121094;44,56999969482422;44,56999969482422;23000
2026-09-29;16:46:00;-03:00;44,54999923706055;44,560001373291016;44,52000045776367;44,560001373291016;13900
2026-09-29;16:47:00;-03:00;44,560001373291016;44,56999969482422;44,54999923706055;44,560001373291016;8400
2026-09-29;16:48:00;-03:00;44,560001373291016;44,560001373291016;44,529998779296875;44,540000915527344;8600
2026-09-29;16:49:00;-03:00;44,54999923706055;44,54999923706055;44,5;44,540000915527344;21700
2026-09-29;16:50:00;-03:00;44,52000045776367;44,560001373291016;44,52000045776367;44,54999923706055;6300
2026-09-29;16:51:00;-03:00;44,54999923706055;44,56999969482422;44,54999923706055;44,56999969482422;6200
2026-09-29;16:52:00;-03:00;44,560001373291016;44,58000183105469;44,54999923706055;44,58000183105469;5500
2026-09-29;16:53:00;-03:00;44,58000183105469;44,599998474121094;44,54999923706055;44,56999969482422;7400
2026-09-29;16:54:00;-03:00;44,58000183105469;44,70000076293945;44,56999969482422;44,70000076293945;2400
2026-09-30;10:09:00;-03:00;45,25;45,349998474121094;45,09000015258789;45,27000045776367;0
2026-09-30;10:10:00;-03:00;45,349998474121094;45,529998779296875;45,349998474121094;45,5;3900
2026-09-30;10:11:00;-03:00;45,459999084472656;45,599998474121094;45,439998626708984;45,52000045776367;11400
2026-09-30;10:12:00;-03:00;45,47999954223633;45,5099983215332;45,41999816894531;45,459999084472656;2600
2026-09-30;10:13:00;-03:00;45,41999816894531;45,41999816894531;45,36000061035156;45,36000061035156;2400
2026-09-30;10:14:00;-03:00;45,34000015258789;45,34000015258789;45,2400016784668;45,2599983215332;3800
2026-09-30;10:15:00;-03:00;45,29999923706055;45,310001373291016;45,209999084472656;45,2599983215332;1900
2026-09-30;10:16:00;-03:00;45,279998779296875;45,34000015258789;45,22999954223633;45,22999954223633;3200
2026-09-30;10:17:00;-03:00;45,209999084472656;45,209999084472656;45,150001525878906;45,150001525878906;100
2026-09-30;10:18:00;-03:00;45,130001068115234;45,16999816894531;45,09000015258789;45,09000015258789;600
2026-09-30;10:19:00;-03:00;44,970001220703125;45,02000045776367;44,970001220703125;45,0099983215332;2200
2026-09-30;10:20:00;-03:00;45,0099983215332;45,06999969482422;44,970001220703125;45,0;2900
2026-09-30;10:21:00;-03:00;45,029998779296875;45,060001373291016;44,97999954223633;45,0;12200
2026-09-30;10:22:00;-03:00;44,9900016784668;45,02000045776367;44,959999084472656;44,97999954223633;1000
2026-09-30;10:23:00;-03:00;44,9900016784668;45,029998779296875;44,9900016784668;45,02000045776367;600
2026-09-30;10:24:00;-03:00;45,02000045776367;45,040000915527344;44,970001220703125;45,0;2300
2026-09-30;10:25:00;-03:00;45,0;45,040000915527344;45,0;45,040000915527344;600
2026-09-30;10:26:00;-03:00;45,02000045776367;45,060001373291016;45,02000045776367;45,060001373291016;300
2026-09-30;10:27:00;-03:00;45,040000915527344;45,06999969482422;45,029998779296875;45,040000915527344;1200
2026-09-30;10:28:00;-03:00;45,0099983215332;45,040000915527344;45,0099983215332;45,040000915527344;1200
2026-09-30;10:29:00;-03:00;45,08000183105469;45,11000061035156;45,06999969482422;45,06999969482422;400
2026-09-30;10:30:00;-03:00;45,099998474121094;45,15999984741211;45,06999969482422;45,15999984741211;1700
2026-09-30;10:31:00;-03:00;45,13999938964844;45,13999938964844;45,099998474121094;45,11000061035156;3300
2026-09-30;10:32:00;-03:00;45,11000061035156;45,150001525878906;45,08000183105469;45,13999938964844;2100
2026-09-30;10:33:00;-03:00;45,150001525878906;45,189998626708984;45,099998474121094;45,099998474121094;1300
2026-09-30;10:34:00;-03:00;45,06999969482422;45,099998474121094;45,060001373291016;45,060001373291016;1800
2026-09-30;10:35:00;-03:00;45,060001373291016;45,099998474121094;45,060001373291016;45,08000183105469;600
2026-09-30;10:36:00;-03:00;45,040000915527344;45,09000015258789;45,040000915527344;45,06999969482422;2300
2026-09-30;10:37:00;-03:00;45,04999923706055;45,060001373291016;45,04999923706055;45,04999923706055;1700
2026-09-30;10:38:00;-03:00;45,04999923706055;45,09000015258789;45,0;45,09000015258789;7300
2026-09-30;10:39:00;-03:00;45,08000183105469;45,11000061035156;45,08000183105469;45,09000015258789;1700
2026-09-30;10:40:00;-03:00;45,06999969482422;45,099998474121094;45,06999969482422;45,08000183105469;600
2026-09-30;10:41:00;-03:00;45,04999923706055;45,04999923706055;45,029998779296875;45,029998779296875;200
2026-09-30;10:42:00;-03:00;45,029998779296875;45,040000915527344;44,959999084472656;45,0;13500
2026-09-30;10:43:00;-03:00;45,0;45,09000015258789;44,970001220703125;45,04999923706055;5700
2026-09-30;10:44:00;-03:00;45,040000915527344;45,040000915527344;45,0;45,0;3500
2026-09-30;10:45:00;-03:00;45,029998779296875;45,09000015258789;45,0099983215332;45,02000045776367;2500
2026-09-30;10:46:00;-03:00;45,02000045776367;45,04999923706055;45,02000045776367;45,04999923706055;1000
2026-09-30;10:47:00;-03:00;45,060001373291016;45,09000015258789;45,04999923706055;45,06999969482422;2500
2026-09-30;10:48:00;-03:00;45,06999969482422;45,13999938964844;45,06999969482422;45,130001068115234;2200
2026-09-30;10:49:00;-03:00;45,150001525878906;45,18000030517578;45,13999938964844;45,18000030517578;1900
2026-09-30;10:50:00;-03:00;45,18000030517578;45,189998626708984;45,15999984741211;45,16999816894531;5400
2026-09-30;10:51:00;-03:00;45,16999816894531;45,20000076293945;45,130001068115234;45,150001525878906;2800
2026-09-30;10:52:00;-03:00;45,15999984741211;45,16999816894531;45,15999984741211;45,15999984741211;600
2026-09-30;10:53:00;-03:00;45,15999984741211;45,209999084472656;45,15999984741211;45,209999084472656;1700
2026-09-30;10:54:00;-03:00;45,209999084472656;45,2400016784668;45,16999816894531;45,209999084472656;1600
2026-09-30;10:55:00;-03:00;45,18000030517578;45,22999954223633;45,16999816894531;45,16999816894531;1100
2026-09-30;10:56:00;-03:00;45,15999984741211;45,189998626708984;45,15999984741211;45,18000030517578;900
2026-09-30;10:57:00;-03:00;45,20000076293945;45,22999954223633;45,16999816894531;45,209999084472656;1200
2026-09-30;10:58:00;-03:00;45,20000076293945;45,2400016784668;45,20000076293945;45,220001220703125;700
2026-09-30;10:59:00;-03:00;45,209999084472656;45,220001220703125;45,189998626708984;45,220001220703125;1300
2026-09-30;11:00:00;-03:00;45,22999954223633;45,22999954223633;45,15999984741211;45,15999984741211;3000
2026-09-30;11:01:00;-03:00;45,150001525878906;45,150001525878906;45,11000061035156;45,130001068115234;2000
2026-09-30;11:02:00;-03:00;45,150001525878906;45,16999816894531;45,09000015258789;45,130001068115234;6200
2026-09-30;11:03:00;-03:00;45,150001525878906;45,150001525878906;45,13999938964844;45,150001525878906;900
2026-09-30;11:04:00;-03:00;45,150001525878906;45,150001525878906;45,119998931884766;45,150001525878906;2300
2026-09-30;11:05:00;-03:00;45,15999984741211;45,16999816894531;45,13999938964844;45,13999938964844;800
2026-09-30;11:06:00;-03:00;45,130001068115234;45,18000030517578;45,130001068115234;45,18000030517578;2400
2026-09-30;11:07:00;-03:00;45,189998626708984;45,2599983215332;45,189998626708984;45,2599983215332;1600
2026-09-30;11:08:00;-03:00;45,25;45,2599983215332;45,209999084472656;45,220001220703125;1600
2026-09-30;11:09:00;-03:00;45,209999084472656;45,209999084472656;45,189998626708984;45,209999084472656;1100
2026-09-30;11:10:00;-03:00;45,209999084472656;45,209999084472656;45,16999816894531;45,20000076293945;2500
2026-09-30;11:11:00;-03:00;45,209999084472656;45,209999084472656;45,18000030517578;45,20000076293945;1300
2026-09-30;11:12:00;-03:00;45,189998626708984;45,189998626708984;45,18000030517578;45,189998626708984;1100
2026-09-30;11:13:00;-03:00;45,20000076293945;45,220001220703125;45,20000076293945;45,220001220703125;1800
2026-09-30;11:14:00;-03:00;45,20000076293945;45,310001373291016;45,20000076293945;45,279998779296875;3500
2026-09-30;11:15:00;-03:00;45,29999923706055;45,36000061035156;45,290000915527344;45,31999969482422;19400
2026-09-30;11:16:00;-03:00;45,33000183105469;45,34000015258789;45,279998779296875;45,290000915527344;3600
2026-09-30;11:17:00;-03:00;45,29999923706055;45,380001068115234;45,29999923706055;45,369998931884766;6400
2026-09-30;11:18:00;-03:00;45,369998931884766;45,470001220703125;45,369998931884766;45,459999084472656;6900
2026-09-30;11:19:00;-03:00;45,470001220703125;45,47999954223633;45,439998626708984;45,439998626708984;5800
2026-09-30;11:20:00;-03:00;45,439998626708984;45,459999084472656;45,40999984741211;45,41999816894531;20400
2026-09-30;11:21:00;-03:00;45,40999984741211;45,43000030517578;45,349998474121094;45,36000061035156;3800
2026-09-30;11:22:00;-03:00;45,369998931884766;45,380001068115234;45,36000061035156;45,369998931884766;1400
2026-09-30;11:23:00;-03:00;45,380001068115234;45,439998626708984;45,36000061035156;45,439998626708984;8500
2026-09-30;11:24:00;-03:00;45,43000030517578;45,47999954223633;45,43000030517578;45,470001220703125;7200
2026-09-30;11:25:00;-03:00;45,470001220703125;45,52000045776367;45,459999084472656;45,4900016784668;8800
2026-09-30;11:26:00;-03:00;45,5;45,5;45,459999084472656;45,47999954223633;4800
2026-09-30;11:27:00;-03:00;45,470001220703125;45,470001220703125;45,43000030517578;45,43000030517578;1500
2026-09-30;11:28:00;-03:00;45,41999816894531;45,43000030517578;45,400001525878906;45,400001525878906;3600
2026-09-30;11:29:00;-03:00;45,369998931884766;45,38999938964844;45,36000061035156;45,380001068115234;2300
2026-09-30;11:30:00;-03:00;45,36000061035156;45,40999984741211;45,349998474121094;45,40999984741211;4000
2026-09-30;11:31:00;-03:00;45,41999816894531;45,43000030517578;45,400001525878906;45,41999816894531;2700
2026-09-30;11:32:00;-03:00;45,439998626708984;45,439998626708984;45,33000183105469;45,33000183105469;31600
2026-09-30;11:33:00;-03:00;45,31999969482422;45,36000061035156;45,29999923706055;45,36000061035156;3500
2026-09-30;11:34:00;-03:00;45,369998931884766;45,380001068115234;45,36000061035156;45,36000061035156;1800
2026-09-30;11:35:00;-03:00;45,369998931884766;45,380001068115234;45,33000183105469;45,33000183105469;1700
2026-09-30;11:36:00;-03:00;45,31999969482422;45,31999969482422;45,29999923706055;45,29999923706055;400
2026-09-30;11:37:00;-03:00;45,29999923706055;45,310001373291016;45,29999923706055;45,29999923706055;1700
2026-09-30;11:38:00;-03:00;45,290000915527344;45,29999923706055;45,25;45,27000045776367;2300
2026-09-30;11:39:00;-03:00;45,279998779296875;45,31999969482422;45,279998779296875;45,29999923706055;900
2026-09-30;11:40:00;-03:00;45,27000045776367;45,279998779296875;45,2599983215332;45,279998779296875;800
2026-09-30;11:41:00;-03:00;45,279998779296875;45,34000015258789;45,279998779296875;45,34000015258789;3000
2026-09-30;11:42:00;-03:00;45,36000061035156;45,40999984741211;45,36000061035156;45,400001525878906;3400
2026-09-30;11:43:00;-03:00;45,38999938964844;45,400001525878906;45,380001068115234;45,380001068115234;1700
2026-09-30;11:44:00;-03:00;45,380001068115234;45,400001525878906;45,380001068115234;45,38999938964844;5600
2026-09-30;11:45:00;-03:00;45,38999938964844;45,43000030517578;45,38999938964844;45,41999816894531;2400
2026-09-30;11:46:00;-03:00;45,43000030517578;45,47999954223633;45,400001525878906;45,400001525878906;6500
2026-09-30;11:47:00;-03:00;45,38999938964844;45,41999816894531;45,38999938964844;45,41999816894531;1500
2026-09-30;11:48:00;-03:00;45,41999816894531;45,41999816894531;45,400001525878906;45,400001525878906;900
2026-09-30;11:49:00;-03:00;45,380001068115234;45,43000030517578;45,380001068115234;45,38999938964844;2000
2026-09-30;11:50:00;-03:00;45,380001068115234;45,400001525878906;45,349998474121094;45,400001525878906;4000
2026-09-30;11:51:00;-03:00;45,38999938964844;45,400001525878906;45,380001068115234;45,38999938964844;1300
2026-09-30;11:52:00;-03:00;45,400001525878906;45,43000030517578;45,38999938964844;45,40999984741211;1900
2026-09-30;11:53:00;-03:00;45,400001525878906;45,40999984741211;45,38999938964844;45,400001525878906;1500
2026-09-30;11:54:00;-03:00;45,40999984741211;45,439998626708984;45,40999984741211;45,41999816894531;2800
2026-09-30;11:55:00;-03:00;45,43000030517578;45,439998626708984;45,41999816894531;45,43000030517578;800
2026-09-30;11:56:00;-03:00;45,40999984741211;45,41999816894531;45,400001525878906;45,41999816894531;2300
2026-09-30;11:57:00;-03:00;45,400001525878906;45,40999984741211;45,400001525878906;45,40999984741211;300
2026-09-30;11:58:00;-03:00;45,400001525878906;45,400001525878906;45,38999938964844;45,400001525878906;2200
2026-09-30;11:59:00;-03:00;45,400001525878906;45,400001525878906;45,38999938964844;45,38999938964844;1100
2026-09-30;12:00:00;-03:00;45,380001068115234;45,380001068115234;45,310001373291016;45,310001373291016;4200
2026-09-30;12:01:00;-03:00;45,310001373291016;45,31999969482422;45,29999923706055;45,31999969482422;1600
2026-09-30;12:02:00;-03:00;45,310001373291016;45,31999969482422;45,290000915527344;45,310001373291016;2200
2026-09-30;12:03:00;-03:00;45,31999969482422;45,38999938964844;45,31999969482422;45,380001068115234;2200
2026-09-30;12:04:00;-03:00;45,40999984741211;45,43000030517578;45,40999984741211;45,43000030517578;1000
2026-09-30;12:05:00;-03:00;45,41999816894531;45,41999816894531;45,36000061035156;45,369998931884766;3700
2026-09-30;12:06:00;-03:00;45,380001068115234;45,380001068115234;45,33000183105469;45,380001068115234;2100
2026-09-30;12:07:00;-03:00;45,369998931884766;45,400001525878906;45,36000061035156;45,400001525878906;1100
2026-09-30;12:08:00;-03:00;45,38999938964844;45,38999938964844;45,380001068115234;45,380001068115234;1400
2026-09-30;12:09:00;-03:00;45,38999938964844;45,41999816894531;45,38999938964844;45,40999984741211;1200
2026-09-30;12:10:00;-03:00;45,400001525878906;45,41999816894531;45,400001525878906;45,40999984741211;700
2026-09-30;12:11:00;-03:00;45,40999984741211;45,45000076293945;45,40999984741211;45,439998626708984;4000
2026-09-30;12:12:00;-03:00;45,439998626708984;45,439998626708984;45,40999984741211;45,40999984741211;3300
2026-09-30;12:13:00;-03:00;45,41999816894531;45,439998626708984;45,40999984741211;45,41999816894531;1600
2026-09-30;12:14:00;-03:00;45,41999816894531;45,45000076293945;45,41999816894531;45,41999816894531;1800
2026-09-30;12:15:00;-03:00;45,40999984741211;45,459999084472656;45,38999938964844;45,45000076293945;7200
2026-09-30;12:16:00;-03:00;45,459999084472656;45,470001220703125;45,43000030517578;45,45000076293945;3700
2026-09-30;12:17:00;-03:00;45,439998626708984;45,439998626708984;45,400001525878906;45,40999984741211;3200
2026-09-30;12:18:00;-03:00;45,400001525878906;45,400001525878906;45,369998931884766;45,369998931884766;900
2026-09-30;12:19:00;-03:00;45,349998474121094;45,36000061035156;45,34000015258789;45,349998474121094;1800
2026-09-30;12:20:00;-03:00;45,33000183105469;45,34000015258789;45,31999969482422;45,31999969482422;1900
2026-09-30;12:21:00;-03:00;45,31999969482422;45,31999969482422;45,29999923706055;45,31999969482422;1600
2026-09-30;12:22:00;-03:00;45,310001373291016;45,310001373291016;45,279998779296875;45,279998779296875;1400
2026-09-30;12:23:00;-03:00;45,279998779296875;45,29999923706055;45,27000045776367;45,279998779296875;3300
2026-09-30;12:24:00;-03:00;45,27000045776367;45,27000045776367;45,2599983215332;45,2599983215332;1000
2026-09-30;12:25:00;-03:00;45,25;45,2599983215332;45,2400016784668;45,25;1900
2026-09-30;12:26:00;-03:00;45,2400016784668;45,25;45,2400016784668;45,25;1600
2026-09-30;12:27:00;-03:00;45,25;45,2599983215332;45,2400016784668;45,25;2200
2026-09-30;12:28:00;-03:00;45,2400016784668;45,2599983215332;45,2400016784668;45,2599983215332;300
2026-09-30;12:29:00;-03:00;45,27000045776367;45,279998779296875;45,2599983215332;45,2599983215332;2300
2026-09-30;12:30:00;-03:00;45,279998779296875;45,29999923706055;45,27000045776367;45,29999923706055;2700
2026-09-30;12:31:00;-03:00;45,290000915527344;45,31999969482422;45,290000915527344;45,31999969482422;700
2026-09-30;12:32:00;-03:00;45,33000183105469;45,34000015258789;45,31999969482422;45,33000183105469;1700
2026-09-30;12:33:00;-03:00;45,33000183105469;45,33000183105469;45,310001373291016;45,310001373291016;700
2026-09-30;12:34:00;-03:00;45,310001373291016;45,310001373291016;45,2599983215332;45,2599983215332;1500
2026-09-30;12:35:00;-03:00;45,27000045776367;45,27000045776367;45,2400016784668;45,2400016784668;2600
2026-09-30;12:36:00;-03:00;45,27000045776367;45,279998779296875;45,27000045776367;45,27000045776367;2600
2026-09-30;12:37:00;-03:00;45,279998779296875;45,279998779296875;45,2400016784668;45,2599983215332;2700
2026-09-30;12:38:00;-03:00;45,2599983215332;45,2599983215332;45,22999954223633;45,22999954223633;1600
2026-09-30;12:39:00;-03:00;45,2400016784668;45,2400016784668;45,220001220703125;45,220001220703125;2900
2026-09-30;12:40:00;-03:00;45,22999954223633;45,27000045776367;45,220001220703125;45,220001220703125;6000
2026-09-30;12:41:00;-03:00;45,22999954223633;45,2400016784668;45,220001220703125;45,220001220703125;2600
2026-09-30;12:42:00;-03:00;45,220001220703125;45,220001220703125;45,18000030517578;45,209999084472656;2800
2026-09-30;12:43:00;-03:00;45,209999084472656;45,209999084472656;45,18000030517578;45,18000030517578;2700
2026-09-30;12:44:00;-03:00;45,16999816894531;45,16999816894531;45,119998931884766;45,13999938964844;5200
2026-09-30;12:45:00;-03:00;45,13999938964844;45,189998626708984;45,13999938964844;45,18000030517578;3200
2026-09-30;12:46:00;-03:00;45,18000030517578;45,2599983215332;45,16999816894531;45,2599983215332;3900
2026-09-30;12:47:00;-03:00;45,27000045776367;45,290000915527344;45,27000045776367;45,279998779296875;2700
2026-09-30;12:48:00;-03:00;45,290000915527344;45,310001373291016;45,27000045776367;45,27000045776367;3000
2026-09-30;12:49:00;-03:00;45,27000045776367;45,290000915527344;45,2599983215332;45,279998779296875;3000
2026-09-30;12:50:00;-03:00;45,27000045776367;45,279998779296875;45,2599983215332;45,279998779296875;1000
2026-09-30;12:51:00;-03:00;45,279998779296875;45,290000915527344;45,25;45,25;2500
2026-09-30;12:52:00;-03:00;45,2400016784668;45,2400016784668;45,22999954223633;45,2400016784668;1400
2026-09-30;12:53:00;-03:00;45,2400016784668;45,25;45,22999954223633;45,22999954223633;1000
2026-09-30;12:54:00;-03:00;45,22999954223633;45,22999954223633;45,209999084472656;45,209999084472656;2800
2026-09-30;12:55:00;-03:00;45,20000076293945;45,209999084472656;45,18000030517578;45,189998626708984;3200
2026-09-30;12:56:00;-03:00;45,20000076293945;45,209999084472656;45,189998626708984;45,20000076293945;2300
2026-09-30;12:57:00;-03:00;45,20000076293945;45,220001220703125;45,189998626708984;45,220001220703125;2300
2026-09-30;12:58:00;-03:00;45,220001220703125;45,25;45,220001220703125;45,2400016784668;2300
2026-09-30;12:59:00;-03:00;45,2599983215332;45,27000045776367;45,2599983215332;45,27000045776367;600
2026-09-30;13:00:00;-03:00;45,279998779296875;45,279998779296875;45,25;45,25;3100
2026-09-30;13:01:00;-03:00;45,2599983215332;45,290000915527344;45,25;45,27000045776367;4400
2026-09-30;13:02:00;-03:00;45,27000045776367;45,279998779296875;45,25;45,27000045776367;3300
2026-09-30;13:03:00;-03:00;45,279998779296875;45,33000183105469;45,279998779296875;45,29999923706055;3900
2026-09-30;13:04:00;-03:00;45,29999923706055;45,310001373291016;45,279998779296875;45,310001373291016;2500
2026-09-30;13:05:00;-03:00;45,33000183105469;45,349998474121094;45,33000183105469;45,349998474121094;900
2026-09-30;13:06:00;-03:00;45,349998474121094;45,369998931884766;45,349998474121094;45,369998931884766;600
2026-09-30;13:07:00;-03:00;45,369998931884766;45,369998931884766;45,369998931884766;45,369998931884766;900
2026-09-30;13:08:00;-03:00;45,369998931884766;45,380001068115234;45,36000061035156;45,369998931884766;4600
2026-09-30;13:09:00;-03:00;45,369998931884766;45,38999938964844;45,369998931884766;45,38999938964844;1400
2026-09-30;13:10:00;-03:00;45,380001068115234;45,380001068115234;45,36000061035156;45,369998931884766;1300
2026-09-30;13:11:00;-03:00;45,38999938964844;45,40999984741211;45,380001068115234;45,400001525878906;2200
2026-09-30;13:12:00;-03:00;45,38999938964844;45,400001525878906;45,380001068115234;45,38999938964844;2700
2026-09-30;13:13:00;-03:00;45,380001068115234;45,38999938964844;45,369998931884766;45,380001068115234;2500
2026-09-30;13:14:00;-03:00;45,400001525878906;45,400001525878906;45,380001068115234;45,380001068115234;2300
2026-09-30;13:15:00;-03:00;45,38999938964844;45,38999938964844;45,36000061035156;45,38999938964844;3600
2026-09-30;13:16:00;-03:00;45,400001525878906;45,41999816894531;45,400001525878906;45,40999984741211;3100
2026-09-30;13:17:00;-03:00;45,40999984741211;45,40999984741211;45,400001525878906;45,40999984741211;1700
2026-09-30;13:18:00;-03:00;45,40999984741211;45,439998626708984;45,40999984741211;45,43000030517578;3200
2026-09-30;13:19:00;-03:00;45,43000030517578;45,43000030517578;45,40999984741211;45,40999984741211;900
2026-09-30;13:20:00;-03:00;45,40999984741211;45,43000030517578;45,40999984741211;45,43000030517578;2000
2026-09-30;13:21:00;-03:00;45,439998626708984;45,459999084472656;45,439998626708984;45,439998626708984;4600
2026-09-30;13:22:00;-03:00;45,45000076293945;45,47999954223633;45,45000076293945;45,459999084472656;2000
2026-09-30;13:23:00;-03:00;45,459999084472656;45,470001220703125;45,45000076293945;45,470001220703125;2600
2026-09-30;13:24:00;-03:00;45,47999954223633;45,4900016784668;45,470001220703125;45,470001220703125;2000
2026-09-30;13:25:00;-03:00;45,459999084472656;45,4900016784668;45,45000076293945;45,4900016784668;4100
2026-09-30;13:26:00;-03:00;45,5;45,540000915527344;45,5;45,52000045776367;8800
2026-09-30;13:27:00;-03:00;45,5099983215332;45,52000045776367;45,5;45,52000045776367;1900
2026-09-30;13:28:00;-03:00;45,52000045776367;45,52000045776367;45,5;45,5099983215332;2300
2026-09-30;13:29:00;-03:00;45,52000045776367;45,529998779296875;45,5099983215332;45,5099983215332;2100
2026-09-30;13:30:00;-03:00;45,5;45,52000045776367;45,5;45,52000045776367;1300
2026-09-30;13:31:00;-03:00;45,52000045776367;45,54999923706055;45,52000045776367;45,540000915527344;3600
2026-09-30;13:32:00;-03:00;45,54999923706055;45,560001373291016;45,529998779296875;45,560001373291016;2800
2026-09-30;13:33:00;-03:00;45,54999923706055;45,56999969482422;45,529998779296875;45,560001373291016;4700
2026-09-30;13:34:00;-03:00;45,560001373291016;45,58000183105469;45,560001373291016;45,58000183105469;2600
2026-09-30;13:35:00;-03:00;45,58000183105469;45,59000015258789;45,56999969482422;45,59000015258789;2300
2026-09-30;13:36:00;-03:00;45,58000183105469;45,599998474121094;45,58000183105469;45,58000183105469;2600
2026-09-30;13:37:00;-03:00;45,58000183105469;45,58000183105469;45,56999969482422;45,58000183105469;4600
2026-09-30;13:38:00;-03:00;45,56999969482422;45,59000015258789;45,560001373291016;45,58000183105469;4100
2026-09-30;13:39:00;-03:00;45,59000015258789;45,650001525878906;45,58000183105469;45,650001525878906;39400
2026-09-30;13:40:00;-03:00;45,63999938964844;45,66999816894531;45,619998931884766;45,650001525878906;9900
2026-09-30;13:41:00;-03:00;45,65999984741211;45,65999984741211;45,630001068115234;45,65999984741211;3100
2026-09-30;13:42:00;-03:00;45,650001525878906;45,650001525878906;45,599998474121094;45,599998474121094;4200
2026-09-30;13:43:00;-03:00;45,599998474121094;45,619998931884766;45,599998474121094;45,61000061035156;1400
2026-09-30;13:44:00;-03:00;45,619998931884766;45,650001525878906;45,619998931884766;45,63999938964844;2400
2026-09-30;13:45:00;-03:00;45,63999938964844;45,650001525878906;45,619998931884766;45,63999938964844;7100
2026-09-30;13:46:00;-03:00;45,63999938964844;45,65999984741211;45,630001068115234;45,65999984741211;1600
2026-09-30;13:47:00;-03:00;45,65999984741211;45,689998626708984;45,650001525878906;45,650001525878906;3500
2026-09-30;13:48:00;-03:00;45,650001525878906;45,650001525878906;45,630001068115234;45,63999938964844;3200
2026-09-30;13:49:00;-03:00;45,63999938964844;45,650001525878906;45,61000061035156;45,61000061035156;2900
2026-09-30;13:50:00;-03:00;45,619998931884766;45,65999984741211;45,619998931884766;45,650001525878906;2800
2026-09-30;13:51:00;-03:00;45,63999938964844;45,63999938964844;45,599998474121094;45,599998474121094;2300
2026-09-30;13:52:00;-03:00;45,61000061035156;45,619998931884766;45,599998474121094;45,599998474121094;1000
2026-09-30;13:53:00;-03:00;45,599998474121094;45,65999984741211;45,599998474121094;45,63999938964844;4800
2026-09-30;13:54:00;-03:00;45,65999984741211;45,66999816894531;45,650001525878906;45,66999816894531;3100
2026-09-30;13:55:00;-03:00;45,68000030517578;45,68000030517578;45,65999984741211;45,65999984741211;3000
2026-09-30;13:56:00;-03:00;45,66999816894531;45,68000030517578;45,66999816894531;45,66999816894531;4200
2026-09-30;13:57:00;-03:00;45,66999816894531;45,66999816894531;45,65999984741211;45,65999984741211;1400
2026-09-30;13:58:00;-03:00;45,650001525878906;45,689998626708984;45,650001525878906;45,68000030517578;3500
2026-09-30;13:59:00;-03:00;45,689998626708984;45,689998626708984;45,68000030517578;45,689998626708984;2000
2026-09-30;14:00:00;-03:00;45,689998626708984;45,720001220703125;45,68000030517578;45,720001220703125;8600
2026-09-30;14:01:00;-03:00;45,720001220703125;45,75;45,720001220703125;45,7400016784668;2800
2026-09-30;14:02:00;-03:00;45,75;45,7599983215332;45,7400016784668;45,7599983215332;6000
2026-09-30;14:03:00;-03:00;45,7400016784668;45,77000045776367;45,7400016784668;45,77000045776367;2500
2026-09-30;14:04:00;-03:00;45,779998779296875;45,779998779296875;45,7599983215332;45,77000045776367;1200
2026-09-30;14:05:00;-03:00;45,7599983215332;45,77000045776367;45,7400016784668;45,7400016784668;3300
2026-09-30;14:06:00;-03:00;45,7400016784668;45,75;45,72999954223633;45,7400016784668;1500
2026-09-30;14:07:00;-03:00;45,7400016784668;45,75;45,689998626708984;45,70000076293945;6000
2026-09-30;14:08:00;-03:00;45,709999084472656;45,720001220703125;45,68000030517578;45,68000030517578;2000
2026-09-30;14:09:00;-03:00;45,68000030517578;45,72999954223633;45,66999816894531;45,720001220703125;3400
2026-09-30;14:10:00;-03:00;45,720001220703125;45,77000045776367;45,709999084472656;45,7400016784668;3200
2026-09-30;14:11:00;-03:00;45,72999954223633;45,7599983215332;45,72999954223633;45,7599983215332;900
2026-09-30;14:12:00;-03:00;45,7599983215332;45,7599983215332;45,7400016784668;45,7400016784668;3600
2026-09-30;14:13:00;-03:00;45,7599983215332;45,77000045776367;45,7599983215332;45,77000045776367;1300
2026-09-30;14:14:00;-03:00;45,7599983215332;45,77000045776367;45,7599983215332;45,77000045776367;900
2026-09-30;14:15:00;-03:00;45,7599983215332;45,7599983215332;45,72999954223633;45,7400016784668;1500
2026-09-30;14:16:00;-03:00;45,7400016784668;45,7599983215332;45,72999954223633;45,75;5300
2026-09-30;14:17:00;-03:00;45,75;45,7599983215332;45,720001220703125;45,75;5600
2026-09-30;14:18:00;-03:00;45,75;45,7599983215332;45,72999954223633;45,7400016784668;3500
2026-09-30;14:19:00;-03:00;45,7400016784668;45,7400016784668;45,720001220703125;45,720001220703125;2000
2026-09-30;14:20:00;-03:00;45,720001220703125;45,75;45,720001220703125;45,7400016784668;2600
2026-09-30;14:21:00;-03:00;45,7400016784668;45,7599983215332;45,7400016784668;45,7599983215332;600
2026-09-30;14:22:00;-03:00;45,779998779296875;45,779998779296875;45,75;45,7599983215332;21900
2026-09-30;14:23:00;-03:00;45,7599983215332;45,779998779296875;45,7599983215332;45,77000045776367;2100
2026-09-30;14:24:00;-03:00;45,7599983215332;45,77000045776367;45,7599983215332;45,77000045776367;600
2026-09-30;14:25:00;-03:00;45,77000045776367;45,779998779296875;45,77000045776367;45,77000045776367;3100
2026-09-30;14:26:00;-03:00;45,7599983215332;45,77000045776367;45,75;45,75;2500
2026-09-30;14:27:00;-03:00;45,75;45,75;45,75;45,75;400
2026-09-30;14:28:00;-03:00;45,7599983215332;45,779998779296875;45,75;45,77000045776367;1700
2026-09-30;14:29:00;-03:00;45,779998779296875;45,83000183105469;45,779998779296875;45,83000183105469;10900
2026-09-30;14:30:00;-03:00;45,83000183105469;45,83000183105469;45,79999923706055;45,810001373291016;4200
2026-09-30;14:31:00;-03:00;45,81999969482422;45,84000015258789;45,81999969482422;45,83000183105469;2400
2026-09-30;14:32:00;-03:00;45,83000183105469;45,83000183105469;45,810001373291016;45,810001373291016;1700
2026-09-30;14:33:00;-03:00;45,810001373291016;45,83000183105469;45,79999923706055;45,810001373291016;5000
2026-09-30;14:34:00;-03:00;45,79999923706055;45,81999969482422;45,779998779296875;45,81999969482422;7300
2026-09-30;14:35:00;-03:00;45,810001373291016;45,81999969482422;45,810001373291016;45,810001373291016;1900
2026-09-30;14:36:00;-03:00;45,810001373291016;45,84000015258789;45,810001373291016;45,84000015258789;2800
2026-09-30;14:37:00;-03:00;45,84000015258789;45,869998931884766;45,84000015258789;45,86000061035156;2500
2026-09-30;14:38:00;-03:00;45,86000061035156;45,880001068115234;45,84000015258789;45,880001068115234;2700
2026-09-30;14:39:00;-03:00;45,880001068115234;45,900001525878906;45,86000061035156;45,869998931884766;3100
2026-09-30;14:40:00;-03:00;45,86000061035156;45,900001525878906;45,86000061035156;45,88999938964844;5100
2026-09-30;14:41:00;-03:00;45,88999938964844;45,95000076293945;45,88999938964844;45,93000030517578;3700
2026-09-30;14:42:00;-03:00;45,939998626708984;45,939998626708984;45,91999816894531;45,939998626708984;2500
2026-09-30;14:43:00;-03:00;45,93000030517578;45,939998626708984;45,93000030517578;45,93000030517578;2100
2026-09-30;14:44:00;-03:00;45,939998626708984;45,939998626708984;45,93000030517578;45,93000030517578;3600
2026-09-30;14:45:00;-03:00;45,939998626708984;45,939998626708984;45,93000030517578;45,939998626708984;900
2026-09-30;14:46:00;-03:00;45,95000076293945;45,970001220703125;45,95000076293945;45,970001220703125;2700
2026-09-30;14:47:00;-03:00;45,970001220703125;45,970001220703125;45,90999984741211;45,90999984741211;5000
2026-09-30;14:48:00;-03:00;45,90999984741211;45,93000030517578;45,900001525878906;45,90999984741211;1500
2026-09-30;14:49:00;-03:00;45,93000030517578;45,97999954223633;45,93000030517578;45,970001220703125;4900
2026-09-30;14:50:00;-03:00;45,97999954223633;45,9900016784668;45,970001220703125;45,9900016784668;2200
2026-09-30;14:51:00;-03:00;45,9900016784668;46,0;45,9900016784668;45,9900016784668;4100
2026-09-30;14:52:00;-03:00;45,9900016784668;46,0;45,9900016784668;45,9900016784668;1600
2026-09-30;14:53:00;-03:00;46,0;46,0099983215332;45,9900016784668;46,0099983215332;3600
2026-09-30;14:54:00;-03:00;46,0;46,0;45,970001220703125;45,9900016784668;1900
2026-09-30;14:55:00;-03:00;45,9900016784668;45,9900016784668;45,95000076293945;45,95000076293945;3700
2026-09-30;14:56:00;-03:00;45,959999084472656;45,9900016784668;45,939998626708984;45,97999954223633;3600
2026-09-30;14:57:00;-03:00;45,9900016784668;46,0;45,959999084472656;45,9900016784668;3600
2026-09-30;14:58:00;-03:00;45,970001220703125;45,9900016784668;45,970001220703125;45,97999954223633;2700
2026-09-30;14:59:00;-03:00;45,97999954223633;45,97999954223633;45,95000076293945;45,970001220703125;1400
2026-09-30;15:00:00;-03:00;45,959999084472656;46,0099983215332;45,959999084472656;46,0099983215332;3600
2026-09-30;15:01:00;-03:00;46,0099983215332;46,02000045776367;46,0;46,02000045776367;2500
2026-09-30;15:02:00;-03:00;46,029998779296875;46,04999923706055;46,02000045776367;46,04999923706055;5300
2026-09-30;15:03:00;-03:00;46,060001373291016;46,06999969482422;46,040000915527344;46,060001373291016;4800
2026-09-30;15:04:00;-03:00;46,06999969482422;46,06999969482422;46,040000915527344;46,040000915527344;3200
2026-09-30;15:05:00;-03:00;46,04999923706055;46,06999969482422;46,04999923706055;46,04999923706055;1800
2026-09-30;15:06:00;-03:00;46,04999923706055;46,060001373291016;46,040000915527344;46,040000915527344;4100
2026-09-30;15:07:00;-03:00;46,04999923706055;46,06999969482422;46,04999923706055;46,060001373291016;3000
2026-09-30;15:08:00;-03:00;46,06999969482422;46,08000183105469;46,04999923706055;46,06999969482422;2400
2026-09-30;15:09:00;-03:00;46,06999969482422;46,099998474121094;46,060001373291016;46,09000015258789;6900
2026-09-30;15:10:00;-03:00;46,09000015258789;46,09000015258789;46,0099983215332;46,0099983215332;6800
2026-09-30;15:11:00;-03:00;46,0099983215332;46,040000915527344;46,0;46,029998779296875;4300
2026-09-30;15:12:00;-03:00;46,02000045776367;46,02000045776367;46,0;46,0;1100
2026-09-30;15:13:00;-03:00;46,0;46,0;45,970001220703125;45,970001220703125;3800
2026-09-30;15:14:00;-03:00;45,97999954223633;46,029998779296875;45,970001220703125;46,02000045776367;7300
2026-09-30;15:15:00;-03:00;46,0099983215332;46,0099983215332;45,97999954223633;45,97999954223633;3400
2026-09-30;15:16:00;-03:00;45,97999954223633;46,0;45,959999084472656;45,959999084472656;6800
2026-09-30;15:17:00;-03:00;45,959999084472656;45,970001220703125;45,95000076293945;45,959999084472656;2900
2026-09-30;15:18:00;-03:00;45,959999084472656;45,959999084472656;45,939998626708984;45,959999084472656;3400
2026-09-30;15:19:00;-03:00;45,95000076293945;45,970001220703125;45,939998626708984;45,959999084472656;2400
2026-09-30;15:20:00;-03:00;45,970001220703125;46,0;45,970001220703125;45,9900016784668;3500
2026-09-30;15:21:00;-03:00;46,0;46,0;45,970001220703125;45,970001220703125;2400
2026-09-30;15:22:00;-03:00;45,970001220703125;45,9900016784668;45,970001220703125;45,97999954223633;1400
2026-09-30;15:23:00;-03:00;45,970001220703125;45,970001220703125;45,95000076293945;45,970001220703125;2800
2026-09-30;15:24:00;-03:00;45,959999084472656;45,959999084472656;45,939998626708984;45,95000076293945;3100
2026-09-30;15:25:00;-03:00;45,939998626708984;45,939998626708984;45,91999816894531;45,93000030517578;1900
2026-09-30;15:26:00;-03:00;45,93000030517578;45,95000076293945;45,91999816894531;45,95000076293945;2600
2026-09-30;15:27:00;-03:00;45,95000076293945;45,95000076293945;45,88999938964844;45,88999938964844;2500
2026-09-30;15:28:00;-03:00;45,880001068115234;45,900001525878906;45,86000061035156;45,880001068115234;2500
2026-09-30;15:29:00;-03:00;45,880001068115234;45,880001068115234;45,81999969482422;45,84000015258789;2200
2026-09-30;15:30:00;-03:00;45,849998474121094;45,869998931884766;45,84000015258789;45,869998931884766;3400
2026-09-30;15:31:00;-03:00;45,880001068115234;45,88999938964844;45,880001068115234;45,88999938964844;1700
2026-09-30;15:32:00;-03:00;45,88999938964844;45,88999938964844;45,869998931884766;45,88999938964844;3100
2026-09-30;15:33:00;-03:00;45,88999938964844;45,900001525878906;45,880001068115234;45,900001525878906;1200
2026-09-30;15:34:00;-03:00;45,88999938964844;45,88999938964844;45,86000061035156;45,86000061035156;2600
2026-09-30;15:35:00;-03:00;45,86000061035156;45,86000061035156;45,84000015258789;45,86000061035156;1700
2026-09-30;15:36:00;-03:00;45,869998931884766;45,90999984741211;45,849998474121094;45,900001525878906;2600
2026-09-30;15:37:00;-03:00;45,88999938964844;45,88999938964844;45,869998931884766;45,880001068115234;1800
2026-09-30;15:38:00;-03:00;45,90999984741211;45,93000030517578;45,88999938964844;45,93000030517578;3900
2026-09-30;15:39:00;-03:00;45,91999816894531;45,939998626708984;45,900001525878906;45,91999816894531;5200
2026-09-30;15:40:00;-03:00;45,91999816894531;45,91999816894531;45,900001525878906;45,90999984741211;4200
2026-09-30;15:41:00;-03:00;45,900001525878906;45,900001525878906;45,86000061035156;45,86000061035156;2100
2026-09-30;15:42:00;-03:00;45,86000061035156;45,880001068115234;45,849998474121094;45,880001068115234;4000
2026-09-30;15:43:00;-03:00;45,869998931884766;45,880001068115234;45,86000061035156;45,880001068115234;5000
2026-09-30;15:44:00;-03:00;45,880001068115234;45,900001525878906;45,869998931884766;45,900001525878906;2800
2026-09-30;15:45:00;-03:00;45,900001525878906;45,91999816894531;45,88999938964844;45,88999938964844;3300
2026-09-30;15:46:00;-03:00;45,88999938964844;45,88999938964844;45,880001068115234;45,880001068115234;2100
2026-09-30;15:47:00;-03:00;45,880001068115234;45,880001068115234;45,86000061035156;45,869998931884766;3600
2026-09-30;15:48:00;-03:00;45,86000061035156;45,880001068115234;45,849998474121094;45,869998931884766;9100
2026-09-30;15:49:00;-03:00;45,869998931884766;45,900001525878906;45,86000061035156;45,86000061035156;4500
2026-09-30;15:50:00;-03:00;45,849998474121094;45,880001068115234;45,849998474121094;45,849998474121094;3000
2026-09-30;15:51:00;-03:00;45,869998931884766;45,88999938964844;45,869998931884766;45,880001068115234;2700
2026-09-30;15:52:00;-03:00;45,88999938964844;45,88999938964844;45,869998931884766;45,88999938964844;2200
2026-09-30;15:53:00;-03:00;45,88999938964844;45,88999938964844;45,880001068115234;45,880001068115234;1000
2026-09-30;15:54:00;-03:00;45,880001068115234;45,900001525878906;45,880001068115234;45,880001068115234;2000
2026-09-30;15:55:00;-03:00;45,88999938964844;45,88999938964844;45,880001068115234;45,88999938964844;2900
2026-09-30;15:56:00;-03:00;45,88999938964844;45,88999938964844;45,849998474121094;45,869998931884766;3900
2026-09-30;15:57:00;-03:00;45,869998931884766;45,88999938964844;45,86000061035156;45,880001068115234;3900
2026-09-30;15:58:00;-03:00;45,880001068115234;45,90999984741211;45,880001068115234;45,90999984741211;5500
2026-09-30;15:59:00;-03:00;45,900001525878906;45,90999984741211;45,88999938964844;45,900001525878906;3800
2026-09-30;16:00:00;-03:00;45,88999938964844;45,88999938964844;45,869998931884766;45,880001068115234;4400
2026-09-30;16:01:00;-03:00;45,869998931884766;45,900001525878906;45,83000183105469;45,83000183105469;4400
2026-09-30;16:02:00;-03:00;45,849998474121094;45,849998474121094;45,84000015258789;45,849998474121094;2700
2026-09-30;16:03:00;-03:00;45,84000015258789;45,849998474121094;45,83000183105469;45,83000183105469;2400
2026-09-30;16:04:00;-03:00;45,83000183105469;45,84000015258789;45,81999969482422;45,81999969482422;2700
2026-09-30;16:05:00;-03:00;45,81999969482422;45,81999969482422;45,79999923706055;45,810001373291016;3600
2026-09-30;16:06:00;-03:00;45,810001373291016;45,810001373291016;45,77000045776367;45,79999923706055;3500
2026-09-30;16:07:00;-03:00;45,779998779296875;45,779998779296875;45,7599983215332;45,779998779296875;3700
2026-09-30;16:08:00;-03:00;45,77000045776367;45,81999969482422;45,77000045776367;45,79999923706055;2500
2026-09-30;16:09:00;-03:00;45,810001373291016;45,83000183105469;45,79999923706055;45,79999923706055;2700
2026-09-30;16:10:00;-03:00;45,79999923706055;45,810001373291016;45,79999923706055;45,79999923706055;1600
2026-09-30;16:11:00;-03:00;45,79999923706055;45,83000183105469;45,79999923706055;45,810001373291016;5300
2026-09-30;16:12:00;-03:00;45,810001373291016;45,83000183105469;45,79999923706055;45,79999923706055;7800
2026-09-30;16:13:00;-03:00;45,790000915527344;45,79999923706055;45,790000915527344;45,79999923706055;1500
2026-09-30;16:14:00;-03:00;45,810001373291016;45,81999969482422;45,79999923706055;45,81999969482422;5000
2026-09-30;16:15:00;-03:00;45,81999969482422;45,83000183105469;45,810001373291016;45,810001373291016;3500
2026-09-30;16:16:00;-03:00;45,810001373291016;45,81999969482422;45,790000915527344;45,810001373291016;4400
2026-09-30;16:17:00;-03:00;45,81999969482422;45,83000183105469;45,810001373291016;45,81999969482422;3300
2026-09-30;16:18:00;-03:00;45,83000183105469;45,83000183105469;45,779998779296875;45,79999923706055;5500
2026-09-30;16:19:00;-03:00;45,79999923706055;45,810001373291016;45,77000045776367;45,779998779296875;9800
2026-09-30;16:20:00;-03:00;45,779998779296875;45,79999923706055;45,77000045776367;45,77000045776367;1600
2026-09-30;16:21:00;-03:00;45,77000045776367;45,79999923706055;45,77000045776367;45,790000915527344;2800
2026-09-30;16:22:00;-03:00;45,790000915527344;45,83000183105469;45,790000915527344;45,790000915527344;7300
2026-09-30;16:23:00;-03:00;45,790000915527344;45,790000915527344;45,779998779296875;45,790000915527344;1400
2026-09-30;16:24:00;-03:00;45,779998779296875;45,79999923706055;45,779998779296875;45,79999923706055;1400
2026-09-30;16:25:00;-03:00;45,810001373291016;45,810001373291016;45,779998779296875;45,779998779296875;5300
2026-09-30;16:26:00;-03:00;45,779998779296875;45,810001373291016;45,779998779296875;45,810001373291016;3800
2026-09-30;16:27:00;-03:00;45,83000183105469;45,84000015258789;45,81999969482422;45,84000015258789;4500
2026-09-30;16:28:00;-03:00;45,849998474121094;45,849998474121094;45,81999969482422;45,83000183105469;10800
2026-09-30;16:29:00;-03:00;45,83000183105469;45,849998474121094;45,83000183105469;45,83000183105469;2700
2026-09-30;16:30:00;-03:00;45,83000183105469;45,84000015258789;45,810001373291016;45,810001373291016;3900
2026-09-30;16:31:00;-03:00;45,81999969482422;45,84000015258789;45,81999969482422;45,84000015258789;2300
2026-09-30;16:32:00;-03:00;45,83000183105469;45,849998474121094;45,83000183105469;45,849998474121094;1700
2026-09-30;16:33:00;-03:00;45,849998474121094;45,880001068115234;45,79999923706055;45,849998474121094;17500
2026-09-30;16:34:00;-03:00;45,86000061035156;45,86000061035156;45,77000045776367;45,779998779296875;24300
2026-09-30;16:35:00;-03:00;45,779998779296875;45,790000915527344;45,7599983215332;45,790000915527344;10600
2026-09-30;16:36:00;-03:00;45,790000915527344;45,790000915527344;45,779998779296875;45,779998779296875;1000
2026-09-30;16:37:00;-03:00;45,779998779296875;45,779998779296875;45,77000045776367;45,77000045776367;5600
2026-09-30;16:38:00;-03:00;45,77000045776367;45,779998779296875;45,7599983215332;45,7599983215332;2000
2026-09-30;16:39:00;-03:00;45,7599983215332;45,7599983215332;45,709999084472656;45,709999084472656;9400
2026-09-30;16:40:00;-03:00;45,709999084472656;45,7400016784668;45,70000076293945;45,720001220703125;7000
2026-09-30;16:41:00;-03:00;45,720001220703125;45,7400016784668;45,709999084472656;45,7400016784668;5800
2026-09-30;16:42:00;-03:00;45,72999954223633;45,72999954223633;45,709999084472656;45,709999084472656;3300
2026-09-30;16:43:00;-03:00;45,709999084472656;45,709999084472656;45,70000076293945;45,70000076293945;1800
2026-09-30;16:44:00;-03:00;45,70000076293945;45,709999084472656;45,65999984741211;45,689998626708984;10200
2026-09-30;16:45:00;-03:00;45,68000030517578;45,68000030517578;45,65999984741211;45,68000030517578;5300
2026-09-30;16:46:00;-03:00;45,66999816894531;45,689998626708984;45,66999816894531;45,689998626708984;1100
2026-09-30;16:47:00;-03:00;45,66999816894531;45,689998626708984;45,650001525878906;45,650001525878906;5200
2026-09-30;16:48:00;-03:00;45,650001525878906;45,65999984741211;45,63999938964844;45,650001525878906;4200
2026-09-30;16:49:00;-03:00;45,65999984741211;45,68000030517578;45,650001525878906;45,65999984741211;6700
2026-09-30;16:50:00;-03:00;45,66999816894531;45,720001220703125;45,65999984741211;45,720001220703125;5100
2026-09-30;16:51:00;-03:00;45,709999084472656;45,72999954223633;45,70000076293945;45,72999954223633;5700
2026-09-30;16:52:00;-03:00;45,72999954223633;45,7599983215332;45,72999954223633;45,7400016784668;7100
2026-09-30;16:53:00;-03:00;45,7400016784668;45,7599983215332;45,72999954223633;45,7599983215332;5500
2026-09-30;16:54:00;-03:00;45,7599983215332;45,79999923706055;45,72999954223633;45,79999923706055;4500
2026-10-01;10:03:00;-03:00;45,97999954223633;45,97999954223633;45,70000076293945;45,83000183105469;0
2026-10-01;10:04:00;-03:00;45,810001373291016;45,810001373291016;45,709999084472656;45,709999084472656;1000
2026-10-01;10:05:00;-03:00;45,61000061035156;45,619998931884766;45,5099983215332;45,59000015258789;4900
2026-10-01;10:06:00;-03:00;45,63999938964844;45,63999938964844;45,63999938964844;45,63999938964844;200
2026-10-01;10:07:00;-03:00;45,619998931884766;45,63999938964844;45,529998779296875;45,540000915527344;1900
2026-10-01;10:08:00;-03:00;45,599998474121094;45,599998474121094;45,599998474121094;45,599998474121094;100
2026-10-01;10:09:00;-03:00;45,529998779296875;45,529998779296875;45,459999084472656;45,52000045776367;1400
2026-10-01;10:10:00;-03:00;45,529998779296875;45,529998779296875;45,5099983215332;45,52000045776367;500
2026-10-01;10:11:00;-03:00;45,54999923706055;45,61000061035156;45,54999923706055;45,61000061035156;900
2026-10-01;10:12:00;-03:00;45,52000045776367;45,52000045776367;45,5;45,52000045776367;400
2026-10-01;10:13:00;-03:00;45,540000915527344;45,650001525878906;45,5;45,59000015258789;5900
2026-10-01;10:14:00;-03:00;45,599998474121094;45,630001068115234;45,59000015258789;45,630001068115234;1700
2026-10-01;10:15:00;-03:00;45,63999938964844;45,65999984741211;45,63999938964844;45,65999984741211;700
2026-10-01;10:16:00;-03:00;45,68000030517578;45,68000030517578;45,68000030517578;45,68000030517578;200
2026-10-01;10:17:00;-03:00;45,68000030517578;45,779998779296875;45,68000030517578;45,7599983215332;1200
2026-10-01;10:18:00;-03:00;45,7599983215332;45,79999923706055;45,75;45,79999923706055;900
2026-10-01;10:19:00;-03:00;45,779998779296875;45,779998779296875;45,77000045776367;45,77000045776367;300
2026-10-01;10:20:00;-03:00;45,779998779296875;45,869998931884766;45,779998779296875;45,869998931884766;2200
2026-10-01;10:21:00;-03:00;45,88999938964844;45,959999084472656;45,88999938964844;45,93000030517578;3600
2026-10-01;10:22:00;-03:00;45,91999816894531;45,91999816894531;45,88999938964844;45,88999938964844;1800
2026-10-01;10:23:00;-03:00;45,939998626708984;45,939998626708984;45,869998931884766;45,869998931884766;2000
2026-10-01;10:24:00;-03:00;45,869998931884766;45,880001068115234;45,84000015258789;45,880001068115234;1000
2026-10-01;10:25:00;-03:00;45,849998474121094;45,86000061035156;45,81999969482422;45,86000061035156;1600
2026-10-01;10:26:00;-03:00;45,86000061035156;45,880001068115234;45,849998474121094;45,86000061035156;1500
2026-10-01;10:27:00;-03:00;45,84000015258789;45,84000015258789;45,81999969482422;45,81999969482422;1400
2026-10-01;10:28:00;-03:00;45,84000015258789;45,86000061035156;45,810001373291016;45,81999969482422;1300
2026-10-01;10:29:00;-03:00;45,86000061035156;45,93000030517578;45,86000061035156;45,93000030517578;800
2026-10-01;10:30:00;-03:00;45,93000030517578;46,08000183105469;45,93000030517578;46,08000183105469;5500
2026-10-01;10:31:00;-03:00;46,08000183105469;46,13999938964844;46,08000183105469;46,119998931884766;3000
2026-10-01;10:32:00;-03:00;46,11000061035156;46,20000076293945;46,09000015258789;46,20000076293945;8800
2026-10-01;10:33:00;-03:00;46,20000076293945;46,33000183105469;46,20000076293945;46,290000915527344;9700
2026-10-01;10:34:00;-03:00;46,29999923706055;46,310001373291016;46,220001220703125;46,220001220703125;7500
2026-10-01;10:35:00;-03:00;46,20000076293945;46,20000076293945;46,13999938964844;46,16999816894531;600
2026-10-01;10:36:00;-03:00;46,15999984741211;46,2400016784668;46,15999984741211;46,2400016784668;3100
2026-10-01;10:37:00;-03:00;46,209999084472656;46,209999084472656;46,13999938964844;46,13999938964844;2400
2026-10-01;10:38:00;-03:00;46,11000061035156;46,11000061035156;46,08000183105469;46,099998474121094;1100
2026-10-01;10:39:00;-03:00;46,09000015258789;46,11000061035156;46,060001373291016;46,09000015258789;1900
2026-10-01;10:40:00;-03:00;46,08000183105469;46,099998474121094;45,9900016784668;46,0;8100
2026-10-01;10:41:00;-03:00;46,0;46,0099983215332;45,959999084472656;45,970001220703125;8400
2026-10-01;10:42:00;-03:00;46,0099983215332;46,099998474121094;46,0099983215332;46,08000183105469;6200
2026-10-01;10:43:00;-03:00;46,09000015258789;46,150001525878906;46,09000015258789;46,150001525878906;2000
2026-10-01;10:44:00;-03:00;46,15999984741211;46,16999816894531;46,150001525878906;46,150001525878906;1900
2026-10-01;10:45:00;-03:00;46,16999816894531;46,2400016784668;46,16999816894531;46,189998626708984;3800
2026-10-01;10:46:00;-03:00;46,189998626708984;46,209999084472656;46,16999816894531;46,16999816894531;1500
2026-10-01;10:47:00;-03:00;46,18000030517578;46,20000076293945;46,119998931884766;46,130001068115234;2700
2026-10-01;10:48:00;-03:00;46,130001068115234;46,15999984741211;46,119998931884766;46,13999938964844;3400
2026-10-01;10:49:00;-03:00;46,13999938964844;46,13999938964844;46,09000015258789;46,09000015258789;2200
2026-10-01;10:50:00;-03:00;46,08000183105469;46,150001525878906;46,06999969482422;46,13999938964844;1800
2026-10-01;10:51:00;-03:00;46,119998931884766;46,119998931884766;46,040000915527344;46,040000915527344;3400
2026-10-01;10:52:00;-03:00;46,060001373291016;46,220001220703125;46,060001373291016;46,209999084472656;8700
2026-10-01;10:53:00;-03:00;46,220001220703125;46,25;46,15999984741211;46,16999816894531;3400
2026-10-01;10:54:00;-03:00;46,16999816894531;46,189998626708984;46,130001068115234;46,130001068115234;4300
2026-10-01;10:55:00;-03:00;46,11000061035156;46,119998931884766;46,08000183105469;46,119998931884766;5000
2026-10-01;10:56:00;-03:00;46,099998474121094;46,099998474121094;46,060001373291016;46,09000015258789;22300
2026-10-01;10:57:00;-03:00;46,099998474121094;46,13999938964844;46,099998474121094;46,11000061035156;6900
2026-10-01;10:58:00;-03:00;46,099998474121094;46,150001525878906;46,09000015258789;46,11000061035156;8600
2026-10-01;10:59:00;-03:00;46,09000015258789;46,09000015258789;46,0099983215332;46,02000045776367;5700
2026-10-01;11:00:00;-03:00;46,029998779296875;46,029998779296875;45,93000030517578;45,95000076293945;3700
2026-10-01;11:01:00;-03:00;45,939998626708984;45,970001220703125;45,93000030517578;45,959999084472656;3300
2026-10-01;11:02:00;-03:00;45,959999084472656;45,97999954223633;45,880001068115234;45,90999984741211;3400
2026-10-01;11:03:00;-03:00;45,91999816894531;46,02000045776367;45,91999816894531;46,0;3900
2026-10-01;11:04:00;-03:00;46,0;46,040000915527344;46,0;46,040000915527344;1500
2026-10-01;11:05:00;-03:00;46,02000045776367;46,02000045776367;45,939998626708984;45,970001220703125;3900
2026-10-01;11:06:00;-03:00;45,959999084472656;46,0099983215332;45,959999084472656;46,0099983215332;2000
2026-10-01;11:07:00;-03:00;46,02000045776367;46,040000915527344;46,02000045776367;46,029998779296875;2900
2026-10-01;11:08:00;-03:00;46,029998779296875;46,099998474121094;46,02000045776367;46,08000183105469;4200
2026-10-01;11:09:00;-03:00;46,06999969482422;46,099998474121094;46,060001373291016;46,08000183105469;2100
2026-10-01;11:10:00;-03:00;46,08000183105469;46,09000015258789;46,029998779296875;46,06999969482422;3400
2026-10-01;11:11:00;-03:00;46,060001373291016;46,060001373291016;45,97999954223633;45,97999954223633;4300
2026-10-01;11:12:00;-03:00;45,970001220703125;46,0;45,970001220703125;46,0;300
2026-10-01;11:13:00;-03:00;46,0099983215332;46,040000915527344;46,0099983215332;46,040000915527344;700
2026-10-01;11:14:00;-03:00;46,029998779296875;46,029998779296875;45,9900016784668;46,0;2900
2026-10-01;11:15:00;-03:00;46,02000045776367;46,040000915527344;46,02000045776367;46,02000045776367;2000
2026-10-01;11:16:00;-03:00;46,02000045776367;46,029998779296875;46,02000045776367;46,029998779296875;400
2026-10-01;11:17:00;-03:00;46,02000045776367;46,04999923706055;46,02000045776367;46,040000915527344;5200
2026-10-01;11:18:00;-03:00;46,029998779296875;46,040000915527344;46,029998779296875;46,040000915527344;0
2026-10-01;11:19:00;-03:00;46,04999923706055;46,060001373291016;46,04999923706055;46,04999923706055;1100
2026-10-01;11:20:00;-03:00;46,06999969482422;46,11000061035156;46,06999969482422;46,11000061035156;11800
2026-10-01;11:21:00;-03:00;46,11000061035156;46,11000061035156;46,029998779296875;46,029998779296875;4000
2026-10-01;11:22:00;-03:00;46,040000915527344;46,060001373291016;46,040000915527344;46,040000915527344;1300
2026-10-01;11:23:00;-03:00;46,060001373291016;46,09000015258789;46,060001373291016;46,06999969482422;2800
2026-10-01;11:24:00;-03:00;46,060001373291016;46,06999969482422;46,040000915527344;46,06999969482422;2300
2026-10-01;11:25:00;-03:00;46,060001373291016;46,060001373291016;46,029998779296875;46,029998779296875;2200
2026-10-01;11:26:00;-03:00;46,040000915527344;46,040000915527344;46,0099983215332;46,02000045776367;2000
2026-10-01;11:27:00;-03:00;46,0099983215332;46,0099983215332;45,95000076293945;45,95000076293945;3000
2026-10-01;11:28:00;-03:00;45,939998626708984;45,939998626708984;45,88999938964844;45,91999816894531;1900
2026-10-01;11:29:00;-03:00;45,93000030517578;45,95000076293945;45,93000030517578;45,939998626708984;2000
2026-10-01;11:30:00;-03:00;45,95000076293945;46,0099983215332;45,95000076293945;45,9900016784668;3600
2026-10-01;11:31:00;-03:00;45,97999954223633;46,02000045776367;45,970001220703125;45,9900016784668;3000
2026-10-01;11:32:00;-03:00;46,0099983215332;46,0099983215332;45,939998626708984;45,939998626708984;2200
2026-10-01;11:33:00;-03:00;45,95000076293945;45,95000076293945;45,93000030517578;45,93000030517578;1800
2026-10-01;11:34:00;-03:00;45,91999816894531;46,02000045776367;45,90999984741211;46,02000045776367;5400
2026-10-01;11:35:00;-03:00;46,0099983215332;46,0099983215332;45,970001220703125;45,9900016784668;2400
2026-10-01;11:36:00;-03:00;45,97999954223633;46,0;45,97999954223633;45,9900016784668;2000
2026-10-01;11:37:00;-03:00;45,9900016784668;45,9900016784668;45,95000076293945;45,959999084472656;3900
2026-10-01;11:38:00;-03:00;45,95000076293945;45,959999084472656;45,91999816894531;45,959999084472656;3300
2026-10-01;11:39:00;-03:00;45,970001220703125;45,970001220703125;45,959999084472656;45,970001220703125;1500
2026-10-01;11:40:00;-03:00;45,970001220703125;45,9900016784668;45,970001220703125;45,970001220703125;2800
2026-10-01;11:41:00;-03:00;45,959999084472656;45,959999084472656;45,93000030517578;45,959999084472656;3400
2026-10-01;11:42:00;-03:00;45,95000076293945;45,959999084472656;45,939998626708984;45,95000076293945;2000
2026-10-01;11:43:00;-03:00;45,93000030517578;45,95000076293945;45,93000030517578;45,95000076293945;2700
2026-10-01;11:44:00;-03:00;45,939998626708984;45,95000076293945;45,91999816894531;45,91999816894531;2800
2026-10-01;11:45:00;-03:00;45,93000030517578;45,93000030517578;45,900001525878906;45,90999984741211;6400
2026-10-01;11:46:00;-03:00;45,90999984741211;45,90999984741211;45,880001068115234;45,880001068115234;3800
2026-10-01;11:47:00;-03:00;45,880001068115234;45,900001525878906;45,849998474121094;45,86000061035156;6700
2026-10-01;11:48:00;-03:00;45,849998474121094;45,880001068115234;45,849998474121094;45,849998474121094;5000
2026-10-01;11:49:00;-03:00;45,869998931884766;45,880001068115234;45,79999923706055;45,84000015258789;6500
2026-10-01;11:50:00;-03:00;45,84000015258789;45,849998474121094;45,790000915527344;45,810001373291016;8000
2026-10-01;11:51:00;-03:00;45,79999923706055;45,81999969482422;45,790000915527344;45,810001373291016;4800
2026-10-01;11:52:00;-03:00;45,810001373291016;45,810001373291016;45,7599983215332;45,77000045776367;7100
2026-10-01;11:53:00;-03:00;45,77000045776367;45,77000045776367;45,75;45,75;4200
2026-10-01;11:54:00;-03:00;45,75;45,77000045776367;45,709999084472656;45,72999954223633;7200
2026-10-01;11:55:00;-03:00;45,75;45,79999923706055;45,7400016784668;45,779998779296875;2100
2026-10-01;11:56:00;-03:00;45,779998779296875;45,790000915527344;45,75;45,77000045776367;5400
2026-10-01;11:57:00;-03:00;45,75;45,77000045776367;45,7400016784668;45,77000045776367;3300
2026-10-01;11:58:00;-03:00;45,7599983215332;45,810001373291016;45,7400016784668;45,75;9000
2026-10-01;11:59:00;-03:00;45,75;45,779998779296875;45,75;45,779998779296875;2600
2026-10-01;12:00:00;-03:00;45,77000045776367;45,790000915527344;45,720001220703125;45,720001220703125;4500
2026-10-01;12:01:00;-03:00;45,72999954223633;45,72999954223633;45,689998626708984;45,70000076293945;3900
2026-10-01;12:02:00;-03:00;45,709999084472656;45,7400016784668;45,689998626708984;45,689998626708984;4200
2026-10-01;12:03:00;-03:00;45,70000076293945;45,72999954223633;45,70000076293945;45,72999954223633;2200
2026-10-01;12:04:00;-03:00;45,709999084472656;45,779998779296875;45,709999084472656;45,7400016784668;6700
2026-10-01;12:05:00;-03:00;45,7599983215332;45,779998779296875;45,720001220703125;45,72999954223633;4400
2026-10-01;12:06:00;-03:00;45,72999954223633;45,72999954223633;45,689998626708984;45,720001220703125;7200
2026-10-01;12:07:00;-03:00;45,72999954223633;45,75;45,72999954223633;45,75;5100
2026-10-01;12:08:00;-03:00;45,7400016784668;45,75;45,66999816894531;45,70000076293945;11000
2026-10-01;12:09:00;-03:00;45,709999084472656;45,709999084472656;45,66999816894531;45,70000076293945;4700
2026-10-01;12:10:00;-03:00;45,689998626708984;45,689998626708984;45,65999984741211;45,66999816894531;5400
2026-10-01;12:11:00;-03:00;45,68000030517578;45,68000030517578;45,65999984741211;45,66999816894531;3700
2026-10-01;12:12:00;-03:00;45,68000030517578;45,689998626708984;45,65999984741211;45,66999816894531;3000
2026-10-01;12:13:00;-03:00;45,66999816894531;45,68000030517578;45,66999816894531;45,66999816894531;3400
2026-10-01;12:14:00;-03:00;45,66999816894531;45,70000076293945;45,66999816894531;45,66999816894531;3200
2026-10-01;12:15:00;-03:00;45,68000030517578;45,70000076293945;45,68000030517578;45,68000030517578;3400
2026-10-01;12:16:00;-03:00;45,689998626708984;45,720001220703125;45,689998626708984;45,709999084472656;3800
2026-10-01;12:17:00;-03:00;45,7400016784668;45,779998779296875;45,720001220703125;45,779998779296875;5400
2026-10-01;12:18:00;-03:00;45,77000045776367;45,77000045776367;45,7400016784668;45,75;5500
2026-10-01;12:19:00;-03:00;45,7599983215332;45,790000915527344;45,7599983215332;45,779998779296875;4400
2026-10-01;12:20:00;-03:00;45,779998779296875;45,779998779296875;45,72999954223633;45,72999954223633;4700
2026-10-01;12:21:00;-03:00;45,7400016784668;45,779998779296875;45,72999954223633;45,779998779296875;2600
2026-10-01;12:22:00;-03:00;45,77000045776367;45,779998779296875;45,7599983215332;45,779998779296875;2300
2026-10-01;12:23:00;-03:00;45,790000915527344;45,86000061035156;45,790000915527344;45,86000061035156;3100
2026-10-01;12:24:00;-03:00;45,86000061035156;45,880001068115234;45,849998474121094;45,869998931884766;2800
2026-10-01;12:25:00;-03:00;45,869998931884766;45,90999984741211;45,849998474121094;45,90999984741211;3200
2026-10-01;12:26:00;-03:00;45,88999938964844;45,91999816894531;45,88999938964844;45,90999984741211;5500
2026-10-01;12:27:00;-03:00;45,93000030517578;45,95000076293945;45,93000030517578;45,939998626708984;1000
2026-10-01;12:28:00;-03:00;45,939998626708984;45,959999084472656;45,91999816894531;45,959999084472656;5100
2026-10-01;12:29:00;-03:00;45,970001220703125;45,9900016784668;45,959999084472656;45,959999084472656;3300
2026-10-01;12:30:00;-03:00;45,970001220703125;45,970001220703125;45,939998626708984;45,95000076293945;2000
2026-10-01;12:31:00;-03:00;45,95000076293945;45,95000076293945;45,90999984741211;45,939998626708984;3500
2026-10-01;12:32:00;-03:00;45,95000076293945;46,0;45,95000076293945;45,970001220703125;4600
2026-10-01;12:33:00;-03:00;45,97999954223633;46,0;45,959999084472656;45,970001220703125;2300
2026-10-01;12:34:00;-03:00;45,95000076293945;45,95000076293945;45,90999984741211;45,90999984741211;5100
2026-10-01;12:35:00;-03:00;45,91999816894531;45,93000030517578;45,880001068115234;45,93000030517578;5100
2026-10-01;12:36:00;-03:00;45,93000030517578;45,939998626708984;45,91999816894531;45,939998626708984;1700
2026-10-01;12:37:00;-03:00;45,95000076293945;45,970001220703125;45,93000030517578;45,959999084472656;2900
2026-10-01;12:38:00;-03:00;45,970001220703125;46,0099983215332;45,970001220703125;46,0;1800
2026-10-01;12:39:00;-03:00;45,9900016784668;45,9900016784668;45,970001220703125;45,97999954223633;1900
2026-10-01;12:40:00;-03:00;46,0;46,0099983215332;45,9900016784668;46,0099983215332;4100
2026-10-01;12:41:00;-03:00;46,02000045776367;46,02000045776367;45,97999954223633;46,0;11000
2026-10-01;12:42:00;-03:00;45,9900016784668;46,02000045776367;45,9900016784668;46,0;1600
2026-10-01;12:43:00;-03:00;46,0099983215332;46,02000045776367;45,97999954223633;45,97999954223633;3700
2026-10-01;12:44:00;-03:00;45,9900016784668;46,0;45,970001220703125;45,9900016784668;2900
2026-10-01;12:45:00;-03:00;46,0;46,0;45,97999954223633;46,0;1800
2026-10-01;12:46:00;-03:00;46,0099983215332;46,0099983215332;46,0099983215332;46,0099983215332;600
2026-10-01;12:47:00;-03:00;46,0099983215332;46,040000915527344;46,0099983215332;46,0099983215332;3700
2026-10-01;12:48:00;-03:00;46,02000045776367;46,040000915527344;46,02000045776367;46,029998779296875;2200
2026-10-01;12:49:00;-03:00;46,029998779296875;46,04999923706055;46,0099983215332;46,029998779296875;2900
2026-10-01;12:50:00;-03:00;46,0099983215332;46,029998779296875;46,0;46,0;3800
2026-10-01;12:51:00;-03:00;45,97999954223633;46,0;45,97999954223633;46,0;900
2026-10-01;12:52:00;-03:00;46,0099983215332;46,040000915527344;46,0099983215332;46,02000045776367;1400
2026-10-01;12:53:00;-03:00;46,02000045776367;46,029998779296875;46,0099983215332;46,02000045776367;2700
2026-10-01;12:54:00;-03:00;46,040000915527344;46,040000915527344;46,029998779296875;46,040000915527344;1200
2026-10-01;12:55:00;-03:00;46,040000915527344;46,09000015258789;46,040000915527344;46,09000015258789;1600
2026-10-01;12:56:00;-03:00;46,099998474121094;46,119998931884766;46,08000183105469;46,099998474121094;3500
2026-10-01;12:57:00;-03:00;46,09000015258789;46,13999938964844;46,09000015258789;46,119998931884766;3500
2026-10-01;12:58:00;-03:00;46,11000061035156;46,11000061035156;46,11000061035156;46,11000061035156;600
2026-10-01;12:59:00;-03:00;46,099998474121094;46,119998931884766;46,099998474121094;46,11000061035156;1800
2026-10-01;13:00:00;-03:00;46,11000061035156;46,130001068115234;46,11000061035156;46,119998931884766;2700
2026-10-01;13:01:00;-03:00;46,130001068115234;46,13999938964844;46,130001068115234;46,13999938964844;1100
2026-10-01;13:02:00;-03:00;46,130001068115234;46,130001068115234;46,119998931884766;46,130001068115234;1400
2026-10-01;13:03:00;-03:00;46,119998931884766;46,130001068115234;46,099998474121094;46,119998931884766;2600
2026-10-01;13:04:00;-03:00;46,130001068115234;46,13999938964844;46,130001068115234;46,13999938964844;2000
2026-10-01;13:05:00;-03:00;46,13999938964844;46,150001525878906;46,13999938964844;46,13999938964844;2500
2026-10-01;13:06:00;-03:00;46,13999938964844;46,16999816894531;46,13999938964844;46,15999984741211;2100
2026-10-01;13:07:00;-03:00;46,150001525878906;46,150001525878906;46,11000061035156;46,11000061035156;2600
2026-10-01;13:08:00;-03:00;46,11000061035156;46,11000061035156;46,11000061035156;46,11000061035156;1400
2026-10-01;13:09:00;-03:00;46,119998931884766;46,150001525878906;46,11000061035156;46,11000061035156;3900
2026-10-01;13:10:00;-03:00;46,119998931884766;46,130001068115234;46,11000061035156;46,11000061035156;1900
2026-10-01;13:11:00;-03:00;46,11000061035156;46,13999938964844;46,11000061035156;46,13999938964844;1400
2026-10-01;13:12:00;-03:00;46,13999938964844;46,13999938964844;46,11000061035156;46,11000061035156;3500
2026-10-01;13:13:00;-03:00;46,119998931884766;46,119998931884766;46,11000061035156;46,119998931884766;800
2026-10-01;13:14:00;-03:00;46,11000061035156;46,11000061035156;46,08000183105469;46,099998474121094;2400
2026-10-01;13:15:00;-03:00;46,099998474121094;46,119998931884766;46,099998474121094;46,099998474121094;3200
2026-10-01;13:16:00;-03:00;46,11000061035156;46,130001068115234;46,11000061035156;46,130001068115234;4700
2026-10-01;13:17:00;-03:00;46,119998931884766;46,130001068115234;46,099998474121094;46,099998474121094;2700
2026-10-01;13:18:00;-03:00;46,08000183105469;46,119998931884766;46,08000183105469;46,099998474121094;2200
2026-10-01;13:19:00;-03:00;46,099998474121094;46,119998931884766;46,09000015258789;46,09000015258789;1600
2026-10-01;13:20:00;-03:00;46,099998474121094;46,150001525878906;46,099998474121094;46,13999938964844;3100
2026-10-01;13:21:00;-03:00;46,15999984741211;46,189998626708984;46,15999984741211;46,189998626708984;1200
2026-10-01;13:22:00;-03:00;46,20000076293945;46,29999923706055;46,189998626708984;46,290000915527344;9500
2026-10-01;13:23:00;-03:00;46,279998779296875;46,290000915527344;46,27000045776367;46,290000915527344;2600
2026-10-01;13:24:00;-03:00;46,29999923706055;46,349998474121094;46,29999923706055;46,33000183105469;4300
2026-10-01;13:25:00;-03:00;46,31999969482422;46,380001068115234;46,31999969482422;46,369998931884766;3600
2026-10-01;13:26:00;-03:00;46,369998931884766;46,38999938964844;46,369998931884766;46,369998931884766;3200
2026-10-01;13:27:00;-03:00;46,36000061035156;46,41999816894531;46,349998474121094;46,41999816894531;4900
2026-10-01;13:28:00;-03:00;46,43000030517578;46,459999084472656;46,41999816894531;46,41999816894531;8000
2026-10-01;13:29:00;-03:00;46,439998626708984;46,459999084472656;46,43000030517578;46,43000030517578;4600
2026-10-01;13:30:00;-03:00;46,43000030517578;46,45000076293945;46,40999984741211;46,43000030517578;5200
2026-10-01;13:31:00;-03:00;46,439998626708984;46,45000076293945;46,43000030517578;46,45000076293945;5900
2026-10-01;13:32:00;-03:00;46,439998626708984;46,439998626708984;46,40999984741211;46,43000030517578;9800
2026-10-01;13:33:00;-03:00;46,43000030517578;46,47999954223633;46,43000030517578;46,439998626708984;7500
2026-10-01;13:34:00;-03:00;46,439998626708984;46,439998626708984;46,40999984741211;46,41999816894531;3900
2026-10-01;13:35:00;-03:00;46,41999816894531;46,41999816894531;46,380001068115234;46,380001068115234;2900
2026-10-01;13:36:00;-03:00;46,36000061035156;46,36000061035156;46,31999969482422;46,31999969482422;600
2026-10-01;13:37:00;-03:00;46,310001373291016;46,310001373291016;46,29999923706055;46,310001373291016;1600
2026-10-01;13:38:00;-03:00;46,31999969482422;46,349998474121094;46,31999969482422;46,34000015258789;2500
2026-10-01;13:39:00;-03:00;46,34000015258789;46,349998474121094;46,33000183105469;46,33000183105469;3200
2026-10-01;13:40:00;-03:00;46,34000015258789;46,369998931884766;46,34000015258789;46,369998931884766;1400
2026-10-01;13:41:00;-03:00;46,369998931884766;46,369998931884766;46,33000183105469;46,33000183105469;1800
2026-10-01;13:42:00;-03:00;46,310001373291016;46,349998474121094;46,310001373291016;46,349998474121094;2500
2026-10-01;13:43:00;-03:00;46,33000183105469;46,33000183105469;46,31999969482422;46,31999969482422;1300
2026-10-01;13:44:00;-03:00;46,310001373291016;46,310001373291016;46,279998779296875;46,310001373291016;2800
2026-10-01;13:45:00;-03:00;46,31999969482422;46,33000183105469;46,31999969482422;46,33000183105469;300
2026-10-01;13:46:00;-03:00;46,31999969482422;46,34000015258789;46,31999969482422;46,34000015258789;1300
2026-10-01;13:47:00;-03:00;46,33000183105469;46,36000061035156;46,279998779296875;46,279998779296875;5900
2026-10-01;13:48:00;-03:00;46,290000915527344;46,310001373291016;46,290000915527344;46,310001373291016;1200
2026-10-01;13:49:00;-03:00;46,310001373291016;46,31999969482422;46,29999923706055;46,31999969482422;1500
2026-10-01;13:50:00;-03:00;46,310001373291016;46,310001373291016;46,2599983215332;46,27000045776367;3400
2026-10-01;13:51:00;-03:00;46,25;46,25;46,20000076293945;46,20000076293945;1900
2026-10-01;13:52:00;-03:00;46,20000076293945;46,22999954223633;46,20000076293945;46,22999954223633;1200
2026-10-01;13:53:00;-03:00;46,22999954223633;46,2599983215332;46,220001220703125;46,220001220703125;25300
2026-10-01;13:54:00;-03:00;46,20000076293945;46,20000076293945;46,18000030517578;46,18000030517578;5200
2026-10-01;13:55:00;-03:00;46,18000030517578;46,25;46,18000030517578;46,2400016784668;6800
2026-10-01;13:56:00;-03:00;46,25;46,25;46,2400016784668;46,2400016784668;1100
2026-10-01;13:57:00;-03:00;46,25;46,290000915527344;46,25;46,290000915527344;5500
2026-10-01;13:58:00;-03:00;46,290000915527344;46,31999969482422;46,290000915527344;46,31999969482422;2400
2026-10-01;13:59:00;-03:00;46,31999969482422;46,31999969482422;46,310001373291016;46,31999969482422;1700
2026-10-01;14:00:00;-03:00;46,310001373291016;46,310001373291016;46,29999923706055;46,29999923706055;400
2026-10-01;14:01:00;-03:00;46,29999923706055;46,34000015258789;46,29999923706055;46,34000015258789;2300
2026-10-01;14:02:00;-03:00;46,349998474121094;46,36000061035156;46,33000183105469;46,36000061035156;3100
2026-10-01;14:03:00;-03:00;46,349998474121094;46,36000061035156;46,33000183105469;46,33000183105469;1100
2026-10-01;14:04:00;-03:00;46,349998474121094;46,349998474121094;46,31999969482422;46,31999969482422;4000
2026-10-01;14:05:00;-03:00;46,31999969482422;46,34000015258789;46,310001373291016;46,33000183105469;3400
2026-10-01;14:06:00;-03:00;46,33000183105469;46,349998474121094;46,33000183105469;46,33000183105469;2800
2026-10-01;14:07:00;-03:00;46,33000183105469;46,34000015258789;46,31999969482422;46,31999969482422;1700
2026-10-01;14:08:00;-03:00;46,33000183105469;46,349998474121094;46,33000183105469;46,349998474121094;2100
2026-10-01;14:09:00;-03:00;46,34000015258789;46,40999984741211;46,34000015258789;46,380001068115234;7300
2026-10-01;14:10:00;-03:00;46,369998931884766;46,369998931884766;46,369998931884766;46,369998931884766;2200
2026-10-01;14:11:00;-03:00;46,369998931884766;46,369998931884766;46,349998474121094;46,349998474121094;1400
2026-10-01;14:12:00;-03:00;46,349998474121094;46,36000061035156;46,34000015258789;46,34000015258789;2400
2026-10-01;14:13:00;-03:00;46,34000015258789;46,349998474121094;46,34000015258789;46,349998474121094;1500
2026-10-01;14:14:00;-03:00;46,36000061035156;46,380001068115234;46,349998474121094;46,349998474121094;2000
2026-10-01;14:15:00;-03:00;46,36000061035156;46,380001068115234;46,36000061035156;46,380001068115234;1000
2026-10-01;14:16:00;-03:00;46,380001068115234;46,40999984741211;46,380001068115234;46,40999984741211;5200
2026-10-01;14:17:00;-03:00;46,40999984741211;46,40999984741211;46,380001068115234;46,380001068115234;2100
2026-10-01;14:18:00;-03:00;46,38999938964844;46,38999938964844;46,380001068115234;46,38999938964844;4700
2026-10-01;14:19:00;-03:00;46,38999938964844;46,41999816894531;46,38999938964844;46,40999984741211;1500
2026-10-01;14:20:00;-03:00;46,40999984741211;46,459999084472656;46,40999984741211;46,43000030517578;5400
2026-10-01;14:21:00;-03:00;46,439998626708984;46,529998779296875;46,439998626708984;46,4900016784668;8800
2026-10-01;14:22:00;-03:00;46,4900016784668;46,4900016784668;46,45000076293945;46,470001220703125;3300
2026-10-01;14:23:00;-03:00;46,459999084472656;46,47999954223633;46,459999084472656;46,47999954223633;2200
2026-10-01;14:24:00;-03:00;46,470001220703125;46,5099983215332;46,470001220703125;46,5099983215332;1400
2026-10-01;14:25:00;-03:00;46,5099983215332;46,54999923706055;46,5099983215332;46,540000915527344;2400
2026-10-01;14:26:00;-03:00;46,540000915527344;46,54999923706055;46,52000045776367;46,529998779296875;9800
2026-10-01;14:27:00;-03:00;46,529998779296875;46,540000915527344;46,52000045776367;46,52000045776367;1400
2026-10-01;14:28:00;-03:00;46,52000045776367;46,52000045776367;46,5;46,52000045776367;3500
2026-10-01;14:29:00;-03:00;46,5;46,58000183105469;46,5;46,58000183105469;9800
2026-10-01;14:30:00;-03:00;46,599998474121094;46,68000030517578;46,599998474121094;46,65999984741211;10100
2026-10-01;14:31:00;-03:00;46,650001525878906;46,65999984741211;46,630001068115234;46,63999938964844;4400
2026-10-01;14:32:00;-03:00;46,650001525878906;46,65999984741211;46,540000915527344;46,540000915527344;10300
2026-10-01;14:33:00;-03:00;46,540000915527344;46,540000915527344;46,529998779296875;46,540000915527344;1600
2026-10-01;14:34:00;-03:00;46,540000915527344;46,56999969482422;46,540000915527344;46,56999969482422;2500
2026-10-01;14:35:00;-03:00;46,56999969482422;46,58000183105469;46,540000915527344;46,540000915527344;3600
2026-10-01;14:36:00;-03:00;46,540000915527344;46,59000015258789;46,540000915527344;46,59000015258789;3400
2026-10-01;14:37:00;-03:00;46,61000061035156;46,61000061035156;46,560001373291016;46,560001373291016;2400
2026-10-01;14:38:00;-03:00;46,56999969482422;46,59000015258789;46,56999969482422;46,59000015258789;1800
2026-10-01;14:39:00;-03:00;46,59000015258789;46,59000015258789;46,59000015258789;46,59000015258789;500
2026-10-01;14:40:00;-03:00;46,599998474121094;46,599998474121094;46,599998474121094;46,599998474121094;600
2026-10-01;14:41:00;-03:00;46,59000015258789;46,59000015258789;46,56999969482422;46,58000183105469;3400
2026-10-01;14:42:00;-03:00;46,58000183105469;46,61000061035156;46,58000183105469;46,61000061035156;1600
2026-10-01;14:43:00;-03:00;46,61000061035156;46,619998931884766;46,61000061035156;46,619998931884766;2200
2026-10-01;14:44:00;-03:00;46,61000061035156;46,61000061035156;46,599998474121094;46,599998474121094;1900
2026-10-01;14:45:00;-03:00;46,61000061035156;46,61000061035156;46,61000061035156;46,61000061035156;400
2026-10-01;14:46:00;-03:00;46,599998474121094;46,599998474121094;46,56999969482422;46,59000015258789;1400
2026-10-01;14:47:00;-03:00;46,58000183105469;46,58000183105469;46,560001373291016;46,56999969482422;2600
2026-10-01;14:48:00;-03:00;46,560001373291016;46,560001373291016;46,54999923706055;46,560001373291016;700
2026-10-01;14:49:00;-03:00;46,56999969482422;46,56999969482422;46,540000915527344;46,54999923706055;1200
2026-10-01;14:50:00;-03:00;46,540000915527344;46,560001373291016;46,540000915527344;46,54999923706055;2500
2026-10-01;14:51:00;-03:00;46,560001373291016;46,58000183105469;46,560001373291016;46,56999969482422;2700
2026-10-01;14:52:00;-03:00;46,56999969482422;46,56999969482422;46,56999969482422;46,56999969482422;1200
2026-10-01;14:53:00;-03:00;46,58000183105469;46,59000015258789;46,58000183105469;46,59000015258789;800
2026-10-01;14:54:00;-03:00;46,58000183105469;46,58000183105469;46,5099983215332;46,5099983215332;7900
2026-10-01;14:55:00;-03:00;46,5099983215332;46,529998779296875;46,5;46,529998779296875;1500
2026-10-01;14:56:00;-03:00;46,540000915527344;46,56999969482422;46,540000915527344;46,54999923706055;1800
2026-10-01;14:57:00;-03:00;46,540000915527344;46,540000915527344;46,4900016784668;46,4900016784668;1900
2026-10-01;14:58:00;-03:00;46,470001220703125;46,4900016784668;46,459999084472656;46,47999954223633;1400
2026-10-01;14:59:00;-03:00;46,47999954223633;46,5;46,47999954223633;46,5;1300
2026-10-01;15:00:00;-03:00;46,5099983215332;46,5099983215332;46,439998626708984;46,45000076293945;2700
2026-10-01;15:01:00;-03:00;46,45000076293945;46,459999084472656;46,45000076293945;46,459999084472656;1600
2026-10-01;15:02:00;-03:00;46,47999954223633;46,4900016784668;46,47999954223633;46,47999954223633;1900
2026-10-01;15:03:00;-03:00;46,47999954223633;46,4900016784668;46,47999954223633;46,47999954223633;2900
2026-10-01;15:04:00;-03:00;46,47999954223633;46,4900016784668;46,470001220703125;46,470001220703125;1200
2026-10-01;15:05:00;-03:00;46,47999954223633;46,5;46,47999954223633;46,5;2800
2026-10-01;15:07:00;-03:00;46,5099983215332;46,529998779296875;46,5099983215332;46,529998779296875;2000
2026-10-01;15:08:00;-03:00;46,529998779296875;46,529998779296875;46,5099983215332;46,5099983215332;1200
2026-10-01;15:09:00;-03:00;46,52000045776367;46,54999923706055;46,52000045776367;46,54999923706055;1100
2026-10-01;15:10:00;-03:00;46,54999923706055;46,58000183105469;46,54999923706055;46,560001373291016;6000
2026-10-01;15:11:00;-03:00;46,56999969482422;46,56999969482422;46,54999923706055;46,54999923706055;1600
2026-10-01;15:12:00;-03:00;46,56999969482422;46,56999969482422;46,52000045776367;46,52000045776367;3000
2026-10-01;15:13:00;-03:00;46,540000915527344;46,560001373291016;46,529998779296875;46,529998779296875;2900
2026-10-01;15:14:00;-03:00;46,529998779296875;46,529998779296875;46,52000045776367;46,52000045776367;1400
2026-10-01;15:15:00;-03:00;46,5099983215332;46,52000045776367;46,5099983215332;46,52000045776367;400
2026-10-01;15:16:00;-03:00;46,5099983215332;46,540000915527344;46,5099983215332;46,529998779296875;3700
2026-10-01;15:17:00;-03:00;46,540000915527344;46,540000915527344;46,529998779296875;46,529998779296875;300
2026-10-01;15:18:00;-03:00;46,529998779296875;46,54999923706055;46,529998779296875;46,540000915527344;1700
2026-10-01;15:19:00;-03:00;46,540000915527344;46,540000915527344;46,52000045776367;46,529998779296875;3700
2026-10-01;15:20:00;-03:00;46,52000045776367;46,52000045776367;46,4900016784668;46,5099983215332;1500
2026-10-01;15:21:00;-03:00;46,5099983215332;46,540000915527344;46,5;46,5;2200
2026-10-01;15:22:00;-03:00;46,5;46,529998779296875;46,45000076293945;46,529998779296875;10800
2026-10-01;15:23:00;-03:00;46,5099983215332;46,61000061035156;46,5099983215332;46,61000061035156;4100
2026-10-01;15:24:00;-03:00;46,61000061035156;46,61000061035156;46,470001220703125;46,470001220703125;9600
2026-10-01;15:25:00;-03:00;46,459999084472656;46,459999084472656;46,43000030517578;46,45000076293945;2800
2026-10-01;15:26:00;-03:00;46,439998626708984;46,439998626708984;46,400001525878906;46,400001525878906;6700
2026-10-01;15:27:00;-03:00;46,400001525878906;46,41999816894531;46,400001525878906;46,400001525878906;4800
2026-10-01;15:28:00;-03:00;46,40999984741211;46,43000030517578;46,38999938964844;46,41999816894531;4800
2026-10-01;15:29:00;-03:00;46,43000030517578;46,45000076293945;46,43000030517578;46,45000076293945;2900
2026-10-01;15:30:00;-03:00;46,439998626708984;46,4900016784668;46,439998626708984;46,4900016784668;4300
2026-10-01;15:31:00;-03:00;46,5;46,5;46,5;46,5;3800
2026-10-01;15:32:00;-03:00;46,47999954223633;46,4900016784668;46,47999954223633;46,4900016784668;3100
2026-10-01;15:33:00;-03:00;46,47999954223633;46,5;46,470001220703125;46,5;5100
2026-10-01;15:34:00;-03:00;46,5099983215332;46,560001373291016;46,5099983215332;46,54999923706055;4700
2026-10-01;15:35:00;-03:00;46,540000915527344;46,540000915527344;46,5099983215332;46,5099983215332;3700
2026-10-01;15:36:00;-03:00;46,52000045776367;46,52000045776367;46,5;46,52000045776367;5400
2026-10-01;15:37:00;-03:00;46,52000045776367;46,529998779296875;46,5099983215332;46,529998779296875;3800
2026-10-01;15:38:00;-03:00;46,540000915527344;46,54999923706055;46,529998779296875;46,529998779296875;3100
2026-10-01;15:39:00;-03:00;46,529998779296875;46,540000915527344;46,52000045776367;46,529998779296875;6700
2026-10-01;15:40:00;-03:00;46,529998779296875;46,529998779296875;46,47999954223633;46,47999954223633;3400
2026-10-01;15:41:00;-03:00;46,47999954223633;46,5099983215332;46,470001220703125;46,5099983215332;4800
2026-10-01;15:42:00;-03:00;46,5;46,5;46,4900016784668;46,5;2700
2026-10-01;15:43:00;-03:00;46,5;46,5099983215332;46,5;46,5;4300
2026-10-01;15:44:00;-03:00;46,5;46,5099983215332;46,4900016784668;46,5099983215332;3600
2026-10-01;15:45:00;-03:00;46,5099983215332;46,5099983215332;46,5;46,5;1300
2026-10-01;15:46:00;-03:00;46,4900016784668;46,5;46,47999954223633;46,47999954223633;4600
2026-10-01;15:47:00;-03:00;46,47999954223633;46,5;46,47999954223633;46,4900016784668;2200
2026-10-01;15:48:00;-03:00;46,4900016784668;46,5;46,4900016784668;46,5;3200
2026-10-01;15:49:00;-03:00;46,4900016784668;46,5;46,47999954223633;46,4900016784668;2700
2026-10-01;15:50:00;-03:00;46,4900016784668;46,5;46,4900016784668;46,5;3500
2026-10-01;15:51:00;-03:00;46,5;46,5099983215332;46,5;46,5099983215332;3000
2026-10-01;15:52:00;-03:00;46,5099983215332;46,52000045776367;46,5099983215332;46,5099983215332;4000
2026-10-01;15:53:00;-03:00;46,5099983215332;46,52000045776367;46,5099983215332;46,52000045776367;2900
2026-10-01;15:54:00;-03:00;46,52000045776367;46,529998779296875;46,5099983215332;46,52000045776367;3800
2026-10-01;15:55:00;-03:00;46,52000045776367;46,52000045776367;46,43000030517578;46,459999084472656;3900
2026-10-01;15:56:00;-03:00;46,459999084472656;46,459999084472656;46,459999084472656;46,459999084472656;1200
2026-10-01;15:57:00;-03:00;46,45000076293945;46,45000076293945;46,45000076293945;46,45000076293945;0
