Data;Hora;Fuso;Open;High;Low;Close;Volume
2026-09-29;10:03:00;-03:00;20,100000381469727;20,139999389648438;20,079999923706055;20,079999923706055;0
2026-09-29;10:04:00;-03:00;20,079999923706055;20,079999923706055;20,020000457763672;20,020000457763672;24000
2026-09-29;10:05:00;-03:00;20,010000228881836;20,040000915527344;20,0;20,030000686645508;13800
2026-09-29;10:06:00;-03:00;20,030000686645508;20,049999237060547;20,020000457763672;20,049999237060547;12300
2026-09-29;10:07:00;-03:00;20,049999237060547;20,059999465942383;20,049999237060547;20,049999237060547;5100
2026-09-29;10:08:00;-03:00;20,049999237060547;20,049999237060547;20,040000915527344;20,040000915527344;2500
2026-09-29;10:09:00;-03:00;20,049999237060547;20,079999923706055;20,049999237060547;20,079999923706055;2500
2026-09-29;10:10:00;-03:00;20,079999923706055;20,09000015258789;20,040000915527344;20,040000915527344;19900
2026-09-29;10:11:00;-03:00;20,030000686645508;20,030000686645508;20,020000457763672;20,020000457763672;8400
2026-09-29;10:12:00;-03:00;20,020000457763672;20,020000457763672;20,0;20,010000228881836;5300
2026-09-29;10:13:00;-03:00;20,010000228881836;20,010000228881836;20,0;20,0;2200
2026-09-29;10:14:00;-03:00;20,0;20,010000228881836;19,959999084472656;19,979999542236328;25300
2026-09-29;10:15:00;-03:00;19,969999313354492;19,969999313354492;19,899999618530273;19,93000030517578;16100
2026-09-29;10:16:00;-03:00;19,93000030517578;19,940000534057617;19,920000076293945;19,920000076293945;2000
2026-09-29;10:17:00;-03:00;19,920000076293945;19,920000076293945;19,920000076293945;19,920000076293945;2200
2026-09-29;10:18:00;-03:00;19,93000030517578;19,93000030517578;19,90999984741211;19,90999984741211;9100
2026-09-29;10:19:00;-03:00;19,920000076293945;19,920000076293945;19,899999618530273;19,920000076293945;22200
2026-09-29;10:20:00;-03:00;19,920000076293945;19,959999084472656;19,920000076293945;19,959999084472656;11500
2026-09-29;10:21:00;-03:00;19,950000762939453;19,959999084472656;19,940000534057617;19,950000762939453;7100
2026-09-29;10:22:00;-03:00;19,950000762939453;19,959999084472656;19,940000534057617;19,950000762939453;12400
2026-09-29;10:23:00;-03:00;19,940000534057617;19,959999084472656;19,93000030517578;19,93000030517578;5600
2026-09-29;10:24:00;-03:00;19,920000076293945;19,920000076293945;19,90999984741211;19,90999984741211;4200
2026-09-29;10:25:00;-03:00;19,920000076293945;19,920000076293945;19,8799991607666;19,8799991607666;13900
2026-09-29;10:26:00;-03:00;19,889999389648438;19,899999618530273;19,8799991607666;19,899999618530273;4500
2026-09-29;10:27:00;-03:00;19,899999618530273;19,940000534057617;19,899999618530273;19,940000534057617;4400
2026-09-29;10:28:00;-03:00;19,93000030517578;19,940000534057617;19,93000030517578;19,940000534057617;9100
2026-09-29;10:29:00;-03:00;19,93000030517578;19,959999084472656;19,93000030517578;19,959999084472656;7300
2026-09-29;10:30:00;-03:00;19,950000762939453;19,959999084472656;19,940000534057617;19,959999084472656;17400
2026-09-29;10:31:00;-03:00;19,940000534057617;19,969999313354492;19,920000076293945;19,920000076293945;15400
2026-09-29;10:32:00;-03:00;19,920000076293945;19,950000762939453;19,920000076293945;19,93000030517578;20400
2026-09-29;10:33:00;-03:00;19,93000030517578;19,950000762939453;19,90999984741211;19,90999984741211;13100
2026-09-29;10:34:00;-03:00;19,90999984741211;19,950000762939453;19,90999984741211;19,93000030517578;8600
2026-09-29;10:35:00;-03:00;19,93000030517578;19,950000762939453;19,93000030517578;19,950000762939453;7000
2026-09-29;10:36:00;-03:00;19,950000762939453;20,010000228881836;19,940000534057617;20,010000228881836;59600
2026-09-29;10:37:00;-03:00;20,0;20,0;19,979999542236328;19,979999542236328;11400
2026-09-29;10:38:00;-03:00;19,979999542236328;20,010000228881836;19,979999542236328;20,0;4700
2026-09-29;10:39:00;-03:00;19,989999771118164;20,0;19,989999771118164;19,989999771118164;4100
2026-09-29;10:40:00;-03:00;19,989999771118164;20,0;19,979999542236328;20,0;9000
2026-09-29;10:41:00;-03:00;20,0;20,020000457763672;20,0;20,010000228881836;26000
2026-09-29;10:42:00;-03:00;20,0;20,0;19,989999771118164;19,989999771118164;6200
2026-09-29;10:43:00;-03:00;19,989999771118164;20,030000686645508;19,989999771118164;20,020000457763672;4000
2026-09-29;10:44:00;-03:00;20,020000457763672;20,040000915527344;20,020000457763672;20,020000457763672;12100
2026-09-29;10:45:00;-03:00;20,030000686645508;20,040000915527344;20,030000686645508;20,040000915527344;4000
2026-09-29;10:46:00;-03:00;20,040000915527344;20,049999237060547;20,030000686645508;20,040000915527344;7500
2026-09-29;10:47:00;-03:00;20,040000915527344;20,049999237060547;20,030000686645508;20,049999237060547;15300
2026-09-29;10:48:00;-03:00;20,059999465942383;20,079999923706055;20,059999465942383;20,059999465942383;14900
2026-09-29;10:49:00;-03:00;20,059999465942383;20,06999969482422;20,059999465942383;20,059999465942383;13400
2026-09-29;10:50:00;-03:00;20,059999465942383;20,110000610351562;20,059999465942383;20,09000015258789;25700
2026-09-29;10:51:00;-03:00;20,09000015258789;20,110000610351562;20,09000015258789;20,09000015258789;8400
2026-09-29;10:52:00;-03:00;20,09000015258789;20,1200008392334;20,09000015258789;20,1200008392334;3800
2026-09-29;10:53:00;-03:00;20,1200008392334;20,1200008392334;20,079999923706055;20,079999923706055;25300
2026-09-29;10:54:00;-03:00;20,06999969482422;20,079999923706055;20,06999969482422;20,06999969482422;10100
2026-09-29;10:55:00;-03:00;20,06999969482422;20,06999969482422;20,059999465942383;20,059999465942383;3800
2026-09-29;10:56:00;-03:00;20,059999465942383;20,079999923706055;20,059999465942383;20,06999969482422;3900
2026-09-29;10:57:00;-03:00;20,06999969482422;20,079999923706055;20,06999969482422;20,06999969482422;8700
2026-09-29;10:58:00;-03:00;20,06999969482422;20,06999969482422;20,049999237060547;20,049999237060547;5900
2026-09-29;10:59:00;-03:00;20,049999237060547;20,059999465942383;20,040000915527344;20,059999465942383;9200
2026-09-29;11:00:00;-03:00;20,06999969482422;20,110000610351562;20,06999969482422;20,09000015258789;9100
2026-09-29;11:01:00;-03:00;20,09000015258789;20,09000015258789;20,06999969482422;20,06999969482422;5000
2026-09-29;11:02:00;-03:00;20,06999969482422;20,100000381469727;20,06999969482422;20,079999923706055;14600
2026-09-29;11:03:00;-03:00;20,079999923706055;20,100000381469727;20,079999923706055;20,09000015258789;2300
2026-09-29;11:04:00;-03:00;20,09000015258789;20,100000381469727;20,09000015258789;20,100000381469727;14000
2026-09-29;11:05:00;-03:00;20,100000381469727;20,110000610351562;20,100000381469727;20,100000381469727;1300
2026-09-29;11:06:00;-03:00;20,100000381469727;20,110000610351562;20,100000381469727;20,110000610351562;50200
2026-09-29;11:07:00;-03:00;20,110000610351562;20,110000610351562;20,09000015258789;20,100000381469727;31700
2026-09-29;11:08:00;-03:00;20,09000015258789;20,110000610351562;20,09000015258789;20,100000381469727;26200
2026-09-29;11:09:00;-03:00;20,100000381469727;20,110000610351562;20,100000381469727;20,100000381469727;27800
2026-09-29;11:10:00;-03:00;20,100000381469727;20,110000610351562;20,100000381469727;20,100000381469727;43100
2026-09-29;11:11:00;-03:00;20,100000381469727;20,110000610351562;20,100000381469727;20,100000381469727;38900
2026-09-29;11:12:00;-03:00;20,110000610351562;20,110000610351562;20,100000381469727;20,110000610351562;3000
2026-09-29;11:13:00;-03:00;20,110000610351562;20,110000610351562;20,059999465942383;20,079999923706055;26700
2026-09-29;11:14:00;-03:00;20,079999923706055;20,079999923706055;20,06999969482422;20,079999923706055;6000
2026-09-29;11:15:00;-03:00;20,079999923706055;20,09000015258789;20,059999465942383;20,09000015258789;30600
2026-09-29;11:16:00;-03:00;20,09000015258789;20,09000015258789;20,06999969482422;20,079999923706055;8000
2026-09-29;11:17:00;-03:00;20,079999923706055;20,100000381469727;20,079999923706055;20,100000381469727;11100
2026-09-29;11:18:00;-03:00;20,110000610351562;20,110000610351562;20,09000015258789;20,09000015258789;1800
2026-09-29;11:19:00;-03:00;20,09000015258789;20,09000015258789;20,06999969482422;20,09000015258789;8100
2026-09-29;11:20:00;-03:00;20,09000015258789;20,09000015258789;20,079999923706055;20,09000015258789;3300
2026-09-29;11:21:00;-03:00;20,079999923706055;20,09000015258789;20,06999969482422;20,09000015258789;4600
2026-09-29;11:22:00;-03:00;20,079999923706055;20,079999923706055;20,06999969482422;20,079999923706055;2100
2026-09-29;11:23:00;-03:00;20,06999969482422;20,079999923706055;20,049999237060547;20,079999923706055;22000
2026-09-29;11:24:00;-03:00;20,079999923706055;20,079999923706055;20,06999969482422;20,079999923706055;4800
2026-09-29;11:25:00;-03:00;20,079999923706055;20,100000381469727;20,079999923706055;20,09000015258789;4800
2026-09-29;11:26:00;-03:00;20,09000015258789;20,09000015258789;20,06999969482422;20,06999969482422;2600
2026-09-29;11:27:00;-03:00;20,06999969482422;20,079999923706055;20,06999969482422;20,06999969482422;3800
2026-09-29;11:28:00;-03:00;20,06999969482422;20,06999969482422;20,059999465942383;20,059999465942383;2800
2026-09-29;11:29:00;-03:00;20,059999465942383;20,079999923706055;20,059999465942383;20,059999465942383;7900
2026-09-29;11:30:00;-03:00;20,059999465942383;20,059999465942383;20,020000457763672;20,020000457763672;9200
2026-09-29;11:31:00;-03:00;20,030000686645508;20,030000686645508;20,010000228881836;20,010000228881836;3800
2026-09-29;11:32:00;-03:00;20,010000228881836;20,079999923706055;20,010000228881836;20,059999465942383;43400
2026-09-29;11:33:00;-03:00;20,059999465942383;20,06999969482422;20,059999465942383;20,06999969482422;2700
2026-09-29;11:34:00;-03:00;20,06999969482422;20,079999923706055;20,030000686645508;20,059999465942383;23600
2026-09-29;11:35:00;-03:00;20,06999969482422;20,06999969482422;20,059999465942383;20,059999465942383;1200
2026-09-29;11:36:00;-03:00;20,059999465942383;20,1200008392334;20,059999465942383;20,110000610351562;18000
2026-09-29;11:37:00;-03:00;20,110000610351562;20,110000610351562;20,09000015258789;20,100000381469727;7300
2026-09-29;11:38:00;-03:00;20,09000015258789;20,100000381469727;20,09000015258789;20,09000015258789;4700
2026-09-29;11:39:00;-03:00;20,09000015258789;20,1200008392334;20,09000015258789;20,1200008392334;6300
2026-09-29;11:40:00;-03:00;20,1299991607666;20,139999389648438;20,1200008392334;20,139999389648438;9800
2026-09-29;11:41:00;-03:00;20,139999389648438;20,139999389648438;20,139999389648438;20,139999389648438;12800
2026-09-29;11:42:00;-03:00;20,139999389648438;20,15999984741211;20,1299991607666;20,139999389648438;26500
2026-09-29;11:43:00;-03:00;20,139999389648438;20,15999984741211;20,139999389648438;20,149999618530273;7400
2026-09-29;11:44:00;-03:00;20,149999618530273;20,15999984741211;20,149999618530273;20,149999618530273;3600
2026-09-29;11:45:00;-03:00;20,149999618530273;20,149999618530273;20,1299991607666;20,1299991607666;4700
2026-09-29;11:46:00;-03:00;20,1299991607666;20,139999389648438;20,1299991607666;20,1299991607666;6500
2026-09-29;11:47:00;-03:00;20,1299991607666;20,139999389648438;20,1200008392334;20,139999389648438;1500
2026-09-29;11:48:00;-03:00;20,1299991607666;20,139999389648438;20,1200008392334;20,1200008392334;6500
2026-09-29;11:49:00;-03:00;20,110000610351562;20,110000610351562;20,100000381469727;20,100000381469727;2000
2026-09-29;11:50:00;-03:00;20,100000381469727;20,110000610351562;20,100000381469727;20,100000381469727;1800
2026-09-29;11:51:00;-03:00;20,100000381469727;20,110000610351562;20,100000381469727;20,100000381469727;2700
2026-09-29;11:52:00;-03:00;20,100000381469727;20,110000610351562;20,09000015258789;20,100000381469727;4900
2026-09-29;11:53:00;-03:00;20,100000381469727;20,100000381469727;20,09000015258789;20,09000015258789;4000
2026-09-29;11:54:00;-03:00;20,09000015258789;20,100000381469727;20,079999923706055;20,079999923706055;2200
2026-09-29;11:55:00;-03:00;20,09000015258789;20,09000015258789;20,079999923706055;20,09000015258789;8900
2026-09-29;11:56:00;-03:00;20,09000015258789;20,110000610351562;20,09000015258789;20,09000015258789;7000
2026-09-29;11:57:00;-03:00;20,09000015258789;20,100000381469727;20,079999923706055;20,09000015258789;4200
2026-09-29;11:58:00;-03:00;20,09000015258789;20,100000381469727;20,09000015258789;20,09000015258789;1400
2026-09-29;11:59:00;-03:00;20,09000015258789;20,110000610351562;20,09000015258789;20,09000015258789;3400
2026-09-29;12:00:00;-03:00;20,09000015258789;20,100000381469727;20,079999923706055;20,079999923706055;13400
2026-09-29;12:01:00;-03:00;20,079999923706055;20,079999923706055;20,079999923706055;20,079999923706055;1400
2026-09-29;12:02:00;-03:00;20,079999923706055;20,09000015258789;20,079999923706055;20,09000015258789;5900
2026-09-29;12:03:00;-03:00;20,09000015258789;20,09000015258789;20,06999969482422;20,06999969482422;3600
2026-09-29;12:04:00;-03:00;20,06999969482422;20,079999923706055;20,06999969482422;20,06999969482422;1700
2026-09-29;12:05:00;-03:00;20,06999969482422;20,079999923706055;20,06999969482422;20,06999969482422;7300
2026-09-29;12:06:00;-03:00;20,06999969482422;20,100000381469727;20,06999969482422;20,09000015258789;10600
2026-09-29;12:07:00;-03:00;20,09000015258789;20,110000610351562;20,09000015258789;20,09000015258789;6200
2026-09-29;12:08:00;-03:00;20,079999923706055;20,100000381469727;20,079999923706055;20,09000015258789;1100
2026-09-29;12:09:00;-03:00;20,09000015258789;20,09000015258789;20,079999923706055;20,079999923706055;3100
2026-09-29;12:10:00;-03:00;20,079999923706055;20,09000015258789;20,079999923706055;20,079999923706055;2700
2026-09-29;12:11:00;-03:00;20,079999923706055;20,09000015258789;20,06999969482422;20,079999923706055;6100
2026-09-29;12:12:00;-03:00;20,079999923706055;20,09000015258789;20,06999969482422;20,09000015258789;7100
2026-09-29;12:13:00;-03:00;20,079999923706055;20,079999923706055;20,079999923706055;20,079999923706055;1200
2026-09-29;12:14:00;-03:00;20,079999923706055;20,079999923706055;20,059999465942383;20,059999465942383;4500
2026-09-29;12:15:00;-03:00;20,059999465942383;20,06999969482422;20,059999465942383;20,059999465942383;2600
2026-09-29;12:16:00;-03:00;20,059999465942383;20,06999969482422;20,030000686645508;20,059999465942383;16400
2026-09-29;12:17:00;-03:00;20,059999465942383;20,06999969482422;20,059999465942383;20,059999465942383;1900
2026-09-29;12:18:00;-03:00;20,059999465942383;20,059999465942383;20,040000915527344;20,040000915527344;7700
2026-09-29;12:19:00;-03:00;20,040000915527344;20,040000915527344;20,030000686645508;20,030000686645508;1500
2026-09-29;12:20:00;-03:00;20,040000915527344;20,059999465942383;20,040000915527344;20,040000915527344;7000
2026-09-29;12:21:00;-03:00;20,040000915527344;20,059999465942383;20,040000915527344;20,040000915527344;4900
2026-09-29;12:22:00;-03:00;20,059999465942383;20,059999465942383;20,040000915527344;20,049999237060547;3300
2026-09-29;12:23:00;-03:00;20,059999465942383;20,059999465942383;20,040000915527344;20,049999237060547;7500
2026-09-29;12:24:00;-03:00;20,059999465942383;20,06999969482422;20,049999237060547;20,059999465942383;8700
2026-09-29;12:25:00;-03:00;20,049999237060547;20,059999465942383;20,030000686645508;20,030000686645508;7600
2026-09-29;12:26:00;-03:00;20,040000915527344;20,040000915527344;20,030000686645508;20,030000686645508;4400
2026-09-29;12:27:00;-03:00;20,049999237060547;20,049999237060547;20,030000686645508;20,040000915527344;3900
2026-09-29;12:28:00;-03:00;20,040000915527344;20,049999237060547;20,040000915527344;20,040000915527344;1600
2026-09-29;12:29:00;-03:00;20,040000915527344;20,049999237060547;20,030000686645508;20,030000686645508;5400
2026-09-29;12:30:00;-03:00;20,049999237060547;20,049999237060547;20,030000686645508;20,040000915527344;2400
2026-09-29;12:31:00;-03:00;20,049999237060547;20,049999237060547;20,030000686645508;20,040000915527344;2300
2026-09-29;12:32:00;-03:00;20,040000915527344;20,059999465942383;20,040000915527344;20,040000915527344;8600
2026-09-29;12:33:00;-03:00;20,049999237060547;20,049999237060547;20,040000915527344;20,040000915527344;3300
2026-09-29;12:34:00;-03:00;20,040000915527344;20,049999237060547;20,040000915527344;20,040000915527344;2000
2026-09-29;12:35:00;-03:00;20,040000915527344;20,049999237060547;20,040000915527344;20,040000915527344;2500
2026-09-29;12:36:00;-03:00;20,049999237060547;20,059999465942383;20,040000915527344;20,059999465942383;2200
2026-09-29;12:37:00;-03:00;20,049999237060547;20,059999465942383;20,049999237060547;20,049999237060547;1800
2026-09-29;12:38:00;-03:00;20,049999237060547;20,059999465942383;20,049999237060547;20,059999465942383;6100
2026-09-29;12:39:00;-03:00;20,049999237060547;20,06999969482422;20,049999237060547;20,06999969482422;5000
2026-09-29;12:40:00;-03:00;20,059999465942383;20,06999969482422;20,040000915527344;20,049999237060547;4500
2026-09-29;12:41:00;-03:00;20,049999237060547;20,059999465942383;20,049999237060547;20,049999237060547;3300
2026-09-29;12:42:00;-03:00;20,040000915527344;20,059999465942383;20,040000915527344;20,049999237060547;4800
2026-09-29;12:43:00;-03:00;20,049999237060547;20,049999237060547;20,030000686645508;20,030000686645508;3300
2026-09-29;12:44:00;-03:00;20,030000686645508;20,040000915527344;20,030000686645508;20,030000686645508;1500
2026-09-29;12:45:00;-03:00;20,040000915527344;20,049999237060547;20,040000915527344;20,040000915527344;2700
2026-09-29;12:46:00;-03:00;20,040000915527344;20,049999237060547;20,030000686645508;20,030000686645508;5100
2026-09-29;12:47:00;-03:00;20,040000915527344;20,06999969482422;20,030000686645508;20,049999237060547;17000
2026-09-29;12:48:00;-03:00;20,049999237060547;20,049999237060547;20,040000915527344;20,049999237060547;4100
2026-09-29;12:49:00;-03:00;20,049999237060547;20,049999237060547;20,040000915527344;20,040000915527344;1500
2026-09-29;12:50:00;-03:00;20,040000915527344;20,040000915527344;20,030000686645508;20,040000915527344;9100
2026-09-29;12:51:00;-03:00;20,030000686645508;20,030000686645508;20,010000228881836;20,010000228881836;5900
2026-09-29;12:52:00;-03:00;20,020000457763672;20,020000457763672;20,010000228881836;20,010000228881836;6900
2026-09-29;12:53:00;-03:00;20,010000228881836;20,020000457763672;20,0;20,0;13900
2026-09-29;12:54:00;-03:00;20,0;20,010000228881836;20,0;20,0;2800
2026-09-29;12:55:00;-03:00;20,0;20,010000228881836;20,0;20,0;7700
2026-09-29;12:56:00;-03:00;20,0;20,020000457763672;20,0;20,010000228881836;1600
2026-09-29;12:57:00;-03:00;20,010000228881836;20,030000686645508;20,010000228881836;20,020000457763672;4800
2026-09-29;12:58:00;-03:00;20,030000686645508;20,030000686645508;20,020000457763672;20,020000457763672;1400
2026-09-29;12:59:00;-03:00;20,020000457763672;20,030000686645508;20,020000457763672;20,020000457763672;4100
2026-09-29;13:00:00;-03:00;20,020000457763672;20,030000686645508;20,020000457763672;20,020000457763672;7000
2026-09-29;13:01:00;-03:00;20,020000457763672;20,030000686645508;19,979999542236328;19,979999542236328;27200
2026-09-29;13:02:00;-03:00;19,979999542236328;19,989999771118164;19,979999542236328;19,989999771118164;8700
2026-09-29;13:03:00;-03:00;19,989999771118164;20,0;19,989999771118164;19,989999771118164;4600
2026-09-29;13:04:00;-03:00;19,989999771118164;20,0;19,979999542236328;19,989999771118164;2700
2026-09-29;13:05:00;-03:00;19,989999771118164;20,020000457763672;19,989999771118164;20,0;16200
2026-09-29;13:06:00;-03:00;20,0;20,010000228881836;19,989999771118164;20,0;2700
2026-09-29;13:07:00;-03:00;20,0;20,010000228881836;20,0;20,0;2900
2026-09-29;13:08:00;-03:00;20,0;20,010000228881836;19,989999771118164;20,0;2300
2026-09-29;13:09:00;-03:00;20,0;20,0;19,989999771118164;20,0;3600
2026-09-29;13:10:00;-03:00;20,010000228881836;20,010000228881836;19,989999771118164;19,989999771118164;11300
2026-09-29;13:11:00;-03:00;19,989999771118164;20,010000228881836;19,989999771118164;20,0;2200
2026-09-29;13:12:00;-03:00;20,0;20,010000228881836;20,0;20,0;8000
2026-09-29;13:13:00;-03:00;20,0;20,010000228881836;20,0;20,0;1600
2026-09-29;13:14:00;-03:00;20,0;20,0;20,0;20,0;1100
2026-09-29;13:15:00;-03:00;20,0;20,010000228881836;20,0;20,0;7900
2026-09-29;13:16:00;-03:00;20,0;20,010000228881836;20,0;20,0;2800
2026-09-29;13:17:00;-03:00;20,0;20,0;20,0;20,0;1300
2026-09-29;13:18:00;-03:00;20,010000228881836;20,020000457763672;20,010000228881836;20,020000457763672;5200
2026-09-29;13:19:00;-03:00;20,010000228881836;20,010000228881836;20,0;20,0;4600
2026-09-29;13:20:00;-03:00;20,0;20,010000228881836;20,0;20,0;1200
2026-09-29;13:21:00;-03:00;20,0;20,010000228881836;20,0;20,0;6300
2026-09-29;13:22:00;-03:00;20,0;20,010000228881836;20,0;20,0;1200
2026-09-29;13:23:00;-03:00;20,0;20,0;20,0;20,0;1200
2026-09-29;13:24:00;-03:00;20,0;20,0;20,0;20,0;900
2026-09-29;13:25:00;-03:00;20,0;20,010000228881836;20,0;20,0;7800
2026-09-29;13:26:00;-03:00;20,0;20,010000228881836;20,0;20,010000228881836;5900
2026-09-29;13:27:00;-03:00;20,010000228881836;20,020000457763672;20,010000228881836;20,010000228881836;1900
2026-09-29;13:28:00;-03:00;20,010000228881836;20,030000686645508;20,010000228881836;20,020000457763672;7600
2026-09-29;13:29:00;-03:00;20,020000457763672;20,030000686645508;20,020000457763672;20,020000457763672;12100
2026-09-29;13:30:00;-03:00;20,020000457763672;20,020000457763672;20,010000228881836;20,010000228881836;2600
2026-09-29;13:31:00;-03:00;20,010000228881836;20,010000228881836;20,010000228881836;20,010000228881836;1100
2026-09-29;13:32:00;-03:00;20,020000457763672;20,030000686645508;20,020000457763672;20,020000457763672;14200
2026-09-29;13:33:00;-03:00;20,020000457763672;20,030000686645508;20,0;20,020000457763672;18200
2026-09-29;13:34:00;-03:00;20,020000457763672;20,030000686645508;20,020000457763672;20,020000457763672;13000
2026-09-29;13:35:00;-03:00;20,020000457763672;20,030000686645508;20,020000457763672;20,020000457763672;6400
2026-09-29;13:36:00;-03:00;20,020000457763672;20,030000686645508;20,020000457763672;20,020000457763672;2300
2026-09-29;13:37:00;-03:00;20,020000457763672;20,030000686645508;20,020000457763672;20,020000457763672;1300
2026-09-29;13:38:00;-03:00;20,020000457763672;20,040000915527344;20,020000457763672;20,030000686645508;5000
2026-09-29;13:39:00;-03:00;20,030000686645508;20,049999237060547;20,030000686645508;20,049999237060547;6400
2026-09-29;13:40:00;-03:00;20,049999237060547;20,049999237060547;20,049999237060547;20,049999237060547;1300
2026-09-29;13:41:00;-03:00;20,049999237060547;20,059999465942383;20,020000457763672;20,020000457763672;82300
2026-09-29;13:42:00;-03:00;20,020000457763672;20,040000915527344;20,020000457763672;20,030000686645508;4600
2026-09-29;13:43:00;-03:00;20,030000686645508;20,040000915527344;20,030000686645508;20,040000915527344;3000
2026-09-29;13:44:00;-03:00;20,030000686645508;20,040000915527344;20,030000686645508;20,030000686645508;2500
2026-09-29;13:45:00;-03:00;20,030000686645508;20,030000686645508;20,020000457763672;20,030000686645508;15600
2026-09-29;13:46:00;-03:00;20,020000457763672;20,040000915527344;20,020000457763672;20,020000457763672;0
2026-09-29;13:47:00;-03:00;20,020000457763672;20,040000915527344;20,020000457763672;20,020000457763672;2400
2026-09-29;13:48:00;-03:00;20,020000457763672;20,049999237060547;20,020000457763672;20,040000915527344;13700
2026-09-29;13:49:00;-03:00;20,040000915527344;20,049999237060547;20,040000915527344;20,040000915527344;3100
2026-09-29;13:50:00;-03:00;20,040000915527344;20,040000915527344;20,040000915527344;20,040000915527344;2500
2026-09-29;13:51:00;-03:00;20,040000915527344;20,049999237060547;20,040000915527344;20,049999237060547;8100
2026-09-29;13:52:00;-03:00;20,049999237060547;20,059999465942383;20,049999237060547;20,049999237060547;14300
2026-09-29;13:53:00;-03:00;20,049999237060547;20,049999237060547;20,040000915527344;20,049999237060547;3900
2026-09-29;13:54:00;-03:00;20,049999237060547;20,059999465942383;20,049999237060547;20,059999465942383;2500
2026-09-29;13:55:00;-03:00;20,049999237060547;20,059999465942383;20,049999237060547;20,049999237060547;11000
2026-09-29;13:56:00;-03:00;20,049999237060547;20,059999465942383;20,049999237060547;20,059999465942383;14700
2026-09-29;13:57:00;-03:00;20,059999465942383;20,09000015258789;20,059999465942383;20,06999969482422;20300
2026-09-29;13:58:00;-03:00;20,06999969482422;20,079999923706055;20,06999969482422;20,06999969482422;17200
2026-09-29;13:59:00;-03:00;20,06999969482422;20,079999923706055;20,06999969482422;20,06999969482422;7500
2026-09-29;14:00:00;-03:00;20,079999923706055;20,079999923706055;20,059999465942383;20,059999465942383;14200
2026-09-29;14:01:00;-03:00;20,059999465942383;20,06999969482422;20,059999465942383;20,059999465942383;6800
2026-09-29;14:02:00;-03:00;20,059999465942383;20,059999465942383;20,059999465942383;20,059999465942383;2200
2026-09-29;14:03:00;-03:00;20,059999465942383;20,06999969482422;20,049999237060547;20,049999237060547;10900
2026-09-29;14:04:00;-03:00;20,049999237060547;20,049999237060547;20,030000686645508;20,040000915527344;12200
2026-09-29;14:05:00;-03:00;20,040000915527344;20,049999237060547;20,030000686645508;20,040000915527344;6500
2026-09-29;14:06:00;-03:00;20,030000686645508;20,040000915527344;20,030000686645508;20,030000686645508;7600
2026-09-29;14:07:00;-03:00;20,030000686645508;20,049999237060547;20,030000686645508;20,040000915527344;12100
2026-09-29;14:08:00;-03:00;20,040000915527344;20,049999237060547;20,040000915527344;20,040000915527344;4100
2026-09-29;14:09:00;-03:00;20,040000915527344;20,049999237060547;20,040000915527344;20,040000915527344;4500
2026-09-29;14:10:00;-03:00;20,040000915527344;20,049999237060547;20,040000915527344;20,040000915527344;2800
2026-09-29;14:11:00;-03:00;20,040000915527344;20,040000915527344;20,030000686645508;20,040000915527344;8800
2026-09-29;14:12:00;-03:00;20,040000915527344;20,049999237060547;20,030000686645508;20,040000915527344;14600
2026-09-29;14:13:00;-03:00;20,040000915527344;20,049999237060547;20,040000915527344;20,040000915527344;2700
2026-09-29;14:14:00;-03:00;20,040000915527344;20,059999465942383;20,040000915527344;20,049999237060547;8400
2026-09-29;14:15:00;-03:00;20,049999237060547;20,049999237060547;20,049999237060547;20,049999237060547;1900
2026-09-29;14:16:00;-03:00;20,049999237060547;20,049999237060547;20,040000915527344;20,040000915527344;6000
2026-09-29;14:17:00;-03:00;20,040000915527344;20,049999237060547;20,040000915527344;20,040000915527344;1300
2026-09-29;14:18:00;-03:00;20,049999237060547;20,049999237060547;20,040000915527344;20,040000915527344;14500
2026-09-29;14:19:00;-03:00;20,040000915527344;20,049999237060547;20,040000915527344;20,040000915527344;1900
2026-09-29;14:20:00;-03:00;20,040000915527344;20,049999237060547;20,040000915527344;20,040000915527344;2300
2026-09-29;14:21:00;-03:00;20,040000915527344;20,049999237060547;20,030000686645508;20,040000915527344;2000
2026-09-29;14:22:00;-03:00;20,040000915527344;20,059999465942383;20,040000915527344;20,040000915527344;20900
2026-09-29;14:23:00;-03:00;20,040000915527344;20,040000915527344;20,040000915527344;20,040000915527344;2700
2026-09-29;14:24:00;-03:00;20,040000915527344;20,049999237060547;20,040000915527344;20,040000915527344;2100
2026-09-29;14:25:00;-03:00;20,040000915527344;20,040000915527344;20,040000915527344;20,040000915527344;5800
2026-09-29;14:26:00;-03:00;20,040000915527344;20,049999237060547;20,040000915527344;20,040000915527344;9200
2026-09-29;14:27:00;-03:00;20,040000915527344;20,059999465942383;20,040000915527344;20,049999237060547;6700
2026-09-29;14:28:00;-03:00;20,049999237060547;20,049999237060547;20,049999237060547;20,049999237060547;1800
2026-09-29;14:29:00;-03:00;20,049999237060547;20,06999969482422;20,049999237060547;20,059999465942383;8800
2026-09-29;14:30:00;-03:00;20,059999465942383;20,06999969482422;20,049999237060547;20,049999237060547;10300
2026-09-29;14:31:00;-03:00;20,059999465942383;20,059999465942383;20,049999237060547;20,049999237060547;4900
2026-09-29;14:32:00;-03:00;20,049999237060547;20,059999465942383;20,049999237060547;20,049999237060547;4300
2026-09-29;14:33:00;-03:00;20,049999237060547;20,059999465942383;20,049999237060547;20,049999237060547;7000
2026-09-29;14:34:00;-03:00;20,049999237060547;20,059999465942383;20,049999237060547;20,059999465942383;6500
2026-09-29;14:35:00;-03:00;20,059999465942383;20,06999969482422;20,049999237060547;20,049999237060547;5100
2026-09-29;14:36:00;-03:00;20,049999237060547;20,06999969482422;20,049999237060547;20,059999465942383;5500
2026-09-29;14:37:00;-03:00;20,06999969482422;20,06999969482422;20,059999465942383;20,06999969482422;5500
2026-09-29;14:38:00;-03:00;20,059999465942383;20,06999969482422;20,059999465942383;20,059999465942383;2000
2026-09-29;14:39:00;-03:00;20,059999465942383;20,079999923706055;20,059999465942383;20,06999969482422;8300
2026-09-29;14:40:00;-03:00;20,06999969482422;20,09000015258789;20,06999969482422;20,06999969482422;13200
2026-09-29;14:41:00;-03:00;20,06999969482422;20,079999923706055;20,06999969482422;20,079999923706055;5000
2026-09-29;14:42:00;-03:00;20,079999923706055;20,100000381469727;20,079999923706055;20,09000015258789;13000
2026-09-29;14:43:00;-03:00;20,079999923706055;20,100000381469727;20,079999923706055;20,09000015258789;3600
2026-09-29;14:44:00;-03:00;20,09000015258789;20,09000015258789;20,079999923706055;20,079999923706055;10300
2026-09-29;14:45:00;-03:00;20,079999923706055;20,09000015258789;20,079999923706055;20,079999923706055;5500
2026-09-29;14:46:00;-03:00;20,09000015258789;20,100000381469727;20,079999923706055;20,079999923706055;16000
2026-09-29;14:47:00;-03:00;20,079999923706055;20,09000015258789;20,079999923706055;20,079999923706055;5100
2026-09-29;14:48:00;-03:00;20,09000015258789;20,09000015258789;20,079999923706055;20,079999923706055;4700
2026-09-29;14:49:00;-03:00;20,079999923706055;20,100000381469727;20,059999465942383;20,059999465942383;39400
2026-09-29;14:50:00;-03:00;20,079999923706055;20,09000015258789;20,059999465942383;20,079999923706055;22000
2026-09-29;14:51:00;-03:00;20,079999923706055;20,079999923706055;20,059999465942383;20,059999465942383;3600
2026-09-29;14:52:00;-03:00;20,079999923706055;20,079999923706055;20,06999969482422;20,06999969482422;5000
2026-09-29;14:53:00;-03:00;20,06999969482422;20,06999969482422;20,059999465942383;20,059999465942383;4800
2026-09-29;14:54:00;-03:00;20,059999465942383;20,06999969482422;20,049999237060547;20,049999237060547;5300
2026-09-29;14:55:00;-03:00;20,049999237060547;20,06999969482422;20,049999237060547;20,049999237060547;7700
2026-09-29;14:56:00;-03:00;20,049999237060547;20,059999465942383;20,040000915527344;20,049999237060547;3200
2026-09-29;14:57:00;-03:00;20,049999237060547;20,059999465942383;20,040000915527344;20,040000915527344;4000
2026-09-29;14:58:00;-03:00;20,040000915527344;20,059999465942383;20,040000915527344;20,040000915527344;5200
2026-09-29;14:59:00;-03:00;20,040000915527344;20,059999465942383;20,040000915527344;20,049999237060547;4100
2026-09-29;15:00:00;-03:00;20,059999465942383;20,100000381469727;20,059999465942383;20,06999969482422;71600
2026-09-29;15:01:00;-03:00;20,06999969482422;20,079999923706055;20,040000915527344;20,040000915527344;13500
2026-09-29;15:02:00;-03:00;20,040000915527344;20,040000915527344;20,010000228881836;20,020000457763672;56800
2026-09-29;15:03:00;-03:00;20,020000457763672;20,040000915527344;20,020000457763672;20,040000915527344;15200
2026-09-29;15:04:00;-03:00;20,030000686645508;20,040000915527344;20,030000686645508;20,030000686645508;3400
2026-09-29;15:05:00;-03:00;20,030000686645508;20,040000915527344;20,020000457763672;20,020000457763672;9100
2026-09-29;15:06:00;-03:00;20,020000457763672;20,040000915527344;20,020000457763672;20,030000686645508;4400
2026-09-29;15:07:00;-03:00;20,030000686645508;20,040000915527344;20,030000686645508;20,030000686645508;4000
2026-09-29;15:08:00;-03:00;20,030000686645508;20,040000915527344;20,030000686645508;20,030000686645508;5800
2026-09-29;15:09:00;-03:00;20,030000686645508;20,040000915527344;20,020000457763672;20,020000457763672;3800
2026-09-29;15:10:00;-03:00;20,020000457763672;20,030000686645508;20,010000228881836;20,010000228881836;7800
2026-09-29;15:11:00;-03:00;20,010000228881836;20,049999237060547;20,010000228881836;20,049999237060547;32300
2026-09-29;15:12:00;-03:00;20,049999237060547;20,049999237060547;20,040000915527344;20,040000915527344;3200
2026-09-29;15:13:00;-03:00;20,040000915527344;20,059999465942383;20,040000915527344;20,049999237060547;11000
2026-09-29;15:14:00;-03:00;20,049999237060547;20,06999969482422;20,049999237060547;20,059999465942383;11400
2026-09-29;15:15:00;-03:00;20,059999465942383;20,06999969482422;20,059999465942383;20,059999465942383;4000
2026-09-29;15:16:00;-03:00;20,059999465942383;20,06999969482422;20,059999465942383;20,059999465942383;6400
2026-09-29;15:17:00;-03:00;20,059999465942383;20,06999969482422;20,059999465942383;20,059999465942383;3300
2026-09-29;15:18:00;-03:00;20,06999969482422;20,06999969482422;20,049999237060547;20,049999237060547;8300
2026-09-29;15:19:00;-03:00;20,059999465942383;20,059999465942383;20,040000915527344;20,040000915527344;3300
2026-09-29;15:20:00;-03:00;20,049999237060547;20,049999237060547;20,030000686645508;20,040000915527344;6600
2026-09-29;15:21:00;-03:00;20,040000915527344;20,049999237060547;20,040000915527344;20,040000915527344;32500
2026-09-29;15:22:00;-03:00;20,040000915527344;20,049999237060547;20,030000686645508;20,030000686645508;9300
2026-09-29;15:23:00;-03:00;20,040000915527344;20,049999237060547;20,020000457763672;20,020000457763672;17400
2026-09-29;15:24:00;-03:00;20,020000457763672;20,030000686645508;20,020000457763672;20,020000457763672;2400
2026-09-29;15:25:00;-03:00;20,020000457763672;20,040000915527344;20,020000457763672;20,020000457763672;12600
2026-09-29;15:26:00;-03:00;20,020000457763672;20,030000686645508;20,010000228881836;20,030000686645508;8500
2026-09-29;15:27:00;-03:00;20,020000457763672;20,030000686645508;20,020000457763672;20,020000457763672;4400
2026-09-29;15:28:00;-03:00;20,020000457763672;20,040000915527344;20,020000457763672;20,030000686645508;11200
2026-09-29;15:29:00;-03:00;20,030000686645508;20,040000915527344;20,020000457763672;20,020000457763672;8400
2026-09-29;15:30:00;-03:00;20,020000457763672;20,079999923706055;20,020000457763672;20,059999465942383;67500
2026-09-29;15:31:00;-03:00;20,06999969482422;20,09000015258789;20,059999465942383;20,079999923706055;17700
2026-09-29;15:32:00;-03:00;20,079999923706055;20,09000015258789;20,079999923706055;20,079999923706055;6100
2026-09-29;15:33:00;-03:00;20,079999923706055;20,09000015258789;20,079999923706055;20,079999923706055;5900
2026-09-29;15:34:00;-03:00;20,079999923706055;20,09000015258789;20,079999923706055;20,09000015258789;9000
2026-09-29;15:35:00;-03:00;20,079999923706055;20,09000015258789;20,079999923706055;20,079999923706055;8900
2026-09-29;15:36:00;-03:00;20,079999923706055;20,09000015258789;20,079999923706055;20,09000015258789;15200
2026-09-29;15:37:00;-03:00;20,079999923706055;20,100000381469727;20,079999923706055;20,100000381469727;10600
2026-09-29;15:38:00;-03:00;20,09000015258789;20,100000381469727;20,09000015258789;20,100000381469727;44300
2026-09-29;15:39:00;-03:00;20,100000381469727;20,100000381469727;20,09000015258789;20,100000381469727;8500
2026-09-29;15:40:00;-03:00;20,09000015258789;20,100000381469727;20,09000015258789;20,09000015258789;21900
2026-09-29;15:41:00;-03:00;20,100000381469727;20,100000381469727;20,09000015258789;20,100000381469727;6800
2026-09-29;15:42:00;-03:00;20,09000015258789;20,100000381469727;20,079999923706055;20,09000015258789;34900
2026-09-29;15:43:00;-03:00;20,100000381469727;20,100000381469727;20,09000015258789;20,100000381469727;6400
2026-09-29;15:44:00;-03:00;20,09000015258789;20,100000381469727;20,09000015258789;20,09000015258789;31100
2026-09-29;15:45:00;-03:00;20,100000381469727;20,110000610351562;20,09000015258789;20,100000381469727;22200
2026-09-29;15:46:00;-03:00;20,09000015258789;20,100000381469727;20,079999923706055;20,079999923706055;6900
2026-09-29;15:47:00;-03:00;20,100000381469727;20,100000381469727;20,079999923706055;20,09000015258789;6700
2026-09-29;15:48:00;-03:00;20,09000015258789;20,09000015258789;20,06999969482422;20,06999969482422;7500
2026-09-29;15:49:00;-03:00;20,06999969482422;20,079999923706055;20,06999969482422;20,06999969482422;5700
2026-09-29;15:50:00;-03:00;20,079999923706055;20,09000015258789;20,06999969482422;20,079999923706055;13900
2026-09-29;15:51:00;-03:00;20,079999923706055;20,09000015258789;20,059999465942383;20,059999465942383;14200
2026-09-29;15:52:00;-03:00;20,049999237060547;20,06999969482422;20,049999237060547;20,059999465942383;8700
2026-09-29;15:53:00;-03:00;20,049999237060547;20,06999969482422;20,049999237060547;20,059999465942383;10500
2026-09-29;15:54:00;-03:00;20,059999465942383;20,100000381469727;20,059999465942383;20,09000015258789;16500
2026-09-29;15:55:00;-03:00;20,079999923706055;20,09000015258789;20,06999969482422;20,079999923706055;17100
2026-09-29;15:56:00;-03:00;20,079999923706055;20,100000381469727;20,079999923706055;20,09000015258789;26700
2026-09-29;15:57:00;-03:00;20,079999923706055;20,09000015258789;20,06999969482422;20,079999923706055;8300
2026-09-29;15:58:00;-03:00;20,06999969482422;20,079999923706055;20,06999969482422;20,06999969482422;6900
2026-09-29;15:59:00;-03:00;20,079999923706055;20,09000015258789;20,06999969482422;20,06999969482422;9600
2026-09-29;16:00:00;-03:00;20,079999923706055;20,09000015258789;20,06999969482422;20,06999969482422;6700
2026-09-29;16:01:00;-03:00;20,06999969482422;20,09000015258789;20,06999969482422;20,06999969482422;7600
2026-09-29;16:02:00;-03:00;20,09000015258789;20,09000015258789;20,059999465942383;20,079999923706055;23900
2026-09-29;16:03:00;-03:00;20,079999923706055;20,079999923706055;20,059999465942383;20,059999465942383;30800
2026-09-29;16:04:00;-03:00;20,059999465942383;20,079999923706055;20,059999465942383;20,079999923706055;18900
2026-09-29;16:05:00;-03:00;20,059999465942383;20,09000015258789;20,059999465942383;20,059999465942383;21000
2026-09-29;16:06:00;-03:00;20,059999465942383;20,06999969482422;20,040000915527344;20,040000915527344;16700
2026-09-29;16:07:00;-03:00;20,040000915527344;20,049999237060547;20,030000686645508;20,049999237060547;36500
2026-09-29;16:08:00;-03:00;20,040000915527344;20,049999237060547;20,040000915527344;20,040000915527344;9200
2026-09-29;16:09:00;-03:00;20,040000915527344;20,049999237060547;20,030000686645508;20,030000686645508;7900
2026-09-29;16:10:00;-03:00;20,040000915527344;20,049999237060547;20,040000915527344;20,049999237060547;8700
2026-09-29;16:11:00;-03:00;20,040000915527344;20,06999969482422;20,030000686645508;20,059999465942383;38400
2026-09-29;16:12:00;-03:00;20,059999465942383;20,06999969482422;20,049999237060547;20,049999237060547;10600
2026-09-29;16:13:00;-03:00;20,049999237060547;20,06999969482422;20,049999237060547;20,049999237060547;7500
2026-09-29;16:14:00;-03:00;20,049999237060547;20,059999465942383;20,049999237060547;20,049999237060547;17700
2026-09-29;16:15:00;-03:00;20,049999237060547;20,049999237060547;20,040000915527344;20,040000915527344;4600
2026-09-29;16:16:00;-03:00;20,040000915527344;20,049999237060547;20,040000915527344;20,040000915527344;4900
2026-09-29;16:17:00;-03:00;20,040000915527344;20,049999237060547;20,040000915527344;20,049999237060547;5400
2026-09-29;16:18:00;-03:00;20,049999237060547;20,049999237060547;20,040000915527344;20,040000915527344;4900
2026-09-29;16:19:00;-03:00;20,040000915527344;20,059999465942383;20,040000915527344;20,040000915527344;12500
2026-09-29;16:20:00;-03:00;20,040000915527344;20,059999465942383;20,040000915527344;20,049999237060547;7100
2026-09-29;16:21:00;-03:00;20,040000915527344;20,049999237060547;20,020000457763672;20,030000686645508;28900
2026-09-29;16:22:00;-03:00;20,020000457763672;20,030000686645508;20,020000457763672;20,020000457763672;5200
2026-09-29;16:23:00;-03:00;20,030000686645508;20,030000686645508;20,020000457763672;20,030000686645508;8300
2026-09-29;16:24:00;-03:00;20,020000457763672;20,040000915527344;20,020000457763672;20,040000915527344;7000
2026-09-29;16:25:00;-03:00;20,030000686645508;20,040000915527344;20,030000686645508;20,040000915527344;12300
2026-09-29;16:26:00;-03:00;20,030000686645508;20,049999237060547;20,030000686645508;20,049999237060547;7800
2026-09-29;16:27:00;-03:00;20,040000915527344;20,049999237060547;20,040000915527344;20,049999237060547;7800
2026-09-29;16:28:00;-03:00;20,040000915527344;20,059999465942383;20,040000915527344;20,049999237060547;8100
2026-09-29;16:29:00;-03:00;20,049999237060547;20,059999465942383;20,049999237060547;20,059999465942383;8700
2026-09-29;16:30:00;-03:00;20,059999465942383;20,079999923706055;20,049999237060547;20,079999923706055;19600
2026-09-29;16:31:00;-03:00;20,06999969482422;20,079999923706055;20,06999969482422;20,06999969482422;7600
2026-09-29;16:32:00;-03:00;20,06999969482422;20,079999923706055;20,06999969482422;20,079999923706055;8900
2026-09-29;16:33:00;-03:00;20,06999969482422;20,079999923706055;20,06999969482422;20,079999923706055;8700
2026-09-29;16:34:00;-03:00;20,079999923706055;20,079999923706055;20,059999465942383;20,06999969482422;23100
2026-09-29;16:35:00;-03:00;20,059999465942383;20,06999969482422;20,049999237060547;20,06999969482422;44500
2026-09-29;16:36:00;-03:00;20,06999969482422;20,079999923706055;20,059999465942383;20,079999923706055;9500
2026-09-29;16:37:00;-03:00;20,079999923706055;20,079999923706055;20,06999969482422;20,06999969482422;8200
2026-09-29;16:38:00;-03:00;20,06999969482422;20,079999923706055;20,059999465942383;20,079999923706055;13400
2026-09-29;16:39:00;-03:00;20,06999969482422;20,079999923706055;20,059999465942383;20,059999465942383;34800
2026-09-29;16:40:00;-03:00;20,059999465942383;20,079999923706055;20,059999465942383;20,079999923706055;12700
2026-09-29;16:41:00;-03:00;20,06999969482422;20,09000015258789;20,06999969482422;20,09000015258789;17500
2026-09-29;16:42:00;-03:00;20,079999923706055;20,09000015258789;19,989999771118164;20,010000228881836;406300
2026-09-29;16:43:00;-03:00;20,010000228881836;20,049999237060547;19,989999771118164;20,049999237060547;204700
2026-09-29;16:44:00;-03:00;20,040000915527344;20,049999237060547;20,0;20,020000457763672;129500
2026-09-29;16:45:00;-03:00;20,010000228881836;20,020000457763672;20,0;20,020000457763672;31100
2026-09-29;16:46:00;-03:00;20,010000228881836;20,06999969482422;20,010000228881836;20,06999969482422;99400
2026-09-29;16:47:00;-03:00;20,059999465942383;20,09000015258789;20,059999465942383;20,079999923706055;19900
2026-09-29;16:48:00;-03:00;20,06999969482422;20,079999923706055;20,06999969482422;20,079999923706055;13900
2026-09-29;16:49:00;-03:00;20,06999969482422;20,079999923706055;20,059999465942383;20,079999923706055;55100
2026-09-29;16:50:00;-03:00;20,079999923706055;20,100000381469727;20,079999923706055;20,09000015258789;23600
2026-09-29;16:51:00;-03:00;20,079999923706055;20,100000381469727;20,079999923706055;20,09000015258789;9900
2026-09-29;16:52:00;-03:00;20,09000015258789;20,100000381469727;20,09000015258789;20,09000015258789;22200
2026-09-29;16:53:00;-03:00;20,09000015258789;20,100000381469727;20,079999923706055;20,09000015258789;17000
2026-09-29;16:54:00;-03:00;20,079999923706055;20,100000381469727;20,079999923706055;20,100000381469727;5500
2026-09-30;10:03:00;-03:00;20,350000381469727;20,350000381469727;20,209999084472656;20,219999313354492;15700
2026-09-30;10:04:00;-03:00;20,209999084472656;20,219999313354492;20,149999618530273;20,219999313354492;11200
2026-09-30;10:05:00;-03:00;20,229999542236328;20,270000457763672;20,229999542236328;20,270000457763672;8400
2026-09-30;10:06:00;-03:00;20,270000457763672;20,280000686645508;20,260000228881836;20,270000457763672;4200
2026-09-30;10:07:00;-03:00;20,270000457763672;20,280000686645508;20,239999771118164;20,239999771118164;3200
2026-09-30;10:08:00;-03:00;20,239999771118164;20,25;20,100000381469727;20,1299991607666;21600
2026-09-30;10:09:00;-03:00;20,1200008392334;20,170000076293945;20,040000915527344;20,139999389648438;50000
2026-09-30;10:10:00;-03:00;20,1299991607666;20,229999542236328;20,1299991607666;20,219999313354492;11300
2026-09-30;10:11:00;-03:00;20,229999542236328;20,229999542236328;20,219999313354492;20,229999542236328;6000
2026-09-30;10:12:00;-03:00;20,219999313354492;20,219999313354492;20,149999618530273;20,149999618530273;37300
2026-09-30;10:13:00;-03:00;20,15999984741211;20,18000030517578;20,15999984741211;20,170000076293945;3500
2026-09-30;10:14:00;-03:00;20,15999984741211;20,15999984741211;20,1299991607666;20,1299991607666;3200
2026-09-30;10:15:00;-03:00;20,139999389648438;20,15999984741211;20,139999389648438;20,15999984741211;2700
2026-09-30;10:16:00;-03:00;20,15999984741211;20,200000762939453;20,15999984741211;20,18000030517578;5200
2026-09-30;10:17:00;-03:00;20,170000076293945;20,18000030517578;20,170000076293945;20,170000076293945;2900
2026-09-30;10:18:00;-03:00;20,170000076293945;20,170000076293945;20,139999389648438;20,139999389648438;3400
2026-09-30;10:19:00;-03:00;20,139999389648438;20,139999389648438;20,110000610351562;20,110000610351562;6700
2026-09-30;10:20:00;-03:00;20,110000610351562;20,149999618530273;20,110000610351562;20,1299991607666;8200
2026-09-30;10:21:00;-03:00;20,139999389648438;20,149999618530273;20,139999389648438;20,139999389648438;600
2026-09-30;10:22:00;-03:00;20,149999618530273;20,15999984741211;20,139999389648438;20,139999389648438;7400
2026-09-30;10:23:00;-03:00;20,1299991607666;20,139999389648438;20,1299991607666;20,1299991607666;1700
2026-09-30;10:24:00;-03:00;20,139999389648438;20,149999618530273;20,1299991607666;20,149999618530273;2100
2026-09-30;10:25:00;-03:00;20,15999984741211;20,15999984741211;20,139999389648438;20,15999984741211;1600
2026-09-30;10:26:00;-03:00;20,170000076293945;20,190000534057617;20,059999465942383;20,079999923706055;56900
2026-09-30;10:27:00;-03:00;20,079999923706055;20,09000015258789;20,059999465942383;20,059999465942383;18500
2026-09-30;10:28:00;-03:00;20,079999923706055;20,079999923706055;20,059999465942383;20,059999465942383;3500
2026-09-30;10:29:00;-03:00;20,059999465942383;20,059999465942383;20,049999237060547;20,049999237060547;2700
2026-09-30;10:30:00;-03:00;20,049999237060547;20,100000381469727;20,049999237060547;20,09000015258789;17700
2026-09-30;10:31:00;-03:00;20,09000015258789;20,09000015258789;20,06999969482422;20,079999923706055;9000
2026-09-30;10:32:00;-03:00;20,06999969482422;20,06999969482422;20,049999237060547;20,049999237060547;14700
2026-09-30;10:33:00;-03:00;20,049999237060547;20,06999969482422;20,049999237060547;20,059999465942383;3500
2026-09-30;10:34:00;-03:00;20,049999237060547;20,06999969482422;20,040000915527344;20,059999465942383;26100
2026-09-30;10:35:00;-03:00;20,06999969482422;20,1200008392334;20,06999969482422;20,100000381469727;11300
2026-09-30;10:36:00;-03:00;20,09000015258789;20,09000015258789;20,06999969482422;20,079999923706055;5500
2026-09-30;10:37:00;-03:00;20,06999969482422;20,06999969482422;20,059999465942383;20,06999969482422;2800
2026-09-30;10:38:00;-03:00;20,059999465942383;20,059999465942383;20,030000686645508;20,040000915527344;21200
2026-09-30;10:39:00;-03:00;20,030000686645508;20,040000915527344;20,030000686645508;20,040000915527344;0
2026-09-30;10:40:00;-03:00;20,040000915527344;20,059999465942383;20,040000915527344;20,059999465942383;12800
2026-09-30;10:41:00;-03:00;20,040000915527344;20,049999237060547;20,040000915527344;20,040000915527344;5200
2026-09-30;10:42:00;-03:00;20,040000915527344;20,059999465942383;20,030000686645508;20,049999237060547;5100
2026-09-30;10:43:00;-03:00;20,049999237060547;20,059999465942383;20,049999237060547;20,049999237060547;3400
2026-09-30;10:44:00;-03:00;20,049999237060547;20,049999237060547;20,030000686645508;20,040000915527344;8300
2026-09-30;10:45:00;-03:00;20,049999237060547;20,059999465942383;20,030000686645508;20,030000686645508;445200
2026-09-30;10:46:00;-03:00;20,030000686645508;20,049999237060547;20,030000686645508;20,049999237060547;3500
2026-09-30;10:47:00;-03:00;20,049999237060547;20,049999237060547;20,040000915527344;20,040000915527344;1400
2026-09-30;10:48:00;-03:00;20,040000915527344;20,049999237060547;19,969999313354492;20,0;66100
2026-09-30;10:49:00;-03:00;20,0;20,040000915527344;20,0;20,040000915527344;7100
2026-09-30;10:50:00;-03:00;20,040000915527344;20,049999237060547;20,040000915527344;20,049999237060547;532300
2026-09-30;10:51:00;-03:00;20,059999465942383;20,059999465942383;20,030000686645508;20,040000915527344;19300
2026-09-30;10:52:00;-03:00;20,049999237060547;20,049999237060547;20,020000457763672;20,020000457763672;2600
2026-09-30;10:53:00;-03:00;20,020000457763672;20,030000686645508;20,020000457763672;20,030000686645508;3300
2026-09-30;10:54:00;-03:00;20,030000686645508;20,040000915527344;20,030000686645508;20,040000915527344;2100
2026-09-30;10:55:00;-03:00;20,030000686645508;20,030000686645508;20,020000457763672;20,020000457763672;2200
2026-09-30;10:56:00;-03:00;20,010000228881836;20,030000686645508;20,010000228881836;20,020000457763672;1300
2026-09-30;10:57:00;-03:00;20,010000228881836;20,030000686645508;20,010000228881836;20,030000686645508;2800
2026-09-30;10:58:00;-03:00;20,030000686645508;20,030000686645508;20,020000457763672;20,020000457763672;1300
2026-09-30;10:59:00;-03:00;20,030000686645508;20,040000915527344;20,020000457763672;20,040000915527344;2600
2026-09-30;11:00:00;-03:00;20,030000686645508;20,040000915527344;20,0;20,0;15100
2026-09-30;11:01:00;-03:00;20,010000228881836;20,010000228881836;20,0;20,0;7900
2026-09-30;11:02:00;-03:00;20,010000228881836;20,010000228881836;19,940000534057617;19,950000762939453;96100
2026-09-30;11:03:00;-03:00;19,959999084472656;19,979999542236328;19,950000762939453;19,959999084472656;16200
2026-09-30;11:04:00;-03:00;19,959999084472656;19,969999313354492;19,950000762939453;19,969999313354492;11500
2026-09-30;11:05:00;-03:00;19,969999313354492;19,989999771118164;19,959999084472656;19,959999084472656;10600
2026-09-30;11:06:00;-03:00;19,959999084472656;19,979999542236328;19,950000762939453;19,969999313354492;15900
2026-09-30;11:07:00;-03:00;19,979999542236328;20,0;19,979999542236328;20,0;6600
2026-09-30;11:08:00;-03:00;19,989999771118164;20,0;19,969999313354492;19,979999542236328;27600
2026-09-30;11:09:00;-03:00;19,979999542236328;19,989999771118164;19,969999313354492;19,979999542236328;4900
2026-09-30;11:10:00;-03:00;19,979999542236328;19,979999542236328;19,969999313354492;19,979999542236328;11900
2026-09-30;11:11:00;-03:00;19,979999542236328;19,989999771118164;19,969999313354492;19,969999313354492;5200
2026-09-30;11:12:00;-03:00;19,969999313354492;20,010000228881836;19,969999313354492;20,0;20100
2026-09-30;11:13:00;-03:00;20,010000228881836;20,010000228881836;19,979999542236328;19,979999542236328;5300
2026-09-30;11:14:00;-03:00;19,979999542236328;20,010000228881836;19,979999542236328;20,010000228881836;15300
2026-09-30;11:15:00;-03:00;20,0;20,020000457763672;20,0;20,010000228881836;54200
2026-09-30;11:16:00;-03:00;20,020000457763672;20,040000915527344;20,010000228881836;20,040000915527344;35200
2026-09-30;11:17:00;-03:00;20,030000686645508;20,049999237060547;20,030000686645508;20,040000915527344;12500
2026-09-30;11:18:00;-03:00;20,040000915527344;20,079999923706055;20,030000686645508;20,079999923706055;15600
2026-09-30;11:19:00;-03:00;20,06999969482422;20,09000015258789;20,06999969482422;20,09000015258789;6400
2026-09-30;11:20:00;-03:00;20,100000381469727;20,1200008392334;20,079999923706055;20,079999923706055;24800
2026-09-30;11:21:00;-03:00;20,079999923706055;20,09000015258789;20,06999969482422;20,079999923706055;5700
2026-09-30;11:22:00;-03:00;20,09000015258789;20,09000015258789;20,079999923706055;20,079999923706055;6200
2026-09-30;11:23:00;-03:00;20,079999923706055;20,110000610351562;20,059999465942383;20,06999969482422;33300
2026-09-30;11:24:00;-03:00;20,059999465942383;20,09000015258789;20,059999465942383;20,06999969482422;19300
2026-09-30;11:25:00;-03:00;20,06999969482422;20,09000015258789;20,049999237060547;20,06999969482422;15000
2026-09-30;11:26:00;-03:00;20,06999969482422;20,079999923706055;20,049999237060547;20,059999465942383;8300
2026-09-30;11:27:00;-03:00;20,049999237060547;20,049999237060547;20,030000686645508;20,040000915527344;4100
2026-09-30;11:28:00;-03:00;20,040000915527344;20,040000915527344;20,0;20,010000228881836;9600
2026-09-30;11:29:00;-03:00;20,010000228881836;20,030000686645508;20,0;20,010000228881836;11400
2026-09-30;11:30:00;-03:00;20,010000228881836;20,020000457763672;20,0;20,020000457763672;8100
2026-09-30;11:31:00;-03:00;20,030000686645508;20,030000686645508;20,010000228881836;20,030000686645508;3200
2026-09-30;11:32:00;-03:00;20,030000686645508;20,040000915527344;20,010000228881836;20,010000228881836;5400
2026-09-30;11:33:00;-03:00;20,010000228881836;20,049999237060547;20,010000228881836;20,030000686645508;9000
2026-09-30;11:34:00;-03:00;20,040000915527344;20,049999237060547;20,030000686645508;20,040000915527344;2000
2026-09-30;11:35:00;-03:00;20,040000915527344;20,040000915527344;20,030000686645508;20,030000686645508;3300
2026-09-30;11:36:00;-03:00;20,030000686645508;20,030000686645508;20,030000686645508;20,030000686645508;1400
2026-09-30;11:37:00;-03:00;20,030000686645508;20,040000915527344;20,020000457763672;20,020000457763672;2100
2026-09-30;11:38:00;-03:00;20,020000457763672;20,020000457763672;19,979999542236328;19,979999542236328;19600
2026-09-30;11:39:00;-03:00;19,989999771118164;20,020000457763672;19,979999542236328;20,0;7500
2026-09-30;11:40:00;-03:00;20,0;20,010000228881836;19,989999771118164;19,989999771118164;7400
2026-09-30;11:41:00;-03:00;19,989999771118164;20,0;19,989999771118164;20,0;4600
2026-09-30;11:42:00;-03:00;20,010000228881836;20,030000686645508;20,010000228881836;20,010000228881836;6200
2026-09-30;11:43:00;-03:00;20,010000228881836;20,010000228881836;19,940000534057617;19,940000534057617;57900
2026-09-30;11:44:00;-03:00;19,940000534057617;19,950000762939453;19,940000534057617;19,940000534057617;14500
2026-09-30;11:45:00;-03:00;19,940000534057617;19,969999313354492;19,940000534057617;19,969999313354492;14600
2026-09-30;11:46:00;-03:00;19,969999313354492;19,979999542236328;19,959999084472656;19,959999084472656;8500
2026-09-30;11:47:00;-03:00;19,969999313354492;19,979999542236328;19,959999084472656;19,969999313354492;7100
2026-09-30;11:48:00;-03:00;19,969999313354492;19,969999313354492;19,950000762939453;19,950000762939453;2900
2026-09-30;11:49:00;-03:00;19,950000762939453;19,959999084472656;19,940000534057617;19,950000762939453;7200
2026-09-30;11:50:00;-03:00;19,950000762939453;19,959999084472656;19,940000534057617;19,959999084472656;8100
2026-09-30;11:51:00;-03:00;19,950000762939453;20,0;19,950000762939453;20,0;32700
2026-09-30;11:52:00;-03:00;20,0;20,0;19,989999771118164;19,989999771118164;5700
2026-09-30;11:53:00;-03:00;19,989999771118164;19,989999771118164;19,979999542236328;19,989999771118164;6000
2026-09-30;11:54:00;-03:00;19,989999771118164;20,0;19,979999542236328;19,979999542236328;13700
2026-09-30;11:55:00;-03:00;19,989999771118164;20,010000228881836;19,989999771118164;19,989999771118164;11500
2026-09-30;11:56:00;-03:00;19,989999771118164;20,0;19,979999542236328;19,989999771118164;2500
2026-09-30;11:57:00;-03:00;19,979999542236328;19,979999542236328;19,969999313354492;19,969999313354492;3700
2026-09-30;11:58:00;-03:00;19,969999313354492;19,969999313354492;19,920000076293945;19,93000030517578;50500
2026-09-30;11:59:00;-03:00;19,93000030517578;19,950000762939453;19,93000030517578;19,940000534057617;36800
2026-09-30;12:00:00;-03:00;19,940000534057617;19,950000762939453;19,93000030517578;19,93000030517578;10800
2026-09-30;12:01:00;-03:00;19,93000030517578;19,940000534057617;19,920000076293945;19,93000030517578;3500
2026-09-30;12:02:00;-03:00;19,920000076293945;19,920000076293945;19,8799991607666;19,8799991607666;73100
2026-09-30;12:03:00;-03:00;19,8799991607666;19,90999984741211;19,8799991607666;19,899999618530273;9800
2026-09-30;12:04:00;-03:00;19,899999618530273;19,920000076293945;19,8700008392334;19,8799991607666;67200
2026-09-30;12:05:00;-03:00;19,8799991607666;19,920000076293945;19,8799991607666;19,920000076293945;14300
2026-09-30;12:06:00;-03:00;19,920000076293945;19,920000076293945;19,899999618530273;19,90999984741211;5700
2026-09-30;12:07:00;-03:00;19,920000076293945;19,920000076293945;19,90999984741211;19,920000076293945;4300
2026-09-30;12:08:00;-03:00;19,90999984741211;19,93000030517578;19,90999984741211;19,920000076293945;6000
2026-09-30;12:09:00;-03:00;19,920000076293945;19,940000534057617;19,90999984741211;19,920000076293945;3400
2026-09-30;12:10:00;-03:00;19,93000030517578;19,93000030517578;19,920000076293945;19,920000076293945;1700
2026-09-30;12:11:00;-03:00;19,93000030517578;19,950000762939453;19,93000030517578;19,940000534057617;5600
2026-09-30;12:12:00;-03:00;19,940000534057617;19,950000762939453;19,93000030517578;19,93000030517578;2700
2026-09-30;12:13:00;-03:00;19,93000030517578;19,969999313354492;19,93000030517578;19,969999313354492;22400
2026-09-30;12:14:00;-03:00;19,959999084472656;19,979999542236328;19,959999084472656;19,979999542236328;4000
2026-09-30;12:15:00;-03:00;19,959999084472656;19,989999771118164;19,959999084472656;19,979999542236328;11000
2026-09-30;12:16:00;-03:00;19,979999542236328;19,989999771118164;19,979999542236328;19,989999771118164;1800
2026-09-30;12:17:00;-03:00;19,989999771118164;19,989999771118164;19,969999313354492;19,969999313354492;3800
2026-09-30;12:18:00;-03:00;19,969999313354492;19,979999542236328;19,959999084472656;19,979999542236328;6400
2026-09-30;12:19:00;-03:00;19,979999542236328;19,979999542236328;19,950000762939453;19,950000762939453;1800
2026-09-30;12:20:00;-03:00;19,950000762939453;19,969999313354492;19,950000762939453;19,959999084472656;3100
2026-09-30;12:21:00;-03:00;19,950000762939453;19,950000762939453;19,93000030517578;19,950000762939453;5000
2026-09-30;12:22:00;-03:00;19,940000534057617;19,950000762939453;19,93000030517578;19,93000030517578;6800
2026-09-30;12:23:00;-03:00;19,93000030517578;19,940000534057617;19,93000030517578;19,93000030517578;5100
2026-09-30;12:24:00;-03:00;19,940000534057617;19,940000534057617;19,93000030517578;19,93000030517578;1600
2026-09-30;12:25:00;-03:00;19,93000030517578;19,940000534057617;19,93000030517578;19,940000534057617;1700
2026-09-30;12:26:00;-03:00;19,940000534057617;19,950000762939453;19,93000030517578;19,950000762939453;2600
2026-09-30;12:27:00;-03:00;19,93000030517578;19,950000762939453;19,93000030517578;19,940000534057617;3000
2026-09-30;12:28:00;-03:00;19,940000534057617;19,959999084472656;19,940000534057617;19,959999084472656;2100
2026-09-30;12:29:00;-03:00;19,969999313354492;19,969999313354492;19,950000762939453;19,950000762939453;2300
2026-09-30;12:30:00;-03:00;19,959999084472656;19,969999313354492;19,950000762939453;19,950000762939453;4700
2026-09-30;12:31:00;-03:00;19,969999313354492;19,969999313354492;19,950000762939453;19,959999084472656;1500
2026-09-30;12:32:00;-03:00;19,959999084472656;19,969999313354492;19,950000762939453;19,959999084472656;2000
2026-09-30;12:33:00;-03:00;19,969999313354492;19,969999313354492;19,959999084472656;19,959999084472656;1600
2026-09-30;12:34:00;-03:00;19,959999084472656;19,969999313354492;19,950000762939453;19,959999084472656;5000
2026-09-30;12:35:00;-03:00;19,950000762939453;19,959999084472656;19,940000534057617;19,950000762939453;4100
2026-09-30;12:36:00;-03:00;19,950000762939453;19,959999084472656;19,940000534057617;19,950000762939453;3200
2026-09-30;12:37:00;-03:00;19,950000762939453;19,969999313354492;19,950000762939453;19,959999084472656;2300
2026-09-30;12:38:00;-03:00;19,959999084472656;19,969999313354492;19,950000762939453;19,959999084472656;1600
2026-09-30;12:39:00;-03:00;19,969999313354492;19,969999313354492;19,959999084472656;19,959999084472656;4400
2026-09-30;12:40:00;-03:00;19,959999084472656;19,969999313354492;19,940000534057617;19,940000534057617;5000
2026-09-30;12:41:00;-03:00;19,940000534057617;19,940000534057617;19,940000534057617;19,940000534057617;1300
2026-09-30;12:42:00;-03:00;19,950000762939453;19,950000762939453;19,889999389648438;19,889999389648438;45800
2026-09-30;12:43:00;-03:00;19,889999389648438;19,889999389648438;19,8700008392334;19,8700008392334;13500
2026-09-30;12:44:00;-03:00;19,8700008392334;19,8799991607666;19,860000610351562;19,8700008392334;17100
2026-09-30;12:45:00;-03:00;19,8700008392334;19,90999984741211;19,8700008392334;19,90999984741211;8500
2026-09-30;12:46:00;-03:00;19,899999618530273;19,90999984741211;19,899999618530273;19,90999984741211;3900
2026-09-30;12:47:00;-03:00;19,920000076293945;19,940000534057617;19,90999984741211;19,93000030517578;12600
2026-09-30;12:48:00;-03:00;19,920000076293945;19,940000534057617;19,920000076293945;19,940000534057617;6800
2026-09-30;12:49:00;-03:00;19,940000534057617;19,969999313354492;19,940000534057617;19,969999313354492;5200
2026-09-30;12:50:00;-03:00;19,959999084472656;19,969999313354492;19,959999084472656;19,959999084472656;1700
2026-09-30;12:51:00;-03:00;19,959999084472656;19,959999084472656;19,950000762939453;19,950000762939453;1600
2026-09-30;12:52:00;-03:00;19,959999084472656;19,959999084472656;19,940000534057617;19,940000534057617;2100
2026-09-30;12:53:00;-03:00;19,950000762939453;19,950000762939453;19,940000534057617;19,940000534057617;5000
2026-09-30;12:54:00;-03:00;19,940000534057617;19,950000762939453;19,93000030517578;19,93000030517578;2700
2026-09-30;12:55:00;-03:00;19,93000030517578;19,93000030517578;19,93000030517578;19,93000030517578;800
2026-09-30;12:56:00;-03:00;19,93000030517578;19,940000534057617;19,93000030517578;19,940000534057617;6900
2026-09-30;12:57:00;-03:00;19,940000534057617;19,950000762939453;19,940000534057617;19,950000762939453;2300
2026-09-30;12:58:00;-03:00;19,950000762939453;19,959999084472656;19,950000762939453;19,950000762939453;1500
2026-09-30;12:59:00;-03:00;19,950000762939453;19,959999084472656;19,950000762939453;19,959999084472656;8100
2026-09-30;13:00:00;-03:00;19,959999084472656;19,979999542236328;19,959999084472656;19,959999084472656;3400
2026-09-30;13:01:00;-03:00;19,959999084472656;19,979999542236328;19,959999084472656;19,979999542236328;8300
2026-09-30;13:02:00;-03:00;19,989999771118164;19,989999771118164;19,959999084472656;19,959999084472656;1200
2026-09-30;13:03:00;-03:00;19,959999084472656;19,969999313354492;19,959999084472656;19,969999313354492;4200
2026-09-30;13:04:00;-03:00;19,969999313354492;19,969999313354492;19,969999313354492;19,969999313354492;900
2026-09-30;13:05:00;-03:00;19,979999542236328;19,989999771118164;19,979999542236328;19,989999771118164;3800
2026-09-30;13:06:00;-03:00;19,979999542236328;19,989999771118164;19,969999313354492;19,979999542236328;6900
2026-09-30;13:07:00;-03:00;19,979999542236328;19,989999771118164;19,969999313354492;19,969999313354492;1400
2026-09-30;13:08:00;-03:00;19,979999542236328;19,979999542236328;19,969999313354492;19,969999313354492;4200
2026-09-30;13:09:00;-03:00;19,969999313354492;19,979999542236328;19,90999984741211;19,920000076293945;39800
2026-09-30;13:10:00;-03:00;19,90999984741211;19,920000076293945;19,90999984741211;19,920000076293945;12400
2026-09-30;13:11:00;-03:00;19,920000076293945;19,93000030517578;19,90999984741211;19,90999984741211;15100
2026-09-30;13:12:00;-03:00;19,90999984741211;19,90999984741211;19,90999984741211;19,90999984741211;1000
2026-09-30;13:13:00;-03:00;19,90999984741211;19,920000076293945;19,90999984741211;19,920000076293945;14000
2026-09-30;13:14:00;-03:00;19,90999984741211;19,920000076293945;19,90999984741211;19,90999984741211;1300
2026-09-30;13:15:00;-03:00;19,90999984741211;19,920000076293945;19,90999984741211;19,90999984741211;10800
2026-09-30;13:16:00;-03:00;19,90999984741211;19,90999984741211;19,90999984741211;19,90999984741211;1000
2026-09-30;13:17:00;-03:00;19,90999984741211;19,920000076293945;19,899999618530273;19,90999984741211;4300
2026-09-30;13:18:00;-03:00;19,899999618530273;19,90999984741211;19,899999618530273;19,899999618530273;2400
2026-09-30;13:19:00;-03:00;19,899999618530273;19,920000076293945;19,899999618530273;19,899999618530273;23300
2026-09-30;13:20:00;-03:00;19,90999984741211;19,90999984741211;19,899999618530273;19,899999618530273;7400
2026-09-30;13:21:00;-03:00;19,90999984741211;19,920000076293945;19,90999984741211;19,920000076293945;3500
2026-09-30;13:22:00;-03:00;19,920000076293945;19,93000030517578;19,90999984741211;19,920000076293945;5500
2026-09-30;13:23:00;-03:00;19,920000076293945;19,93000030517578;19,899999618530273;19,90999984741211;10400
2026-09-30;13:24:00;-03:00;19,920000076293945;19,93000030517578;19,90999984741211;19,920000076293945;11100
2026-09-30;13:25:00;-03:00;19,920000076293945;19,93000030517578;19,90999984741211;19,920000076293945;1200
2026-09-30;13:26:00;-03:00;19,93000030517578;19,93000030517578;19,920000076293945;19,920000076293945;5700
2026-09-30;13:27:00;-03:00;19,920000076293945;19,93000030517578;19,920000076293945;19,920000076293945;3000
2026-09-30;13:28:00;-03:00;19,920000076293945;19,93000030517578;19,920000076293945;19,920000076293945;5900
2026-09-30;13:29:00;-03:00;19,920000076293945;19,940000534057617;19,920000076293945;19,93000030517578;3800
2026-09-30;13:30:00;-03:00;19,920000076293945;19,940000534057617;19,920000076293945;19,920000076293945;2200
2026-09-30;13:31:00;-03:00;19,920000076293945;19,950000762939453;19,920000076293945;19,93000030517578;5600
2026-09-30;13:32:00;-03:00;19,93000030517578;19,940000534057617;19,93000030517578;19,940000534057617;2000
2026-09-30;13:33:00;-03:00;19,940000534057617;19,950000762939453;19,940000534057617;19,940000534057617;8900
2026-09-30;13:34:00;-03:00;19,940000534057617;19,950000762939453;19,940000534057617;19,950000762939453;4600
2026-09-30;13:35:00;-03:00;19,950000762939453;19,959999084472656;19,940000534057617;19,959999084472656;12300
2026-09-30;13:36:00;-03:00;19,959999084472656;19,959999084472656;19,940000534057617;19,940000534057617;2700
2026-09-30;13:37:00;-03:00;19,940000534057617;19,959999084472656;19,940000534057617;19,940000534057617;2700
2026-09-30;13:38:00;-03:00;19,950000762939453;19,950000762939453;19,920000076293945;19,940000534057617;14600
2026-09-30;13:39:00;-03:00;19,93000030517578;19,959999084472656;19,93000030517578;19,950000762939453;9200
2026-09-30;13:40:00;-03:00;19,940000534057617;19,940000534057617;19,920000076293945;19,93000030517578;12400
2026-09-30;13:41:00;-03:00;19,93000030517578;19,950000762939453;19,920000076293945;19,950000762939453;11300
2026-09-30;13:42:00;-03:00;19,940000534057617;19,940000534057617;19,920000076293945;19,93000030517578;2300
2026-09-30;13:43:00;-03:00;19,920000076293945;19,93000030517578;19,920000076293945;19,920000076293945;3500
2026-09-30;13:44:00;-03:00;19,920000076293945;19,93000030517578;19,920000076293945;19,920000076293945;2300
2026-09-30;13:45:00;-03:00;19,920000076293945;19,940000534057617;19,920000076293945;19,93000030517578;6000
2026-09-30;13:46:00;-03:00;19,920000076293945;19,93000030517578;19,920000076293945;19,93000030517578;1900
2026-09-30;13:47:00;-03:00;19,93000030517578;19,940000534057617;19,93000030517578;19,93000030517578;5000
2026-09-30;13:48:00;-03:00;19,93000030517578;19,940000534057617;19,93000030517578;19,940000534057617;1800
2026-09-30;13:49:00;-03:00;19,93000030517578;19,940000534057617;19,920000076293945;19,93000030517578;4400
2026-09-30;13:50:00;-03:00;19,920000076293945;19,93000030517578;19,920000076293945;19,920000076293945;16600
2026-09-30;13:51:00;-03:00;19,920000076293945;19,93000030517578;19,90999984741211;19,90999984741211;3900
2026-09-30;13:52:00;-03:00;19,920000076293945;19,93000030517578;19,90999984741211;19,90999984741211;3700
2026-09-30;13:53:00;-03:00;19,920000076293945;19,93000030517578;19,90999984741211;19,90999984741211;5800
2026-09-30;13:54:00;-03:00;19,90999984741211;19,93000030517578;19,90999984741211;19,90999984741211;2500
2026-09-30;13:55:00;-03:00;19,920000076293945;19,920000076293945;19,90999984741211;19,920000076293945;2400
2026-09-30;13:56:00;-03:00;19,90999984741211;19,920000076293945;19,90999984741211;19,90999984741211;9800
2026-09-30;13:57:00;-03:00;19,920000076293945;19,93000030517578;19,920000076293945;19,920000076293945;5400
2026-09-30;13:58:00;-03:00;19,920000076293945;19,93000030517578;19,90999984741211;19,93000030517578;5000
2026-09-30;13:59:00;-03:00;19,90999984741211;19,93000030517578;19,90999984741211;19,93000030517578;2500
2026-09-30;14:00:00;-03:00;19,93000030517578;19,940000534057617;19,920000076293945;19,920000076293945;12000
2026-09-30;14:01:00;-03:00;19,940000534057617;19,940000534057617;19,93000030517578;19,93000030517578;4400
2026-09-30;14:02:00;-03:00;19,93000030517578;19,940000534057617;19,93000030517578;19,93000030517578;7800
2026-09-30;14:03:00;-03:00;19,93000030517578;19,93000030517578;19,920000076293945;19,920000076293945;3800
2026-09-30;14:04:00;-03:00;19,93000030517578;19,940000534057617;19,920000076293945;19,920000076293945;5900
2026-09-30;14:05:00;-03:00;19,920000076293945;19,93000030517578;19,920000076293945;19,920000076293945;2500
2026-09-30;14:06:00;-03:00;19,93000030517578;19,93000030517578;19,920000076293945;19,920000076293945;1700
2026-09-30;14:07:00;-03:00;19,920000076293945;19,93000030517578;19,90999984741211;19,90999984741211;7600
2026-09-30;14:08:00;-03:00;19,920000076293945;19,920000076293945;19,90999984741211;19,90999984741211;2900
2026-09-30;14:09:00;-03:00;19,90999984741211;19,920000076293945;19,90999984741211;19,90999984741211;3800
2026-09-30;14:10:00;-03:00;19,90999984741211;19,959999084472656;19,90999984741211;19,950000762939453;22300
2026-09-30;14:11:00;-03:00;19,940000534057617;19,950000762939453;19,940000534057617;19,940000534057617;11100
2026-09-30;14:12:00;-03:00;19,940000534057617;19,959999084472656;19,940000534057617;19,950000762939453;6800
2026-09-30;14:13:00;-03:00;19,959999084472656;19,959999084472656;19,940000534057617;19,940000534057617;2600
2026-09-30;14:14:00;-03:00;19,940000534057617;19,950000762939453;19,940000534057617;19,940000534057617;2900
2026-09-30;14:15:00;-03:00;19,950000762939453;19,950000762939453;19,940000534057617;19,940000534057617;1300
2026-09-30;14:16:00;-03:00;19,940000534057617;19,940000534057617;19,899999618530273;19,940000534057617;42900
2026-09-30;14:17:00;-03:00;19,940000534057617;19,940000534057617;19,93000030517578;19,93000030517578;3800
2026-09-30;14:18:00;-03:00;19,93000030517578;19,940000534057617;19,93000030517578;19,940000534057617;1200
2026-09-30;14:19:00;-03:00;19,93000030517578;19,940000534057617;19,93000030517578;19,93000030517578;2700
2026-09-30;14:20:00;-03:00;19,93000030517578;19,940000534057617;19,920000076293945;19,93000030517578;9000
2026-09-30;14:21:00;-03:00;19,93000030517578;19,940000534057617;19,920000076293945;19,93000030517578;3200
2026-09-30;14:22:00;-03:00;19,940000534057617;19,950000762939453;19,93000030517578;19,93000030517578;11500
2026-09-30;14:23:00;-03:00;19,940000534057617;19,950000762939453;19,93000030517578;19,93000030517578;4300
2026-09-30;14:24:00;-03:00;19,93000030517578;19,940000534057617;19,93000030517578;19,940000534057617;5400
2026-09-30;14:25:00;-03:00;19,940000534057617;19,950000762939453;19,93000030517578;19,940000534057617;14700
2026-09-30;14:26:00;-03:00;19,940000534057617;19,940000534057617;19,93000030517578;19,93000030517578;5000
2026-09-30;14:27:00;-03:00;19,940000534057617;19,940000534057617;19,93000030517578;19,93000030517578;3400
2026-09-30;14:28:00;-03:00;19,93000030517578;19,940000534057617;19,93000030517578;19,940000534057617;3000
2026-09-30;14:29:00;-03:00;19,940000534057617;19,959999084472656;19,940000534057617;19,950000762939453;8700
2026-09-30;14:30:00;-03:00;19,950000762939453;19,950000762939453;19,93000030517578;19,950000762939453;15300
2026-09-30;14:31:00;-03:00;19,940000534057617;19,950000762939453;19,940000534057617;19,950000762939453;5500
2026-09-30;14:32:00;-03:00;19,950000762939453;19,950000762939453;19,940000534057617;19,940000534057617;3700
2026-09-30;14:33:00;-03:00;19,940000534057617;19,950000762939453;19,93000030517578;19,940000534057617;19500
2026-09-30;14:34:00;-03:00;19,93000030517578;19,940000534057617;19,920000076293945;19,93000030517578;8900
2026-09-30;14:35:00;-03:00;19,93000030517578;19,940000534057617;19,93000030517578;19,93000030517578;2100
2026-09-30;14:36:00;-03:00;19,940000534057617;19,959999084472656;19,920000076293945;19,950000762939453;27700
2026-09-30;14:37:00;-03:00;19,959999084472656;19,959999084472656;19,950000762939453;19,959999084472656;8600
2026-09-30;14:38:00;-03:00;19,950000762939453;19,969999313354492;19,950000762939453;19,969999313354492;5400
2026-09-30;14:39:00;-03:00;19,969999313354492;19,969999313354492;19,959999084472656;19,959999084472656;13500
2026-09-30;14:40:00;-03:00;19,969999313354492;19,979999542236328;19,959999084472656;19,969999313354492;9700
2026-09-30;14:41:00;-03:00;19,979999542236328;19,989999771118164;19,969999313354492;19,989999771118164;8800
2026-09-30;14:42:00;-03:00;19,989999771118164;19,989999771118164;19,969999313354492;19,989999771118164;8900
2026-09-30;14:43:00;-03:00;19,989999771118164;19,989999771118164;19,969999313354492;19,979999542236328;9300
2026-09-30;14:44:00;-03:00;19,969999313354492;19,989999771118164;19,969999313354492;19,979999542236328;6000
2026-09-30;14:45:00;-03:00;19,989999771118164;20,0;19,979999542236328;19,979999542236328;6600
2026-09-30;14:46:00;-03:00;20,0;20,0;19,979999542236328;19,979999542236328;4200
2026-09-30;14:47:00;-03:00;19,989999771118164;20,0;19,969999313354492;19,969999313354492;20800
2026-09-30;14:48:00;-03:00;19,969999313354492;19,989999771118164;19,969999313354492;19,989999771118164;7700
2026-09-30;14:49:00;-03:00;19,989999771118164;20,0;19,979999542236328;19,989999771118164;10800
2026-09-30;14:50:00;-03:00;19,979999542236328;19,989999771118164;19,979999542236328;19,989999771118164;3100
2026-09-30;14:51:00;-03:00;19,979999542236328;20,0;19,979999542236328;19,979999542236328;9700
2026-09-30;14:52:00;-03:00;19,979999542236328;20,0;19,979999542236328;20,0;2400
2026-09-30;14:53:00;-03:00;20,0;20,020000457763672;19,989999771118164;20,020000457763672;20100
2026-09-30;14:54:00;-03:00;20,010000228881836;20,020000457763672;20,0;20,020000457763672;14800
2026-09-30;14:55:00;-03:00;20,010000228881836;20,040000915527344;20,010000228881836;20,030000686645508;35500
2026-09-30;14:56:00;-03:00;20,030000686645508;20,030000686645508;20,020000457763672;20,020000457763672;12700
2026-09-30;14:57:00;-03:00;20,030000686645508;20,030000686645508;20,020000457763672;20,030000686645508;29500
2026-09-30;14:58:00;-03:00;20,030000686645508;20,030000686645508;20,020000457763672;20,030000686645508;26000
2026-09-30;14:59:00;-03:00;20,030000686645508;20,030000686645508;20,020000457763672;20,030000686645508;8500
2026-09-30;15:00:00;-03:00;20,030000686645508;20,030000686645508;20,020000457763672;20,030000686645508;56600
2026-09-30;15:01:00;-03:00;20,030000686645508;20,030000686645508;20,010000228881836;20,020000457763672;88200
2026-09-30;15:02:00;-03:00;20,010000228881836;20,020000457763672;20,010000228881836;20,010000228881836;26100
2026-09-30;15:03:00;-03:00;20,010000228881836;20,020000457763672;20,0;20,010000228881836;8600
2026-09-30;15:04:00;-03:00;20,0;20,010000228881836;20,0;20,010000228881836;3400
2026-09-30;15:05:00;-03:00;20,0;20,010000228881836;20,0;20,0;13000
2026-09-30;15:06:00;-03:00;20,0;20,010000228881836;19,989999771118164;20,010000228881836;10900
2026-09-30;15:07:00;-03:00;20,010000228881836;20,010000228881836;19,989999771118164;19,989999771118164;19900
2026-09-30;15:08:00;-03:00;20,0;20,010000228881836;19,989999771118164;20,010000228881836;15300
2026-09-30;15:09:00;-03:00;20,010000228881836;20,030000686645508;20,0;20,030000686645508;26800
2026-09-30;15:10:00;-03:00;20,030000686645508;20,030000686645508;20,020000457763672;20,020000457763672;16800
2026-09-30;15:11:00;-03:00;20,030000686645508;20,030000686645508;20,020000457763672;20,020000457763672;5700
2026-09-30;15:12:00;-03:00;20,020000457763672;20,030000686645508;20,020000457763672;20,030000686645508;1800
2026-09-30;15:13:00;-03:00;20,020000457763672;20,030000686645508;20,010000228881836;20,030000686645508;15700
2026-09-30;15:14:00;-03:00;20,010000228881836;20,030000686645508;20,010000228881836;20,030000686645508;36600
2026-09-30;15:15:00;-03:00;20,030000686645508;20,030000686645508;20,020000457763672;20,030000686645508;10900
2026-09-30;15:16:00;-03:00;20,020000457763672;20,030000686645508;20,020000457763672;20,020000457763672;3200
2026-09-30;15:17:00;-03:00;20,030000686645508;20,030000686645508;20,010000228881836;20,030000686645508;10000
2026-09-30;15:18:00;-03:00;20,030000686645508;20,030000686645508;20,010000228881836;20,010000228881836;16800
2026-09-30;15:19:00;-03:00;20,010000228881836;20,020000457763672;20,010000228881836;20,020000457763672;12300
2026-09-30;15:20:00;-03:00;20,020000457763672;20,030000686645508;20,010000228881836;20,010000228881836;16400
2026-09-30;15:21:00;-03:00;20,020000457763672;20,020000457763672;20,010000228881836;20,010000228881836;8700
2026-09-30;15:22:00;-03:00;20,020000457763672;20,020000457763672;20,010000228881836;20,010000228881836;3600
2026-09-30;15:23:00;-03:00;20,020000457763672;20,020000457763672;20,010000228881836;20,010000228881836;7000
2026-09-30;15:24:00;-03:00;20,010000228881836;20,020000457763672;20,0;20,020000457763672;12500
2026-09-30;15:25:00;-03:00;20,0;20,020000457763672;20,0;20,0;1900
2026-09-30;15:26:00;-03:00;20,010000228881836;20,020000457763672;20,0;20,020000457763672;10200
2026-09-30;15:27:00;-03:00;20,020000457763672;20,020000457763672;20,0;20,0;8100
2026-09-30;15:28:00;-03:00;20,010000228881836;20,020000457763672;20,0;20,010000228881836;8500
2026-09-30;15:29:00;-03:00;20,0;20,010000228881836;19,979999542236328;19,989999771118164;12200
2026-09-30;15:30:00;-03:00;19,989999771118164;20,0;19,979999542236328;20,0;5700
2026-09-30;15:31:00;-03:00;19,979999542236328;20,0;19,979999542236328;19,989999771118164;12800
2026-09-30;15:32:00;-03:00;19,989999771118164;19,989999771118164;19,979999542236328;19,989999771118164;3400
2026-09-30;15:33:00;-03:00;19,989999771118164;19,989999771118164;19,979999542236328;19,979999542236328;1700
2026-09-30;15:34:00;-03:00;19,979999542236328;19,989999771118164;19,959999084472656;19,969999313354492;22800
2026-09-30;15:35:00;-03:00;19,959999084472656;19,969999313354492;19,959999084472656;19,959999084472656;2100
2026-09-30;15:36:00;-03:00;19,969999313354492;19,979999542236328;19,959999084472656;19,969999313354492;11800
2026-09-30;15:37:00;-03:00;19,969999313354492;19,979999542236328;19,969999313354492;19,969999313354492;1900
2026-09-30;15:38:00;-03:00;19,969999313354492;19,979999542236328;19,969999313354492;19,969999313354492;4700
2026-09-30;15:39:00;-03:00;19,979999542236328;20,010000228881836;19,969999313354492;20,0;19400
2026-09-30;15:40:00;-03:00;19,989999771118164;20,0;19,989999771118164;19,989999771118164;3200
2026-09-30;15:41:00;-03:00;19,989999771118164;20,0;19,979999542236328;19,979999542236328;10500
2026-09-30;15:42:00;-03:00;19,989999771118164;19,989999771118164;19,979999542236328;19,989999771118164;2200
2026-09-30;15:43:00;-03:00;19,989999771118164;19,989999771118164;19,979999542236328;19,989999771118164;11200
2026-09-30;15:44:00;-03:00;19,989999771118164;20,0;19,979999542236328;19,989999771118164;12000
2026-09-30;15:45:00;-03:00;20,0;20,0;19,989999771118164;20,0;2500
2026-09-30;15:46:00;-03:00;20,0;20,0;19,979999542236328;19,979999542236328;6400
2026-09-30;15:47:00;-03:00;19,989999771118164;19,989999771118164;19,979999542236328;19,979999542236328;2500
2026-09-30;15:48:00;-03:00;19,989999771118164;19,989999771118164;19,969999313354492;19,979999542236328;13900
2026-09-30;15:49:00;-03:00;19,979999542236328;20,0;19,979999542236328;20,0;8900
2026-09-30;15:50:00;-03:00;19,989999771118164;20,0;19,979999542236328;20,0;12100
2026-09-30;15:51:00;-03:00;19,989999771118164;20,0;19,989999771118164;20,0;1800
2026-09-30;15:52:00;-03:00;19,989999771118164;20,0;19,979999542236328;19,989999771118164;3300
2026-09-30;15:53:00;-03:00;19,989999771118164;20,0;19,979999542236328;19,979999542236328;4200
2026-09-30;15:54:00;-03:00;19,989999771118164;19,989999771118164;19,979999542236328;19,979999542236328;6000
2026-09-30;15:55:00;-03:00;19,989999771118164;19,989999771118164;19,979999542236328;19,989999771118164;5600
2026-09-30;15:56:00;-03:00;19,979999542236328;19,989999771118164;19,979999542236328;19,989999771118164;4200
2026-09-30;15:57:00;-03:00;19,979999542236328;20,0;19,979999542236328;20,0;14000
2026-09-30;15:58:00;-03:00;19,989999771118164;20,0;19,979999542236328;19,989999771118164;39600
2026-09-30;15:59:00;-03:00;19,979999542236328;19,989999771118164;19,979999542236328;19,989999771118164;2500
2026-09-30;16:00:00;-03:00;19,989999771118164;19,989999771118164;19,959999084472656;19,959999084472656;20800
2026-09-30;16:01:00;-03:00;19,959999084472656;19,969999313354492;19,959999084472656;19,969999313354492;10800
2026-09-30;16:02:00;-03:00;19,959999084472656;19,979999542236328;19,959999084472656;19,959999084472656;9800
2026-09-30;16:03:00;-03:00;19,969999313354492;19,969999313354492;19,940000534057617;19,950000762939453;34500
2026-09-30;16:04:00;-03:00;19,940000534057617;19,959999084472656;19,93000030517578;19,940000534057617;20700
2026-09-30;16:05:00;-03:00;19,940000534057617;19,969999313354492;19,940000534057617;19,959999084472656;10100
2026-09-30;16:06:00;-03:00;19,959999084472656;19,969999313354492;19,950000762939453;19,950000762939453;3800
2026-09-30;16:07:00;-03:00;19,959999084472656;19,959999084472656;19,940000534057617;19,940000534057617;10400
2026-09-30;16:08:00;-03:00;19,940000534057617;19,950000762939453;19,93000030517578;19,93000030517578;10900
2026-09-30;16:09:00;-03:00;19,940000534057617;19,940000534057617;19,93000030517578;19,93000030517578;10700
2026-09-30;16:10:00;-03:00;19,93000030517578;19,940000534057617;19,93000030517578;19,940000534057617;5400
2026-09-30;16:11:00;-03:00;19,93000030517578;19,940000534057617;19,920000076293945;19,920000076293945;34000
2026-09-30;16:12:00;-03:00;19,920000076293945;19,920000076293945;19,899999618530273;19,90999984741211;24000
2026-09-30;16:13:00;-03:00;19,90999984741211;19,920000076293945;19,90999984741211;19,920000076293945;10100
2026-09-30;16:14:00;-03:00;19,920000076293945;19,93000030517578;19,90999984741211;19,920000076293945;17700
2026-09-30;16:15:00;-03:00;19,920000076293945;19,93000030517578;19,920000076293945;19,920000076293945;3500
2026-09-30;16:16:00;-03:00;19,920000076293945;19,93000030517578;19,90999984741211;19,920000076293945;8900
2026-09-30;16:17:00;-03:00;19,920000076293945;19,93000030517578;19,920000076293945;19,920000076293945;10300
2026-09-30;16:18:00;-03:00;19,920000076293945;19,920000076293945;19,899999618530273;19,920000076293945;42000
2026-09-30;16:19:00;-03:00;19,920000076293945;19,920000076293945;19,90999984741211;19,920000076293945;6400
2026-09-30;16:20:00;-03:00;19,90999984741211;19,920000076293945;19,90999984741211;19,90999984741211;9500
2026-09-30;16:21:00;-03:00;19,90999984741211;19,920000076293945;19,899999618530273;19,920000076293945;15100
2026-09-30;16:22:00;-03:00;19,90999984741211;19,920000076293945;19,899999618530273;19,899999618530273;18500
2026-09-30;16:23:00;-03:00;19,899999618530273;19,90999984741211;19,899999618530273;19,90999984741211;8500
2026-09-30;16:24:00;-03:00;19,899999618530273;19,920000076293945;19,899999618530273;19,920000076293945;13200
2026-09-30;16:25:00;-03:00;19,899999618530273;19,920000076293945;19,899999618530273;19,90999984741211;9800
2026-09-30;16:26:00;-03:00;19,899999618530273;19,90999984741211;19,899999618530273;19,899999618530273;18700
2026-09-30;16:27:00;-03:00;19,899999618530273;19,920000076293945;19,899999618530273;19,920000076293945;14200
2026-09-30;16:28:00;-03:00;19,90999984741211;19,920000076293945;19,899999618530273;19,90999984741211;10600
2026-09-30;16:29:00;-03:00;19,920000076293945;19,93000030517578;19,90999984741211;19,90999984741211;17200
2026-09-30;16:30:00;-03:00;19,920000076293945;19,940000534057617;19,920000076293945;19,920000076293945;26600
2026-09-30;16:31:00;-03:00;19,93000030517578;19,93000030517578;19,920000076293945;19,920000076293945;3500
2026-09-30;16:32:00;-03:00;19,93000030517578;19,93000030517578;19,920000076293945;19,920000076293945;6200
2026-09-30;16:33:00;-03:00;19,93000030517578;19,940000534057617;19,920000076293945;19,940000534057617;21800
2026-09-30;16:34:00;-03:00;19,940000534057617;19,940000534057617;19,93000030517578;19,940000534057617;6000
2026-09-30;16:35:00;-03:00;19,93000030517578;19,950000762939453;19,93000030517578;19,93000030517578;11700
2026-09-30;16:36:00;-03:00;19,93000030517578;19,950000762939453;19,93000030517578;19,950000762939453;7900
2026-09-30;16:37:00;-03:00;19,93000030517578;19,940000534057617;19,93000030517578;19,93000030517578;3300
2026-09-30;16:38:00;-03:00;19,93000030517578;19,940000534057617;19,920000076293945;19,920000076293945;6700
2026-09-30;16:39:00;-03:00;19,920000076293945;19,93000030517578;19,90999984741211;19,90999984741211;23400
2026-09-30;16:40:00;-03:00;19,90999984741211;19,920000076293945;19,90999984741211;19,90999984741211;5700
2026-09-30;16:41:00;-03:00;19,90999984741211;19,920000076293945;19,899999618530273;19,920000076293945;27900
2026-09-30;16:42:00;-03:00;19,90999984741211;19,920000076293945;19,899999618530273;19,899999618530273;23700
2026-09-30;16:43:00;-03:00;19,90999984741211;19,90999984741211;19,899999618530273;19,90999984741211;7400
2026-09-30;16:44:00;-03:00;19,899999618530273;19,90999984741211;19,889999389648438;19,889999389648438;58900
2026-09-30;16:45:00;-03:00;19,889999389648438;19,90999984741211;19,889999389648438;19,90999984741211;39100
2026-09-30;16:46:00;-03:00;19,899999618530273;19,90999984741211;19,899999618530273;19,90999984741211;2200
2026-09-30;16:47:00;-03:00;19,90999984741211;19,920000076293945;19,899999618530273;19,90999984741211;44000
2026-09-30;16:48:00;-03:00;19,90999984741211;19,920000076293945;19,899999618530273;19,899999618530273;42000
2026-09-30;16:49:00;-03:00;19,90999984741211;19,920000076293945;19,899999618530273;19,920000076293945;72100
2026-09-30;16:50:00;-03:00;19,90999984741211;19,920000076293945;19,90999984741211;19,920000076293945;5200
2026-09-30;16:51:00;-03:00;19,90999984741211;19,920000076293945;19,90999984741211;19,920000076293945;10000
2026-09-30;16:52:00;-03:00;19,90999984741211;19,940000534057617;19,90999984741211;19,93000030517578;17700
2026-09-30;16:53:00;-03:00;19,93000030517578;19,940000534057617;19,899999618530273;19,899999618530273;49800
2026-09-30;16:54:00;-03:00;19,90999984741211;19,93000030517578;19,889999389648438;19,93000030517578;56400
2026-10-01;10:03:00;-03:00;19,940000534057617;19,940000534057617;19,860000610351562;19,90999984741211;0
2026-10-01;10:04:00;-03:00;19,899999618530273;19,959999084472656;19,899999618530273;19,940000534057617;18100
2026-10-01;10:05:00;-03:00;19,90999984741211;19,90999984741211;19,889999389648438;19,90999984741211;9500
2026-10-01;10:06:00;-03:00;19,90999984741211;19,93000030517578;19,90999984741211;19,920000076293945;5100
2026-10-01;10:07:00;-03:00;19,90999984741211;19,90999984741211;19,889999389648438;19,90999984741211;12500
2026-10-01;10:08:00;-03:00;19,920000076293945;19,940000534057617;19,809999465942383;19,81999969482422;87600
2026-10-01;10:09:00;-03:00;19,829999923706055;19,829999923706055;19,760000228881836;19,81999969482422;20800
2026-10-01;10:10:00;-03:00;19,829999923706055;19,860000610351562;19,799999237060547;19,850000381469727;24800
2026-10-01;10:11:00;-03:00;19,8700008392334;19,8700008392334;19,829999923706055;19,850000381469727;41100
2026-10-01;10:12:00;-03:00;19,850000381469727;19,850000381469727;19,829999923706055;19,84000015258789;12200
2026-10-01;10:13:00;-03:00;19,84000015258789;19,899999618530273;19,829999923706055;19,84000015258789;24500
2026-10-01;10:14:00;-03:00;19,850000381469727;19,8799991607666;19,84000015258789;19,850000381469727;18300
2026-10-01;10:15:00;-03:00;19,850000381469727;19,860000610351562;19,850000381469727;19,860000610351562;3500
2026-10-01;10:16:00;-03:00;19,850000381469727;19,8700008392334;19,850000381469727;19,860000610351562;12300
2026-10-01;10:17:00;-03:00;19,850000381469727;19,860000610351562;19,850000381469727;19,850000381469727;7200
2026-10-01;10:18:00;-03:00;19,850000381469727;19,860000610351562;19,84000015258789;19,850000381469727;9100
2026-10-01;10:19:00;-03:00;19,850000381469727;19,8700008392334;19,850000381469727;19,850000381469727;3100
2026-10-01;10:20:00;-03:00;19,860000610351562;19,860000610351562;19,84000015258789;19,850000381469727;7100
2026-10-01;10:21:00;-03:00;19,860000610351562;19,8799991607666;19,850000381469727;19,860000610351562;9500
2026-10-01;10:22:00;-03:00;19,8700008392334;19,8700008392334;19,860000610351562;19,8700008392334;7400
2026-10-01;10:23:00;-03:00;19,860000610351562;19,8700008392334;19,850000381469727;19,860000610351562;7400
2026-10-01;10:24:00;-03:00;19,860000610351562;19,8799991607666;19,850000381469727;19,860000610351562;17000
2026-10-01;10:25:00;-03:00;19,860000610351562;19,8700008392334;19,850000381469727;19,8700008392334;8300
2026-10-01;10:26:00;-03:00;19,8700008392334;19,8700008392334;19,84000015258789;19,84000015258789;21500
2026-10-01;10:27:00;-03:00;19,860000610351562;19,860000610351562;19,850000381469727;19,850000381469727;5100
2026-10-01;10:28:00;-03:00;19,850000381469727;19,860000610351562;19,84000015258789;19,84000015258789;15600
2026-10-01;10:29:00;-03:00;19,850000381469727;19,850000381469727;19,84000015258789;19,84000015258789;2800
2026-10-01;10:30:00;-03:00;19,850000381469727;19,920000076293945;19,850000381469727;19,920000076293945;27400
2026-10-01;10:31:00;-03:00;19,920000076293945;19,920000076293945;19,899999618530273;19,920000076293945;1800
2026-10-01;10:32:00;-03:00;19,920000076293945;19,950000762939453;19,899999618530273;19,950000762939453;11900
2026-10-01;10:33:00;-03:00;19,959999084472656;19,979999542236328;19,959999084472656;19,959999084472656;8100
2026-10-01;10:34:00;-03:00;19,959999084472656;19,959999084472656;19,93000030517578;19,93000030517578;3700
2026-10-01;10:35:00;-03:00;19,899999618530273;19,90999984741211;19,899999618530273;19,90999984741211;1700
2026-10-01;10:36:00;-03:00;19,920000076293945;19,940000534057617;19,920000076293945;19,920000076293945;1700
2026-10-01;10:37:00;-03:00;19,90999984741211;19,90999984741211;19,8799991607666;19,889999389648438;4900
2026-10-01;10:38:00;-03:00;19,8700008392334;19,8700008392334;19,860000610351562;19,8700008392334;7100
2026-10-01;10:39:00;-03:00;19,8799991607666;19,899999618530273;19,860000610351562;19,889999389648438;7100
2026-10-01;10:40:00;-03:00;19,899999618530273;19,90999984741211;19,889999389648438;19,889999389648438;2800
2026-10-01;10:41:00;-03:00;19,90999984741211;19,90999984741211;19,889999389648438;19,889999389648438;3200
2026-10-01;10:42:00;-03:00;19,889999389648438;19,90999984741211;19,8799991607666;19,90999984741211;18200
2026-10-01;10:43:00;-03:00;19,899999618530273;19,93000030517578;19,899999618530273;19,93000030517578;2500
2026-10-01;10:44:00;-03:00;19,93000030517578;19,940000534057617;19,93000030517578;19,940000534057617;2100
2026-10-01;10:45:00;-03:00;19,950000762939453;19,969999313354492;19,950000762939453;19,959999084472656;12600
2026-10-01;10:46:00;-03:00;19,950000762939453;19,950000762939453;19,940000534057617;19,950000762939453;3700
2026-10-01;10:47:00;-03:00;19,940000534057617;19,940000534057617;19,90999984741211;19,90999984741211;4100
2026-10-01;10:48:00;-03:00;19,920000076293945;19,93000030517578;19,90999984741211;19,93000030517578;3300
2026-10-01;10:49:00;-03:00;19,940000534057617;19,940000534057617;19,920000076293945;19,940000534057617;7200
2026-10-01;10:50:00;-03:00;19,940000534057617;19,959999084472656;19,940000534057617;19,950000762939453;1000
2026-10-01;10:51:00;-03:00;19,950000762939453;19,959999084472656;19,90999984741211;19,90999984741211;13100
2026-10-01;10:52:00;-03:00;19,920000076293945;19,940000534057617;19,920000076293945;19,940000534057617;4500
2026-10-01;10:53:00;-03:00;19,959999084472656;19,969999313354492;19,940000534057617;19,959999084472656;13900
2026-10-01;10:54:00;-03:00;19,950000762939453;19,969999313354492;19,950000762939453;19,959999084472656;6800
2026-10-01;10:55:00;-03:00;19,959999084472656;19,959999084472656;19,940000534057617;19,940000534057617;1700
2026-10-01;10:56:00;-03:00;19,940000534057617;19,940000534057617;19,8700008392334;19,8700008392334;23000
2026-10-01;10:57:00;-03:00;19,860000610351562;19,8799991607666;19,84000015258789;19,8799991607666;17300
2026-10-01;10:58:00;-03:00;19,8799991607666;19,889999389648438;19,850000381469727;19,8700008392334;12900
2026-10-01;10:59:00;-03:00;19,8700008392334;19,8700008392334;19,860000610351562;19,860000610351562;100
2026-10-01;11:00:00;-03:00;19,860000610351562;19,860000610351562;19,84000015258789;19,850000381469727;2400
2026-10-01;11:01:00;-03:00;19,850000381469727;19,850000381469727;19,809999465942383;19,81999969482422;8200
2026-10-01;11:02:00;-03:00;19,81999969482422;19,829999923706055;19,809999465942383;19,829999923706055;9200
2026-10-01;11:03:00;-03:00;19,829999923706055;19,8700008392334;19,829999923706055;19,860000610351562;10600
2026-10-01;11:04:00;-03:00;19,8700008392334;19,8700008392334;19,860000610351562;19,8700008392334;2700
2026-10-01;11:05:00;-03:00;19,860000610351562;19,860000610351562;19,850000381469727;19,860000610351562;3000
2026-10-01;11:06:00;-03:00;19,860000610351562;19,8700008392334;19,850000381469727;19,860000610351562;5600
2026-10-01;11:07:00;-03:00;19,8700008392334;19,889999389648438;19,8700008392334;19,8799991607666;5000
2026-10-01;11:08:00;-03:00;19,8799991607666;19,899999618530273;19,8799991607666;19,889999389648438;3200
2026-10-01;11:09:00;-03:00;19,889999389648438;19,889999389648438;19,8700008392334;19,8799991607666;4600
2026-10-01;11:10:00;-03:00;19,860000610351562;19,860000610351562;19,829999923706055;19,829999923706055;28300
2026-10-01;11:11:00;-03:00;19,829999923706055;19,829999923706055;19,780000686645508;19,780000686645508;50700
2026-10-01;11:12:00;-03:00;19,780000686645508;19,790000915527344;19,780000686645508;19,790000915527344;4900
2026-10-01;11:13:00;-03:00;19,790000915527344;19,790000915527344;19,780000686645508;19,790000915527344;4900
2026-10-01;11:14:00;-03:00;19,790000915527344;19,850000381469727;19,790000915527344;19,84000015258789;41300
2026-10-01;11:15:00;-03:00;19,84000015258789;19,860000610351562;19,84000015258789;19,850000381469727;2900
2026-10-01;11:16:00;-03:00;19,850000381469727;19,860000610351562;19,850000381469727;19,850000381469727;2400
2026-10-01;11:17:00;-03:00;19,84000015258789;19,860000610351562;19,84000015258789;19,850000381469727;2000
2026-10-01;11:18:00;-03:00;19,84000015258789;19,850000381469727;19,84000015258789;19,84000015258789;400
2026-10-01;11:19:00;-03:00;19,850000381469727;19,860000610351562;19,829999923706055;19,829999923706055;2700
2026-10-01;11:20:00;-03:00;19,84000015258789;19,850000381469727;19,84000015258789;19,850000381469727;1700
2026-10-01;11:21:00;-03:00;19,860000610351562;19,860000610351562;19,829999923706055;19,829999923706055;7900
2026-10-01;11:22:00;-03:00;19,84000015258789;19,850000381469727;19,81999969482422;19,850000381469727;7700
2026-10-01;11:23:00;-03:00;19,850000381469727;19,8700008392334;19,850000381469727;19,860000610351562;4200
2026-10-01;11:24:00;-03:00;19,8700008392334;19,8799991607666;19,860000610351562;19,8799991607666;3700
2026-10-01;11:25:00;-03:00;19,8799991607666;19,8799991607666;19,8700008392334;19,8700008392334;3000
2026-10-01;11:26:00;-03:00;19,860000610351562;19,8700008392334;19,860000610351562;19,8700008392334;600
2026-10-01;11:27:00;-03:00;19,860000610351562;19,8700008392334;19,81999969482422;19,81999969482422;66100
2026-10-01;11:28:00;-03:00;19,829999923706055;19,829999923706055;19,799999237060547;19,809999465942383;7300
2026-10-01;11:29:00;-03:00;19,809999465942383;19,829999923706055;19,809999465942383;19,81999969482422;4000
2026-10-01;11:30:00;-03:00;19,829999923706055;19,850000381469727;19,829999923706055;19,829999923706055;3100
2026-10-01;11:31:00;-03:00;19,829999923706055;19,829999923706055;19,739999771118164;19,760000228881836;103300
2026-10-01;11:32:00;-03:00;19,770000457763672;19,780000686645508;19,770000457763672;19,770000457763672;4200
2026-10-01;11:33:00;-03:00;19,760000228881836;19,770000457763672;19,760000228881836;19,770000457763672;3800
2026-10-01;11:34:00;-03:00;19,760000228881836;19,760000228881836;19,739999771118164;19,75;8600
2026-10-01;11:35:00;-03:00;19,760000228881836;19,760000228881836;19,75;19,760000228881836;800
2026-10-01;11:36:00;-03:00;19,75;19,770000457763672;19,75;19,770000457763672;8200
2026-10-01;11:37:00;-03:00;19,770000457763672;19,770000457763672;19,760000228881836;19,770000457763672;6500
2026-10-01;11:38:00;-03:00;19,770000457763672;19,770000457763672;19,75;19,760000228881836;14600
2026-10-01;11:39:00;-03:00;19,760000228881836;19,780000686645508;19,760000228881836;19,780000686645508;3000
2026-10-01;11:40:00;-03:00;19,790000915527344;19,799999237060547;19,770000457763672;19,799999237060547;2400
2026-10-01;11:41:00;-03:00;19,780000686645508;19,780000686645508;19,770000457763672;19,780000686645508;4900
2026-10-01;11:42:00;-03:00;19,790000915527344;19,790000915527344;19,780000686645508;19,780000686645508;2000
2026-10-01;11:43:00;-03:00;19,780000686645508;19,790000915527344;19,780000686645508;19,780000686645508;5900
2026-10-01;11:44:00;-03:00;19,780000686645508;19,780000686645508;19,770000457763672;19,770000457763672;10200
2026-10-01;11:45:00;-03:00;19,770000457763672;19,799999237060547;19,770000457763672;19,790000915527344;13300
2026-10-01;11:46:00;-03:00;19,790000915527344;19,799999237060547;19,780000686645508;19,780000686645508;11100
2026-10-01;11:47:00;-03:00;19,770000457763672;19,790000915527344;19,770000457763672;19,780000686645508;14500
2026-10-01;11:48:00;-03:00;19,770000457763672;19,790000915527344;19,770000457763672;19,780000686645508;19700
2026-10-01;11:49:00;-03:00;19,780000686645508;19,790000915527344;19,770000457763672;19,780000686645508;13900
2026-10-01;11:50:00;-03:00;19,760000228881836;19,770000457763672;19,739999771118164;19,75;5200
2026-10-01;11:51:00;-03:00;19,75;19,760000228881836;19,75;19,760000228881836;7300
2026-10-01;11:52:00;-03:00;19,75;19,760000228881836;19,739999771118164;19,75;4400
2026-10-01;11:53:00;-03:00;19,760000228881836;19,770000457763672;19,75;19,75;7600
2026-10-01;11:54:00;-03:00;19,75;19,75;19,729999542236328;19,75;7400
2026-10-01;11:55:00;-03:00;19,75;19,780000686645508;19,75;19,760000228881836;4600
2026-10-01;11:56:00;-03:00;19,760000228881836;19,780000686645508;19,760000228881836;19,760000228881836;3300
2026-10-01;11:57:00;-03:00;19,760000228881836;19,780000686645508;19,760000228881836;19,780000686645508;6900
2026-10-01;11:58:00;-03:00;19,780000686645508;19,799999237060547;19,760000228881836;19,770000457763672;6700
2026-10-01;11:59:00;-03:00;19,780000686645508;19,790000915527344;19,760000228881836;19,790000915527344;2900
2026-10-01;12:00:00;-03:00;19,780000686645508;19,790000915527344;19,760000228881836;19,760000228881836;5600
2026-10-01;12:01:00;-03:00;19,760000228881836;19,770000457763672;19,729999542236328;19,75;32600
2026-10-01;12:02:00;-03:00;19,75;19,75;19,739999771118164;19,739999771118164;6400
2026-10-01;12:03:00;-03:00;19,739999771118164;19,75;19,739999771118164;19,75;4400
2026-10-01;12:04:00;-03:00;19,75;19,770000457763672;19,75;19,75;15100
2026-10-01;12:05:00;-03:00;19,760000228881836;19,770000457763672;19,75;19,75;2000
2026-10-01;12:06:00;-03:00;19,770000457763672;19,770000457763672;19,75;19,760000228881836;3200
2026-10-01;12:07:00;-03:00;19,75;19,760000228881836;19,739999771118164;19,760000228881836;4200
2026-10-01;12:08:00;-03:00;19,75;19,75;19,709999084472656;19,719999313354492;19300
2026-10-01;12:09:00;-03:00;19,709999084472656;19,719999313354492;19,700000762939453;19,709999084472656;8200
2026-10-01;12:10:00;-03:00;19,719999313354492;19,719999313354492;19,690000534057617;19,700000762939453;14900
2026-10-01;12:11:00;-03:00;19,700000762939453;19,709999084472656;19,690000534057617;19,709999084472656;3500
2026-10-01;12:12:00;-03:00;19,709999084472656;19,709999084472656;19,690000534057617;19,709999084472656;2200
2026-10-01;12:13:00;-03:00;19,700000762939453;19,709999084472656;19,690000534057617;19,709999084472656;2700
2026-10-01;12:14:00;-03:00;19,709999084472656;19,709999084472656;19,700000762939453;19,700000762939453;9900
2026-10-01;12:15:00;-03:00;19,700000762939453;19,719999313354492;19,700000762939453;19,709999084472656;6700
2026-10-01;12:16:00;-03:00;19,709999084472656;19,719999313354492;19,700000762939453;19,709999084472656;3300
2026-10-01;12:17:00;-03:00;19,709999084472656;19,709999084472656;19,68000030517578;19,690000534057617;30400
2026-10-01;12:18:00;-03:00;19,700000762939453;19,700000762939453;19,68000030517578;19,690000534057617;1400
2026-10-01;12:19:00;-03:00;19,690000534057617;19,709999084472656;19,690000534057617;19,690000534057617;4600
2026-10-01;12:20:00;-03:00;19,700000762939453;19,709999084472656;19,68000030517578;19,68000030517578;7800
2026-10-01;12:21:00;-03:00;19,690000534057617;19,709999084472656;19,68000030517578;19,709999084472656;17000
2026-10-01;12:22:00;-03:00;19,709999084472656;19,719999313354492;19,690000534057617;19,700000762939453;7700
2026-10-01;12:23:00;-03:00;19,709999084472656;19,739999771118164;19,709999084472656;19,739999771118164;6500
2026-10-01;12:24:00;-03:00;19,729999542236328;19,75;19,729999542236328;19,739999771118164;2600
2026-10-01;12:25:00;-03:00;19,75;19,760000228881836;19,729999542236328;19,739999771118164;6200
2026-10-01;12:26:00;-03:00;19,739999771118164;19,780000686645508;19,739999771118164;19,770000457763672;3300
2026-10-01;12:27:00;-03:00;19,780000686645508;19,780000686645508;19,770000457763672;19,780000686645508;1100
2026-10-01;12:28:00;-03:00;19,770000457763672;19,790000915527344;19,770000457763672;19,790000915527344;3600
2026-10-01;12:29:00;-03:00;19,780000686645508;19,790000915527344;19,770000457763672;19,770000457763672;4200
2026-10-01;12:30:00;-03:00;19,780000686645508;19,780000686645508;19,760000228881836;19,780000686645508;9600
2026-10-01;12:31:00;-03:00;19,770000457763672;19,780000686645508;19,760000228881836;19,780000686645508;3000
2026-10-01;12:32:00;-03:00;19,770000457763672;19,790000915527344;19,770000457763672;19,780000686645508;8900
2026-10-01;12:33:00;-03:00;19,780000686645508;19,780000686645508;19,760000228881836;19,760000228881836;5600
2026-10-01;12:34:00;-03:00;19,760000228881836;19,770000457763672;19,739999771118164;19,739999771118164;7100
2026-10-01;12:35:00;-03:00;19,75;19,760000228881836;19,729999542236328;19,760000228881836;12800
2026-10-01;12:36:00;-03:00;19,760000228881836;19,770000457763672;19,760000228881836;19,760000228881836;5700
2026-10-01;12:37:00;-03:00;19,770000457763672;19,780000686645508;19,760000228881836;19,770000457763672;3600
2026-10-01;12:38:00;-03:00;19,780000686645508;19,799999237060547;19,780000686645508;19,780000686645508;4300
2026-10-01;12:39:00;-03:00;19,790000915527344;19,799999237060547;19,780000686645508;19,780000686645508;7100
2026-10-01;12:40:00;-03:00;19,780000686645508;19,799999237060547;19,780000686645508;19,799999237060547;1500
2026-10-01;12:41:00;-03:00;19,799999237060547;19,799999237060547;19,770000457763672;19,780000686645508;7000
2026-10-01;12:42:00;-03:00;19,790000915527344;19,809999465942383;19,790000915527344;19,790000915527344;24800
2026-10-01;12:43:00;-03:00;19,799999237060547;19,809999465942383;19,780000686645508;19,790000915527344;14000
2026-10-01;12:44:00;-03:00;19,790000915527344;19,790000915527344;19,770000457763672;19,780000686645508;1900
2026-10-01;12:45:00;-03:00;19,790000915527344;19,790000915527344;19,780000686645508;19,780000686645508;1100
2026-10-01;12:46:00;-03:00;19,790000915527344;19,790000915527344;19,780000686645508;19,780000686645508;2900
2026-10-01;12:47:00;-03:00;19,790000915527344;19,799999237060547;19,780000686645508;19,790000915527344;3300
2026-10-01;12:48:00;-03:00;19,790000915527344;19,790000915527344;19,770000457763672;19,790000915527344;1655400
2026-10-01;12:49:00;-03:00;19,770000457763672;19,780000686645508;19,770000457763672;19,780000686645508;2900
2026-10-01;12:50:00;-03:00;19,770000457763672;19,780000686645508;19,760000228881836;19,760000228881836;8000
2026-10-01;12:51:00;-03:00;19,770000457763672;19,770000457763672;19,760000228881836;19,760000228881836;1300
2026-10-01;12:52:00;-03:00;19,760000228881836;19,780000686645508;19,760000228881836;19,770000457763672;7100
2026-10-01;12:53:00;-03:00;19,780000686645508;19,780000686645508;19,770000457763672;19,780000686645508;26600
2026-10-01;12:54:00;-03:00;19,780000686645508;19,790000915527344;19,780000686645508;19,780000686645508;2600
2026-10-01;12:55:00;-03:00;19,780000686645508;19,790000915527344;19,780000686645508;19,780000686645508;4400
2026-10-01;12:56:00;-03:00;19,790000915527344;19,799999237060547;19,780000686645508;19,780000686645508;6400
2026-10-01;12:57:00;-03:00;19,780000686645508;19,799999237060547;19,780000686645508;19,799999237060547;2100
2026-10-01;12:58:00;-03:00;19,790000915527344;19,799999237060547;19,780000686645508;19,780000686645508;2500
2026-10-01;12:59:00;-03:00;19,790000915527344;19,799999237060547;19,790000915527344;19,799999237060547;700
2026-10-01;13:00:00;-03:00;19,799999237060547;19,809999465942383;19,799999237060547;19,809999465942383;3100
2026-10-01;13:01:00;-03:00;19,809999465942383;19,81999969482422;19,809999465942383;19,809999465942383;3200
2026-10-01;13:02:00;-03:00;19,81999969482422;19,829999923706055;19,809999465942383;19,81999969482422;18100
2026-10-01;13:03:00;-03:00;19,829999923706055;19,829999923706055;19,809999465942383;19,81999969482422;3200
2026-10-01;13:04:00;-03:00;19,81999969482422;19,829999923706055;19,809999465942383;19,829999923706055;4800
2026-10-01;13:05:00;-03:00;19,829999923706055;19,84000015258789;19,81999969482422;19,829999923706055;6200
2026-10-01;13:06:00;-03:00;19,84000015258789;19,850000381469727;19,829999923706055;19,84000015258789;1763700
2026-10-01;13:07:00;-03:00;19,84000015258789;19,850000381469727;19,829999923706055;19,84000015258789;2000
2026-10-01;13:08:00;-03:00;19,84000015258789;19,850000381469727;19,829999923706055;19,84000015258789;11900
2026-10-01;13:09:00;-03:00;19,829999923706055;19,84000015258789;19,81999969482422;19,829999923706055;10600
2026-10-01;13:10:00;-03:00;19,829999923706055;19,84000015258789;19,829999923706055;19,84000015258789;1500
2026-10-01;13:11:00;-03:00;19,829999923706055;19,850000381469727;19,829999923706055;19,850000381469727;4700
2026-10-01;13:12:00;-03:00;19,850000381469727;19,850000381469727;19,84000015258789;19,84000015258789;1700
2026-10-01;13:13:00;-03:00;19,84000015258789;19,860000610351562;19,84000015258789;19,850000381469727;5300
2026-10-01;13:14:00;-03:00;19,860000610351562;19,860000610351562;19,850000381469727;19,860000610351562;2900
2026-10-01;13:15:00;-03:00;19,850000381469727;19,860000610351562;19,850000381469727;19,860000610351562;1900
2026-10-01;13:16:00;-03:00;19,850000381469727;19,8799991607666;19,850000381469727;19,8700008392334;7400
2026-10-01;13:17:00;-03:00;19,8799991607666;19,8799991607666;19,8700008392334;19,8700008392334;2000
2026-10-01;13:18:00;-03:00;19,8799991607666;19,8799991607666;19,8700008392334;19,8700008392334;1000
2026-10-01;13:19:00;-03:00;19,8700008392334;19,8799991607666;19,860000610351562;19,8700008392334;7000
2026-10-01;13:20:00;-03:00;19,8700008392334;19,8799991607666;19,850000381469727;19,8799991607666;11800
2026-10-01;13:21:00;-03:00;19,8799991607666;19,889999389648438;19,8700008392334;19,8700008392334;4400
2026-10-01;13:22:00;-03:00;19,889999389648438;19,899999618530273;19,8700008392334;19,899999618530273;6100
2026-10-01;13:23:00;-03:00;19,889999389648438;19,899999618530273;19,8799991607666;19,899999618530273;3100
2026-10-01;13:24:00;-03:00;19,899999618530273;19,90999984741211;19,8799991607666;19,899999618530273;16200
2026-10-01;13:25:00;-03:00;19,899999618530273;19,90999984741211;19,889999389648438;19,899999618530273;8000
2026-10-01;13:26:00;-03:00;19,90999984741211;19,90999984741211;19,889999389648438;19,90999984741211;4000
2026-10-01;13:27:00;-03:00;19,899999618530273;19,90999984741211;19,889999389648438;19,889999389648438;5700
2026-10-01;13:28:00;-03:00;19,899999618530273;19,899999618530273;19,8799991607666;19,899999618530273;2800
2026-10-01;13:29:00;-03:00;19,899999618530273;19,90999984741211;19,889999389648438;19,889999389648438;10000
2026-10-01;13:30:00;-03:00;19,899999618530273;19,920000076293945;19,889999389648438;19,90999984741211;30300
2026-10-01;13:31:00;-03:00;19,920000076293945;19,920000076293945;19,90999984741211;19,920000076293945;1900
2026-10-01;13:32:00;-03:00;19,90999984741211;19,90999984741211;19,899999618530273;19,90999984741211;9300
2026-10-01;13:33:00;-03:00;19,90999984741211;19,93000030517578;19,90999984741211;19,920000076293945;4100
2026-10-01;13:34:00;-03:00;19,93000030517578;19,93000030517578;19,920000076293945;19,93000030517578;1200
2026-10-01;13:35:00;-03:00;19,920000076293945;19,93000030517578;19,90999984741211;19,920000076293945;5600
2026-10-01;13:36:00;-03:00;19,90999984741211;19,90999984741211;19,889999389648438;19,90999984741211;7000
2026-10-01;13:37:00;-03:00;19,899999618530273;19,899999618530273;19,8799991607666;19,889999389648438;2500
2026-10-01;13:38:00;-03:00;19,899999618530273;19,899999618530273;19,8799991607666;19,8799991607666;3200
2026-10-01;13:39:00;-03:00;19,899999618530273;19,899999618530273;19,889999389648438;19,899999618530273;1500
2026-10-01;13:40:00;-03:00;19,899999618530273;19,90999984741211;19,899999618530273;19,899999618530273;5800
2026-10-01;13:41:00;-03:00;19,90999984741211;19,90999984741211;19,889999389648438;19,889999389648438;5600
2026-10-01;13:42:00;-03:00;19,899999618530273;19,899999618530273;19,889999389648438;19,889999389648438;900
2026-10-01;13:43:00;-03:00;19,889999389648438;19,899999618530273;19,889999389648438;19,889999389648438;1000
2026-10-01;13:44:00;-03:00;19,899999618530273;19,899999618530273;19,889999389648438;19,889999389648438;3500
2026-10-01;13:45:00;-03:00;19,899999618530273;19,920000076293945;19,889999389648438;19,899999618530273;6500
2026-10-01;13:46:00;-03:00;19,90999984741211;19,90999984741211;19,899999618530273;19,899999618530273;200
2026-10-01;13:47:00;-03:00;19,90999984741211;19,90999984741211;19,889999389648438;19,899999618530273;3700
2026-10-01;13:48:00;-03:00;19,899999618530273;19,899999618530273;19,889999389648438;19,889999389648438;1100
2026-10-01;13:49:00;-03:00;19,899999618530273;19,899999618530273;19,889999389648438;19,889999389648438;1200
2026-10-01;13:50:00;-03:00;19,899999618530273;19,899999618530273;19,8799991607666;19,8799991607666;2200
2026-10-01;13:51:00;-03:00;19,8799991607666;19,8799991607666;19,860000610351562;19,8700008392334;1200
2026-10-01;13:52:00;-03:00;19,8799991607666;19,8799991607666;19,8700008392334;19,8799991607666;3300
2026-10-01;13:53:00;-03:00;19,8799991607666;19,8799991607666;19,8700008392334;19,8700008392334;1100
2026-10-01;13:54:00;-03:00;19,8799991607666;19,8799991607666;19,8700008392334;19,8700008392334;1500
2026-10-01;13:55:00;-03:00;19,8799991607666;19,8799991607666;19,860000610351562;19,8700008392334;5400
2026-10-01;13:56:00;-03:00;19,860000610351562;19,8799991607666;19,860000610351562;19,8700008392334;1600
2026-10-01;13:57:00;-03:00;19,860000610351562;19,8700008392334;19,860000610351562;19,8700008392334;800
2026-10-01;13:58:00;-03:00;19,8700008392334;19,889999389648438;19,8700008392334;19,8799991607666;4600
2026-10-01;13:59:00;-03:00;19,8700008392334;19,8799991607666;19,8700008392334;19,8799991607666;400
2026-10-01;14:00:00;-03:00;19,8700008392334;19,8799991607666;19,8700008392334;19,8799991607666;12500
2026-10-01;14:01:00;-03:00;19,8700008392334;19,8799991607666;19,860000610351562;19,8799991607666;3500
2026-10-01;14:02:00;-03:00;19,889999389648438;19,90999984741211;19,889999389648438;19,899999618530273;5600
2026-10-01;14:03:00;-03:00;19,899999618530273;19,899999618530273;19,8799991607666;19,8799991607666;2800
2026-10-01;14:04:00;-03:00;19,8799991607666;19,899999618530273;19,8799991607666;19,889999389648438;4200
2026-10-01;14:05:00;-03:00;19,899999618530273;19,899999618530273;19,889999389648438;19,899999618530273;3600
2026-10-01;14:06:00;-03:00;19,899999618530273;19,899999618530273;19,889999389648438;19,899999618530273;2100
2026-10-01;14:07:00;-03:00;19,899999618530273;19,899999618530273;19,899999618530273;19,899999618530273;2600
2026-10-01;14:08:00;-03:00;19,889999389648438;19,90999984741211;19,889999389648438;19,90999984741211;800
2026-10-01;14:09:00;-03:00;19,90999984741211;19,90999984741211;19,899999618530273;19,899999618530273;600
2026-10-01;14:10:00;-03:00;19,90999984741211;19,90999984741211;19,899999618530273;19,90999984741211;1200
2026-10-01;14:11:00;-03:00;19,899999618530273;19,90999984741211;19,889999389648438;19,899999618530273;1900
2026-10-01;14:12:00;-03:00;19,90999984741211;19,90999984741211;19,889999389648438;19,899999618530273;1400
2026-10-01;14:13:00;-03:00;19,899999618530273;19,90999984741211;19,889999389648438;19,899999618530273;4700
2026-10-01;14:14:00;-03:00;19,899999618530273;19,90999984741211;19,899999618530273;19,899999618530273;2800
2026-10-01;14:15:00;-03:00;19,889999389648438;19,899999618530273;19,889999389648438;19,899999618530273;400
2026-10-01;14:16:00;-03:00;19,899999618530273;19,90999984741211;19,899999618530273;19,899999618530273;4600
2026-10-01;14:17:00;-03:00;19,90999984741211;19,90999984741211;19,889999389648438;19,899999618530273;2200
2026-10-01;14:18:00;-03:00;19,90999984741211;19,920000076293945;19,90999984741211;19,90999984741211;1100
2026-10-01;14:19:00;-03:00;19,90999984741211;19,920000076293945;19,899999618530273;19,90999984741211;8500
2026-10-01;14:20:00;-03:00;19,920000076293945;19,93000030517578;19,920000076293945;19,920000076293945;10200
2026-10-01;14:21:00;-03:00;19,93000030517578;19,93000030517578;19,90999984741211;19,90999984741211;800
2026-10-01;14:22:00;-03:00;19,90999984741211;19,920000076293945;19,899999618530273;19,90999984741211;8700
2026-10-01;14:23:00;-03:00;19,90999984741211;19,90999984741211;19,899999618530273;19,90999984741211;32500
2026-10-01;14:24:00;-03:00;19,90999984741211;19,90999984741211;19,889999389648438;19,899999618530273;4900
2026-10-01;14:25:00;-03:00;19,90999984741211;19,920000076293945;19,90999984741211;19,90999984741211;8600
2026-10-01;14:26:00;-03:00;19,920000076293945;19,920000076293945;19,90999984741211;19,920000076293945;4100
2026-10-01;14:27:00;-03:00;19,90999984741211;19,920000076293945;19,90999984741211;19,920000076293945;800
2026-10-01;14:28:00;-03:00;19,90999984741211;19,90999984741211;19,899999618530273;19,90999984741211;10400
2026-10-01;14:29:00;-03:00;19,899999618530273;19,90999984741211;19,899999618530273;19,899999618530273;1100
2026-10-01;14:30:00;-03:00;19,90999984741211;19,940000534057617;19,90999984741211;19,93000030517578;23800
2026-10-01;14:31:00;-03:00;19,93000030517578;19,93000030517578;19,90999984741211;19,93000030517578;8200
2026-10-01;14:32:00;-03:00;19,93000030517578;19,93000030517578;19,90999984741211;19,920000076293945;5800
2026-10-01;14:33:00;-03:00;19,920000076293945;19,920000076293945;19,90999984741211;19,920000076293945;900
2026-10-01;14:34:00;-03:00;19,90999984741211;19,920000076293945;19,90999984741211;19,90999984741211;1700
2026-10-01;14:35:00;-03:00;19,920000076293945;19,920000076293945;19,90999984741211;19,90999984741211;1700
2026-10-01;14:36:00;-03:00;19,940000534057617;19,940000534057617;19,90999984741211;19,940000534057617;12200
2026-10-01;14:37:00;-03:00;19,940000534057617;19,950000762939453;19,940000534057617;19,950000762939453;6400
2026-10-01;14:38:00;-03:00;19,940000534057617;19,950000762939453;19,940000534057617;19,950000762939453;1300
2026-10-01;14:39:00;-03:00;19,950000762939453;19,950000762939453;19,940000534057617;19,950000762939453;2500
2026-10-01;14:40:00;-03:00;19,950000762939453;19,950000762939453;19,940000534057617;19,950000762939453;4600
2026-10-01;14:41:00;-03:00;19,940000534057617;19,950000762939453;19,93000030517578;19,93000030517578;2100
2026-10-01;14:42:00;-03:00;19,940000534057617;19,940000534057617;19,93000030517578;19,940000534057617;2300
2026-10-01;14:43:00;-03:00;19,940000534057617;19,950000762939453;19,940000534057617;19,950000762939453;4200
2026-10-01;14:44:00;-03:00;19,950000762939453;19,950000762939453;19,940000534057617;19,940000534057617;1400
2026-10-01;14:45:00;-03:00;19,950000762939453;19,950000762939453;19,93000030517578;19,93000030517578;3100
2026-10-01;14:46:00;-03:00;19,940000534057617;19,940000534057617;19,920000076293945;19,940000534057617;6600
2026-10-01;14:47:00;-03:00;19,940000534057617;19,940000534057617;19,93000030517578;19,940000534057617;1800
2026-10-01;14:48:00;-03:00;19,940000534057617;19,940000534057617;19,920000076293945;19,93000030517578;3300
2026-10-01;14:49:00;-03:00;19,93000030517578;19,93000030517578;19,920000076293945;19,93000030517578;1700
2026-10-01;14:50:00;-03:00;19,920000076293945;19,940000534057617;19,920000076293945;19,940000534057617;7000
2026-10-01;14:51:00;-03:00;19,93000030517578;19,940000534057617;19,93000030517578;19,940000534057617;2000
2026-10-01;14:52:00;-03:00;19,940000534057617;19,940000534057617;19,93000030517578;19,940000534057617;2000
2026-10-01;14:53:00;-03:00;19,940000534057617;19,940000534057617;19,93000030517578;19,940000534057617;2100
2026-10-01;14:54:00;-03:00;19,940000534057617;19,940000534057617;19,90999984741211;19,90999984741211;8200
2026-10-01;14:55:00;-03:00;19,90999984741211;19,920000076293945;19,899999618530273;19,920000076293945;8200
2026-10-01;14:56:00;-03:00;19,90999984741211;19,940000534057617;19,90999984741211;19,920000076293945;6800
2026-10-01;14:57:00;-03:00;19,920000076293945;19,920000076293945;19,899999618530273;19,899999618530273;3200
2026-10-01;14:58:00;-03:00;19,899999618530273;19,90999984741211;19,899999618530273;19,90999984741211;3300
2026-10-01;14:59:00;-03:00;19,90999984741211;19,90999984741211;19,899999618530273;19,90999984741211;1600
2026-10-01;15:00:00;-03:00;19,90999984741211;19,920000076293945;19,889999389648438;19,889999389648438;17900
2026-10-01;15:01:00;-03:00;19,889999389648438;19,899999618530273;19,889999389648438;19,899999618530273;11100
2026-10-01;15:02:00;-03:00;19,899999618530273;19,899999618530273;19,889999389648438;19,899999618530273;2600
2026-10-01;15:03:00;-03:00;19,899999618530273;19,90999984741211;19,889999389648438;19,899999618530273;1500
2026-10-01;15:04:00;-03:00;19,889999389648438;19,899999618530273;19,8799991607666;19,8799991607666;10600
2026-10-01;15:05:00;-03:00;19,8799991607666;19,889999389648438;19,8799991607666;19,889999389648438;3400
2026-10-01;15:06:00;-03:00;19,8799991607666;19,889999389648438;19,8799991607666;19,8799991607666;1300
2026-10-01;15:07:00;-03:00;19,889999389648438;19,889999389648438;19,8799991607666;19,889999389648438;3800
2026-10-01;15:08:00;-03:00;19,889999389648438;19,889999389648438;19,8700008392334;19,8799991607666;3000
2026-10-01;15:09:00;-03:00;19,889999389648438;19,889999389648438;19,8799991607666;19,889999389648438;3900
2026-10-01;15:10:00;-03:00;19,889999389648438;19,899999618530273;19,8799991607666;19,889999389648438;4100
2026-10-01;15:11:00;-03:00;19,889999389648438;19,899999618530273;19,889999389648438;19,899999618530273;1100
2026-10-01;15:12:00;-03:00;19,899999618530273;19,899999618530273;19,889999389648438;19,899999618530273;5200
2026-10-01;15:13:00;-03:00;19,899999618530273;19,90999984741211;19,889999389648438;19,889999389648438;8200
2026-10-01;15:14:00;-03:00;19,90999984741211;19,90999984741211;19,8700008392334;19,8700008392334;15800
2026-10-01;15:15:00;-03:00;19,889999389648438;19,889999389648438;19,8700008392334;19,8700008392334;2000
2026-10-01;15:16:00;-03:00;19,8799991607666;19,889999389648438;19,8700008392334;19,8799991607666;2200
2026-10-01;15:17:00;-03:00;19,889999389648438;19,889999389648438;19,8700008392334;19,8799991607666;5700
2026-10-01;15:18:00;-03:00;19,8700008392334;19,889999389648438;19,8700008392334;19,889999389648438;6800
2026-10-01;15:19:00;-03:00;19,889999389648438;19,889999389648438;19,8700008392334;19,8700008392334;5400
2026-10-01;15:20:00;-03:00;19,8700008392334;19,8799991607666;19,860000610351562;19,8700008392334;3800
2026-10-01;15:21:00;-03:00;19,8799991607666;19,8799991607666;19,8700008392334;19,8799991607666;5900
2026-10-01;15:22:00;-03:00;19,8799991607666;19,889999389648438;19,860000610351562;19,8700008392334;5000
2026-10-01;15:23:00;-03:00;19,8799991607666;19,899999618530273;19,8700008392334;19,899999618530273;4300
2026-10-01;15:24:00;-03:00;19,889999389648438;19,899999618530273;19,8799991607666;19,899999618530273;3700
2026-10-01;15:25:00;-03:00;19,889999389648438;19,889999389648438;19,8799991607666;19,8799991607666;3200
2026-10-01;15:26:00;-03:00;19,8799991607666;19,889999389648438;19,8700008392334;19,8799991607666;2300
2026-10-01;15:27:00;-03:00;19,8700008392334;19,8799991607666;19,8700008392334;19,8799991607666;2500
2026-10-01;15:28:00;-03:00;19,8700008392334;19,8799991607666;19,860000610351562;19,8799991607666;3900
2026-10-01;15:29:00;-03:00;19,8700008392334;19,8799991607666;19,8700008392334;19,8799991607666;1700
2026-10-01;15:30:00;-03:00;19,8700008392334;19,90999984741211;19,8700008392334;19,90999984741211;6400
2026-10-01;15:31:00;-03:00;19,90999984741211;19,90999984741211;19,899999618530273;19,899999618530273;2500
2026-10-01;15:32:00;-03:00;19,90999984741211;19,90999984741211;19,899999618530273;19,899999618530273;1200
2026-10-01;15:33:00;-03:00;19,90999984741211;19,90999984741211;19,899999618530273;19,90999984741211;1500
2026-10-01;15:34:00;-03:00;19,90999984741211;19,920000076293945;19,899999618530273;19,920000076293945;13100
2026-10-01;15:35:00;-03:00;19,920000076293945;19,920000076293945;19,899999618530273;19,899999618530273;2700
2026-10-01;15:36:00;-03:00;19,899999618530273;19,90999984741211;19,899999618530273;19,899999618530273;2700
2026-10-01;15:37:00;-03:00;19,90999984741211;19,90999984741211;19,899999618530273;19,899999618530273;1300
2026-10-01;15:38:00;-03:00;19,899999618530273;19,93000030517578;19,899999618530273;19,920000076293945;17400
2026-10-01;15:39:00;-03:00;19,90999984741211;19,920000076293945;19,90999984741211;19,90999984741211;1700
2026-10-01;15:40:00;-03:00;19,90999984741211;19,90999984741211;19,889999389648438;19,889999389648438;4900
2026-10-01;15:41:00;-03:00;19,889999389648438;19,90999984741211;19,889999389648438;19,899999618530273;3500
2026-10-01;15:42:00;-03:00;19,899999618530273;19,90999984741211;19,899999618530273;19,899999618530273;1600
2026-10-01;15:43:00;-03:00;19,90999984741211;19,90999984741211;19,889999389648438;19,899999618530273;2800
2026-10-01;15:44:00;-03:00;19,889999389648438;19,899999618530273;19,889999389648438;19,899999618530273;3600
2026-10-01;15:45:00;-03:00;19,899999618530273;19,899999618530273;19,889999389648438;19,899999618530273;1100
2026-10-01;15:46:00;-03:00;19,889999389648438;19,899999618530273;19,889999389648438;19,899999618530273;1500
2026-10-01;15:47:00;-03:00;19,899999618530273;19,899999618530273;19,889999389648438;19,889999389648438;2700
2026-10-01;15:48:00;-03:00;19,899999618530273;19,899999618530273;19,889999389648438;19,889999389648438;2500
2026-10-01;15:49:00;-03:00;19,889999389648438;19,899999618530273;19,889999389648438;19,889999389648438;1400
2026-10-01;15:50:00;-03:00;19,889999389648438;19,899999618530273;19,889999389648438;19,899999618530273;1700
2026-10-01;15:51:00;-03:00;19,889999389648438;19,90999984741211;19,889999389648438;19,899999618530273;10500
2026-10-01;15:52:00;-03:00;19,899999618530273;19,90999984741211;19,889999389648438;19,899999618530273;6800
2026-10-01;15:53:00;-03:00;19,889999389648438;19,90999984741211;19,889999389648438;19,90999984741211;1000
2026-10-01;15:54:00;-03:00;19,899999618530273;19,90999984741211;19,889999389648438;19,889999389648438;1600
2026-10-01;15:55:00;-03:00;19,889999389648438;19,899999618530273;19,8799991607666;19,889999389648438;9800
2026-10-01;15:56:00;-03:00;19,889999389648438;19,899999618530273;19,889999389648438;19,889999389648438;2300
2026-10-01;15:57:00;-03:00;19,889999389648438;19,899999618530273;19,889999389648438;19,889999389648438;1700
2026-10-01;15:58:00;-03:00;19,889999389648438;19,899999618530273;19,8799991607666;19,8799991607666;17100
2026-10-01;15:59:00;-03:00;19,8799991607666;19,899999618530273;19,8799991607666;19,899999618530273;19800
2026-10-01;16:00:00;-03:00;19,889999389648438;19,90999984741211;19,889999389648438;19,90999984741211;6400
2026-10-01;16:01:00;-03:00;19,90999984741211;19,90999984741211;19,889999389648438;19,90999984741211;5600
2026-10-01;16:02:00;-03:00;19,899999618530273;19,90999984741211;19,899999618530273;19,899999618530273;2500
2026-10-01;16:03:00;-03:00;19,889999389648438;19,90999984741211;19,889999389648438;19,899999618530273;1300
2026-10-01;16:04:00;-03:00;19,899999618530273;19,90999984741211;19,8799991607666;19,8799991607666;7400
2026-10-01;16:05:00;-03:00;19,889999389648438;19,899999618530273;19,8799991607666;19,899999618530273;2100
2026-10-01;16:06:00;-03:00;19,889999389648438;19,899999618530273;19,889999389648438;19,889999389648438;2200
2026-10-01;16:07:00;-03:00;19,889999389648438;19,899999618530273;19,8799991607666;19,889999389648438;4800
2026-10-01;16:08:00;-03:00;19,889999389648438;19,90999984741211;19,889999389648438;19,90999984741211;30800
2026-10-01;16:09:00;-03:00;19,90999984741211;19,90999984741211;19,899999618530273;19,899999618530273;1400
2026-10-01;16:10:00;-03:00;19,899999618530273;19,920000076293945;19,899999618530273;19,920000076293945;6900
2026-10-01;16:11:00;-03:00;19,920000076293945;19,920000076293945;19,889999389648438;19,889999389648438;14600
2026-10-01;16:12:00;-03:00;19,889999389648438;19,899999618530273;19,8799991607666;19,899999618530273;11800
2026-10-01;16:13:00;-03:00;19,889999389648438;19,899999618530273;19,889999389648438;19,899999618530273;17200
2026-10-01;16:14:00;-03:00;19,889999389648438;19,899999618530273;19,889999389648438;19,889999389648438;1100
2026-10-01;16:15:00;-03:00;19,889999389648438;19,899999618530273;19,889999389648438;19,899999618530273;2700
2026-10-01;16:16:00;-03:00;19,899999618530273;19,899999618530273;19,889999389648438;19,889999389648438;1600
2026-10-01;16:17:00;-03:00;19,899999618530273;19,899999618530273;19,8799991607666;19,8799991607666;2500
2026-10-01;16:18:00;-03:00;19,889999389648438;19,889999389648438;19,8799991607666;19,8799991607666;39900
2026-10-01;16:19:00;-03:00;19,8700008392334;19,889999389648438;19,8700008392334;19,8799991607666;1900
2026-10-01;16:20:00;-03:00;19,8700008392334;19,889999389648438;19,8700008392334;19,889999389648438;8300
2026-10-01;16:21:00;-03:00;19,889999389648438;19,899999618530273;19,8700008392334;19,899999618530273;4500
2026-10-01;16:22:00;-03:00;19,899999618530273;19,920000076293945;19,889999389648438;19,920000076293945;20000
2026-10-01;16:23:00;-03:00;19,90999984741211;19,920000076293945;19,899999618530273;19,90999984741211;5100
2026-10-01;16:24:00;-03:00;19,899999618530273;19,920000076293945;19,899999618530273;19,920000076293945;9100
2026-10-01;16:25:00;-03:00;19,920000076293945;19,920000076293945;19,90999984741211;19,920000076293945;1400
2026-10-01;16:26:00;-03:00;19,920000076293945;19,920000076293945;19,899999618530273;19,90999984741211;20800
2026-10-01;16:27:00;-03:00;19,90999984741211;19,90999984741211;19,899999618530273;19,90999984741211;6800
2026-10-01;16:28:00;-03:00;19,90999984741211;19,920000076293945;19,90999984741211;19,920000076293945;7200
2026-10-01;16:29:00;-03:00;19,920000076293945;19,920000076293945;19,90999984741211;19,920000076293945;3200
2026-10-01;16:30:00;-03:00;19,920000076293945;19,920000076293945;19,920000076293945;19,920000076293945;7400
2026-10-01;16:31:00;-03:00;19,920000076293945;19,93000030517578;19,920000076293945;19,920000076293945;6800
2026-10-01;16:32:00;-03:00;19,920000076293945;19,920000076293945;19,90999984741211;19,920000076293945;1400
2026-10-01;16:33:00;-03:00;19,920000076293945;19,920000076293945;19,920000076293945;19,920000076293945;900
2026-10-01;16:34:00;-03:00;19,920000076293945;19,93000030517578;19,90999984741211;19,920000076293945;7800
2026-10-01;16:35:00;-03:00;19,920000076293945;19,93000030517578;19,920000076293945;19,920000076293945;5300
2026-10-01;16:36:00;-03:00;19,920000076293945;19,93000030517578;19,920000076293945;19,93000030517578;2200
2026-10-01;16:37:00;-03:00;19,93000030517578;19,93000030517578;19,90999984741211;19,90999984741211;5200
2026-10-01;16:38:00;-03:00;19,920000076293945;19,93000030517578;19,90999984741211;19,920000076293945;14700
2026-10-01;16:39:00;-03:00;19,920000076293945;19,93000030517578;19,920000076293945;19,920000076293945;4700
2026-10-01;16:40:00;-03:00;19,920000076293945;19,920000076293945;19,90999984741211;19,920000076293945;1500
2026-10-01;16:41:00;-03:00;19,920000076293945;19,93000030517578;19,90999984741211;19,920000076293945;6800
2026-10-01;16:42:00;-03:00;19,920000076293945;19,93000030517578;19,920000076293945;19,93000030517578;3000
2026-10-01;16:43:00;-03:00;19,90999984741211;19,93000030517578;19,90999984741211;19,90999984741211;3100
2026-10-01;16:44:00;-03:00;19,920000076293945;19,920000076293945;19,899999618530273;19,90999984741211;12700
2026-10-01;16:45:00;-03:00;19,90999984741211;19,90999984741211;19,899999618530273;19,90999984741211;15700
2026-10-01;16:46:00;-03:00;19,90999984741211;19,920000076293945;19,90999984741211;19,920000076293945;11300
2026-10-01;16:47:00;-03:00;19,920000076293945;19,93000030517578;19,90999984741211;19,920000076293945;2600
2026-10-01;16:48:00;-03:00;19,920000076293945;19,920000076293945;19,90999984741211;19,920000076293945;3500
2026-10-01;16:49:00;-03:00;19,920000076293945;19,920000076293945;19,90999984741211;19,920000076293945;1000
2026-10-01;16:50:00;-03:00;19,920000076293945;19,920000076293945;19,90999984741211;19,920000076293945;4100
2026-10-01;16:51:00;-03:00;19,920000076293945;19,93000030517578;19,90999984741211;19,920000076293945;20300
2026-10-01;16:52:00;-03:00;19,920000076293945;19,920000076293945;19,920000076293945;19,920000076293945;300
2026-10-01;16:53:00;-03:00;19,920000076293945;19,920000076293945;19,889999389648438;19,899999618530273;46100
2026-10-01;16:54:00;-03:00;19,90999984741211;19,90999984741211;19,899999618530273;19,90999984741211;3500
2026-10-02;10:03:00;-03:00;20,049999237060547;20,1299991607666;20,040000915527344;20,1299991607666;55300
2026-10-02;10:04:00;-03:00;20,110000610351562;20,15999984741211;20,079999923706055;20,110000610351562;104300
2026-10-02;10:05:00;-03:00;20,110000610351562;20,1299991607666;20,100000381469727;20,100000381469727;60400
2026-10-02;10:06:00;-03:00;20,100000381469727;20,100000381469727;20,09000015258789;20,100000381469727;12200
2026-10-02;10:07:00;-03:00;20,09000015258789;20,09000015258789;20,010000228881836;20,059999465942383;46300
2026-10-02;10:08:00;-03:00;20,049999237060547;20,059999465942383;20,049999237060547;20,059999465942383;15700
2026-10-02;10:09:00;-03:00;20,059999465942383;20,09000015258789;20,059999465942383;20,09000015258789;3800
2026-10-02;10:10:00;-03:00;20,09000015258789;20,1200008392334;20,079999923706055;20,09000015258789;34700
2026-10-02;10:11:00;-03:00;20,100000381469727;20,209999084472656;20,100000381469727;20,18000030517578;122800
2026-10-02;10:12:00;-03:00;20,18000030517578;20,200000762939453;20,170000076293945;20,18000030517578;55000
2026-10-02;10:13:00;-03:00;20,200000762939453;20,209999084472656;20,1200008392334;20,1299991607666;47100
2026-10-02;10:14:00;-03:00;20,1200008392334;20,139999389648438;20,110000610351562;20,139999389648438;11100
2026-10-02;10:15:00;-03:00;20,1299991607666;20,139999389648438;20,1299991607666;20,1299991607666;9200
2026-10-02;10:16:00;-03:00;20,1299991607666;20,139999389648438;20,1299991607666;20,139999389648438;6500
2026-10-02;10:17:00;-03:00;20,139999389648438;20,149999618530273;20,139999389648438;20,149999618530273;700
2026-10-02;10:18:00;-03:00;20,139999389648438;20,15999984741211;20,139999389648438;20,149999618530273;38600
2026-10-02;10:19:00;-03:00;20,149999618530273;20,18000030517578;20,149999618530273;20,15999984741211;29400
2026-10-02;10:20:00;-03:00;20,149999618530273;20,15999984741211;20,139999389648438;20,149999618530273;10700
2026-10-02;10:21:00;-03:00;20,149999618530273;20,15999984741211;20,139999389648438;20,139999389648438;19100
2026-10-02;10:22:00;-03:00;20,1299991607666;20,139999389648438;20,1200008392334;20,1200008392334;10200
2026-10-02;10:23:00;-03:00;20,1200008392334;20,1299991607666;20,100000381469727;20,100000381469727;16600
2026-10-02;10:24:00;-03:00;20,110000610351562;20,110000610351562;20,110000610351562;20,110000610351562;200
2026-10-02;10:25:00;-03:00;20,110000610351562;20,110000610351562;20,079999923706055;20,079999923706055;11100
2026-10-02;10:26:00;-03:00;20,06999969482422;20,079999923706055;20,059999465942383;20,06999969482422;4200
2026-10-02;10:27:00;-03:00;20,06999969482422;20,06999969482422;20,049999237060547;20,059999465942383;12000
2026-10-02;10:28:00;-03:00;20,06999969482422;20,100000381469727;20,059999465942383;20,06999969482422;11500
2026-10-02;10:29:00;-03:00;20,06999969482422;20,100000381469727;20,06999969482422;20,100000381469727;8300
2026-10-02;10:30:00;-03:00;20,100000381469727;20,100000381469727;20,06999969482422;20,06999969482422;12800
2026-10-02;10:31:00;-03:00;20,079999923706055;20,100000381469727;20,059999465942383;20,06999969482422;106300
2026-10-02;10:32:00;-03:00;20,06999969482422;20,09000015258789;20,059999465942383;20,09000015258789;5400
2026-10-02;10:33:00;-03:00;20,09000015258789;20,100000381469727;20,079999923706055;20,079999923706055;5500
2026-10-02;10:34:00;-03:00;20,09000015258789;20,100000381469727;20,079999923706055;20,079999923706055;7400
2026-10-02;10:35:00;-03:00;20,079999923706055;20,09000015258789;20,079999923706055;20,09000015258789;3900
2026-10-02;10:36:00;-03:00;20,079999923706055;20,09000015258789;20,059999465942383;20,059999465942383;5700
2026-10-02;10:37:00;-03:00;20,06999969482422;20,100000381469727;20,06999969482422;20,06999969482422;19500
2026-10-02;10:38:00;-03:00;20,06999969482422;20,06999969482422;20,059999465942383;20,059999465942383;2600
2026-10-02;10:39:00;-03:00;20,06999969482422;20,06999969482422;20,059999465942383;20,06999969482422;1500
2026-10-02;10:40:00;-03:00;20,059999465942383;20,059999465942383;20,030000686645508;20,030000686645508;9400
2026-10-02;10:41:00;-03:00;20,040000915527344;20,049999237060547;20,030000686645508;20,040000915527344;4200
2026-10-02;10:42:00;-03:00;20,049999237060547;20,049999237060547;19,969999313354492;20,010000228881836;18100
2026-10-02;10:43:00;-03:00;20,0;20,020000457763672;19,989999771118164;19,989999771118164;19500
2026-10-02;10:44:00;-03:00;19,989999771118164;19,989999771118164;19,969999313354492;19,979999542236328;6900
2026-10-02;10:45:00;-03:00;19,989999771118164;20,0;19,989999771118164;19,989999771118164;5500
2026-10-02;10:46:00;-03:00;19,989999771118164;20,0;19,979999542236328;19,989999771118164;6700
2026-10-02;10:47:00;-03:00;19,989999771118164;20,0;19,969999313354492;19,979999542236328;8600
2026-10-02;10:48:00;-03:00;19,979999542236328;19,989999771118164;19,979999542236328;19,979999542236328;4200
2026-10-02;10:49:00;-03:00;19,979999542236328;19,979999542236328;19,940000534057617;19,940000534057617;18600
2026-10-02;10:50:00;-03:00;19,940000534057617;19,959999084472656;19,920000076293945;19,920000076293945;21400
2026-10-02;10:51:00;-03:00;19,920000076293945;19,940000534057617;19,90999984741211;19,90999984741211;10800
2026-10-02;10:52:00;-03:00;19,90999984741211;19,93000030517578;19,889999389648438;19,90999984741211;27300
2026-10-02;10:53:00;-03:00;19,90999984741211;19,90999984741211;19,8700008392334;19,8700008392334;17000
2026-10-02;10:54:00;-03:00;19,8700008392334;19,8700008392334;19,850000381469727;19,850000381469727;4600
2026-10-02;10:55:00;-03:00;19,860000610351562;19,8799991607666;19,850000381469727;19,860000610351562;15100
2026-10-02;10:56:00;-03:00;19,860000610351562;19,8799991607666;19,84000015258789;19,850000381469727;11900
2026-10-02;10:57:00;-03:00;19,850000381469727;19,889999389648438;19,850000381469727;19,8799991607666;14900
2026-10-02;10:58:00;-03:00;19,8799991607666;19,889999389648438;19,860000610351562;19,8799991607666;13000
2026-10-02;10:59:00;-03:00;19,8799991607666;19,889999389648438;19,860000610351562;19,8799991607666;9200
2026-10-02;11:00:00;-03:00;19,8700008392334;19,8799991607666;19,8700008392334;19,8799991607666;17100
2026-10-02;11:01:00;-03:00;19,8799991607666;19,90999984741211;19,8799991607666;19,90999984741211;25000
2026-10-02;11:02:00;-03:00;19,90999984741211;19,950000762939453;19,899999618530273;19,950000762939453;12400
2026-10-02;11:03:00;-03:00;19,950000762939453;19,959999084472656;19,93000030517578;19,950000762939453;8400
2026-10-02;11:04:00;-03:00;19,950000762939453;19,959999084472656;19,90999984741211;19,950000762939453;29300
2026-10-02;11:05:00;-03:00;19,940000534057617;19,940000534057617;19,93000030517578;19,940000534057617;6800
2026-10-02;11:06:00;-03:00;19,940000534057617;19,950000762939453;19,90999984741211;19,90999984741211;17700
2026-10-02;11:07:00;-03:00;19,90999984741211;19,93000030517578;19,899999618530273;19,899999618530273;10900
2026-10-02;11:08:00;-03:00;19,90999984741211;19,90999984741211;19,8700008392334;19,8700008392334;9000
2026-10-02;11:09:00;-03:00;19,8700008392334;19,889999389648438;19,8700008392334;19,889999389648438;13800
2026-10-02;11:10:00;-03:00;19,889999389648438;19,899999618530273;19,850000381469727;19,860000610351562;43900
2026-10-02;11:11:00;-03:00;19,860000610351562;19,860000610351562;19,850000381469727;19,850000381469727;9300
2026-10-02;11:12:00;-03:00;19,850000381469727;19,8799991607666;19,850000381469727;19,8700008392334;14000
2026-10-02;11:13:00;-03:00;19,8799991607666;19,899999618530273;19,8799991607666;19,889999389648438;11800
2026-10-02;11:14:00;-03:00;19,8799991607666;19,90999984741211;19,8799991607666;19,90999984741211;28000
2026-10-02;11:15:00;-03:00;19,899999618530273;19,920000076293945;19,899999618530273;19,90999984741211;11800
2026-10-02;11:16:00;-03:00;19,90999984741211;19,940000534057617;19,90999984741211;19,940000534057617;8200
2026-10-02;11:17:00;-03:00;19,940000534057617;19,950000762939453;19,93000030517578;19,940000534057617;5500
2026-10-02;11:18:00;-03:00;19,93000030517578;19,940000534057617;19,920000076293945;19,93000030517578;21500
2026-10-02;11:19:00;-03:00;19,93000030517578;19,940000534057617;19,93000030517578;19,93000030517578;4400
2026-10-02;11:20:00;-03:00;19,93000030517578;19,940000534057617;19,920000076293945;19,920000076293945;18400
2026-10-02;11:21:00;-03:00;19,920000076293945;19,940000534057617;19,90999984741211;19,90999984741211;7200
2026-10-02;11:22:00;-03:00;19,90999984741211;19,920000076293945;19,90999984741211;19,90999984741211;9400
2026-10-02;11:23:00;-03:00;19,90999984741211;19,90999984741211;19,889999389648438;19,899999618530273;17900
2026-10-02;11:24:00;-03:00;19,899999618530273;19,90999984741211;19,889999389648438;19,90999984741211;6600
2026-10-02;11:25:00;-03:00;19,899999618530273;19,90999984741211;19,899999618530273;19,90999984741211;3600
2026-10-02;11:26:00;-03:00;19,90999984741211;19,920000076293945;19,899999618530273;19,920000076293945;6900
2026-10-02;11:27:00;-03:00;19,90999984741211;19,93000030517578;19,899999618530273;19,90999984741211;8000
2026-10-02;11:28:00;-03:00;19,90999984741211;19,93000030517578;19,90999984741211;19,90999984741211;29400
2026-10-02;11:29:00;-03:00;19,90999984741211;19,920000076293945;19,899999618530273;19,90999984741211;8100
2026-10-02;11:30:00;-03:00;19,93000030517578;19,93000030517578;19,920000076293945;19,920000076293945;3700
2026-10-02;11:31:00;-03:00;19,920000076293945;19,940000534057617;19,920000076293945;19,93000030517578;4300
2026-10-02;11:32:00;-03:00;19,93000030517578;19,950000762939453;19,93000030517578;19,950000762939453;9400
2026-10-02;11:33:00;-03:00;19,950000762939453;19,950000762939453;19,93000030517578;19,940000534057617;10500
2026-10-02;11:34:00;-03:00;19,93000030517578;19,940000534057617;19,920000076293945;19,93000030517578;19200
2026-10-02;11:35:00;-03:00;19,93000030517578;19,950000762939453;19,93000030517578;19,950000762939453;8600
2026-10-02;11:36:00;-03:00;19,950000762939453;19,959999084472656;19,950000762939453;19,950000762939453;3500
2026-10-02;11:37:00;-03:00;19,959999084472656;19,979999542236328;19,959999084472656;19,969999313354492;7800
2026-10-02;11:38:00;-03:00;19,969999313354492;19,989999771118164;19,959999084472656;19,989999771118164;18300
2026-10-02;11:39:00;-03:00;19,989999771118164;20,0;19,989999771118164;19,989999771118164;6500
2026-10-02;11:40:00;-03:00;19,989999771118164;20,0;19,979999542236328;19,989999771118164;9200
2026-10-02;11:41:00;-03:00;19,989999771118164;20,0;19,989999771118164;19,989999771118164;3400
2026-10-02;11:42:00;-03:00;19,989999771118164;20,0;19,979999542236328;19,989999771118164;13200
2026-10-02;11:43:00;-03:00;19,979999542236328;19,989999771118164;19,969999313354492;19,979999542236328;7500
2026-10-02;11:44:00;-03:00;19,979999542236328;19,979999542236328;19,950000762939453;19,959999084472656;8100
2026-10-02;11:45:00;-03:00;19,950000762939453;19,969999313354492;19,940000534057617;19,950000762939453;163600
2026-10-02;11:46:00;-03:00;19,950000762939453;19,959999084472656;19,950000762939453;19,959999084472656;15000
2026-10-02;11:47:00;-03:00;19,950000762939453;19,959999084472656;19,940000534057617;19,950000762939453;9100
2026-10-02;11:48:00;-03:00;19,950000762939453;19,950000762939453;19,93000030517578;19,93000030517578;5100
2026-10-02;11:49:00;-03:00;19,93000030517578;19,940000534057617;19,920000076293945;19,940000534057617;10900
2026-10-02;11:50:00;-03:00;19,93000030517578;19,93000030517578;19,920000076293945;19,93000030517578;4400
2026-10-02;11:51:00;-03:00;19,93000030517578;19,959999084472656;19,93000030517578;19,959999084472656;10400
2026-10-02;11:52:00;-03:00;19,950000762939453;19,950000762939453;19,93000030517578;19,940000534057617;11900
2026-10-02;11:53:00;-03:00;19,940000534057617;19,940000534057617;19,920000076293945;19,920000076293945;11200
2026-10-02;11:54:00;-03:00;19,920000076293945;19,940000534057617;19,899999618530273;19,920000076293945;17300
2026-10-02;11:55:00;-03:00;19,920000076293945;19,93000030517578;19,899999618530273;19,899999618530273;14800
2026-10-02;11:56:00;-03:00;19,899999618530273;19,920000076293945;19,899999618530273;19,90999984741211;6000
2026-10-02;11:57:00;-03:00;19,90999984741211;19,920000076293945;19,90999984741211;19,920000076293945;9900
2026-10-02;11:58:00;-03:00;19,90999984741211;19,920000076293945;19,899999618530273;19,899999618530273;5700
2026-10-02;11:59:00;-03:00;19,90999984741211;19,90999984741211;19,889999389648438;19,899999618530273;24100
2026-10-02;12:00:00;-03:00;19,889999389648438;19,90999984741211;19,889999389648438;19,889999389648438;33000
2026-10-02;12:01:00;-03:00;19,899999618530273;19,899999618530273;19,860000610351562;19,8700008392334;16400
2026-10-02;12:02:00;-03:00;19,8799991607666;19,889999389648438;19,8700008392334;19,8799991607666;7700
2026-10-02;12:03:00;-03:00;19,8700008392334;19,8799991607666;19,850000381469727;19,850000381469727;5000
2026-10-02;12:04:00;-03:00;19,860000610351562;19,8700008392334;19,860000610351562;19,860000610351562;4700
2026-10-02;12:05:00;-03:00;19,8700008392334;19,8799991607666;19,8700008392334;19,8700008392334;5800
2026-10-02;12:06:00;-03:00;19,8799991607666;19,8799991607666;19,860000610351562;19,8700008392334;7100
2026-10-02;12:07:00;-03:00;19,8700008392334;19,889999389648438;19,8700008392334;19,8700008392334;7200
2026-10-02;12:08:00;-03:00;19,8700008392334;19,8799991607666;19,8700008392334;19,8700008392334;5800
2026-10-02;12:09:00;-03:00;19,8799991607666;19,889999389648438;19,8700008392334;19,8799991607666;5200
2026-10-02;12:10:00;-03:00;19,8799991607666;19,889999389648438;19,8700008392334;19,8700008392334;7500
2026-10-02;12:11:00;-03:00;19,8700008392334;19,8799991607666;19,8700008392334;19,8799991607666;8100
2026-10-02;12:12:00;-03:00;19,8799991607666;19,8799991607666;19,8700008392334;19,8700008392334;6800
2026-10-02;12:13:00;-03:00;19,8700008392334;19,8799991607666;19,8700008392334;19,8799991607666;4100
2026-10-02;12:14:00;-03:00;19,8700008392334;19,920000076293945;19,8700008392334;19,90999984741211;20200
2026-10-02;12:15:00;-03:00;19,90999984741211;19,920000076293945;19,90999984741211;19,90999984741211;4700
2026-10-02;12:16:00;-03:00;19,920000076293945;19,920000076293945;19,90999984741211;19,90999984741211;3400
2026-10-02;12:17:00;-03:00;19,90999984741211;19,93000030517578;19,90999984741211;19,93000030517578;7400
2026-10-02;12:18:00;-03:00;19,93000030517578;19,93000030517578;19,920000076293945;19,93000030517578;6300
2026-10-02;12:19:00;-03:00;19,93000030517578;19,940000534057617;19,920000076293945;19,93000030517578;9600
2026-10-02;12:20:00;-03:00;19,93000030517578;19,93000030517578;19,920000076293945;19,920000076293945;3800
2026-10-02;12:21:00;-03:00;19,920000076293945;19,940000534057617;19,920000076293945;19,93000030517578;5700
2026-10-02;12:22:00;-03:00;19,93000030517578;19,93000030517578;19,920000076293945;19,920000076293945;9200
2026-10-02;12:23:00;-03:00;19,920000076293945;19,93000030517578;19,889999389648438;19,889999389648438;16200
2026-10-02;12:24:00;-03:00;19,889999389648438;19,899999618530273;19,8799991607666;19,899999618530273;7100
2026-10-02;12:25:00;-03:00;19,899999618530273;19,899999618530273;19,8700008392334;19,889999389648438;8300
2026-10-02;12:26:00;-03:00;19,889999389648438;19,899999618530273;19,889999389648438;19,899999618530273;3200
2026-10-02;12:27:00;-03:00;19,889999389648438;19,90999984741211;19,889999389648438;19,899999618530273;8600
2026-10-02;12:28:00;-03:00;19,899999618530273;19,899999618530273;19,889999389648438;19,889999389648438;7200
2026-10-02;12:29:00;-03:00;19,889999389648438;19,899999618530273;19,8799991607666;19,889999389648438;7900
2026-10-02;12:30:00;-03:00;19,889999389648438;19,899999618530273;19,889999389648438;19,889999389648438;3600
2026-10-02;12:31:00;-03:00;19,889999389648438;19,899999618530273;19,889999389648438;19,899999618530273;4100
2026-10-02;12:32:00;-03:00;19,889999389648438;19,90999984741211;19,889999389648438;19,90999984741211;11900
2026-10-02;12:33:00;-03:00;19,899999618530273;19,90999984741211;19,899999618530273;19,899999618530273;4000
2026-10-02;12:34:00;-03:00;19,899999618530273;19,90999984741211;19,899999618530273;19,899999618530273;4700
2026-10-02;12:35:00;-03:00;19,899999618530273;19,920000076293945;19,899999618530273;19,90999984741211;8700
2026-10-02;12:36:00;-03:00;19,90999984741211;19,920000076293945;19,899999618530273;19,920000076293945;9900
2026-10-02;12:37:00;-03:00;19,90999984741211;19,920000076293945;19,899999618530273;19,90999984741211;5600
2026-10-02;12:38:00;-03:00;19,90999984741211;19,90999984741211;19,899999618530273;19,899999618530273;11600
2026-10-02;12:39:00;-03:00;19,899999618530273;19,920000076293945;19,899999618530273;19,90999984741211;8600
2026-10-02;12:40:00;-03:00;19,90999984741211;19,920000076293945;19,90999984741211;19,90999984741211;3800
2026-10-02;12:41:00;-03:00;19,90999984741211;19,920000076293945;19,899999618530273;19,899999618530273;15000
2026-10-02;12:42:00;-03:00;19,899999618530273;19,90999984741211;19,889999389648438;19,889999389648438;8700
2026-10-02;12:43:00;-03:00;19,889999389648438;19,90999984741211;19,889999389648438;19,889999389648438;4500
2026-10-02;12:44:00;-03:00;19,889999389648438;19,90999984741211;19,889999389648438;19,899999618530273;7000
2026-10-02;12:45:00;-03:00;19,90999984741211;19,93000030517578;19,899999618530273;19,90999984741211;27000
2026-10-02;12:46:00;-03:00;19,90999984741211;19,90999984741211;19,899999618530273;19,899999618530273;9300
2026-10-02;12:47:00;-03:00;19,899999618530273;19,90999984741211;19,899999618530273;19,90999984741211;7600
2026-10-02;12:48:00;-03:00;19,90999984741211;19,920000076293945;19,899999618530273;19,90999984741211;9500
2026-10-02;12:49:00;-03:00;19,90999984741211;19,920000076293945;19,90999984741211;19,90999984741211;3600
2026-10-02;12:50:00;-03:00;19,90999984741211;19,920000076293945;19,90999984741211;19,920000076293945;4300
2026-10-02;12:51:00;-03:00;19,90999984741211;19,920000076293945;19,90999984741211;19,920000076293945;4700
2026-10-02;12:52:00;-03:00;19,90999984741211;19,920000076293945;19,899999618530273;19,90999984741211;8600
2026-10-02;12:53:00;-03:00;19,920000076293945;19,920000076293945;19,90999984741211;19,90999984741211;6300
2026-10-02;12:54:00;-03:00;19,920000076293945;19,920000076293945;19,90999984741211;19,90999984741211;4100
2026-10-02;12:55:00;-03:00;19,90999984741211;19,93000030517578;19,90999984741211;19,93000030517578;7700
2026-10-02;12:56:00;-03:00;19,920000076293945;19,93000030517578;19,920000076293945;19,920000076293945;5600
2026-10-02;12:57:00;-03:00;19,920000076293945;19,93000030517578;19,920000076293945;19,93000030517578;3900
2026-10-02;12:58:00;-03:00;19,920000076293945;19,93000030517578;19,920000076293945;19,920000076293945;5500
2026-10-02;12:59:00;-03:00;19,93000030517578;19,93000030517578;19,920000076293945;19,920000076293945;10600
2026-10-02;13:00:00;-03:00;19,920000076293945;19,940000534057617;19,920000076293945;19,920000076293945;10600
2026-10-02;13:01:00;-03:00;19,920000076293945;19,93000030517578;19,920000076293945;19,920000076293945;4200
2026-10-02;13:02:00;-03:00;19,920000076293945;19,93000030517578;19,90999984741211;19,920000076293945;7400
2026-10-02;13:03:00;-03:00;19,920000076293945;19,93000030517578;19,920000076293945;19,93000030517578;5700
2026-10-02;13:04:00;-03:00;19,920000076293945;19,940000534057617;19,90999984741211;19,940000534057617;33500
2026-10-02;13:05:00;-03:00;19,93000030517578;19,959999084472656;19,93000030517578;19,940000534057617;28700
2026-10-02;13:06:00;-03:00;19,940000534057617;19,950000762939453;19,940000534057617;19,940000534057617;4900
2026-10-02;13:07:00;-03:00;19,950000762939453;19,959999084472656;19,940000534057617;19,950000762939453;8300
2026-10-02;13:08:00;-03:00;19,950000762939453;19,959999084472656;19,940000534057617;19,940000534057617;10000
2026-10-02;13:09:00;-03:00;19,950000762939453;19,959999084472656;19,950000762939453;19,959999084472656;7100
2026-10-02;13:10:00;-03:00;19,950000762939453;19,959999084472656;19,950000762939453;19,950000762939453;4800
2026-10-02;13:11:00;-03:00;19,950000762939453;19,959999084472656;19,93000030517578;19,93000030517578;11000
2026-10-02;13:12:00;-03:00;19,940000534057617;19,950000762939453;19,93000030517578;19,93000030517578;6300
2026-10-02;13:13:00;-03:00;19,93000030517578;19,940000534057617;19,93000030517578;19,93000030517578;6000
2026-10-02;13:14:00;-03:00;19,93000030517578;19,940000534057617;19,920000076293945;19,93000030517578;16200
2026-10-02;13:15:00;-03:00;19,93000030517578;19,950000762939453;19,93000030517578;19,950000762939453;8300
2026-10-02;13:16:00;-03:00;19,940000534057617;19,940000534057617;19,920000076293945;19,920000076293945;13200
2026-10-02;13:17:00;-03:00;19,93000030517578;19,940000534057617;19,920000076293945;19,93000030517578;5800
2026-10-02;13:18:00;-03:00;19,93000030517578;19,940000534057617;19,93000030517578;19,93000030517578;4400
2026-10-02;13:19:00;-03:00;19,940000534057617;19,940000534057617;19,93000030517578;19,93000030517578;5100
2026-10-02;13:20:00;-03:00;19,940000534057617;19,940000534057617;19,93000030517578;19,940000534057617;7600
2026-10-02;13:21:00;-03:00;19,940000534057617;19,940000534057617;19,93000030517578;19,940000534057617;9700
2026-10-02;13:22:00;-03:00;19,940000534057617;19,959999084472656;19,940000534057617;19,950000762939453;26700
2026-10-02;13:23:00;-03:00;19,950000762939453;19,959999084472656;19,950000762939453;19,959999084472656;9300
2026-10-02;13:24:00;-03:00;19,959999084472656;19,959999084472656;19,940000534057617;19,940000534057617;5700
2026-10-02;13:25:00;-03:00;19,940000534057617;19,959999084472656;19,940000534057617;19,959999084472656;6000
2026-10-02;13:26:00;-03:00;19,950000762939453;19,959999084472656;19,940000534057617;19,940000534057617;9400
2026-10-02;13:27:00;-03:00;19,940000534057617;19,969999313354492;19,940000534057617;19,959999084472656;11000
2026-10-02;13:28:00;-03:00;19,969999313354492;19,979999542236328;19,959999084472656;19,959999084472656;9000
2026-10-02;13:29:00;-03:00;19,969999313354492;19,969999313354492;19,940000534057617;19,959999084472656;5700
2026-10-02;13:30:00;-03:00;19,950000762939453;19,959999084472656;19,950000762939453;19,959999084472656;8000
2026-10-02;13:31:00;-03:00;19,950000762939453;19,959999084472656;19,950000762939453;19,959999084472656;5600
2026-10-02;13:32:00;-03:00;19,950000762939453;19,969999313354492;19,950000762939453;19,959999084472656;6600
2026-10-02;13:33:00;-03:00;19,959999084472656;19,959999084472656;19,950000762939453;19,950000762939453;15900
2026-10-02;13:34:00;-03:00;19,950000762939453;19,969999313354492;19,950000762939453;19,969999313354492;4400
2026-10-02;13:35:00;-03:00;19,959999084472656;19,979999542236328;19,959999084472656;19,959999084472656;9100
2026-10-02;13:36:00;-03:00;19,969999313354492;19,979999542236328;19,959999084472656;19,959999084472656;8500
2026-10-02;13:37:00;-03:00;19,959999084472656;19,969999313354492;19,950000762939453;19,959999084472656;9400
2026-10-02;13:38:00;-03:00;19,969999313354492;19,979999542236328;19,959999084472656;19,979999542236328;7400
2026-10-02;13:39:00;-03:00;19,979999542236328;19,989999771118164;19,969999313354492;19,979999542236328;6800
2026-10-02;13:40:00;-03:00;19,979999542236328;20,0;19,979999542236328;19,989999771118164;13600
2026-10-02;13:41:00;-03:00;19,989999771118164;20,0;19,989999771118164;19,989999771118164;5200
2026-10-02;13:42:00;-03:00;19,989999771118164;20,040000915527344;19,989999771118164;20,030000686645508;54300
2026-10-02;13:43:00;-03:00;20,030000686645508;20,030000686645508;20,0;20,010000228881836;43200
2026-10-02;13:44:00;-03:00;20,020000457763672;20,040000915527344;20,020000457763672;20,020000457763672;13400
2026-10-02;13:45:00;-03:00;20,030000686645508;20,040000915527344;20,020000457763672;20,040000915527344;11100
2026-10-02;13:46:00;-03:00;20,030000686645508;20,049999237060547;20,030000686645508;20,040000915527344;6100
2026-10-02;13:47:00;-03:00;20,040000915527344;20,049999237060547;20,030000686645508;20,030000686645508;6500
2026-10-02;13:48:00;-03:00;20,040000915527344;20,040000915527344;20,020000457763672;20,030000686645508;13800
2026-10-02;13:49:00;-03:00;20,030000686645508;20,040000915527344;20,020000457763672;20,030000686645508;8300
2026-10-02;13:50:00;-03:00;20,030000686645508;20,030000686645508;20,010000228881836;20,010000228881836;16700
2026-10-02;13:51:00;-03:00;20,020000457763672;20,020000457763672;20,010000228881836;20,020000457763672;5000
2026-10-02;13:52:00;-03:00;20,010000228881836;20,020000457763672;20,010000228881836;20,010000228881836;4600
2026-10-02;13:53:00;-03:00;20,010000228881836;20,020000457763672;20,010000228881836;20,020000457763672;46600
2026-10-02;13:54:00;-03:00;20,010000228881836;20,030000686645508;20,010000228881836;20,030000686645508;11800
2026-10-02;13:55:00;-03:00;20,030000686645508;20,030000686645508;20,020000457763672;20,030000686645508;4400
2026-10-02;13:56:00;-03:00;20,020000457763672;20,049999237060547;20,020000457763672;20,030000686645508;16200
2026-10-02;13:57:00;-03:00;20,040000915527344;20,040000915527344;20,020000457763672;20,030000686645508;23600
2026-10-02;13:58:00;-03:00;20,020000457763672;20,030000686645508;20,020000457763672;20,020000457763672;6200
2026-10-02;13:59:00;-03:00;20,030000686645508;20,030000686645508;20,010000228881836;20,020000457763672;16800
2026-10-02;14:00:00;-03:00;20,020000457763672;20,030000686645508;20,020000457763672;20,020000457763672;3100
2026-10-02;14:01:00;-03:00;20,020000457763672;20,040000915527344;20,010000228881836;20,010000228881836;30500
2026-10-02;14:02:00;-03:00;20,020000457763672;20,040000915527344;20,010000228881836;20,030000686645508;11200
2026-10-02;14:03:00;-03:00;20,040000915527344;20,040000915527344;20,030000686645508;20,030000686645508;5500
2026-10-02;14:04:00;-03:00;20,030000686645508;20,049999237060547;20,030000686645508;20,040000915527344;5800
2026-10-02;14:05:00;-03:00;20,040000915527344;20,059999465942383;20,040000915527344;20,049999237060547;29000
2026-10-02;14:06:00;-03:00;20,040000915527344;20,059999465942383;20,040000915527344;20,059999465942383;6600
2026-10-02;14:07:00;-03:00;20,059999465942383;20,059999465942383;20,049999237060547;20,059999465942383;5700
2026-10-02;14:08:00;-03:00;20,059999465942383;20,06999969482422;20,049999237060547;20,049999237060547;18700
2026-10-02;14:09:00;-03:00;20,06999969482422;20,06999969482422;20,059999465942383;20,06999969482422;8200
2026-10-02;14:10:00;-03:00;20,079999923706055;20,079999923706055;20,06999969482422;20,06999969482422;5000
2026-10-02;14:11:00;-03:00;20,079999923706055;20,079999923706055;20,06999969482422;20,06999969482422;8000
2026-10-02;14:12:00;-03:00;20,06999969482422;20,09000015258789;20,06999969482422;20,09000015258789;13100
2026-10-02;14:13:00;-03:00;20,09000015258789;20,09000015258789;20,079999923706055;20,079999923706055;11800
2026-10-02;14:14:00;-03:00;20,09000015258789;20,110000610351562;20,079999923706055;20,110000610351562;44400
2026-10-02;14:15:00;-03:00;20,100000381469727;20,110000610351562;20,100000381469727;20,110000610351562;22700
2026-10-02;14:16:00;-03:00;20,100000381469727;20,1299991607666;20,100000381469727;20,1299991607666;18500
2026-10-02;14:17:00;-03:00;20,1299991607666;20,139999389648438;20,1200008392334;20,139999389648438;28600
2026-10-02;14:18:00;-03:00;20,139999389648438;20,139999389648438;20,1200008392334;20,139999389648438;18800
2026-10-02;14:19:00;-03:00;20,1299991607666;20,139999389648438;20,1299991607666;20,139999389648438;20400
2026-10-02;14:20:00;-03:00;20,1299991607666;20,139999389648438;20,1200008392334;20,139999389648438;11400
2026-10-02;14:21:00;-03:00;20,139999389648438;20,139999389648438;20,079999923706055;20,09000015258789;44900
2026-10-02;14:22:00;-03:00;20,09000015258789;20,09000015258789;20,079999923706055;20,079999923706055;7900
2026-10-02;14:23:00;-03:00;20,079999923706055;20,09000015258789;20,06999969482422;20,079999923706055;10400
2026-10-02;14:24:00;-03:00;20,079999923706055;20,09000015258789;20,079999923706055;20,079999923706055;5500
2026-10-02;14:25:00;-03:00;20,079999923706055;20,100000381469727;20,079999923706055;20,09000015258789;17000
2026-10-02;14:26:00;-03:00;20,09000015258789;20,100000381469727;20,079999923706055;20,09000015258789;16800
2026-10-02;14:27:00;-03:00;20,09000015258789;20,09000015258789;20,06999969482422;20,06999969482422;15000
2026-10-02;14:28:00;-03:00;20,079999923706055;20,09000015258789;20,06999969482422;20,09000015258789;10500
2026-10-02;14:29:00;-03:00;20,079999923706055;20,09000015258789;20,079999923706055;20,09000015258789;4700
2026-10-02;14:30:00;-03:00;20,09000015258789;20,09000015258789;20,06999969482422;20,06999969482422;22700
2026-10-02;14:31:00;-03:00;20,079999923706055;20,09000015258789;20,06999969482422;20,079999923706055;9300
2026-10-02;14:32:00;-03:00;20,09000015258789;20,09000015258789;20,079999923706055;20,09000015258789;6500
2026-10-02;14:33:00;-03:00;20,079999923706055;20,09000015258789;20,079999923706055;20,09000015258789;11800
2026-10-02;14:34:00;-03:00;20,09000015258789;20,09000015258789;20,079999923706055;20,09000015258789;8100
2026-10-02;14:35:00;-03:00;20,09000015258789;20,1200008392334;20,09000015258789;20,110000610351562;19500
2026-10-02;14:36:00;-03:00;20,100000381469727;20,110000610351562;20,100000381469727;20,110000610351562;8600
2026-10-02;14:37:00;-03:00;20,110000610351562;20,1200008392334;20,110000610351562;20,1200008392334;13800
2026-10-02;14:38:00;-03:00;20,1200008392334;20,1200008392334;20,110000610351562;20,1200008392334;17600
2026-10-02;14:39:00;-03:00;20,110000610351562;20,1200008392334;20,110000610351562;20,1200008392334;44800
2026-10-02;14:40:00;-03:00;20,1200008392334;20,15999984741211;20,110000610351562;20,149999618530273;104700
2026-10-02;14:41:00;-03:00;20,149999618530273;20,15999984741211;20,139999389648438;20,139999389648438;12500
2026-10-02;14:42:00;-03:00;20,139999389648438;20,170000076293945;20,1299991607666;20,15999984741211;74000
2026-10-02;14:43:00;-03:00;20,170000076293945;20,18000030517578;20,15999984741211;20,18000030517578;26300
2026-10-02;14:44:00;-03:00;20,18000030517578;20,18000030517578;20,170000076293945;20,18000030517578;11100
2026-10-02;14:45:00;-03:00;20,190000534057617;20,200000762939453;20,18000030517578;20,18000030517578;19100
2026-10-02;14:46:00;-03:00;20,190000534057617;20,190000534057617;20,170000076293945;20,18000030517578;14200
2026-10-02;14:47:00;-03:00;20,18000030517578;20,18000030517578;20,170000076293945;20,18000030517578;10600
2026-10-02;14:48:00;-03:00;20,18000030517578;20,219999313354492;20,170000076293945;20,219999313354492;99600
2026-10-02;14:49:00;-03:00;20,229999542236328;20,229999542236328;20,200000762939453;20,209999084472656;26300
2026-10-02;14:50:00;-03:00;20,209999084472656;20,219999313354492;20,200000762939453;20,219999313354492;17300
2026-10-02;14:51:00;-03:00;20,219999313354492;20,239999771118164;20,209999084472656;20,239999771118164;46000
2026-10-02;14:52:00;-03:00;20,229999542236328;20,25;20,229999542236328;20,25;9100
2026-10-02;14:53:00;-03:00;20,25;20,25;20,18000030517578;20,18000030517578;56500
2026-10-02;14:54:00;-03:00;20,18000030517578;20,200000762939453;20,18000030517578;20,190000534057617;55700
2026-10-02;14:55:00;-03:00;20,200000762939453;20,200000762939453;20,190000534057617;20,200000762939453;11000
2026-10-02;14:56:00;-03:00;20,190000534057617;20,200000762939453;20,190000534057617;20,190000534057617;14400
2026-10-02;14:57:00;-03:00;20,200000762939453;20,200000762939453;20,18000030517578;20,190000534057617;16500
2026-10-02;14:58:00;-03:00;20,18000030517578;20,209999084472656;20,18000030517578;20,200000762939453;106200
2026-10-02;14:59:00;-03:00;20,190000534057617;20,209999084472656;20,190000534057617;20,200000762939453;8900
2026-10-02;15:00:00;-03:00;20,200000762939453;20,209999084472656;20,18000030517578;20,200000762939453;28800
2026-10-02;15:01:00;-03:00;20,200000762939453;20,200000762939453;20,18000030517578;20,200000762939453;17800
2026-10-02;15:02:00;-03:00;20,18000030517578;20,190000534057617;20,15999984741211;20,170000076293945;8500
2026-10-02;15:03:00;-03:00;20,15999984741211;20,18000030517578;20,149999618530273;20,15999984741211;21600
2026-10-02;15:04:00;-03:00;20,15999984741211;20,170000076293945;20,149999618530273;20,170000076293945;20400
2026-10-02;15:05:00;-03:00;20,15999984741211;20,18000030517578;20,149999618530273;20,18000030517578;25600
2026-10-02;15:06:00;-03:00;20,18000030517578;20,190000534057617;20,170000076293945;20,18000030517578;16400
2026-10-02;15:07:00;-03:00;20,190000534057617;20,200000762939453;20,18000030517578;20,18000030517578;11500
2026-10-02;15:08:00;-03:00;20,18000030517578;20,190000534057617;20,18000030517578;20,190000534057617;12100
2026-10-02;15:09:00;-03:00;20,190000534057617;20,190000534057617;20,170000076293945;20,170000076293945;12200
2026-10-02;15:10:00;-03:00;20,170000076293945;20,190000534057617;20,170000076293945;20,18000030517578;13900
2026-10-02;15:11:00;-03:00;20,18000030517578;20,190000534057617;20,18000030517578;20,190000534057617;21600
2026-10-02;15:12:00;-03:00;20,18000030517578;20,190000534057617;20,18000030517578;20,18000030517578;5500
2026-10-02;15:13:00;-03:00;20,18000030517578;20,229999542236328;20,18000030517578;20,209999084472656;156700
2026-10-02;15:14:00;-03:00;20,219999313354492;20,229999542236328;20,209999084472656;20,219999313354492;16900
2026-10-02;15:15:00;-03:00;20,219999313354492;20,239999771118164;20,219999313354492;20,229999542236328;52700
2026-10-02;15:16:00;-03:00;20,229999542236328;20,239999771118164;20,229999542236328;20,239999771118164;7100
2026-10-02;15:17:00;-03:00;20,229999542236328;20,239999771118164;20,219999313354492;20,219999313354492;14700
2026-10-02;15:18:00;-03:00;20,219999313354492;20,229999542236328;20,209999084472656;20,209999084472656;22300
2026-10-02;15:19:00;-03:00;20,219999313354492;20,229999542236328;20,209999084472656;20,219999313354492;8800
2026-10-02;15:20:00;-03:00;20,219999313354492;20,229999542236328;20,209999084472656;20,219999313354492;22300
2026-10-02;15:21:00;-03:00;20,219999313354492;20,229999542236328;20,209999084472656;20,219999313354492;23200
2026-10-02;15:22:00;-03:00;20,229999542236328;20,270000457763672;20,229999542236328;20,270000457763672;82300
2026-10-02;15:23:00;-03:00;20,270000457763672;20,309999465942383;20,270000457763672;20,309999465942383;33500
2026-10-02;15:24:00;-03:00;20,309999465942383;20,309999465942383;20,299999237060547;20,309999465942383;11600
2026-10-02;15:25:00;-03:00;20,309999465942383;20,329999923706055;20,299999237060547;20,329999923706055;32500
2026-10-02;15:26:00;-03:00;20,329999923706055;20,350000381469727;20,31999969482422;20,34000015258789;14100
2026-10-02;15:27:00;-03:00;20,34000015258789;20,34000015258789;20,31999969482422;20,34000015258789;23700
2026-10-02;15:28:00;-03:00;20,34000015258789;20,350000381469727;20,329999923706055;20,34000015258789;12600
2026-10-02;15:29:00;-03:00;20,329999923706055;20,34000015258789;20,329999923706055;20,329999923706055;7900
2026-10-02;15:30:00;-03:00;20,329999923706055;20,350000381469727;20,329999923706055;20,350000381469727;15800
2026-10-02;15:31:00;-03:00;20,350000381469727;20,3700008392334;20,350000381469727;20,360000610351562;26300
2026-10-02;15:32:00;-03:00;20,350000381469727;20,3799991607666;20,34000015258789;20,3700008392334;45600
2026-10-02;15:33:00;-03:00;20,360000610351562;20,3700008392334;20,34000015258789;20,34000015258789;13600
2026-10-02;15:34:00;-03:00;20,350000381469727;20,350000381469727;20,34000015258789;20,350000381469727;7100
2026-10-02;15:35:00;-03:00;20,34000015258789;20,350000381469727;20,329999923706055;20,350000381469727;12500
2026-10-02;15:36:00;-03:00;20,350000381469727;20,360000610351562;20,34000015258789;20,350000381469727;22400
2026-10-02;15:37:00;-03:00;20,360000610351562;20,360000610351562;20,350000381469727;20,350000381469727;8000
2026-10-02;15:38:00;-03:00;20,350000381469727;20,399999618530273;20,350000381469727;20,389999389648438;58400
2026-10-02;15:39:00;-03:00;20,389999389648438;20,389999389648438;20,3700008392334;20,3700008392334;12000
2026-10-02;15:40:00;-03:00;20,360000610351562;20,360000610351562;20,34000015258789;20,350000381469727;11100
2026-10-02;15:41:00;-03:00;20,34000015258789;20,3700008392334;20,34000015258789;20,350000381469727;11600
2026-10-02;15:42:00;-03:00;20,350000381469727;20,360000610351562;20,350000381469727;20,350000381469727;8200
2026-10-02;15:43:00;-03:00;20,360000610351562;20,3799991607666;20,360000610351562;20,3700008392334;29200
2026-10-02;15:44:00;-03:00;20,3700008392334;20,3700008392334;20,350000381469727;20,350000381469727;12600
2026-10-02;15:45:00;-03:00;20,360000610351562;20,3700008392334;20,350000381469727;20,360000610351562;16200
2026-10-02;15:46:00;-03:00;20,350000381469727;20,3799991607666;20,350000381469727;20,3700008392334;47100
2026-10-02;15:47:00;-03:00;20,3799991607666;20,3799991607666;20,360000610351562;20,360000610351562;27400
2026-10-02;15:48:00;-03:00;20,360000610351562;20,3799991607666;20,360000610351562;20,3700008392334;11500
2026-10-02;15:49:00;-03:00;20,360000610351562;20,3799991607666;20,360000610351562;20,3799991607666;15400
2026-10-02;15:50:00;-03:00;20,3799991607666;20,3799991607666;20,360000610351562;20,3799991607666;13700
2026-10-02;15:51:00;-03:00;20,3799991607666;20,389999389648438;20,3700008392334;20,3700008392334;10100
2026-10-02;15:52:00;-03:00;20,3799991607666;20,389999389648438;20,3700008392334;20,3799991607666;17600
2026-10-02;15:53:00;-03:00;20,3700008392334;20,399999618530273;20,3700008392334;20,399999618530273;22200
2026-10-02;15:54:00;-03:00;20,399999618530273;20,399999618530273;20,3799991607666;20,389999389648438;23500
2026-10-02;15:55:00;-03:00;20,3799991607666;20,399999618530273;20,3799991607666;20,389999389648438;13800
2026-10-02;15:56:00;-03:00;20,389999389648438;20,389999389648438;20,3799991607666;20,389999389648438;11100
2026-10-02;15:57:00;-03:00;20,389999389648438;20,399999618530273;20,3799991607666;20,389999389648438;16600
2026-10-02;15:58:00;-03:00;20,389999389648438;20,43000030517578;20,3799991607666;20,420000076293945;127100
2026-10-02;15:59:00;-03:00;20,43000030517578;20,440000534057617;20,420000076293945;20,420000076293945;31800
2026-10-02;16:00:00;-03:00;20,43000030517578;20,43000030517578;20,40999984741211;20,40999984741211;15400
2026-10-02;16:01:00;-03:00;20,40999984741211;20,420000076293945;20,40999984741211;20,420000076293945;4600
2026-10-02;16:02:00;-03:00;20,420000076293945;20,43000030517578;20,40999984741211;20,40999984741211;15800
2026-10-02;16:03:00;-03:00;20,420000076293945;20,479999542236328;20,40999984741211;20,469999313354492;124700
2026-10-02;16:04:00;-03:00;20,469999313354492;20,479999542236328;20,450000762939453;20,479999542236328;38100
2026-10-02;16:05:00;-03:00;20,479999542236328;20,479999542236328;20,469999313354492;20,479999542236328;47200
2026-10-02;16:06:00;-03:00;20,479999542236328;20,489999771118164;20,479999542236328;20,489999771118164;26600
2026-10-02;16:07:00;-03:00;20,479999542236328;20,5;20,479999542236328;20,489999771118164;22100
2026-10-02;16:08:00;-03:00;20,5;20,5;20,489999771118164;20,5;7500
2026-10-02;16:09:00;-03:00;20,5;20,530000686645508;20,5;20,520000457763672;27900
2026-10-02;16:10:00;-03:00;20,520000457763672;20,540000915527344;20,510000228881836;20,540000915527344;14400
2026-10-02;16:11:00;-03:00;20,540000915527344;20,549999237060547;20,530000686645508;20,540000915527344;31400
2026-10-02;16:12:00;-03:00;20,540000915527344;20,549999237060547;20,540000915527344;20,549999237060547;12300
2026-10-02;16:13:00;-03:00;20,549999237060547;20,579999923706055;20,549999237060547;20,579999923706055;23900
2026-10-02;16:14:00;-03:00;20,56999969482422;20,56999969482422;20,559999465942383;20,56999969482422;11000
2026-10-02;16:15:00;-03:00;20,56999969482422;20,56999969482422;20,540000915527344;20,549999237060547;32600
2026-10-02;16:16:00;-03:00;20,559999465942383;20,579999923706055;20,549999237060547;20,56999969482422;24700
2026-10-02;16:17:00;-03:00;20,56999969482422;20,579999923706055;20,549999237060547;20,56999969482422;6578700
2026-10-02;16:18:00;-03:00;20,56999969482422;20,56999969482422;20,549999237060547;20,56999969482422;28600
2026-10-02;16:19:00;-03:00;20,559999465942383;20,579999923706055;20,559999465942383;20,579999923706055;16400
2026-10-02;16:20:00;-03:00;20,56999969482422;20,579999923706055;20,56999969482422;20,56999969482422;22300
2026-10-02;16:21:00;-03:00;20,56999969482422;20,579999923706055;20,559999465942383;20,56999969482422;40900
2026-10-02;16:22:00;-03:00;20,56999969482422;20,600000381469727;20,559999465942383;20,600000381469727;36800
2026-10-02;16:23:00;-03:00;20,600000381469727;20,600000381469727;20,59000015258789;20,600000381469727;3200
2026-10-02;16:24:00;-03:00;20,600000381469727;20,600000381469727;20,579999923706055;20,600000381469727;21700
2026-10-02;16:25:00;-03:00;20,600000381469727;20,610000610351562;20,59000015258789;20,600000381469727;30800
2026-10-02;16:26:00;-03:00;20,600000381469727;20,6200008392334;20,56999969482422;20,579999923706055;43200
2026-10-02;16:27:00;-03:00;20,59000015258789;20,600000381469727;20,579999923706055;20,59000015258789;16900
2026-10-02;16:28:00;-03:00;20,600000381469727;20,600000381469727;20,579999923706055;20,600000381469727;15100
2026-10-02;16:29:00;-03:00;20,600000381469727;20,600000381469727;20,579999923706055;20,600000381469727;9100
2026-10-02;16:30:00;-03:00;20,600000381469727;20,610000610351562;20,579999923706055;20,600000381469727;55200
2026-10-02;16:31:00;-03:00;20,600000381469727;20,600000381469727;20,559999465942383;20,600000381469727;34100
2026-10-02;16:32:00;-03:00;20,600000381469727;20,600000381469727;20,56999969482422;20,56999969482422;22800
2026-10-02;16:33:00;-03:00;20,579999923706055;20,59000015258789;20,56999969482422;20,579999923706055;24900
2026-10-02;16:34:00;-03:00;20,579999923706055;20,600000381469727;20,56999969482422;20,579999923706055;15800
2026-10-02;16:35:00;-03:00;20,56999969482422;20,579999923706055;20,520000457763672;20,549999237060547;132600
2026-10-02;16:36:00;-03:00;20,549999237060547;20,559999465942383;20,540000915527344;20,559999465942383;11200
2026-10-02;16:37:00;-03:00;20,559999465942383;20,559999465942383;20,540000915527344;20,540000915527344;20200
2026-10-02;16:38:00;-03:00;20,530000686645508;20,549999237060547;20,520000457763672;20,540000915527344;16000
2026-10-02;16:39:00;-03:00;20,549999237060547;20,549999237060547;20,520000457763672;20,530000686645508;54100
2026-10-02;16:40:00;-03:00;20,530000686645508;20,530000686645508;20,489999771118164;20,510000228881836;62200
2026-10-02;16:41:00;-03:00;20,510000228881836;20,510000228881836;20,489999771118164;20,5;49400
2026-10-02;16:42:00;-03:00;20,5;20,5;20,469999313354492;20,469999313354492;33300
2026-10-02;16:43:00;-03:00;20,469999313354492;20,510000228881836;20,469999313354492;20,5;39400
2026-10-02;16:44:00;-03:00;20,5;20,5;20,489999771118164;20,489999771118164;16300
2026-10-02;16:45:00;-03:00;20,489999771118164;20,5;20,479999542236328;20,5;27100
2026-10-02;16:46:00;-03:00;20,5;20,540000915527344;20,489999771118164;20,530000686645508;47400
2026-10-02;16:47:00;-03:00;20,520000457763672;20,540000915527344;20,520000457763672;20,530000686645508;25400
2026-10-02;16:48:00;-03:00;20,530000686645508;20,530000686645508;20,510000228881836;20,520000457763672;19600
2026-10-02;16:49:00;-03:00;20,530000686645508;20,540000915527344;20,520000457763672;20,530000686645508;22900
2026-10-02;16:50:00;-03:00;20,530000686645508;20,549999237060547;20,520000457763672;20,530000686645508;51600
2026-10-02;16:51:00;-03:00;20,540000915527344;20,549999237060547;20,5;20,510000228881836;103400
2026-10-02;16:52:00;-03:00;20,510000228881836;20,510000228881836;20,489999771118164;20,5;29800
2026-10-02;16:53:00;-03:00;20,5;20,5;20,479999542236328;20,479999542236328;58500
2026-10-02;16:54:00;-03:00;20,5;20,510000228881836;20,450000762939453;20,510000228881836;68100
2026-10-05;10:03:00;-03:00;20,450000762939453;20,540000915527344;20,43000030517578;20,540000915527344;163400
2026-10-05;10:04:00;-03:00;20,520000457763672;20,520000457763672;20,25;20,299999237060547;163700
2026-10-05;10:05:00;-03:00;20,299999237060547;20,479999542236328;20,260000228881836;20,479999542236328;60200
2026-10-05;10:06:00;-03:00;20,469999313354492;20,540000915527344;20,309999465942383;20,309999465942383;164800
2026-10-05;10:07:00;-03:00;20,309999465942383;20,329999923706055;20,200000762939453;20,290000915527344;42300
2026-10-05;10:08:00;-03:00;20,290000915527344;20,440000534057617;20,280000686645508;20,329999923706055;86300
2026-10-05;10:09:00;-03:00;20,329999923706055;20,3799991607666;20,239999771118164;20,3700008392334;73600
2026-10-05;10:10:00;-03:00;20,3700008392334;20,479999542236328;20,25;20,469999313354492;89600
2026-10-05;10:11:00;-03:00;20,479999542236328;20,6299991607666;20,479999542236328;20,6299991607666;38600
2026-10-05;10:12:00;-03:00;20,6299991607666;20,709999084472656;20,6200008392334;20,700000762939453;86300
2026-10-05;10:13:00;-03:00;20,700000762939453;20,809999465942383;20,68000030517578;20,739999771118164;57800
2026-10-05;10:14:00;-03:00;20,739999771118164;20,8700008392334;20,739999771118164;20,8700008392334;35100
2026-10-05;10:15:00;-03:00;20,850000381469727;21,020000457763672;20,850000381469727;21,0;75300
2026-10-05;10:16:00;-03:00;21,010000228881836;21,079999923706055;21,010000228881836;21,079999923706055;28500
2026-10-05;10:17:00;-03:00;21,06999969482422;21,079999923706055;21,0;21,06999969482422;57200
2026-10-05;10:18:00;-03:00;21,059999465942383;21,06999969482422;20,989999771118164;21,030000686645508;23700
2026-10-05;10:19:00;-03:00;21,030000686645508;21,040000915527344;20,979999542236328;21,010000228881836;27700
2026-10-05;10:20:00;-03:00;21,0;21,09000015258789;21,0;21,09000015258789;44400
2026-10-05;10:21:00;-03:00;21,079999923706055;21,170000076293945;21,06999969482422;21,09000015258789;48900
2026-10-05;10:22:00;-03:00;21,09000015258789;21,100000381469727;21,079999923706055;21,09000015258789;14400
2026-10-05;10:23:00;-03:00;21,09000015258789;21,100000381469727;20,969999313354492;20,979999542236328;67200
2026-10-05;10:24:00;-03:00;20,989999771118164;21,0;20,969999313354492;20,979999542236328;8800
2026-10-05;10:25:00;-03:00;20,979999542236328;20,989999771118164;20,93000030517578;20,93000030517578;37500
2026-10-05;10:26:00;-03:00;20,93000030517578;20,940000534057617;20,850000381469727;20,920000076293945;20100
2026-10-05;10:27:00;-03:00;20,93000030517578;20,979999542236328;20,920000076293945;20,979999542236328;17300
2026-10-05;10:28:00;-03:00;20,979999542236328;20,979999542236328;20,850000381469727;20,850000381469727;22400
2026-10-05;10:29:00;-03:00;20,850000381469727;20,90999984741211;20,81999969482422;20,899999618530273;29500
2026-10-05;10:30:00;-03:00;20,8799991607666;20,90999984741211;20,84000015258789;20,8799991607666;12500
2026-10-05;10:31:00;-03:00;20,8799991607666;20,969999313354492;20,860000610351562;20,899999618530273;16900
2026-10-05;10:32:00;-03:00;20,899999618530273;20,940000534057617;20,889999389648438;20,90999984741211;8300
2026-10-05;10:33:00;-03:00;20,90999984741211;21,030000686645508;20,90999984741211;20,950000762939453;79100
2026-10-05;10:34:00;-03:00;20,950000762939453;20,969999313354492;20,940000534057617;20,969999313354492;115100
2026-10-05;10:35:00;-03:00;20,969999313354492;21,030000686645508;20,959999084472656;21,020000457763672;67000
2026-10-05;10:36:00;-03:00;21,0;21,040000915527344;20,950000762939453;20,969999313354492;51100
2026-10-05;10:37:00;-03:00;20,950000762939453;21,020000457763672;20,950000762939453;20,989999771118164;36300
2026-10-05;10:38:00;-03:00;20,989999771118164;21,139999389648438;20,989999771118164;21,1200008392334;58000
2026-10-05;10:39:00;-03:00;21,110000610351562;21,1299991607666;21,100000381469727;21,1200008392334;40700
2026-10-05;10:40:00;-03:00;21,110000610351562;21,139999389648438;21,06999969482422;21,079999923706055;40500
2026-10-05;10:41:00;-03:00;21,06999969482422;21,170000076293945;21,06999969482422;21,110000610351562;43300
2026-10-05;10:42:00;-03:00;21,110000610351562;21,190000534057617;21,110000610351562;21,190000534057617;27700
2026-10-05;10:43:00;-03:00;21,190000534057617;21,209999084472656;21,1200008392334;21,170000076293945;74100
2026-10-05;10:44:00;-03:00;21,18000030517578;21,25;21,18000030517578;21,229999542236328;111300
2026-10-05;10:45:00;-03:00;21,219999313354492;21,229999542236328;21,1299991607666;21,1299991607666;46500
2026-10-05;10:46:00;-03:00;21,1299991607666;21,139999389648438;21,100000381469727;21,139999389648438;39300
2026-10-05;10:47:00;-03:00;21,139999389648438;21,139999389648438;21,030000686645508;21,049999237060547;51400
2026-10-05;10:48:00;-03:00;21,049999237060547;21,079999923706055;21,030000686645508;21,059999465942383;98100
2026-10-05;10:49:00;-03:00;21,049999237060547;21,100000381469727;21,040000915527344;21,059999465942383;37200
2026-10-05;10:50:00;-03:00;21,059999465942383;21,1200008392334;21,059999465942383;21,100000381469727;46400
2026-10-05;10:51:00;-03:00;21,110000610351562;21,1299991607666;21,09000015258789;21,110000610351562;22900
2026-10-05;10:52:00;-03:00;21,110000610351562;21,110000610351562;21,049999237060547;21,100000381469727;24600
2026-10-05;10:53:00;-03:00;21,079999923706055;21,09000015258789;21,059999465942383;21,09000015258789;24500
2026-10-05;10:54:00;-03:00;21,06999969482422;21,079999923706055;20,969999313354492;20,979999542236328;74600
2026-10-05;10:55:00;-03:00;20,979999542236328;21,020000457763672;20,969999313354492;21,0;88800
2026-10-05;10:56:00;-03:00;21,0;21,020000457763672;20,979999542236328;20,989999771118164;118400
2026-10-05;10:57:00;-03:00;21,010000228881836;21,020000457763672;20,959999084472656;20,959999084472656;100200
2026-10-05;10:58:00;-03:00;20,950000762939453;20,969999313354492;20,8799991607666;20,889999389648438;161200
2026-10-05;10:59:00;-03:00;20,889999389648438;20,920000076293945;20,8799991607666;20,889999389648438;191900
2026-10-05;11:00:00;-03:00;20,899999618530273;20,920000076293945;20,850000381469727;20,8700008392334;85300
2026-10-05;11:01:00;-03:00;20,8700008392334;20,899999618530273;20,860000610351562;20,8700008392334;40800
2026-10-05;11:02:00;-03:00;20,8799991607666;20,889999389648438;20,84000015258789;20,8700008392334;83700
2026-10-05;11:03:00;-03:00;20,860000610351562;20,8700008392334;20,790000915527344;20,799999237060547;137600
2026-10-05;11:04:00;-03:00;20,799999237060547;20,93000030517578;20,799999237060547;20,899999618530273;76500
2026-10-05;11:05:00;-03:00;20,889999389648438;20,93000030517578;20,8700008392334;20,93000030517578;51000
2026-10-05;11:06:00;-03:00;20,93000030517578;20,959999084472656;20,90999984741211;20,920000076293945;33000
2026-10-05;11:07:00;-03:00;20,940000534057617;20,969999313354492;20,93000030517578;20,93000030517578;52800
2026-10-05;11:08:00;-03:00;20,940000534057617;21,0;20,899999618530273;20,90999984741211;100700
2026-10-05;11:09:00;-03:00;20,90999984741211;20,950000762939453;20,8799991607666;20,90999984741211;254800
2026-10-05;11:10:00;-03:00;20,920000076293945;20,920000076293945;20,860000610351562;20,920000076293945;68500
2026-10-05;11:11:00;-03:00;20,920000076293945;20,959999084472656;20,889999389648438;20,899999618530273;352800
2026-10-05;11:12:00;-03:00;20,920000076293945;20,940000534057617;20,8799991607666;20,899999618530273;110200
2026-10-05;11:13:00;-03:00;20,899999618530273;20,90999984741211;20,809999465942383;20,850000381469727;48100
2026-10-05;11:14:00;-03:00;20,84000015258789;20,899999618530273;20,829999923706055;20,899999618530273;36300
2026-10-05;11:15:00;-03:00;20,899999618530273;20,93000030517578;20,8799991607666;20,899999618530273;84600
2026-10-05;11:16:00;-03:00;20,899999618530273;20,920000076293945;20,889999389648438;20,889999389648438;58600
2026-10-05;11:17:00;-03:00;20,90999984741211;20,93000030517578;20,860000610351562;20,899999618530273;114600
2026-10-05;11:18:00;-03:00;20,899999618530273;20,920000076293945;20,84000015258789;20,850000381469727;30700
2026-10-05;11:19:00;-03:00;20,850000381469727;20,850000381469727;20,75;20,770000457763672;56100
2026-10-05;11:20:00;-03:00;20,790000915527344;20,799999237060547;20,739999771118164;20,739999771118164;43500
2026-10-05;11:21:00;-03:00;20,739999771118164;20,770000457763672;20,670000076293945;20,700000762939453;43900
2026-10-05;11:22:00;-03:00;20,700000762939453;20,75;20,649999618530273;20,739999771118164;46500
2026-10-05;11:23:00;-03:00;20,739999771118164;20,790000915527344;20,719999313354492;20,760000228881836;133300
2026-10-05;11:24:00;-03:00;20,770000457763672;20,770000457763672;20,68000030517578;20,739999771118164;99200
2026-10-05;11:25:00;-03:00;20,729999542236328;20,75;20,709999084472656;20,739999771118164;29400
2026-10-05;11:26:00;-03:00;20,729999542236328;20,780000686645508;20,729999542236328;20,75;43000
2026-10-05;11:27:00;-03:00;20,75;20,770000457763672;20,729999542236328;20,739999771118164;35700
2026-10-05;11:28:00;-03:00;20,739999771118164;20,75;20,690000534057617;20,719999313354492;80700
2026-10-05;11:29:00;-03:00;20,739999771118164;20,760000228881836;20,700000762939453;20,719999313354492;39900
2026-10-05;11:30:00;-03:00;20,719999313354492;20,760000228881836;20,68000030517578;20,709999084472656;56500
2026-10-05;11:31:00;-03:00;20,700000762939453;20,739999771118164;20,68000030517578;20,709999084472656;47800
2026-10-05;11:32:00;-03:00;20,709999084472656;20,75;20,690000534057617;20,709999084472656;44800
2026-10-05;11:33:00;-03:00;20,700000762939453;20,719999313354492;20,670000076293945;20,700000762939453;51800
2026-10-05;11:34:00;-03:00;20,709999084472656;20,729999542236328;20,65999984741211;20,690000534057617;56700
2026-10-05;11:35:00;-03:00;20,700000762939453;20,709999084472656;20,56999969482422;20,600000381469727;147300
2026-10-05;11:36:00;-03:00;20,600000381469727;20,6299991607666;20,600000381469727;20,600000381469727;60800
2026-10-05;11:37:00;-03:00;20,6200008392334;20,6200008392334;20,549999237060547;20,549999237060547;43200
2026-10-05;11:38:00;-03:00;20,559999465942383;20,579999923706055;20,549999237060547;20,559999465942383;33700
2026-10-05;11:39:00;-03:00;20,559999465942383;20,600000381469727;20,549999237060547;20,600000381469727;20000
2026-10-05;11:40:00;-03:00;20,59000015258789;20,639999389648438;20,56999969482422;20,639999389648438;67800
2026-10-05;11:41:00;-03:00;20,639999389648438;20,690000534057617;20,6200008392334;20,68000030517578;78800
2026-10-05;11:42:00;-03:00;20,68000030517578;20,68000030517578;20,6200008392334;20,6299991607666;40800
2026-10-05;11:43:00;-03:00;20,6299991607666;20,65999984741211;20,610000610351562;20,649999618530273;43600
2026-10-05;11:44:00;-03:00;20,649999618530273;20,65999984741211;20,610000610351562;20,610000610351562;43100
2026-10-05;11:45:00;-03:00;20,610000610351562;20,6200008392334;20,579999923706055;20,6200008392334;48700
2026-10-05;11:46:00;-03:00;20,6200008392334;20,649999618530273;20,610000610351562;20,639999389648438;45800
2026-10-05;11:47:00;-03:00;20,639999389648438;20,68000030517578;20,6200008392334;20,65999984741211;53700
2026-10-05;11:48:00;-03:00;20,670000076293945;20,719999313354492;20,670000076293945;20,700000762939453;73800
2026-10-05;11:49:00;-03:00;20,690000534057617;20,700000762939453;20,65999984741211;20,68000030517578;35400
2026-10-05;11:50:00;-03:00;20,690000534057617;20,739999771118164;20,690000534057617;20,719999313354492;86800
2026-10-05;11:51:00;-03:00;20,719999313354492;20,729999542236328;20,700000762939453;20,700000762939453;34900
2026-10-05;11:52:00;-03:00;20,700000762939453;20,709999084472656;20,670000076293945;20,690000534057617;38100
2026-10-05;11:53:00;-03:00;20,68000030517578;20,700000762939453;20,639999389648438;20,639999389648438;50500
2026-10-05;11:54:00;-03:00;20,639999389648438;20,639999389648438;20,610000610351562;20,6200008392334;26200
2026-10-05;11:55:00;-03:00;20,610000610351562;20,6299991607666;20,600000381469727;20,6200008392334;53600
2026-10-05;11:56:00;-03:00;20,6200008392334;20,639999389648438;20,600000381469727;20,600000381469727;40500
2026-10-05;11:57:00;-03:00;20,600000381469727;20,600000381469727;20,549999237060547;20,56999969482422;22200
2026-10-05;11:58:00;-03:00;20,56999969482422;20,56999969482422;20,469999313354492;20,5;52200
2026-10-05;11:59:00;-03:00;20,489999771118164;20,549999237060547;20,459999084472656;20,510000228881836;54700
2026-10-05;12:00:00;-03:00;20,510000228881836;20,530000686645508;20,479999542236328;20,530000686645508;36100
2026-10-05;12:01:00;-03:00;20,520000457763672;20,540000915527344;20,5;20,530000686645508;27800
2026-10-05;12:02:00;-03:00;20,549999237060547;20,59000015258789;20,540000915527344;20,579999923706055;32300
2026-10-05;12:03:00;-03:00;20,579999923706055;20,639999389648438;20,579999923706055;20,639999389648438;1591800
2026-10-05;12:04:00;-03:00;20,649999618530273;20,68000030517578;20,6299991607666;20,68000030517578;26100
2026-10-05;12:05:00;-03:00;20,670000076293945;20,690000534057617;20,59000015258789;20,600000381469727;143900
2026-10-05;12:06:00;-03:00;20,59000015258789;20,59000015258789;20,520000457763672;20,520000457763672;95200
2026-10-05;12:07:00;-03:00;20,540000915527344;20,579999923706055;20,420000076293945;20,530000686645508;165300
2026-10-05;12:08:00;-03:00;20,520000457763672;20,540000915527344;20,510000228881836;20,520000457763672;42700
2026-10-05;12:09:00;-03:00;20,510000228881836;20,530000686645508;20,5;20,530000686645508;27000
2026-10-05;12:10:00;-03:00;20,530000686645508;20,549999237060547;20,5;20,530000686645508;42200
2026-10-05;12:11:00;-03:00;20,530000686645508;20,59000015258789;20,530000686645508;20,579999923706055;43800
2026-10-05;12:12:00;-03:00;20,579999923706055;20,600000381469727;20,56999969482422;20,600000381469727;27400
2026-10-05;12:13:00;-03:00;20,59000015258789;20,610000610351562;20,549999237060547;20,549999237060547;41100
2026-10-05;12:14:00;-03:00;20,559999465942383;20,56999969482422;20,540000915527344;20,56999969482422;22700
2026-10-05;12:15:00;-03:00;20,559999465942383;20,559999465942383;20,520000457763672;20,530000686645508;17400
2026-10-05;12:16:00;-03:00;20,530000686645508;20,530000686645508;20,489999771118164;20,510000228881836;50000
2026-10-05;12:17:00;-03:00;20,510000228881836;20,520000457763672;20,489999771118164;20,520000457763672;39200
2026-10-05;12:18:00;-03:00;20,510000228881836;20,530000686645508;20,489999771118164;20,530000686645508;24600
2026-10-05;12:19:00;-03:00;20,530000686645508;20,530000686645508;20,489999771118164;20,5;16000
2026-10-05;12:20:00;-03:00;20,5;20,510000228881836;20,489999771118164;20,5;83500
2026-10-05;12:21:00;-03:00;20,5;20,540000915527344;20,489999771118164;20,530000686645508;42800
2026-10-05;12:22:00;-03:00;20,530000686645508;20,530000686645508;20,5;20,520000457763672;17600
2026-10-05;12:23:00;-03:00;20,540000915527344;20,56999969482422;20,530000686645508;20,540000915527344;33300
2026-10-05;12:24:00;-03:00;20,540000915527344;20,549999237060547;20,530000686645508;20,549999237060547;15800
2026-10-05;12:25:00;-03:00;20,540000915527344;20,549999237060547;20,530000686645508;20,549999237060547;35000
2026-10-05;12:26:00;-03:00;20,540000915527344;20,579999923706055;20,540000915527344;20,559999465942383;35200
2026-10-05;12:27:00;-03:00;20,56999969482422;20,59000015258789;20,530000686645508;20,559999465942383;38700
2026-10-05;12:28:00;-03:00;20,559999465942383;20,579999923706055;20,530000686645508;20,530000686645508;42500
2026-10-05;12:29:00;-03:00;20,520000457763672;20,549999237060547;20,5;20,540000915527344;28300
2026-10-05;12:30:00;-03:00;20,540000915527344;20,56999969482422;20,520000457763672;20,520000457763672;34200
2026-10-05;12:31:00;-03:00;20,530000686645508;20,530000686645508;20,489999771118164;20,5;37400
2026-10-05;12:32:00;-03:00;20,5;20,5;20,469999313354492;20,489999771118164;88600
2026-10-05;12:33:00;-03:00;20,489999771118164;20,540000915527344;20,489999771118164;20,520000457763672;50000
2026-10-05;12:34:00;-03:00;20,520000457763672;20,530000686645508;20,489999771118164;20,5;429300
2026-10-05;12:35:00;-03:00;20,510000228881836;20,510000228881836;20,440000534057617;20,450000762939453;0
2026-10-05;12:36:00;-03:00;20,450000762939453;20,5;20,450000762939453;20,459999084472656;54300
2026-10-05;12:37:00;-03:00;20,459999084472656;20,469999313354492;20,459999084472656;20,459999084472656;20500
2026-10-05;12:38:00;-03:00;20,479999542236328;20,520000457763672;20,459999084472656;20,520000457763672;40500
2026-10-05;12:39:00;-03:00;20,530000686645508;20,530000686645508;20,479999542236328;20,479999542236328;17200
2026-10-05;12:40:00;-03:00;20,479999542236328;20,5;20,469999313354492;20,479999542236328;18500
2026-10-05;12:41:00;-03:00;20,469999313354492;20,489999771118164;20,459999084472656;20,469999313354492;40500
2026-10-05;12:42:00;-03:00;20,479999542236328;20,489999771118164;20,459999084472656;20,459999084472656;22300
2026-10-05;12:43:00;-03:00;20,459999084472656;20,479999542236328;20,450000762939453;20,469999313354492;33400
2026-10-05;12:44:00;-03:00;20,469999313354492;20,5;20,469999313354492;20,479999542236328;31400
2026-10-05;12:45:00;-03:00;20,469999313354492;20,549999237060547;20,469999313354492;20,530000686645508;61900
2026-10-05;12:46:00;-03:00;20,530000686645508;20,549999237060547;20,520000457763672;20,540000915527344;61800
2026-10-05;12:47:00;-03:00;20,530000686645508;20,549999237060547;20,510000228881836;20,540000915527344;34400
2026-10-05;12:48:00;-03:00;20,540000915527344;20,579999923706055;20,540000915527344;20,56999969482422;42200
2026-10-05;12:49:00;-03:00;20,559999465942383;20,59000015258789;20,559999465942383;20,56999969482422;28000
2026-10-05;12:50:00;-03:00;20,56999969482422;20,579999923706055;20,540000915527344;20,559999465942383;36300
2026-10-05;12:51:00;-03:00;20,559999465942383;20,59000015258789;20,540000915527344;20,59000015258789;19600
2026-10-05;12:52:00;-03:00;20,579999923706055;20,59000015258789;20,56999969482422;20,59000015258789;18400
2026-10-05;12:53:00;-03:00;20,59000015258789;20,600000381469727;20,579999923706055;20,59000015258789;34200
2026-10-05;12:54:00;-03:00;20,59000015258789;20,610000610351562;20,59000015258789;20,59000015258789;40300
2026-10-05;12:55:00;-03:00;20,59000015258789;20,600000381469727;20,559999465942383;20,59000015258789;22600
2026-10-05;12:56:00;-03:00;20,579999923706055;20,59000015258789;20,56999969482422;20,59000015258789;25400
2026-10-05;12:57:00;-03:00;20,600000381469727;20,600000381469727;20,540000915527344;20,559999465942383;129900
2026-10-05;12:58:00;-03:00;20,559999465942383;20,600000381469727;20,559999465942383;20,600000381469727;28300
2026-10-05;12:59:00;-03:00;20,59000015258789;20,610000610351562;20,59000015258789;20,59000015258789;33100
2026-10-05;13:00:00;-03:00;20,59000015258789;20,600000381469727;20,559999465942383;20,56999969482422;25200
2026-10-05;13:01:00;-03:00;20,56999969482422;20,56999969482422;20,540000915527344;20,549999237060547;24100
2026-10-05;13:02:00;-03:00;20,540000915527344;20,549999237060547;20,510000228881836;20,520000457763672;38300
2026-10-05;13:03:00;-03:00;20,520000457763672;20,530000686645508;20,420000076293945;20,43000030517578;189000
2026-10-05;13:04:00;-03:00;20,43000030517578;20,440000534057617;20,399999618530273;20,440000534057617;83300
2026-10-05;13:05:00;-03:00;20,43000030517578;20,440000534057617;20,389999389648438;20,399999618530273;54200
2026-10-05;13:06:00;-03:00;20,399999618530273;20,5;20,399999618530273;20,459999084472656;44500
2026-10-05;13:07:00;-03:00;20,459999084472656;20,469999313354492;20,440000534057617;20,450000762939453;15300
2026-10-05;13:08:00;-03:00;20,440000534057617;20,479999542236328;20,440000534057617;20,450000762939453;31900
2026-10-05;13:09:00;-03:00;20,450000762939453;20,459999084472656;20,440000534057617;20,440000534057617;11800
2026-10-05;13:10:00;-03:00;20,450000762939453;20,489999771118164;20,440000534057617;20,489999771118164;59200
2026-10-05;13:11:00;-03:00;20,489999771118164;20,540000915527344;20,489999771118164;20,510000228881836;50700
2026-10-05;13:12:00;-03:00;20,520000457763672;20,559999465942383;20,5;20,540000915527344;30100
2026-10-05;13:13:00;-03:00;20,549999237060547;20,56999969482422;20,530000686645508;20,549999237060547;42700
2026-10-05;13:14:00;-03:00;20,540000915527344;20,540000915527344;20,450000762939453;20,459999084472656;112500
2026-10-05;13:15:00;-03:00;20,459999084472656;20,469999313354492;20,440000534057617;20,450000762939453;71300
2026-10-05;13:16:00;-03:00;20,469999313354492;20,489999771118164;20,450000762939453;20,479999542236328;153800
2026-10-05;13:17:00;-03:00;20,479999542236328;20,5;20,450000762939453;20,469999313354492;154600
2026-10-05;13:18:00;-03:00;20,459999084472656;20,479999542236328;20,459999084472656;20,459999084472656;69600
2026-10-05;13:19:00;-03:00;20,469999313354492;20,479999542236328;20,450000762939453;20,469999313354492;102600
2026-10-05;13:20:00;-03:00;20,459999084472656;20,469999313354492;20,40999984741211;20,43000030517578;83800
2026-10-05;13:21:00;-03:00;20,40999984741211;20,43000030517578;20,40999984741211;20,420000076293945;16900
2026-10-05;13:22:00;-03:00;20,420000076293945;20,440000534057617;20,420000076293945;20,440000534057617;28200
2026-10-05;13:23:00;-03:00;20,440000534057617;20,479999542236328;20,420000076293945;20,450000762939453;114300
2026-10-05;13:24:00;-03:00;20,469999313354492;20,469999313354492;20,440000534057617;20,459999084472656;90700
2026-10-05;13:25:00;-03:00;20,459999084472656;20,479999542236328;20,450000762939453;20,469999313354492;42700
2026-10-05;13:26:00;-03:00;20,459999084472656;20,459999084472656;20,420000076293945;20,420000076293945;29900
2026-10-05;13:27:00;-03:00;20,420000076293945;20,420000076293945;20,389999389648438;20,399999618530273;24500
2026-10-05;13:28:00;-03:00;20,399999618530273;20,43000030517578;20,399999618530273;20,43000030517578;17700
2026-10-05;13:29:00;-03:00;20,420000076293945;20,43000030517578;20,420000076293945;20,43000030517578;35500
2026-10-05;13:30:00;-03:00;20,43000030517578;20,440000534057617;20,420000076293945;20,440000534057617;20500
2026-10-05;13:31:00;-03:00;20,43000030517578;20,450000762939453;20,420000076293945;20,450000762939453;31400
2026-10-05;13:32:00;-03:00;20,450000762939453;20,459999084472656;20,43000030517578;20,440000534057617;24500
2026-10-05;13:33:00;-03:00;20,450000762939453;20,450000762939453;20,43000030517578;20,43000030517578;9800
2026-10-05;13:34:00;-03:00;20,43000030517578;20,440000534057617;20,40999984741211;20,40999984741211;28500
2026-10-05;13:35:00;-03:00;20,40999984741211;20,43000030517578;20,40999984741211;20,43000030517578;17000
2026-10-05;13:36:00;-03:00;20,420000076293945;20,459999084472656;20,420000076293945;20,43000030517578;78500
2026-10-05;13:37:00;-03:00;20,440000534057617;20,479999542236328;20,43000030517578;20,459999084472656;57500
2026-10-05;13:38:00;-03:00;20,459999084472656;20,469999313354492;20,450000762939453;20,459999084472656;112600
2026-10-05;13:39:00;-03:00;20,469999313354492;20,479999542236328;20,440000534057617;20,459999084472656;100700
2026-10-05;13:40:00;-03:00;20,459999084472656;20,459999084472656;20,450000762939453;20,459999084472656;57100
2026-10-05;13:41:00;-03:00;20,459999084472656;20,469999313354492;20,450000762939453;20,459999084472656;24300
2026-10-05;13:42:00;-03:00;20,450000762939453;20,459999084472656;20,440000534057617;20,440000534057617;15700
2026-10-05;13:43:00;-03:00;20,440000534057617;20,450000762939453;20,40999984741211;20,420000076293945;32400
2026-10-05;13:44:00;-03:00;20,420000076293945;20,43000030517578;20,3700008392334;20,3799991607666;39300
2026-10-05;13:45:00;-03:00;20,389999389648438;20,40999984741211;20,3700008392334;20,389999389648438;24100
2026-10-05;13:46:00;-03:00;20,40999984741211;20,40999984741211;20,3799991607666;20,3799991607666;18700
2026-10-05;13:47:00;-03:00;20,3799991607666;20,399999618530273;20,360000610351562;20,360000610351562;43900
2026-10-05;13:48:00;-03:00;20,3700008392334;20,3799991607666;20,329999923706055;20,34000015258789;55600
2026-10-05;13:49:00;-03:00;20,329999923706055;20,350000381469727;20,31999969482422;20,31999969482422;28800
2026-10-05;13:50:00;-03:00;20,31999969482422;20,329999923706055;20,299999237060547;20,309999465942383;26800
2026-10-05;13:51:00;-03:00;20,309999465942383;20,34000015258789;20,299999237060547;20,34000015258789;46400
2026-10-05;13:52:00;-03:00;20,34000015258789;20,34000015258789;20,31999969482422;20,31999969482422;31400
2026-10-05;13:53:00;-03:00;20,31999969482422;20,329999923706055;20,299999237060547;20,309999465942383;27800
2026-10-05;13:54:00;-03:00;20,31999969482422;20,31999969482422;20,280000686645508;20,290000915527344;26600
2026-10-05;13:55:00;-03:00;20,290000915527344;20,309999465942383;20,270000457763672;20,299999237060547;34800
2026-10-05;13:56:00;-03:00;20,309999465942383;20,350000381469727;20,290000915527344;20,350000381469727;30100
2026-10-05;13:57:00;-03:00;20,329999923706055;20,3700008392334;20,31999969482422;20,350000381469727;31500
2026-10-05;13:58:00;-03:00;20,329999923706055;20,34000015258789;20,309999465942383;20,31999969482422;37200
2026-10-05;13:59:00;-03:00;20,309999465942383;20,329999923706055;20,299999237060547;20,31999969482422;21800
2026-10-05;14:00:00;-03:00;20,31999969482422;20,329999923706055;20,299999237060547;20,329999923706055;20000
2026-10-05;14:01:00;-03:00;20,34000015258789;20,350000381469727;20,299999237060547;20,309999465942383;53500
2026-10-05;14:02:00;-03:00;20,309999465942383;20,329999923706055;20,309999465942383;20,309999465942383;19300
2026-10-05;14:03:00;-03:00;20,309999465942383;20,31999969482422;20,280000686645508;20,299999237060547;49100
2026-10-05;14:04:00;-03:00;20,290000915527344;20,309999465942383;20,280000686645508;20,299999237060547;21900
2026-10-05;14:05:00;-03:00;20,299999237060547;20,329999923706055;20,299999237060547;20,309999465942383;24600
2026-10-05;14:06:00;-03:00;20,309999465942383;20,31999969482422;20,290000915527344;20,309999465942383;25800
2026-10-05;14:07:00;-03:00;20,299999237060547;20,31999969482422;20,290000915527344;20,31999969482422;31600
2026-10-05;14:08:00;-03:00;20,31999969482422;20,31999969482422;20,280000686645508;20,280000686645508;21600
2026-10-05;14:09:00;-03:00;20,280000686645508;20,290000915527344;20,270000457763672;20,280000686645508;9500
2026-10-05;14:10:00;-03:00;20,270000457763672;20,280000686645508;20,270000457763672;20,280000686645508;17200
2026-10-05;14:11:00;-03:00;20,290000915527344;20,299999237060547;20,270000457763672;20,280000686645508;24300
2026-10-05;14:12:00;-03:00;20,280000686645508;20,290000915527344;20,280000686645508;20,280000686645508;6000
2026-10-05;14:13:00;-03:00;20,280000686645508;20,290000915527344;20,280000686645508;20,280000686645508;12400
2026-10-05;14:14:00;-03:00;20,280000686645508;20,309999465942383;20,260000228881836;20,309999465942383;31900
2026-10-05;14:15:00;-03:00;20,309999465942383;20,309999465942383;20,299999237060547;20,309999465942383;16000
2026-10-05;14:16:00;-03:00;20,31999969482422;20,31999969482422;20,290000915527344;20,299999237060547;35700
2026-10-05;14:17:00;-03:00;20,299999237060547;20,31999969482422;20,290000915527344;20,309999465942383;24500
2026-10-05;14:18:00;-03:00;20,309999465942383;20,31999969482422;20,290000915527344;20,299999237060547;34800
2026-10-05;14:19:00;-03:00;20,299999237060547;20,309999465942383;20,299999237060547;20,299999237060547;5800
2026-10-05;14:20:00;-03:00;20,309999465942383;20,34000015258789;20,299999237060547;20,309999465942383;49300
2026-10-05;14:21:00;-03:00;20,309999465942383;20,329999923706055;20,290000915527344;20,31999969482422;16100
2026-10-05;14:22:00;-03:00;20,31999969482422;20,350000381469727;20,31999969482422;20,329999923706055;27300
2026-10-05;14:23:00;-03:00;20,329999923706055;20,360000610351562;20,329999923706055;20,350000381469727;23800
2026-10-05;14:24:00;-03:00;20,350000381469727;20,389999389648438;20,350000381469727;20,389999389648438;27100
2026-10-05;14:25:00;-03:00;20,3700008392334;20,3700008392334;20,360000610351562;20,3700008392334;8100
2026-10-05;14:26:00;-03:00;20,360000610351562;20,3700008392334;20,329999923706055;20,34000015258789;31100
2026-10-05;14:27:00;-03:00;20,34000015258789;20,34000015258789;20,31999969482422;20,329999923706055;15200
2026-10-05;14:28:00;-03:00;20,329999923706055;20,360000610351562;20,329999923706055;20,360000610351562;16200
2026-10-05;14:29:00;-03:00;20,350000381469727;20,389999389648438;20,350000381469727;20,3799991607666;26200
2026-10-05;14:30:00;-03:00;20,3700008392334;20,399999618530273;20,360000610351562;20,389999389648438;16700
2026-10-05;14:31:00;-03:00;20,389999389648438;20,440000534057617;20,3799991607666;20,420000076293945;28600
2026-10-05;14:32:00;-03:00;20,420000076293945;20,43000030517578;20,389999389648438;20,420000076293945;32400
2026-10-05;14:33:00;-03:00;20,40999984741211;20,420000076293945;20,40999984741211;20,40999984741211;7200
2026-10-05;14:34:00;-03:00;20,40999984741211;20,459999084472656;20,40999984741211;20,459999084472656;20900
2026-10-05;14:35:00;-03:00;20,450000762939453;20,459999084472656;20,399999618530273;20,40999984741211;47600
2026-10-05;14:36:00;-03:00;20,40999984741211;20,40999984741211;20,3799991607666;20,389999389648438;23100
2026-10-05;14:37:00;-03:00;20,399999618530273;20,40999984741211;20,3799991607666;20,399999618530273;22800
2026-10-05;14:38:00;-03:00;20,399999618530273;20,440000534057617;20,399999618530273;20,420000076293945;39200
2026-10-05;14:39:00;-03:00;20,40999984741211;20,43000030517578;20,40999984741211;20,43000030517578;12100
2026-10-05;14:40:00;-03:00;20,43000030517578;20,43000030517578;20,420000076293945;20,420000076293945;6800
2026-10-05;14:41:00;-03:00;20,420000076293945;20,450000762939453;20,40999984741211;20,43000030517578;34900
2026-10-05;14:42:00;-03:00;20,420000076293945;20,440000534057617;20,420000076293945;20,43000030517578;16400
2026-10-05;14:43:00;-03:00;20,43000030517578;20,440000534057617;20,420000076293945;20,440000534057617;13700
2026-10-05;14:44:00;-03:00;20,43000030517578;20,469999313354492;20,43000030517578;20,450000762939453;30300
2026-10-05;14:45:00;-03:00;20,450000762939453;20,459999084472656;20,440000534057617;20,450000762939453;16300
2026-10-05;14:46:00;-03:00;20,440000534057617;20,450000762939453;20,440000534057617;20,440000534057617;7800
2026-10-05;14:47:00;-03:00;20,440000534057617;20,450000762939453;20,43000030517578;20,440000534057617;31700
2026-10-05;14:48:00;-03:00;20,43000030517578;20,440000534057617;20,420000076293945;20,420000076293945;16200
2026-10-05;14:49:00;-03:00;20,420000076293945;20,450000762939453;20,399999618530273;20,450000762939453;30800
2026-10-05;14:50:00;-03:00;20,450000762939453;20,450000762939453;20,43000030517578;20,450000762939453;16500
2026-10-05;14:51:00;-03:00;20,440000534057617;20,440000534057617;20,43000030517578;20,440000534057617;9300
2026-10-05;14:52:00;-03:00;20,440000534057617;20,450000762939453;20,43000030517578;20,450000762939453;17200
2026-10-05;14:53:00;-03:00;20,440000534057617;20,479999542236328;20,440000534057617;20,450000762939453;30700
2026-10-05;14:54:00;-03:00;20,450000762939453;20,469999313354492;20,440000534057617;20,459999084472656;26600
2026-10-05;14:55:00;-03:00;20,459999084472656;20,469999313354492;20,440000534057617;20,450000762939453;38200
2026-10-05;14:56:00;-03:00;20,440000534057617;20,459999084472656;20,440000534057617;20,459999084472656;15200
2026-10-05;14:57:00;-03:00;20,459999084472656;20,459999084472656;20,440000534057617;20,440000534057617;13100
2026-10-05;14:58:00;-03:00;20,440000534057617;20,450000762939453;20,440000534057617;20,450000762939453;6900
2026-10-05;14:59:00;-03:00;20,440000534057617;20,469999313354492;20,440000534057617;20,450000762939453;45400
2026-10-05;15:00:00;-03:00;20,450000762939453;20,450000762939453;20,440000534057617;20,450000762939453;45500
2026-10-05;15:01:00;-03:00;20,450000762939453;20,469999313354492;20,450000762939453;20,450000762939453;18300
2026-10-05;15:02:00;-03:00;20,450000762939453;20,479999542236328;20,450000762939453;20,459999084472656;144600
2026-10-05;15:03:00;-03:00;20,450000762939453;20,459999084472656;20,450000762939453;20,459999084472656;5200
2026-10-05;15:04:00;-03:00;20,450000762939453;20,479999542236328;20,450000762939453;20,450000762939453;44200
2026-10-05;15:05:00;-03:00;20,450000762939453;20,459999084472656;20,43000030517578;20,450000762939453;42300
2026-10-05;15:06:00;-03:00;20,440000534057617;20,510000228881836;20,440000534057617;20,5;62000
2026-10-05;15:07:00;-03:00;20,5;20,530000686645508;20,5;20,520000457763672;26700
2026-10-05;15:08:00;-03:00;20,510000228881836;20,510000228881836;20,489999771118164;20,510000228881836;49900
2026-10-05;15:09:00;-03:00;20,520000457763672;20,530000686645508;20,510000228881836;20,510000228881836;13500
2026-10-05;15:10:00;-03:00;20,510000228881836;20,530000686645508;20,510000228881836;20,520000457763672;13200
2026-10-05;15:11:00;-03:00;20,520000457763672;20,530000686645508;20,5;20,520000457763672;22400
2026-10-05;15:12:00;-03:00;20,510000228881836;20,520000457763672;20,5;20,510000228881836;5600
2026-10-05;15:13:00;-03:00;20,510000228881836;20,520000457763672;20,5;20,5;14600
2026-10-05;15:14:00;-03:00;20,5;20,510000228881836;20,479999542236328;20,489999771118164;53200
2026-10-05;15:15:00;-03:00;20,5;20,520000457763672;20,5;20,520000457763672;16300
2026-10-05;15:16:00;-03:00;20,510000228881836;20,530000686645508;20,510000228881836;20,520000457763672;17700
2026-10-05;15:17:00;-03:00;20,520000457763672;20,530000686645508;20,520000457763672;20,520000457763672;5800
2026-10-05;15:18:00;-03:00;20,520000457763672;20,530000686645508;20,520000457763672;20,530000686645508;5700
2026-10-05;15:19:00;-03:00;20,520000457763672;20,559999465942383;20,520000457763672;20,549999237060547;36100
2026-10-05;15:20:00;-03:00;20,559999465942383;20,579999923706055;20,549999237060547;20,56999969482422;35500
2026-10-05;15:21:00;-03:00;20,559999465942383;20,56999969482422;20,549999237060547;20,559999465942383;25400
2026-10-05;15:22:00;-03:00;20,559999465942383;20,600000381469727;20,559999465942383;20,600000381469727;35000
2026-10-05;15:23:00;-03:00;20,600000381469727;20,610000610351562;20,549999237060547;20,559999465942383;29500
2026-10-05;15:24:00;-03:00;20,549999237060547;20,559999465942383;20,530000686645508;20,530000686645508;23400
2026-10-05;15:25:00;-03:00;20,530000686645508;20,540000915527344;20,510000228881836;20,510000228881836;15300
2026-10-05;15:26:00;-03:00;20,520000457763672;20,530000686645508;20,510000228881836;20,510000228881836;23500
2026-10-05;15:27:00;-03:00;20,5;20,520000457763672;20,5;20,510000228881836;13000
2026-10-05;15:28:00;-03:00;20,520000457763672;20,549999237060547;20,520000457763672;20,540000915527344;20500
2026-10-05;15:29:00;-03:00;20,530000686645508;20,540000915527344;20,530000686645508;20,540000915527344;12500
2026-10-05;15:30:00;-03:00;20,540000915527344;20,540000915527344;20,520000457763672;20,520000457763672;12100
2026-10-05;15:31:00;-03:00;20,520000457763672;20,530000686645508;20,510000228881836;20,520000457763672;30100
2026-10-05;15:32:00;-03:00;20,520000457763672;20,540000915527344;20,5;20,530000686645508;24600
2026-10-05;15:33:00;-03:00;20,530000686645508;20,549999237060547;20,520000457763672;20,549999237060547;17800
2026-10-05;15:34:00;-03:00;20,540000915527344;20,579999923706055;20,540000915527344;20,559999465942383;22800
2026-10-05;15:35:00;-03:00;20,559999465942383;20,579999923706055;20,559999465942383;20,579999923706055;17000
2026-10-05;15:36:00;-03:00;20,579999923706055;20,6200008392334;20,56999969482422;20,610000610351562;40000
2026-10-05;15:37:00;-03:00;20,600000381469727;20,600000381469727;20,579999923706055;20,59000015258789;29800
2026-10-05;15:38:00;-03:00;20,579999923706055;20,59000015258789;20,579999923706055;20,579999923706055;4500
2026-10-05;15:39:00;-03:00;20,579999923706055;20,610000610351562;20,579999923706055;20,600000381469727;32200
2026-10-05;15:40:00;-03:00;20,600000381469727;20,6200008392334;20,59000015258789;20,600000381469727;23300
2026-10-05;15:41:00;-03:00;20,600000381469727;20,600000381469727;20,579999923706055;20,600000381469727;11300
2026-10-05;15:42:00;-03:00;20,579999923706055;20,59000015258789;20,579999923706055;20,579999923706055;6400
2026-10-05;15:43:00;-03:00;20,579999923706055;20,600000381469727;20,579999923706055;20,600000381469727;20100
2026-10-05;15:44:00;-03:00;20,59000015258789;20,600000381469727;20,579999923706055;20,59000015258789;21800
2026-10-05;15:45:00;-03:00;20,59000015258789;20,610000610351562;20,579999923706055;20,610000610351562;20100
2026-10-05;15:46:00;-03:00;20,610000610351562;20,6200008392334;20,56999969482422;20,579999923706055;38700
2026-10-05;15:47:00;-03:00;20,579999923706055;20,610000610351562;20,579999923706055;20,600000381469727;31000
2026-10-05;15:48:00;-03:00;20,610000610351562;20,610000610351562;20,579999923706055;20,59000015258789;32300
2026-10-05;15:49:00;-03:00;20,600000381469727;20,600000381469727;20,579999923706055;20,579999923706055;9200
2026-10-05;15:50:00;-03:00;20,579999923706055;20,59000015258789;20,579999923706055;20,59000015258789;12900
2026-10-05;15:51:00;-03:00;20,579999923706055;20,600000381469727;20,579999923706055;20,579999923706055;22500
2026-10-05;15:52:00;-03:00;20,579999923706055;20,59000015258789;20,579999923706055;20,59000015258789;7400
2026-10-05;15:53:00;-03:00;20,579999923706055;20,59000015258789;20,56999969482422;20,56999969482422;21400
2026-10-05;15:54:00;-03:00;20,56999969482422;20,600000381469727;20,56999969482422;20,579999923706055;15600
2026-10-05;15:55:00;-03:00;20,59000015258789;20,600000381469727;20,56999969482422;20,59000015258789;61700
2026-10-05;15:56:00;-03:00;20,59000015258789;20,600000381469727;20,579999923706055;20,579999923706055;49300
2026-10-05;15:57:00;-03:00;20,59000015258789;20,59000015258789;20,579999923706055;20,579999923706055;5500
2026-10-05;15:58:00;-03:00;20,59000015258789;20,59000015258789;20,579999923706055;20,59000015258789;7700
2026-10-05;15:59:00;-03:00;20,579999923706055;20,600000381469727;20,579999923706055;20,579999923706055;33100
2026-10-05;16:00:00;-03:00;20,579999923706055;20,59000015258789;20,56999969482422;20,59000015258789;31000
2026-10-05;16:01:00;-03:00;20,59000015258789;20,59000015258789;20,559999465942383;20,559999465942383;25600
2026-10-05;16:02:00;-03:00;20,559999465942383;20,559999465942383;20,510000228881836;20,540000915527344;60000
2026-10-05;16:03:00;-03:00;20,540000915527344;20,559999465942383;20,540000915527344;20,540000915527344;12700
2026-10-05;16:04:00;-03:00;20,540000915527344;20,549999237060547;20,520000457763672;20,530000686645508;35300
2026-10-05;16:05:00;-03:00;20,530000686645508;20,540000915527344;20,530000686645508;20,540000915527344;10400
2026-10-05;16:06:00;-03:00;20,540000915527344;20,559999465942383;20,530000686645508;20,549999237060547;25000
2026-10-05;16:07:00;-03:00;20,540000915527344;20,549999237060547;20,530000686645508;20,540000915527344;19700
2026-10-05;16:08:00;-03:00;20,540000915527344;20,549999237060547;20,530000686645508;20,540000915527344;13200
2026-10-05;16:09:00;-03:00;20,530000686645508;20,540000915527344;20,520000457763672;20,530000686645508;13300
2026-10-05;16:10:00;-03:00;20,540000915527344;20,540000915527344;20,520000457763672;20,540000915527344;22600
2026-10-05;16:11:00;-03:00;20,530000686645508;20,559999465942383;20,530000686645508;20,549999237060547;49900
2026-10-05;16:12:00;-03:00;20,559999465942383;20,56999969482422;20,549999237060547;20,559999465942383;16300
2026-10-05;16:13:00;-03:00;20,549999237060547;20,56999969482422;20,549999237060547;20,559999465942383;18900
2026-10-05;16:14:00;-03:00;20,56999969482422;20,59000015258789;20,559999465942383;20,579999923706055;21200
2026-10-05;16:15:00;-03:00;20,579999923706055;20,59000015258789;20,56999969482422;20,59000015258789;11300
2026-10-05;16:16:00;-03:00;20,579999923706055;20,59000015258789;20,56999969482422;20,56999969482422;20200
2026-10-05;16:17:00;-03:00;20,579999923706055;20,59000015258789;20,56999969482422;20,579999923706055;24500
2026-10-05;16:18:00;-03:00;20,56999969482422;20,579999923706055;20,559999465942383;20,579999923706055;23400
2026-10-05;16:19:00;-03:00;20,579999923706055;20,579999923706055;20,549999237060547;20,56999969482422;25600
2026-10-05;16:20:00;-03:00;20,56999969482422;20,6200008392334;20,559999465942383;20,6200008392334;46100
2026-10-05;16:21:00;-03:00;20,610000610351562;20,690000534057617;20,600000381469727;20,68000030517578;720000
2026-10-05;16:22:00;-03:00;20,68000030517578;20,690000534057617;20,649999618530273;20,65999984741211;15900
2026-10-05;16:23:00;-03:00;20,649999618530273;20,700000762939453;20,649999618530273;20,670000076293945;36700
2026-10-05;16:24:00;-03:00;20,65999984741211;20,68000030517578;20,65999984741211;20,68000030517578;16300
2026-10-05;16:25:00;-03:00;20,670000076293945;20,670000076293945;20,649999618530273;20,649999618530273;26800
2026-10-05;16:26:00;-03:00;20,649999618530273;20,649999618530273;20,600000381469727;20,610000610351562;39500
2026-10-05;16:27:00;-03:00;20,610000610351562;20,639999389648438;20,600000381469727;20,639999389648438;29900
2026-10-05;16:28:00;-03:00;20,639999389648438;20,649999618530273;20,6200008392334;20,649999618530273;27300
2026-10-05;16:29:00;-03:00;20,639999389648438;20,65999984741211;20,610000610351562;20,6299991607666;42000
2026-10-05;16:30:00;-03:00;20,6299991607666;20,6299991607666;20,610000610351562;20,6200008392334;25200
2026-10-05;16:31:00;-03:00;20,610000610351562;20,6200008392334;20,579999923706055;20,579999923706055;14600
2026-10-05;16:32:00;-03:00;20,579999923706055;20,59000015258789;20,559999465942383;20,579999923706055;22700
2026-10-05;16:33:00;-03:00;20,579999923706055;20,610000610351562;20,579999923706055;20,610000610351562;14500
2026-10-05;16:34:00;-03:00;20,600000381469727;20,6299991607666;20,600000381469727;20,6200008392334;32600
2026-10-05;16:35:00;-03:00;20,6200008392334;20,649999618530273;20,6200008392334;20,6299991607666;27900
2026-10-05;16:36:00;-03:00;20,6299991607666;20,639999389648438;20,6200008392334;20,6299991607666;25600
2026-10-05;16:37:00;-03:00;20,6200008392334;20,6299991607666;20,610000610351562;20,6299991607666;57800
2026-10-05;16:38:00;-03:00;20,6200008392334;20,649999618530273;20,6200008392334;20,639999389648438;19500
2026-10-05;16:39:00;-03:00;20,6299991607666;20,639999389648438;20,6299991607666;20,639999389648438;5100
2026-10-05;16:40:00;-03:00;20,639999389648438;20,670000076293945;20,6299991607666;20,649999618530273;43700
2026-10-05;16:41:00;-03:00;20,639999389648438;20,649999618530273;20,639999389648438;20,639999389648438;11000
2026-10-05;16:42:00;-03:00;20,649999618530273;20,670000076293945;20,639999389648438;20,65999984741211;27600
2026-10-05;16:43:00;-03:00;20,65999984741211;20,670000076293945;20,65999984741211;20,65999984741211;9800
2026-10-05;16:44:00;-03:00;20,65999984741211;20,68000030517578;20,65999984741211;20,68000030517578;24400
2026-10-05;16:45:00;-03:00;20,670000076293945;20,690000534057617;20,670000076293945;20,68000030517578;36900
2026-10-05;16:46:00;-03:00;20,670000076293945;20,700000762939453;20,670000076293945;20,68000030517578;24300
2026-10-05;16:47:00;-03:00;20,670000076293945;20,690000534057617;20,65999984741211;20,690000534057617;27200
2026-10-05;16:48:00;-03:00;20,690000534057617;20,690000534057617;20,68000030517578;20,68000030517578;6500
2026-10-05;16:49:00;-03:00;20,690000534057617;20,709999084472656;20,68000030517578;20,700000762939453;33900
2026-10-05;16:50:00;-03:00;20,690000534057617;20,700000762939453;20,68000030517578;20,68000030517578;14900
2026-10-05;16:51:00;-03:00;20,690000534057617;20,709999084472656;20,670000076293945;20,670000076293945;28500
2026-10-05;16:52:00;-03:00;20,670000076293945;20,700000762939453;20,649999618530273;20,670000076293945;38600
2026-10-05;16:53:00;-03:00;20,68000030517578;20,739999771118164;20,670000076293945;20,739999771118164;60700
2026-10-05;16:54:00;-03:00;20,739999771118164;20,770000457763672;20,65999984741211;20,770000457763672;197400
2026-10-06;10:03:00;-03:00;20,649999618530273;20,889999389648438;20,649999618530273;20,889999389648438;0
2026-10-06;10:04:00;-03:00;20,889999389648438;20,989999771118164;20,8799991607666;20,940000534057617;31600
2026-10-06;10:05:00;-03:00;20,950000762939453;20,969999313354492;20,920000076293945;20,93000030517578;32800
2026-10-06;10:06:00;-03:00;20,940000534057617;20,940000534057617;20,889999389648438;20,899999618530273;15200
2026-10-06;10:07:00;-03:00;20,899999618530273;20,90999984741211;20,889999389648438;20,90999984741211;4600
2026-10-06;10:08:00;-03:00;20,90999984741211;20,989999771118164;20,90999984741211;20,989999771118164;11100
2026-10-06;10:09:00;-03:00;20,989999771118164;21,079999923706055;20,969999313354492;21,010000228881836;56600
2026-10-06;10:10:00;-03:00;21,020000457763672;21,040000915527344;20,950000762939453;21,040000915527344;41000
2026-10-06;10:11:00;-03:00;21,040000915527344;21,09000015258789;21,040000915527344;21,09000015258789;11900
2026-10-06;10:12:00;-03:00;21,079999923706055;21,09000015258789;21,049999237060547;21,06999969482422;5400
2026-10-06;10:13:00;-03:00;21,06999969482422;21,079999923706055;21,059999465942383;21,06999969482422;6200
2026-10-06;10:14:00;-03:00;21,06999969482422;21,09000015258789;21,059999465942383;21,09000015258789;22100
2026-10-06;10:15:00;-03:00;21,09000015258789;21,09000015258789;21,049999237060547;21,059999465942383;16200
2026-10-06;10:16:00;-03:00;21,059999465942383;21,09000015258789;21,059999465942383;21,06999969482422;9800
2026-10-06;10:17:00;-03:00;21,079999923706055;21,079999923706055;21,049999237060547;21,049999237060547;9000
2026-10-06;10:18:00;-03:00;21,049999237060547;21,079999923706055;21,030000686645508;21,049999237060547;26000
2026-10-06;10:19:00;-03:00;21,040000915527344;21,040000915527344;20,950000762939453;20,969999313354492;47300
2026-10-06;10:20:00;-03:00;20,969999313354492;21,010000228881836;20,959999084472656;21,010000228881836;35200
2026-10-06;10:21:00;-03:00;21,020000457763672;21,059999465942383;21,010000228881836;21,059999465942383;29400
2026-10-06;10:22:00;-03:00;21,059999465942383;21,1200008392334;21,049999237060547;21,1200008392334;49000
2026-10-06;10:23:00;-03:00;21,1299991607666;21,15999984741211;21,1200008392334;21,15999984741211;12100
2026-10-06;10:24:00;-03:00;21,15999984741211;21,18000030517578;21,149999618530273;21,170000076293945;17900
2026-10-06;10:25:00;-03:00;21,170000076293945;21,190000534057617;21,15999984741211;21,18000030517578;27300
2026-10-06;10:26:00;-03:00;21,18000030517578;21,219999313354492;21,18000030517578;21,190000534057617;43100
2026-10-06;10:27:00;-03:00;21,200000762939453;21,25;21,190000534057617;21,25;20300
2026-10-06;10:28:00;-03:00;21,239999771118164;21,270000457763672;21,229999542236328;21,270000457763672;17100
2026-10-06;10:29:00;-03:00;21,270000457763672;21,270000457763672;21,25;21,260000228881836;8000
2026-10-06;10:30:00;-03:00;21,270000457763672;21,299999237060547;21,239999771118164;21,290000915527344;38500
2026-10-06;10:31:00;-03:00;21,290000915527344;21,329999923706055;21,290000915527344;21,329999923706055;21400
2026-10-06;10:32:00;-03:00;21,31999969482422;21,329999923706055;21,25;21,260000228881836;28400
2026-10-06;10:33:00;-03:00;21,25;21,260000228881836;21,239999771118164;21,25;14600
2026-10-06;10:34:00;-03:00;21,25;21,31999969482422;21,25;21,31999969482422;22300
2026-10-06;10:35:00;-03:00;21,31999969482422;21,31999969482422;21,260000228881836;21,260000228881836;24000
2026-10-06;10:36:00;-03:00;21,280000686645508;21,299999237060547;21,239999771118164;21,239999771118164;62800
2026-10-06;10:37:00;-03:00;21,239999771118164;21,25;21,209999084472656;21,209999084472656;17500
2026-10-06;10:38:00;-03:00;21,200000762939453;21,209999084472656;21,190000534057617;21,200000762939453;23300
2026-10-06;10:39:00;-03:00;21,200000762939453;21,209999084472656;21,190000534057617;21,200000762939453;8400
2026-10-06;10:40:00;-03:00;21,209999084472656;21,219999313354492;21,170000076293945;21,18000030517578;23700
2026-10-06;10:41:00;-03:00;21,18000030517578;21,200000762939453;21,170000076293945;21,190000534057617;11300
2026-10-06;10:42:00;-03:00;21,200000762939453;21,200000762939453;21,139999389648438;21,190000534057617;17100
2026-10-06;10:43:00;-03:00;21,190000534057617;21,190000534057617;21,139999389648438;21,139999389648438;21700
2026-10-06;10:44:00;-03:00;21,15999984741211;21,170000076293945;21,149999618530273;21,149999618530273;12400
2026-10-06;10:45:00;-03:00;21,149999618530273;21,149999618530273;21,1299991607666;21,1299991607666;10600
2026-10-06;10:46:00;-03:00;21,1200008392334;21,1299991607666;21,110000610351562;21,1200008392334;7900
2026-10-06;10:47:00;-03:00;21,110000610351562;21,110000610351562;21,09000015258789;21,100000381469727;12900
2026-10-06;10:48:00;-03:00;21,09000015258789;21,170000076293945;21,079999923706055;21,1200008392334;34200
2026-10-06;10:49:00;-03:00;21,1200008392334;21,1299991607666;21,110000610351562;21,110000610351562;8500
2026-10-06;10:50:00;-03:00;21,110000610351562;21,1200008392334;21,059999465942383;21,1200008392334;17500
2026-10-06;10:51:00;-03:00;21,1200008392334;21,15999984741211;21,1200008392334;21,15999984741211;21900
2026-10-06;10:52:00;-03:00;21,139999389648438;21,149999618530273;21,100000381469727;21,110000610351562;9200
2026-10-06;10:53:00;-03:00;21,110000610351562;21,110000610351562;21,049999237060547;21,049999237060547;12500
2026-10-06;10:54:00;-03:00;21,059999465942383;21,06999969482422;20,979999542236328;20,979999542236328;40500
2026-10-06;10:55:00;-03:00;20,979999542236328;20,979999542236328;20,969999313354492;20,969999313354492;5200
2026-10-06;10:56:00;-03:00;20,969999313354492;21,09000015258789;20,920000076293945;21,09000015258789;94200
2026-10-06;10:57:00;-03:00;21,079999923706055;21,1200008392334;21,079999923706055;21,09000015258789;12900
2026-10-06;10:58:00;-03:00;21,09000015258789;21,100000381469727;21,079999923706055;21,100000381469727;7300
2026-10-06;10:59:00;-03:00;21,09000015258789;21,1299991607666;21,09000015258789;21,1299991607666;5100
2026-10-06;11:00:00;-03:00;21,1200008392334;21,18000030517578;21,1200008392334;21,1299991607666;55100
2026-10-06;11:01:00;-03:00;21,1299991607666;21,170000076293945;21,1299991607666;21,149999618530273;27200
2026-10-06;11:02:00;-03:00;21,139999389648438;21,15999984741211;21,1299991607666;21,15999984741211;18700
2026-10-06;11:03:00;-03:00;21,15999984741211;21,200000762939453;21,15999984741211;21,200000762939453;9800
2026-10-06;11:04:00;-03:00;21,200000762939453;21,219999313354492;21,200000762939453;21,209999084472656;29300
2026-10-06;11:05:00;-03:00;21,209999084472656;21,209999084472656;21,149999618530273;21,15999984741211;32600
2026-10-06;11:06:00;-03:00;21,149999618530273;21,18000030517578;21,149999618530273;21,15999984741211;5800
2026-10-06;11:07:00;-03:00;21,18000030517578;21,190000534057617;21,15999984741211;21,170000076293945;5500
2026-10-06;11:08:00;-03:00;21,170000076293945;21,200000762939453;21,149999618530273;21,190000534057617;23500
2026-10-06;11:09:00;-03:00;21,18000030517578;21,190000534057617;21,15999984741211;21,15999984741211;13900
2026-10-06;11:10:00;-03:00;21,15999984741211;21,15999984741211;21,1200008392334;21,1200008392334;18200
2026-10-06;11:11:00;-03:00;21,100000381469727;21,110000610351562;21,06999969482422;21,06999969482422;8300
2026-10-06;11:12:00;-03:00;21,06999969482422;21,079999923706055;21,059999465942383;21,059999465942383;12500
2026-10-06;11:13:00;-03:00;21,06999969482422;21,09000015258789;21,030000686645508;21,040000915527344;59900
2026-10-06;11:14:00;-03:00;21,049999237060547;21,06999969482422;21,049999237060547;21,059999465942383;5800
2026-10-06;11:15:00;-03:00;21,059999465942383;21,06999969482422;21,020000457763672;21,020000457763672;7900
2026-10-06;11:16:00;-03:00;21,030000686645508;21,040000915527344;21,010000228881836;21,010000228881836;23100
2026-10-06;11:17:00;-03:00;21,0;21,030000686645508;21,0;21,020000457763672;18800
2026-10-06;11:18:00;-03:00;21,030000686645508;21,030000686645508;20,950000762939453;20,969999313354492;23100
2026-10-06;11:19:00;-03:00;20,969999313354492;20,979999542236328;20,950000762939453;20,950000762939453;8400
2026-10-06;11:20:00;-03:00;20,950000762939453;20,989999771118164;20,950000762939453;20,969999313354492;13400
2026-10-06;11:21:00;-03:00;20,979999542236328;21,0;20,940000534057617;20,940000534057617;23400
2026-10-06;11:22:00;-03:00;20,940000534057617;20,940000534057617;20,899999618530273;20,93000030517578;21200
2026-10-06;11:23:00;-03:00;20,920000076293945;20,969999313354492;20,920000076293945;20,940000534057617;17700
2026-10-06;11:24:00;-03:00;20,959999084472656;21,0;20,959999084472656;20,989999771118164;12500
2026-10-06;11:25:00;-03:00;20,979999542236328;20,989999771118164;20,969999313354492;20,969999313354492;9600
2026-10-06;11:26:00;-03:00;20,979999542236328;20,989999771118164;20,950000762939453;20,989999771118164;13200
2026-10-06;11:27:00;-03:00;20,989999771118164;21,010000228881836;20,989999771118164;21,0;10300
2026-10-06;11:28:00;-03:00;21,0;21,020000457763672;20,979999542236328;20,989999771118164;28800
2026-10-06;11:29:00;-03:00;20,989999771118164;20,989999771118164;20,950000762939453;20,969999313354492;9500
2026-10-06;11:30:00;-03:00;20,959999084472656;20,959999084472656;20,940000534057617;20,940000534057617;10400
2026-10-06;11:31:00;-03:00;20,950000762939453;20,969999313354492;20,940000534057617;20,959999084472656;12900
2026-10-06;11:32:00;-03:00;20,940000534057617;20,959999084472656;20,93000030517578;20,950000762939453;11700
2026-10-06;11:33:00;-03:00;20,93000030517578;20,969999313354492;20,93000030517578;20,969999313354492;10000
2026-10-06;11:34:00;-03:00;20,969999313354492;21,030000686645508;20,950000762939453;21,010000228881836;12200
2026-10-06;11:35:00;-03:00;21,020000457763672;21,040000915527344;21,010000228881836;21,020000457763672;10200
2026-10-06;11:36:00;-03:00;21,020000457763672;21,030000686645508;20,979999542236328;20,979999542236328;20700
2026-10-06;11:37:00;-03:00;20,959999084472656;20,969999313354492;20,93000030517578;20,940000534057617;10900
2026-10-06;11:38:00;-03:00;20,93000030517578;20,950000762939453;20,93000030517578;20,950000762939453;7000
2026-10-06;11:39:00;-03:00;20,940000534057617;20,950000762939453;20,93000030517578;20,940000534057617;8400
2026-10-06;11:40:00;-03:00;20,940000534057617;20,969999313354492;20,93000030517578;20,969999313354492;12300
2026-10-06;11:41:00;-03:00;20,959999084472656;20,969999313354492;20,889999389648438;20,889999389648438;39400
2026-10-06;11:42:00;-03:00;20,889999389648438;20,90999984741211;20,860000610351562;20,860000610351562;29200
2026-10-06;11:43:00;-03:00;20,860000610351562;20,8700008392334;20,860000610351562;20,860000610351562;2800
2026-10-06;11:44:00;-03:00;20,860000610351562;20,860000610351562;20,809999465942383;20,809999465942383;17500
2026-10-06;11:45:00;-03:00;20,809999465942383;20,829999923706055;20,809999465942383;20,809999465942383;6000
2026-10-06;11:46:00;-03:00;20,809999465942383;20,829999923706055;20,799999237060547;20,829999923706055;9800
2026-10-06;11:47:00;-03:00;20,829999923706055;20,84000015258789;20,760000228881836;20,790000915527344;78000
2026-10-06;11:48:00;-03:00;20,790000915527344;20,809999465942383;20,780000686645508;20,790000915527344;17000
2026-10-06;11:49:00;-03:00;20,790000915527344;20,809999465942383;20,790000915527344;20,809999465942383;6800
2026-10-06;11:50:00;-03:00;20,799999237060547;20,81999969482422;20,780000686645508;20,799999237060547;9800
2026-10-06;11:51:00;-03:00;20,799999237060547;20,809999465942383;20,790000915527344;20,799999237060547;5500
2026-10-06;11:52:00;-03:00;20,799999237060547;20,81999969482422;20,780000686645508;20,790000915527344;16900
2026-10-06;11:53:00;-03:00;20,790000915527344;20,829999923706055;20,790000915527344;20,809999465942383;7500
2026-10-06;11:54:00;-03:00;20,809999465942383;20,84000015258789;20,799999237060547;20,81999969482422;6900
2026-10-06;11:55:00;-03:00;20,81999969482422;20,84000015258789;20,799999237060547;20,829999923706055;9700
2026-10-06;11:56:00;-03:00;20,829999923706055;20,84000015258789;20,799999237060547;20,809999465942383;12800
2026-10-06;11:57:00;-03:00;20,799999237060547;20,809999465942383;20,760000228881836;20,780000686645508;24200
2026-10-06;11:58:00;-03:00;20,799999237060547;20,81999969482422;20,739999771118164;20,739999771118164;45600
2026-10-06;11:59:00;-03:00;20,760000228881836;20,780000686645508;20,75;20,770000457763672;12400
2026-10-06;12:00:00;-03:00;20,780000686645508;20,799999237060547;20,780000686645508;20,790000915527344;12300
2026-10-06;12:01:00;-03:00;20,790000915527344;20,790000915527344;20,770000457763672;20,770000457763672;6000
2026-10-06;12:02:00;-03:00;20,770000457763672;20,799999237060547;20,760000228881836;20,780000686645508;20900
2026-10-06;12:03:00;-03:00;20,799999237060547;20,84000015258789;20,780000686645508;20,829999923706055;32400
2026-10-06;12:04:00;-03:00;20,84000015258789;20,850000381469727;20,809999465942383;20,829999923706055;10600
2026-10-06;12:05:00;-03:00;20,829999923706055;20,850000381469727;20,729999542236328;20,760000228881836;234200
2026-10-06;12:06:00;-03:00;20,760000228881836;20,780000686645508;20,739999771118164;20,770000457763672;18700
2026-10-06;12:07:00;-03:00;20,780000686645508;20,790000915527344;20,739999771118164;20,739999771118164;12100
2026-10-06;12:08:00;-03:00;20,760000228881836;20,770000457763672;20,75;20,770000457763672;27000
2026-10-06;12:09:00;-03:00;20,760000228881836;20,790000915527344;20,75;20,770000457763672;9100
2026-10-06;12:10:00;-03:00;20,770000457763672;20,780000686645508;20,709999084472656;20,719999313354492;19600
2026-10-06;12:11:00;-03:00;20,719999313354492;20,739999771118164;20,719999313354492;20,729999542236328;12200
2026-10-06;12:12:00;-03:00;20,719999313354492;20,739999771118164;20,719999313354492;20,739999771118164;8800
2026-10-06;12:13:00;-03:00;20,729999542236328;20,760000228881836;20,729999542236328;20,739999771118164;7700
2026-10-06;12:14:00;-03:00;20,739999771118164;20,770000457763672;20,739999771118164;20,760000228881836;12500
2026-10-06;12:15:00;-03:00;20,760000228881836;20,780000686645508;20,75;20,760000228881836;13600
2026-10-06;12:16:00;-03:00;20,760000228881836;20,760000228881836;20,739999771118164;20,739999771118164;12100
2026-10-06;12:17:00;-03:00;20,739999771118164;20,780000686645508;20,739999771118164;20,780000686645508;11600
2026-10-06;12:18:00;-03:00;20,770000457763672;20,799999237060547;20,770000457763672;20,790000915527344;9600
2026-10-06;12:19:00;-03:00;20,790000915527344;20,829999923706055;20,770000457763672;20,790000915527344;33500
2026-10-06;12:20:00;-03:00;20,790000915527344;20,829999923706055;20,780000686645508;20,809999465942383;105500
2026-10-06;12:21:00;-03:00;20,790000915527344;20,809999465942383;20,780000686645508;20,780000686645508;50700
2026-10-06;12:22:00;-03:00;20,780000686645508;20,809999465942383;20,780000686645508;20,790000915527344;17700
2026-10-06;12:23:00;-03:00;20,799999237060547;20,809999465942383;20,780000686645508;20,790000915527344;10300
2026-10-06;12:24:00;-03:00;20,790000915527344;20,850000381469727;20,780000686645508;20,799999237060547;141500
2026-10-06;12:25:00;-03:00;20,790000915527344;20,809999465942383;20,780000686645508;20,790000915527344;14900
2026-10-06;12:26:00;-03:00;20,790000915527344;20,81999969482422;20,790000915527344;20,809999465942383;10500
2026-10-06;12:27:00;-03:00;20,799999237060547;20,81999969482422;20,780000686645508;20,790000915527344;10500
2026-10-06;12:28:00;-03:00;20,790000915527344;20,809999465942383;20,790000915527344;20,799999237060547;14000
2026-10-06;12:29:00;-03:00;20,809999465942383;20,809999465942383;20,780000686645508;20,790000915527344;15600
2026-10-06;12:30:00;-03:00;20,790000915527344;20,799999237060547;20,770000457763672;20,780000686645508;8100
2026-10-06;12:31:00;-03:00;20,780000686645508;20,790000915527344;20,760000228881836;20,790000915527344;15800
2026-10-06;12:32:00;-03:00;20,780000686645508;20,799999237060547;20,770000457763672;20,780000686645508;11000
2026-10-06;12:33:00;-03:00;20,790000915527344;20,799999237060547;20,780000686645508;20,790000915527344;10500
2026-10-06;12:34:00;-03:00;20,790000915527344;20,799999237060547;20,780000686645508;20,790000915527344;9600
2026-10-06;12:35:00;-03:00;20,790000915527344;20,799999237060547;20,790000915527344;20,799999237060547;3200
2026-10-06;12:36:00;-03:00;20,799999237060547;20,809999465942383;20,780000686645508;20,799999237060547;12900
2026-10-06;12:37:00;-03:00;20,790000915527344;20,799999237060547;20,780000686645508;20,780000686645508;7800
2026-10-06;12:38:00;-03:00;20,780000686645508;20,799999237060547;20,780000686645508;20,799999237060547;4900
2026-10-06;12:39:00;-03:00;20,790000915527344;20,809999465942383;20,790000915527344;20,799999237060547;12500
2026-10-06;12:40:00;-03:00;20,799999237060547;20,81999969482422;20,799999237060547;20,799999237060547;18100
2026-10-06;12:41:00;-03:00;20,799999237060547;20,81999969482422;20,799999237060547;20,809999465942383;5900
2026-10-06;12:42:00;-03:00;20,799999237060547;20,809999465942383;20,780000686645508;20,790000915527344;13900
2026-10-06;12:43:00;-03:00;20,780000686645508;20,790000915527344;20,75;20,760000228881836;21200
2026-10-06;12:44:00;-03:00;20,760000228881836;20,790000915527344;20,760000228881836;20,780000686645508;8500
2026-10-06;12:45:00;-03:00;20,780000686645508;20,790000915527344;20,770000457763672;20,770000457763672;8500
2026-10-06;12:46:00;-03:00;20,770000457763672;20,780000686645508;20,770000457763672;20,780000686645508;6700
2026-10-06;12:47:00;-03:00;20,770000457763672;20,809999465942383;20,770000457763672;20,790000915527344;10700
2026-10-06;12:48:00;-03:00;20,799999237060547;20,809999465942383;20,790000915527344;20,799999237060547;7100
2026-10-06;12:49:00;-03:00;20,790000915527344;20,809999465942383;20,770000457763672;20,770000457763672;21000
2026-10-06;12:50:00;-03:00;20,780000686645508;20,790000915527344;20,770000457763672;20,790000915527344;7000
2026-10-06;12:51:00;-03:00;20,780000686645508;20,799999237060547;20,770000457763672;20,780000686645508;8300
2026-10-06;12:52:00;-03:00;20,790000915527344;20,799999237060547;20,780000686645508;20,780000686645508;2700
2026-10-06;12:53:00;-03:00;20,790000915527344;20,799999237060547;20,780000686645508;20,799999237060547;10000
2026-10-06;12:54:00;-03:00;20,790000915527344;20,799999237060547;20,780000686645508;20,790000915527344;8500
2026-10-06;12:55:00;-03:00;20,790000915527344;20,809999465942383;20,780000686645508;20,780000686645508;19900
2026-10-06;12:56:00;-03:00;20,780000686645508;20,790000915527344;20,760000228881836;20,770000457763672;12500
2026-10-06;12:57:00;-03:00;20,760000228881836;20,770000457763672;20,760000228881836;20,760000228881836;1400
2026-10-06;12:58:00;-03:00;20,760000228881836;20,760000228881836;20,719999313354492;20,719999313354492;16400
2026-10-06;12:59:00;-03:00;20,719999313354492;20,719999313354492;20,700000762939453;20,709999084472656;11000
2026-10-06;13:00:00;-03:00;20,709999084472656;20,729999542236328;20,709999084472656;20,719999313354492;5900
2026-10-06;13:01:00;-03:00;20,719999313354492;20,719999313354492;20,700000762939453;20,709999084472656;25200
2026-10-06;13:02:00;-03:00;20,709999084472656;20,729999542236328;20,709999084472656;20,709999084472656;5400
2026-10-06;13:03:00;-03:00;20,709999084472656;20,729999542236328;20,709999084472656;20,719999313354492;14300
2026-10-06;13:04:00;-03:00;20,719999313354492;20,729999542236328;20,709999084472656;20,729999542236328;9700
2026-10-06;13:05:00;-03:00;20,729999542236328;20,729999542236328;20,690000534057617;20,690000534057617;36200
2026-10-06;13:06:00;-03:00;20,690000534057617;20,690000534057617;20,670000076293945;20,68000030517578;8800
2026-10-06;13:07:00;-03:00;20,690000534057617;20,700000762939453;20,690000534057617;20,690000534057617;3200
2026-10-06;13:08:00;-03:00;20,700000762939453;20,700000762939453;20,65999984741211;20,670000076293945;22300
2026-10-06;13:09:00;-03:00;20,65999984741211;20,65999984741211;20,600000381469727;20,610000610351562;67800
2026-10-06;13:10:00;-03:00;20,610000610351562;20,610000610351562;20,56999969482422;20,56999969482422;27200
2026-10-06;13:11:00;-03:00;20,579999923706055;20,579999923706055;20,559999465942383;20,559999465942383;15100
2026-10-06;13:12:00;-03:00;20,559999465942383;20,579999923706055;20,549999237060547;20,56999969482422;17600
2026-10-06;13:13:00;-03:00;20,56999969482422;20,579999923706055;20,56999969482422;20,56999969482422;7000
2026-10-06;13:14:00;-03:00;20,56999969482422;20,600000381469727;20,56999969482422;20,59000015258789;14400
2026-10-06;13:15:00;-03:00;20,600000381469727;20,600000381469727;20,56999969482422;20,56999969482422;15200
2026-10-06;13:16:00;-03:00;20,56999969482422;20,579999923706055;20,559999465942383;20,579999923706055;16000
2026-10-06;13:17:00;-03:00;20,579999923706055;20,59000015258789;20,579999923706055;20,579999923706055;7300
2026-10-06;13:18:00;-03:00;20,579999923706055;20,59000015258789;20,56999969482422;20,56999969482422;10800
2026-10-06;13:19:00;-03:00;20,56999969482422;20,579999923706055;20,56999969482422;20,56999969482422;4500
2026-10-06;13:20:00;-03:00;20,56999969482422;20,59000015258789;20,56999969482422;20,59000015258789;14200
2026-10-06;13:21:00;-03:00;20,59000015258789;20,600000381469727;20,579999923706055;20,59000015258789;12800
2026-10-06;13:22:00;-03:00;20,600000381469727;20,600000381469727;20,59000015258789;20,59000015258789;15300
2026-10-06;13:23:00;-03:00;20,600000381469727;20,600000381469727;20,59000015258789;20,600000381469727;4000
2026-10-06;13:24:00;-03:00;20,59000015258789;20,600000381469727;20,579999923706055;20,59000015258789;16100
2026-10-06;13:25:00;-03:00;20,59000015258789;20,639999389648438;20,59000015258789;20,6200008392334;54600
2026-10-06;13:26:00;-03:00;20,6299991607666;20,6299991607666;20,600000381469727;20,6200008392334;9000
2026-10-06;13:27:00;-03:00;20,6200008392334;20,6299991607666;20,6200008392334;20,6200008392334;8200
2026-10-06;13:28:00;-03:00;20,6200008392334;20,6299991607666;20,6200008392334;20,6200008392334;4100
2026-10-06;13:29:00;-03:00;20,6200008392334;20,6299991607666;20,610000610351562;20,6200008392334;21700
2026-10-06;13:30:00;-03:00;20,6200008392334;20,6299991607666;20,610000610351562;20,6200008392334;5400
2026-10-06;13:31:00;-03:00;20,6299991607666;20,6299991607666;20,6200008392334;20,6200008392334;5000
2026-10-06;13:32:00;-03:00;20,6299991607666;20,6299991607666;20,6200008392334;20,6200008392334;13600
2026-10-06;13:33:00;-03:00;20,6200008392334;20,639999389648438;20,610000610351562;20,610000610351562;54600
2026-10-06;13:34:00;-03:00;20,610000610351562;20,6299991607666;20,610000610351562;20,6200008392334;10100
2026-10-06;13:35:00;-03:00;20,6299991607666;20,639999389648438;20,6200008392334;20,639999389648438;15800
2026-10-06;13:36:00;-03:00;20,649999618530273;20,649999618530273;20,639999389648438;20,639999389648438;23100
2026-10-06;13:37:00;-03:00;20,649999618530273;20,649999618530273;20,639999389648438;20,639999389648438;42500
2026-10-06;13:38:00;-03:00;20,649999618530273;20,649999618530273;20,639999389648438;20,649999618530273;37500
2026-10-06;13:39:00;-03:00;20,649999618530273;20,65999984741211;20,639999389648438;20,65999984741211;22600
2026-10-06;13:40:00;-03:00;20,670000076293945;20,68000030517578;20,670000076293945;20,68000030517578;11600
2026-10-06;13:41:00;-03:00;20,670000076293945;20,709999084472656;20,670000076293945;20,709999084472656;11300
2026-10-06;13:42:00;-03:00;20,709999084472656;20,709999084472656;20,690000534057617;20,690000534057617;11900
2026-10-06;13:43:00;-03:00;20,709999084472656;20,709999084472656;20,68000030517578;20,68000030517578;26100
2026-10-06;13:44:00;-03:00;20,68000030517578;20,709999084472656;20,68000030517578;20,690000534057617;14600
2026-10-06;13:45:00;-03:00;20,690000534057617;20,700000762939453;20,68000030517578;20,68000030517578;10100
2026-10-06;13:46:00;-03:00;20,68000030517578;20,709999084472656;20,68000030517578;20,690000534057617;27600
2026-10-06;13:47:00;-03:00;20,709999084472656;20,709999084472656;20,68000030517578;20,700000762939453;17100
2026-10-06;13:48:00;-03:00;20,690000534057617;20,700000762939453;20,68000030517578;20,700000762939453;15500
2026-10-06;13:49:00;-03:00;20,690000534057617;20,700000762939453;20,670000076293945;20,700000762939453;19300
2026-10-06;13:50:00;-03:00;20,700000762939453;20,700000762939453;20,65999984741211;20,670000076293945;19700
2026-10-06;13:51:00;-03:00;20,65999984741211;20,68000030517578;20,65999984741211;20,670000076293945;16700
2026-10-06;13:52:00;-03:00;20,670000076293945;20,670000076293945;20,639999389648438;20,639999389648438;20400
2026-10-06;13:53:00;-03:00;20,649999618530273;20,649999618530273;20,6299991607666;20,649999618530273;15800
2026-10-06;13:54:00;-03:00;20,639999389648438;20,649999618530273;20,639999389648438;20,639999389648438;12900
2026-10-06;13:55:00;-03:00;20,649999618530273;20,68000030517578;20,639999389648438;20,68000030517578;112200
2026-10-06;13:56:00;-03:00;20,670000076293945;20,690000534057617;20,670000076293945;20,68000030517578;6800
2026-10-06;13:57:00;-03:00;20,68000030517578;20,690000534057617;20,68000030517578;20,690000534057617;8500
2026-10-06;13:58:00;-03:00;20,68000030517578;20,709999084472656;20,68000030517578;20,700000762939453;22500
2026-10-06;13:59:00;-03:00;20,690000534057617;20,700000762939453;20,649999618530273;20,670000076293945;39000
2026-10-06;14:00:00;-03:00;20,68000030517578;20,68000030517578;20,65999984741211;20,65999984741211;16200
2026-10-06;14:01:00;-03:00;20,670000076293945;20,670000076293945;20,65999984741211;20,65999984741211;11000
2026-10-06;14:02:00;-03:00;20,670000076293945;20,670000076293945;20,649999618530273;20,649999618530273;13900
2026-10-06;14:03:00;-03:00;20,649999618530273;20,670000076293945;20,649999618530273;20,670000076293945;10500
2026-10-06;14:04:00;-03:00;20,670000076293945;20,670000076293945;20,649999618530273;20,65999984741211;15000
2026-10-06;14:05:00;-03:00;20,65999984741211;20,65999984741211;20,639999389648438;20,639999389648438;14200
2026-10-06;14:06:00;-03:00;20,639999389648438;20,649999618530273;20,6299991607666;20,639999389648438;10200
2026-10-06;14:07:00;-03:00;20,639999389648438;20,65999984741211;20,6299991607666;20,639999389648438;13600
2026-10-06;14:08:00;-03:00;20,639999389648438;20,649999618530273;20,6299991607666;20,6299991607666;16400
2026-10-06;14:09:00;-03:00;20,6299991607666;20,639999389648438;20,6200008392334;20,6299991607666;10500
2026-10-06;14:10:00;-03:00;20,639999389648438;20,639999389648438;20,6299991607666;20,639999389648438;8800
2026-10-06;14:11:00;-03:00;20,6299991607666;20,639999389648438;20,6200008392334;20,639999389648438;15500
2026-10-06;14:12:00;-03:00;20,639999389648438;20,649999618530273;20,6299991607666;20,649999618530273;11400
2026-10-06;14:13:00;-03:00;20,639999389648438;20,649999618530273;20,6299991607666;20,639999389648438;16300
2026-10-06;14:14:00;-03:00;20,6299991607666;20,649999618530273;20,6299991607666;20,639999389648438;11300
2026-10-06;14:15:00;-03:00;20,6299991607666;20,65999984741211;20,6299991607666;20,649999618530273;10900
2026-10-06;14:16:00;-03:00;20,639999389648438;20,65999984741211;20,639999389648438;20,649999618530273;15900
2026-10-06;14:17:00;-03:00;20,649999618530273;20,670000076293945;20,639999389648438;20,670000076293945;12800
2026-10-06;14:18:00;-03:00;20,65999984741211;20,68000030517578;20,65999984741211;20,68000030517578;6700
2026-10-06;14:19:00;-03:00;20,68000030517578;20,68000030517578;20,65999984741211;20,670000076293945;27300
2026-10-06;14:20:00;-03:00;20,670000076293945;20,700000762939453;20,670000076293945;20,700000762939453;31400
2026-10-06;14:21:00;-03:00;20,700000762939453;20,700000762939453;20,68000030517578;20,690000534057617;30200
2026-10-06;14:22:00;-03:00;20,690000534057617;20,700000762939453;20,670000076293945;20,670000076293945;20200
2026-10-06;14:23:00;-03:00;20,68000030517578;20,690000534057617;20,65999984741211;20,65999984741211;18300
2026-10-06;14:24:00;-03:00;20,670000076293945;20,68000030517578;20,65999984741211;20,68000030517578;9200
2026-10-06;14:25:00;-03:00;20,68000030517578;20,68000030517578;20,670000076293945;20,670000076293945;9800
2026-10-06;14:26:00;-03:00;20,68000030517578;20,690000534057617;20,670000076293945;20,68000030517578;7400
2026-10-06;14:27:00;-03:00;20,690000534057617;20,690000534057617;20,68000030517578;20,68000030517578;9200
2026-10-06;14:28:00;-03:00;20,690000534057617;20,700000762939453;20,68000030517578;20,690000534057617;20400
2026-10-06;14:29:00;-03:00;20,700000762939453;20,700000762939453;20,690000534057617;20,690000534057617;8100
2026-10-06;14:30:00;-03:00;20,700000762939453;20,700000762939453;20,65999984741211;20,670000076293945;24800
2026-10-06;14:31:00;-03:00;20,68000030517578;20,690000534057617;20,670000076293945;20,68000030517578;14100
2026-10-06;14:32:00;-03:00;20,690000534057617;20,700000762939453;20,68000030517578;20,700000762939453;8600
2026-10-06;14:33:00;-03:00;20,700000762939453;20,700000762939453;20,690000534057617;20,690000534057617;20500
2026-10-06;14:34:00;-03:00;20,700000762939453;20,709999084472656;20,690000534057617;20,700000762939453;48600
2026-10-06;14:35:00;-03:00;20,700000762939453;20,719999313354492;20,690000534057617;20,709999084472656;177400
2026-10-06;14:36:00;-03:00;20,709999084472656;20,729999542236328;20,690000534057617;20,690000534057617;147500
2026-10-06;14:37:00;-03:00;20,719999313354492;20,75;20,690000534057617;20,739999771118164;87900
2026-10-06;14:38:00;-03:00;20,739999771118164;20,799999237060547;20,739999771118164;20,770000457763672;7155800
2026-10-06;14:39:00;-03:00;20,780000686645508;20,780000686645508;20,75;20,770000457763672;13900
2026-10-06;14:40:00;-03:00;20,770000457763672;20,780000686645508;20,760000228881836;20,760000228881836;11600
2026-10-06;14:41:00;-03:00;20,780000686645508;20,81999969482422;20,760000228881836;20,780000686645508;38300
2026-10-06;14:42:00;-03:00;20,790000915527344;20,809999465942383;20,780000686645508;20,799999237060547;12500
2026-10-06;14:43:00;-03:00;20,799999237060547;20,809999465942383;20,790000915527344;20,790000915527344;18300
2026-10-06;14:44:00;-03:00;20,799999237060547;20,799999237060547;20,780000686645508;20,799999237060547;18300
2026-10-06;14:45:00;-03:00;20,799999237060547;20,809999465942383;20,790000915527344;20,790000915527344;35600
2026-10-06;14:46:00;-03:00;20,809999465942383;20,809999465942383;20,790000915527344;20,790000915527344;39000
2026-10-06;14:47:00;-03:00;20,790000915527344;20,809999465942383;20,770000457763672;20,780000686645508;91000
2026-10-06;14:48:00;-03:00;20,790000915527344;20,799999237060547;20,780000686645508;20,799999237060547;13100
2026-10-06;14:49:00;-03:00;20,799999237060547;20,809999465942383;20,739999771118164;20,75;112100
2026-10-06;14:50:00;-03:00;20,760000228881836;20,770000457763672;20,739999771118164;20,75;75600
2026-10-06;14:51:00;-03:00;20,770000457763672;20,770000457763672;20,739999771118164;20,739999771118164;19200
2026-10-06;14:52:00;-03:00;20,75;20,760000228881836;20,729999542236328;20,75;22400
2026-10-06;14:53:00;-03:00;20,75;20,760000228881836;20,729999542236328;20,739999771118164;15200
2026-10-06;14:54:00;-03:00;20,75;20,760000228881836;20,739999771118164;20,75;10500
2026-10-06;14:55:00;-03:00;20,760000228881836;20,760000228881836;20,75;20,760000228881836;9800
2026-10-06;14:56:00;-03:00;20,75;20,760000228881836;20,709999084472656;20,719999313354492;57500
2026-10-06;14:57:00;-03:00;20,709999084472656;20,729999542236328;20,68000030517578;20,700000762939453;34800
2026-10-06;14:58:00;-03:00;20,700000762939453;20,700000762939453;20,670000076293945;20,670000076293945;30500
2026-10-06;14:59:00;-03:00;20,68000030517578;20,690000534057617;20,649999618530273;20,670000076293945;19200
2026-10-06;15:00:00;-03:00;20,670000076293945;20,690000534057617;20,65999984741211;20,68000030517578;16400
2026-10-06;15:01:00;-03:00;20,690000534057617;20,690000534057617;20,649999618530273;20,649999618530273;69500
2026-10-06;15:02:00;-03:00;20,649999618530273;20,670000076293945;20,639999389648438;20,649999618530273;31700
2026-10-06;15:03:00;-03:00;20,649999618530273;20,649999618530273;20,639999389648438;20,639999389648438;7300
2026-10-06;15:04:00;-03:00;20,649999618530273;20,649999618530273;20,6299991607666;20,649999618530273;27600
2026-10-06;15:05:00;-03:00;20,649999618530273;20,65999984741211;20,639999389648438;20,649999618530273;19800
2026-10-06;15:06:00;-03:00;20,65999984741211;20,65999984741211;20,6299991607666;20,639999389648438;32700
2026-10-06;15:07:00;-03:00;20,6299991607666;20,639999389648438;20,6200008392334;20,6200008392334;16200
2026-10-06;15:08:00;-03:00;20,6299991607666;20,639999389648438;20,610000610351562;20,6299991607666;24100
2026-10-06;15:09:00;-03:00;20,639999389648438;20,639999389648438;20,6299991607666;20,6299991607666;9100
2026-10-06;15:10:00;-03:00;20,639999389648438;20,649999618530273;20,6299991607666;20,639999389648438;14400
2026-10-06;15:11:00;-03:00;20,649999618530273;20,649999618530273;20,639999389648438;20,639999389648438;11100
2026-10-06;15:12:00;-03:00;20,639999389648438;20,670000076293945;20,639999389648438;20,65999984741211;27200
2026-10-06;15:13:00;-03:00;20,65999984741211;20,670000076293945;20,639999389648438;20,649999618530273;32400
2026-10-06;15:14:00;-03:00;20,670000076293945;20,670000076293945;20,649999618530273;20,65999984741211;12400
2026-10-06;15:15:00;-03:00;20,65999984741211;20,670000076293945;20,649999618530273;20,65999984741211;21700
2026-10-06;15:16:00;-03:00;20,65999984741211;20,670000076293945;20,649999618530273;20,670000076293945;28500
2026-10-06;15:17:00;-03:00;20,649999618530273;20,670000076293945;20,649999618530273;20,65999984741211;9100
2026-10-06;15:18:00;-03:00;20,670000076293945;20,670000076293945;20,65999984741211;20,65999984741211;7400
2026-10-06;15:19:00;-03:00;20,65999984741211;20,65999984741211;20,639999389648438;20,649999618530273;23200
2026-10-06;15:20:00;-03:00;20,649999618530273;20,65999984741211;20,639999389648438;20,639999389648438;22200
2026-10-06;15:21:00;-03:00;20,649999618530273;20,65999984741211;20,639999389648438;20,649999618530273;10300
2026-10-06;15:22:00;-03:00;20,649999618530273;20,670000076293945;20,649999618530273;20,670000076293945;16400
2026-10-06;15:23:00;-03:00;20,670000076293945;20,68000030517578;20,65999984741211;20,65999984741211;12200
2026-10-06;15:24:00;-03:00;20,65999984741211;20,68000030517578;20,649999618530273;20,670000076293945;35800
2026-10-06;15:25:00;-03:00;20,670000076293945;20,68000030517578;20,649999618530273;20,649999618530273;30000
2026-10-06;15:26:00;-03:00;20,670000076293945;20,670000076293945;20,649999618530273;20,670000076293945;10800
2026-10-06;15:27:00;-03:00;20,65999984741211;20,670000076293945;20,6299991607666;20,639999389648438;50100
2026-10-06;15:28:00;-03:00;20,639999389648438;20,639999389648438;20,6299991607666;20,6299991607666;9300
2026-10-06;15:29:00;-03:00;20,639999389648438;20,649999618530273;20,6299991607666;20,649999618530273;18800
2026-10-06;15:30:00;-03:00;20,649999618530273;20,670000076293945;20,639999389648438;20,670000076293945;22200
2026-10-06;15:31:00;-03:00;20,670000076293945;20,690000534057617;20,65999984741211;20,68000030517578;14100
2026-10-06;15:32:00;-03:00;20,670000076293945;20,709999084472656;20,670000076293945;20,700000762939453;9700
2026-10-06;15:33:00;-03:00;20,709999084472656;20,709999084472656;20,690000534057617;20,690000534057617;31100
2026-10-06;15:34:00;-03:00;20,700000762939453;20,709999084472656;20,690000534057617;20,690000534057617;14800
2026-10-06;15:35:00;-03:00;20,700000762939453;20,709999084472656;20,690000534057617;20,700000762939453;11300
2026-10-06;15:36:00;-03:00;20,700000762939453;20,709999084472656;20,690000534057617;20,690000534057617;9500
2026-10-06;15:37:00;-03:00;20,700000762939453;20,700000762939453;20,670000076293945;20,68000030517578;49000
2026-10-06;15:38:00;-03:00;20,68000030517578;20,709999084472656;20,670000076293945;20,670000076293945;31400
2026-10-06;15:39:00;-03:00;20,690000534057617;20,700000762939453;20,670000076293945;20,68000030517578;26200
2026-10-06;15:40:00;-03:00;20,68000030517578;20,700000762939453;20,670000076293945;20,670000076293945;52200
2026-10-06;15:41:00;-03:00;20,68000030517578;20,68000030517578;20,65999984741211;20,65999984741211;34400
2026-10-06;15:42:00;-03:00;20,65999984741211;20,68000030517578;20,65999984741211;20,65999984741211;9600
2026-10-06;15:43:00;-03:00;20,670000076293945;20,68000030517578;20,65999984741211;20,68000030517578;16200
2026-10-06;15:44:00;-03:00;20,65999984741211;20,68000030517578;20,65999984741211;20,65999984741211;9000
2026-10-06;15:45:00;-03:00;20,68000030517578;20,68000030517578;20,649999618530273;20,649999618530273;99200
2026-10-06;15:46:00;-03:00;20,65999984741211;20,65999984741211;20,639999389648438;20,649999618530273;18800
2026-10-06;15:47:00;-03:00;20,639999389648438;20,649999618530273;20,639999389648438;20,639999389648438;9600
2026-10-06;15:48:00;-03:00;20,639999389648438;20,649999618530273;20,639999389648438;20,649999618530273;10200
2026-10-06;15:49:00;-03:00;20,639999389648438;20,670000076293945;20,6200008392334;20,670000076293945;72900
2026-10-06;15:50:00;-03:00;20,670000076293945;20,68000030517578;20,649999618530273;20,670000076293945;9400
2026-10-06;15:51:00;-03:00;20,68000030517578;20,700000762939453;20,670000076293945;20,700000762939453;24700
2026-10-06;15:52:00;-03:00;20,700000762939453;20,709999084472656;20,690000534057617;20,709999084472656;17400
2026-10-06;15:53:00;-03:00;20,709999084472656;20,719999313354492;20,700000762939453;20,709999084472656;9200
2026-10-06;15:54:00;-03:00;20,709999084472656;20,729999542236328;20,709999084472656;20,729999542236328;9400
2026-10-06;15:55:00;-03:00;20,729999542236328;20,75;20,729999542236328;20,729999542236328;13500
2026-10-06;15:56:00;-03:00;20,739999771118164;20,739999771118164;20,670000076293945;20,670000076293945;78600
2026-10-06;15:57:00;-03:00;20,670000076293945;20,700000762939453;20,670000076293945;20,700000762939453;10300
2026-10-06;15:58:00;-03:00;20,700000762939453;20,709999084472656;20,670000076293945;20,68000030517578;39300
2026-10-06;15:59:00;-03:00;20,670000076293945;20,68000030517578;20,649999618530273;20,649999618530273;16600
2026-10-06;16:00:00;-03:00;20,649999618530273;20,649999618530273;20,6200008392334;20,6299991607666;30900
2026-10-06;16:01:00;-03:00;20,639999389648438;20,639999389648438;20,6200008392334;20,6299991607666;16800
2026-10-06;16:02:00;-03:00;20,639999389648438;20,649999618530273;20,6299991607666;20,6299991607666;13600
2026-10-06;16:03:00;-03:00;20,639999389648438;20,639999389648438;20,6299991607666;20,6299991607666;12600
2026-10-06;16:04:00;-03:00;20,639999389648438;20,639999389648438;20,6299991607666;20,639999389648438;11800
2026-10-06;16:05:00;-03:00;20,639999389648438;20,639999389648438;20,6200008392334;20,6200008392334;19100
2026-10-06;16:06:00;-03:00;20,6200008392334;20,6299991607666;20,610000610351562;20,6299991607666;20900
2026-10-06;16:07:00;-03:00;20,6200008392334;20,6299991607666;20,610000610351562;20,610000610351562;20300
2026-10-06;16:08:00;-03:00;20,610000610351562;20,6299991607666;20,600000381469727;20,6200008392334;17800
2026-10-06;16:09:00;-03:00;20,6299991607666;20,6299991607666;20,610000610351562;20,6200008392334;14500
2026-10-06;16:10:00;-03:00;20,6200008392334;20,6200008392334;20,59000015258789;20,59000015258789;49000
2026-10-06;16:11:00;-03:00;20,600000381469727;20,610000610351562;20,600000381469727;20,600000381469727;19000
2026-10-06;16:12:00;-03:00;20,600000381469727;20,610000610351562;20,579999923706055;20,579999923706055;26000
2026-10-06;16:13:00;-03:00;20,59000015258789;20,610000610351562;20,579999923706055;20,59000015258789;42400
2026-10-06;16:14:00;-03:00;20,579999923706055;20,59000015258789;20,56999969482422;20,579999923706055;21000
2026-10-06;16:15:00;-03:00;20,59000015258789;20,59000015258789;20,56999969482422;20,59000015258789;12300
2026-10-06;16:16:00;-03:00;20,59000015258789;20,600000381469727;20,579999923706055;20,59000015258789;15700
2026-10-06;16:17:00;-03:00;20,579999923706055;20,600000381469727;20,579999923706055;20,59000015258789;12400
2026-10-06;16:18:00;-03:00;20,579999923706055;20,600000381469727;20,579999923706055;20,600000381469727;13900
2026-10-06;16:19:00;-03:00;20,600000381469727;20,6200008392334;20,600000381469727;20,6200008392334;24400
2026-10-06;16:20:00;-03:00;20,610000610351562;20,6200008392334;20,610000610351562;20,6200008392334;17700
2026-10-06;16:21:00;-03:00;20,610000610351562;20,649999618530273;20,610000610351562;20,649999618530273;24800
2026-10-06;16:22:00;-03:00;20,6299991607666;20,649999618530273;20,6299991607666;20,639999389648438;17700
2026-10-06;16:23:00;-03:00;20,6299991607666;20,649999618530273;20,6299991607666;20,649999618530273;26900
2026-10-06;16:24:00;-03:00;20,639999389648438;20,649999618530273;20,639999389648438;20,649999618530273;15800
2026-10-06;16:25:00;-03:00;20,639999389648438;20,649999618530273;20,639999389648438;20,649999618530273;15000
2026-10-06;16:26:00;-03:00;20,649999618530273;20,700000762939453;20,639999389648438;20,700000762939453;51200
2026-10-06;16:27:00;-03:00;20,700000762939453;20,709999084472656;20,68000030517578;20,690000534057617;40700
2026-10-06;16:28:00;-03:00;20,690000534057617;20,690000534057617;20,68000030517578;20,690000534057617;13300
2026-10-06;16:29:00;-03:00;20,690000534057617;20,690000534057617;20,670000076293945;20,68000030517578;36300
2026-10-06;16:30:00;-03:00;20,690000534057617;20,700000762939453;20,68000030517578;20,700000762939453;13600
2026-10-06;16:31:00;-03:00;20,700000762939453;20,709999084472656;20,690000534057617;20,690000534057617;18000
2026-10-06;16:32:00;-03:00;20,690000534057617;20,709999084472656;20,670000076293945;20,670000076293945;36400
2026-10-06;16:33:00;-03:00;20,68000030517578;20,68000030517578;20,670000076293945;20,68000030517578;5500
2026-10-06;16:34:00;-03:00;20,68000030517578;20,68000030517578;20,670000076293945;20,68000030517578;16700
2026-10-06;16:35:00;-03:00;20,68000030517578;20,690000534057617;20,68000030517578;20,690000534057617;13600
2026-10-06;16:36:00;-03:00;20,690000534057617;20,700000762939453;20,68000030517578;20,700000762939453;17700
2026-10-06;16:37:00;-03:00;20,700000762939453;20,709999084472656;20,690000534057617;20,709999084472656;37500
2026-10-06;16:38:00;-03:00;20,709999084472656;20,709999084472656;20,690000534057617;20,700000762939453;35200
2026-10-06;16:39:00;-03:00;20,700000762939453;20,709999084472656;20,68000030517578;20,690000534057617;25800
2026-10-06;16:40:00;-03:00;20,68000030517578;20,700000762939453;20,670000076293945;20,68000030517578;31500
2026-10-06;16:41:00;-03:00;20,670000076293945;20,690000534057617;20,670000076293945;20,690000534057617;15700
2026-10-06;16:42:00;-03:00;20,690000534057617;20,690000534057617;20,670000076293945;20,68000030517578;19100
2026-10-06;16:43:00;-03:00;20,68000030517578;20,68000030517578;20,639999389648438;20,639999389648438;75300
2026-10-06;16:44:00;-03:00;20,649999618530273;20,670000076293945;20,639999389648438;20,65999984741211;23300
2026-10-06;16:45:00;-03:00;20,65999984741211;20,68000030517578;20,65999984741211;20,68000030517578;27300
2026-10-06;16:46:00;-03:00;20,68000030517578;20,68000030517578;20,649999618530273;20,670000076293945;52300
2026-10-06;16:47:00;-03:00;20,670000076293945;20,68000030517578;20,65999984741211;20,68000030517578;39000
2026-10-06;16:48:00;-03:00;20,68000030517578;20,68000030517578;20,65999984741211;20,68000030517578;18800
2026-10-06;16:49:00;-03:00;20,68000030517578;20,68000030517578;20,65999984741211;20,68000030517578;38300
2026-10-06;16:50:00;-03:00;20,68000030517578;20,68000030517578;20,670000076293945;20,68000030517578;26300
2026-10-06;16:51:00;-03:00;20,68000030517578;20,690000534057617;20,670000076293945;20,690000534057617;42400
2026-10-06;16:52:00;-03:00;20,690000534057617;20,700000762939453;20,690000534057617;20,700000762939453;13700
2026-10-06;16:53:00;-03:00;20,700000762939453;20,700000762939453;20,68000030517578;20,700000762939453;38500
2026-10-06;16:54:00;-03:00;20,700000762939453;20,700000762939453;20,670000076293945;20,690000534057617;19400
2026-10-07;10:01:00;-03:00;20,770000457763672;20,770000457763672;20,690000534057617;20,760000228881836;0
2026-10-07;10:02:00;-03:00;20,780000686645508;20,81999969482422;20,780000686645508;20,809999465942383;8800
2026-10-07;10:03:00;-03:00;20,81999969482422;20,8700008392334;20,81999969482422;20,8700008392334;15200
2026-10-07;10:04:00;-03:00;20,8700008392334;20,899999618530273;20,860000610351562;20,8799991607666;29300
2026-10-07;10:05:00;-03:00;20,889999389648438;20,899999618530273;20,829999923706055;20,829999923706055;23700
2026-10-07;10:06:00;-03:00;20,829999923706055;20,84000015258789;20,790000915527344;20,809999465942383;11100
2026-10-07;10:07:00;-03:00;20,809999465942383;20,850000381469727;20,809999465942383;20,84000015258789;7900
2026-10-07;10:08:00;-03:00;20,829999923706055;20,850000381469727;20,799999237060547;20,809999465942383;18200
2026-10-07;10:09:00;-03:00;20,809999465942383;20,850000381469727;20,809999465942383;20,829999923706055;15000
2026-10-07;10:10:00;-03:00;20,829999923706055;20,84000015258789;20,639999389648438;20,639999389648438;39300
2026-10-07;10:11:00;-03:00;20,6299991607666;20,700000762939453;20,6299991607666;20,700000762939453;15000
2026-10-07;10:12:00;-03:00;20,709999084472656;20,739999771118164;20,709999084472656;20,739999771118164;4800
2026-10-07;10:13:00;-03:00;20,790000915527344;20,790000915527344;20,790000915527344;20,790000915527344;0
