Data;Hora;Fuso;Open;High;Low;Close;Volume
2026-10-01;10:01:00;-03:00;14,630000114440918;14,65999984741211;14,619999885559082;14,649999618530273;0
2026-10-01;10:02:00;-03:00;14,649999618530273;14,65999984741211;14,640000343322754;14,640000343322754;45500
2026-10-01;10:03:00;-03:00;14,640000343322754;14,640000343322754;14,619999885559082;14,640000343322754;90800
2026-10-01;10:04:00;-03:00;14,640000343322754;14,649999618530273;14,619999885559082;14,630000114440918;6100
2026-10-01;10:05:00;-03:00;14,619999885559082;14,619999885559082;14,600000381469727;14,600000381469727;67100
2026-10-01;10:06:00;-03:00;14,600000381469727;14,619999885559082;14,600000381469727;14,609999656677246;14300
2026-10-01;10:07:00;-03:00;14,609999656677246;14,609999656677246;14,579999923706055;14,609999656677246;479100
2026-10-01;10:08:00;-03:00;14,619999885559082;14,640000343322754;14,59000015258789;14,630000114440918;94400
2026-10-01;10:09:00;-03:00;14,619999885559082;14,640000343322754;14,600000381469727;14,609999656677246;90900
2026-10-01;10:10:00;-03:00;14,609999656677246;14,619999885559082;14,59000015258789;14,609999656677246;218000
2026-10-01;10:11:00;-03:00;14,609999656677246;14,649999618530273;14,609999656677246;14,640000343322754;29000
2026-10-01;10:12:00;-03:00;14,630000114440918;14,630000114440918;14,609999656677246;14,609999656677246;20800
2026-10-01;10:13:00;-03:00;14,619999885559082;14,640000343322754;14,619999885559082;14,630000114440918;44700
2026-10-01;10:14:00;-03:00;14,630000114440918;14,630000114440918;14,609999656677246;14,609999656677246;56400
2026-10-01;10:15:00;-03:00;14,619999885559082;14,619999885559082;14,609999656677246;14,609999656677246;5900
2026-10-01;10:16:00;-03:00;14,619999885559082;14,619999885559082;14,609999656677246;14,609999656677246;7200
2026-10-01;10:17:00;-03:00;14,609999656677246;14,630000114440918;14,609999656677246;14,630000114440918;84600
2026-10-01;10:18:00;-03:00;14,630000114440918;14,649999618530273;14,619999885559082;14,640000343322754;63800
2026-10-01;10:19:00;-03:00;14,640000343322754;14,640000343322754;14,630000114440918;14,640000343322754;6000
2026-10-01;10:20:00;-03:00;14,649999618530273;14,649999618530273;14,640000343322754;14,649999618530273;70700
2026-10-01;10:21:00;-03:00;14,649999618530273;14,670000076293945;14,649999618530273;14,670000076293945;90100
2026-10-01;10:22:00;-03:00;14,65999984741211;14,65999984741211;14,630000114440918;14,640000343322754;31700
2026-10-01;10:23:00;-03:00;14,649999618530273;14,649999618530273;14,619999885559082;14,619999885559082;19400
2026-10-01;10:24:00;-03:00;14,619999885559082;14,619999885559082;14,609999656677246;14,619999885559082;21600
2026-10-01;10:25:00;-03:00;14,609999656677246;14,630000114440918;14,609999656677246;14,630000114440918;33600
2026-10-01;10:26:00;-03:00;14,630000114440918;14,630000114440918;14,609999656677246;14,619999885559082;20700
2026-10-01;10:27:00;-03:00;14,619999885559082;14,619999885559082;14,609999656677246;14,619999885559082;13100
2026-10-01;10:28:00;-03:00;14,609999656677246;14,619999885559082;14,600000381469727;14,609999656677246;107400
2026-10-01;10:29:00;-03:00;14,619999885559082;14,619999885559082;14,600000381469727;14,600000381469727;26700
2026-10-01;10:30:00;-03:00;14,600000381469727;14,649999618530273;14,600000381469727;14,640000343322754;185000
2026-10-01;10:31:00;-03:00;14,640000343322754;14,65999984741211;14,640000343322754;14,649999618530273;110300
2026-10-01;10:32:00;-03:00;14,640000343322754;14,680000305175781;14,630000114440918;14,65999984741211;82600
2026-10-01;10:33:00;-03:00;14,670000076293945;14,680000305175781;14,649999618530273;14,65999984741211;67800
2026-10-01;10:34:00;-03:00;14,670000076293945;14,670000076293945;14,649999618530273;14,65999984741211;54300
2026-10-01;10:35:00;-03:00;14,649999618530273;14,649999618530273;14,630000114440918;14,630000114440918;58800
2026-10-01;10:36:00;-03:00;14,640000343322754;14,649999618530273;14,630000114440918;14,640000343322754;33100
2026-10-01;10:37:00;-03:00;14,640000343322754;14,640000343322754;14,600000381469727;14,600000381469727;172300
2026-10-01;10:38:00;-03:00;14,600000381469727;14,600000381469727;14,579999923706055;14,59000015258789;80700
2026-10-01;10:39:00;-03:00;14,59000015258789;14,609999656677246;14,579999923706055;14,600000381469727;22900
2026-10-01;10:40:00;-03:00;14,600000381469727;14,609999656677246;14,59000015258789;14,609999656677246;40100
2026-10-01;10:41:00;-03:00;14,609999656677246;14,619999885559082;14,609999656677246;14,609999656677246;16700
2026-10-01;10:42:00;-03:00;14,609999656677246;14,630000114440918;14,609999656677246;14,619999885559082;27700
2026-10-01;10:43:00;-03:00;14,619999885559082;14,640000343322754;14,619999885559082;14,630000114440918;63000
2026-10-01;10:44:00;-03:00;14,640000343322754;14,649999618530273;14,630000114440918;14,649999618530273;172500
2026-10-01;10:45:00;-03:00;14,640000343322754;14,65999984741211;14,640000343322754;14,649999618530273;182800
2026-10-01;10:46:00;-03:00;14,65999984741211;14,65999984741211;14,630000114440918;14,630000114440918;51300
2026-10-01;10:47:00;-03:00;14,640000343322754;14,640000343322754;14,600000381469727;14,609999656677246;72200
2026-10-01;10:48:00;-03:00;14,609999656677246;14,619999885559082;14,609999656677246;14,609999656677246;17800
2026-10-01;10:49:00;-03:00;14,619999885559082;14,619999885559082;14,59000015258789;14,600000381469727;106300
2026-10-01;10:50:00;-03:00;14,600000381469727;14,630000114440918;14,600000381469727;14,609999656677246;65200
2026-10-01;10:51:00;-03:00;14,609999656677246;14,619999885559082;14,5600004196167;14,569999694824219;54100
2026-10-01;10:52:00;-03:00;14,569999694824219;14,59000015258789;14,569999694824219;14,579999923706055;49000
2026-10-01;10:53:00;-03:00;14,579999923706055;14,59000015258789;14,5600004196167;14,579999923706055;50600
2026-10-01;10:54:00;-03:00;14,569999694824219;14,579999923706055;14,5600004196167;14,5600004196167;50700
2026-10-01;10:55:00;-03:00;14,5600004196167;14,5600004196167;14,529999732971191;14,539999961853027;68100
2026-10-01;10:56:00;-03:00;14,550000190734863;14,550000190734863;14,520000457763672;14,520000457763672;17100
2026-10-01;10:57:00;-03:00;14,520000457763672;14,550000190734863;14,520000457763672;14,539999961853027;37300
2026-10-01;10:58:00;-03:00;14,550000190734863;14,5600004196167;14,539999961853027;14,550000190734863;26000
2026-10-01;10:59:00;-03:00;14,550000190734863;14,5600004196167;14,550000190734863;14,550000190734863;22000
2026-10-01;11:00:00;-03:00;14,5600004196167;14,5600004196167;14,529999732971191;14,529999732971191;90000
2026-10-01;11:01:00;-03:00;14,529999732971191;14,539999961853027;14,489999771118164;14,5;65800
2026-10-01;11:02:00;-03:00;14,5;14,520000457763672;14,470000267028809;14,470000267028809;187500
2026-10-01;11:03:00;-03:00;14,470000267028809;14,510000228881836;14,470000267028809;14,5;61500
2026-10-01;11:04:00;-03:00;14,510000228881836;14,520000457763672;14,489999771118164;14,5;29600
2026-10-01;11:05:00;-03:00;14,5;14,510000228881836;14,5;14,510000228881836;24400
2026-10-01;11:06:00;-03:00;14,5;14,520000457763672;14,489999771118164;14,520000457763672;62100
2026-10-01;11:07:00;-03:00;14,529999732971191;14,550000190734863;14,529999732971191;14,539999961853027;117200
2026-10-01;11:08:00;-03:00;14,539999961853027;14,5600004196167;14,539999961853027;14,550000190734863;79400
2026-10-01;11:09:00;-03:00;14,539999961853027;14,5600004196167;14,539999961853027;14,550000190734863;30600
2026-10-01;11:10:00;-03:00;14,550000190734863;14,550000190734863;14,529999732971191;14,550000190734863;23100
2026-10-01;11:11:00;-03:00;14,539999961853027;14,539999961853027;14,510000228881836;14,520000457763672;24500
2026-10-01;11:12:00;-03:00;14,520000457763672;14,529999732971191;14,510000228881836;14,520000457763672;42900
2026-10-01;11:13:00;-03:00;14,529999732971191;14,529999732971191;14,520000457763672;14,529999732971191;42800
2026-10-01;11:14:00;-03:00;14,529999732971191;14,529999732971191;14,5;14,5;40600
2026-10-01;11:15:00;-03:00;14,510000228881836;14,520000457763672;14,5;14,510000228881836;19700
2026-10-01;11:16:00;-03:00;14,520000457763672;14,529999732971191;14,510000228881836;14,520000457763672;23800
2026-10-01;11:17:00;-03:00;14,520000457763672;14,550000190734863;14,520000457763672;14,539999961853027;42100
2026-10-01;11:18:00;-03:00;14,539999961853027;14,550000190734863;14,529999732971191;14,539999961853027;38100
2026-10-01;11:19:00;-03:00;14,529999732971191;14,539999961853027;14,529999732971191;14,529999732971191;46600
2026-10-01;11:20:00;-03:00;14,529999732971191;14,550000190734863;14,529999732971191;14,539999961853027;47900
2026-10-01;11:21:00;-03:00;14,550000190734863;14,550000190734863;14,520000457763672;14,529999732971191;34700
2026-10-01;11:22:00;-03:00;14,529999732971191;14,539999961853027;14,520000457763672;14,529999732971191;36600
2026-10-01;11:23:00;-03:00;14,529999732971191;14,539999961853027;14,520000457763672;14,520000457763672;44700
2026-10-01;11:24:00;-03:00;14,529999732971191;14,529999732971191;14,520000457763672;14,529999732971191;29700
2026-10-01;11:25:00;-03:00;14,520000457763672;14,529999732971191;14,5;14,5;35000
2026-10-01;11:26:00;-03:00;14,5;14,520000457763672;14,5;14,520000457763672;45100
2026-10-01;11:27:00;-03:00;14,510000228881836;14,520000457763672;14,489999771118164;14,489999771118164;127600
2026-10-01;11:28:00;-03:00;14,489999771118164;14,489999771118164;14,460000038146973;14,470000267028809;58600
2026-10-01;11:29:00;-03:00;14,479999542236328;14,489999771118164;14,470000267028809;14,489999771118164;19700
2026-10-01;11:30:00;-03:00;14,489999771118164;14,510000228881836;14,479999542236328;14,510000228881836;18700
2026-10-01;11:31:00;-03:00;14,510000228881836;14,510000228881836;14,489999771118164;14,5;14800
2026-10-01;11:32:00;-03:00;14,5;14,510000228881836;14,489999771118164;14,5;51300
2026-10-01;11:33:00;-03:00;14,5;14,510000228881836;14,479999542236328;14,479999542236328;29500
2026-10-01;11:34:00;-03:00;14,479999542236328;14,479999542236328;14,449999809265137;14,470000267028809;42400
2026-10-01;11:35:00;-03:00;14,470000267028809;14,479999542236328;14,460000038146973;14,460000038146973;54700
2026-10-01;11:36:00;-03:00;14,449999809265137;14,470000267028809;14,449999809265137;14,460000038146973;37900
2026-10-01;11:37:00;-03:00;14,470000267028809;14,479999542236328;14,460000038146973;14,470000267028809;37800
2026-10-01;11:38:00;-03:00;14,470000267028809;14,470000267028809;14,449999809265137;14,460000038146973;18500
2026-10-01;11:39:00;-03:00;14,470000267028809;14,479999542236328;14,460000038146973;14,470000267028809;10300
2026-10-01;11:40:00;-03:00;14,470000267028809;14,479999542236328;14,460000038146973;14,460000038146973;41400
2026-10-01;11:41:00;-03:00;14,460000038146973;14,470000267028809;14,430000305175781;14,4399995803833;71500
2026-10-01;11:42:00;-03:00;14,449999809265137;14,449999809265137;14,4399995803833;14,4399995803833;8500
2026-10-01;11:43:00;-03:00;14,430000305175781;14,449999809265137;14,420000076293945;14,4399995803833;65900
2026-10-01;11:44:00;-03:00;14,430000305175781;14,449999809265137;14,430000305175781;14,4399995803833;20500
2026-10-01;11:45:00;-03:00;14,449999809265137;14,489999771118164;14,449999809265137;14,479999542236328;41500
2026-10-01;11:46:00;-03:00;14,479999542236328;14,489999771118164;14,449999809265137;14,449999809265137;43600
2026-10-01;11:47:00;-03:00;14,449999809265137;14,449999809265137;14,430000305175781;14,430000305175781;28400
2026-10-01;11:48:00;-03:00;14,430000305175781;14,4399995803833;14,420000076293945;14,430000305175781;42800
2026-10-01;11:49:00;-03:00;14,430000305175781;14,449999809265137;14,430000305175781;14,4399995803833;29200
2026-10-01;11:50:00;-03:00;14,430000305175781;14,430000305175781;14,40999984741211;14,420000076293945;60200
2026-10-01;11:51:00;-03:00;14,430000305175781;14,4399995803833;14,420000076293945;14,430000305175781;52700
2026-10-01;11:52:00;-03:00;14,420000076293945;14,430000305175781;14,40999984741211;14,420000076293945;38500
2026-10-01;11:53:00;-03:00;14,40999984741211;14,40999984741211;14,399999618530273;14,399999618530273;159200
2026-10-01;11:54:00;-03:00;14,399999618530273;14,399999618530273;14,359999656677246;14,390000343322754;99200
2026-10-01;11:55:00;-03:00;14,390000343322754;14,399999618530273;14,390000343322754;14,390000343322754;38400
2026-10-01;11:56:00;-03:00;14,380000114440918;14,390000343322754;14,369999885559082;14,380000114440918;23900
2026-10-01;11:57:00;-03:00;14,380000114440918;14,390000343322754;14,369999885559082;14,390000343322754;33700
2026-10-01;11:58:00;-03:00;14,390000343322754;14,40999984741211;14,359999656677246;14,369999885559082;82500
2026-10-01;11:59:00;-03:00;14,380000114440918;14,380000114440918;14,359999656677246;14,369999885559082;90700
2026-10-01;12:00:00;-03:00;14,369999885559082;14,380000114440918;14,350000381469727;14,350000381469727;275000
2026-10-01;12:01:00;-03:00;14,350000381469727;14,369999885559082;14,350000381469727;14,359999656677246;89700
2026-10-01;12:02:00;-03:00;14,369999885559082;14,399999618530273;14,369999885559082;14,380000114440918;305200
2026-10-01;12:03:00;-03:00;14,369999885559082;14,390000343322754;14,369999885559082;14,390000343322754;19300
2026-10-01;12:04:00;-03:00;14,380000114440918;14,399999618530273;14,380000114440918;14,390000343322754;29400
2026-10-01;12:05:00;-03:00;14,390000343322754;14,399999618530273;14,380000114440918;14,380000114440918;18800
2026-10-01;12:06:00;-03:00;14,390000343322754;14,390000343322754;14,369999885559082;14,380000114440918;19700
2026-10-01;12:07:00;-03:00;14,380000114440918;14,399999618530273;14,369999885559082;14,369999885559082;32000
2026-10-01;12:08:00;-03:00;14,369999885559082;14,380000114440918;14,359999656677246;14,359999656677246;41000
2026-10-01;12:09:00;-03:00;14,369999885559082;14,369999885559082;14,34000015258789;14,34000015258789;23500
2026-10-01;12:10:00;-03:00;14,350000381469727;14,350000381469727;14,319999694824219;14,329999923706055;187800
2026-10-01;12:11:00;-03:00;14,319999694824219;14,34000015258789;14,319999694824219;14,329999923706055;54800
2026-10-01;12:12:00;-03:00;14,34000015258789;14,34000015258789;14,319999694824219;14,319999694824219;15500
2026-10-01;12:13:00;-03:00;14,319999694824219;14,34000015258789;14,319999694824219;14,329999923706055;42800
2026-10-01;12:14:00;-03:00;14,3100004196167;14,329999923706055;14,3100004196167;14,329999923706055;27100
2026-10-01;12:15:00;-03:00;14,319999694824219;14,329999923706055;14,3100004196167;14,3100004196167;49600
2026-10-01;12:16:00;-03:00;14,319999694824219;14,34000015258789;14,3100004196167;14,3100004196167;44200
2026-10-01;12:17:00;-03:00;14,319999694824219;14,34000015258789;14,3100004196167;14,34000015258789;33500
2026-10-01;12:18:00;-03:00;14,329999923706055;14,329999923706055;14,319999694824219;14,329999923706055;11000
2026-10-01;12:19:00;-03:00;14,319999694824219;14,319999694824219;14,289999961853027;14,319999694824219;393200
2026-10-01;12:20:00;-03:00;14,3100004196167;14,329999923706055;14,3100004196167;14,3100004196167;54100
2026-10-01;12:21:00;-03:00;14,3100004196167;14,329999923706055;14,3100004196167;14,329999923706055;98600
2026-10-01;12:22:00;-03:00;14,319999694824219;14,329999923706055;14,319999694824219;14,319999694824219;22100
2026-10-01;12:23:00;-03:00;14,3100004196167;14,34000015258789;14,3100004196167;14,329999923706055;35000
2026-10-01;12:24:00;-03:00;14,329999923706055;14,34000015258789;14,329999923706055;14,329999923706055;30700
2026-10-01;12:25:00;-03:00;14,329999923706055;14,350000381469727;14,329999923706055;14,34000015258789;20500
2026-10-01;12:26:00;-03:00;14,34000015258789;14,350000381469727;14,34000015258789;14,34000015258789;26600
2026-10-01;12:27:00;-03:00;14,34000015258789;14,369999885559082;14,34000015258789;14,359999656677246;159600
2026-10-01;12:28:00;-03:00;14,350000381469727;14,369999885559082;14,350000381469727;14,359999656677246;16900
2026-10-01;12:29:00;-03:00;14,359999656677246;14,390000343322754;14,350000381469727;14,369999885559082;35700
2026-10-01;12:30:00;-03:00;14,369999885559082;14,369999885559082;14,34000015258789;14,359999656677246;30700
2026-10-01;12:31:00;-03:00;14,350000381469727;14,359999656677246;14,34000015258789;14,359999656677246;17400
2026-10-01;12:32:00;-03:00;14,359999656677246;14,369999885559082;14,350000381469727;14,350000381469727;26300
2026-10-01;12:33:00;-03:00;14,359999656677246;14,369999885559082;14,34000015258789;14,34000015258789;36600
2026-10-01;12:34:00;-03:00;14,34000015258789;14,350000381469727;14,3100004196167;14,319999694824219;98300
2026-10-01;12:35:00;-03:00;14,329999923706055;14,329999923706055;14,3100004196167;14,319999694824219;27000
2026-10-01;12:36:00;-03:00;14,319999694824219;14,329999923706055;14,319999694824219;14,319999694824219;15600
2026-10-01;12:37:00;-03:00;14,319999694824219;14,319999694824219;14,300000190734863;14,300000190734863;21100
2026-10-01;12:38:00;-03:00;14,3100004196167;14,34000015258789;14,3100004196167;14,319999694824219;61500
2026-10-01;12:39:00;-03:00;14,329999923706055;14,329999923706055;14,319999694824219;14,329999923706055;35400
2026-10-01;12:40:00;-03:00;14,329999923706055;14,34000015258789;14,329999923706055;14,329999923706055;11700
2026-10-01;12:41:00;-03:00;14,34000015258789;14,34000015258789;14,3100004196167;14,319999694824219;22500
2026-10-01;12:42:00;-03:00;14,319999694824219;14,329999923706055;14,3100004196167;14,319999694824219;16800
2026-10-01;12:43:00;-03:00;14,319999694824219;14,319999694824219;14,3100004196167;14,3100004196167;40800
2026-10-01;12:44:00;-03:00;14,3100004196167;14,3100004196167;14,279999732971191;14,300000190734863;84700
2026-10-01;12:45:00;-03:00;14,289999961853027;14,300000190734863;14,279999732971191;14,300000190734863;22000
2026-10-01;12:46:00;-03:00;14,300000190734863;14,319999694824219;14,300000190734863;14,3100004196167;44900
2026-10-01;12:47:00;-03:00;14,3100004196167;14,329999923706055;14,3100004196167;14,329999923706055;15900
2026-10-01;12:48:00;-03:00;14,319999694824219;14,34000015258789;14,3100004196167;14,329999923706055;138900
2026-10-01;12:49:00;-03:00;14,319999694824219;14,329999923706055;14,319999694824219;14,319999694824219;20300
2026-10-01;12:50:00;-03:00;14,319999694824219;14,319999694824219;14,289999961853027;14,300000190734863;128800
2026-10-01;12:51:00;-03:00;14,289999961853027;14,329999923706055;14,289999961853027;14,329999923706055;65600
2026-10-01;12:52:00;-03:00;14,329999923706055;14,329999923706055;14,319999694824219;14,329999923706055;16900
2026-10-01;12:53:00;-03:00;14,329999923706055;14,329999923706055;14,3100004196167;14,319999694824219;18300
2026-10-01;12:54:00;-03:00;14,319999694824219;14,34000015258789;14,319999694824219;14,329999923706055;28800
2026-10-01;12:55:00;-03:00;14,319999694824219;14,34000015258789;14,3100004196167;14,329999923706055;71500
2026-10-01;12:56:00;-03:00;14,329999923706055;14,34000015258789;14,329999923706055;14,329999923706055;28100
2026-10-01;12:57:00;-03:00;14,319999694824219;14,34000015258789;14,319999694824219;14,319999694824219;45600
2026-10-01;12:58:00;-03:00;14,319999694824219;14,329999923706055;14,3100004196167;14,3100004196167;16700
2026-10-01;12:59:00;-03:00;14,319999694824219;14,329999923706055;14,319999694824219;14,319999694824219;10900
2026-10-01;13:00:00;-03:00;14,319999694824219;14,329999923706055;14,319999694824219;14,319999694824219;75000
2026-10-01;13:01:00;-03:00;14,319999694824219;14,34000015258789;14,319999694824219;14,329999923706055;18700
2026-10-01;13:02:00;-03:00;14,329999923706055;14,34000015258789;14,329999923706055;14,329999923706055;4600
2026-10-01;13:03:00;-03:00;14,329999923706055;14,34000015258789;14,319999694824219;14,319999694824219;14500
2026-10-01;13:04:00;-03:00;14,329999923706055;14,34000015258789;14,319999694824219;14,329999923706055;27300
2026-10-01;13:05:00;-03:00;14,329999923706055;14,350000381469727;14,329999923706055;14,34000015258789;246800
2026-10-01;13:06:00;-03:00;14,34000015258789;14,369999885559082;14,34000015258789;14,350000381469727;117200
2026-10-01;13:07:00;-03:00;14,350000381469727;14,359999656677246;14,34000015258789;14,350000381469727;80600
2026-10-01;13:08:00;-03:00;14,34000015258789;14,350000381469727;14,34000015258789;14,34000015258789;9000
2026-10-01;13:09:00;-03:00;14,350000381469727;14,359999656677246;14,34000015258789;14,350000381469727;34000
2026-10-01;13:10:00;-03:00;14,350000381469727;14,359999656677246;14,350000381469727;14,350000381469727;2600
2026-10-01;13:11:00;-03:00;14,359999656677246;14,369999885559082;14,34000015258789;14,369999885559082;149900
2026-10-01;13:12:00;-03:00;14,369999885559082;14,369999885559082;14,350000381469727;14,359999656677246;30800
2026-10-01;13:13:00;-03:00;14,359999656677246;14,369999885559082;14,350000381469727;14,369999885559082;56000
2026-10-01;13:14:00;-03:00;14,359999656677246;14,359999656677246;14,350000381469727;14,359999656677246;47300
2026-10-01;13:15:00;-03:00;14,359999656677246;14,369999885559082;14,350000381469727;14,359999656677246;52900
2026-10-01;13:16:00;-03:00;14,359999656677246;14,390000343322754;14,359999656677246;14,390000343322754;83400
2026-10-01;13:17:00;-03:00;14,380000114440918;14,390000343322754;14,369999885559082;14,369999885559082;68300
2026-10-01;13:18:00;-03:00;14,380000114440918;14,380000114440918;14,369999885559082;14,380000114440918;3500
2026-10-01;13:19:00;-03:00;14,369999885559082;14,369999885559082;14,359999656677246;14,369999885559082;46300
2026-10-01;13:20:00;-03:00;14,359999656677246;14,380000114440918;14,359999656677246;14,380000114440918;148000
2026-10-01;13:21:00;-03:00;14,380000114440918;14,399999618530273;14,369999885559082;14,399999618530273;62600
2026-10-01;13:22:00;-03:00;14,399999618530273;14,420000076293945;14,399999618530273;14,40999984741211;136000
2026-10-01;13:23:00;-03:00;14,40999984741211;14,430000305175781;14,40999984741211;14,420000076293945;63900
2026-10-01;13:24:00;-03:00;14,420000076293945;14,4399995803833;14,420000076293945;14,4399995803833;51100
2026-10-01;13:25:00;-03:00;14,430000305175781;14,4399995803833;14,420000076293945;14,430000305175781;73000
2026-10-01;13:26:00;-03:00;14,430000305175781;14,4399995803833;14,420000076293945;14,4399995803833;17600
2026-10-01;13:27:00;-03:00;14,4399995803833;14,449999809265137;14,4399995803833;14,4399995803833;80300
2026-10-01;13:28:00;-03:00;14,449999809265137;14,449999809265137;14,430000305175781;14,4399995803833;99900
2026-10-01;13:29:00;-03:00;14,449999809265137;14,470000267028809;14,449999809265137;14,460000038146973;305800
2026-10-01;13:30:00;-03:00;14,460000038146973;14,470000267028809;14,449999809265137;14,460000038146973;160800
2026-10-01;13:31:00;-03:00;14,460000038146973;14,470000267028809;14,460000038146973;14,460000038146973;29000
2026-10-01;13:32:00;-03:00;14,460000038146973;14,460000038146973;14,4399995803833;14,460000038146973;130100
2026-10-01;13:33:00;-03:00;14,460000038146973;14,479999542236328;14,460000038146973;14,470000267028809;81100
2026-10-01;13:34:00;-03:00;14,470000267028809;14,479999542236328;14,470000267028809;14,479999542236328;12800
2026-10-01;13:35:00;-03:00;14,479999542236328;14,479999542236328;14,449999809265137;14,449999809265137;77100
2026-10-01;13:36:00;-03:00;14,460000038146973;14,460000038146973;14,4399995803833;14,4399995803833;29900
2026-10-01;13:37:00;-03:00;14,4399995803833;14,449999809265137;14,430000305175781;14,430000305175781;693900
2026-10-01;13:38:00;-03:00;14,4399995803833;14,4399995803833;14,420000076293945;14,430000305175781;10800
2026-10-01;13:39:00;-03:00;14,420000076293945;14,430000305175781;14,390000343322754;14,399999618530273;56200
2026-10-01;13:40:00;-03:00;14,399999618530273;14,420000076293945;14,399999618530273;14,420000076293945;90900
2026-10-01;13:41:00;-03:00;14,40999984741211;14,40999984741211;14,380000114440918;14,390000343322754;63800
2026-10-01;13:42:00;-03:00;14,380000114440918;14,390000343322754;14,369999885559082;14,390000343322754;50000
2026-10-01;13:43:00;-03:00;14,380000114440918;14,380000114440918;14,369999885559082;14,369999885559082;13600
2026-10-01;13:44:00;-03:00;14,369999885559082;14,390000343322754;14,359999656677246;14,390000343322754;84000
2026-10-01;13:45:00;-03:00;14,380000114440918;14,399999618530273;14,380000114440918;14,390000343322754;106300
2026-10-01;13:46:00;-03:00;14,399999618530273;14,399999618530273;14,380000114440918;14,390000343322754;29300
2026-10-01;13:47:00;-03:00;14,390000343322754;14,390000343322754;14,380000114440918;14,380000114440918;33800
2026-10-01;13:48:00;-03:00;14,390000343322754;14,390000343322754;14,380000114440918;14,390000343322754;5300
2026-10-01;13:49:00;-03:00;14,380000114440918;14,390000343322754;14,380000114440918;14,390000343322754;63100
2026-10-01;13:50:00;-03:00;14,390000343322754;14,390000343322754;14,359999656677246;14,359999656677246;42900
2026-10-01;13:51:00;-03:00;14,359999656677246;14,380000114440918;14,350000381469727;14,359999656677246;18700
2026-10-01;13:52:00;-03:00;14,350000381469727;14,369999885559082;14,350000381469727;14,369999885559082;30400
2026-10-01;13:53:00;-03:00;14,359999656677246;14,369999885559082;14,359999656677246;14,359999656677246;4200
2026-10-01;13:54:00;-03:00;14,369999885559082;14,369999885559082;14,359999656677246;14,359999656677246;3800
2026-10-01;13:55:00;-03:00;14,359999656677246;14,369999885559082;14,350000381469727;14,350000381469727;59600
2026-10-01;13:56:00;-03:00;14,350000381469727;14,359999656677246;14,34000015258789;14,34000015258789;38900
2026-10-01;13:57:00;-03:00;14,350000381469727;14,350000381469727;14,34000015258789;14,350000381469727;13500
2026-10-01;13:58:00;-03:00;14,359999656677246;14,369999885559082;14,350000381469727;14,369999885559082;29600
2026-10-01;13:59:00;-03:00;14,369999885559082;14,369999885559082;14,359999656677246;14,369999885559082;9000
2026-10-01;14:00:00;-03:00;14,359999656677246;14,369999885559082;14,350000381469727;14,359999656677246;140600
2026-10-01;14:01:00;-03:00;14,369999885559082;14,369999885559082;14,350000381469727;14,359999656677246;171600
2026-10-01;14:02:00;-03:00;14,359999656677246;14,380000114440918;14,350000381469727;14,380000114440918;42300
2026-10-01;14:03:00;-03:00;14,369999885559082;14,390000343322754;14,369999885559082;14,380000114440918;23100
2026-10-01;14:04:00;-03:00;14,380000114440918;14,399999618530273;14,380000114440918;14,399999618530273;26600
2026-10-01;14:05:00;-03:00;14,399999618530273;14,40999984741211;14,390000343322754;14,390000343322754;64000
2026-10-01;14:06:00;-03:00;14,399999618530273;14,40999984741211;14,390000343322754;14,390000343322754;31000
2026-10-01;14:07:00;-03:00;14,399999618530273;14,40999984741211;14,390000343322754;14,390000343322754;27300
2026-10-01;14:08:00;-03:00;14,390000343322754;14,399999618530273;14,390000343322754;14,390000343322754;15700
2026-10-01;14:09:00;-03:00;14,390000343322754;14,40999984741211;14,380000114440918;14,380000114440918;84500
2026-10-01;14:10:00;-03:00;14,380000114440918;14,380000114440918;14,369999885559082;14,369999885559082;13000
2026-10-01;14:11:00;-03:00;14,369999885559082;14,390000343322754;14,369999885559082;14,380000114440918;22500
2026-10-01;14:12:00;-03:00;14,390000343322754;14,390000343322754;14,369999885559082;14,369999885559082;12600
2026-10-01;14:13:00;-03:00;14,369999885559082;14,390000343322754;14,369999885559082;14,390000343322754;24700
2026-10-01;14:14:00;-03:00;14,390000343322754;14,399999618530273;14,380000114440918;14,380000114440918;33100
2026-10-01;14:15:00;-03:00;14,380000114440918;14,40999984741211;14,380000114440918;14,40999984741211;43800
2026-10-01;14:16:00;-03:00;14,399999618530273;14,40999984741211;14,399999618530273;14,40999984741211;8700
2026-10-01;14:17:00;-03:00;14,40999984741211;14,420000076293945;14,399999618530273;14,420000076293945;21800
2026-10-01;14:18:00;-03:00;14,420000076293945;14,420000076293945;14,40999984741211;14,420000076293945;4800
2026-10-01;14:19:00;-03:00;14,420000076293945;14,430000305175781;14,420000076293945;14,430000305175781;16900
2026-10-01;14:20:00;-03:00;14,430000305175781;14,460000038146973;14,430000305175781;14,449999809265137;62800
2026-10-01;14:21:00;-03:00;14,449999809265137;14,449999809265137;14,430000305175781;14,4399995803833;563900
2026-10-01;14:22:00;-03:00;14,430000305175781;14,430000305175781;14,420000076293945;14,430000305175781;37800
2026-10-01;14:23:00;-03:00;14,430000305175781;14,449999809265137;14,430000305175781;14,449999809265137;33200
2026-10-01;14:24:00;-03:00;14,449999809265137;14,460000038146973;14,4399995803833;14,460000038146973;21700
2026-10-01;14:25:00;-03:00;14,460000038146973;14,470000267028809;14,449999809265137;14,470000267028809;54700
2026-10-01;14:26:00;-03:00;14,470000267028809;14,479999542236328;14,460000038146973;14,460000038146973;72100
2026-10-01;14:27:00;-03:00;14,460000038146973;14,470000267028809;14,449999809265137;14,460000038146973;28400
2026-10-01;14:28:00;-03:00;14,449999809265137;14,449999809265137;14,4399995803833;14,4399995803833;74700
2026-10-01;14:29:00;-03:00;14,430000305175781;14,4399995803833;14,430000305175781;14,4399995803833;3200
2026-10-01;14:30:00;-03:00;14,4399995803833;14,470000267028809;14,4399995803833;14,470000267028809;118300
2026-10-01;14:31:00;-03:00;14,460000038146973;14,460000038146973;14,4399995803833;14,449999809265137;18400
2026-10-01;14:32:00;-03:00;14,449999809265137;14,449999809265137;14,430000305175781;14,430000305175781;55600
2026-10-01;14:33:00;-03:00;14,430000305175781;14,4399995803833;14,430000305175781;14,4399995803833;17500
2026-10-01;14:34:00;-03:00;14,430000305175781;14,4399995803833;14,430000305175781;14,4399995803833;33000
2026-10-01;14:35:00;-03:00;14,430000305175781;14,449999809265137;14,430000305175781;14,4399995803833;29800
2026-10-01;14:36:00;-03:00;14,430000305175781;14,449999809265137;14,430000305175781;14,449999809265137;66900
2026-10-01;14:37:00;-03:00;14,460000038146973;14,460000038146973;14,4399995803833;14,449999809265137;19000
2026-10-01;14:38:00;-03:00;14,4399995803833;14,449999809265137;14,4399995803833;14,4399995803833;3500
2026-10-01;14:39:00;-03:00;14,4399995803833;14,449999809265137;14,4399995803833;14,449999809265137;4900
2026-10-01;14:40:00;-03:00;14,449999809265137;14,449999809265137;14,4399995803833;14,449999809265137;5300
2026-10-01;14:41:00;-03:00;14,4399995803833;14,4399995803833;14,430000305175781;14,4399995803833;19300
2026-10-01;14:42:00;-03:00;14,430000305175781;14,4399995803833;14,430000305175781;14,4399995803833;2100
2026-10-01;14:43:00;-03:00;14,4399995803833;14,449999809265137;14,4399995803833;14,449999809265137;21000
2026-10-01;14:44:00;-03:00;14,449999809265137;14,449999809265137;14,430000305175781;14,4399995803833;27300
2026-10-01;14:45:00;-03:00;14,430000305175781;14,449999809265137;14,430000305175781;14,449999809265137;27600
2026-10-01;14:46:00;-03:00;14,4399995803833;14,4399995803833;14,430000305175781;14,4399995803833;8300
2026-10-01;14:47:00;-03:00;14,4399995803833;14,4399995803833;14,420000076293945;14,430000305175781;43300
2026-10-01;14:48:00;-03:00;14,420000076293945;14,430000305175781;14,420000076293945;14,430000305175781;1400
2026-10-01;14:49:00;-03:00;14,420000076293945;14,430000305175781;14,420000076293945;14,430000305175781;16800
2026-10-01;14:50:00;-03:00;14,420000076293945;14,4399995803833;14,420000076293945;14,430000305175781;44500
2026-10-01;14:51:00;-03:00;14,4399995803833;14,449999809265137;14,430000305175781;14,4399995803833;114400
2026-10-01;14:52:00;-03:00;14,4399995803833;14,449999809265137;14,430000305175781;14,4399995803833;200500
2026-10-01;14:53:00;-03:00;14,430000305175781;14,4399995803833;14,430000305175781;14,4399995803833;26200
2026-10-01;14:54:00;-03:00;14,430000305175781;14,430000305175781;14,40999984741211;14,420000076293945;81800
2026-10-01;14:55:00;-03:00;14,40999984741211;14,420000076293945;14,399999618530273;14,420000076293945;23200
2026-10-01;14:56:00;-03:00;14,420000076293945;14,4399995803833;14,420000076293945;14,420000076293945;60700
2026-10-01;14:57:00;-03:00;14,430000305175781;14,430000305175781;14,399999618530273;14,430000305175781;42000
2026-10-01;14:58:00;-03:00;14,420000076293945;14,430000305175781;14,40999984741211;14,430000305175781;29900
2026-10-01;14:59:00;-03:00;14,420000076293945;14,430000305175781;14,40999984741211;14,430000305175781;16700
2026-10-01;15:00:00;-03:00;14,420000076293945;14,430000305175781;14,399999618530273;14,40999984741211;26600
2026-10-01;15:01:00;-03:00;14,399999618530273;14,430000305175781;14,399999618530273;14,420000076293945;147000
2026-10-01;15:02:00;-03:00;14,420000076293945;14,430000305175781;14,420000076293945;14,420000076293945;53100
2026-10-01;15:03:00;-03:00;14,420000076293945;14,430000305175781;14,40999984741211;14,430000305175781;49100
2026-10-01;15:04:00;-03:00;14,40999984741211;14,420000076293945;14,40999984741211;14,40999984741211;38500
2026-10-01;15:05:00;-03:00;14,420000076293945;14,430000305175781;14,40999984741211;14,420000076293945;128600
2026-10-01;15:06:00;-03:00;14,40999984741211;14,420000076293945;14,40999984741211;14,420000076293945;7200
2026-10-01;15:07:00;-03:00;14,40999984741211;14,430000305175781;14,40999984741211;14,430000305175781;96700
2026-10-01;15:08:00;-03:00;14,420000076293945;14,420000076293945;14,399999618530273;14,399999618530273;43700
2026-10-01;15:09:00;-03:00;14,399999618530273;14,420000076293945;14,399999618530273;14,420000076293945;53400
2026-10-01;15:10:00;-03:00;14,40999984741211;14,420000076293945;14,40999984741211;14,420000076293945;6900
2026-10-01;15:11:00;-03:00;14,420000076293945;14,420000076293945;14,40999984741211;14,420000076293945;15100
2026-10-01;15:12:00;-03:00;14,40999984741211;14,420000076293945;14,40999984741211;14,420000076293945;4600
2026-10-01;15:13:00;-03:00;14,420000076293945;14,430000305175781;14,40999984741211;14,420000076293945;58500
2026-10-01;15:14:00;-03:00;14,420000076293945;14,420000076293945;14,40999984741211;14,420000076293945;6500
2026-10-01;15:15:00;-03:00;14,420000076293945;14,430000305175781;14,40999984741211;14,420000076293945;109600
2026-10-01;15:16:00;-03:00;14,40999984741211;14,430000305175781;14,40999984741211;14,420000076293945;36500
2026-10-01;15:17:00;-03:00;14,420000076293945;14,420000076293945;14,40999984741211;14,420000076293945;12600
2026-10-01;15:18:00;-03:00;14,420000076293945;14,420000076293945;14,40999984741211;14,420000076293945;7000
2026-10-01;15:19:00;-03:00;14,40999984741211;14,420000076293945;14,399999618530273;14,40999984741211;27000
2026-10-01;15:20:00;-03:00;14,40999984741211;14,40999984741211;14,399999618530273;14,40999984741211;61600
2026-10-01;15:21:00;-03:00;14,40999984741211;14,420000076293945;14,399999618530273;14,420000076293945;89400
2026-10-01;15:22:00;-03:00;14,420000076293945;14,420000076293945;14,399999618530273;14,40999984741211;109900
2026-10-01;15:23:00;-03:00;14,399999618530273;14,430000305175781;14,399999618530273;14,430000305175781;63100
2026-10-01;15:24:00;-03:00;14,420000076293945;14,430000305175781;14,40999984741211;14,420000076293945;19400
2026-10-01;15:25:00;-03:00;14,40999984741211;14,420000076293945;14,399999618530273;14,40999984741211;19800
2026-10-01;15:26:00;-03:00;14,399999618530273;14,40999984741211;14,399999618530273;14,399999618530273;18800
2026-10-01;15:27:00;-03:00;14,40999984741211;14,40999984741211;14,390000343322754;14,40999984741211;196500
2026-10-01;15:28:00;-03:00;14,399999618530273;14,40999984741211;14,390000343322754;14,399999618530273;42800
2026-10-01;15:29:00;-03:00;14,390000343322754;14,399999618530273;14,390000343322754;14,399999618530273;52500
2026-10-01;15:30:00;-03:00;14,399999618530273;14,40999984741211;14,390000343322754;14,40999984741211;203600
2026-10-01;15:31:00;-03:00;14,40999984741211;14,420000076293945;14,399999618530273;14,420000076293945;97200
2026-10-01;15:32:00;-03:00;14,40999984741211;14,40999984741211;14,399999618530273;14,40999984741211;2800
2026-10-01;15:33:00;-03:00;14,399999618530273;14,40999984741211;14,399999618530273;14,399999618530273;3600
2026-10-01;15:34:00;-03:00;14,399999618530273;14,430000305175781;14,399999618530273;14,430000305175781;93300
2026-10-01;15:35:00;-03:00;14,430000305175781;14,430000305175781;14,40999984741211;14,420000076293945;45300
2026-10-01;15:36:00;-03:00;14,420000076293945;14,420000076293945;14,40999984741211;14,40999984741211;3000
2026-10-01;15:37:00;-03:00;14,40999984741211;14,420000076293945;14,40999984741211;14,40999984741211;5300
2026-10-01;15:38:00;-03:00;14,40999984741211;14,430000305175781;14,40999984741211;14,430000305175781;36700
2026-10-01;15:39:00;-03:00;14,420000076293945;14,430000305175781;14,40999984741211;14,430000305175781;58000
2026-10-01;15:40:00;-03:00;14,420000076293945;14,430000305175781;14,40999984741211;14,420000076293945;42700
2026-10-01;15:41:00;-03:00;14,40999984741211;14,420000076293945;14,399999618530273;14,420000076293945;176600
2026-10-01;15:42:00;-03:00;14,40999984741211;14,420000076293945;14,40999984741211;14,420000076293945;6000
2026-10-01;15:43:00;-03:00;14,40999984741211;14,420000076293945;14,399999618530273;14,420000076293945;49100
2026-10-01;15:44:00;-03:00;14,399999618530273;14,430000305175781;14,399999618530273;14,430000305175781;547400
2026-10-01;15:45:00;-03:00;14,430000305175781;14,430000305175781;14,420000076293945;14,430000305175781;6500
2026-10-01;15:46:00;-03:00;14,420000076293945;14,430000305175781;14,40999984741211;14,40999984741211;90300
2026-10-01;15:47:00;-03:00;14,399999618530273;14,420000076293945;14,399999618530273;14,420000076293945;76900
2026-10-01;15:48:00;-03:00;14,40999984741211;14,420000076293945;14,40999984741211;14,420000076293945;33600
2026-10-01;15:49:00;-03:00;14,420000076293945;14,420000076293945;14,390000343322754;14,399999618530273;278100
2026-10-01;15:50:00;-03:00;14,390000343322754;14,40999984741211;14,390000343322754;14,40999984741211;89800
2026-10-01;15:51:00;-03:00;14,399999618530273;14,40999984741211;14,399999618530273;14,399999618530273;12600
2026-10-01;15:52:00;-03:00;14,40999984741211;14,40999984741211;14,390000343322754;14,40999984741211;21400
2026-10-01;15:53:00;-03:00;14,390000343322754;14,420000076293945;14,390000343322754;14,420000076293945;182700
2026-10-01;15:54:00;-03:00;14,420000076293945;14,420000076293945;14,399999618530273;14,399999618530273;22300
2026-10-01;15:55:00;-03:00;14,40999984741211;14,40999984741211;14,399999618530273;14,399999618530273;41900
2026-10-01;15:56:00;-03:00;14,399999618530273;14,40999984741211;14,399999618530273;14,40999984741211;16200
2026-10-01;15:57:00;-03:00;14,399999618530273;14,40999984741211;14,399999618530273;14,40999984741211;55000
2026-10-01;15:58:00;-03:00;14,399999618530273;14,40999984741211;14,399999618530273;14,40999984741211;30800
2026-10-01;15:59:00;-03:00;14,399999618530273;14,40999984741211;14,399999618530273;14,40999984741211;96100
2026-10-01;16:00:00;-03:00;14,399999618530273;14,420000076293945;14,399999618530273;14,420000076293945;133300
2026-10-01;16:01:00;-03:00;14,40999984741211;14,4399995803833;14,40999984741211;14,4399995803833;241200
2026-10-01;16:02:00;-03:00;14,4399995803833;14,4399995803833;14,420000076293945;14,430000305175781;64300
2026-10-01;16:03:00;-03:00;14,430000305175781;14,430000305175781;14,40999984741211;14,430000305175781;203500
2026-10-01;16:04:00;-03:00;14,420000076293945;14,430000305175781;14,40999984741211;14,430000305175781;28300
2026-10-01;16:05:00;-03:00;14,420000076293945;14,420000076293945;14,40999984741211;14,40999984741211;37600
2026-10-01;16:06:00;-03:00;14,40999984741211;14,430000305175781;14,40999984741211;14,420000076293945;123500
2026-10-01;16:07:00;-03:00;14,420000076293945;14,430000305175781;14,40999984741211;14,430000305175781;47200
2026-10-01;16:08:00;-03:00;14,420000076293945;14,4399995803833;14,420000076293945;14,4399995803833;47500
2026-10-01;16:09:00;-03:00;14,4399995803833;14,4399995803833;14,430000305175781;14,4399995803833;23500
2026-10-01;16:10:00;-03:00;14,430000305175781;14,4399995803833;14,430000305175781;14,4399995803833;19500
2026-10-01;16:11:00;-03:00;14,4399995803833;14,4399995803833;14,430000305175781;14,4399995803833;17100
2026-10-01;16:12:00;-03:00;14,4399995803833;14,4399995803833;14,430000305175781;14,430000305175781;17200
2026-10-01;16:13:00;-03:00;14,430000305175781;14,449999809265137;14,430000305175781;14,449999809265137;105400
2026-10-01;16:14:00;-03:00;14,4399995803833;14,449999809265137;14,4399995803833;14,4399995803833;3200
2026-10-01;16:15:00;-03:00;14,4399995803833;14,449999809265137;14,430000305175781;14,4399995803833;68100
2026-10-01;16:16:00;-03:00;14,430000305175781;14,4399995803833;14,430000305175781;14,4399995803833;31100
2026-10-01;16:17:00;-03:00;14,430000305175781;14,430000305175781;14,420000076293945;14,430000305175781;126600
2026-10-01;16:18:00;-03:00;14,430000305175781;14,430000305175781;14,420000076293945;14,430000305175781;68800
2026-10-01;16:19:00;-03:00;14,420000076293945;14,4399995803833;14,420000076293945;14,430000305175781;73400
2026-10-01;16:20:00;-03:00;14,430000305175781;14,4399995803833;14,420000076293945;14,430000305175781;57400
2026-10-01;16:21:00;-03:00;14,430000305175781;14,4399995803833;14,420000076293945;14,430000305175781;43300
2026-10-01;16:22:00;-03:00;14,420000076293945;14,430000305175781;14,420000076293945;14,430000305175781;69000
2026-10-01;16:23:00;-03:00;14,420000076293945;14,430000305175781;14,420000076293945;14,430000305175781;11700
2026-10-01;16:24:00;-03:00;14,420000076293945;14,430000305175781;14,420000076293945;14,430000305175781;44600
2026-10-01;16:25:00;-03:00;14,420000076293945;14,430000305175781;14,420000076293945;14,430000305175781;31100
2026-10-01;16:26:00;-03:00;14,430000305175781;14,430000305175781;14,420000076293945;14,420000076293945;60100
2026-10-01;16:27:00;-03:00;14,430000305175781;14,4399995803833;14,430000305175781;14,4399995803833;63800
2026-10-01;16:28:00;-03:00;14,4399995803833;14,449999809265137;14,430000305175781;14,449999809265137;251000
2026-10-01;16:29:00;-03:00;14,4399995803833;14,449999809265137;14,430000305175781;14,449999809265137;95300
2026-10-01;16:30:00;-03:00;14,449999809265137;14,449999809265137;14,4399995803833;14,449999809265137;15100
2026-10-01;16:31:00;-03:00;14,4399995803833;14,449999809265137;14,4399995803833;14,449999809265137;87900
2026-10-01;16:32:00;-03:00;14,4399995803833;14,460000038146973;14,4399995803833;14,460000038146973;277500
2026-10-01;16:33:00;-03:00;14,460000038146973;14,470000267028809;14,449999809265137;14,470000267028809;106200
2026-10-01;16:34:00;-03:00;14,470000267028809;14,479999542236328;14,460000038146973;14,470000267028809;63600
2026-10-01;16:35:00;-03:00;14,460000038146973;14,470000267028809;14,460000038146973;14,470000267028809;99300
2026-10-01;16:36:00;-03:00;14,460000038146973;14,460000038146973;14,4399995803833;14,460000038146973;219200
2026-10-01;16:37:00;-03:00;14,4399995803833;14,449999809265137;14,4399995803833;14,4399995803833;69300
2026-10-01;16:38:00;-03:00;14,4399995803833;14,449999809265137;14,430000305175781;14,430000305175781;111400
2026-10-01;16:39:00;-03:00;14,449999809265137;14,449999809265137;14,430000305175781;14,4399995803833;106800
2026-10-01;16:40:00;-03:00;14,430000305175781;14,4399995803833;14,430000305175781;14,4399995803833;36800
2026-10-01;16:41:00;-03:00;14,4399995803833;14,4399995803833;14,430000305175781;14,4399995803833;48400
2026-10-01;16:42:00;-03:00;14,430000305175781;14,4399995803833;14,430000305175781;14,430000305175781;50800
2026-10-01;16:43:00;-03:00;14,430000305175781;14,4399995803833;14,430000305175781;14,430000305175781;113400
2026-10-01;16:44:00;-03:00;14,430000305175781;14,4399995803833;14,430000305175781;14,4399995803833;101600
2026-10-01;16:45:00;-03:00;14,430000305175781;14,4399995803833;14,430000305175781;14,430000305175781;84900
2026-10-01;16:46:00;-03:00;14,4399995803833;14,4399995803833;14,420000076293945;14,4399995803833;316700
2026-10-01;16:47:00;-03:00;14,430000305175781;14,4399995803833;14,420000076293945;14,430000305175781;120300
2026-10-01;16:48:00;-03:00;14,420000076293945;14,430000305175781;14,420000076293945;14,430000305175781;40000
2026-10-01;16:49:00;-03:00;14,420000076293945;14,420000076293945;14,40999984741211;14,40999984741211;541300
2026-10-01;16:50:00;-03:00;14,40999984741211;14,430000305175781;14,40999984741211;14,430000305175781;261800
2026-10-01;16:51:00;-03:00;14,430000305175781;14,4399995803833;14,420000076293945;14,430000305175781;149400
2026-10-01;16:52:00;-03:00;14,430000305175781;14,4399995803833;14,420000076293945;14,420000076293945;361200
2026-10-01;16:53:00;-03:00;14,430000305175781;14,449999809265137;14,430000305175781;14,4399995803833;61900
2026-10-01;16:54:00;-03:00;14,430000305175781;14,449999809265137;14,430000305175781;14,4399995803833;169300
2026-10-02;10:11:00;-03:00;14,6899995803833;14,729999542236328;14,649999618530273;14,699999809265137;0
2026-10-02;10:12:00;-03:00;14,699999809265137;14,710000038146973;14,65999984741211;14,65999984741211;69300
2026-10-02;10:13:00;-03:00;14,670000076293945;14,670000076293945;14,619999885559082;14,619999885559082;34200
2026-10-02;10:14:00;-03:00;14,630000114440918;14,65999984741211;14,619999885559082;14,65999984741211;68200
2026-10-02;10:15:00;-03:00;14,670000076293945;14,670000076293945;14,649999618530273;14,65999984741211;49000
2026-10-02;10:16:00;-03:00;14,670000076293945;14,699999809265137;14,65999984741211;14,699999809265137;88300
2026-10-02;10:17:00;-03:00;14,699999809265137;14,710000038146973;14,6899995803833;14,6899995803833;162900
2026-10-02;10:18:00;-03:00;14,680000305175781;14,720000267028809;14,680000305175781;14,720000267028809;102400
2026-10-02;10:19:00;-03:00;14,729999542236328;14,739999771118164;14,710000038146973;14,710000038146973;75500
2026-10-02;10:20:00;-03:00;14,710000038146973;14,720000267028809;14,640000343322754;14,649999618530273;113400
2026-10-02;10:21:00;-03:00;14,649999618530273;14,65999984741211;14,649999618530273;14,649999618530273;10900
2026-10-02;10:22:00;-03:00;14,649999618530273;14,649999618530273;14,640000343322754;14,649999618530273;17800
2026-10-02;10:23:00;-03:00;14,65999984741211;14,670000076293945;14,640000343322754;14,640000343322754;27000
2026-10-02;10:24:00;-03:00;14,649999618530273;14,65999984741211;14,640000343322754;14,65999984741211;24300
2026-10-02;10:25:00;-03:00;14,649999618530273;14,65999984741211;14,630000114440918;14,630000114440918;13400
2026-10-02;10:26:00;-03:00;14,630000114440918;14,649999618530273;14,619999885559082;14,619999885559082;49800
2026-10-02;10:27:00;-03:00;14,619999885559082;14,630000114440918;14,59000015258789;14,59000015258789;23700
2026-10-02;10:28:00;-03:00;14,59000015258789;14,630000114440918;14,579999923706055;14,59000015258789;449300
2026-10-02;10:29:00;-03:00;14,59000015258789;14,600000381469727;14,579999923706055;14,600000381469727;22900
2026-10-02;10:30:00;-03:00;14,59000015258789;14,600000381469727;14,529999732971191;14,529999732971191;60600
2026-10-02;10:31:00;-03:00;14,539999961853027;14,569999694824219;14,510000228881836;14,510000228881836;85000
2026-10-02;10:32:00;-03:00;14,510000228881836;14,520000457763672;14,5;14,510000228881836;99700
2026-10-02;10:33:00;-03:00;14,510000228881836;14,510000228881836;14,479999542236328;14,479999542236328;111500
2026-10-02;10:34:00;-03:00;14,489999771118164;14,5;14,420000076293945;14,430000305175781;100200
2026-10-02;10:35:00;-03:00;14,430000305175781;14,4399995803833;14,399999618530273;14,420000076293945;107500
2026-10-02;10:36:00;-03:00;14,420000076293945;14,430000305175781;14,380000114440918;14,380000114440918;37200
2026-10-02;10:37:00;-03:00;14,380000114440918;14,430000305175781;14,369999885559082;14,399999618530273;133700
2026-10-02;10:38:00;-03:00;14,390000343322754;14,390000343322754;14,359999656677246;14,359999656677246;49800
2026-10-02;10:39:00;-03:00;14,359999656677246;14,369999885559082;14,350000381469727;14,350000381469727;102600
2026-10-02;10:40:00;-03:00;14,350000381469727;14,359999656677246;14,329999923706055;14,350000381469727;65600
2026-10-02;10:41:00;-03:00;14,350000381469727;14,359999656677246;14,329999923706055;14,350000381469727;80800
2026-10-02;10:42:00;-03:00;14,350000381469727;14,399999618530273;14,34000015258789;14,390000343322754;162200
2026-10-02;10:43:00;-03:00;14,380000114440918;14,390000343322754;14,369999885559082;14,369999885559082;49700
2026-10-02;10:44:00;-03:00;14,369999885559082;14,380000114440918;14,350000381469727;14,369999885559082;44400
2026-10-02;10:45:00;-03:00;14,369999885559082;14,390000343322754;14,359999656677246;14,359999656677246;45500
2026-10-02;10:46:00;-03:00;14,359999656677246;14,369999885559082;14,350000381469727;14,369999885559082;46600
2026-10-02;10:47:00;-03:00;14,359999656677246;14,369999885559082;14,34000015258789;14,34000015258789;30800
2026-10-02;10:48:00;-03:00;14,329999923706055;14,34000015258789;14,319999694824219;14,34000015258789;26600
2026-10-02;10:49:00;-03:00;14,329999923706055;14,329999923706055;14,319999694824219;14,329999923706055;34800
2026-10-02;10:50:00;-03:00;14,319999694824219;14,350000381469727;14,319999694824219;14,34000015258789;42600
2026-10-02;10:51:00;-03:00;14,329999923706055;14,350000381469727;14,329999923706055;14,34000015258789;26000
2026-10-02;10:52:00;-03:00;14,329999923706055;14,359999656677246;14,319999694824219;14,359999656677246;49500
2026-10-02;10:53:00;-03:00;14,350000381469727;14,359999656677246;14,3100004196167;14,3100004196167;46700
2026-10-02;10:54:00;-03:00;14,3100004196167;14,319999694824219;14,279999732971191;14,289999961853027;98500
2026-10-02;10:55:00;-03:00;14,289999961853027;14,300000190734863;14,270000457763672;14,289999961853027;24200
2026-10-02;10:56:00;-03:00;14,289999961853027;14,289999961853027;14,279999732971191;14,279999732971191;71700
2026-10-02;10:57:00;-03:00;14,289999961853027;14,3100004196167;14,270000457763672;14,300000190734863;73400
2026-10-02;10:58:00;-03:00;14,300000190734863;14,319999694824219;14,289999961853027;14,319999694824219;69700
2026-10-02;10:59:00;-03:00;14,319999694824219;14,319999694824219;14,300000190734863;14,3100004196167;19600
2026-10-02;11:00:00;-03:00;14,3100004196167;14,3100004196167;14,289999961853027;14,289999961853027;52500
2026-10-02;11:01:00;-03:00;14,289999961853027;14,300000190734863;14,289999961853027;14,300000190734863;42800
2026-10-02;11:02:00;-03:00;14,300000190734863;14,329999923706055;14,300000190734863;14,319999694824219;51600
2026-10-02;11:03:00;-03:00;14,319999694824219;14,359999656677246;14,319999694824219;14,359999656677246;72400
2026-10-02;11:04:00;-03:00;14,350000381469727;14,350000381469727;14,329999923706055;14,34000015258789;56600
2026-10-02;11:05:00;-03:00;14,34000015258789;14,359999656677246;14,34000015258789;14,359999656677246;22200
2026-10-02;11:06:00;-03:00;14,34000015258789;14,359999656677246;14,329999923706055;14,329999923706055;42000
2026-10-02;11:07:00;-03:00;14,34000015258789;14,350000381469727;14,329999923706055;14,329999923706055;45300
2026-10-02;11:08:00;-03:00;14,329999923706055;14,350000381469727;14,329999923706055;14,329999923706055;35500
2026-10-02;11:09:00;-03:00;14,34000015258789;14,34000015258789;14,329999923706055;14,34000015258789;23500
2026-10-02;11:10:00;-03:00;14,34000015258789;14,369999885559082;14,34000015258789;14,350000381469727;76900
2026-10-02;11:11:00;-03:00;14,34000015258789;14,34000015258789;14,319999694824219;14,34000015258789;36300
2026-10-02;11:12:00;-03:00;14,319999694824219;14,350000381469727;14,319999694824219;14,329999923706055;22400
2026-10-02;11:13:00;-03:00;14,329999923706055;14,34000015258789;14,329999923706055;14,329999923706055;28700
2026-10-02;11:14:00;-03:00;14,329999923706055;14,329999923706055;14,319999694824219;14,329999923706055;28600
2026-10-02;11:15:00;-03:00;14,34000015258789;14,350000381469727;14,34000015258789;14,34000015258789;28200
2026-10-02;11:16:00;-03:00;14,350000381469727;14,359999656677246;14,34000015258789;14,34000015258789;38800
2026-10-02;11:17:00;-03:00;14,350000381469727;14,359999656677246;14,34000015258789;14,359999656677246;19400
2026-10-02;11:18:00;-03:00;14,350000381469727;14,359999656677246;14,329999923706055;14,34000015258789;43500
2026-10-02;11:19:00;-03:00;14,34000015258789;14,350000381469727;14,319999694824219;14,319999694824219;41000
2026-10-02;11:20:00;-03:00;14,34000015258789;14,350000381469727;14,319999694824219;14,319999694824219;21000
2026-10-02;11:21:00;-03:00;14,329999923706055;14,329999923706055;14,3100004196167;14,3100004196167;11600
2026-10-02;11:22:00;-03:00;14,3100004196167;14,319999694824219;14,300000190734863;14,300000190734863;30700
2026-10-02;11:23:00;-03:00;14,300000190734863;14,300000190734863;14,25;14,260000228881836;77700
2026-10-02;11:24:00;-03:00;14,270000457763672;14,279999732971191;14,25;14,279999732971191;65700
2026-10-02;11:25:00;-03:00;14,270000457763672;14,279999732971191;14,270000457763672;14,279999732971191;4400
2026-10-02;11:26:00;-03:00;14,270000457763672;14,289999961853027;14,270000457763672;14,279999732971191;31600
2026-10-02;11:27:00;-03:00;14,270000457763672;14,289999961853027;14,270000457763672;14,289999961853027;11000
2026-10-02;11:28:00;-03:00;14,289999961853027;14,3100004196167;14,279999732971191;14,279999732971191;99700
2026-10-02;11:29:00;-03:00;14,289999961853027;14,319999694824219;14,279999732971191;14,300000190734863;33000
2026-10-02;11:30:00;-03:00;14,3100004196167;14,3100004196167;14,300000190734863;14,300000190734863;4300
2026-10-02;11:31:00;-03:00;14,300000190734863;14,3100004196167;14,300000190734863;14,300000190734863;7700
2026-10-02;11:32:00;-03:00;14,3100004196167;14,3100004196167;14,300000190734863;14,3100004196167;32900
2026-10-02;11:33:00;-03:00;14,3100004196167;14,3100004196167;14,289999961853027;14,289999961853027;23000
2026-10-02;11:34:00;-03:00;14,289999961853027;14,289999961853027;14,260000228881836;14,289999961853027;72600
2026-10-02;11:35:00;-03:00;14,289999961853027;14,289999961853027;14,279999732971191;14,279999732971191;19000
2026-10-02;11:36:00;-03:00;14,289999961853027;14,300000190734863;14,279999732971191;14,300000190734863;67600
2026-10-02;11:37:00;-03:00;14,300000190734863;14,319999694824219;14,300000190734863;14,300000190734863;39000
2026-10-02;11:38:00;-03:00;14,300000190734863;14,319999694824219;14,300000190734863;14,319999694824219;52900
2026-10-02;11:39:00;-03:00;14,319999694824219;14,329999923706055;14,3100004196167;14,319999694824219;27400
2026-10-02;11:40:00;-03:00;14,3100004196167;14,329999923706055;14,3100004196167;14,329999923706055;12900
2026-10-02;11:41:00;-03:00;14,329999923706055;14,359999656677246;14,319999694824219;14,359999656677246;26800
2026-10-02;11:42:00;-03:00;14,350000381469727;14,359999656677246;14,329999923706055;14,350000381469727;51300
2026-10-02;11:43:00;-03:00;14,34000015258789;14,350000381469727;14,329999923706055;14,329999923706055;26800
2026-10-02;11:44:00;-03:00;14,329999923706055;14,329999923706055;14,3100004196167;14,3100004196167;19600
2026-10-02;11:45:00;-03:00;14,319999694824219;14,329999923706055;14,3100004196167;14,3100004196167;26100
2026-10-02;11:46:00;-03:00;14,329999923706055;14,329999923706055;14,3100004196167;14,319999694824219;24700
2026-10-02;11:47:00;-03:00;14,329999923706055;14,329999923706055;14,3100004196167;14,319999694824219;18200
2026-10-02;11:48:00;-03:00;14,3100004196167;14,319999694824219;14,289999961853027;14,289999961853027;162000
2026-10-02;11:49:00;-03:00;14,300000190734863;14,300000190734863;14,279999732971191;14,279999732971191;27200
2026-10-02;11:50:00;-03:00;14,279999732971191;14,289999961853027;14,270000457763672;14,289999961853027;17300
2026-10-02;11:51:00;-03:00;14,289999961853027;14,300000190734863;14,279999732971191;14,300000190734863;29300
2026-10-02;11:52:00;-03:00;14,300000190734863;14,300000190734863;14,289999961853027;14,300000190734863;3600
2026-10-02;11:53:00;-03:00;14,300000190734863;14,300000190734863;14,279999732971191;14,279999732971191;64100
2026-10-02;11:54:00;-03:00;14,289999961853027;14,300000190734863;14,270000457763672;14,270000457763672;82100
2026-10-02;11:55:00;-03:00;14,270000457763672;14,279999732971191;14,25;14,260000228881836;37700
2026-10-02;11:56:00;-03:00;14,260000228881836;14,279999732971191;14,25;14,260000228881836;35800
2026-10-02;11:57:00;-03:00;14,279999732971191;14,279999732971191;14,25;14,260000228881836;51100
2026-10-02;11:58:00;-03:00;14,270000457763672;14,279999732971191;14,270000457763672;14,279999732971191;56300
2026-10-02;11:59:00;-03:00;14,279999732971191;14,289999961853027;14,270000457763672;14,270000457763672;55700
2026-10-02;12:00:00;-03:00;14,270000457763672;14,279999732971191;14,25;14,25;75300
2026-10-02;12:01:00;-03:00;14,25;14,25;14,220000267028809;14,239999771118164;148900
2026-10-02;12:02:00;-03:00;14,25;14,25;14,220000267028809;14,220000267028809;59900
2026-10-02;12:03:00;-03:00;14,229999542236328;14,229999542236328;14,210000038146973;14,210000038146973;40000
2026-10-02;12:04:00;-03:00;14,220000267028809;14,229999542236328;14,210000038146973;14,220000267028809;31200
2026-10-02;12:05:00;-03:00;14,229999542236328;14,25;14,220000267028809;14,239999771118164;54300
2026-10-02;12:06:00;-03:00;14,239999771118164;14,239999771118164;14,210000038146973;14,210000038146973;60600
2026-10-02;12:07:00;-03:00;14,220000267028809;14,229999542236328;14,210000038146973;14,229999542236328;71900
2026-10-02;12:08:00;-03:00;14,229999542236328;14,229999542236328;14,210000038146973;14,210000038146973;54300
2026-10-02;12:09:00;-03:00;14,210000038146973;14,229999542236328;14,210000038146973;14,220000267028809;41600
2026-10-02;12:10:00;-03:00;14,229999542236328;14,229999542236328;14,210000038146973;14,210000038146973;13800
2026-10-02;12:11:00;-03:00;14,220000267028809;14,220000267028809;14,199999809265137;14,210000038146973;54700
2026-10-02;12:12:00;-03:00;14,220000267028809;14,229999542236328;14,210000038146973;14,210000038146973;49500
2026-10-02;12:13:00;-03:00;14,220000267028809;14,220000267028809;14,210000038146973;14,210000038146973;6600
2026-10-02;12:14:00;-03:00;14,220000267028809;14,220000267028809;14,210000038146973;14,210000038146973;82200
2026-10-02;12:15:00;-03:00;14,210000038146973;14,239999771118164;14,210000038146973;14,220000267028809;42500
2026-10-02;12:16:00;-03:00;14,220000267028809;14,229999542236328;14,220000267028809;14,220000267028809;16600
2026-10-02;12:17:00;-03:00;14,229999542236328;14,229999542236328;14,199999809265137;14,210000038146973;55600
2026-10-02;12:18:00;-03:00;14,210000038146973;14,229999542236328;14,210000038146973;14,229999542236328;95500
2026-10-02;12:19:00;-03:00;14,220000267028809;14,220000267028809;14,199999809265137;14,210000038146973;44600
2026-10-02;12:20:00;-03:00;14,210000038146973;14,210000038146973;14,199999809265137;14,199999809265137;28400
2026-10-02;12:21:00;-03:00;14,210000038146973;14,220000267028809;14,199999809265137;14,220000267028809;27800
2026-10-02;12:22:00;-03:00;14,220000267028809;14,220000267028809;14,210000038146973;14,210000038146973;13500
2026-10-02;12:23:00;-03:00;14,220000267028809;14,220000267028809;14,199999809265137;14,220000267028809;103500
2026-10-02;12:24:00;-03:00;14,220000267028809;14,220000267028809;14,199999809265137;14,199999809265137;82700
2026-10-02;12:25:00;-03:00;14,210000038146973;14,210000038146973;14,1899995803833;14,199999809265137;52700
2026-10-02;12:26:00;-03:00;14,210000038146973;14,210000038146973;14,180000305175781;14,199999809265137;462600
2026-10-02;12:27:00;-03:00;14,210000038146973;14,220000267028809;14,1899995803833;14,199999809265137;105800
2026-10-02;12:28:00;-03:00;14,210000038146973;14,210000038146973;14,1899995803833;14,199999809265137;35200
2026-10-02;12:29:00;-03:00;14,1899995803833;14,199999809265137;14,1899995803833;14,199999809265137;4600
2026-10-02;12:30:00;-03:00;14,1899995803833;14,199999809265137;14,1899995803833;14,1899995803833;7500
2026-10-02;12:31:00;-03:00;14,199999809265137;14,210000038146973;14,1899995803833;14,199999809265137;70800
2026-10-02;12:32:00;-03:00;14,199999809265137;14,210000038146973;14,199999809265137;14,210000038146973;67200
2026-10-02;12:33:00;-03:00;14,210000038146973;14,220000267028809;14,199999809265137;14,220000267028809;37400
2026-10-02;12:34:00;-03:00;14,210000038146973;14,229999542236328;14,210000038146973;14,220000267028809;33000
2026-10-02;12:35:00;-03:00;14,220000267028809;14,229999542236328;14,210000038146973;14,210000038146973;22400
2026-10-02;12:36:00;-03:00;14,210000038146973;14,229999542236328;14,210000038146973;14,220000267028809;17500
2026-10-02;12:37:00;-03:00;14,220000267028809;14,220000267028809;14,199999809265137;14,199999809265137;60700
2026-10-02;12:38:00;-03:00;14,210000038146973;14,210000038146973;14,1899995803833;14,199999809265137;49300
2026-10-02;12:39:00;-03:00;14,210000038146973;14,229999542236328;14,199999809265137;14,210000038146973;46500
2026-10-02;12:40:00;-03:00;14,220000267028809;14,229999542236328;14,210000038146973;14,210000038146973;42600
2026-10-02;12:41:00;-03:00;14,220000267028809;14,239999771118164;14,210000038146973;14,220000267028809;103300
2026-10-02;12:42:00;-03:00;14,220000267028809;14,229999542236328;14,220000267028809;14,220000267028809;43200
2026-10-02;12:43:00;-03:00;14,229999542236328;14,239999771118164;14,220000267028809;14,220000267028809;58800
2026-10-02;12:44:00;-03:00;14,220000267028809;14,239999771118164;14,220000267028809;14,229999542236328;227800
2026-10-02;12:45:00;-03:00;14,239999771118164;14,25;14,229999542236328;14,239999771118164;43700
2026-10-02;12:46:00;-03:00;14,239999771118164;14,260000228881836;14,239999771118164;14,25;34100
2026-10-02;12:47:00;-03:00;14,25;14,260000228881836;14,239999771118164;14,25;47000
2026-10-02;12:48:00;-03:00;14,25;14,270000457763672;14,25;14,260000228881836;10800
2026-10-02;12:49:00;-03:00;14,260000228881836;14,279999732971191;14,260000228881836;14,270000457763672;29500
2026-10-02;12:50:00;-03:00;14,279999732971191;14,279999732971191;14,270000457763672;14,279999732971191;152500
2026-10-02;12:51:00;-03:00;14,289999961853027;14,289999961853027;14,279999732971191;14,279999732971191;79800
2026-10-02;12:52:00;-03:00;14,279999732971191;14,289999961853027;14,270000457763672;14,270000457763672;35700
2026-10-02;12:53:00;-03:00;14,270000457763672;14,279999732971191;14,270000457763672;14,279999732971191;3500
2026-10-02;12:54:00;-03:00;14,279999732971191;14,289999961853027;14,270000457763672;14,279999732971191;37200
2026-10-02;12:55:00;-03:00;14,289999961853027;14,3100004196167;14,279999732971191;14,300000190734863;48900
2026-10-02;12:56:00;-03:00;14,3100004196167;14,3100004196167;14,289999961853027;14,300000190734863;40800
2026-10-02;12:57:00;-03:00;14,300000190734863;14,300000190734863;14,289999961853027;14,289999961853027;15700
2026-10-02;12:58:00;-03:00;14,289999961853027;14,300000190734863;14,289999961853027;14,300000190734863;7500
2026-10-02;12:59:00;-03:00;14,300000190734863;14,3100004196167;14,289999961853027;14,300000190734863;124200
2026-10-02;13:00:00;-03:00;14,3100004196167;14,3100004196167;14,289999961853027;14,300000190734863;43400
2026-10-02;13:01:00;-03:00;14,3100004196167;14,319999694824219;14,300000190734863;14,3100004196167;17000
2026-10-02;13:02:00;-03:00;14,319999694824219;14,319999694824219;14,300000190734863;14,3100004196167;50000
2026-10-02;13:03:00;-03:00;14,319999694824219;14,319999694824219;14,300000190734863;14,3100004196167;32200
2026-10-02;13:04:00;-03:00;14,300000190734863;14,3100004196167;14,289999961853027;14,300000190734863;81100
2026-10-02;13:05:00;-03:00;14,3100004196167;14,329999923706055;14,300000190734863;14,319999694824219;97700
2026-10-02;13:06:00;-03:00;14,319999694824219;14,329999923706055;14,3100004196167;14,319999694824219;15400
2026-10-02;13:07:00;-03:00;14,329999923706055;14,329999923706055;14,319999694824219;14,319999694824219;2500
2026-10-02;13:08:00;-03:00;14,319999694824219;14,319999694824219;14,300000190734863;14,3100004196167;83100
2026-10-02;13:09:00;-03:00;14,319999694824219;14,329999923706055;14,319999694824219;14,329999923706055;42700
2026-10-02;13:10:00;-03:00;14,329999923706055;14,329999923706055;14,319999694824219;14,319999694824219;7800
2026-10-02;13:11:00;-03:00;14,319999694824219;14,319999694824219;14,300000190734863;14,300000190734863;49900
2026-10-02;13:12:00;-03:00;14,300000190734863;14,3100004196167;14,289999961853027;14,300000190734863;60500
2026-10-02;13:13:00;-03:00;14,3100004196167;14,329999923706055;14,3100004196167;14,319999694824219;57400
2026-10-02;13:14:00;-03:00;14,329999923706055;14,329999923706055;14,3100004196167;14,319999694824219;140200
2026-10-02;13:15:00;-03:00;14,329999923706055;14,34000015258789;14,329999923706055;14,329999923706055;18700
2026-10-02;13:16:00;-03:00;14,34000015258789;14,34000015258789;14,329999923706055;14,34000015258789;14700
2026-10-02;13:17:00;-03:00;14,329999923706055;14,350000381469727;14,329999923706055;14,350000381469727;83800
2026-10-02;13:18:00;-03:00;14,34000015258789;14,350000381469727;14,34000015258789;14,34000015258789;28100
2026-10-02;13:19:00;-03:00;14,350000381469727;14,350000381469727;14,34000015258789;14,350000381469727;101900
2026-10-02;13:20:00;-03:00;14,34000015258789;14,359999656677246;14,34000015258789;14,34000015258789;247100
2026-10-02;13:21:00;-03:00;14,34000015258789;14,350000381469727;14,329999923706055;14,34000015258789;77200
2026-10-02;13:22:00;-03:00;14,359999656677246;14,359999656677246;14,329999923706055;14,329999923706055;21300
2026-10-02;13:23:00;-03:00;14,34000015258789;14,34000015258789;14,329999923706055;14,329999923706055;3700
2026-10-02;13:24:00;-03:00;14,34000015258789;14,34000015258789;14,319999694824219;14,319999694824219;33900
2026-10-02;13:25:00;-03:00;14,329999923706055;14,329999923706055;14,319999694824219;14,319999694824219;24100
2026-10-02;13:26:00;-03:00;14,34000015258789;14,34000015258789;14,319999694824219;14,329999923706055;33200
2026-10-02;13:27:00;-03:00;14,329999923706055;14,34000015258789;14,319999694824219;14,329999923706055;31800
2026-10-02;13:28:00;-03:00;14,350000381469727;14,350000381469727;14,34000015258789;14,34000015258789;6400
2026-10-02;13:29:00;-03:00;14,350000381469727;14,350000381469727;14,34000015258789;14,34000015258789;9000
2026-10-02;13:30:00;-03:00;14,350000381469727;14,369999885559082;14,34000015258789;14,359999656677246;96700
2026-10-02;13:31:00;-03:00;14,369999885559082;14,369999885559082;14,359999656677246;14,359999656677246;19300
2026-10-02;13:32:00;-03:00;14,369999885559082;14,380000114440918;14,359999656677246;14,359999656677246;76300
2026-10-02;13:33:00;-03:00;14,369999885559082;14,369999885559082;14,359999656677246;14,369999885559082;8900
2026-10-02;13:34:00;-03:00;14,359999656677246;14,380000114440918;14,359999656677246;14,380000114440918;32700
2026-10-02;13:35:00;-03:00;14,380000114440918;14,399999618530273;14,369999885559082;14,380000114440918;299000
2026-10-02;13:36:00;-03:00;14,380000114440918;14,390000343322754;14,369999885559082;14,369999885559082;49500
2026-10-02;13:37:00;-03:00;14,369999885559082;14,380000114440918;14,359999656677246;14,359999656677246;29100
2026-10-02;13:38:00;-03:00;14,359999656677246;14,390000343322754;14,359999656677246;14,380000114440918;52300
2026-10-02;13:39:00;-03:00;14,390000343322754;14,399999618530273;14,380000114440918;14,399999618530273;24100
2026-10-02;13:40:00;-03:00;14,390000343322754;14,420000076293945;14,390000343322754;14,399999618530273;139900
2026-10-02;13:41:00;-03:00;14,399999618530273;14,40999984741211;14,390000343322754;14,390000343322754;49500
2026-10-02;13:42:00;-03:00;14,390000343322754;14,420000076293945;14,390000343322754;14,40999984741211;47600
2026-10-02;13:43:00;-03:00;14,420000076293945;14,420000076293945;14,40999984741211;14,40999984741211;33700
2026-10-02;13:44:00;-03:00;14,420000076293945;14,449999809265137;14,40999984741211;14,4399995803833;122000
2026-10-02;13:45:00;-03:00;14,430000305175781;14,4399995803833;14,420000076293945;14,420000076293945;39600
2026-10-02;13:46:00;-03:00;14,420000076293945;14,449999809265137;14,420000076293945;14,430000305175781;59400
2026-10-02;13:47:00;-03:00;14,430000305175781;14,4399995803833;14,420000076293945;14,4399995803833;15800
2026-10-02;13:48:00;-03:00;14,430000305175781;14,4399995803833;14,430000305175781;14,430000305175781;13200
2026-10-02;13:49:00;-03:00;14,4399995803833;14,4399995803833;14,420000076293945;14,430000305175781;48400
2026-10-02;13:50:00;-03:00;14,4399995803833;14,4399995803833;14,390000343322754;14,399999618530273;114100
2026-10-02;13:51:00;-03:00;14,399999618530273;14,40999984741211;14,399999618530273;14,399999618530273;17400
2026-10-02;13:52:00;-03:00;14,40999984741211;14,40999984741211;14,399999618530273;14,399999618530273;4500
2026-10-02;13:53:00;-03:00;14,399999618530273;14,420000076293945;14,399999618530273;14,40999984741211;27100
2026-10-02;13:54:00;-03:00;14,40999984741211;14,430000305175781;14,40999984741211;14,420000076293945;13200
2026-10-02;13:55:00;-03:00;14,430000305175781;14,430000305175781;14,420000076293945;14,420000076293945;16800
2026-10-02;13:56:00;-03:00;14,420000076293945;14,4399995803833;14,420000076293945;14,430000305175781;33000
2026-10-02;13:57:00;-03:00;14,4399995803833;14,449999809265137;14,430000305175781;14,430000305175781;120900
2026-10-02;13:58:00;-03:00;14,430000305175781;14,4399995803833;14,430000305175781;14,430000305175781;19100
2026-10-02;13:59:00;-03:00;14,430000305175781;14,4399995803833;14,420000076293945;14,420000076293945;89700
2026-10-02;14:00:00;-03:00;14,4399995803833;14,4399995803833;14,430000305175781;14,4399995803833;33000
2026-10-02;14:01:00;-03:00;14,430000305175781;14,4399995803833;14,420000076293945;14,430000305175781;50700
2026-10-02;14:02:00;-03:00;14,4399995803833;14,470000267028809;14,430000305175781;14,4399995803833;110600
2026-10-02;14:03:00;-03:00;14,449999809265137;14,460000038146973;14,4399995803833;14,4399995803833;60200
2026-10-02;14:04:00;-03:00;14,4399995803833;14,460000038146973;14,4399995803833;14,4399995803833;72000
2026-10-02;14:05:00;-03:00;14,4399995803833;14,460000038146973;14,4399995803833;14,449999809265137;68800
2026-10-02;14:06:00;-03:00;14,470000267028809;14,470000267028809;14,460000038146973;14,460000038146973;24900
2026-10-02;14:07:00;-03:00;14,470000267028809;14,479999542236328;14,460000038146973;14,460000038146973;174300
2026-10-02;14:08:00;-03:00;14,470000267028809;14,489999771118164;14,460000038146973;14,479999542236328;94000
2026-10-02;14:09:00;-03:00;14,479999542236328;14,5;14,479999542236328;14,489999771118164;43600
2026-10-02;14:10:00;-03:00;14,5;14,520000457763672;14,489999771118164;14,5;51300
2026-10-02;14:11:00;-03:00;14,5;14,510000228881836;14,5;14,5;68000
2026-10-02;14:12:00;-03:00;14,510000228881836;14,529999732971191;14,5;14,520000457763672;32900
2026-10-02;14:13:00;-03:00;14,520000457763672;14,539999961853027;14,520000457763672;14,520000457763672;30400
2026-10-02;14:14:00;-03:00;14,539999961853027;14,550000190734863;14,510000228881836;14,529999732971191;209900
2026-10-02;14:15:00;-03:00;14,529999732971191;14,550000190734863;14,529999732971191;14,529999732971191;45500
2026-10-02;14:16:00;-03:00;14,529999732971191;14,569999694824219;14,529999732971191;14,539999961853027;61300
2026-10-02;14:17:00;-03:00;14,5600004196167;14,569999694824219;14,550000190734863;14,550000190734863;88800
2026-10-02;14:18:00;-03:00;14,5600004196167;14,5600004196167;14,529999732971191;14,539999961853027;93600
2026-10-02;14:19:00;-03:00;14,550000190734863;14,5600004196167;14,539999961853027;14,550000190734863;55600
2026-10-02;14:20:00;-03:00;14,5600004196167;14,569999694824219;14,520000457763672;14,529999732971191;78100
2026-10-02;14:21:00;-03:00;14,529999732971191;14,539999961853027;14,510000228881836;14,510000228881836;45000
2026-10-02;14:22:00;-03:00;14,520000457763672;14,520000457763672;14,5;14,510000228881836;62000
2026-10-02;14:23:00;-03:00;14,510000228881836;14,529999732971191;14,5;14,5;35500
2026-10-02;14:24:00;-03:00;14,5;14,520000457763672;14,489999771118164;14,510000228881836;74000
2026-10-02;14:25:00;-03:00;14,520000457763672;14,520000457763672;14,5;14,520000457763672;57800
2026-10-02;14:26:00;-03:00;14,520000457763672;14,539999961853027;14,510000228881836;14,529999732971191;144800
2026-10-02;14:27:00;-03:00;14,529999732971191;14,529999732971191;14,5;14,510000228881836;88700
2026-10-02;14:28:00;-03:00;14,510000228881836;14,520000457763672;14,5;14,510000228881836;53600
2026-10-02;14:29:00;-03:00;14,520000457763672;14,520000457763672;14,5;14,510000228881836;39200
2026-10-02;14:30:00;-03:00;14,520000457763672;14,520000457763672;14,5;14,5;48800
2026-10-02;14:31:00;-03:00;14,510000228881836;14,529999732971191;14,5;14,510000228881836;48300
2026-10-02;14:32:00;-03:00;14,510000228881836;14,520000457763672;14,510000228881836;14,520000457763672;28500
2026-10-02;14:33:00;-03:00;14,510000228881836;14,529999732971191;14,510000228881836;14,520000457763672;94000
2026-10-02;14:34:00;-03:00;14,520000457763672;14,520000457763672;14,5;14,510000228881836;82600
2026-10-02;14:35:00;-03:00;14,520000457763672;14,539999961853027;14,510000228881836;14,529999732971191;84400
2026-10-02;14:36:00;-03:00;14,539999961853027;14,550000190734863;14,529999732971191;14,539999961853027;138600
2026-10-02;14:37:00;-03:00;14,550000190734863;14,569999694824219;14,539999961853027;14,550000190734863;155700
2026-10-02;14:38:00;-03:00;14,550000190734863;14,569999694824219;14,550000190734863;14,5600004196167;60900
2026-10-02;14:39:00;-03:00;14,569999694824219;14,59000015258789;14,5600004196167;14,579999923706055;82400
2026-10-02;14:40:00;-03:00;14,579999923706055;14,59000015258789;14,569999694824219;14,569999694824219;97700
2026-10-02;14:41:00;-03:00;14,579999923706055;14,59000015258789;14,569999694824219;14,579999923706055;88700
2026-10-02;14:42:00;-03:00;14,579999923706055;14,59000015258789;14,5600004196167;14,569999694824219;89800
2026-10-02;14:43:00;-03:00;14,579999923706055;14,579999923706055;14,5600004196167;14,569999694824219;28000
2026-10-02;14:44:00;-03:00;14,569999694824219;14,579999923706055;14,5600004196167;14,569999694824219;51600
2026-10-02;14:45:00;-03:00;14,579999923706055;14,600000381469727;14,5600004196167;14,5600004196167;167200
2026-10-02;14:46:00;-03:00;14,579999923706055;14,579999923706055;14,5600004196167;14,569999694824219;55000
2026-10-02;14:47:00;-03:00;14,569999694824219;14,59000015258789;14,569999694824219;14,569999694824219;46200
2026-10-02;14:48:00;-03:00;14,579999923706055;14,600000381469727;14,579999923706055;14,59000015258789;108000
2026-10-02;14:49:00;-03:00;14,600000381469727;14,600000381469727;14,579999923706055;14,579999923706055;65200
2026-10-02;14:50:00;-03:00;14,59000015258789;14,59000015258789;14,5600004196167;14,569999694824219;114300
2026-10-02;14:51:00;-03:00;14,569999694824219;14,600000381469727;14,569999694824219;14,59000015258789;182300
2026-10-02;14:52:00;-03:00;14,579999923706055;14,600000381469727;14,569999694824219;14,579999923706055;89100
2026-10-02;14:53:00;-03:00;14,600000381469727;14,600000381469727;14,5600004196167;14,569999694824219;53800
2026-10-02;14:54:00;-03:00;14,569999694824219;14,609999656677246;14,569999694824219;14,600000381469727;67700
2026-10-02;14:55:00;-03:00;14,600000381469727;14,600000381469727;14,579999923706055;14,59000015258789;43400
2026-10-02;14:56:00;-03:00;14,59000015258789;14,600000381469727;14,569999694824219;14,579999923706055;76600
2026-10-02;14:57:00;-03:00;14,59000015258789;14,59000015258789;14,569999694824219;14,569999694824219;98100
2026-10-02;14:58:00;-03:00;14,579999923706055;14,600000381469727;14,569999694824219;14,579999923706055;286200
2026-10-02;14:59:00;-03:00;14,59000015258789;14,59000015258789;14,569999694824219;14,569999694824219;88700
2026-10-02;15:00:00;-03:00;14,579999923706055;14,600000381469727;14,569999694824219;14,569999694824219;103300
2026-10-02;15:01:00;-03:00;14,569999694824219;14,579999923706055;14,5600004196167;14,5600004196167;148100
2026-10-02;15:02:00;-03:00;14,5600004196167;14,579999923706055;14,550000190734863;14,550000190734863;83600
2026-10-02;15:03:00;-03:00;14,550000190734863;14,569999694824219;14,550000190734863;14,5600004196167;55600
2026-10-02;15:04:00;-03:00;14,569999694824219;14,579999923706055;14,5600004196167;14,5600004196167;112800
2026-10-02;15:05:00;-03:00;14,569999694824219;14,59000015258789;14,5600004196167;14,579999923706055;64700
2026-10-02;15:06:00;-03:00;14,59000015258789;14,59000015258789;14,569999694824219;14,579999923706055;71200
2026-10-02;15:07:00;-03:00;14,579999923706055;14,59000015258789;14,569999694824219;14,579999923706055;68900
2026-10-02;15:08:00;-03:00;14,579999923706055;14,59000015258789;14,579999923706055;14,579999923706055;27300
2026-10-02;15:09:00;-03:00;14,579999923706055;14,59000015258789;14,569999694824219;14,579999923706055;61600
2026-10-02;15:10:00;-03:00;14,59000015258789;14,600000381469727;14,579999923706055;14,59000015258789;108000
2026-10-02;15:11:00;-03:00;14,59000015258789;14,619999885559082;14,59000015258789;14,59000015258789;148700
2026-10-02;15:12:00;-03:00;14,59000015258789;14,609999656677246;14,59000015258789;14,609999656677246;90700
2026-10-02;15:13:00;-03:00;14,609999656677246;14,609999656677246;14,59000015258789;14,59000015258789;165200
2026-10-02;15:14:00;-03:00;14,600000381469727;14,619999885559082;14,59000015258789;14,600000381469727;117900
2026-10-02;15:15:00;-03:00;14,609999656677246;14,619999885559082;14,600000381469727;14,609999656677246;113000
2026-10-02;15:16:00;-03:00;14,619999885559082;14,619999885559082;14,600000381469727;14,600000381469727;90800
2026-10-02;15:17:00;-03:00;14,609999656677246;14,619999885559082;14,600000381469727;14,600000381469727;37900
2026-10-02;15:18:00;-03:00;14,609999656677246;14,609999656677246;14,59000015258789;14,59000015258789;130600
2026-10-02;15:19:00;-03:00;14,600000381469727;14,609999656677246;14,579999923706055;14,59000015258789;137400
2026-10-02;15:20:00;-03:00;14,59000015258789;14,59000015258789;14,569999694824219;14,569999694824219;72200
2026-10-02;15:21:00;-03:00;14,579999923706055;14,600000381469727;14,569999694824219;14,579999923706055;193000
2026-10-02;15:22:00;-03:00;14,59000015258789;14,600000381469727;14,579999923706055;14,579999923706055;58300
2026-10-02;15:23:00;-03:00;14,59000015258789;14,600000381469727;14,579999923706055;14,59000015258789;114600
2026-10-02;15:24:00;-03:00;14,600000381469727;14,600000381469727;14,579999923706055;14,59000015258789;75300
2026-10-02;15:25:00;-03:00;14,600000381469727;14,600000381469727;14,579999923706055;14,59000015258789;68200
2026-10-02;15:26:00;-03:00;14,59000015258789;14,609999656677246;14,59000015258789;14,600000381469727;82500
2026-10-02;15:27:00;-03:00;14,600000381469727;14,600000381469727;14,59000015258789;14,600000381469727;27300
2026-10-02;15:28:00;-03:00;14,600000381469727;14,609999656677246;14,59000015258789;14,59000015258789;151200
2026-10-02;15:29:00;-03:00;14,59000015258789;14,600000381469727;14,59000015258789;14,59000015258789;28100
2026-10-02;15:30:00;-03:00;14,600000381469727;14,630000114440918;14,59000015258789;14,630000114440918;355100
2026-10-02;15:31:00;-03:00;14,619999885559082;14,630000114440918;14,609999656677246;14,609999656677246;135400
2026-10-02;15:32:00;-03:00;14,609999656677246;14,630000114440918;14,609999656677246;14,630000114440918;62800
2026-10-02;15:33:00;-03:00;14,630000114440918;14,640000343322754;14,609999656677246;14,609999656677246;84100
2026-10-02;15:34:00;-03:00;14,619999885559082;14,630000114440918;14,609999656677246;14,630000114440918;84500
2026-10-02;15:35:00;-03:00;14,619999885559082;14,640000343322754;14,609999656677246;14,630000114440918;107000
2026-10-02;15:36:00;-03:00;14,640000343322754;14,649999618530273;14,630000114440918;14,649999618530273;127400
2026-10-02;15:37:00;-03:00;14,649999618530273;14,65999984741211;14,640000343322754;14,649999618530273;77800
2026-10-02;15:38:00;-03:00;14,649999618530273;14,65999984741211;14,640000343322754;14,649999618530273;72700
2026-10-02;15:39:00;-03:00;14,649999618530273;14,649999618530273;14,630000114440918;14,630000114440918;165700
2026-10-02;15:40:00;-03:00;14,619999885559082;14,630000114440918;14,609999656677246;14,619999885559082;35100
2026-10-02;15:41:00;-03:00;14,619999885559082;14,630000114440918;14,609999656677246;14,609999656677246;209800
2026-10-02;15:42:00;-03:00;14,619999885559082;14,619999885559082;14,600000381469727;14,609999656677246;194500
2026-10-02;15:43:00;-03:00;14,619999885559082;14,619999885559082;14,609999656677246;14,619999885559082;60500
2026-10-02;15:44:00;-03:00;14,609999656677246;14,630000114440918;14,609999656677246;14,619999885559082;90000
2026-10-02;15:45:00;-03:00;14,619999885559082;14,630000114440918;14,619999885559082;14,619999885559082;78700
2026-10-02;15:46:00;-03:00;14,630000114440918;14,649999618530273;14,619999885559082;14,649999618530273;539800
2026-10-02;15:47:00;-03:00;14,640000343322754;14,65999984741211;14,640000343322754;14,640000343322754;108300
2026-10-02;15:48:00;-03:00;14,649999618530273;14,65999984741211;14,640000343322754;14,649999618530273;155200
2026-10-02;15:49:00;-03:00;14,649999618530273;14,65999984741211;14,640000343322754;14,649999618530273;96100
2026-10-02;15:50:00;-03:00;14,65999984741211;14,65999984741211;14,630000114440918;14,640000343322754;152400
2026-10-02;15:51:00;-03:00;14,630000114440918;14,649999618530273;14,630000114440918;14,640000343322754;36200
2026-10-02;15:52:00;-03:00;14,649999618530273;14,649999618530273;14,640000343322754;14,640000343322754;44700
2026-10-02;15:53:00;-03:00;14,649999618530273;14,670000076293945;14,640000343322754;14,670000076293945;193700
2026-10-02;15:54:00;-03:00;14,670000076293945;14,670000076293945;14,640000343322754;14,649999618530273;134100
2026-10-02;15:55:00;-03:00;14,649999618530273;14,65999984741211;14,640000343322754;14,649999618530273;51000
2026-10-02;15:56:00;-03:00;14,649999618530273;14,65999984741211;14,640000343322754;14,640000343322754;66000
2026-10-02;15:57:00;-03:00;14,649999618530273;14,65999984741211;14,640000343322754;14,649999618530273;63400
2026-10-02;15:58:00;-03:00;14,649999618530273;14,670000076293945;14,649999618530273;14,670000076293945;51200
2026-10-02;15:59:00;-03:00;14,670000076293945;14,670000076293945;14,65999984741211;14,65999984741211;34200
2026-10-02;16:00:00;-03:00;14,670000076293945;14,670000076293945;14,65999984741211;14,65999984741211;72500
2026-10-02;16:01:00;-03:00;14,65999984741211;14,670000076293945;14,65999984741211;14,65999984741211;32800
2026-10-02;16:02:00;-03:00;14,670000076293945;14,680000305175781;14,649999618530273;14,649999618530273;149500
2026-10-02;16:03:00;-03:00;14,65999984741211;14,680000305175781;14,649999618530273;14,65999984741211;39600
2026-10-02;16:04:00;-03:00;14,65999984741211;14,6899995803833;14,65999984741211;14,680000305175781;69600
2026-10-02;16:05:00;-03:00;14,6899995803833;14,699999809265137;14,670000076293945;14,680000305175781;94300
2026-10-02;16:06:00;-03:00;14,680000305175781;14,6899995803833;14,670000076293945;14,670000076293945;57600
2026-10-02;16:07:00;-03:00;14,670000076293945;14,680000305175781;14,670000076293945;14,670000076293945;25600
2026-10-02;16:08:00;-03:00;14,670000076293945;14,6899995803833;14,670000076293945;14,680000305175781;120500
2026-10-02;16:09:00;-03:00;14,6899995803833;14,710000038146973;14,6899995803833;14,710000038146973;164600
2026-10-02;16:10:00;-03:00;14,710000038146973;14,729999542236328;14,699999809265137;14,729999542236328;147800
2026-10-02;16:11:00;-03:00;14,729999542236328;14,739999771118164;14,710000038146973;14,729999542236328;132500
2026-10-02;16:12:00;-03:00;14,729999542236328;14,739999771118164;14,720000267028809;14,739999771118164;81500
2026-10-02;16:13:00;-03:00;14,729999542236328;14,739999771118164;14,720000267028809;14,739999771118164;110300
2026-10-02;16:14:00;-03:00;14,729999542236328;14,739999771118164;14,720000267028809;14,729999542236328;95100
2026-10-02;16:15:00;-03:00;14,729999542236328;14,729999542236328;14,699999809265137;14,710000038146973;92300
2026-10-02;16:16:00;-03:00;14,710000038146973;14,720000267028809;14,699999809265137;14,710000038146973;268300
2026-10-02;16:17:00;-03:00;14,699999809265137;14,710000038146973;14,680000305175781;14,6899995803833;147700
2026-10-02;16:18:00;-03:00;14,6899995803833;14,720000267028809;14,6899995803833;14,710000038146973;187600
2026-10-02;16:19:00;-03:00;14,720000267028809;14,729999542236328;14,699999809265137;14,710000038146973;163400
2026-10-02;16:20:00;-03:00;14,710000038146973;14,720000267028809;14,710000038146973;14,710000038146973;117800
2026-10-02;16:21:00;-03:00;14,720000267028809;14,739999771118164;14,710000038146973;14,729999542236328;206000
2026-10-02;16:22:00;-03:00;14,739999771118164;14,75;14,729999542236328;14,75;142000
2026-10-02;16:23:00;-03:00;14,739999771118164;14,75;14,729999542236328;14,729999542236328;90100
2026-10-02;16:24:00;-03:00;14,739999771118164;14,739999771118164;14,720000267028809;14,739999771118164;73300
2026-10-02;16:25:00;-03:00;14,739999771118164;14,760000228881836;14,729999542236328;14,760000228881836;133000
2026-10-02;16:26:00;-03:00;14,760000228881836;14,770000457763672;14,739999771118164;14,75;162100
2026-10-02;16:27:00;-03:00;14,75;14,760000228881836;14,739999771118164;14,75;144100
2026-10-02;16:28:00;-03:00;14,739999771118164;14,75;14,729999542236328;14,75;81400
2026-10-02;16:29:00;-03:00;14,739999771118164;14,739999771118164;14,720000267028809;14,729999542236328;92600
2026-10-02;16:30:00;-03:00;14,739999771118164;14,739999771118164;14,710000038146973;14,729999542236328;154500
2026-10-02;16:31:00;-03:00;14,729999542236328;14,739999771118164;14,699999809265137;14,720000267028809;245200
2026-10-02;16:32:00;-03:00;14,720000267028809;14,739999771118164;14,710000038146973;14,739999771118164;186400
2026-10-02;16:33:00;-03:00;14,739999771118164;14,75;14,720000267028809;14,720000267028809;163400
2026-10-02;16:34:00;-03:00;14,729999542236328;14,739999771118164;14,720000267028809;14,720000267028809;128000
2026-10-02;16:35:00;-03:00;14,720000267028809;14,729999542236328;14,710000038146973;14,710000038146973;104500
2026-10-02;16:36:00;-03:00;14,720000267028809;14,729999542236328;14,710000038146973;14,720000267028809;92900
2026-10-02;16:37:00;-03:00;14,720000267028809;14,720000267028809;14,6899995803833;14,6899995803833;95400
2026-10-02;16:38:00;-03:00;14,699999809265137;14,710000038146973;14,6899995803833;14,710000038146973;168300
2026-10-02;16:39:00;-03:00;14,710000038146973;14,710000038146973;14,6899995803833;14,6899995803833;332800
2026-10-02;16:40:00;-03:00;14,699999809265137;14,710000038146973;14,680000305175781;14,699999809265137;147200
2026-10-02;16:41:00;-03:00;14,710000038146973;14,729999542236328;14,699999809265137;14,710000038146973;101700
2026-10-02;16:42:00;-03:00;14,720000267028809;14,720000267028809;14,699999809265137;14,710000038146973;72400
2026-10-02;16:43:00;-03:00;14,710000038146973;14,729999542236328;14,699999809265137;14,720000267028809;116400
2026-10-02;16:44:00;-03:00;14,720000267028809;14,729999542236328;14,710000038146973;14,720000267028809;104500
2026-10-02;16:45:00;-03:00;14,720000267028809;14,720000267028809;14,699999809265137;14,720000267028809;110600
2026-10-02;16:46:00;-03:00;14,720000267028809;14,720000267028809;14,65999984741211;14,670000076293945;387100
2026-10-02;16:47:00;-03:00;14,680000305175781;14,6899995803833;14,65999984741211;14,680000305175781;215800
2026-10-02;16:48:00;-03:00;14,670000076293945;14,6899995803833;14,670000076293945;14,680000305175781;120200
2026-10-02;16:49:00;-03:00;14,6899995803833;14,710000038146973;14,680000305175781;14,699999809265137;193700
2026-10-02;16:50:00;-03:00;14,710000038146973;14,739999771118164;14,699999809265137;14,729999542236328;217100
2026-10-02;16:51:00;-03:00;14,720000267028809;14,729999542236328;14,710000038146973;14,729999542236328;124300
2026-10-02;16:52:00;-03:00;14,729999542236328;14,739999771118164;14,720000267028809;14,739999771118164;105200
2026-10-02;16:53:00;-03:00;14,739999771118164;14,75;14,720000267028809;14,739999771118164;128300
2026-10-02;16:54:00;-03:00;14,720000267028809;14,739999771118164;14,720000267028809;14,729999542236328;24900
2026-10-05;10:13:00;-03:00;15,920000076293945;15,989999771118164;15,710000038146973;15,789999961853027;0
2026-10-05;10:14:00;-03:00;15,800000190734863;15,850000381469727;15,770000457763672;15,829999923706055;152100
2026-10-05;10:15:00;-03:00;15,829999923706055;15,9399995803833;15,8100004196167;15,880000114440918;186800
2026-10-05;10:16:00;-03:00;15,899999618530273;15,970000267028809;15,880000114440918;15,930000305175781;188000
2026-10-05;10:17:00;-03:00;15,9399995803833;16,010000228881836;15,930000305175781;16,010000228881836;320700
2026-10-05;10:18:00;-03:00;16,010000228881836;16,100000381469727;16,0;16,059999465942383;229200
2026-10-05;10:19:00;-03:00;16,059999465942383;16,079999923706055;16,010000228881836;16,030000686645508;92400
2026-10-05;10:20:00;-03:00;16,030000686645508;16,079999923706055;16,030000686645508;16,049999237060547;261500
2026-10-05;10:21:00;-03:00;16,040000915527344;16,079999923706055;16,030000686645508;16,059999465942383;120300
2026-10-05;10:22:00;-03:00;16,059999465942383;16,09000015258789;16,049999237060547;16,059999465942383;181700
2026-10-05;10:23:00;-03:00;16,059999465942383;16,059999465942383;15,920000076293945;16,0;251700
2026-10-05;10:24:00;-03:00;16,0;16,040000915527344;15,979999542236328;16,010000228881836;237500
2026-10-05;10:25:00;-03:00;16,0;16,020000457763672;15,949999809265137;15,989999771118164;177600
2026-10-05;10:26:00;-03:00;15,989999771118164;15,989999771118164;15,970000267028809;15,979999542236328;67900
2026-10-05;10:27:00;-03:00;15,979999542236328;16,020000457763672;15,979999542236328;15,989999771118164;348900
2026-10-05;10:28:00;-03:00;16,0;16,0;15,979999542236328;15,989999771118164;56000
2026-10-05;10:29:00;-03:00;15,989999771118164;16,0;15,970000267028809;16,0;312900
2026-10-05;10:30:00;-03:00;15,989999771118164;16,059999465942383;15,989999771118164;16,049999237060547;727900
2026-10-05;10:31:00;-03:00;16,059999465942383;16,149999618530273;16,049999237060547;16,1200008392334;591300
2026-10-05;10:32:00;-03:00;16,110000610351562;16,149999618530273;16,110000610351562;16,139999389648438;238700
2026-10-05;10:33:00;-03:00;16,139999389648438;16,200000762939453;16,139999389648438;16,15999984741211;1324300
2026-10-05;10:34:00;-03:00;16,170000076293945;16,270000457763672;16,15999984741211;16,229999542236328;425800
2026-10-05;10:35:00;-03:00;16,239999771118164;16,299999237060547;16,239999771118164;16,290000915527344;311800
2026-10-05;10:36:00;-03:00;16,280000686645508;16,290000915527344;16,25;16,290000915527344;391100
2026-10-05;10:37:00;-03:00;16,290000915527344;16,329999923706055;16,25;16,299999237060547;380100
2026-10-05;10:38:00;-03:00;16,290000915527344;16,350000381469727;16,270000457763672;16,31999969482422;692900
2026-10-05;10:39:00;-03:00;16,309999465942383;16,360000610351562;16,290000915527344;16,34000015258789;437800
2026-10-05;10:40:00;-03:00;16,329999923706055;16,3799991607666;16,31999969482422;16,350000381469727;371400
2026-10-05;10:41:00;-03:00;16,350000381469727;16,350000381469727;16,260000228881836;16,309999465942383;245500
2026-10-05;10:42:00;-03:00;16,299999237060547;16,329999923706055;16,290000915527344;16,309999465942383;146200
2026-10-05;10:43:00;-03:00;16,309999465942383;16,360000610351562;16,309999465942383;16,360000610351562;701200
2026-10-05;10:44:00;-03:00;16,350000381469727;16,360000610351562;16,290000915527344;16,309999465942383;317600
2026-10-05;10:45:00;-03:00;16,309999465942383;16,309999465942383;16,170000076293945;16,170000076293945;523800
2026-10-05;10:46:00;-03:00;16,170000076293945;16,229999542236328;16,149999618530273;16,219999313354492;313200
2026-10-05;10:47:00;-03:00;16,209999084472656;16,25;16,190000534057617;16,219999313354492;622300
2026-10-05;10:48:00;-03:00;16,219999313354492;16,229999542236328;16,190000534057617;16,219999313354492;264100
2026-10-05;10:49:00;-03:00;16,229999542236328;16,25;16,209999084472656;16,219999313354492;657600
2026-10-05;10:50:00;-03:00;16,219999313354492;16,25;16,200000762939453;16,209999084472656;206900
2026-10-05;10:51:00;-03:00;16,209999084472656;16,25;16,200000762939453;16,219999313354492;857800
2026-10-05;10:52:00;-03:00;16,239999771118164;16,239999771118164;16,209999084472656;16,229999542236328;194000
2026-10-05;10:53:00;-03:00;16,229999542236328;16,25;16,219999313354492;16,239999771118164;135200
2026-10-05;10:54:00;-03:00;16,229999542236328;16,270000457763672;16,219999313354492;16,219999313354492;488600
2026-10-05;10:55:00;-03:00;16,229999542236328;16,280000686645508;16,219999313354492;16,280000686645508;301500
2026-10-05;10:56:00;-03:00;16,280000686645508;16,309999465942383;16,270000457763672;16,299999237060547;210900
2026-10-05;10:57:00;-03:00;16,299999237060547;16,329999923706055;16,260000228881836;16,270000457763672;226700
2026-10-05;10:58:00;-03:00;16,260000228881836;16,260000228881836;16,200000762939453;16,219999313354492;428800
2026-10-05;10:59:00;-03:00;16,219999313354492;16,270000457763672;16,219999313354492;16,229999542236328;276700
2026-10-05;11:00:00;-03:00;16,229999542236328;16,290000915527344;16,229999542236328;16,239999771118164;436500
2026-10-05;11:01:00;-03:00;16,239999771118164;16,270000457763672;16,239999771118164;16,239999771118164;175200
2026-10-05;11:02:00;-03:00;16,239999771118164;16,25;16,190000534057617;16,190000534057617;347600
2026-10-05;11:03:00;-03:00;16,190000534057617;16,200000762939453;16,15999984741211;16,200000762939453;216900
2026-10-05;11:04:00;-03:00;16,200000762939453;16,200000762939453;16,149999618530273;16,15999984741211;212900
2026-10-05;11:05:00;-03:00;16,170000076293945;16,209999084472656;16,15999984741211;16,200000762939453;220900
2026-10-05;11:06:00;-03:00;16,200000762939453;16,239999771118164;16,190000534057617;16,209999084472656;222500
2026-10-05;11:07:00;-03:00;16,209999084472656;16,239999771118164;16,190000534057617;16,209999084472656;423400
2026-10-05;11:08:00;-03:00;16,219999313354492;16,260000228881836;16,209999084472656;16,239999771118164;221200
2026-10-05;11:09:00;-03:00;16,25;16,280000686645508;16,219999313354492;16,260000228881836;292300
2026-10-05;11:10:00;-03:00;16,270000457763672;16,299999237060547;16,25;16,290000915527344;309000
2026-10-05;11:11:00;-03:00;16,290000915527344;16,31999969482422;16,290000915527344;16,299999237060547;220700
2026-10-05;11:12:00;-03:00;16,299999237060547;16,31999969482422;16,270000457763672;16,309999465942383;341700
2026-10-05;11:13:00;-03:00;16,31999969482422;16,329999923706055;16,260000228881836;16,270000457763672;345300
2026-10-05;11:14:00;-03:00;16,270000457763672;16,31999969482422;16,260000228881836;16,31999969482422;178600
2026-10-05;11:15:00;-03:00;16,31999969482422;16,329999923706055;16,290000915527344;16,31999969482422;182500
2026-10-05;11:16:00;-03:00;16,31999969482422;16,34000015258789;16,299999237060547;16,309999465942383;369900
2026-10-05;11:17:00;-03:00;16,309999465942383;16,31999969482422;16,25;16,270000457763672;189300
2026-10-05;11:18:00;-03:00;16,25;16,270000457763672;16,219999313354492;16,219999313354492;279400
2026-10-05;11:19:00;-03:00;16,209999084472656;16,209999084472656;16,139999389648438;16,170000076293945;412900
2026-10-05;11:20:00;-03:00;16,170000076293945;16,190000534057617;16,139999389648438;16,15999984741211;143000
2026-10-05;11:21:00;-03:00;16,149999618530273;16,18000030517578;16,1299991607666;16,149999618530273;251600
2026-10-05;11:22:00;-03:00;16,149999618530273;16,149999618530273;16,06999969482422;16,1299991607666;526900
2026-10-05;11:23:00;-03:00;16,1200008392334;16,170000076293945;16,110000610351562;16,15999984741211;509900
2026-10-05;11:24:00;-03:00;16,15999984741211;16,15999984741211;16,1299991607666;16,1299991607666;141300
2026-10-05;11:25:00;-03:00;16,1299991607666;16,15999984741211;16,110000610351562;16,1200008392334;446200
2026-10-05;11:26:00;-03:00;16,110000610351562;16,139999389648438;16,110000610351562;16,110000610351562;137300
2026-10-05;11:27:00;-03:00;16,110000610351562;16,139999389648438;16,100000381469727;16,110000610351562;325100
2026-10-05;11:28:00;-03:00;16,110000610351562;16,1200008392334;16,059999465942383;16,059999465942383;379400
2026-10-05;11:29:00;-03:00;16,059999465942383;16,1200008392334;16,059999465942383;16,100000381469727;889200
2026-10-05;11:30:00;-03:00;16,100000381469727;16,170000076293945;16,100000381469727;16,1299991607666;220500
2026-10-05;11:31:00;-03:00;16,1299991607666;16,15999984741211;16,1200008392334;16,149999618530273;174200
2026-10-05;11:32:00;-03:00;16,149999618530273;16,18000030517578;16,139999389648438;16,149999618530273;209700
2026-10-05;11:33:00;-03:00;16,149999618530273;16,15999984741211;16,1299991607666;16,139999389648438;129400
2026-10-05;11:34:00;-03:00;16,149999618530273;16,170000076293945;16,1299991607666;16,149999618530273;257400
2026-10-05;11:35:00;-03:00;16,15999984741211;16,200000762939453;16,149999618530273;16,170000076293945;245300
2026-10-05;11:36:00;-03:00;16,170000076293945;16,200000762939453;16,139999389648438;16,139999389648438;196500
2026-10-05;11:37:00;-03:00;16,149999618530273;16,15999984741211;16,139999389648438;16,139999389648438;86100
2026-10-05;11:38:00;-03:00;16,149999618530273;16,170000076293945;16,100000381469727;16,100000381469727;248500
2026-10-05;11:39:00;-03:00;16,110000610351562;16,139999389648438;16,100000381469727;16,139999389648438;285100
2026-10-05;11:40:00;-03:00;16,1299991607666;16,219999313354492;16,1299991607666;16,209999084472656;226100
2026-10-05;11:41:00;-03:00;16,219999313354492;16,239999771118164;16,200000762939453;16,219999313354492;313500
2026-10-05;11:42:00;-03:00;16,209999084472656;16,229999542236328;16,18000030517578;16,18000030517578;174500
2026-10-05;11:43:00;-03:00;16,18000030517578;16,209999084472656;16,170000076293945;16,170000076293945;263500
2026-10-05;11:44:00;-03:00;16,170000076293945;16,170000076293945;16,149999618530273;16,149999618530273;160400
2026-10-05;11:45:00;-03:00;16,149999618530273;16,15999984741211;16,1200008392334;16,149999618530273;176200
2026-10-05;11:46:00;-03:00;16,149999618530273;16,190000534057617;16,139999389648438;16,190000534057617;120300
2026-10-05;11:47:00;-03:00;16,190000534057617;16,219999313354492;16,170000076293945;16,190000534057617;246300
2026-10-05;11:48:00;-03:00;16,209999084472656;16,229999542236328;16,190000534057617;16,229999542236328;264600
2026-10-05;11:49:00;-03:00;16,219999313354492;16,239999771118164;16,200000762939453;16,219999313354492;235500
2026-10-05;11:50:00;-03:00;16,219999313354492;16,270000457763672;16,219999313354492;16,260000228881836;387700
2026-10-05;11:51:00;-03:00;16,260000228881836;16,280000686645508;16,239999771118164;16,25;194900
2026-10-05;11:52:00;-03:00;16,260000228881836;16,270000457763672;16,209999084472656;16,229999542236328;285200
2026-10-05;11:53:00;-03:00;16,229999542236328;16,25;16,209999084472656;16,209999084472656;122700
2026-10-05;11:54:00;-03:00;16,209999084472656;16,219999313354492;16,18000030517578;16,200000762939453;156800
2026-10-05;11:55:00;-03:00;16,190000534057617;16,229999542236328;16,190000534057617;16,219999313354492;96900
2026-10-05;11:56:00;-03:00;16,219999313354492;16,239999771118164;16,209999084472656;16,209999084472656;118100
2026-10-05;11:57:00;-03:00;16,209999084472656;16,219999313354492;16,18000030517578;16,190000534057617;125000
2026-10-05;11:58:00;-03:00;16,200000762939453;16,200000762939453;16,170000076293945;16,170000076293945;79500
2026-10-05;11:59:00;-03:00;16,170000076293945;16,209999084472656;16,149999618530273;16,200000762939453;199000
2026-10-05;12:00:00;-03:00;16,200000762939453;16,229999542236328;16,190000534057617;16,209999084472656;89900
2026-10-05;12:01:00;-03:00;16,209999084472656;16,239999771118164;16,200000762939453;16,239999771118164;160800
2026-10-05;12:02:00;-03:00;16,239999771118164;16,280000686645508;16,229999542236328;16,260000228881836;265200
2026-10-05;12:03:00;-03:00;16,260000228881836;16,280000686645508;16,25;16,260000228881836;140100
2026-10-05;12:04:00;-03:00;16,270000457763672;16,290000915527344;16,260000228881836;16,280000686645508;110100
2026-10-05;12:05:00;-03:00;16,280000686645508;16,299999237060547;16,280000686645508;16,280000686645508;136500
2026-10-05;12:06:00;-03:00;16,280000686645508;16,290000915527344;16,229999542236328;16,260000228881836;245900
2026-10-05;12:07:00;-03:00;16,270000457763672;16,290000915527344;16,260000228881836;16,280000686645508;140600
2026-10-05;12:08:00;-03:00;16,280000686645508;16,280000686645508;16,25;16,25;165100
2026-10-05;12:09:00;-03:00;16,25;16,260000228881836;16,219999313354492;16,229999542236328;76500
2026-10-05;12:10:00;-03:00;16,229999542236328;16,25;16,229999542236328;16,239999771118164;67500
2026-10-05;12:11:00;-03:00;16,229999542236328;16,270000457763672;16,229999542236328;16,25;119800
2026-10-05;12:12:00;-03:00;16,260000228881836;16,270000457763672;16,239999771118164;16,239999771118164;67800
2026-10-05;12:13:00;-03:00;16,239999771118164;16,260000228881836;16,229999542236328;16,239999771118164;134700
2026-10-05;12:14:00;-03:00;16,239999771118164;16,260000228881836;16,229999542236328;16,229999542236328;56200
2026-10-05;12:15:00;-03:00;16,229999542236328;16,239999771118164;16,219999313354492;16,229999542236328;216400
2026-10-05;12:16:00;-03:00;16,229999542236328;16,229999542236328;16,18000030517578;16,209999084472656;326500
2026-10-05;12:17:00;-03:00;16,200000762939453;16,209999084472656;16,15999984741211;16,170000076293945;103800
2026-10-05;12:18:00;-03:00;16,18000030517578;16,18000030517578;16,149999618530273;16,170000076293945;94100
2026-10-05;12:19:00;-03:00;16,170000076293945;16,18000030517578;16,15999984741211;16,170000076293945;40100
2026-10-05;12:20:00;-03:00;16,170000076293945;16,170000076293945;16,1299991607666;16,1299991607666;48500
2026-10-05;12:21:00;-03:00;16,1299991607666;16,15999984741211;16,1299991607666;16,149999618530273;57700
2026-10-05;12:22:00;-03:00;16,149999618530273;16,15999984741211;16,1200008392334;16,1299991607666;182100
2026-10-05;12:23:00;-03:00;16,1299991607666;16,190000534057617;16,1299991607666;16,170000076293945;220600
2026-10-05;12:24:00;-03:00;16,170000076293945;16,18000030517578;16,15999984741211;16,170000076293945;63600
2026-10-05;12:25:00;-03:00;16,170000076293945;16,200000762939453;16,15999984741211;16,200000762939453;115300
2026-10-05;12:26:00;-03:00;16,190000534057617;16,229999542236328;16,18000030517578;16,209999084472656;176300
2026-10-05;12:27:00;-03:00;16,219999313354492;16,25;16,209999084472656;16,209999084472656;270600
2026-10-05;12:28:00;-03:00;16,219999313354492;16,25;16,209999084472656;16,229999542236328;143600
2026-10-05;12:29:00;-03:00;16,219999313354492;16,25;16,209999084472656;16,229999542236328;118500
2026-10-05;12:30:00;-03:00;16,239999771118164;16,270000457763672;16,229999542236328;16,239999771118164;257500
2026-10-05;12:31:00;-03:00;16,239999771118164;16,239999771118164;16,200000762939453;16,209999084472656;101200
2026-10-05;12:32:00;-03:00;16,209999084472656;16,229999542236328;16,190000534057617;16,229999542236328;78300
2026-10-05;12:33:00;-03:00;16,219999313354492;16,270000457763672;16,209999084472656;16,260000228881836;670900
2026-10-05;12:34:00;-03:00;16,270000457763672;16,270000457763672;16,25;16,260000228881836;123600
2026-10-05;12:35:00;-03:00;16,270000457763672;16,270000457763672;16,239999771118164;16,260000228881836;95200
2026-10-05;12:36:00;-03:00;16,260000228881836;16,299999237060547;16,260000228881836;16,299999237060547;131800
2026-10-05;12:37:00;-03:00;16,290000915527344;16,309999465942383;16,290000915527344;16,299999237060547;350300
2026-10-05;12:38:00;-03:00;16,309999465942383;16,309999465942383;16,270000457763672;16,270000457763672;615900
2026-10-05;12:39:00;-03:00;16,270000457763672;16,290000915527344;16,260000228881836;16,270000457763672;160600
2026-10-05;12:40:00;-03:00;16,280000686645508;16,280000686645508;16,260000228881836;16,270000457763672;67000
2026-10-05;12:41:00;-03:00;16,270000457763672;16,280000686645508;16,25;16,260000228881836;159700
2026-10-05;12:42:00;-03:00;16,260000228881836;16,270000457763672;16,229999542236328;16,229999542236328;132700
2026-10-05;12:43:00;-03:00;16,239999771118164;16,280000686645508;16,229999542236328;16,260000228881836;142100
2026-10-05;12:44:00;-03:00;16,270000457763672;16,299999237060547;16,270000457763672;16,290000915527344;99400
2026-10-05;12:45:00;-03:00;16,299999237060547;16,309999465942383;16,280000686645508;16,299999237060547;103300
2026-10-05;12:46:00;-03:00;16,309999465942383;16,31999969482422;16,280000686645508;16,280000686645508;151800
2026-10-05;12:47:00;-03:00;16,280000686645508;16,299999237060547;16,25;16,270000457763672;258600
2026-10-05;12:48:00;-03:00;16,270000457763672;16,309999465942383;16,270000457763672;16,299999237060547;147000
2026-10-05;12:49:00;-03:00;16,299999237060547;16,31999969482422;16,290000915527344;16,290000915527344;274700
2026-10-05;12:50:00;-03:00;16,290000915527344;16,299999237060547;16,270000457763672;16,280000686645508;92200
2026-10-05;12:51:00;-03:00;16,280000686645508;16,280000686645508;16,260000228881836;16,270000457763672;86900
2026-10-05;12:52:00;-03:00;16,270000457763672;16,280000686645508;16,260000228881836;16,260000228881836;43700
2026-10-05;12:53:00;-03:00;16,270000457763672;16,299999237060547;16,260000228881836;16,299999237060547;78300
2026-10-05;12:54:00;-03:00;16,290000915527344;16,31999969482422;16,290000915527344;16,309999465942383;190100
2026-10-05;12:55:00;-03:00;16,309999465942383;16,31999969482422;16,280000686645508;16,290000915527344;113000
2026-10-05;12:56:00;-03:00;16,299999237060547;16,31999969482422;16,280000686645508;16,31999969482422;134700
2026-10-05;12:57:00;-03:00;16,31999969482422;16,329999923706055;16,299999237060547;16,309999465942383;136400
2026-10-05;12:58:00;-03:00;16,309999465942383;16,31999969482422;16,299999237060547;16,309999465942383;101500
2026-10-05;12:59:00;-03:00;16,309999465942383;16,329999923706055;16,309999465942383;16,31999969482422;116100
2026-10-05;13:00:00;-03:00;16,31999969482422;16,31999969482422;16,290000915527344;16,299999237060547;114200
2026-10-05;13:01:00;-03:00;16,309999465942383;16,31999969482422;16,290000915527344;16,309999465942383;73300
2026-10-05;13:02:00;-03:00;16,309999465942383;16,31999969482422;16,299999237060547;16,299999237060547;82900
2026-10-05;13:03:00;-03:00;16,309999465942383;16,309999465942383;16,270000457763672;16,280000686645508;96400
2026-10-05;13:04:00;-03:00;16,280000686645508;16,299999237060547;16,280000686645508;16,280000686645508;42200
2026-10-05;13:05:00;-03:00;16,280000686645508;16,299999237060547;16,270000457763672;16,290000915527344;60800
2026-10-05;13:06:00;-03:00;16,290000915527344;16,31999969482422;16,290000915527344;16,309999465942383;157700
2026-10-05;13:07:00;-03:00;16,309999465942383;16,31999969482422;16,299999237060547;16,299999237060547;107200
2026-10-05;13:08:00;-03:00;16,299999237060547;16,31999969482422;16,290000915527344;16,290000915527344;84100
2026-10-05;13:09:00;-03:00;16,290000915527344;16,299999237060547;16,280000686645508;16,280000686645508;43700
2026-10-05;13:10:00;-03:00;16,290000915527344;16,31999969482422;16,280000686645508;16,309999465942383;119800
2026-10-05;13:11:00;-03:00;16,31999969482422;16,3700008392334;16,309999465942383;16,350000381469727;398100
2026-10-05;13:12:00;-03:00;16,360000610351562;16,3700008392334;16,34000015258789;16,350000381469727;95100
2026-10-05;13:13:00;-03:00;16,3700008392334;16,3700008392334;16,31999969482422;16,31999969482422;73500
2026-10-05;13:14:00;-03:00;16,31999969482422;16,329999923706055;16,309999465942383;16,31999969482422;50700
2026-10-05;13:15:00;-03:00;16,31999969482422;16,329999923706055;16,299999237060547;16,309999465942383;60100
2026-10-05;13:16:00;-03:00;16,309999465942383;16,31999969482422;16,299999237060547;16,299999237060547;40800
2026-10-05;13:17:00;-03:00;16,31999969482422;16,34000015258789;16,31999969482422;16,31999969482422;99000
2026-10-05;13:18:00;-03:00;16,329999923706055;16,34000015258789;16,31999969482422;16,329999923706055;52900
2026-10-05;13:19:00;-03:00;16,329999923706055;16,360000610351562;16,31999969482422;16,31999969482422;85500
2026-10-05;13:20:00;-03:00;16,31999969482422;16,329999923706055;16,309999465942383;16,329999923706055;43000
2026-10-05;13:21:00;-03:00;16,31999969482422;16,329999923706055;16,309999465942383;16,31999969482422;48600
2026-10-05;13:22:00;-03:00;16,31999969482422;16,34000015258789;16,309999465942383;16,31999969482422;64100
2026-10-05;13:23:00;-03:00;16,31999969482422;16,34000015258789;16,309999465942383;16,329999923706055;106000
2026-10-05;13:24:00;-03:00;16,329999923706055;16,350000381469727;16,329999923706055;16,350000381469727;118600
2026-10-05;13:25:00;-03:00;16,34000015258789;16,360000610351562;16,329999923706055;16,34000015258789;98900
2026-10-05;13:26:00;-03:00;16,34000015258789;16,34000015258789;16,290000915527344;16,290000915527344;65800
2026-10-05;13:27:00;-03:00;16,290000915527344;16,299999237060547;16,25;16,260000228881836;93000
2026-10-05;13:28:00;-03:00;16,25;16,290000915527344;16,25;16,280000686645508;157300
2026-10-05;13:29:00;-03:00;16,280000686645508;16,299999237060547;16,260000228881836;16,260000228881836;81400
2026-10-05;13:30:00;-03:00;16,260000228881836;16,280000686645508;16,260000228881836;16,280000686645508;58800
2026-10-05;13:31:00;-03:00;16,280000686645508;16,290000915527344;16,260000228881836;16,270000457763672;75000
2026-10-05;13:32:00;-03:00;16,270000457763672;16,290000915527344;16,270000457763672;16,280000686645508;55500
2026-10-05;13:33:00;-03:00;16,280000686645508;16,290000915527344;16,270000457763672;16,270000457763672;29400
2026-10-05;13:34:00;-03:00;16,280000686645508;16,290000915527344;16,260000228881836;16,260000228881836;34600
2026-10-05;13:35:00;-03:00;16,270000457763672;16,299999237060547;16,270000457763672;16,290000915527344;125000
2026-10-05;13:36:00;-03:00;16,290000915527344;16,299999237060547;16,290000915527344;16,290000915527344;61800
2026-10-05;13:37:00;-03:00;16,290000915527344;16,31999969482422;16,290000915527344;16,309999465942383;91500
2026-10-05;13:38:00;-03:00;16,31999969482422;16,34000015258789;16,309999465942383;16,31999969482422;134000
2026-10-05;13:39:00;-03:00;16,31999969482422;16,360000610351562;16,31999969482422;16,34000015258789;180500
2026-10-05;13:40:00;-03:00;16,34000015258789;16,350000381469727;16,329999923706055;16,34000015258789;71400
2026-10-05;13:41:00;-03:00;16,34000015258789;16,360000610351562;16,34000015258789;16,34000015258789;47500
2026-10-05;13:42:00;-03:00;16,34000015258789;16,360000610351562;16,31999969482422;16,329999923706055;129000
2026-10-05;13:43:00;-03:00;16,329999923706055;16,34000015258789;16,309999465942383;16,309999465942383;41800
2026-10-05;13:44:00;-03:00;16,309999465942383;16,329999923706055;16,270000457763672;16,270000457763672;100800
2026-10-05;13:45:00;-03:00;16,280000686645508;16,299999237060547;16,280000686645508;16,290000915527344;96000
2026-10-05;13:46:00;-03:00;16,290000915527344;16,299999237060547;16,270000457763672;16,299999237060547;62900
2026-10-05;13:47:00;-03:00;16,280000686645508;16,290000915527344;16,260000228881836;16,270000457763672;49900
2026-10-05;13:48:00;-03:00;16,270000457763672;16,270000457763672;16,25;16,25;25900
2026-10-05;13:49:00;-03:00;16,25;16,270000457763672;16,239999771118164;16,25;176900
2026-10-05;13:50:00;-03:00;16,239999771118164;16,270000457763672;16,239999771118164;16,260000228881836;119300
2026-10-05;13:51:00;-03:00;16,260000228881836;16,290000915527344;16,25;16,280000686645508;69900
2026-10-05;13:52:00;-03:00;16,280000686645508;16,299999237060547;16,270000457763672;16,280000686645508;100700
2026-10-05;13:53:00;-03:00;16,280000686645508;16,280000686645508;16,260000228881836;16,260000228881836;69000
2026-10-05;13:54:00;-03:00;16,260000228881836;16,270000457763672;16,239999771118164;16,260000228881836;79000
2026-10-05;13:55:00;-03:00;16,25;16,280000686645508;16,25;16,270000457763672;38100
2026-10-05;13:56:00;-03:00;16,270000457763672;16,31999969482422;16,270000457763672;16,31999969482422;163400
2026-10-05;13:57:00;-03:00;16,309999465942383;16,329999923706055;16,290000915527344;16,299999237060547;228200
2026-10-05;13:58:00;-03:00;16,299999237060547;16,299999237060547;16,25;16,280000686645508;182800
2026-10-05;13:59:00;-03:00;16,280000686645508;16,280000686645508;16,25;16,280000686645508;158500
2026-10-05;14:00:00;-03:00;16,270000457763672;16,280000686645508;16,25;16,280000686645508;77200
2026-10-05;14:01:00;-03:00;16,270000457763672;16,299999237060547;16,270000457763672;16,270000457763672;115500
2026-10-05;14:02:00;-03:00;16,270000457763672;16,299999237060547;16,270000457763672;16,280000686645508;88300
2026-10-05;14:03:00;-03:00;16,280000686645508;16,290000915527344;16,260000228881836;16,270000457763672;102900
2026-10-05;14:04:00;-03:00;16,270000457763672;16,299999237060547;16,270000457763672;16,290000915527344;57500
2026-10-05;14:05:00;-03:00;16,280000686645508;16,299999237060547;16,270000457763672;16,280000686645508;107500
2026-10-05;14:06:00;-03:00;16,270000457763672;16,280000686645508;16,260000228881836;16,260000228881836;167000
2026-10-05;14:07:00;-03:00;16,260000228881836;16,280000686645508;16,260000228881836;16,270000457763672;84900
2026-10-05;14:08:00;-03:00;16,260000228881836;16,280000686645508;16,25;16,25;61200
2026-10-05;14:09:00;-03:00;16,25;16,260000228881836;16,239999771118164;16,25;336900
2026-10-05;14:10:00;-03:00;16,25;16,270000457763672;16,239999771118164;16,260000228881836;131500
2026-10-05;14:11:00;-03:00;16,260000228881836;16,260000228881836;16,239999771118164;16,25;39300
2026-10-05;14:12:00;-03:00;16,25;16,260000228881836;16,239999771118164;16,25;57700
2026-10-05;14:13:00;-03:00;16,25;16,260000228881836;16,239999771118164;16,25;57800
2026-10-05;14:14:00;-03:00;16,25;16,260000228881836;16,239999771118164;16,25;156500
2026-10-05;14:15:00;-03:00;16,25;16,270000457763672;16,25;16,270000457763672;86200
2026-10-05;14:16:00;-03:00;16,260000228881836;16,270000457763672;16,239999771118164;16,260000228881836;98000
2026-10-05;14:17:00;-03:00;16,25;16,280000686645508;16,239999771118164;16,280000686645508;97200
2026-10-05;14:18:00;-03:00;16,280000686645508;16,280000686645508;16,260000228881836;16,270000457763672;79200
2026-10-05;14:19:00;-03:00;16,260000228881836;16,280000686645508;16,260000228881836;16,260000228881836;57700
2026-10-05;14:20:00;-03:00;16,270000457763672;16,290000915527344;16,260000228881836;16,280000686645508;157200
2026-10-05;14:21:00;-03:00;16,270000457763672;16,280000686645508;16,260000228881836;16,270000457763672;176500
2026-10-05;14:22:00;-03:00;16,270000457763672;16,309999465942383;16,270000457763672;16,299999237060547;126600
2026-10-05;14:23:00;-03:00;16,299999237060547;16,309999465942383;16,290000915527344;16,299999237060547;110200
2026-10-05;14:24:00;-03:00;16,309999465942383;16,34000015258789;16,299999237060547;16,329999923706055;193600
2026-10-05;14:25:00;-03:00;16,329999923706055;16,34000015258789;16,31999969482422;16,329999923706055;107600
2026-10-05;14:26:00;-03:00;16,329999923706055;16,329999923706055;16,290000915527344;16,290000915527344;79400
2026-10-05;14:27:00;-03:00;16,290000915527344;16,299999237060547;16,270000457763672;16,280000686645508;82200
2026-10-05;14:28:00;-03:00;16,290000915527344;16,299999237060547;16,280000686645508;16,290000915527344;78900
2026-10-05;14:29:00;-03:00;16,290000915527344;16,31999969482422;16,290000915527344;16,31999969482422;48500
2026-10-05;14:30:00;-03:00;16,309999465942383;16,31999969482422;16,299999237060547;16,309999465942383;120200
2026-10-05;14:31:00;-03:00;16,309999465942383;16,350000381469727;16,309999465942383;16,34000015258789;277700
2026-10-05;14:32:00;-03:00;16,34000015258789;16,360000610351562;16,329999923706055;16,34000015258789;120300
2026-10-05;14:33:00;-03:00;16,34000015258789;16,350000381469727;16,34000015258789;16,34000015258789;16600
2026-10-05;14:34:00;-03:00;16,34000015258789;16,360000610351562;16,34000015258789;16,350000381469727;90200
2026-10-05;14:35:00;-03:00;16,350000381469727;16,3700008392334;16,329999923706055;16,360000610351562;172800
2026-10-05;14:36:00;-03:00;16,360000610351562;16,360000610351562;16,34000015258789;16,350000381469727;81600
2026-10-05;14:37:00;-03:00;16,34000015258789;16,360000610351562;16,329999923706055;16,350000381469727;112300
2026-10-05;14:38:00;-03:00;16,350000381469727;16,389999389648438;16,34000015258789;16,3700008392334;273300
2026-10-05;14:39:00;-03:00;16,3700008392334;16,399999618530273;16,3700008392334;16,389999389648438;180800
2026-10-05;14:40:00;-03:00;16,389999389648438;16,40999984741211;16,3799991607666;16,389999389648438;312500
2026-10-05;14:41:00;-03:00;16,389999389648438;16,399999618530273;16,3700008392334;16,3799991607666;158900
2026-10-05;14:42:00;-03:00;16,3799991607666;16,389999389648438;16,3700008392334;16,3799991607666;100200
2026-10-05;14:43:00;-03:00;16,3700008392334;16,3799991607666;16,3700008392334;16,3700008392334;48200
2026-10-05;14:44:00;-03:00;16,3700008392334;16,389999389648438;16,3700008392334;16,3700008392334;91200
2026-10-05;14:45:00;-03:00;16,3700008392334;16,389999389648438;16,360000610351562;16,3700008392334;146300
2026-10-05;14:46:00;-03:00;16,3700008392334;16,3799991607666;16,360000610351562;16,3700008392334;60200
2026-10-05;14:47:00;-03:00;16,3700008392334;16,3799991607666;16,350000381469727;16,350000381469727;142400
2026-10-05;14:48:00;-03:00;16,350000381469727;16,360000610351562;16,329999923706055;16,329999923706055;114900
2026-10-05;14:49:00;-03:00;16,329999923706055;16,360000610351562;16,329999923706055;16,350000381469727;136500
2026-10-05;14:50:00;-03:00;16,360000610351562;16,3700008392334;16,350000381469727;16,360000610351562;39900
2026-10-05;14:51:00;-03:00;16,360000610351562;16,3700008392334;16,350000381469727;16,350000381469727;82600
2026-10-05;14:52:00;-03:00;16,360000610351562;16,3700008392334;16,350000381469727;16,360000610351562;42700
2026-10-05;14:53:00;-03:00;16,360000610351562;16,3700008392334;16,360000610351562;16,360000610351562;22600
2026-10-05;14:54:00;-03:00;16,3700008392334;16,3799991607666;16,350000381469727;16,3700008392334;198400
2026-10-05;14:55:00;-03:00;16,3700008392334;16,399999618530273;16,3700008392334;16,399999618530273;133500
2026-10-05;14:56:00;-03:00;16,399999618530273;16,399999618530273;16,3799991607666;16,3799991607666;161500
2026-10-05;14:57:00;-03:00;16,399999618530273;16,399999618530273;16,3700008392334;16,3700008392334;222600
2026-10-05;14:58:00;-03:00;16,3799991607666;16,3799991607666;16,350000381469727;16,3700008392334;146200
2026-10-05;14:59:00;-03:00;16,3700008392334;16,3799991607666;16,350000381469727;16,360000610351562;225500
2026-10-05;15:00:00;-03:00;16,350000381469727;16,360000610351562;16,31999969482422;16,360000610351562;239400
2026-10-05;15:01:00;-03:00;16,360000610351562;16,389999389648438;16,360000610351562;16,389999389648438;103500
2026-10-05;15:02:00;-03:00;16,389999389648438;16,399999618530273;16,3799991607666;16,389999389648438;123000
2026-10-05;15:03:00;-03:00;16,389999389648438;16,389999389648438;16,3799991607666;16,3799991607666;142300
2026-10-05;15:04:00;-03:00;16,389999389648438;16,389999389648438;16,3799991607666;16,3799991607666;68000
2026-10-05;15:05:00;-03:00;16,389999389648438;16,399999618530273;16,3700008392334;16,399999618530273;298300
2026-10-05;15:06:00;-03:00;16,399999618530273;16,420000076293945;16,389999389648438;16,40999984741211;448800
2026-10-05;15:07:00;-03:00;16,40999984741211;16,420000076293945;16,389999389648438;16,389999389648438;259500
2026-10-05;15:08:00;-03:00;16,389999389648438;16,389999389648438;16,360000610351562;16,360000610351562;154600
2026-10-05;15:09:00;-03:00;16,3700008392334;16,3799991607666;16,360000610351562;16,3700008392334;191500
2026-10-05;15:10:00;-03:00;16,3700008392334;16,389999389648438;16,3700008392334;16,3799991607666;68200
2026-10-05;15:11:00;-03:00;16,3799991607666;16,389999389648438;16,360000610351562;16,3700008392334;179400
2026-10-05;15:12:00;-03:00;16,3700008392334;16,3799991607666;16,3700008392334;16,3700008392334;28000
2026-10-05;15:13:00;-03:00;16,3700008392334;16,3799991607666;16,360000610351562;16,360000610351562;82600
2026-10-05;15:14:00;-03:00;16,3700008392334;16,3799991607666;16,360000610351562;16,360000610351562;79900
2026-10-05;15:15:00;-03:00;16,360000610351562;16,389999389648438;16,360000610351562;16,3799991607666;78200
2026-10-05;15:16:00;-03:00;16,389999389648438;16,399999618530273;16,3799991607666;16,389999389648438;41800
2026-10-05;15:17:00;-03:00;16,399999618530273;16,399999618530273;16,389999389648438;16,399999618530273;31000
2026-10-05;15:18:00;-03:00;16,399999618530273;16,399999618530273;16,3700008392334;16,3700008392334;184700
2026-10-05;15:19:00;-03:00;16,3799991607666;16,389999389648438;16,3700008392334;16,3700008392334;99700
2026-10-05;15:20:00;-03:00;16,3799991607666;16,399999618530273;16,3700008392334;16,389999389648438;87000
2026-10-05;15:21:00;-03:00;16,389999389648438;16,389999389648438;16,3700008392334;16,3700008392334;237400
2026-10-05;15:22:00;-03:00;16,3700008392334;16,40999984741211;16,3700008392334;16,399999618530273;184400
2026-10-05;15:23:00;-03:00;16,399999618530273;16,40999984741211;16,389999389648438;16,389999389648438;139700
2026-10-05;15:24:00;-03:00;16,399999618530273;16,399999618530273;16,3799991607666;16,389999389648438;101200
2026-10-05;15:25:00;-03:00;16,389999389648438;16,399999618530273;16,3799991607666;16,389999389648438;234100
2026-10-05;15:26:00;-03:00;16,3799991607666;16,40999984741211;16,3799991607666;16,389999389648438;203800
2026-10-05;15:27:00;-03:00;16,389999389648438;16,399999618530273;16,389999389648438;16,389999389648438;21100
2026-10-05;15:28:00;-03:00;16,399999618530273;16,40999984741211;16,389999389648438;16,399999618530273;158800
2026-10-05;15:29:00;-03:00;16,399999618530273;16,40999984741211;16,399999618530273;16,40999984741211;69200
2026-10-05;15:30:00;-03:00;16,399999618530273;16,420000076293945;16,3799991607666;16,3799991607666;261800
2026-10-05;15:31:00;-03:00;16,3799991607666;16,3799991607666;16,350000381469727;16,350000381469727;144100
2026-10-05;15:32:00;-03:00;16,360000610351562;16,3700008392334;16,329999923706055;16,329999923706055;96000
2026-10-05;15:33:00;-03:00;16,329999923706055;16,350000381469727;16,329999923706055;16,34000015258789;72400
2026-10-05;15:34:00;-03:00;16,350000381469727;16,350000381469727;16,329999923706055;16,329999923706055;71600
2026-10-05;15:35:00;-03:00;16,31999969482422;16,34000015258789;16,31999969482422;16,31999969482422;34200
2026-10-05;15:36:00;-03:00;16,329999923706055;16,34000015258789;16,31999969482422;16,31999969482422;85600
2026-10-05;15:37:00;-03:00;16,31999969482422;16,329999923706055;16,309999465942383;16,309999465942383;108200
2026-10-05;15:38:00;-03:00;16,31999969482422;16,329999923706055;16,309999465942383;16,329999923706055;77200
2026-10-05;15:39:00;-03:00;16,31999969482422;16,31999969482422;16,299999237060547;16,309999465942383;41200
2026-10-05;15:40:00;-03:00;16,31999969482422;16,329999923706055;16,309999465942383;16,31999969482422;102300
2026-10-05;15:41:00;-03:00;16,31999969482422;16,329999923706055;16,309999465942383;16,31999969482422;78500
2026-10-05;15:42:00;-03:00;16,329999923706055;16,329999923706055;16,31999969482422;16,329999923706055;55400
2026-10-05;15:43:00;-03:00;16,31999969482422;16,34000015258789;16,31999969482422;16,329999923706055;76700
2026-10-05;15:44:00;-03:00;16,329999923706055;16,34000015258789;16,31999969482422;16,329999923706055;41200
2026-10-05;15:45:00;-03:00;16,329999923706055;16,34000015258789;16,31999969482422;16,34000015258789;101600
2026-10-05;15:46:00;-03:00;16,34000015258789;16,360000610351562;16,329999923706055;16,350000381469727;60400
2026-10-05;15:47:00;-03:00;16,350000381469727;16,3700008392334;16,350000381469727;16,360000610351562;112300
2026-10-05;15:48:00;-03:00;16,3700008392334;16,3799991607666;16,360000610351562;16,360000610351562;208200
2026-10-05;15:49:00;-03:00;16,3700008392334;16,389999389648438;16,360000610351562;16,3799991607666;74400
2026-10-05;15:50:00;-03:00;16,389999389648438;16,389999389648438;16,3700008392334;16,3799991607666;148800
2026-10-05;15:51:00;-03:00;16,3799991607666;16,389999389648438;16,3799991607666;16,3799991607666;113500
2026-10-05;15:52:00;-03:00;16,389999389648438;16,389999389648438;16,350000381469727;16,350000381469727;343100
2026-10-05;15:53:00;-03:00;16,350000381469727;16,360000610351562;16,31999969482422;16,31999969482422;55200
2026-10-05;15:54:00;-03:00;16,31999969482422;16,360000610351562;16,31999969482422;16,350000381469727;162000
2026-10-05;15:55:00;-03:00;16,360000610351562;16,3700008392334;16,350000381469727;16,360000610351562;168400
2026-10-05;15:56:00;-03:00;16,3700008392334;16,3799991607666;16,350000381469727;16,360000610351562;211000
2026-10-05;15:57:00;-03:00;16,360000610351562;16,3700008392334;16,350000381469727;16,360000610351562;138600
2026-10-05;15:58:00;-03:00;16,3700008392334;16,3799991607666;16,360000610351562;16,360000610351562;128800
2026-10-05;15:59:00;-03:00;16,360000610351562;16,3799991607666;16,360000610351562;16,360000610351562;188300
2026-10-05;16:00:00;-03:00;16,3700008392334;16,3700008392334;16,34000015258789;16,350000381469727;80100
2026-10-05;16:01:00;-03:00;16,360000610351562;16,3700008392334;16,350000381469727;16,350000381469727;162700
2026-10-05;16:02:00;-03:00;16,350000381469727;16,360000610351562;16,34000015258789;16,360000610351562;101800
2026-10-05;16:03:00;-03:00;16,350000381469727;16,360000610351562;16,34000015258789;16,350000381469727;61300
2026-10-05;16:04:00;-03:00;16,360000610351562;16,3700008392334;16,350000381469727;16,360000610351562;57300
2026-10-05;16:05:00;-03:00;16,360000610351562;16,3799991607666;16,360000610351562;16,3799991607666;70800
2026-10-05;16:06:00;-03:00;16,3799991607666;16,389999389648438;16,3700008392334;16,3700008392334;210200
2026-10-05;16:07:00;-03:00;16,3700008392334;16,3799991607666;16,3700008392334;16,3700008392334;48300
2026-10-05;16:08:00;-03:00;16,3700008392334;16,3799991607666;16,3700008392334;16,3700008392334;36100
2026-10-05;16:09:00;-03:00;16,3700008392334;16,3799991607666;16,3700008392334;16,3700008392334;38500
2026-10-05;16:10:00;-03:00;16,3700008392334;16,3799991607666;16,3700008392334;16,3700008392334;79300
2026-10-05;16:11:00;-03:00;16,3700008392334;16,389999389648438;16,3700008392334;16,3799991607666;145900
2026-10-05;16:12:00;-03:00;16,3799991607666;16,399999618530273;16,3700008392334;16,3799991607666;263900
2026-10-05;16:13:00;-03:00;16,3700008392334;16,389999389648438;16,3700008392334;16,3700008392334;97200
2026-10-05;16:14:00;-03:00;16,3700008392334;16,389999389648438;16,3700008392334;16,3700008392334;192600
2026-10-05;16:15:00;-03:00;16,3700008392334;16,389999389648438;16,3700008392334;16,3700008392334;171100
2026-10-05;16:16:00;-03:00;16,3700008392334;16,3799991607666;16,350000381469727;16,360000610351562;111100
2026-10-05;16:17:00;-03:00;16,350000381469727;16,3700008392334;16,350000381469727;16,350000381469727;58600
2026-10-05;16:18:00;-03:00;16,360000610351562;16,360000610351562;16,34000015258789;16,34000015258789;89500
2026-10-05;16:19:00;-03:00;16,34000015258789;16,360000610351562;16,329999923706055;16,329999923706055;347600
2026-10-05;16:20:00;-03:00;16,329999923706055;16,34000015258789;16,31999969482422;16,329999923706055;234800
2026-10-05;16:21:00;-03:00;16,329999923706055;16,360000610351562;16,329999923706055;16,350000381469727;105500
2026-10-05;16:22:00;-03:00;16,350000381469727;16,360000610351562;16,329999923706055;16,329999923706055;154300
2026-10-05;16:23:00;-03:00;16,329999923706055;16,360000610351562;16,329999923706055;16,360000610351562;125500
2026-10-05;16:24:00;-03:00;16,360000610351562;16,360000610351562;16,34000015258789;16,350000381469727;194600
2026-10-05;16:25:00;-03:00;16,34000015258789;16,350000381469727;16,329999923706055;16,34000015258789;62700
2026-10-05;16:26:00;-03:00;16,34000015258789;16,34000015258789;16,299999237060547;16,299999237060547;175400
2026-10-05;16:27:00;-03:00;16,31999969482422;16,31999969482422;16,309999465942383;16,309999465942383;208900
2026-10-05;16:28:00;-03:00;16,309999465942383;16,31999969482422;16,290000915527344;16,309999465942383;115100
2026-10-05;16:29:00;-03:00;16,299999237060547;16,299999237060547;16,270000457763672;16,280000686645508;134000
2026-10-05;16:30:00;-03:00;16,280000686645508;16,280000686645508;16,25;16,270000457763672;620800
2026-10-05;16:31:00;-03:00;16,270000457763672;16,290000915527344;16,25;16,260000228881836;428400
2026-10-05;16:32:00;-03:00;16,270000457763672;16,280000686645508;16,260000228881836;16,270000457763672;184500
2026-10-05;16:33:00;-03:00;16,270000457763672;16,270000457763672;16,260000228881836;16,270000457763672;292600
2026-10-05;16:34:00;-03:00;16,270000457763672;16,270000457763672;16,260000228881836;16,260000228881836;42200
2026-10-05;16:35:00;-03:00;16,270000457763672;16,270000457763672;16,260000228881836;16,260000228881836;920000
2026-10-05;16:36:00;-03:00;16,260000228881836;16,270000457763672;16,25;16,25;607300
2026-10-05;16:37:00;-03:00;16,25;16,280000686645508;16,25;16,270000457763672;587200
2026-10-05;16:38:00;-03:00;16,280000686645508;16,290000915527344;16,270000457763672;16,280000686645508;131600
2026-10-05;16:39:00;-03:00;16,280000686645508;16,299999237060547;16,280000686645508;16,299999237060547;243500
2026-10-05;16:40:00;-03:00;16,290000915527344;16,31999969482422;16,280000686645508;16,280000686645508;321300
2026-10-05;16:41:00;-03:00;16,280000686645508;16,299999237060547;16,280000686645508;16,280000686645508;125900
2026-10-05;16:42:00;-03:00;16,280000686645508;16,309999465942383;16,280000686645508;16,299999237060547;184900
2026-10-05;16:43:00;-03:00;16,299999237060547;16,31999969482422;16,299999237060547;16,31999969482422;123500
2026-10-05;16:44:00;-03:00;16,309999465942383;16,329999923706055;16,309999465942383;16,31999969482422;199700
2026-10-05;16:45:00;-03:00;16,31999969482422;16,34000015258789;16,309999465942383;16,309999465942383;401700
2026-10-05;16:46:00;-03:00;16,309999465942383;16,329999923706055;16,299999237060547;16,309999465942383;218400
2026-10-05;16:47:00;-03:00;16,309999465942383;16,31999969482422;16,309999465942383;16,309999465942383;37400
2026-10-05;16:48:00;-03:00;16,309999465942383;16,31999969482422;16,290000915527344;16,290000915527344;65600
2026-10-05;16:49:00;-03:00;16,290000915527344;16,31999969482422;16,290000915527344;16,299999237060547;335400
2026-10-05;16:50:00;-03:00;16,299999237060547;16,31999969482422;16,299999237060547;16,309999465942383;120200
2026-10-05;16:51:00;-03:00;16,309999465942383;16,309999465942383;16,299999237060547;16,299999237060547;112200
2026-10-05;16:52:00;-03:00;16,299999237060547;16,309999465942383;16,270000457763672;16,299999237060547;741200
2026-10-05;16:53:00;-03:00;16,309999465942383;16,31999969482422;16,299999237060547;16,299999237060547;330400
2026-10-05;16:54:00;-03:00;16,299999237060547;16,350000381469727;16,299999237060547;16,350000381469727;151200
2026-10-06;10:03:00;-03:00;16,3700008392334;16,420000076293945;16,329999923706055;16,420000076293945;0
2026-10-06;10:04:00;-03:00;16,43000030517578;16,440000534057617;16,3799991607666;16,420000076293945;246900
2026-10-06;10:05:00;-03:00;16,40999984741211;16,459999084472656;16,40999984741211;16,459999084472656;86700
2026-10-06;10:06:00;-03:00;16,450000762939453;16,469999313354492;16,440000534057617;16,450000762939453;41000
2026-10-06;10:07:00;-03:00;16,459999084472656;16,459999084472656;16,440000534057617;16,450000762939453;40500
2026-10-06;10:08:00;-03:00;16,440000534057617;16,549999237060547;16,440000534057617;16,549999237060547;143500
2026-10-06;10:09:00;-03:00;16,549999237060547;16,56999969482422;16,5;16,5;184800
2026-10-06;10:10:00;-03:00;16,510000228881836;16,59000015258789;16,5;16,510000228881836;173900
2026-10-06;10:11:00;-03:00;16,520000457763672;16,600000381469727;16,5;16,600000381469727;56300
2026-10-06;10:12:00;-03:00;16,59000015258789;16,610000610351562;16,56999969482422;16,59000015258789;88800
2026-10-06;10:13:00;-03:00;16,59000015258789;16,59000015258789;16,559999465942383;16,559999465942383;59600
2026-10-06;10:14:00;-03:00;16,559999465942383;16,559999465942383;16,520000457763672;16,559999465942383;76900
2026-10-06;10:15:00;-03:00;16,559999465942383;16,559999465942383;16,520000457763672;16,530000686645508;106700
2026-10-06;10:16:00;-03:00;16,540000915527344;16,600000381469727;16,520000457763672;16,59000015258789;231100
2026-10-06;10:17:00;-03:00;16,600000381469727;16,6299991607666;16,600000381469727;16,6200008392334;365600
2026-10-06;10:18:00;-03:00;16,6299991607666;16,6299991607666;16,579999923706055;16,59000015258789;182600
2026-10-06;10:19:00;-03:00;16,59000015258789;16,59000015258789;16,549999237060547;16,579999923706055;105400
2026-10-06;10:20:00;-03:00;16,56999969482422;16,579999923706055;16,549999237060547;16,559999465942383;99900
2026-10-06;10:21:00;-03:00;16,56999969482422;16,56999969482422;16,540000915527344;16,56999969482422;82200
2026-10-06;10:22:00;-03:00;16,56999969482422;16,600000381469727;16,559999465942383;16,56999969482422;107800
2026-10-06;10:23:00;-03:00;16,579999923706055;16,59000015258789;16,559999465942383;16,559999465942383;65300
2026-10-06;10:24:00;-03:00;16,559999465942383;16,56999969482422;16,530000686645508;16,530000686645508;74400
2026-10-06;10:25:00;-03:00;16,530000686645508;16,530000686645508;16,510000228881836;16,530000686645508;65300
2026-10-06;10:26:00;-03:00;16,520000457763672;16,530000686645508;16,5;16,520000457763672;202700
2026-10-06;10:27:00;-03:00;16,520000457763672;16,549999237060547;16,520000457763672;16,530000686645508;214700
2026-10-06;10:28:00;-03:00;16,530000686645508;16,530000686645508;16,510000228881836;16,520000457763672;95300
2026-10-06;10:29:00;-03:00;16,530000686645508;16,549999237060547;16,530000686645508;16,530000686645508;90000
2026-10-06;10:30:00;-03:00;16,530000686645508;16,540000915527344;16,450000762939453;16,469999313354492;277400
2026-10-06;10:31:00;-03:00;16,459999084472656;16,540000915527344;16,459999084472656;16,530000686645508;222400
2026-10-06;10:32:00;-03:00;16,530000686645508;16,549999237060547;16,510000228881836;16,540000915527344;119600
2026-10-06;10:33:00;-03:00;16,540000915527344;16,549999237060547;16,510000228881836;16,510000228881836;163500
2026-10-06;10:34:00;-03:00;16,520000457763672;16,56999969482422;16,510000228881836;16,559999465942383;123500
2026-10-06;10:35:00;-03:00;16,559999465942383;16,56999969482422;16,520000457763672;16,530000686645508;113800
2026-10-06;10:36:00;-03:00;16,540000915527344;16,579999923706055;16,540000915527344;16,579999923706055;124800
2026-10-06;10:37:00;-03:00;16,56999969482422;16,59000015258789;16,549999237060547;16,559999465942383;122800
2026-10-06;10:38:00;-03:00;16,549999237060547;16,559999465942383;16,530000686645508;16,549999237060547;40000
2026-10-06;10:39:00;-03:00;16,540000915527344;16,540000915527344;16,520000457763672;16,530000686645508;58900
2026-10-06;10:40:00;-03:00;16,530000686645508;16,549999237060547;16,510000228881836;16,549999237060547;73100
2026-10-06;10:41:00;-03:00;16,540000915527344;16,540000915527344;16,5;16,510000228881836;85300
2026-10-06;10:42:00;-03:00;16,510000228881836;16,510000228881836;16,479999542236328;16,479999542236328;123900
2026-10-06;10:43:00;-03:00;16,479999542236328;16,489999771118164;16,469999313354492;16,479999542236328;89900
2026-10-06;10:44:00;-03:00;16,489999771118164;16,520000457763672;16,479999542236328;16,479999542236328;126500
2026-10-06;10:45:00;-03:00;16,479999542236328;16,479999542236328;16,450000762939453;16,459999084472656;86400
2026-10-06;10:46:00;-03:00;16,450000762939453;16,459999084472656;16,40999984741211;16,40999984741211;90500
2026-10-06;10:47:00;-03:00;16,40999984741211;16,40999984741211;16,3799991607666;16,3799991607666;182000
2026-10-06;10:48:00;-03:00;16,389999389648438;16,399999618530273;16,3700008392334;16,399999618530273;131300
2026-10-06;10:49:00;-03:00;16,389999389648438;16,420000076293945;16,389999389648438;16,40999984741211;96600
2026-10-06;10:50:00;-03:00;16,40999984741211;16,40999984741211;16,350000381469727;16,399999618530273;158100
2026-10-06;10:51:00;-03:00;16,399999618530273;16,440000534057617;16,399999618530273;16,420000076293945;167000
2026-10-06;10:52:00;-03:00;16,420000076293945;16,43000030517578;16,40999984741211;16,420000076293945;74600
2026-10-06;10:53:00;-03:00;16,40999984741211;16,43000030517578;16,40999984741211;16,40999984741211;43800
2026-10-06;10:54:00;-03:00;16,40999984741211;16,420000076293945;16,389999389648438;16,399999618530273;99900
2026-10-06;10:55:00;-03:00;16,3799991607666;16,40999984741211;16,3799991607666;16,40999984741211;44000
2026-10-06;10:56:00;-03:00;16,399999618530273;16,399999618530273;16,3700008392334;16,3799991607666;147400
2026-10-06;10:57:00;-03:00;16,3700008392334;16,40999984741211;16,3700008392334;16,389999389648438;183500
2026-10-06;10:58:00;-03:00;16,399999618530273;16,420000076293945;16,389999389648438;16,399999618530273;215300
2026-10-06;10:59:00;-03:00;16,40999984741211;16,459999084472656;16,40999984741211;16,440000534057617;120400
2026-10-06;11:00:00;-03:00;16,440000534057617;16,450000762939453;16,420000076293945;16,440000534057617;87500
2026-10-06;11:01:00;-03:00;16,450000762939453;16,469999313354492;16,440000534057617;16,459999084472656;189300
2026-10-06;11:02:00;-03:00;16,450000762939453;16,450000762939453;16,43000030517578;16,440000534057617;62000
2026-10-06;11:03:00;-03:00;16,440000534057617;16,479999542236328;16,440000534057617;16,479999542236328;157500
2026-10-06;11:04:00;-03:00;16,469999313354492;16,489999771118164;16,469999313354492;16,469999313354492;75500
2026-10-06;11:05:00;-03:00;16,469999313354492;16,479999542236328;16,459999084472656;16,479999542236328;108400
2026-10-06;11:06:00;-03:00;16,479999542236328;16,5;16,479999542236328;16,479999542236328;214400
2026-10-06;11:07:00;-03:00;16,479999542236328;16,5;16,479999542236328;16,489999771118164;105400
2026-10-06;11:08:00;-03:00;16,489999771118164;16,5;16,469999313354492;16,479999542236328;217200
2026-10-06;11:09:00;-03:00;16,479999542236328;16,5;16,469999313354492;16,469999313354492;78800
2026-10-06;11:10:00;-03:00;16,469999313354492;16,469999313354492;16,450000762939453;16,459999084472656;90200
2026-10-06;11:11:00;-03:00;16,450000762939453;16,459999084472656;16,440000534057617;16,450000762939453;82500
2026-10-06;11:12:00;-03:00;16,450000762939453;16,450000762939453;16,440000534057617;16,440000534057617;21200
2026-10-06;11:13:00;-03:00;16,440000534057617;16,450000762939453;16,440000534057617;16,450000762939453;89800
2026-10-06;11:14:00;-03:00;16,450000762939453;16,459999084472656;16,43000030517578;16,43000030517578;27600
2026-10-06;11:15:00;-03:00;16,43000030517578;16,43000030517578;16,40999984741211;16,420000076293945;74300
2026-10-06;11:16:00;-03:00;16,420000076293945;16,420000076293945;16,399999618530273;16,399999618530273;71800
2026-10-06;11:17:00;-03:00;16,399999618530273;16,40999984741211;16,3799991607666;16,3799991607666;63600
2026-10-06;11:18:00;-03:00;16,389999389648438;16,389999389648438;16,34000015258789;16,350000381469727;181700
2026-10-06;11:19:00;-03:00;16,350000381469727;16,350000381469727;16,329999923706055;16,329999923706055;66200
2026-10-06;11:20:00;-03:00;16,34000015258789;16,350000381469727;16,31999969482422;16,31999969482422;96000
2026-10-06;11:21:00;-03:00;16,309999465942383;16,329999923706055;16,299999237060547;16,329999923706055;116600
2026-10-06;11:22:00;-03:00;16,31999969482422;16,329999923706055;16,299999237060547;16,299999237060547;179800
2026-10-06;11:23:00;-03:00;16,309999465942383;16,329999923706055;16,309999465942383;16,31999969482422;125700
2026-10-06;11:24:00;-03:00;16,31999969482422;16,350000381469727;16,31999969482422;16,329999923706055;107400
2026-10-06;11:25:00;-03:00;16,31999969482422;16,329999923706055;16,290000915527344;16,309999465942383;145700
2026-10-06;11:26:00;-03:00;16,309999465942383;16,31999969482422;16,299999237060547;16,31999969482422;104300
2026-10-06;11:27:00;-03:00;16,31999969482422;16,34000015258789;16,309999465942383;16,329999923706055;129900
2026-10-06;11:28:00;-03:00;16,329999923706055;16,34000015258789;16,309999465942383;16,309999465942383;118700
2026-10-06;11:29:00;-03:00;16,309999465942383;16,31999969482422;16,280000686645508;16,299999237060547;415800
2026-10-06;11:30:00;-03:00;16,309999465942383;16,329999923706055;16,299999237060547;16,31999969482422;173400
2026-10-06;11:31:00;-03:00;16,329999923706055;16,329999923706055;16,299999237060547;16,309999465942383;270800
2026-10-06;11:32:00;-03:00;16,309999465942383;16,34000015258789;16,309999465942383;16,31999969482422;163200
2026-10-06;11:33:00;-03:00;16,31999969482422;16,350000381469727;16,309999465942383;16,34000015258789;107500
2026-10-06;11:34:00;-03:00;16,350000381469727;16,3700008392334;16,350000381469727;16,3700008392334;71200
2026-10-06;11:35:00;-03:00;16,360000610351562;16,389999389648438;16,360000610351562;16,3799991607666;197100
2026-10-06;11:36:00;-03:00;16,389999389648438;16,399999618530273;16,3799991607666;16,399999618530273;123200
2026-10-06;11:37:00;-03:00;16,389999389648438;16,399999618530273;16,3799991607666;16,3799991607666;591400
2026-10-06;11:38:00;-03:00;16,3799991607666;16,389999389648438;16,3700008392334;16,3799991607666;63600
2026-10-06;11:39:00;-03:00;16,3799991607666;16,3799991607666;16,360000610351562;16,3700008392334;109800
2026-10-06;11:40:00;-03:00;16,360000610351562;16,3700008392334;16,350000381469727;16,3700008392334;64300
2026-10-06;11:41:00;-03:00;16,360000610351562;16,360000610351562;16,329999923706055;16,329999923706055;82800
2026-10-06;11:42:00;-03:00;16,329999923706055;16,350000381469727;16,31999969482422;16,329999923706055;84500
2026-10-06;11:43:00;-03:00;16,329999923706055;16,329999923706055;16,299999237060547;16,299999237060547;60700
2026-10-06;11:44:00;-03:00;16,299999237060547;16,309999465942383;16,270000457763672;16,270000457763672;117600
2026-10-06;11:45:00;-03:00;16,270000457763672;16,290000915527344;16,260000228881836;16,280000686645508;151100
2026-10-06;11:46:00;-03:00;16,280000686645508;16,290000915527344;16,270000457763672;16,290000915527344;90800
2026-10-06;11:47:00;-03:00;16,290000915527344;16,299999237060547;16,270000457763672;16,270000457763672;88400
2026-10-06;11:48:00;-03:00;16,280000686645508;16,280000686645508;16,260000228881836;16,270000457763672;123300
2026-10-06;11:49:00;-03:00;16,270000457763672;16,299999237060547;16,260000228881836;16,290000915527344;129300
2026-10-06;11:50:00;-03:00;16,290000915527344;16,290000915527344;16,25;16,270000457763672;75300
2026-10-06;11:51:00;-03:00;16,260000228881836;16,260000228881836;16,25;16,25;152400
2026-10-06;11:52:00;-03:00;16,25;16,290000915527344;16,25;16,280000686645508;140200
2026-10-06;11:53:00;-03:00;16,280000686645508;16,290000915527344;16,270000457763672;16,270000457763672;65500
2026-10-06;11:54:00;-03:00;16,270000457763672;16,280000686645508;16,25;16,270000457763672;72400
2026-10-06;11:55:00;-03:00;16,270000457763672;16,290000915527344;16,260000228881836;16,290000915527344;57700
2026-10-06;11:56:00;-03:00;16,280000686645508;16,290000915527344;16,239999771118164;16,239999771118164;107200
2026-10-06;11:57:00;-03:00;16,239999771118164;16,260000228881836;16,239999771118164;16,260000228881836;36000
2026-10-06;11:58:00;-03:00;16,270000457763672;16,280000686645508;16,260000228881836;16,280000686645508;37200
2026-10-06;11:59:00;-03:00;16,280000686645508;16,299999237060547;16,280000686645508;16,290000915527344;34800
2026-10-06;12:00:00;-03:00;16,299999237060547;16,299999237060547;16,280000686645508;16,290000915527344;84400
2026-10-06;12:01:00;-03:00;16,290000915527344;16,299999237060547;16,260000228881836;16,260000228881836;162500
2026-10-06;12:02:00;-03:00;16,260000228881836;16,290000915527344;16,260000228881836;16,280000686645508;65500
2026-10-06;12:03:00;-03:00;16,280000686645508;16,299999237060547;16,280000686645508;16,280000686645508;93500
2026-10-06;12:04:00;-03:00;16,280000686645508;16,290000915527344;16,270000457763672;16,270000457763672;203800
2026-10-06;12:05:00;-03:00;16,270000457763672;16,280000686645508;16,260000228881836;16,260000228881836;61300
2026-10-06;12:06:00;-03:00;16,260000228881836;16,280000686645508;16,260000228881836;16,270000457763672;75900
2026-10-06;12:07:00;-03:00;16,270000457763672;16,280000686645508;16,25;16,260000228881836;47300
2026-10-06;12:08:00;-03:00;16,270000457763672;16,280000686645508;16,270000457763672;16,270000457763672;91600
2026-10-06;12:09:00;-03:00;16,270000457763672;16,290000915527344;16,260000228881836;16,260000228881836;58700
2026-10-06;12:10:00;-03:00;16,260000228881836;16,260000228881836;16,239999771118164;16,239999771118164;60000
2026-10-06;12:11:00;-03:00;16,239999771118164;16,260000228881836;16,239999771118164;16,25;64600
2026-10-06;12:12:00;-03:00;16,25;16,270000457763672;16,25;16,25;56800
2026-10-06;12:13:00;-03:00;16,260000228881836;16,270000457763672;16,25;16,260000228881836;154000
2026-10-06;12:14:00;-03:00;16,260000228881836;16,290000915527344;16,260000228881836;16,280000686645508;37100
2026-10-06;12:15:00;-03:00;16,280000686645508;16,290000915527344;16,270000457763672;16,270000457763672;103300
2026-10-06;12:16:00;-03:00;16,270000457763672;16,280000686645508;16,260000228881836;16,280000686645508;44500
2026-10-06;12:17:00;-03:00;16,290000915527344;16,299999237060547;16,280000686645508;16,290000915527344;40800
2026-10-06;12:18:00;-03:00;16,290000915527344;16,309999465942383;16,290000915527344;16,299999237060547;42700
2026-10-06;12:19:00;-03:00;16,299999237060547;16,309999465942383;16,290000915527344;16,290000915527344;55900
2026-10-06;12:20:00;-03:00;16,290000915527344;16,31999969482422;16,290000915527344;16,31999969482422;59900
2026-10-06;12:21:00;-03:00;16,329999923706055;16,329999923706055;16,299999237060547;16,299999237060547;87200
2026-10-06;12:22:00;-03:00;16,299999237060547;16,309999465942383;16,280000686645508;16,280000686645508;55200
2026-10-06;12:23:00;-03:00;16,280000686645508;16,290000915527344;16,280000686645508;16,280000686645508;18100
2026-10-06;12:24:00;-03:00;16,280000686645508;16,290000915527344;16,270000457763672;16,290000915527344;144100
2026-10-06;12:25:00;-03:00;16,290000915527344;16,290000915527344;16,270000457763672;16,290000915527344;129500
2026-10-06;12:26:00;-03:00;16,290000915527344;16,299999237060547;16,280000686645508;16,280000686645508;16000
2026-10-06;12:27:00;-03:00;16,280000686645508;16,290000915527344;16,280000686645508;16,280000686645508;34700
2026-10-06;12:28:00;-03:00;16,280000686645508;16,299999237060547;16,270000457763672;16,290000915527344;131600
2026-10-06;12:29:00;-03:00;16,290000915527344;16,299999237060547;16,270000457763672;16,280000686645508;40900
2026-10-06;12:30:00;-03:00;16,280000686645508;16,290000915527344;16,280000686645508;16,280000686645508;73300
2026-10-06;12:31:00;-03:00;16,280000686645508;16,299999237060547;16,270000457763672;16,290000915527344;77600
2026-10-06;12:32:00;-03:00;16,290000915527344;16,309999465942383;16,290000915527344;16,290000915527344;72100
2026-10-06;12:33:00;-03:00;16,299999237060547;16,309999465942383;16,299999237060547;16,309999465942383;136800
2026-10-06;12:34:00;-03:00;16,299999237060547;16,309999465942383;16,290000915527344;16,299999237060547;46800
2026-10-06;12:35:00;-03:00;16,299999237060547;16,309999465942383;16,299999237060547;16,299999237060547;9000
2026-10-06;12:36:00;-03:00;16,299999237060547;16,350000381469727;16,299999237060547;16,309999465942383;448900
2026-10-06;12:37:00;-03:00;16,309999465942383;16,31999969482422;16,299999237060547;16,309999465942383;167200
2026-10-06;12:38:00;-03:00;16,309999465942383;16,329999923706055;16,309999465942383;16,31999969482422;60300
2026-10-06;12:39:00;-03:00;16,329999923706055;16,350000381469727;16,31999969482422;16,34000015258789;83600
2026-10-06;12:40:00;-03:00;16,350000381469727;16,360000610351562;16,34000015258789;16,350000381469727;619700
2026-10-06;12:41:00;-03:00;16,350000381469727;16,360000610351562;16,34000015258789;16,34000015258789;25200
2026-10-06;12:42:00;-03:00;16,34000015258789;16,34000015258789;16,31999969482422;16,31999969482422;33500
2026-10-06;12:43:00;-03:00;16,31999969482422;16,350000381469727;16,309999465942383;16,31999969482422;198300
2026-10-06;12:44:00;-03:00;16,309999465942383;16,329999923706055;16,309999465942383;16,329999923706055;203800
2026-10-06;12:45:00;-03:00;16,34000015258789;16,34000015258789;16,309999465942383;16,329999923706055;91700
2026-10-06;12:46:00;-03:00;16,31999969482422;16,34000015258789;16,31999969482422;16,329999923706055;98900
2026-10-06;12:47:00;-03:00;16,329999923706055;16,360000610351562;16,329999923706055;16,34000015258789;173600
2026-10-06;12:48:00;-03:00;16,34000015258789;16,3799991607666;16,34000015258789;16,3799991607666;80200
2026-10-06;12:49:00;-03:00;16,3700008392334;16,3799991607666;16,350000381469727;16,360000610351562;92600
2026-10-06;12:50:00;-03:00;16,350000381469727;16,3799991607666;16,350000381469727;16,360000610351562;42200
2026-10-06;12:51:00;-03:00;16,360000610351562;16,3700008392334;16,360000610351562;16,360000610351562;22500
2026-10-06;12:52:00;-03:00;16,360000610351562;16,360000610351562;16,360000610351562;16,360000610351562;12200
2026-10-06;12:53:00;-03:00;16,360000610351562;16,360000610351562;16,350000381469727;16,350000381469727;99500
2026-10-06;12:54:00;-03:00;16,350000381469727;16,3700008392334;16,350000381469727;16,350000381469727;75600
2026-10-06;12:55:00;-03:00;16,350000381469727;16,3700008392334;16,350000381469727;16,3700008392334;34500
2026-10-06;12:56:00;-03:00;16,3700008392334;16,3799991607666;16,360000610351562;16,360000610351562;23000
2026-10-06;12:57:00;-03:00;16,360000610351562;16,360000610351562;16,350000381469727;16,350000381469727;15400
2026-10-06;12:58:00;-03:00;16,350000381469727;16,3700008392334;16,34000015258789;16,34000015258789;126100
2026-10-06;12:59:00;-03:00;16,34000015258789;16,350000381469727;16,34000015258789;16,350000381469727;35600
2026-10-06;13:00:00;-03:00;16,350000381469727;16,3700008392334;16,350000381469727;16,360000610351562;14800
2026-10-06;13:01:00;-03:00;16,360000610351562;16,360000610351562;16,350000381469727;16,360000610351562;78000
2026-10-06;13:02:00;-03:00;16,360000610351562;16,3799991607666;16,360000610351562;16,3700008392334;51900
2026-10-06;13:03:00;-03:00;16,3700008392334;16,3799991607666;16,360000610351562;16,360000610351562;18100
2026-10-06;13:04:00;-03:00;16,360000610351562;16,360000610351562;16,34000015258789;16,360000610351562;51000
2026-10-06;13:05:00;-03:00;16,350000381469727;16,360000610351562;16,350000381469727;16,350000381469727;17800
2026-10-06;13:06:00;-03:00;16,350000381469727;16,360000610351562;16,34000015258789;16,350000381469727;37300
2026-10-06;13:07:00;-03:00;16,350000381469727;16,360000610351562;16,350000381469727;16,350000381469727;7900
2026-10-06;13:08:00;-03:00;16,350000381469727;16,350000381469727;16,34000015258789;16,34000015258789;60100
2026-10-06;13:09:00;-03:00;16,34000015258789;16,350000381469727;16,34000015258789;16,350000381469727;33800
2026-10-06;13:10:00;-03:00;16,34000015258789;16,34000015258789;16,329999923706055;16,329999923706055;58000
2026-10-06;13:11:00;-03:00;16,329999923706055;16,34000015258789;16,31999969482422;16,329999923706055;235400
2026-10-06;13:12:00;-03:00;16,329999923706055;16,34000015258789;16,31999969482422;16,31999969482422;76800
2026-10-06;13:13:00;-03:00;16,329999923706055;16,329999923706055;16,309999465942383;16,309999465942383;65800
2026-10-06;13:14:00;-03:00;16,309999465942383;16,329999923706055;16,309999465942383;16,31999969482422;29900
2026-10-06;13:15:00;-03:00;16,329999923706055;16,34000015258789;16,309999465942383;16,31999969482422;189300
2026-10-06;13:16:00;-03:00;16,31999969482422;16,329999923706055;16,309999465942383;16,31999969482422;34100
2026-10-06;13:17:00;-03:00;16,31999969482422;16,34000015258789;16,31999969482422;16,31999969482422;46000
2026-10-06;13:18:00;-03:00;16,329999923706055;16,34000015258789;16,309999465942383;16,309999465942383;57600
2026-10-06;13:19:00;-03:00;16,309999465942383;16,329999923706055;16,309999465942383;16,329999923706055;21300
2026-10-06;13:20:00;-03:00;16,31999969482422;16,329999923706055;16,31999969482422;16,329999923706055;13400
2026-10-06;13:21:00;-03:00;16,329999923706055;16,350000381469727;16,31999969482422;16,34000015258789;81700
2026-10-06;13:22:00;-03:00;16,34000015258789;16,34000015258789;16,329999923706055;16,329999923706055;6000
2026-10-06;13:23:00;-03:00;16,329999923706055;16,34000015258789;16,329999923706055;16,34000015258789;14700
2026-10-06;13:24:00;-03:00;16,329999923706055;16,329999923706055;16,31999969482422;16,31999969482422;66100
2026-10-06;13:25:00;-03:00;16,31999969482422;16,329999923706055;16,31999969482422;16,329999923706055;47800
2026-10-06;13:26:00;-03:00;16,34000015258789;16,350000381469727;16,34000015258789;16,34000015258789;9900
2026-10-06;13:27:00;-03:00;16,34000015258789;16,350000381469727;16,34000015258789;16,34000015258789;64700
2026-10-06;13:28:00;-03:00;16,350000381469727;16,350000381469727;16,34000015258789;16,34000015258789;5900
2026-10-06;13:29:00;-03:00;16,34000015258789;16,34000015258789;16,31999969482422;16,31999969482422;67500
2026-10-06;13:30:00;-03:00;16,31999969482422;16,34000015258789;16,31999969482422;16,34000015258789;46000
2026-10-06;13:31:00;-03:00;16,329999923706055;16,34000015258789;16,329999923706055;16,329999923706055;6400
2026-10-06;13:32:00;-03:00;16,329999923706055;16,350000381469727;16,329999923706055;16,329999923706055;78800
2026-10-06;13:33:00;-03:00;16,329999923706055;16,350000381469727;16,329999923706055;16,34000015258789;47000
2026-10-06;13:34:00;-03:00;16,34000015258789;16,350000381469727;16,34000015258789;16,34000015258789;6400
2026-10-06;13:35:00;-03:00;16,34000015258789;16,360000610351562;16,34000015258789;16,350000381469727;31700
2026-10-06;13:36:00;-03:00;16,350000381469727;16,3700008392334;16,350000381469727;16,360000610351562;42900
2026-10-06;13:37:00;-03:00;16,360000610351562;16,3700008392334;16,34000015258789;16,34000015258789;117600
2026-10-06;13:38:00;-03:00;16,350000381469727;16,350000381469727;16,34000015258789;16,350000381469727;28100
2026-10-06;13:39:00;-03:00;16,350000381469727;16,360000610351562;16,350000381469727;16,350000381469727;8400
2026-10-06;13:40:00;-03:00;16,350000381469727;16,3700008392334;16,350000381469727;16,350000381469727;65800
2026-10-06;13:41:00;-03:00;16,350000381469727;16,360000610351562;16,350000381469727;16,360000610351562;24700
2026-10-06;13:42:00;-03:00;16,360000610351562;16,3700008392334;16,360000610351562;16,360000610351562;19400
2026-10-06;13:43:00;-03:00;16,360000610351562;16,3700008392334;16,360000610351562;16,360000610351562;11300
2026-10-06;13:44:00;-03:00;16,360000610351562;16,3700008392334;16,360000610351562;16,360000610351562;110200
2026-10-06;13:45:00;-03:00;16,350000381469727;16,3700008392334;16,350000381469727;16,3700008392334;21300
2026-10-06;13:46:00;-03:00;16,360000610351562;16,3700008392334;16,360000610351562;16,3700008392334;23200
2026-10-06;13:47:00;-03:00;16,3700008392334;16,3700008392334;16,34000015258789;16,34000015258789;44500
2026-10-06;13:48:00;-03:00;16,34000015258789;16,34000015258789;16,329999923706055;16,329999923706055;36400
2026-10-06;13:49:00;-03:00;16,329999923706055;16,350000381469727;16,329999923706055;16,34000015258789;58000
2026-10-06;13:50:00;-03:00;16,34000015258789;16,350000381469727;16,34000015258789;16,34000015258789;29400
2026-10-06;13:51:00;-03:00;16,34000015258789;16,350000381469727;16,329999923706055;16,329999923706055;52200
2026-10-06;13:52:00;-03:00;16,329999923706055;16,350000381469727;16,329999923706055;16,34000015258789;34000
2026-10-06;13:53:00;-03:00;16,34000015258789;16,34000015258789;16,329999923706055;16,329999923706055;70000
2026-10-06;13:54:00;-03:00;16,329999923706055;16,350000381469727;16,329999923706055;16,34000015258789;22300
2026-10-06;13:55:00;-03:00;16,350000381469727;16,350000381469727;16,34000015258789;16,34000015258789;76000
2026-10-06;13:56:00;-03:00;16,350000381469727;16,360000610351562;16,34000015258789;16,350000381469727;27100
2026-10-06;13:57:00;-03:00;16,350000381469727;16,350000381469727;16,350000381469727;16,350000381469727;9700
2026-10-06;13:58:00;-03:00;16,350000381469727;16,3799991607666;16,350000381469727;16,360000610351562;100100
2026-10-06;13:59:00;-03:00;16,360000610351562;16,3700008392334;16,350000381469727;16,360000610351562;16300
2026-10-06;14:00:00;-03:00;16,360000610351562;16,360000610351562;16,360000610351562;16,360000610351562;3800
2026-10-06;14:01:00;-03:00;16,360000610351562;16,3700008392334;16,350000381469727;16,350000381469727;74800
2026-10-06;14:02:00;-03:00;16,350000381469727;16,360000610351562;16,34000015258789;16,34000015258789;165100
2026-10-06;14:03:00;-03:00;16,350000381469727;16,3700008392334;16,350000381469727;16,3700008392334;81200
2026-10-06;14:04:00;-03:00;16,3700008392334;16,3700008392334;16,350000381469727;16,350000381469727;167800
2026-10-06;14:05:00;-03:00;16,350000381469727;16,3700008392334;16,350000381469727;16,360000610351562;87800
2026-10-06;14:06:00;-03:00;16,360000610351562;16,3700008392334;16,360000610351562;16,3700008392334;35100
2026-10-06;14:07:00;-03:00;16,3700008392334;16,3799991607666;16,360000610351562;16,3700008392334;188800
2026-10-06;14:08:00;-03:00;16,360000610351562;16,3700008392334;16,360000610351562;16,360000610351562;24200
2026-10-06;14:09:00;-03:00;16,360000610351562;16,360000610351562;16,350000381469727;16,350000381469727;41300
2026-10-06;14:10:00;-03:00;16,360000610351562;16,360000610351562;16,350000381469727;16,350000381469727;13600
2026-10-06;14:11:00;-03:00;16,350000381469727;16,360000610351562;16,350000381469727;16,350000381469727;25300
2026-10-06;14:12:00;-03:00;16,360000610351562;16,360000610351562;16,350000381469727;16,350000381469727;16600
2026-10-06;14:13:00;-03:00;16,350000381469727;16,360000610351562;16,350000381469727;16,350000381469727;482300
2026-10-06;14:14:00;-03:00;16,350000381469727;16,360000610351562;16,350000381469727;16,350000381469727;48800
2026-10-06;14:15:00;-03:00;16,350000381469727;16,3700008392334;16,350000381469727;16,360000610351562;77100
2026-10-06;14:16:00;-03:00;16,360000610351562;16,3700008392334;16,360000610351562;16,360000610351562;10000
2026-10-06;14:17:00;-03:00;16,360000610351562;16,3700008392334;16,360000610351562;16,360000610351562;17800
2026-10-06;14:18:00;-03:00;16,3700008392334;16,389999389648438;16,3700008392334;16,3799991607666;54700
2026-10-06;14:19:00;-03:00;16,3799991607666;16,389999389648438;16,3799991607666;16,3799991607666;18600
2026-10-06;14:20:00;-03:00;16,389999389648438;16,399999618530273;16,3799991607666;16,389999389648438;140100
2026-10-06;14:21:00;-03:00;16,389999389648438;16,40999984741211;16,389999389648438;16,389999389648438;123100
2026-10-06;14:22:00;-03:00;16,399999618530273;16,399999618530273;16,3799991607666;16,3799991607666;73600
2026-10-06;14:23:00;-03:00;16,3799991607666;16,389999389648438;16,360000610351562;16,3700008392334;88600
2026-10-06;14:24:00;-03:00;16,360000610351562;16,3799991607666;16,360000610351562;16,3799991607666;31600
2026-10-06;14:25:00;-03:00;16,3700008392334;16,3799991607666;16,3700008392334;16,3700008392334;37900
2026-10-06;14:26:00;-03:00;16,3799991607666;16,389999389648438;16,3700008392334;16,389999389648438;62400
2026-10-06;14:27:00;-03:00;16,3799991607666;16,389999389648438;16,3799991607666;16,3799991607666;2600
2026-10-06;14:28:00;-03:00;16,3799991607666;16,389999389648438;16,3799991607666;16,3799991607666;14000
2026-10-06;14:29:00;-03:00;16,389999389648438;16,389999389648438;16,3799991607666;16,3799991607666;43700
2026-10-06;14:30:00;-03:00;16,3799991607666;16,389999389648438;16,360000610351562;16,3700008392334;103000
2026-10-06;14:31:00;-03:00;16,3700008392334;16,389999389648438;16,3700008392334;16,3799991607666;70400
2026-10-06;14:32:00;-03:00;16,3799991607666;16,399999618530273;16,3799991607666;16,389999389648438;22300
2026-10-06;14:33:00;-03:00;16,389999389648438;16,399999618530273;16,389999389648438;16,399999618530273;22300
2026-10-06;14:34:00;-03:00;16,399999618530273;16,43000030517578;16,389999389648438;16,40999984741211;141800
2026-10-06;14:35:00;-03:00;16,420000076293945;16,420000076293945;16,399999618530273;16,40999984741211;56300
2026-10-06;14:36:00;-03:00;16,40999984741211;16,440000534057617;16,40999984741211;16,420000076293945;75300
2026-10-06;14:37:00;-03:00;16,420000076293945;16,450000762939453;16,420000076293945;16,440000534057617;91100
2026-10-06;14:38:00;-03:00;16,43000030517578;16,43000030517578;16,420000076293945;16,43000030517578;26800
2026-10-06;14:39:00;-03:00;16,43000030517578;16,43000030517578;16,420000076293945;16,43000030517578;22800
2026-10-06;14:40:00;-03:00;16,43000030517578;16,440000534057617;16,43000030517578;16,43000030517578;19600
2026-10-06;14:41:00;-03:00;16,43000030517578;16,440000534057617;16,420000076293945;16,420000076293945;66400
2026-10-06;14:42:00;-03:00;16,420000076293945;16,43000030517578;16,420000076293945;16,420000076293945;21000
2026-10-06;14:43:00;-03:00;16,43000030517578;16,43000030517578;16,420000076293945;16,420000076293945;16200
2026-10-06;14:44:00;-03:00;16,420000076293945;16,43000030517578;16,420000076293945;16,420000076293945;58600
2026-10-06;14:45:00;-03:00;16,420000076293945;16,43000030517578;16,420000076293945;16,420000076293945;16400
2026-10-06;14:46:00;-03:00;16,420000076293945;16,450000762939453;16,420000076293945;16,450000762939453;53600
2026-10-06;14:47:00;-03:00;16,440000534057617;16,469999313354492;16,440000534057617;16,469999313354492;138200
2026-10-06;14:48:00;-03:00;16,469999313354492;16,489999771118164;16,459999084472656;16,489999771118164;82200
2026-10-06;14:49:00;-03:00;16,489999771118164;16,489999771118164;16,479999542236328;16,479999542236328;33800
2026-10-06;14:50:00;-03:00;16,489999771118164;16,510000228881836;16,479999542236328;16,510000228881836;226300
2026-10-06;14:51:00;-03:00;16,510000228881836;16,520000457763672;16,5;16,510000228881836;51300
2026-10-06;14:52:00;-03:00;16,510000228881836;16,520000457763672;16,489999771118164;16,489999771118164;146600
2026-10-06;14:53:00;-03:00;16,5;16,5;16,469999313354492;16,489999771118164;71300
2026-10-06;14:54:00;-03:00;16,489999771118164;16,5;16,479999542236328;16,5;56100
2026-10-06;14:55:00;-03:00;16,5;16,5;16,469999313354492;16,479999542236328;57500
2026-10-06;14:56:00;-03:00;16,479999542236328;16,479999542236328;16,459999084472656;16,469999313354492;49100
2026-10-06;14:57:00;-03:00;16,469999313354492;16,479999542236328;16,459999084472656;16,469999313354492;52600
2026-10-06;14:58:00;-03:00;16,479999542236328;16,479999542236328;16,459999084472656;16,479999542236328;71100
2026-10-06;14:59:00;-03:00;16,479999542236328;16,5;16,479999542236328;16,5;90400
2026-10-06;15:00:00;-03:00;16,5;16,510000228881836;16,479999542236328;16,510000228881836;51400
2026-10-06;15:01:00;-03:00;16,510000228881836;16,510000228881836;16,489999771118164;16,489999771118164;50000
2026-10-06;15:02:00;-03:00;16,5;16,5;16,479999542236328;16,5;59200
2026-10-06;15:03:00;-03:00;16,5;16,5;16,479999542236328;16,479999542236328;35300
2026-10-06;15:04:00;-03:00;16,489999771118164;16,5;16,479999542236328;16,489999771118164;37300
2026-10-06;15:05:00;-03:00;16,489999771118164;16,510000228881836;16,479999542236328;16,479999542236328;116400
2026-10-06;15:06:00;-03:00;16,489999771118164;16,5;16,479999542236328;16,489999771118164;74300
2026-10-06;15:07:00;-03:00;16,479999542236328;16,489999771118164;16,459999084472656;16,459999084472656;109900
2026-10-06;15:08:00;-03:00;16,469999313354492;16,469999313354492;16,440000534057617;16,459999084472656;76500
2026-10-06;15:09:00;-03:00;16,459999084472656;16,469999313354492;16,450000762939453;16,459999084472656;42700
2026-10-06;15:10:00;-03:00;16,459999084472656;16,459999084472656;16,440000534057617;16,450000762939453;37300
2026-10-06;15:11:00;-03:00;16,450000762939453;16,459999084472656;16,440000534057617;16,459999084472656;40600
2026-10-06;15:12:00;-03:00;16,459999084472656;16,469999313354492;16,459999084472656;16,469999313354492;86600
2026-10-06;15:13:00;-03:00;16,469999313354492;16,479999542236328;16,459999084472656;16,479999542236328;51800
2026-10-06;15:14:00;-03:00;16,479999542236328;16,489999771118164;16,459999084472656;16,489999771118164;55900
2026-10-06;15:15:00;-03:00;16,489999771118164;16,510000228881836;16,489999771118164;16,510000228881836;66400
2026-10-06;15:16:00;-03:00;16,510000228881836;16,520000457763672;16,5;16,510000228881836;139900
2026-10-06;15:17:00;-03:00;16,520000457763672;16,530000686645508;16,510000228881836;16,520000457763672;152000
2026-10-06;15:18:00;-03:00;16,520000457763672;16,520000457763672;16,5;16,5;1611700
2026-10-06;15:19:00;-03:00;16,5;16,5;16,469999313354492;16,479999542236328;102600
2026-10-06;15:20:00;-03:00;16,479999542236328;16,479999542236328;16,469999313354492;16,479999542236328;31800
2026-10-06;15:21:00;-03:00;16,479999542236328;16,479999542236328;16,469999313354492;16,479999542236328;23600
2026-10-06;15:22:00;-03:00;16,479999542236328;16,479999542236328;16,459999084472656;16,459999084472656;62200
2026-10-06;15:23:00;-03:00;16,469999313354492;16,469999313354492;16,459999084472656;16,469999313354492;48800
2026-10-06;15:24:00;-03:00;16,469999313354492;16,469999313354492;16,450000762939453;16,469999313354492;107600
2026-10-06;15:25:00;-03:00;16,469999313354492;16,479999542236328;16,459999084472656;16,479999542236328;54000
2026-10-06;15:26:00;-03:00;16,479999542236328;16,479999542236328;16,469999313354492;16,469999313354492;59200
2026-10-06;15:27:00;-03:00;16,479999542236328;16,479999542236328;16,459999084472656;16,459999084472656;118000
2026-10-06;15:28:00;-03:00;16,459999084472656;16,469999313354492;16,459999084472656;16,469999313354492;38300
2026-10-06;15:29:00;-03:00;16,469999313354492;16,469999313354492;16,459999084472656;16,469999313354492;28300
2026-10-06;15:30:00;-03:00;16,469999313354492;16,479999542236328;16,459999084472656;16,479999542236328;62500
2026-10-06;15:31:00;-03:00;16,479999542236328;16,489999771118164;16,459999084472656;16,469999313354492;384200
2026-10-06;15:32:00;-03:00;16,459999084472656;16,489999771118164;16,459999084472656;16,489999771118164;383500
2026-10-06;15:33:00;-03:00;16,489999771118164;16,489999771118164;16,469999313354492;16,489999771118164;64200
2026-10-06;15:34:00;-03:00;16,489999771118164;16,489999771118164;16,479999542236328;16,489999771118164;19900
2026-10-06;15:35:00;-03:00;16,489999771118164;16,489999771118164;16,459999084472656;16,469999313354492;157900
2026-10-06;15:36:00;-03:00;16,469999313354492;16,479999542236328;16,459999084472656;16,469999313354492;58300
2026-10-06;15:37:00;-03:00;16,469999313354492;16,479999542236328;16,459999084472656;16,479999542236328;46900
2026-10-06;15:38:00;-03:00;16,479999542236328;16,5;16,479999542236328;16,489999771118164;158500
2026-10-06;15:39:00;-03:00;16,489999771118164;16,5;16,469999313354492;16,5;132100
2026-10-06;15:40:00;-03:00;16,489999771118164;16,520000457763672;16,489999771118164;16,520000457763672;65100
2026-10-06;15:41:00;-03:00;16,520000457763672;16,520000457763672;16,510000228881836;16,520000457763672;40600
2026-10-06;15:42:00;-03:00;16,520000457763672;16,520000457763672;16,5;16,520000457763672;95900
2026-10-06;15:43:00;-03:00;16,520000457763672;16,520000457763672;16,5;16,510000228881836;83800
2026-10-06;15:44:00;-03:00;16,520000457763672;16,520000457763672;16,5;16,510000228881836;50600
2026-10-06;15:45:00;-03:00;16,510000228881836;16,510000228881836;16,489999771118164;16,510000228881836;68500
2026-10-06;15:46:00;-03:00;16,510000228881836;16,510000228881836;16,479999542236328;16,489999771118164;91600
2026-10-06;15:47:00;-03:00;16,489999771118164;16,489999771118164;16,469999313354492;16,469999313354492;266700
2026-10-06;15:48:00;-03:00;16,469999313354492;16,479999542236328;16,459999084472656;16,469999313354492;241900
2026-10-06;15:49:00;-03:00;16,459999084472656;16,479999542236328;16,450000762939453;16,479999542236328;227900
2026-10-06;15:50:00;-03:00;16,469999313354492;16,479999542236328;16,459999084472656;16,459999084472656;34800
2026-10-06;15:51:00;-03:00;16,469999313354492;16,469999313354492;16,440000534057617;16,450000762939453;91000
2026-10-06;15:52:00;-03:00;16,450000762939453;16,450000762939453;16,43000030517578;16,450000762939453;93000
2026-10-06;15:53:00;-03:00;16,450000762939453;16,450000762939453;16,43000030517578;16,440000534057617;50200
2026-10-06;15:54:00;-03:00;16,440000534057617;16,450000762939453;16,43000030517578;16,450000762939453;155100
2026-10-06;15:55:00;-03:00;16,450000762939453;16,459999084472656;16,440000534057617;16,440000534057617;60300
2026-10-06;15:56:00;-03:00;16,450000762939453;16,459999084472656;16,440000534057617;16,459999084472656;40800
2026-10-06;15:57:00;-03:00;16,459999084472656;16,459999084472656;16,450000762939453;16,450000762939453;28600
2026-10-06;15:58:00;-03:00;16,459999084472656;16,469999313354492;16,450000762939453;16,469999313354492;55000
2026-10-06;15:59:00;-03:00;16,469999313354492;16,469999313354492;16,459999084472656;16,459999084472656;60100
2026-10-06;16:00:00;-03:00;16,459999084472656;16,469999313354492;16,43000030517578;16,43000030517578;209400
2026-10-06;16:01:00;-03:00;16,43000030517578;16,43000030517578;16,420000076293945;16,420000076293945;236100
2026-10-06;16:02:00;-03:00;16,420000076293945;16,440000534057617;16,420000076293945;16,43000030517578;250300
2026-10-06;16:03:00;-03:00;16,43000030517578;16,440000534057617;16,40999984741211;16,40999984741211;272000
2026-10-06;16:04:00;-03:00;16,40999984741211;16,420000076293945;16,399999618530273;16,40999984741211;210000
2026-10-06;16:05:00;-03:00;16,40999984741211;16,420000076293945;16,399999618530273;16,399999618530273;59500
2026-10-06;16:06:00;-03:00;16,399999618530273;16,40999984741211;16,389999389648438;16,399999618530273;477200
2026-10-06;16:07:00;-03:00;16,389999389648438;16,40999984741211;16,389999389648438;16,40999984741211;552400
2026-10-06;16:08:00;-03:00;16,399999618530273;16,40999984741211;16,389999389648438;16,399999618530273;76700
2026-10-06;16:09:00;-03:00;16,399999618530273;16,40999984741211;16,389999389648438;16,40999984741211;74000
2026-10-06;16:10:00;-03:00;16,40999984741211;16,40999984741211;16,389999389648438;16,399999618530273;424700
2026-10-06;16:11:00;-03:00;16,399999618530273;16,420000076293945;16,399999618530273;16,40999984741211;221200
2026-10-06;16:12:00;-03:00;16,40999984741211;16,420000076293945;16,389999389648438;16,40999984741211;232000
2026-10-06;16:13:00;-03:00;16,40999984741211;16,420000076293945;16,399999618530273;16,40999984741211;129000
2026-10-06;16:14:00;-03:00;16,40999984741211;16,420000076293945;16,389999389648438;16,40999984741211;2196000
2026-10-06;16:15:00;-03:00;16,399999618530273;16,40999984741211;16,389999389648438;16,40999984741211;134000
2026-10-06;16:16:00;-03:00;16,40999984741211;16,420000076293945;16,399999618530273;16,40999984741211;61800
2026-10-06;16:17:00;-03:00;16,40999984741211;16,40999984741211;16,399999618530273;16,40999984741211;73900
2026-10-06;16:18:00;-03:00;16,40999984741211;16,420000076293945;16,399999618530273;16,420000076293945;98200
2026-10-06;16:19:00;-03:00;16,420000076293945;16,43000030517578;16,40999984741211;16,43000030517578;184000
2026-10-06;16:20:00;-03:00;16,43000030517578;16,43000030517578;16,420000076293945;16,420000076293945;73800
2026-10-06;16:21:00;-03:00;16,420000076293945;16,43000030517578;16,399999618530273;16,420000076293945;137000
2026-10-06;16:22:00;-03:00;16,40999984741211;16,43000030517578;16,40999984741211;16,420000076293945;160600
2026-10-06;16:23:00;-03:00;16,40999984741211;16,43000030517578;16,40999984741211;16,420000076293945;153700
2026-10-06;16:24:00;-03:00;16,43000030517578;16,43000030517578;16,40999984741211;16,420000076293945;92900
2026-10-06;16:25:00;-03:00;16,420000076293945;16,43000030517578;16,420000076293945;16,43000030517578;98500
2026-10-06;16:26:00;-03:00;16,420000076293945;16,440000534057617;16,420000076293945;16,440000534057617;99500
2026-10-06;16:27:00;-03:00;16,440000534057617;16,450000762939453;16,420000076293945;16,440000534057617;135400
2026-10-06;16:28:00;-03:00;16,440000534057617;16,440000534057617;16,420000076293945;16,440000534057617;109800
2026-10-06;16:29:00;-03:00;16,440000534057617;16,440000534057617;16,420000076293945;16,440000534057617;96800
2026-10-06;16:30:00;-03:00;16,440000534057617;16,450000762939453;16,43000030517578;16,450000762939453;117100
2026-10-06;16:31:00;-03:00;16,450000762939453;16,450000762939453;16,440000534057617;16,450000762939453;74500
2026-10-06;16:32:00;-03:00;16,450000762939453;16,459999084472656;16,440000534057617;16,450000762939453;323700
2026-10-06;16:33:00;-03:00;16,450000762939453;16,450000762939453;16,43000030517578;16,440000534057617;69800
2026-10-06;16:34:00;-03:00;16,440000534057617;16,440000534057617;16,420000076293945;16,420000076293945;93800
2026-10-06;16:35:00;-03:00;16,43000030517578;16,450000762939453;16,43000030517578;16,440000534057617;162200
2026-10-06;16:36:00;-03:00;16,440000534057617;16,450000762939453;16,43000030517578;16,450000762939453;94400
2026-10-06;16:37:00;-03:00;16,450000762939453;16,450000762939453;16,440000534057617;16,450000762939453;114300
2026-10-06;16:38:00;-03:00;16,450000762939453;16,450000762939453;16,420000076293945;16,43000030517578;134200
2026-10-06;16:39:00;-03:00;16,43000030517578;16,43000030517578;16,420000076293945;16,420000076293945;56200
2026-10-06;16:40:00;-03:00;16,43000030517578;16,450000762939453;16,420000076293945;16,450000762939453;148700
2026-10-06;16:41:00;-03:00;16,450000762939453;16,459999084472656;16,440000534057617;16,459999084472656;220400
2026-10-06;16:42:00;-03:00;16,459999084472656;16,469999313354492;16,450000762939453;16,459999084472656;280500
2026-10-06;16:43:00;-03:00;16,459999084472656;16,469999313354492;16,450000762939453;16,459999084472656;134900
2026-10-06;16:44:00;-03:00;16,459999084472656;16,479999542236328;16,450000762939453;16,479999542236328;141500
2026-10-06;16:45:00;-03:00;16,479999542236328;16,479999542236328;16,469999313354492;16,479999542236328;74000
2026-10-06;16:46:00;-03:00;16,479999542236328;16,489999771118164;16,469999313354492;16,489999771118164;127900
2026-10-06;16:47:00;-03:00;16,489999771118164;16,5;16,479999542236328;16,489999771118164;275500
2026-10-06;16:48:00;-03:00;16,489999771118164;16,489999771118164;16,469999313354492;16,479999542236328;163800
2026-10-06;16:49:00;-03:00;16,479999542236328;16,489999771118164;16,469999313354492;16,489999771118164;65900
2026-10-06;16:50:00;-03:00;16,489999771118164;16,5;16,469999313354492;16,479999542236328;179200
2026-10-06;16:51:00;-03:00;16,479999542236328;16,489999771118164;16,479999542236328;16,489999771118164;91000
2026-10-06;16:52:00;-03:00;16,489999771118164;16,5;16,479999542236328;16,5;85100
2026-10-06;16:53:00;-03:00;16,5;16,5;16,469999313354492;16,489999771118164;211300
2026-10-06;16:54:00;-03:00;16,489999771118164;16,540000915527344;16,469999313354492;16,530000686645508;148100
2026-10-07;10:03:00;-03:00;16,530000686645508;16,549999237060547;16,479999542236328;16,489999771118164;283500
2026-10-07;10:04:00;-03:00;16,5;16,5;16,43000030517578;16,459999084472656;322500
2026-10-07;10:05:00;-03:00;16,459999084472656;16,459999084472656;16,40999984741211;16,40999984741211;119300
2026-10-07;10:06:00;-03:00;16,420000076293945;16,440000534057617;16,399999618530273;16,40999984741211;95200
2026-10-07;10:07:00;-03:00;16,420000076293945;16,440000534057617;16,389999389648438;16,40999984741211;175800
2026-10-07;10:08:00;-03:00;16,399999618530273;16,43000030517578;16,3799991607666;16,40999984741211;127400
2026-10-07;10:09:00;-03:00;16,43000030517578;16,43000030517578;16,389999389648438;16,420000076293945;100600
2026-10-07;10:10:00;-03:00;16,440000534057617;16,459999084472656;16,420000076293945;16,440000534057617;55400
2026-10-07;10:11:00;-03:00;16,43000030517578;16,5;16,43000030517578;16,5;84100
2026-10-07;10:12:00;-03:00;16,489999771118164;16,5;16,450000762939453;16,459999084472656;93700
2026-10-07;10:13:00;-03:00;16,459999084472656;16,5;16,459999084472656;16,489999771118164;60200
2026-10-07;10:14:00;-03:00;16,5;16,5;16,469999313354492;16,469999313354492;36600
2026-10-07;10:15:00;-03:00;16,479999542236328;16,479999542236328;16,440000534057617;16,440000534057617;118800
2026-10-07;10:16:00;-03:00;16,440000534057617;16,440000534057617;16,3799991607666;16,43000030517578;229400
2026-10-07;10:17:00;-03:00;16,420000076293945;16,440000534057617;16,40999984741211;16,420000076293945;136900
2026-10-07;10:18:00;-03:00;16,420000076293945;16,440000534057617;16,420000076293945;16,420000076293945;66700
2026-10-07;10:19:00;-03:00;16,43000030517578;16,440000534057617;16,420000076293945;16,43000030517578;55800
2026-10-07;10:20:00;-03:00;16,440000534057617;16,459999084472656;16,43000030517578;16,459999084472656;69300
2026-10-07;10:21:00;-03:00;16,469999313354492;16,540000915527344;16,469999313354492;16,510000228881836;305800
2026-10-07;10:22:00;-03:00;16,520000457763672;16,520000457763672;16,459999084472656;16,469999313354492;110100
2026-10-07;10:23:00;-03:00;16,459999084472656;16,469999313354492;16,450000762939453;16,450000762939453;188100
2026-10-07;10:24:00;-03:00;16,459999084472656;16,479999542236328;16,450000762939453;16,469999313354492;79600
2026-10-07;10:25:00;-03:00;16,459999084472656;16,459999084472656;16,420000076293945;16,43000030517578;81400
2026-10-07;10:26:00;-03:00;16,450000762939453;16,459999084472656;16,440000534057617;16,450000762939453;20100
2026-10-07;10:27:00;-03:00;16,440000534057617;16,440000534057617;16,43000030517578;16,43000030517578;41800
2026-10-07;10:28:00;-03:00;16,420000076293945;16,440000534057617;16,420000076293945;16,43000030517578;35000
2026-10-07;10:29:00;-03:00;16,43000030517578;16,479999542236328;16,43000030517578;16,479999542236328;67600
2026-10-07;10:30:00;-03:00;16,469999313354492;16,520000457763672;16,459999084472656;16,520000457763672;512300
2026-10-07;10:31:00;-03:00;16,530000686645508;16,559999465942383;16,520000457763672;16,520000457763672;183400
2026-10-07;10:32:00;-03:00;16,520000457763672;16,520000457763672;16,450000762939453;16,459999084472656;57300
2026-10-07;10:33:00;-03:00;16,450000762939453;16,479999542236328;16,440000534057617;16,459999084472656;156400
2026-10-07;10:34:00;-03:00;16,459999084472656;16,459999084472656;16,420000076293945;16,420000076293945;33800
2026-10-07;10:35:00;-03:00;16,43000030517578;16,440000534057617;16,420000076293945;16,43000030517578;84200
2026-10-07;10:36:00;-03:00;16,40999984741211;16,43000030517578;16,40999984741211;16,420000076293945;34700
2026-10-07;10:37:00;-03:00;16,420000076293945;16,43000030517578;16,399999618530273;16,43000030517578;85900
2026-10-07;10:38:00;-03:00;16,420000076293945;16,479999542236328;16,40999984741211;16,479999542236328;70300
2026-10-07;10:39:00;-03:00;16,479999542236328;16,5;16,469999313354492;16,5;89500
2026-10-07;10:40:00;-03:00;16,489999771118164;16,489999771118164;16,469999313354492;16,479999542236328;595400
2026-10-07;10:41:00;-03:00;16,479999542236328;16,479999542236328;16,459999084472656;16,459999084472656;35200
2026-10-07;10:42:00;-03:00;16,459999084472656;16,479999542236328;16,450000762939453;16,479999542236328;46000
2026-10-07;10:43:00;-03:00;16,479999542236328;16,489999771118164;16,43000030517578;16,450000762939453;41000
2026-10-07;10:44:00;-03:00;16,459999084472656;16,459999084472656;16,440000534057617;16,440000534057617;41500
2026-10-07;10:45:00;-03:00;16,450000762939453;16,489999771118164;16,440000534057617;16,479999542236328;45000
2026-10-07;10:46:00;-03:00;16,459999084472656;16,469999313354492;16,450000762939453;16,459999084472656;71200
2026-10-07;10:47:00;-03:00;16,459999084472656;16,459999084472656;16,440000534057617;16,450000762939453;46100
2026-10-07;10:48:00;-03:00;16,440000534057617;16,450000762939453;16,43000030517578;16,43000030517578;45100
2026-10-07;10:49:00;-03:00;16,43000030517578;16,450000762939453;16,43000030517578;16,43000030517578;23100
2026-10-07;10:50:00;-03:00;16,440000534057617;16,469999313354492;16,440000534057617;16,459999084472656;94500
2026-10-07;10:51:00;-03:00;16,459999084472656;16,459999084472656;16,440000534057617;16,450000762939453;36100
2026-10-07;10:52:00;-03:00;16,440000534057617;16,450000762939453;16,43000030517578;16,43000030517578;83800
2026-10-07;10:53:00;-03:00;16,440000534057617;16,440000534057617;16,399999618530273;16,420000076293945;37200
2026-10-07;10:54:00;-03:00;16,420000076293945;16,440000534057617;16,420000076293945;16,420000076293945;63500
2026-10-07;10:55:00;-03:00;16,43000030517578;16,450000762939453;16,43000030517578;16,440000534057617;48100
2026-10-07;10:56:00;-03:00;16,450000762939453;16,459999084472656;16,420000076293945;16,420000076293945;72100
2026-10-07;10:57:00;-03:00;16,43000030517578;16,440000534057617;16,420000076293945;16,43000030517578;45200
2026-10-07;10:58:00;-03:00;16,440000534057617;16,450000762939453;16,440000534057617;16,440000534057617;34400
2026-10-07;10:59:00;-03:00;16,440000534057617;16,450000762939453;16,43000030517578;16,440000534057617;36900
2026-10-07;11:00:00;-03:00;16,450000762939453;16,459999084472656;16,43000030517578;16,440000534057617;68100
2026-10-07;11:01:00;-03:00;16,450000762939453;16,469999313354492;16,440000534057617;16,450000762939453;76400
2026-10-07;11:02:00;-03:00;16,459999084472656;16,459999084472656;16,43000030517578;16,43000030517578;102400
2026-10-07;11:03:00;-03:00;16,440000534057617;16,450000762939453;16,420000076293945;16,440000534057617;675500
2026-10-07;11:04:00;-03:00;16,450000762939453;16,450000762939453;16,399999618530273;16,40999984741211;118900
2026-10-07;11:05:00;-03:00;16,399999618530273;16,40999984741211;16,389999389648438;16,399999618530273;153400
2026-10-07;11:06:00;-03:00;16,399999618530273;16,40999984741211;16,389999389648438;16,399999618530273;129100
2026-10-07;11:07:00;-03:00;16,389999389648438;16,389999389648438;16,3700008392334;16,3799991607666;107100
2026-10-07;11:08:00;-03:00;16,3799991607666;16,3799991607666;16,360000610351562;16,360000610351562;85400
2026-10-07;11:09:00;-03:00;16,360000610351562;16,3700008392334;16,329999923706055;16,34000015258789;113700
2026-10-07;11:10:00;-03:00;16,34000015258789;16,350000381469727;16,329999923706055;16,329999923706055;69000
2026-10-07;11:11:00;-03:00;16,329999923706055;16,350000381469727;16,31999969482422;16,329999923706055;290800
2026-10-07;11:12:00;-03:00;16,329999923706055;16,34000015258789;16,309999465942383;16,329999923706055;29200
2026-10-07;11:13:00;-03:00;16,329999923706055;16,34000015258789;16,309999465942383;16,329999923706055;75900
2026-10-07;11:14:00;-03:00;16,329999923706055;16,34000015258789;16,31999969482422;16,31999969482422;30300
2026-10-07;11:15:00;-03:00;16,31999969482422;16,389999389648438;16,31999969482422;16,3799991607666;174600
2026-10-07;11:16:00;-03:00;16,3799991607666;16,399999618530273;16,3799991607666;16,399999618530273;66600
2026-10-07;11:17:00;-03:00;16,399999618530273;16,399999618530273;16,3700008392334;16,389999389648438;42500
2026-10-07;11:18:00;-03:00;16,399999618530273;16,399999618530273;16,3799991607666;16,389999389648438;42300
2026-10-07;11:19:00;-03:00;16,399999618530273;16,399999618530273;16,3700008392334;16,389999389648438;57600
2026-10-07;11:20:00;-03:00;16,389999389648438;16,399999618530273;16,3799991607666;16,389999389648438;118600
2026-10-07;11:21:00;-03:00;16,3799991607666;16,389999389648438;16,3700008392334;16,3799991607666;95500
2026-10-07;11:22:00;-03:00;16,3799991607666;16,3799991607666;16,360000610351562;16,3700008392334;65000
2026-10-07;11:23:00;-03:00;16,3700008392334;16,3700008392334;16,360000610351562;16,3700008392334;62300
2026-10-07;11:24:00;-03:00;16,3700008392334;16,3799991607666;16,360000610351562;16,360000610351562;33400
2026-10-07;11:25:00;-03:00;16,3700008392334;16,3700008392334;16,350000381469727;16,360000610351562;34000
2026-10-07;11:26:00;-03:00;16,360000610351562;16,389999389648438;16,360000610351562;16,3700008392334;92200
2026-10-07;11:27:00;-03:00;16,3700008392334;16,3700008392334;16,350000381469727;16,360000610351562;80400
2026-10-07;11:28:00;-03:00;16,360000610351562;16,3799991607666;16,350000381469727;16,3799991607666;164900
2026-10-07;11:29:00;-03:00;16,3799991607666;16,420000076293945;16,3799991607666;16,40999984741211;288800
2026-10-07;11:30:00;-03:00;16,40999984741211;16,420000076293945;16,3799991607666;16,3799991607666;130600
2026-10-07;11:31:00;-03:00;16,3799991607666;16,40999984741211;16,3799991607666;16,399999618530273;81200
2026-10-07;11:32:00;-03:00;16,40999984741211;16,420000076293945;16,389999389648438;16,40999984741211;106800
2026-10-07;11:33:00;-03:00;16,420000076293945;16,43000030517578;16,3799991607666;16,3799991607666;155000
2026-10-07;11:34:00;-03:00;16,3799991607666;16,40999984741211;16,3799991607666;16,3799991607666;86800
2026-10-07;11:35:00;-03:00;16,3799991607666;16,399999618530273;16,360000610351562;16,389999389648438;101200
2026-10-07;11:36:00;-03:00;16,3799991607666;16,389999389648438;16,3700008392334;16,3700008392334;78400
2026-10-07;11:37:00;-03:00;16,3700008392334;16,3700008392334;16,350000381469727;16,350000381469727;71000
2026-10-07;11:38:00;-03:00;16,350000381469727;16,350000381469727;16,329999923706055;16,34000015258789;65400
2026-10-07;11:39:00;-03:00;16,329999923706055;16,360000610351562;16,31999969482422;16,350000381469727;90300
2026-10-07;11:40:00;-03:00;16,350000381469727;16,360000610351562;16,31999969482422;16,350000381469727;62500
2026-10-07;11:41:00;-03:00;16,360000610351562;16,360000610351562;16,329999923706055;16,350000381469727;46700
2026-10-07;11:42:00;-03:00;16,350000381469727;16,350000381469727;16,34000015258789;16,34000015258789;27900
2026-10-07;11:43:00;-03:00;16,34000015258789;16,350000381469727;16,34000015258789;16,34000015258789;54300
2026-10-07;11:44:00;-03:00;16,34000015258789;16,34000015258789;16,31999969482422;16,34000015258789;72200
2026-10-07;11:45:00;-03:00;16,329999923706055;16,34000015258789;16,31999969482422;16,34000015258789;31100
2026-10-07;11:46:00;-03:00;16,34000015258789;16,350000381469727;16,329999923706055;16,34000015258789;31200
2026-10-07;11:47:00;-03:00;16,34000015258789;16,350000381469727;16,34000015258789;16,34000015258789;18400
2026-10-07;11:48:00;-03:00;16,34000015258789;16,360000610351562;16,329999923706055;16,350000381469727;72300
2026-10-07;11:49:00;-03:00;16,34000015258789;16,34000015258789;16,329999923706055;16,34000015258789;12900
2026-10-07;11:50:00;-03:00;16,350000381469727;16,360000610351562;16,34000015258789;16,350000381469727;48300
2026-10-07;11:51:00;-03:00;16,350000381469727;16,3700008392334;16,350000381469727;16,360000610351562;22200
2026-10-07;11:52:00;-03:00;16,360000610351562;16,360000610351562;16,34000015258789;16,350000381469727;67800
2026-10-07;11:53:00;-03:00;16,360000610351562;16,3799991607666;16,350000381469727;16,3700008392334;32500
2026-10-07;11:54:00;-03:00;16,3799991607666;16,389999389648438;16,3799991607666;16,3799991607666;72000
2026-10-07;11:55:00;-03:00;16,3799991607666;16,399999618530273;16,3799991607666;16,389999389648438;33600
2026-10-07;11:56:00;-03:00;16,389999389648438;16,389999389648438;16,360000610351562;16,360000610351562;80100
2026-10-07;11:57:00;-03:00;16,360000610351562;16,3700008392334;16,360000610351562;16,3700008392334;81200
2026-10-07;11:58:00;-03:00;16,3799991607666;16,3799991607666;16,34000015258789;16,350000381469727;35400
2026-10-07;11:59:00;-03:00;16,350000381469727;16,3700008392334;16,350000381469727;16,360000610351562;44400
2026-10-07;12:00:00;-03:00;16,360000610351562;16,3700008392334;16,350000381469727;16,350000381469727;52600
2026-10-07;12:01:00;-03:00;16,350000381469727;16,360000610351562;16,350000381469727;16,350000381469727;13400
2026-10-07;12:02:00;-03:00;16,350000381469727;16,350000381469727;16,350000381469727;16,350000381469727;9800
2026-10-07;12:03:00;-03:00;16,350000381469727;16,360000610351562;16,329999923706055;16,329999923706055;52100
2026-10-07;12:04:00;-03:00;16,329999923706055;16,34000015258789;16,329999923706055;16,34000015258789;55200
2026-10-07;12:05:00;-03:00;16,34000015258789;16,350000381469727;16,31999969482422;16,31999969482422;69500
2026-10-07;12:06:00;-03:00;16,31999969482422;16,31999969482422;16,309999465942383;16,31999969482422;120100
2026-10-07;12:07:00;-03:00;16,309999465942383;16,309999465942383;16,299999237060547;16,299999237060547;56000
2026-10-07;12:08:00;-03:00;16,309999465942383;16,34000015258789;16,309999465942383;16,34000015258789;121100
2026-10-07;12:09:00;-03:00;16,350000381469727;16,360000610351562;16,329999923706055;16,329999923706055;106100
2026-10-07;12:10:00;-03:00;16,329999923706055;16,350000381469727;16,31999969482422;16,329999923706055;98400
2026-10-07;12:11:00;-03:00;16,329999923706055;16,34000015258789;16,31999969482422;16,329999923706055;67200
2026-10-07;12:12:00;-03:00;16,329999923706055;16,34000015258789;16,31999969482422;16,329999923706055;55900
2026-10-07;12:13:00;-03:00;16,329999923706055;16,360000610351562;16,329999923706055;16,34000015258789;110900
2026-10-07;12:14:00;-03:00;16,34000015258789;16,350000381469727;16,329999923706055;16,34000015258789;57500
2026-10-07;12:15:00;-03:00;16,34000015258789;16,34000015258789;16,31999969482422;16,329999923706055;47200
2026-10-07;12:16:00;-03:00;16,329999923706055;16,329999923706055;16,299999237060547;16,309999465942383;48900
2026-10-07;12:17:00;-03:00;16,309999465942383;16,309999465942383;16,290000915527344;16,299999237060547;69400
2026-10-07;12:18:00;-03:00;16,299999237060547;16,309999465942383;16,290000915527344;16,309999465942383;84500
2026-10-07;12:19:00;-03:00;16,309999465942383;16,31999969482422;16,309999465942383;16,309999465942383;20000
2026-10-07;12:20:00;-03:00;16,309999465942383;16,309999465942383;16,290000915527344;16,299999237060547;55100
2026-10-07;12:21:00;-03:00;16,299999237060547;16,299999237060547;16,270000457763672;16,270000457763672;53500
2026-10-07;12:22:00;-03:00;16,270000457763672;16,280000686645508;16,270000457763672;16,280000686645508;29000
2026-10-07;12:23:00;-03:00;16,280000686645508;16,290000915527344;16,260000228881836;16,260000228881836;40400
2026-10-07;12:24:00;-03:00;16,260000228881836;16,260000228881836;16,25;16,25;26100
2026-10-07;12:25:00;-03:00;16,25;16,270000457763672;16,25;16,260000228881836;62500
2026-10-07;12:26:00;-03:00;16,25;16,25;16,239999771118164;16,239999771118164;101800
2026-10-07;12:27:00;-03:00;16,239999771118164;16,239999771118164;16,209999084472656;16,219999313354492;96000
2026-10-07;12:28:00;-03:00;16,209999084472656;16,229999542236328;16,200000762939453;16,219999313354492;168500
2026-10-07;12:29:00;-03:00;16,219999313354492;16,25;16,219999313354492;16,229999542236328;196700
2026-10-07;12:30:00;-03:00;16,229999542236328;16,239999771118164;16,219999313354492;16,239999771118164;71600
2026-10-07;12:31:00;-03:00;16,239999771118164;16,260000228881836;16,229999542236328;16,239999771118164;133400
2026-10-07;12:32:00;-03:00;16,239999771118164;16,260000228881836;16,229999542236328;16,229999542236328;84300
2026-10-07;12:33:00;-03:00;16,229999542236328;16,25;16,229999542236328;16,229999542236328;82400
2026-10-07;12:34:00;-03:00;16,229999542236328;16,260000228881836;16,229999542236328;16,25;115100
2026-10-07;12:35:00;-03:00;16,25;16,260000228881836;16,239999771118164;16,25;126500
2026-10-07;12:36:00;-03:00;16,25;16,260000228881836;16,239999771118164;16,239999771118164;94200
2026-10-07;12:37:00;-03:00;16,239999771118164;16,260000228881836;16,229999542236328;16,239999771118164;83000
2026-10-07;12:38:00;-03:00;16,239999771118164;16,25;16,239999771118164;16,239999771118164;32700
2026-10-07;12:39:00;-03:00;16,25;16,260000228881836;16,239999771118164;16,25;61800
2026-10-07;12:40:00;-03:00;16,260000228881836;16,270000457763672;16,25;16,260000228881836;112800
2026-10-07;12:41:00;-03:00;16,270000457763672;16,270000457763672;16,25;16,260000228881836;174800
2026-10-07;12:42:00;-03:00;16,260000228881836;16,260000228881836;16,239999771118164;16,260000228881836;95300
2026-10-07;12:43:00;-03:00;16,260000228881836;16,260000228881836;16,25;16,25;29100
2026-10-07;12:44:00;-03:00;16,25;16,260000228881836;16,25;16,25;54500
2026-10-07;12:45:00;-03:00;16,25;16,260000228881836;16,239999771118164;16,239999771118164;48100
2026-10-07;12:46:00;-03:00;16,25;16,260000228881836;16,239999771118164;16,25;42400
2026-10-07;12:47:00;-03:00;16,25;16,260000228881836;16,239999771118164;16,239999771118164;90200
2026-10-07;12:48:00;-03:00;16,25;16,260000228881836;16,219999313354492;16,219999313354492;58100
2026-10-07;12:49:00;-03:00;16,219999313354492;16,239999771118164;16,219999313354492;16,219999313354492;124600
2026-10-07;12:50:00;-03:00;16,229999542236328;16,229999542236328;16,219999313354492;16,229999542236328;26100
2026-10-07;12:51:00;-03:00;16,229999542236328;16,239999771118164;16,219999313354492;16,229999542236328;45900
2026-10-07;12:52:00;-03:00;16,229999542236328;16,229999542236328;16,209999084472656;16,219999313354492;49600
2026-10-07;12:53:00;-03:00;16,219999313354492;16,239999771118164;16,209999084472656;16,219999313354492;60000
2026-10-07;12:54:00;-03:00;16,219999313354492;16,229999542236328;16,209999084472656;16,209999084472656;45600
2026-10-07;12:55:00;-03:00;16,209999084472656;16,239999771118164;16,209999084472656;16,239999771118164;65100
2026-10-07;12:56:00;-03:00;16,239999771118164;16,25;16,219999313354492;16,229999542236328;69400
2026-10-07;12:57:00;-03:00;16,229999542236328;16,260000228881836;16,229999542236328;16,239999771118164;89200
2026-10-07;12:58:00;-03:00;16,25;16,25;16,239999771118164;16,25;46200
2026-10-07;12:59:00;-03:00;16,260000228881836;16,260000228881836;16,239999771118164;16,239999771118164;46500
2026-10-07;13:00:00;-03:00;16,25;16,25;16,229999542236328;16,239999771118164;86000
2026-10-07;13:01:00;-03:00;16,25;16,260000228881836;16,229999542236328;16,229999542236328;71300
2026-10-07;13:02:00;-03:00;16,239999771118164;16,25;16,229999542236328;16,25;35600
2026-10-07;13:03:00;-03:00;16,25;16,260000228881836;16,239999771118164;16,239999771118164;37100
2026-10-07;13:04:00;-03:00;16,25;16,260000228881836;16,239999771118164;16,260000228881836;33200
2026-10-07;13:05:00;-03:00;16,25;16,260000228881836;16,229999542236328;16,229999542236328;51200
2026-10-07;13:06:00;-03:00;16,239999771118164;16,260000228881836;16,239999771118164;16,25;49300
2026-10-07;13:07:00;-03:00;16,25;16,25;16,239999771118164;16,239999771118164;8600
2026-10-07;13:08:00;-03:00;16,25;16,260000228881836;16,239999771118164;16,260000228881836;36100
2026-10-07;13:09:00;-03:00;16,260000228881836;16,270000457763672;16,239999771118164;16,25;95300
2026-10-07;13:10:00;-03:00;16,25;16,25;16,229999542236328;16,229999542236328;90700
2026-10-07;13:11:00;-03:00;16,239999771118164;16,239999771118164;16,209999084472656;16,209999084472656;56700
2026-10-07;13:12:00;-03:00;16,219999313354492;16,219999313354492;16,209999084472656;16,219999313354492;23300
2026-10-07;13:13:00;-03:00;16,219999313354492;16,229999542236328;16,209999084472656;16,229999542236328;41100
2026-10-07;13:14:00;-03:00;16,229999542236328;16,229999542236328;16,219999313354492;16,219999313354492;19600
2026-10-07;13:15:00;-03:00;16,219999313354492;16,229999542236328;16,219999313354492;16,229999542236328;9300
2026-10-07;13:16:00;-03:00;16,219999313354492;16,229999542236328;16,209999084472656;16,219999313354492;50000
2026-10-07;13:17:00;-03:00;16,219999313354492;16,239999771118164;16,219999313354492;16,229999542236328;67600
2026-10-07;13:18:00;-03:00;16,229999542236328;16,239999771118164;16,219999313354492;16,229999542236328;31200
2026-10-07;13:19:00;-03:00;16,239999771118164;16,239999771118164;16,209999084472656;16,209999084472656;38400
2026-10-07;13:20:00;-03:00;16,209999084472656;16,219999313354492;16,200000762939453;16,209999084472656;38700
2026-10-07;13:21:00;-03:00;16,209999084472656;16,219999313354492;16,200000762939453;16,200000762939453;63200
2026-10-07;13:22:00;-03:00;16,209999084472656;16,219999313354492;16,190000534057617;16,190000534057617;129900
2026-10-07;13:23:00;-03:00;16,190000534057617;16,219999313354492;16,190000534057617;16,209999084472656;152600
2026-10-07;13:24:00;-03:00;16,219999313354492;16,239999771118164;16,219999313354492;16,219999313354492;147500
2026-10-07;13:25:00;-03:00;16,219999313354492;16,25;16,219999313354492;16,229999542236328;152600
2026-10-07;13:26:00;-03:00;16,25;16,25;16,229999542236328;16,229999542236328;76700
2026-10-07;13:27:00;-03:00;16,229999542236328;16,25;16,229999542236328;16,239999771118164;83400
2026-10-07;13:28:00;-03:00;16,25;16,25;16,229999542236328;16,229999542236328;86300
2026-10-07;13:29:00;-03:00;16,239999771118164;16,25;16,229999542236328;16,239999771118164;95400
2026-10-07;13:30:00;-03:00;16,239999771118164;16,25;16,239999771118164;16,25;119400
2026-10-07;13:31:00;-03:00;16,239999771118164;16,25;16,229999542236328;16,229999542236328;116900
2026-10-07;13:32:00;-03:00;16,239999771118164;16,239999771118164;16,209999084472656;16,209999084472656;86400
2026-10-07;13:33:00;-03:00;16,209999084472656;16,229999542236328;16,209999084472656;16,219999313354492;81000
2026-10-07;13:34:00;-03:00;16,219999313354492;16,229999542236328;16,209999084472656;16,209999084472656;97700
2026-10-07;13:35:00;-03:00;16,209999084472656;16,219999313354492;16,190000534057617;16,190000534057617;130000
2026-10-07;13:36:00;-03:00;16,190000534057617;16,200000762939453;16,18000030517578;16,190000534057617;404800
2026-10-07;13:37:00;-03:00;16,200000762939453;16,200000762939453;16,149999618530273;16,18000030517578;264300
2026-10-07;13:38:00;-03:00;16,190000534057617;16,200000762939453;16,170000076293945;16,190000534057617;83400
2026-10-07;13:39:00;-03:00;16,190000534057617;16,200000762939453;16,18000030517578;16,18000030517578;73400
2026-10-07;13:40:00;-03:00;16,18000030517578;16,190000534057617;16,170000076293945;16,170000076293945;100100
2026-10-07;13:41:00;-03:00;16,170000076293945;16,190000534057617;16,170000076293945;16,170000076293945;106300
2026-10-07;13:42:00;-03:00;16,18000030517578;16,18000030517578;16,149999618530273;16,149999618530273;98900
2026-10-07;13:43:00;-03:00;16,149999618530273;16,15999984741211;16,139999389648438;16,139999389648438;87800
2026-10-07;13:44:00;-03:00;16,139999389648438;16,149999618530273;16,1299991607666;16,139999389648438;69500
2026-10-07;13:45:00;-03:00;16,139999389648438;16,149999618530273;16,1299991607666;16,149999618530273;193400
2026-10-07;13:46:00;-03:00;16,149999618530273;16,170000076293945;16,149999618530273;16,149999618530273;138600
2026-10-07;13:47:00;-03:00;16,149999618530273;16,170000076293945;16,149999618530273;16,15999984741211;96200
2026-10-07;13:48:00;-03:00;16,170000076293945;16,18000030517578;16,15999984741211;16,170000076293945;158300
2026-10-07;13:49:00;-03:00;16,18000030517578;16,190000534057617;16,170000076293945;16,18000030517578;132700
2026-10-07;13:50:00;-03:00;16,18000030517578;16,190000534057617;16,170000076293945;16,190000534057617;103800
2026-10-07;13:51:00;-03:00;16,18000030517578;16,190000534057617;16,18000030517578;16,18000030517578;54700
2026-10-07;13:52:00;-03:00;16,190000534057617;16,200000762939453;16,170000076293945;16,190000534057617;121100
2026-10-07;13:53:00;-03:00;16,190000534057617;16,209999084472656;16,190000534057617;16,209999084472656;81900
2026-10-07;13:54:00;-03:00;16,209999084472656;16,219999313354492;16,200000762939453;16,209999084472656;79300
2026-10-07;13:55:00;-03:00;16,209999084472656;16,219999313354492;16,209999084472656;16,219999313354492;38000
2026-10-07;13:56:00;-03:00;16,209999084472656;16,219999313354492;16,209999084472656;16,209999084472656;22700
2026-10-07;13:57:00;-03:00;16,219999313354492;16,229999542236328;16,209999084472656;16,219999313354492;198900
2026-10-07;13:58:00;-03:00;16,209999084472656;16,229999542236328;16,209999084472656;16,219999313354492;68200
2026-10-07;13:59:00;-03:00;16,229999542236328;16,239999771118164;16,219999313354492;16,229999542236328;86200
2026-10-07;14:00:00;-03:00;16,219999313354492;16,229999542236328;16,219999313354492;16,219999313354492;49100
2026-10-07;14:01:00;-03:00;16,219999313354492;16,239999771118164;16,219999313354492;16,219999313354492;48100
2026-10-07;14:02:00;-03:00;16,219999313354492;16,239999771118164;16,209999084472656;16,229999542236328;53000
2026-10-07;14:03:00;-03:00;16,239999771118164;16,260000228881836;16,229999542236328;16,239999771118164;117000
2026-10-07;14:04:00;-03:00;16,239999771118164;16,25;16,229999542236328;16,239999771118164;29900
2026-10-07;14:05:00;-03:00;16,229999542236328;16,239999771118164;16,229999542236328;16,229999542236328;12400
2026-10-07;14:06:00;-03:00;16,229999542236328;16,270000457763672;16,229999542236328;16,270000457763672;331400
2026-10-07;14:07:00;-03:00;16,270000457763672;16,270000457763672;16,260000228881836;16,270000457763672;47800
2026-10-07;14:08:00;-03:00;16,270000457763672;16,280000686645508;16,260000228881836;16,270000457763672;116100
2026-10-07;14:09:00;-03:00;16,280000686645508;16,290000915527344;16,270000457763672;16,280000686645508;86600
2026-10-07;14:10:00;-03:00;16,290000915527344;16,290000915527344;16,270000457763672;16,280000686645508;84500
2026-10-07;14:11:00;-03:00;16,290000915527344;16,290000915527344;16,260000228881836;16,280000686645508;88300
2026-10-07;14:12:00;-03:00;16,280000686645508;16,280000686645508;16,260000228881836;16,270000457763672;76600
2026-10-07;14:13:00;-03:00;16,260000228881836;16,260000228881836;16,239999771118164;16,25;102800
2026-10-07;14:14:00;-03:00;16,260000228881836;16,260000228881836;16,25;16,260000228881836;31900
2026-10-07;14:15:00;-03:00;16,260000228881836;16,260000228881836;16,229999542236328;16,239999771118164;43500
2026-10-07;14:16:00;-03:00;16,239999771118164;16,25;16,229999542236328;16,25;76100
2026-10-07;14:17:00;-03:00;16,239999771118164;16,25;16,229999542236328;16,239999771118164;55300
2026-10-07;14:18:00;-03:00;16,25;16,25;16,239999771118164;16,239999771118164;28800
2026-10-07;14:19:00;-03:00;16,25;16,25;16,239999771118164;16,239999771118164;48500
2026-10-07;14:20:00;-03:00;16,25;16,260000228881836;16,239999771118164;16,25;71300
2026-10-07;14:21:00;-03:00;16,239999771118164;16,25;16,239999771118164;16,239999771118164;79800
2026-10-07;14:22:00;-03:00;16,25;16,270000457763672;16,25;16,270000457763672;59200
2026-10-07;14:23:00;-03:00;16,260000228881836;16,270000457763672;16,25;16,260000228881836;79300
2026-10-07;14:24:00;-03:00;16,260000228881836;16,270000457763672;16,25;16,270000457763672;62300
2026-10-07;14:25:00;-03:00;16,270000457763672;16,270000457763672;16,25;16,25;40800
2026-10-07;14:26:00;-03:00;16,25;16,270000457763672;16,25;16,260000228881836;39300
2026-10-07;14:27:00;-03:00;16,270000457763672;16,270000457763672;16,25;16,25;61700
2026-10-07;14:28:00;-03:00;16,25;16,270000457763672;16,25;16,260000228881836;38500
2026-10-07;14:29:00;-03:00;16,25;16,260000228881836;16,239999771118164;16,25;124500
2026-10-07;14:30:00;-03:00;16,260000228881836;16,270000457763672;16,25;16,260000228881836;89500
2026-10-07;14:31:00;-03:00;16,270000457763672;16,280000686645508;16,260000228881836;16,260000228881836;66700
2026-10-07;14:32:00;-03:00;16,270000457763672;16,290000915527344;16,260000228881836;16,290000915527344;78500
2026-10-07;14:33:00;-03:00;16,290000915527344;16,299999237060547;16,280000686645508;16,290000915527344;101800
2026-10-07;14:34:00;-03:00;16,280000686645508;16,290000915527344;16,270000457763672;16,270000457763672;46500
2026-10-07;14:35:00;-03:00;16,270000457763672;16,290000915527344;16,270000457763672;16,270000457763672;80500
2026-10-07;14:36:00;-03:00;16,280000686645508;16,280000686645508;16,260000228881836;16,270000457763672;91900
2026-10-07;14:37:00;-03:00;16,270000457763672;16,270000457763672;16,260000228881836;16,260000228881836;25500
2026-10-07;14:38:00;-03:00;16,270000457763672;16,270000457763672;16,25;16,260000228881836;74000
2026-10-07;14:39:00;-03:00;16,25;16,270000457763672;16,239999771118164;16,260000228881836;151800
2026-10-07;14:40:00;-03:00;16,260000228881836;16,260000228881836;16,239999771118164;16,25;29500
2026-10-07;14:41:00;-03:00;16,239999771118164;16,25;16,229999542236328;16,239999771118164;30500
2026-10-07;14:42:00;-03:00;16,229999542236328;16,239999771118164;16,229999542236328;16,229999542236328;44100
2026-10-07;14:43:00;-03:00;16,239999771118164;16,239999771118164;16,229999542236328;16,229999542236328;32200
2026-10-07;14:44:00;-03:00;16,229999542236328;16,239999771118164;16,229999542236328;16,239999771118164;72900
2026-10-07;14:45:00;-03:00;16,239999771118164;16,239999771118164;16,209999084472656;16,229999542236328;154800
2026-10-07;14:46:00;-03:00;16,229999542236328;16,239999771118164;16,229999542236328;16,239999771118164;153700
2026-10-07;14:47:00;-03:00;16,229999542236328;16,239999771118164;16,219999313354492;16,239999771118164;97900
2026-10-07;14:48:00;-03:00;16,229999542236328;16,239999771118164;16,209999084472656;16,209999084472656;46100
2026-10-07;14:49:00;-03:00;16,219999313354492;16,229999542236328;16,209999084472656;16,219999313354492;62600
2026-10-07;14:50:00;-03:00;16,229999542236328;16,229999542236328;16,209999084472656;16,209999084472656;62500
2026-10-07;14:51:00;-03:00;16,209999084472656;16,219999313354492;16,200000762939453;16,209999084472656;45400
2026-10-07;14:52:00;-03:00;16,200000762939453;16,209999084472656;16,200000762939453;16,200000762939453;59400
2026-10-07;14:53:00;-03:00;16,209999084472656;16,209999084472656;16,200000762939453;16,200000762939453;30600
2026-10-07;14:54:00;-03:00;16,209999084472656;16,219999313354492;16,200000762939453;16,209999084472656;101700
2026-10-07;14:55:00;-03:00;16,200000762939453;16,209999084472656;16,18000030517578;16,18000030517578;74200
2026-10-07;14:56:00;-03:00;16,190000534057617;16,190000534057617;16,18000030517578;16,18000030517578;33400
2026-10-07;14:57:00;-03:00;16,190000534057617;16,190000534057617;16,170000076293945;16,170000076293945;176800
2026-10-07;14:58:00;-03:00;16,18000030517578;16,18000030517578;16,170000076293945;16,170000076293945;38500
2026-10-07;14:59:00;-03:00;16,170000076293945;16,200000762939453;16,170000076293945;16,18000030517578;222900
2026-10-07;15:00:00;-03:00;16,200000762939453;16,200000762939453;16,170000076293945;16,18000030517578;66900
2026-10-07;15:01:00;-03:00;16,190000534057617;16,190000534057617;16,15999984741211;16,190000534057617;101800
2026-10-07;15:02:00;-03:00;16,190000534057617;16,190000534057617;16,170000076293945;16,170000076293945;38100
2026-10-07;15:03:00;-03:00;16,170000076293945;16,190000534057617;16,15999984741211;16,18000030517578;78700
2026-10-07;15:04:00;-03:00;16,190000534057617;16,209999084472656;16,18000030517578;16,200000762939453;94300
2026-10-07;15:05:00;-03:00;16,200000762939453;16,219999313354492;16,200000762939453;16,200000762939453;116300
2026-10-07;15:06:00;-03:00;16,209999084472656;16,209999084472656;16,190000534057617;16,190000534057617;118500
2026-10-07;15:07:00;-03:00;16,200000762939453;16,200000762939453;16,170000076293945;16,18000030517578;89500
2026-10-07;15:08:00;-03:00;16,18000030517578;16,190000534057617;16,170000076293945;16,18000030517578;83900
2026-10-07;15:09:00;-03:00;16,18000030517578;16,18000030517578;16,170000076293945;16,170000076293945;59300
2026-10-07;15:10:00;-03:00;16,18000030517578;16,200000762939453;16,170000076293945;16,170000076293945;139100
2026-10-07;15:11:00;-03:00;16,170000076293945;16,18000030517578;16,15999984741211;16,15999984741211;67200
2026-10-07;15:12:00;-03:00;16,15999984741211;16,170000076293945;16,149999618530273;16,149999618530273;75400
2026-10-07;15:13:00;-03:00;16,149999618530273;16,15999984741211;16,139999389648438;16,149999618530273;70700
2026-10-07;15:14:00;-03:00;16,139999389648438;16,149999618530273;16,139999389648438;16,139999389648438;101900
2026-10-07;15:15:00;-03:00;16,149999618530273;16,15999984741211;16,139999389648438;16,149999618530273;123900
2026-10-07;15:16:00;-03:00;16,149999618530273;16,15999984741211;16,139999389648438;16,139999389648438;107000
2026-10-07;15:17:00;-03:00;16,149999618530273;16,15999984741211;16,139999389648438;16,139999389648438;133000
2026-10-07;15:18:00;-03:00;16,149999618530273;16,149999618530273;16,139999389648438;16,139999389648438;50800
2026-10-07;15:19:00;-03:00;16,149999618530273;16,149999618530273;16,1299991607666;16,139999389648438;87400
2026-10-07;15:20:00;-03:00;16,149999618530273;16,149999618530273;16,139999389648438;16,139999389648438;27100
2026-10-07;15:21:00;-03:00;16,139999389648438;16,15999984741211;16,139999389648438;16,149999618530273;197900
2026-10-07;15:22:00;-03:00;16,139999389648438;16,149999618530273;16,139999389648438;16,139999389648438;34800
2026-10-07;15:23:00;-03:00;16,139999389648438;16,149999618530273;16,139999389648438;16,139999389648438;133400
2026-10-07;15:24:00;-03:00;16,149999618530273;16,149999618530273;16,1299991607666;16,149999618530273;121500
2026-10-07;15:25:00;-03:00;16,139999389648438;16,15999984741211;16,139999389648438;16,149999618530273;128000
2026-10-07;15:26:00;-03:00;16,149999618530273;16,149999618530273;16,139999389648438;16,149999618530273;32600
2026-10-07;15:27:00;-03:00;16,149999618530273;16,149999618530273;16,139999389648438;16,139999389648438;68800
2026-10-07;15:28:00;-03:00;16,149999618530273;16,149999618530273;16,139999389648438;16,149999618530273;67800
2026-10-07;15:29:00;-03:00;16,139999389648438;16,15999984741211;16,139999389648438;16,149999618530273;62400
2026-10-07;15:30:00;-03:00;16,139999389648438;16,15999984741211;16,139999389648438;16,15999984741211;118500
2026-10-07;15:31:00;-03:00;16,15999984741211;16,15999984741211;16,1299991607666;16,139999389648438;70900
2026-10-07;15:32:00;-03:00;16,139999389648438;16,149999618530273;16,1299991607666;16,139999389648438;84000
2026-10-07;15:33:00;-03:00;16,139999389648438;16,149999618530273;16,1200008392334;16,1299991607666;114100
2026-10-07;15:34:00;-03:00;16,139999389648438;16,139999389648438;16,1299991607666;16,1299991607666;126700
2026-10-07;15:35:00;-03:00;16,1299991607666;16,139999389648438;16,1299991607666;16,139999389648438;171200
2026-10-07;15:36:00;-03:00;16,149999618530273;16,149999618530273;16,1200008392334;16,1200008392334;44700
2026-10-07;15:37:00;-03:00;16,1200008392334;16,1299991607666;16,110000610351562;16,1200008392334;259600
2026-10-07;15:38:00;-03:00;16,1200008392334;16,1299991607666;16,09000015258789;16,09000015258789;240500
2026-10-07;15:39:00;-03:00;16,100000381469727;16,110000610351562;16,09000015258789;16,09000015258789;270000
2026-10-07;15:40:00;-03:00;16,09000015258789;16,1200008392334;16,09000015258789;16,1200008392334;75600
2026-10-07;15:41:00;-03:00;16,1200008392334;16,1200008392334;16,110000610351562;16,110000610351562;24600
2026-10-07;15:42:00;-03:00;16,110000610351562;16,1299991607666;16,110000610351562;16,1200008392334;177700
2026-10-07;15:43:00;-03:00;16,1299991607666;16,139999389648438;16,1200008392334;16,1200008392334;118100
2026-10-07;15:44:00;-03:00;16,1200008392334;16,1299991607666;16,1200008392334;16,1299991607666;65200
2026-10-07;15:45:00;-03:00;16,1200008392334;16,1299991607666;16,1200008392334;16,1299991607666;34300
2026-10-07;15:46:00;-03:00;16,1299991607666;16,1299991607666;16,1200008392334;16,1299991607666;76900
2026-10-07;15:47:00;-03:00;16,1299991607666;16,139999389648438;16,1200008392334;16,1299991607666;103100
2026-10-07;15:48:00;-03:00;16,139999389648438;16,139999389648438;16,1299991607666;16,139999389648438;42900
2026-10-07;15:49:00;-03:00;16,1299991607666;16,139999389648438;16,1200008392334;16,1200008392334;124200
2026-10-07;15:50:00;-03:00;16,1200008392334;16,1299991607666;16,1200008392334;16,1200008392334;35700
2026-10-07;15:51:00;-03:00;16,1200008392334;16,1299991607666;16,1200008392334;16,1200008392334;38200
2026-10-07;15:52:00;-03:00;16,1200008392334;16,1299991607666;16,1200008392334;16,1299991607666;35100
2026-10-07;15:53:00;-03:00;16,1200008392334;16,1299991607666;16,110000610351562;16,110000610351562;229000
2026-10-07;15:54:00;-03:00;16,1299991607666;16,1299991607666;16,110000610351562;16,110000610351562;112600
2026-10-07;15:55:00;-03:00;16,100000381469727;16,1200008392334;16,100000381469727;16,100000381469727;72900
2026-10-07;15:56:00;-03:00;16,100000381469727;16,110000610351562;16,09000015258789;16,100000381469727;67900
2026-10-07;15:57:00;-03:00;16,100000381469727;16,110000610351562;16,09000015258789;16,09000015258789;24800
2026-10-07;15:58:00;-03:00;16,100000381469727;16,100000381469727;16,079999923706055;16,09000015258789;82000
2026-10-07;15:59:00;-03:00;16,100000381469727;16,100000381469727;16,09000015258789;16,09000015258789;19900
2026-10-07;16:00:00;-03:00;16,09000015258789;16,100000381469727;16,079999923706055;16,079999923706055;96500
2026-10-07;16:01:00;-03:00;16,09000015258789;16,09000015258789;16,06999969482422;16,06999969482422;112500
2026-10-07;16:02:00;-03:00;16,079999923706055;16,09000015258789;16,06999969482422;16,079999923706055;94200
2026-10-07;16:03:00;-03:00;16,079999923706055;16,09000015258789;16,059999465942383;16,059999465942383;66200
2026-10-07;16:04:00;-03:00;16,06999969482422;16,079999923706055;16,059999465942383;16,06999969482422;93200
2026-10-07;16:05:00;-03:00;16,06999969482422;16,09000015258789;16,06999969482422;16,079999923706055;94600
2026-10-07;16:06:00;-03:00;16,09000015258789;16,09000015258789;16,059999465942383;16,059999465942383;93400
2026-10-07;16:07:00;-03:00;16,059999465942383;16,079999923706055;16,059999465942383;16,06999969482422;121200
2026-10-07;16:08:00;-03:00;16,059999465942383;16,09000015258789;16,059999465942383;16,079999923706055;114000
2026-10-07;16:09:00;-03:00;16,079999923706055;16,100000381469727;16,079999923706055;16,09000015258789;136900
2026-10-07;16:10:00;-03:00;16,079999923706055;16,110000610351562;16,079999923706055;16,100000381469727;97500
2026-10-07;16:11:00;-03:00;16,100000381469727;16,110000610351562;16,079999923706055;16,09000015258789;300400
2026-10-07;16:12:00;-03:00;16,079999923706055;16,100000381469727;16,079999923706055;16,079999923706055;58800
2026-10-07;16:13:00;-03:00;16,079999923706055;16,09000015258789;16,06999969482422;16,06999969482422;72400
2026-10-07;16:14:00;-03:00;16,06999969482422;16,09000015258789;16,06999969482422;16,06999969482422;65900
2026-10-07;16:15:00;-03:00;16,06999969482422;16,079999923706055;16,049999237060547;16,059999465942383;144200
2026-10-07;16:16:00;-03:00;16,049999237060547;16,059999465942383;16,040000915527344;16,040000915527344;278100
2026-10-07;16:17:00;-03:00;16,040000915527344;16,049999237060547;16,020000457763672;16,030000686645508;248200
2026-10-07;16:18:00;-03:00;16,030000686645508;16,049999237060547;16,030000686645508;16,040000915527344;294700
2026-10-07;16:19:00;-03:00;16,030000686645508;16,040000915527344;16,020000457763672;16,020000457763672;258500
2026-10-07;16:20:00;-03:00;16,030000686645508;16,030000686645508;16,010000228881836;16,020000457763672;376800
2026-10-07;16:21:00;-03:00;16,020000457763672;16,030000686645508;16,020000457763672;16,030000686645508;257400
2026-10-07;16:22:00;-03:00;16,030000686645508;16,030000686645508;16,010000228881836;16,020000457763672;220500
2026-10-07;16:23:00;-03:00;16,020000457763672;16,020000457763672;15,989999771118164;16,0;335400
2026-10-07;16:24:00;-03:00;16,0;16,010000228881836;15,989999771118164;16,0;124000
2026-10-07;16:25:00;-03:00;16,0;16,0;15,989999771118164;16,0;63500
2026-10-07;16:26:00;-03:00;15,989999771118164;16,0;15,979999542236328;16,0;104400
2026-10-07;16:27:00;-03:00;16,0;16,0;15,989999771118164;16,0;71700
2026-10-07;16:28:00;-03:00;16,0;16,010000228881836;15,989999771118164;16,0;149500
2026-10-07;16:29:00;-03:00;16,0;16,010000228881836;15,989999771118164;16,0;128000
2026-10-07;16:30:00;-03:00;16,0;16,010000228881836;15,989999771118164;15,989999771118164;111400
2026-10-07;16:31:00;-03:00;15,989999771118164;16,0;15,979999542236328;15,979999542236328;75800
2026-10-07;16:32:00;-03:00;15,979999542236328;16,0;15,979999542236328;16,0;137900
2026-10-07;16:33:00;-03:00;16,0;16,020000457763672;15,989999771118164;16,0;289500
2026-10-07;16:34:00;-03:00;16,0;16,030000686645508;16,0;16,010000228881836;103000
2026-10-07;16:35:00;-03:00;16,010000228881836;16,020000457763672;16,0;16,010000228881836;146800
2026-10-07;16:36:00;-03:00;16,010000228881836;16,030000686645508;15,989999771118164;16,030000686645508;182700
2026-10-07;16:37:00;-03:00;16,020000457763672;16,030000686645508;16,020000457763672;16,030000686645508;36600
2026-10-07;16:38:00;-03:00;16,030000686645508;16,040000915527344;16,020000457763672;16,030000686645508;99600
2026-10-07;16:39:00;-03:00;16,040000915527344;16,040000915527344;16,030000686645508;16,040000915527344;64800
2026-10-07;16:40:00;-03:00;16,040000915527344;16,049999237060547;16,030000686645508;16,040000915527344;338100
2026-10-07;16:41:00;-03:00;16,049999237060547;16,049999237060547;16,020000457763672;16,030000686645508;207800
2026-10-07;16:42:00;-03:00;16,040000915527344;16,040000915527344;16,020000457763672;16,020000457763672;86300
2026-10-07;16:43:00;-03:00;16,030000686645508;16,040000915527344;16,0;16,0;251500
2026-10-07;16:44:00;-03:00;16,0;16,020000457763672;16,0;16,010000228881836;194500
2026-10-07;16:45:00;-03:00;16,010000228881836;16,010000228881836;15,989999771118164;16,0;293400
2026-10-07;16:46:00;-03:00;15,989999771118164;16,0;15,989999771118164;16,0;143700
2026-10-07;16:47:00;-03:00;16,0;16,0;15,979999542236328;15,989999771118164;196300
2026-10-07;16:48:00;-03:00;15,989999771118164;15,989999771118164;15,979999542236328;15,979999542236328;135200
2026-10-07;16:49:00;-03:00;15,979999542236328;15,989999771118164;15,970000267028809;15,989999771118164;160000
2026-10-07;16:50:00;-03:00;15,989999771118164;16,0;15,979999542236328;16,0;256600
2026-10-07;16:51:00;-03:00;15,989999771118164;16,0;15,979999542236328;15,979999542236328;184200
2026-10-07;16:52:00;-03:00;15,979999542236328;15,979999542236328;15,949999809265137;15,970000267028809;375300
2026-10-07;16:53:00;-03:00;15,970000267028809;15,979999542236328;15,949999809265137;15,960000038146973;271600
2026-10-07;16:54:00;-03:00;15,979999542236328;16,0;15,960000038146973;16,0;95100
2026-10-08;10:03:00;-03:00;16,0;16,0;15,949999809265137;15,979999542236328;0
2026-10-08;10:04:00;-03:00;15,960000038146973;15,989999771118164;15,949999809265137;15,970000267028809;136500
2026-10-08;10:05:00;-03:00;15,970000267028809;15,979999542236328;15,960000038146973;15,970000267028809;30500
2026-10-08;10:06:00;-03:00;15,970000267028809;15,989999771118164;15,970000267028809;15,970000267028809;18300
2026-10-08;10:07:00;-03:00;15,970000267028809;16,0;15,970000267028809;16,0;76000
2026-10-08;10:08:00;-03:00;16,0;16,010000228881836;15,989999771118164;16,0;79000
2026-10-08;10:09:00;-03:00;16,010000228881836;16,010000228881836;16,0;16,0;44000
2026-10-08;10:10:00;-03:00;16,010000228881836;16,059999465942383;16,010000228881836;16,049999237060547;43000
2026-10-08;10:11:00;-03:00;16,049999237060547;16,049999237060547;16,0;16,0;241900
2026-10-08;10:12:00;-03:00;16,0;16,020000457763672;15,989999771118164;15,989999771118164;392200
2026-10-08;10:13:00;-03:00;15,989999771118164;16,0;15,989999771118164;15,989999771118164;69400
2026-10-08;10:14:00;-03:00;15,979999542236328;15,989999771118164;15,970000267028809;15,989999771118164;17600
2026-10-08;10:15:00;-03:00;15,989999771118164;16,0;15,989999771118164;15,989999771118164;30500
2026-10-08;10:16:00;-03:00;15,989999771118164;16,010000228881836;15,989999771118164;16,010000228881836;104900
2026-10-08;10:17:00;-03:00;16,010000228881836;16,010000228881836;15,979999542236328;16,0;67900
2026-10-08;10:18:00;-03:00;16,0;16,0;15,970000267028809;15,989999771118164;22800
2026-10-08;10:19:00;-03:00;15,989999771118164;16,010000228881836;15,989999771118164;16,0;122700
2026-10-08;10:20:00;-03:00;16,0;16,0;15,970000267028809;15,970000267028809;17000
2026-10-08;10:21:00;-03:00;15,970000267028809;15,970000267028809;15,9399995803833;15,949999809265137;57800
2026-10-08;10:22:00;-03:00;15,949999809265137;15,949999809265137;15,920000076293945;15,920000076293945;29800
2026-10-08;10:23:00;-03:00;15,930000305175781;15,930000305175781;15,90999984741211;15,920000076293945;19800
2026-10-08;10:24:00;-03:00;15,920000076293945;15,930000305175781;15,899999618530273;15,899999618530273;221100
2026-10-08;10:25:00;-03:00;15,920000076293945;15,930000305175781;15,90999984741211;15,930000305175781;22100
2026-10-08;10:26:00;-03:00;15,9399995803833;15,9399995803833;15,90999984741211;15,9399995803833;17300
2026-10-08;10:27:00;-03:00;15,930000305175781;15,930000305175781;15,920000076293945;15,930000305175781;22400
2026-10-08;10:28:00;-03:00;15,9399995803833;15,949999809265137;15,930000305175781;15,9399995803833;52800
2026-10-08;10:29:00;-03:00;15,9399995803833;15,949999809265137;15,930000305175781;15,930000305175781;67300
2026-10-08;10:30:00;-03:00;15,920000076293945;15,920000076293945;15,850000381469727;15,859999656677246;359000
2026-10-08;10:31:00;-03:00;15,859999656677246;15,859999656677246;15,819999694824219;15,84000015258789;248800
2026-10-08;10:32:00;-03:00;15,850000381469727;15,890000343322754;15,850000381469727;15,880000114440918;84100
2026-10-08;10:33:00;-03:00;15,880000114440918;15,90999984741211;15,880000114440918;15,899999618530273;132600
2026-10-08;10:34:00;-03:00;15,899999618530273;15,90999984741211;15,859999656677246;15,859999656677246;98300
2026-10-08;10:35:00;-03:00;15,880000114440918;15,920000076293945;15,880000114440918;15,890000343322754;109100
2026-10-08;10:36:00;-03:00;15,890000343322754;15,899999618530273;15,890000343322754;15,899999618530273;63700
2026-10-08;10:37:00;-03:00;15,899999618530273;15,949999809265137;15,890000343322754;15,9399995803833;328100
2026-10-08;10:38:00;-03:00;15,930000305175781;15,970000267028809;15,920000076293945;15,949999809265137;127800
2026-10-08;10:39:00;-03:00;15,949999809265137;15,989999771118164;15,949999809265137;15,970000267028809;214900
2026-10-08;10:40:00;-03:00;15,970000267028809;15,989999771118164;15,970000267028809;15,979999542236328;76100
2026-10-08;10:41:00;-03:00;15,979999542236328;16,0;15,979999542236328;15,979999542236328;82300
2026-10-08;10:42:00;-03:00;15,979999542236328;16,030000686645508;15,979999542236328;16,010000228881836;211400
2026-10-08;10:43:00;-03:00;16,010000228881836;16,040000915527344;16,010000228881836;16,010000228881836;86200
2026-10-08;10:44:00;-03:00;16,010000228881836;16,049999237060547;16,010000228881836;16,040000915527344;83600
2026-10-08;10:45:00;-03:00;16,040000915527344;16,049999237060547;16,020000457763672;16,040000915527344;153300
2026-10-08;10:46:00;-03:00;16,040000915527344;16,049999237060547;16,030000686645508;16,030000686645508;141600
2026-10-08;10:47:00;-03:00;16,030000686645508;16,059999465942383;16,030000686645508;16,049999237060547;141400
2026-10-08;10:48:00;-03:00;16,049999237060547;16,059999465942383;16,040000915527344;16,049999237060547;124300
2026-10-08;10:49:00;-03:00;16,049999237060547;16,06999969482422;16,040000915527344;16,049999237060547;146400
2026-10-08;10:50:00;-03:00;16,049999237060547;16,06999969482422;16,040000915527344;16,059999465942383;107000
2026-10-08;10:51:00;-03:00;16,06999969482422;16,079999923706055;16,049999237060547;16,049999237060547;69300
2026-10-08;10:52:00;-03:00;16,049999237060547;16,049999237060547;16,010000228881836;16,010000228881836;66700
2026-10-08;10:53:00;-03:00;16,010000228881836;16,040000915527344;16,010000228881836;16,010000228881836;181500
2026-10-08;10:54:00;-03:00;16,010000228881836;16,020000457763672;15,979999542236328;15,979999542236328;124800
2026-10-08;10:55:00;-03:00;15,979999542236328;16,0;15,979999542236328;15,979999542236328;108300
2026-10-08;10:56:00;-03:00;15,979999542236328;16,010000228881836;15,979999542236328;16,0;75700
2026-10-08;10:57:00;-03:00;16,0;16,020000457763672;16,0;16,010000228881836;81900
2026-10-08;10:58:00;-03:00;16,010000228881836;16,020000457763672;15,989999771118164;16,010000228881836;197000
2026-10-08;10:59:00;-03:00;16,020000457763672;16,030000686645508;16,010000228881836;16,030000686645508;130100
2026-10-08;11:00:00;-03:00;16,030000686645508;16,059999465942383;16,020000457763672;16,059999465942383;136300
2026-10-08;11:01:00;-03:00;16,049999237060547;16,059999465942383;16,040000915527344;16,059999465942383;121700
2026-10-08;11:02:00;-03:00;16,059999465942383;16,09000015258789;16,059999465942383;16,079999923706055;135500
2026-10-08;11:03:00;-03:00;16,06999969482422;16,079999923706055;16,059999465942383;16,06999969482422;30600
2026-10-08;11:04:00;-03:00;16,079999923706055;16,079999923706055;16,059999465942383;16,079999923706055;134600
2026-10-08;11:05:00;-03:00;16,079999923706055;16,100000381469727;16,06999969482422;16,09000015258789;129800
2026-10-08;11:06:00;-03:00;16,100000381469727;16,100000381469727;16,079999923706055;16,09000015258789;107600
2026-10-08;11:07:00;-03:00;16,09000015258789;16,09000015258789;16,06999969482422;16,079999923706055;1223000
2026-10-08;11:08:00;-03:00;16,079999923706055;16,100000381469727;16,06999969482422;16,079999923706055;141600
2026-10-08;11:09:00;-03:00;16,079999923706055;16,09000015258789;16,06999969482422;16,079999923706055;594700
2026-10-08;11:10:00;-03:00;16,079999923706055;16,079999923706055;16,06999969482422;16,079999923706055;271900
2026-10-08;11:11:00;-03:00;16,06999969482422;16,079999923706055;16,059999465942383;16,06999969482422;470100
2026-10-08;11:12:00;-03:00;16,059999465942383;16,06999969482422;16,040000915527344;16,049999237060547;171800
2026-10-08;11:13:00;-03:00;16,049999237060547;16,049999237060547;16,040000915527344;16,049999237060547;277100
2026-10-08;11:14:00;-03:00;16,049999237060547;16,049999237060547;16,040000915527344;16,049999237060547;5273700
2026-10-08;11:15:00;-03:00;16,049999237060547;16,059999465942383;16,030000686645508;16,059999465942383;102700
2026-10-08;11:16:00;-03:00;16,059999465942383;16,06999969482422;16,049999237060547;16,06999969482422;58900
2026-10-08;11:17:00;-03:00;16,06999969482422;16,06999969482422;16,040000915527344;16,059999465942383;879600
2026-10-08;11:18:00;-03:00;16,059999465942383;16,059999465942383;16,040000915527344;16,049999237060547;390800
2026-10-08;11:19:00;-03:00;16,049999237060547;16,06999969482422;16,040000915527344;16,06999969482422;105400
2026-10-08;11:20:00;-03:00;16,06999969482422;16,06999969482422;16,040000915527344;16,049999237060547;469000
2026-10-08;11:21:00;-03:00;16,049999237060547;16,049999237060547;16,030000686645508;16,030000686645508;362400
2026-10-08;11:22:00;-03:00;16,020000457763672;16,030000686645508;16,010000228881836;16,020000457763672;41700
2026-10-08;11:23:00;-03:00;16,020000457763672;16,040000915527344;16,010000228881836;16,030000686645508;59800
2026-10-08;11:24:00;-03:00;16,030000686645508;16,040000915527344;16,020000457763672;16,040000915527344;11500
2026-10-08;11:25:00;-03:00;16,030000686645508;16,049999237060547;16,030000686645508;16,049999237060547;103600
2026-10-08;11:26:00;-03:00;16,049999237060547;16,049999237060547;16,030000686645508;16,040000915527344;57200
2026-10-08;11:27:00;-03:00;16,030000686645508;16,049999237060547;16,030000686645508;16,030000686645508;42500
2026-10-08;11:28:00;-03:00;16,040000915527344;16,040000915527344;16,010000228881836;16,020000457763672;88700
2026-10-08;11:29:00;-03:00;16,030000686645508;16,040000915527344;16,020000457763672;16,040000915527344;62600
2026-10-08;11:30:00;-03:00;16,049999237060547;16,059999465942383;16,030000686645508;16,059999465942383;189000
2026-10-08;11:31:00;-03:00;16,059999465942383;16,059999465942383;16,049999237060547;16,059999465942383;15900
2026-10-08;11:32:00;-03:00;16,059999465942383;16,06999969482422;16,040000915527344;16,059999465942383;213500
2026-10-08;11:33:00;-03:00;16,059999465942383;16,09000015258789;16,049999237060547;16,09000015258789;768400
2026-10-08;11:34:00;-03:00;16,09000015258789;16,09000015258789;16,049999237060547;16,06999969482422;388200
2026-10-08;11:35:00;-03:00;16,06999969482422;16,06999969482422;16,040000915527344;16,049999237060547;300200
2026-10-08;11:36:00;-03:00;16,049999237060547;16,09000015258789;16,040000915527344;16,09000015258789;104000
2026-10-08;11:37:00;-03:00;16,09000015258789;16,09000015258789;16,059999465942383;16,06999969482422;280500
2026-10-08;11:38:00;-03:00;16,06999969482422;16,09000015258789;16,059999465942383;16,09000015258789;730800
2026-10-08;11:39:00;-03:00;16,079999923706055;16,149999618530273;16,079999923706055;16,149999618530273;588700
2026-10-08;11:40:00;-03:00;16,149999618530273;16,190000534057617;16,139999389648438;16,18000030517578;268900
2026-10-08;11:41:00;-03:00;16,170000076293945;16,18000030517578;16,149999618530273;16,170000076293945;129600
2026-10-08;11:42:00;-03:00;16,15999984741211;16,18000030517578;16,139999389648438;16,170000076293945;124800
2026-10-08;11:43:00;-03:00;16,170000076293945;16,200000762939453;16,149999618530273;16,190000534057617;72600
2026-10-08;11:44:00;-03:00;16,200000762939453;16,229999542236328;16,18000030517578;16,200000762939453;305400
2026-10-08;11:45:00;-03:00;16,200000762939453;16,209999084472656;16,149999618530273;16,149999618530273;445300
2026-10-08;11:46:00;-03:00;16,149999618530273;16,170000076293945;16,139999389648438;16,139999389648438;135000
2026-10-08;11:47:00;-03:00;16,139999389648438;16,170000076293945;16,1299991607666;16,15999984741211;206400
2026-10-08;11:48:00;-03:00;16,15999984741211;16,190000534057617;16,15999984741211;16,170000076293945;107200
2026-10-08;11:49:00;-03:00;16,170000076293945;16,18000030517578;16,149999618530273;16,170000076293945;274300
2026-10-08;11:50:00;-03:00;16,170000076293945;16,18000030517578;16,139999389648438;16,139999389648438;176300
2026-10-08;11:51:00;-03:00;16,139999389648438;16,139999389648438;16,1200008392334;16,1200008392334;277200
2026-10-08;11:52:00;-03:00;16,1200008392334;16,1299991607666;16,110000610351562;16,1200008392334;179600
2026-10-08;11:53:00;-03:00;16,1200008392334;16,1200008392334;16,100000381469727;16,1200008392334;235800
2026-10-08;11:54:00;-03:00;16,1200008392334;16,1200008392334;16,09000015258789;16,100000381469727;59400
2026-10-08;11:55:00;-03:00;16,100000381469727;16,110000610351562;16,09000015258789;16,110000610351562;78300
2026-10-08;11:56:00;-03:00;16,110000610351562;16,1200008392334;16,100000381469727;16,1200008392334;106500
2026-10-08;11:57:00;-03:00;16,1200008392334;16,1200008392334;16,110000610351562;16,1200008392334;87400
2026-10-08;11:58:00;-03:00;16,1200008392334;16,1200008392334;16,110000610351562;16,1200008392334;6300
2026-10-08;11:59:00;-03:00;16,1200008392334;16,1200008392334;16,110000610351562;16,1200008392334;145200
2026-10-08;12:00:00;-03:00;16,1200008392334;16,1200008392334;16,110000610351562;16,1200008392334;114300
2026-10-08;12:01:00;-03:00;16,1200008392334;16,1200008392334;16,110000610351562;16,110000610351562;159100
2026-10-08;12:02:00;-03:00;16,100000381469727;16,1200008392334;16,09000015258789;16,1200008392334;58000
2026-10-08;12:03:00;-03:00;16,1200008392334;16,1200008392334;16,100000381469727;16,110000610351562;49900
2026-10-08;12:04:00;-03:00;16,110000610351562;16,110000610351562;16,09000015258789;16,09000015258789;49300
2026-10-08;12:05:00;-03:00;16,09000015258789;16,100000381469727;16,079999923706055;16,079999923706055;41000
2026-10-08;12:06:00;-03:00;16,079999923706055;16,09000015258789;16,059999465942383;16,079999923706055;99000
2026-10-08;12:07:00;-03:00;16,06999969482422;16,079999923706055;16,059999465942383;16,06999969482422;50000
2026-10-08;12:08:00;-03:00;16,079999923706055;16,079999923706055;16,059999465942383;16,06999969482422;51700
2026-10-08;12:09:00;-03:00;16,06999969482422;16,06999969482422;16,020000457763672;16,020000457763672;71900
2026-10-08;12:10:00;-03:00;16,030000686645508;16,030000686645508;16,010000228881836;16,030000686645508;63100
2026-10-08;12:11:00;-03:00;16,020000457763672;16,030000686645508;16,010000228881836;16,020000457763672;48000
2026-10-08;12:12:00;-03:00;16,020000457763672;16,040000915527344;16,020000457763672;16,030000686645508;151700
2026-10-08;12:13:00;-03:00;16,020000457763672;16,040000915527344;16,020000457763672;16,040000915527344;68700
2026-10-08;12:14:00;-03:00;16,040000915527344;16,040000915527344;16,010000228881836;16,020000457763672;96100
2026-10-08;12:15:00;-03:00;16,010000228881836;16,020000457763672;16,0;16,020000457763672;104600
2026-10-08;12:16:00;-03:00;16,010000228881836;16,030000686645508;16,0;16,010000228881836;217000
2026-10-08;12:17:00;-03:00;16,010000228881836;16,049999237060547;16,0;16,030000686645508;100300
2026-10-08;12:18:00;-03:00;16,030000686645508;16,049999237060547;16,020000457763672;16,049999237060547;36900
2026-10-08;12:19:00;-03:00;16,040000915527344;16,059999465942383;16,040000915527344;16,049999237060547;71300
2026-10-08;12:20:00;-03:00;16,040000915527344;16,06999969482422;16,040000915527344;16,06999969482422;37400
2026-10-08;12:21:00;-03:00;16,06999969482422;16,06999969482422;16,040000915527344;16,06999969482422;88400
2026-10-08;12:22:00;-03:00;16,06999969482422;16,06999969482422;16,040000915527344;16,049999237060547;81600
2026-10-08;12:23:00;-03:00;16,049999237060547;16,059999465942383;16,040000915527344;16,059999465942383;22100
2026-10-08;12:24:00;-03:00;16,059999465942383;16,079999923706055;16,049999237060547;16,079999923706055;108400
2026-10-08;12:25:00;-03:00;16,079999923706055;16,079999923706055;16,059999465942383;16,059999465942383;36700
2026-10-08;12:26:00;-03:00;16,059999465942383;16,09000015258789;16,059999465942383;16,09000015258789;52100
2026-10-08;12:27:00;-03:00;16,079999923706055;16,09000015258789;16,06999969482422;16,079999923706055;104400
2026-10-08;12:28:00;-03:00;16,079999923706055;16,079999923706055;16,059999465942383;16,079999923706055;42900
2026-10-08;12:29:00;-03:00;16,079999923706055;16,079999923706055;16,06999969482422;16,079999923706055;9800
2026-10-08;12:30:00;-03:00;16,079999923706055;16,100000381469727;16,06999969482422;16,09000015258789;205700
2026-10-08;12:31:00;-03:00;16,079999923706055;16,09000015258789;16,06999969482422;16,079999923706055;129900
2026-10-08;12:32:00;-03:00;16,079999923706055;16,079999923706055;16,059999465942383;16,059999465942383;86900
2026-10-08;12:33:00;-03:00;16,059999465942383;16,079999923706055;16,049999237060547;16,06999969482422;83400
2026-10-08;12:34:00;-03:00;16,049999237060547;16,06999969482422;16,040000915527344;16,040000915527344;107400
2026-10-08;12:35:00;-03:00;16,040000915527344;16,049999237060547;16,040000915527344;16,040000915527344;52300
2026-10-08;12:36:00;-03:00;16,040000915527344;16,049999237060547;16,030000686645508;16,049999237060547;102600
2026-10-08;12:37:00;-03:00;16,040000915527344;16,049999237060547;16,030000686645508;16,030000686645508;67300
2026-10-08;12:38:00;-03:00;16,030000686645508;16,049999237060547;16,030000686645508;16,040000915527344;106400
2026-10-08;12:39:00;-03:00;16,030000686645508;16,059999465942383;16,030000686645508;16,049999237060547;190800
2026-10-08;12:40:00;-03:00;16,040000915527344;16,049999237060547;16,030000686645508;16,049999237060547;116500
2026-10-08;12:41:00;-03:00;16,040000915527344;16,059999465942383;16,030000686645508;16,030000686645508;151400
2026-10-08;12:42:00;-03:00;16,030000686645508;16,049999237060547;16,030000686645508;16,049999237060547;73400
2026-10-08;12:43:00;-03:00;16,040000915527344;16,049999237060547;16,030000686645508;16,040000915527344;97600
2026-10-08;12:44:00;-03:00;16,030000686645508;16,059999465942383;16,030000686645508;16,049999237060547;174300
2026-10-08;12:45:00;-03:00;16,040000915527344;16,049999237060547;16,030000686645508;16,049999237060547;76700
2026-10-08;12:46:00;-03:00;16,030000686645508;16,049999237060547;16,020000457763672;16,030000686645508;90400
2026-10-08;12:47:00;-03:00;16,020000457763672;16,040000915527344;16,020000457763672;16,030000686645508;196500
2026-10-08;12:48:00;-03:00;16,030000686645508;16,040000915527344;16,020000457763672;16,030000686645508;147900
2026-10-08;12:49:00;-03:00;16,030000686645508;16,040000915527344;16,010000228881836;16,020000457763672;137000
2026-10-08;12:50:00;-03:00;16,020000457763672;16,030000686645508;16,010000228881836;16,010000228881836;88000
2026-10-08;12:51:00;-03:00;16,010000228881836;16,030000686645508;16,010000228881836;16,030000686645508;196700
2026-10-08;12:52:00;-03:00;16,020000457763672;16,030000686645508;16,010000228881836;16,020000457763672;96300
2026-10-08;12:53:00;-03:00;16,020000457763672;16,020000457763672;15,970000267028809;15,979999542236328;579500
2026-10-08;12:54:00;-03:00;15,970000267028809;16,0;15,970000267028809;16,0;300700
2026-10-08;12:55:00;-03:00;15,989999771118164;16,0;15,979999542236328;15,989999771118164;120500
2026-10-08;12:56:00;-03:00;15,979999542236328;16,0;15,979999542236328;15,979999542236328;81700
2026-10-08;12:57:00;-03:00;15,979999542236328;16,0;15,979999542236328;15,989999771118164;79600
2026-10-08;12:58:00;-03:00;15,989999771118164;16,0;15,989999771118164;15,989999771118164;56200
2026-10-08;12:59:00;-03:00;15,989999771118164;16,0;15,970000267028809;15,989999771118164;135900
2026-10-08;13:00:00;-03:00;15,979999542236328;15,989999771118164;15,970000267028809;15,970000267028809;57200
2026-10-08;13:01:00;-03:00;15,970000267028809;15,989999771118164;15,970000267028809;15,970000267028809;58100
2026-10-08;13:02:00;-03:00;15,989999771118164;15,989999771118164;15,970000267028809;15,970000267028809;68800
2026-10-08;13:03:00;-03:00;15,970000267028809;15,979999542236328;15,970000267028809;15,979999542236328;56300
2026-10-08;13:04:00;-03:00;15,970000267028809;15,989999771118164;15,970000267028809;15,979999542236328;69800
2026-10-08;13:05:00;-03:00;15,970000267028809;15,989999771118164;15,970000267028809;15,979999542236328;50200
2026-10-08;13:06:00;-03:00;15,979999542236328;16,0;15,979999542236328;15,979999542236328;83400
2026-10-08;13:07:00;-03:00;15,979999542236328;16,0;15,979999542236328;15,989999771118164;242300
2026-10-08;13:08:00;-03:00;16,0;16,0;15,989999771118164;16,0;111200
2026-10-08;13:09:00;-03:00;16,0;16,0;15,989999771118164;16,0;234400
2026-10-08;13:10:00;-03:00;16,0;16,0;15,989999771118164;16,0;36700
2026-10-08;13:11:00;-03:00;16,0;16,0;15,989999771118164;16,0;28600
2026-10-08;13:12:00;-03:00;16,0;16,020000457763672;16,0;16,010000228881836;411900
2026-10-08;13:13:00;-03:00;16,010000228881836;16,030000686645508;16,0;16,010000228881836;153600
2026-10-08;13:14:00;-03:00;16,010000228881836;16,020000457763672;16,0;16,020000457763672;37400
2026-10-08;13:15:00;-03:00;16,020000457763672;16,020000457763672;16,010000228881836;16,020000457763672;29000
2026-10-08;13:16:00;-03:00;16,010000228881836;16,020000457763672;16,010000228881836;16,020000457763672;38000
2026-10-08;13:17:00;-03:00;16,020000457763672;16,09000015258789;16,010000228881836;16,059999465942383;563300
2026-10-08;13:18:00;-03:00;16,049999237060547;16,049999237060547;16,030000686645508;16,030000686645508;141000
2026-10-08;13:19:00;-03:00;16,020000457763672;16,030000686645508;16,010000228881836;16,010000228881836;43000
2026-10-08;13:20:00;-03:00;16,010000228881836;16,020000457763672;16,010000228881836;16,010000228881836;51600
2026-10-08;13:21:00;-03:00;16,020000457763672;16,030000686645508;16,010000228881836;16,020000457763672;15100
2026-10-08;13:22:00;-03:00;16,020000457763672;16,040000915527344;16,020000457763672;16,040000915527344;19900
2026-10-08;13:23:00;-03:00;16,040000915527344;16,040000915527344;16,0;16,010000228881836;65000
2026-10-08;13:24:00;-03:00;16,010000228881836;16,010000228881836;16,0;16,0;37300
2026-10-08;13:25:00;-03:00;16,010000228881836;16,010000228881836;16,0;16,010000228881836;6900
2026-10-08;13:26:00;-03:00;16,0;16,010000228881836;15,989999771118164;16,0;25600
2026-10-08;13:27:00;-03:00;16,0;16,020000457763672;16,0;16,020000457763672;60200
2026-10-08;13:28:00;-03:00;16,010000228881836;16,020000457763672;16,0;16,020000457763672;29600
2026-10-08;13:29:00;-03:00;16,010000228881836;16,020000457763672;15,989999771118164;16,0;49500
2026-10-08;13:30:00;-03:00;15,989999771118164;16,0;15,989999771118164;16,0;7700
2026-10-08;13:31:00;-03:00;16,0;16,0;15,989999771118164;15,989999771118164;23600
2026-10-08;13:32:00;-03:00;16,0;16,030000686645508;15,989999771118164;16,030000686645508;65000
2026-10-08;13:33:00;-03:00;16,030000686645508;16,030000686645508;16,010000228881836;16,020000457763672;65100
2026-10-08;13:34:00;-03:00;16,010000228881836;16,030000686645508;16,010000228881836;16,020000457763672;57100
2026-10-08;13:35:00;-03:00;16,010000228881836;16,010000228881836;16,0;16,010000228881836;17400
2026-10-08;13:36:00;-03:00;16,010000228881836;16,020000457763672;16,0;16,0;98900
2026-10-08;13:37:00;-03:00;16,0;16,020000457763672;16,0;16,020000457763672;231300
2026-10-08;13:38:00;-03:00;16,030000686645508;16,040000915527344;16,020000457763672;16,030000686645508;266000
2026-10-08;13:39:00;-03:00;16,030000686645508;16,049999237060547;16,020000457763672;16,040000915527344;268800
2026-10-08;13:40:00;-03:00;16,049999237060547;16,06999969482422;16,049999237060547;16,06999969482422;121200
2026-10-08;13:41:00;-03:00;16,06999969482422;16,079999923706055;16,049999237060547;16,079999923706055;243200
2026-10-08;13:42:00;-03:00;16,06999969482422;16,079999923706055;16,049999237060547;16,059999465942383;1472500
2026-10-08;13:43:00;-03:00;16,059999465942383;16,059999465942383;16,049999237060547;16,049999237060547;16600
2026-10-08;13:44:00;-03:00;16,049999237060547;16,059999465942383;16,049999237060547;16,059999465942383;1011600
2026-10-08;13:45:00;-03:00;16,049999237060547;16,059999465942383;16,030000686645508;16,040000915527344;180600
2026-10-08;13:46:00;-03:00;16,049999237060547;16,059999465942383;16,040000915527344;16,059999465942383;137600
2026-10-08;13:47:00;-03:00;16,049999237060547;16,059999465942383;16,049999237060547;16,049999237060547;56500
2026-10-08;13:48:00;-03:00;16,049999237060547;16,059999465942383;16,040000915527344;16,049999237060547;48700
2026-10-08;13:49:00;-03:00;16,040000915527344;16,059999465942383;16,040000915527344;16,059999465942383;347700
2026-10-08;13:50:00;-03:00;16,059999465942383;16,059999465942383;16,049999237060547;16,049999237060547;272700
2026-10-08;13:51:00;-03:00;16,040000915527344;16,06999969482422;16,040000915527344;16,06999969482422;118000
2026-10-08;13:52:00;-03:00;16,06999969482422;16,079999923706055;16,06999969482422;16,079999923706055;54900
2026-10-08;13:53:00;-03:00;16,079999923706055;16,079999923706055;16,049999237060547;16,059999465942383;223400
2026-10-08;13:54:00;-03:00;16,059999465942383;16,100000381469727;16,059999465942383;16,100000381469727;407600
2026-10-08;13:55:00;-03:00;16,100000381469727;16,110000610351562;16,09000015258789;16,110000610351562;171800
2026-10-08;13:56:00;-03:00;16,110000610351562;16,110000610351562;16,09000015258789;16,09000015258789;91700
2026-10-08;13:57:00;-03:00;16,09000015258789;16,1200008392334;16,09000015258789;16,110000610351562;114100
2026-10-08;13:58:00;-03:00;16,100000381469727;16,110000610351562;16,09000015258789;16,110000610351562;43500
2026-10-08;13:59:00;-03:00;16,100000381469727;16,1200008392334;16,100000381469727;16,1200008392334;118300
2026-10-08;14:00:00;-03:00;16,1200008392334;16,139999389648438;16,110000610351562;16,139999389648438;237100
2026-10-08;14:01:00;-03:00;16,139999389648438;16,139999389648438;16,1299991607666;16,139999389648438;39100
2026-10-08;14:02:00;-03:00;16,139999389648438;16,15999984741211;16,1299991607666;16,15999984741211;265000
2026-10-08;14:03:00;-03:00;16,15999984741211;16,18000030517578;16,149999618530273;16,18000030517578;62800
2026-10-08;14:04:00;-03:00;16,18000030517578;16,190000534057617;16,170000076293945;16,190000534057617;51100
2026-10-08;14:05:00;-03:00;16,190000534057617;16,190000534057617;16,170000076293945;16,170000076293945;73700
2026-10-08;14:06:00;-03:00;16,18000030517578;16,200000762939453;16,18000030517578;16,200000762939453;41000
2026-10-08;14:07:00;-03:00;16,200000762939453;16,229999542236328;16,200000762939453;16,229999542236328;122100
2026-10-08;14:08:00;-03:00;16,229999542236328;16,239999771118164;16,219999313354492;16,239999771118164;164600
2026-10-08;14:09:00;-03:00;16,239999771118164;16,260000228881836;16,229999542236328;16,239999771118164;128700
2026-10-08;14:10:00;-03:00;16,25;16,270000457763672;16,239999771118164;16,260000228881836;106500
2026-10-08;14:11:00;-03:00;16,260000228881836;16,260000228881836;16,229999542236328;16,25;67500
2026-10-08;14:12:00;-03:00;16,25;16,260000228881836;16,239999771118164;16,25;23000
2026-10-08;14:13:00;-03:00;16,260000228881836;16,270000457763672;16,25;16,260000228881836;124800
2026-10-08;14:14:00;-03:00;16,260000228881836;16,270000457763672;16,25;16,260000228881836;67300
2026-10-08;14:15:00;-03:00;16,25;16,280000686645508;16,239999771118164;16,260000228881836;137000
2026-10-08;14:16:00;-03:00;16,260000228881836;16,260000228881836;16,239999771118164;16,260000228881836;57400
2026-10-08;14:17:00;-03:00;16,260000228881836;16,260000228881836;16,229999542236328;16,25;116300
2026-10-08;14:18:00;-03:00;16,25;16,25;16,239999771118164;16,239999771118164;29200
2026-10-08;14:19:00;-03:00;16,239999771118164;16,260000228881836;16,229999542236328;16,260000228881836;99900
2026-10-08;14:20:00;-03:00;16,25;16,260000228881836;16,239999771118164;16,25;47600
2026-10-08;14:21:00;-03:00;16,25;16,270000457763672;16,25;16,25;38000
2026-10-08;14:22:00;-03:00;16,25;16,270000457763672;16,239999771118164;16,239999771118164;77400
2026-10-08;14:23:00;-03:00;16,239999771118164;16,239999771118164;16,219999313354492;16,229999542236328;70000
2026-10-08;14:24:00;-03:00;16,229999542236328;16,229999542236328;16,190000534057617;16,200000762939453;58200
2026-10-08;14:25:00;-03:00;16,190000534057617;16,190000534057617;16,149999618530273;16,15999984741211;63500
2026-10-08;14:26:00;-03:00;16,15999984741211;16,170000076293945;16,15999984741211;16,15999984741211;13100
2026-10-08;14:27:00;-03:00;16,15999984741211;16,209999084472656;16,15999984741211;16,209999084472656;105600
2026-10-08;14:28:00;-03:00;16,209999084472656;16,219999313354492;16,190000534057617;16,209999084472656;69000
2026-10-08;14:29:00;-03:00;16,209999084472656;16,219999313354492;16,200000762939453;16,209999084472656;21200
2026-10-08;14:30:00;-03:00;16,219999313354492;16,219999313354492;16,209999084472656;16,219999313354492;13700
2026-10-08;14:31:00;-03:00;16,219999313354492;16,229999542236328;16,209999084472656;16,219999313354492;73700
2026-10-08;14:32:00;-03:00;16,209999084472656;16,229999542236328;16,209999084472656;16,219999313354492;42300
2026-10-08;14:33:00;-03:00;16,209999084472656;16,219999313354492;16,200000762939453;16,200000762939453;38300
2026-10-08;14:34:00;-03:00;16,200000762939453;16,209999084472656;16,200000762939453;16,209999084472656;9500
2026-10-08;14:35:00;-03:00;16,209999084472656;16,219999313354492;16,200000762939453;16,209999084472656;64000
2026-10-08;14:36:00;-03:00;16,209999084472656;16,219999313354492;16,200000762939453;16,219999313354492;60900
2026-10-08;14:37:00;-03:00;16,209999084472656;16,219999313354492;16,18000030517578;16,18000030517578;67900
2026-10-08;14:38:00;-03:00;16,18000030517578;16,209999084472656;16,18000030517578;16,200000762939453;72700
2026-10-08;14:39:00;-03:00;16,190000534057617;16,209999084472656;16,190000534057617;16,200000762939453;30500
2026-10-08;14:40:00;-03:00;16,209999084472656;16,229999542236328;16,200000762939453;16,229999542236328;20900
2026-10-08;14:41:00;-03:00;16,229999542236328;16,229999542236328;16,209999084472656;16,219999313354492;54400
2026-10-08;14:42:00;-03:00;16,209999084472656;16,229999542236328;16,209999084472656;16,209999084472656;76200
2026-10-08;14:43:00;-03:00;16,209999084472656;16,219999313354492;16,200000762939453;16,219999313354492;61100
2026-10-08;14:44:00;-03:00;16,219999313354492;16,229999542236328;16,209999084472656;16,209999084472656;55200
2026-10-08;14:45:00;-03:00;16,209999084472656;16,229999542236328;16,209999084472656;16,229999542236328;60600
2026-10-08;14:46:00;-03:00;16,229999542236328;16,229999542236328;16,219999313354492;16,219999313354492;19800
2026-10-08;14:47:00;-03:00;16,229999542236328;16,229999542236328;16,209999084472656;16,209999084472656;69300
2026-10-08;14:48:00;-03:00;16,209999084472656;16,219999313354492;16,200000762939453;16,209999084472656;44900
2026-10-08;14:49:00;-03:00;16,209999084472656;16,219999313354492;16,190000534057617;16,190000534057617;105400
2026-10-08;14:50:00;-03:00;16,190000534057617;16,200000762939453;16,18000030517578;16,190000534057617;54800
2026-10-08;14:51:00;-03:00;16,190000534057617;16,190000534057617;16,170000076293945;16,18000030517578;99000
2026-10-08;14:52:00;-03:00;16,15999984741211;16,18000030517578;16,15999984741211;16,18000030517578;37000
2026-10-08;14:53:00;-03:00;16,18000030517578;16,200000762939453;16,170000076293945;16,200000762939453;38400
2026-10-08;14:54:00;-03:00;16,200000762939453;16,219999313354492;16,200000762939453;16,219999313354492;44600
2026-10-08;14:55:00;-03:00;16,219999313354492;16,219999313354492;16,200000762939453;16,219999313354492;65600
2026-10-08;14:56:00;-03:00;16,219999313354492;16,229999542236328;16,209999084472656;16,229999542236328;42000
2026-10-08;14:57:00;-03:00;16,229999542236328;16,229999542236328;16,209999084472656;16,219999313354492;56100
2026-10-08;14:58:00;-03:00;16,219999313354492;16,219999313354492;16,209999084472656;16,219999313354492;22100
2026-10-08;14:59:00;-03:00;16,219999313354492;16,219999313354492;16,200000762939453;16,209999084472656;44500
2026-10-08;15:00:00;-03:00;16,209999084472656;16,229999542236328;16,200000762939453;16,229999542236328;43700
2026-10-08;15:01:00;-03:00;16,229999542236328;16,239999771118164;16,219999313354492;16,229999542236328;68600
2026-10-08;15:02:00;-03:00;16,229999542236328;16,239999771118164;16,219999313354492;16,229999542236328;58200
2026-10-08;15:03:00;-03:00;16,229999542236328;16,229999542236328;16,219999313354492;16,229999542236328;11100
2026-10-08;15:04:00;-03:00;16,229999542236328;16,229999542236328;16,200000762939453;16,209999084472656;57000
2026-10-08;15:05:00;-03:00;16,200000762939453;16,209999084472656;16,190000534057617;16,200000762939453;51000
2026-10-08;15:06:00;-03:00;16,200000762939453;16,200000762939453;16,190000534057617;16,200000762939453;20700
2026-10-08;15:07:00;-03:00;16,200000762939453;16,200000762939453;16,190000534057617;16,200000762939453;21300
2026-10-08;15:08:00;-03:00;16,200000762939453;16,200000762939453;16,190000534057617;16,200000762939453;18100
2026-10-08;15:09:00;-03:00;16,200000762939453;16,200000762939453;16,190000534057617;16,190000534057617;91300
2026-10-08;15:10:00;-03:00;16,190000534057617;16,209999084472656;16,18000030517578;16,209999084472656;141600
2026-10-08;15:11:00;-03:00;16,200000762939453;16,209999084472656;16,170000076293945;16,18000030517578;84300
2026-10-08;15:12:00;-03:00;16,170000076293945;16,190000534057617;16,170000076293945;16,190000534057617;66900
2026-10-08;15:13:00;-03:00;16,190000534057617;16,200000762939453;16,18000030517578;16,190000534057617;52900
2026-10-08;15:14:00;-03:00;16,190000534057617;16,190000534057617;16,18000030517578;16,190000534057617;7900
2026-10-08;15:15:00;-03:00;16,18000030517578;16,200000762939453;16,18000030517578;16,200000762939453;30100
2026-10-08;15:16:00;-03:00;16,190000534057617;16,209999084472656;16,18000030517578;16,200000762939453;79600
2026-10-08;15:17:00;-03:00;16,200000762939453;16,200000762939453;16,18000030517578;16,190000534057617;51100
2026-10-08;15:18:00;-03:00;16,18000030517578;16,190000534057617;16,170000076293945;16,18000030517578;36500
2026-10-08;15:19:00;-03:00;16,18000030517578;16,190000534057617;16,170000076293945;16,190000534057617;61900
2026-10-08;15:20:00;-03:00;16,190000534057617;16,190000534057617;16,170000076293945;16,170000076293945;55900
2026-10-08;15:21:00;-03:00;16,170000076293945;16,18000030517578;16,170000076293945;16,18000030517578;14700
2026-10-08;15:22:00;-03:00;16,18000030517578;16,18000030517578;16,15999984741211;16,18000030517578;77600
2026-10-08;15:23:00;-03:00;16,190000534057617;16,190000534057617;16,170000076293945;16,190000534057617;46304600
2026-10-08;15:24:00;-03:00;16,18000030517578;16,18000030517578;16,170000076293945;16,18000030517578;34700
2026-10-08;15:25:00;-03:00;16,18000030517578;16,190000534057617;16,170000076293945;16,18000030517578;68600
2026-10-08;15:26:00;-03:00;16,170000076293945;16,190000534057617;16,170000076293945;16,18000030517578;56300
2026-10-08;15:27:00;-03:00;16,18000030517578;16,18000030517578;16,170000076293945;16,18000030517578;8100
2026-10-08;15:28:00;-03:00;16,170000076293945;16,18000030517578;16,15999984741211;16,170000076293945;48100
2026-10-08;15:29:00;-03:00;16,170000076293945;16,18000030517578;16,15999984741211;16,15999984741211;61500
2026-10-08;15:30:00;-03:00;16,15999984741211;16,170000076293945;16,15999984741211;16,170000076293945;13000
2026-10-08;15:31:00;-03:00;16,170000076293945;16,170000076293945;16,15999984741211;16,170000076293945;17200
2026-10-08;15:32:00;-03:00;16,170000076293945;16,18000030517578;16,15999984741211;16,18000030517578;43300
2026-10-08;15:33:00;-03:00;16,18000030517578;16,18000030517578;16,170000076293945;16,18000030517578;13300
2026-10-08;15:34:00;-03:00;16,18000030517578;16,18000030517578;16,170000076293945;16,18000030517578;32600
2026-10-08;15:35:00;-03:00;16,18000030517578;16,18000030517578;16,170000076293945;16,18000030517578;37600
2026-10-08;15:36:00;-03:00;16,170000076293945;16,18000030517578;16,170000076293945;16,18000030517578;26800
2026-10-08;15:37:00;-03:00;16,18000030517578;16,18000030517578;16,170000076293945;16,18000030517578;29000
2026-10-08;15:38:00;-03:00;16,18000030517578;16,18000030517578;16,15999984741211;16,170000076293945;93800
2026-10-08;15:39:00;-03:00;16,15999984741211;16,170000076293945;16,149999618530273;16,15999984741211;59700
2026-10-08;15:40:00;-03:00;16,170000076293945;16,170000076293945;16,15999984741211;16,170000076293945;13200
2026-10-08;15:41:00;-03:00;16,170000076293945;16,170000076293945;16,15999984741211;16,170000076293945;13200
2026-10-08;15:42:00;-03:00;16,170000076293945;16,18000030517578;16,15999984741211;16,170000076293945;111800
2026-10-08;15:43:00;-03:00;16,170000076293945;16,170000076293945;16,15999984741211;16,170000076293945;39000
2026-10-08;15:44:00;-03:00;16,15999984741211;16,18000030517578;16,15999984741211;16,18000030517578;67800
2026-10-08;15:45:00;-03:00;16,18000030517578;16,18000030517578;16,170000076293945;16,18000030517578;18700
2026-10-08;15:46:00;-03:00;16,18000030517578;16,18000030517578;16,15999984741211;16,18000030517578;129200
2026-10-08;15:47:00;-03:00;16,18000030517578;16,18000030517578;16,15999984741211;16,170000076293945;99200
2026-10-08;15:48:00;-03:00;16,170000076293945;16,18000030517578;16,170000076293945;16,170000076293945;38200
2026-10-08;15:49:00;-03:00;16,170000076293945;16,190000534057617;16,170000076293945;16,190000534057617;51300
2026-10-08;15:50:00;-03:00;16,190000534057617;16,200000762939453;16,18000030517578;16,190000534057617;111600
2026-10-08;15:51:00;-03:00;16,190000534057617;16,190000534057617;16,170000076293945;16,170000076293945;503400
2026-10-08;15:52:00;-03:00;16,170000076293945;16,18000030517578;16,15999984741211;16,170000076293945;40000
2026-10-08;15:53:00;-03:00;16,15999984741211;16,18000030517578;16,15999984741211;16,15999984741211;115600
2026-10-08;15:54:00;-03:00;16,15999984741211;16,170000076293945;16,149999618530273;16,15999984741211;49400
2026-10-08;15:55:00;-03:00;16,15999984741211;16,15999984741211;16,149999618530273;16,149999618530273;9500
2026-10-08;15:56:00;-03:00;16,15999984741211;16,18000030517578;16,149999618530273;16,18000030517578;186500
2026-10-08;15:57:00;-03:00;16,170000076293945;16,170000076293945;16,139999389648438;16,139999389648438;591600
2026-10-08;15:58:00;-03:00;16,139999389648438;16,15999984741211;16,139999389648438;16,15999984741211;88500
2026-10-08;15:59:00;-03:00;16,15999984741211;16,15999984741211;16,139999389648438;16,149999618530273;43800
2026-10-08;16:00:00;-03:00;16,15999984741211;16,15999984741211;16,139999389648438;16,15999984741211;43400
2026-10-08;16:01:00;-03:00;16,15999984741211;16,170000076293945;16,149999618530273;16,170000076293945;44100
2026-10-08;16:02:00;-03:00;16,170000076293945;16,170000076293945;16,139999389648438;16,139999389648438;48700
2026-10-08;16:03:00;-03:00;16,139999389648438;16,149999618530273;16,1299991607666;16,149999618530273;61500
2026-10-08;16:04:00;-03:00;16,139999389648438;16,15999984741211;16,139999389648438;16,15999984741211;24200
2026-10-08;16:05:00;-03:00;16,15999984741211;16,15999984741211;16,149999618530273;16,15999984741211;16400
2026-10-08;16:06:00;-03:00;16,15999984741211;16,170000076293945;16,149999618530273;16,170000076293945;47400
2026-10-08;16:07:00;-03:00;16,170000076293945;16,170000076293945;16,15999984741211;16,170000076293945;27800
2026-10-08;16:08:00;-03:00;16,170000076293945;16,190000534057617;16,15999984741211;16,190000534057617;186200
2026-10-08;16:09:00;-03:00;16,190000534057617;16,190000534057617;16,170000076293945;16,18000030517578;246700
2026-10-08;16:10:00;-03:00;16,18000030517578;16,18000030517578;16,15999984741211;16,170000076293945;43900
2026-10-08;16:11:00;-03:00;16,170000076293945;16,18000030517578;16,170000076293945;16,18000030517578;18500
2026-10-08;16:12:00;-03:00;16,18000030517578;16,190000534057617;16,170000076293945;16,170000076293945;83900
2026-10-08;16:13:00;-03:00;16,170000076293945;16,190000534057617;16,170000076293945;16,18000030517578;139200
2026-10-08;16:14:00;-03:00;16,18000030517578;16,190000534057617;16,18000030517578;16,190000534057617;40800
2026-10-08;16:15:00;-03:00;16,190000534057617;16,200000762939453;16,18000030517578;16,200000762939453;64500
2026-10-08;16:16:00;-03:00;16,200000762939453;16,200000762939453;16,18000030517578;16,190000534057617;63600
2026-10-08;16:17:00;-03:00;16,190000534057617;16,200000762939453;16,18000030517578;16,200000762939453;45800
2026-10-08;16:18:00;-03:00;16,190000534057617;16,200000762939453;16,15999984741211;16,15999984741211;200100
2026-10-08;16:19:00;-03:00;16,170000076293945;16,170000076293945;16,15999984741211;16,170000076293945;25800
2026-10-08;16:20:00;-03:00;16,170000076293945;16,18000030517578;16,15999984741211;16,18000030517578;114100
2026-10-08;16:21:00;-03:00;16,18000030517578;16,190000534057617;16,170000076293945;16,190000534057617;44100
2026-10-08;16:22:00;-03:00;16,190000534057617;16,190000534057617;16,170000076293945;16,190000534057617;59000
2026-10-08;16:23:00;-03:00;16,190000534057617;16,190000534057617;16,170000076293945;16,18000030517578;209000
2026-10-08;16:24:00;-03:00;16,18000030517578;16,190000534057617;16,170000076293945;16,190000534057617;32400
2026-10-08;16:25:00;-03:00;16,190000534057617;16,190000534057617;16,18000030517578;16,190000534057617;13000
2026-10-08;16:26:00;-03:00;16,190000534057617;16,200000762939453;16,18000030517578;16,18000030517578;153200
2026-10-08;16:27:00;-03:00;16,18000030517578;16,190000534057617;16,18000030517578;16,18000030517578;12900
2026-10-08;16:28:00;-03:00;16,190000534057617;16,190000534057617;16,170000076293945;16,170000076293945;70800
2026-10-08;16:29:00;-03:00;16,170000076293945;16,190000534057617;16,170000076293945;16,190000534057617;51000
2026-10-08;16:30:00;-03:00;16,18000030517578;16,190000534057617;16,170000076293945;16,170000076293945;92300
2026-10-08;16:31:00;-03:00;16,170000076293945;16,190000534057617;16,170000076293945;16,190000534057617;34000
2026-10-08;16:32:00;-03:00;16,18000030517578;16,190000534057617;16,170000076293945;16,18000030517578;73000
2026-10-08;16:33:00;-03:00;16,18000030517578;16,18000030517578;16,170000076293945;16,18000030517578;29900
2026-10-08;16:34:00;-03:00;16,18000030517578;16,18000030517578;16,15999984741211;16,15999984741211;62000
2026-10-08;16:35:00;-03:00;16,170000076293945;16,18000030517578;16,15999984741211;16,170000076293945;84400
2026-10-08;16:36:00;-03:00;16,18000030517578;16,18000030517578;16,139999389648438;16,139999389648438;110200
2026-10-08;16:37:00;-03:00;16,139999389648438;16,149999618530273;16,1299991607666;16,139999389648438;128500
2026-10-08;16:38:00;-03:00;16,139999389648438;16,15999984741211;16,139999389648438;16,149999618530273;56300
2026-10-08;16:39:00;-03:00;16,15999984741211;16,15999984741211;16,139999389648438;16,149999618530273;73400
2026-10-08;16:40:00;-03:00;16,15999984741211;16,170000076293945;16,149999618530273;16,15999984741211;96100
2026-10-08;16:41:00;-03:00;16,170000076293945;16,170000076293945;16,149999618530273;16,149999618530273;129300
2026-10-08;16:42:00;-03:00;16,149999618530273;16,18000030517578;16,149999618530273;16,170000076293945;174500
2026-10-08;16:43:00;-03:00;16,170000076293945;16,170000076293945;16,15999984741211;16,15999984741211;82700
2026-10-08;16:44:00;-03:00;16,15999984741211;16,15999984741211;16,149999618530273;16,149999618530273;45600
2026-10-08;16:45:00;-03:00;16,15999984741211;16,15999984741211;16,139999389648438;16,149999618530273;76700
2026-10-08;16:46:00;-03:00;16,149999618530273;16,149999618530273;16,139999389648438;16,139999389648438;149100
2026-10-08;16:47:00;-03:00;16,149999618530273;16,149999618530273;16,1299991607666;16,139999389648438;282400
2026-10-08;16:48:00;-03:00;16,1299991607666;16,139999389648438;16,1299991607666;16,139999389648438;68700
2026-10-08;16:49:00;-03:00;16,139999389648438;16,149999618530273;16,1299991607666;16,139999389648438;130700
2026-10-08;16:50:00;-03:00;16,139999389648438;16,149999618530273;16,1299991607666;16,139999389648438;64400
2026-10-08;16:51:00;-03:00;16,139999389648438;16,139999389648438;16,1200008392334;16,139999389648438;110800
2026-10-08;16:52:00;-03:00;16,139999389648438;16,139999389648438;16,1299991607666;16,139999389648438;56900
2026-10-08;16:53:00;-03:00;16,139999389648438;16,139999389648438;16,1200008392334;16,1299991607666;95500
2026-10-08;16:54:00;-03:00;16,1200008392334;16,139999389648438;16,09000015258789;16,09000015258789;186600
2026-10-09;10:03:00;-03:00;16,18000030517578;16,200000762939453;16,15999984741211;16,18000030517578;0
2026-10-09;10:04:00;-03:00;16,190000534057617;16,200000762939453;16,18000030517578;16,200000762939453;56700
2026-10-09;10:05:00;-03:00;16,200000762939453;16,200000762939453;16,170000076293945;16,170000076293945;31500
2026-10-09;10:06:00;-03:00;16,15999984741211;16,170000076293945;16,15999984741211;16,170000076293945;44500
2026-10-09;10:07:00;-03:00;16,15999984741211;16,170000076293945;16,139999389648438;16,170000076293945;18600
2026-10-09;10:08:00;-03:00;16,170000076293945;16,190000534057617;16,170000076293945;16,190000534057617;43200
2026-10-09;10:09:00;-03:00;16,18000030517578;16,209999084472656;16,170000076293945;16,209999084472656;281100
2026-10-09;10:10:00;-03:00;16,219999313354492;16,260000228881836;16,219999313354492;16,239999771118164;88600
2026-10-09;10:11:00;-03:00;16,239999771118164;16,25;16,219999313354492;16,219999313354492;43400
2026-10-09;10:12:00;-03:00;16,239999771118164;16,260000228881836;16,229999542236328;16,239999771118164;65300
2026-10-09;10:13:00;-03:00;16,239999771118164;16,260000228881836;16,239999771118164;16,260000228881836;54500
2026-10-09;10:14:00;-03:00;16,260000228881836;16,280000686645508;16,229999542236328;16,260000228881836;107300
2026-10-09;10:15:00;-03:00;16,25;16,270000457763672;16,239999771118164;16,270000457763672;35500
2026-10-09;10:16:00;-03:00;16,270000457763672;16,280000686645508;16,25;16,280000686645508;78000
2026-10-09;10:17:00;-03:00;16,280000686645508;16,290000915527344;16,260000228881836;16,290000915527344;97900
2026-10-09;10:18:00;-03:00;16,290000915527344;16,290000915527344;16,280000686645508;16,290000915527344;12700
2026-10-09;10:19:00;-03:00;16,290000915527344;16,290000915527344;16,239999771118164;16,239999771118164;50800
2026-10-09;10:20:00;-03:00;16,229999542236328;16,239999771118164;16,200000762939453;16,209999084472656;107800
2026-10-09;10:21:00;-03:00;16,209999084472656;16,219999313354492;16,170000076293945;16,190000534057617;97000
2026-10-09;10:22:00;-03:00;16,200000762939453;16,209999084472656;16,18000030517578;16,18000030517578;45600
2026-10-09;10:23:00;-03:00;16,190000534057617;16,209999084472656;16,18000030517578;16,190000534057617;136000
2026-10-09;10:24:00;-03:00;16,200000762939453;16,229999542236328;16,200000762939453;16,219999313354492;82300
2026-10-09;10:25:00;-03:00;16,219999313354492;16,229999542236328;16,209999084472656;16,209999084472656;30300
2026-10-09;10:26:00;-03:00;16,209999084472656;16,209999084472656;16,18000030517578;16,200000762939453;47300
2026-10-09;10:27:00;-03:00;16,209999084472656;16,219999313354492;16,200000762939453;16,209999084472656;64700
2026-10-09;10:28:00;-03:00;16,219999313354492;16,239999771118164;16,209999084472656;16,219999313354492;45000
2026-10-09;10:29:00;-03:00;16,229999542236328;16,239999771118164;16,209999084472656;16,209999084472656;43800
2026-10-09;10:30:00;-03:00;16,200000762939453;16,200000762939453;16,100000381469727;16,110000610351562;135200
2026-10-09;10:31:00;-03:00;16,110000610351562;16,1200008392334;16,09000015258789;16,110000610351562;125800
2026-10-09;10:32:00;-03:00;16,100000381469727;16,100000381469727;16,049999237060547;16,09000015258789;182000
2026-10-09;10:33:00;-03:00;16,09000015258789;16,100000381469727;16,079999923706055;16,100000381469727;94100
2026-10-09;10:34:00;-03:00;16,100000381469727;16,100000381469727;16,06999969482422;16,06999969482422;55600
2026-10-09;10:35:00;-03:00;16,06999969482422;16,09000015258789;16,06999969482422;16,079999923706055;200900
2026-10-09;10:36:00;-03:00;16,079999923706055;16,110000610351562;16,079999923706055;16,100000381469727;131300
2026-10-09;10:37:00;-03:00;16,100000381469727;16,100000381469727;16,049999237060547;16,049999237060547;103900
2026-10-09;10:38:00;-03:00;16,059999465942383;16,059999465942383;16,030000686645508;16,040000915527344;111900
2026-10-09;10:39:00;-03:00;16,040000915527344;16,040000915527344;16,010000228881836;16,030000686645508;133300
2026-10-09;10:40:00;-03:00;16,030000686645508;16,049999237060547;16,020000457763672;16,040000915527344;58500
2026-10-09;10:41:00;-03:00;16,049999237060547;16,09000015258789;16,040000915527344;16,09000015258789;217900
2026-10-09;10:42:00;-03:00;16,09000015258789;16,110000610351562;16,079999923706055;16,09000015258789;179200
2026-10-09;10:43:00;-03:00;16,079999923706055;16,1200008392334;16,06999969482422;16,110000610351562;158000
2026-10-09;10:44:00;-03:00;16,1200008392334;16,1200008392334;16,079999923706055;16,100000381469727;87200
2026-10-09;10:45:00;-03:00;16,100000381469727;16,1299991607666;16,100000381469727;16,110000610351562;121400
2026-10-09;10:46:00;-03:00;16,110000610351562;16,139999389648438;16,100000381469727;16,139999389648438;94800
2026-10-09;10:47:00;-03:00;16,139999389648438;16,149999618530273;16,1299991607666;16,149999618530273;137400
2026-10-09;10:48:00;-03:00;16,149999618530273;16,15999984741211;16,1299991607666;16,1299991607666;92200
2026-10-09;10:49:00;-03:00;16,1299991607666;16,15999984741211;16,1299991607666;16,149999618530273;119600
2026-10-09;10:50:00;-03:00;16,139999389648438;16,18000030517578;16,139999389648438;16,170000076293945;76800
2026-10-09;10:51:00;-03:00;16,170000076293945;16,170000076293945;16,149999618530273;16,15999984741211;45600
2026-10-09;10:52:00;-03:00;16,15999984741211;16,15999984741211;16,139999389648438;16,149999618530273;61700
2026-10-09;10:53:00;-03:00;16,149999618530273;16,18000030517578;16,149999618530273;16,170000076293945;54500
2026-10-09;10:54:00;-03:00;16,170000076293945;16,18000030517578;16,170000076293945;16,170000076293945;24000
2026-10-09;10:55:00;-03:00;16,18000030517578;16,18000030517578;16,170000076293945;16,18000030517578;9400
2026-10-09;10:56:00;-03:00;16,170000076293945;16,190000534057617;16,15999984741211;16,18000030517578;39300
2026-10-09;10:57:00;-03:00;16,190000534057617;16,200000762939453;16,190000534057617;16,190000534057617;43800
2026-10-09;10:58:00;-03:00;16,190000534057617;16,209999084472656;16,190000534057617;16,200000762939453;108000
2026-10-09;10:59:00;-03:00;16,200000762939453;16,209999084472656;16,149999618530273;16,15999984741211;276300
2026-10-09;11:00:00;-03:00;16,15999984741211;16,170000076293945;16,149999618530273;16,15999984741211;1214800
2026-10-09;11:01:00;-03:00;16,149999618530273;16,15999984741211;16,1200008392334;16,1200008392334;66400
2026-10-09;11:02:00;-03:00;16,1200008392334;16,139999389648438;16,100000381469727;16,139999389648438;52700
2026-10-09;11:03:00;-03:00;16,1299991607666;16,139999389648438;16,09000015258789;16,100000381469727;107200
2026-10-09;11:04:00;-03:00;16,100000381469727;16,1200008392334;16,09000015258789;16,100000381469727;92600
2026-10-09;11:05:00;-03:00;16,100000381469727;16,100000381469727;16,06999969482422;16,09000015258789;52700
2026-10-09;11:06:00;-03:00;16,079999923706055;16,100000381469727;16,059999465942383;16,100000381469727;146400
2026-10-09;11:07:00;-03:00;16,100000381469727;16,100000381469727;16,09000015258789;16,09000015258789;73200
2026-10-09;11:08:00;-03:00;16,09000015258789;16,1200008392334;16,06999969482422;16,110000610351562;104900
2026-10-09;11:09:00;-03:00;16,110000610351562;16,1200008392334;16,09000015258789;16,1200008392334;61000
2026-10-09;11:10:00;-03:00;16,1200008392334;16,149999618530273;16,110000610351562;16,149999618530273;315400
2026-10-09;11:11:00;-03:00;16,149999618530273;16,149999618530273;16,110000610351562;16,1200008392334;175500
2026-10-09;11:12:00;-03:00;16,110000610351562;16,1200008392334;16,100000381469727;16,100000381469727;152100
2026-10-09;11:13:00;-03:00;16,100000381469727;16,1200008392334;16,100000381469727;16,110000610351562;110400
2026-10-09;11:14:00;-03:00;16,100000381469727;16,110000610351562;16,100000381469727;16,100000381469727;21800
2026-10-09;11:15:00;-03:00;16,100000381469727;16,1200008392334;16,09000015258789;16,100000381469727;569400
2026-10-09;11:16:00;-03:00;16,100000381469727;16,100000381469727;16,09000015258789;16,09000015258789;97300
2026-10-09;11:17:00;-03:00;16,09000015258789;16,110000610351562;16,059999465942383;16,059999465942383;336300
2026-10-09;11:18:00;-03:00;16,059999465942383;16,079999923706055;16,059999465942383;16,06999969482422;68600
2026-10-09;11:19:00;-03:00;16,079999923706055;16,079999923706055;16,06999969482422;16,06999969482422;78100
2026-10-09;11:20:00;-03:00;16,06999969482422;16,079999923706055;16,059999465942383;16,06999969482422;145500
2026-10-09;11:21:00;-03:00;16,059999465942383;16,059999465942383;16,030000686645508;16,049999237060547;83800
2026-10-09;11:22:00;-03:00;16,059999465942383;16,06999969482422;16,059999465942383;16,06999969482422;113100
2026-10-09;11:23:00;-03:00;16,06999969482422;16,079999923706055;16,049999237060547;16,06999969482422;335800
2026-10-09;11:24:00;-03:00;16,059999465942383;16,06999969482422;16,040000915527344;16,049999237060547;110300
2026-10-09;11:25:00;-03:00;16,049999237060547;16,06999969482422;16,030000686645508;16,06999969482422;109900
2026-10-09;11:26:00;-03:00;16,059999465942383;16,110000610351562;16,059999465942383;16,100000381469727;901700
2026-10-09;11:27:00;-03:00;16,100000381469727;16,110000610351562;16,06999969482422;16,079999923706055;179800
2026-10-09;11:28:00;-03:00;16,079999923706055;16,100000381469727;16,06999969482422;16,100000381469727;606000
2026-10-09;11:29:00;-03:00;16,09000015258789;16,100000381469727;16,079999923706055;16,079999923706055;180200
2026-10-09;11:30:00;-03:00;16,09000015258789;16,100000381469727;16,079999923706055;16,09000015258789;119900
2026-10-09;11:31:00;-03:00;16,09000015258789;16,100000381469727;16,079999923706055;16,09000015258789;139400
2026-10-09;11:32:00;-03:00;16,09000015258789;16,09000015258789;16,06999969482422;16,06999969482422;190600
2026-10-09;11:33:00;-03:00;16,06999969482422;16,079999923706055;16,049999237060547;16,079999923706055;76300
2026-10-09;11:34:00;-03:00;16,079999923706055;16,100000381469727;16,079999923706055;16,100000381469727;573800
2026-10-09;11:35:00;-03:00;16,100000381469727;16,139999389648438;16,100000381469727;16,1200008392334;549900
2026-10-09;11:36:00;-03:00;16,1200008392334;16,139999389648438;16,110000610351562;16,110000610351562;119900
2026-10-09;11:37:00;-03:00;16,1200008392334;16,1200008392334;16,100000381469727;16,100000381469727;118000
2026-10-09;11:38:00;-03:00;16,100000381469727;16,110000610351562;16,09000015258789;16,100000381469727;129200
2026-10-09;11:39:00;-03:00;16,100000381469727;16,170000076293945;16,100000381469727;16,170000076293945;691500
2026-10-09;11:40:00;-03:00;16,170000076293945;16,190000534057617;16,149999618530273;16,15999984741211;2888700
2026-10-09;11:41:00;-03:00;16,170000076293945;16,190000534057617;16,15999984741211;16,190000534057617;184900
2026-10-09;11:42:00;-03:00;16,18000030517578;16,229999542236328;16,18000030517578;16,209999084472656;1365600
2026-10-09;11:43:00;-03:00;16,209999084472656;16,239999771118164;16,200000762939453;16,239999771118164;537100
2026-10-09;11:44:00;-03:00;16,239999771118164;16,25;16,219999313354492;16,25;170400
2026-10-09;11:45:00;-03:00;16,25;16,299999237060547;16,25;16,25;2419900
2026-10-09;11:46:00;-03:00;16,25;16,260000228881836;16,229999542236328;16,260000228881836;0
2026-10-09;11:47:00;-03:00;16,260000228881836;16,260000228881836;16,200000762939453;16,200000762939453;2165400
2026-10-09;11:48:00;-03:00;16,200000762939453;16,209999084472656;16,190000534057617;16,190000534057617;53400
2026-10-09;11:49:00;-03:00;16,190000534057617;16,190000534057617;16,15999984741211;16,170000076293945;44500
2026-10-09;11:50:00;-03:00;16,170000076293945;16,170000076293945;16,139999389648438;16,15999984741211;59900
2026-10-09;11:51:00;-03:00;16,149999618530273;16,15999984741211;16,139999389648438;16,149999618530273;113200
2026-10-09;11:52:00;-03:00;16,149999618530273;16,170000076293945;16,139999389648438;16,149999618530273;47400
2026-10-09;11:53:00;-03:00;16,139999389648438;16,149999618530273;16,139999389648438;16,149999618530273;23300
2026-10-09;11:54:00;-03:00;16,139999389648438;16,149999618530273;16,1299991607666;16,1299991607666;2813000
2026-10-09;11:55:00;-03:00;16,139999389648438;16,139999389648438;16,1299991607666;16,1299991607666;76900
2026-10-09;11:56:00;-03:00;16,139999389648438;16,139999389648438;16,1200008392334;16,1200008392334;42200
2026-10-09;11:57:00;-03:00;16,1200008392334;16,1200008392334;16,100000381469727;16,100000381469727;55000
2026-10-09;11:58:00;-03:00;16,110000610351562;16,1299991607666;16,100000381469727;16,100000381469727;115100
2026-10-09;11:59:00;-03:00;16,100000381469727;16,110000610351562;16,100000381469727;16,100000381469727;23700
2026-10-09;12:00:00;-03:00;16,100000381469727;16,139999389648438;16,100000381469727;16,1299991607666;63700
2026-10-09;12:01:00;-03:00;16,1299991607666;16,139999389648438;16,09000015258789;16,110000610351562;90200
2026-10-09;12:02:00;-03:00;16,1200008392334;16,139999389648438;16,110000610351562;16,1299991607666;70500
2026-10-09;12:03:00;-03:00;16,1299991607666;16,1299991607666;16,100000381469727;16,1200008392334;61100
2026-10-09;12:04:00;-03:00;16,110000610351562;16,1299991607666;16,09000015258789;16,110000610351562;72500
2026-10-09;12:05:00;-03:00;16,110000610351562;16,1200008392334;16,100000381469727;16,1200008392334;45100
2026-10-09;12:06:00;-03:00;16,1200008392334;16,139999389648438;16,1200008392334;16,1200008392334;25500
2026-10-09;12:07:00;-03:00;16,1200008392334;16,1200008392334;16,110000610351562;16,110000610351562;49900
2026-10-09;12:08:00;-03:00;16,110000610351562;16,1200008392334;16,100000381469727;16,110000610351562;48000
2026-10-09;12:09:00;-03:00;16,100000381469727;16,110000610351562;16,100000381469727;16,110000610351562;49000
2026-10-09;12:10:00;-03:00;16,100000381469727;16,1200008392334;16,100000381469727;16,110000610351562;71500
2026-10-09;12:11:00;-03:00;16,1200008392334;16,149999618530273;16,110000610351562;16,139999389648438;104000
2026-10-09;12:12:00;-03:00;16,139999389648438;16,149999618530273;16,139999389648438;16,149999618530273;41700
2026-10-09;12:13:00;-03:00;16,139999389648438;16,170000076293945;16,139999389648438;16,170000076293945;51100
2026-10-09;12:14:00;-03:00;16,170000076293945;16,170000076293945;16,149999618530273;16,149999618530273;26300
2026-10-09;12:15:00;-03:00;16,149999618530273;16,15999984741211;16,149999618530273;16,149999618530273;108700
2026-10-09;12:16:00;-03:00;16,15999984741211;16,170000076293945;16,149999618530273;16,15999984741211;127600
2026-10-09;12:17:00;-03:00;16,15999984741211;16,170000076293945;16,139999389648438;16,170000076293945;192100
2026-10-09;12:18:00;-03:00;16,170000076293945;16,170000076293945;16,139999389648438;16,149999618530273;89000
2026-10-09;12:19:00;-03:00;16,139999389648438;16,139999389648438;16,1299991607666;16,1299991607666;74000
2026-10-09;12:20:00;-03:00;16,139999389648438;16,139999389648438;16,1200008392334;16,1299991607666;39500
2026-10-09;12:21:00;-03:00;16,1299991607666;16,139999389648438;16,1299991607666;16,139999389648438;66500
2026-10-09;12:22:00;-03:00;16,139999389648438;16,149999618530273;16,1299991607666;16,139999389648438;80800
2026-10-09;12:23:00;-03:00;16,139999389648438;16,15999984741211;16,139999389648438;16,15999984741211;32100
2026-10-09;12:24:00;-03:00;16,149999618530273;16,149999618530273;16,139999389648438;16,149999618530273;35000
2026-10-09;12:25:00;-03:00;16,139999389648438;16,149999618530273;16,139999389648438;16,139999389648438;41000
2026-10-09;12:26:00;-03:00;16,149999618530273;16,15999984741211;16,139999389648438;16,149999618530273;74000
2026-10-09;12:27:00;-03:00;16,149999618530273;16,15999984741211;16,139999389648438;16,15999984741211;38300
2026-10-09;12:28:00;-03:00;16,15999984741211;16,15999984741211;16,1200008392334;16,1299991607666;68100
2026-10-09;12:29:00;-03:00;16,1299991607666;16,139999389648438;16,1200008392334;16,1200008392334;20700
2026-10-09;12:30:00;-03:00;16,1200008392334;16,1299991607666;16,110000610351562;16,1200008392334;65300
2026-10-09;12:31:00;-03:00;16,110000610351562;16,1299991607666;16,110000610351562;16,110000610351562;122100
2026-10-09;12:32:00;-03:00;16,1200008392334;16,15999984741211;16,1200008392334;16,15999984741211;69200
2026-10-09;12:33:00;-03:00;16,149999618530273;16,149999618530273;16,139999389648438;16,139999389648438;25900
2026-10-09;12:34:00;-03:00;16,139999389648438;16,139999389648438;16,1299991607666;16,139999389648438;19700
2026-10-09;12:35:00;-03:00;16,139999389648438;16,139999389648438;16,1200008392334;16,1200008392334;56400
2026-10-09;12:36:00;-03:00;16,1200008392334;16,1299991607666;16,110000610351562;16,1299991607666;102800
2026-10-09;12:37:00;-03:00;16,1299991607666;16,1299991607666;16,110000610351562;16,1200008392334;33600
2026-10-09;12:38:00;-03:00;16,1299991607666;16,1299991607666;16,1200008392334;16,1299991607666;31400
2026-10-09;12:39:00;-03:00;16,1200008392334;16,1299991607666;16,1200008392334;16,1299991607666;10600
2026-10-09;12:40:00;-03:00;16,1200008392334;16,1299991607666;16,100000381469727;16,100000381469727;94900
2026-10-09;12:41:00;-03:00;16,100000381469727;16,110000610351562;16,09000015258789;16,09000015258789;42200
2026-10-09;12:42:00;-03:00;16,09000015258789;16,110000610351562;16,09000015258789;16,09000015258789;63700
2026-10-09;12:43:00;-03:00;16,100000381469727;16,100000381469727;16,09000015258789;16,09000015258789;33900
2026-10-09;12:44:00;-03:00;16,09000015258789;16,100000381469727;16,079999923706055;16,100000381469727;36800
2026-10-09;12:45:00;-03:00;16,09000015258789;16,100000381469727;16,079999923706055;16,09000015258789;59200
2026-10-09;12:46:00;-03:00;16,100000381469727;16,1200008392334;16,100000381469727;16,110000610351562;66600
2026-10-09;12:47:00;-03:00;16,110000610351562;16,1200008392334;16,100000381469727;16,110000610351562;51200
2026-10-09;12:48:00;-03:00;16,110000610351562;16,1200008392334;16,100000381469727;16,100000381469727;37300
2026-10-09;12:49:00;-03:00;16,100000381469727;16,110000610351562;16,09000015258789;16,110000610351562;62900
2026-10-09;12:50:00;-03:00;16,100000381469727;16,1200008392334;16,100000381469727;16,1200008392334;27800
2026-10-09;12:51:00;-03:00;16,1200008392334;16,1299991607666;16,110000610351562;16,1299991607666;38300
2026-10-09;12:52:00;-03:00;16,1299991607666;16,1299991607666;16,100000381469727;16,100000381469727;32400
2026-10-09;12:53:00;-03:00;16,100000381469727;16,110000610351562;16,100000381469727;16,110000610351562;61300
2026-10-09;12:54:00;-03:00;16,100000381469727;16,1200008392334;16,100000381469727;16,1200008392334;22900
2026-10-09;12:55:00;-03:00;16,110000610351562;16,110000610351562;16,100000381469727;16,100000381469727;26700
2026-10-09;12:56:00;-03:00;16,100000381469727;16,1200008392334;16,100000381469727;16,100000381469727;70100
2026-10-09;12:57:00;-03:00;16,100000381469727;16,100000381469727;16,09000015258789;16,09000015258789;42100
2026-10-09;12:58:00;-03:00;16,09000015258789;16,110000610351562;16,09000015258789;16,100000381469727;56700
2026-10-09;12:59:00;-03:00;16,100000381469727;16,110000610351562;16,06999969482422;16,079999923706055;72600
2026-10-09;13:00:00;-03:00;16,06999969482422;16,079999923706055;16,059999465942383;16,06999969482422;106300
2026-10-09;13:01:00;-03:00;16,06999969482422;16,079999923706055;16,06999969482422;16,06999969482422;27900
2026-10-09;13:02:00;-03:00;16,06999969482422;16,079999923706055;16,06999969482422;16,06999969482422;49200
2026-10-09;13:03:00;-03:00;16,06999969482422;16,079999923706055;16,06999969482422;16,06999969482422;26200
2026-10-09;13:04:00;-03:00;16,079999923706055;16,09000015258789;16,06999969482422;16,09000015258789;149900
2026-10-09;13:05:00;-03:00;16,079999923706055;16,09000015258789;16,06999969482422;16,079999923706055;64600
2026-10-09;13:06:00;-03:00;16,079999923706055;16,09000015258789;16,06999969482422;16,09000015258789;39900
2026-10-09;13:07:00;-03:00;16,079999923706055;16,09000015258789;16,079999923706055;16,079999923706055;13600
2026-10-09;13:08:00;-03:00;16,079999923706055;16,09000015258789;16,079999923706055;16,079999923706055;17500
2026-10-09;13:09:00;-03:00;16,079999923706055;16,09000015258789;16,079999923706055;16,079999923706055;22100
2026-10-09;13:10:00;-03:00;16,079999923706055;16,100000381469727;16,079999923706055;16,100000381469727;61400
2026-10-09;13:11:00;-03:00;16,100000381469727;16,100000381469727;16,079999923706055;16,079999923706055;56500
2026-10-09;13:12:00;-03:00;16,079999923706055;16,100000381469727;16,079999923706055;16,09000015258789;42700
2026-10-09;13:13:00;-03:00;16,09000015258789;16,100000381469727;16,079999923706055;16,079999923706055;21200
2026-10-09;13:14:00;-03:00;16,079999923706055;16,09000015258789;16,06999969482422;16,079999923706055;62200
2026-10-09;13:15:00;-03:00;16,079999923706055;16,079999923706055;16,06999969482422;16,06999969482422;26200
2026-10-09;13:16:00;-03:00;16,06999969482422;16,079999923706055;16,06999969482422;16,06999969482422;65100
2026-10-09;13:17:00;-03:00;16,079999923706055;16,09000015258789;16,079999923706055;16,079999923706055;31300
2026-10-09;13:18:00;-03:00;16,079999923706055;16,09000015258789;16,049999237060547;16,059999465942383;1302900
2026-10-09;13:19:00;-03:00;16,059999465942383;16,079999923706055;16,059999465942383;16,079999923706055;42200
2026-10-09;13:20:00;-03:00;16,059999465942383;16,059999465942383;16,059999465942383;16,059999465942383;0
