Data;Hora;Fuso;Open;High;Low;Close;Volume
2026-09-28;10:03:00;-03:00;18,559999465942383;18,639999389648438;18,559999465942383;18,59000015258789;0
2026-09-28;10:04:00;-03:00;18,56999969482422;18,56999969482422;18,469999313354492;18,5;33800
2026-09-28;10:05:00;-03:00;18,489999771118164;18,510000228881836;18,479999542236328;18,5;4000
2026-09-28;10:06:00;-03:00;18,5;18,530000686645508;18,5;18,520000457763672;3000
2026-09-28;10:07:00;-03:00;18,5;18,5;18,469999313354492;18,479999542236328;15500
2026-09-28;10:08:00;-03:00;18,469999313354492;18,479999542236328;18,469999313354492;18,479999542236328;10200
2026-09-28;10:09:00;-03:00;18,489999771118164;18,510000228881836;18,489999771118164;18,489999771118164;6100
2026-09-28;10:10:00;-03:00;18,479999542236328;18,479999542236328;18,469999313354492;18,469999313354492;4500
2026-09-28;10:11:00;-03:00;18,459999084472656;18,459999084472656;18,440000534057617;18,450000762939453;15200
2026-09-28;10:12:00;-03:00;18,450000762939453;18,450000762939453;18,450000762939453;18,450000762939453;0
2026-09-28;10:13:00;-03:00;18,459999084472656;18,469999313354492;18,459999084472656;18,459999084472656;4200
2026-09-28;10:14:00;-03:00;18,450000762939453;18,459999084472656;18,450000762939453;18,450000762939453;1900
2026-09-28;10:15:00;-03:00;18,459999084472656;18,510000228881836;18,459999084472656;18,510000228881836;5000
2026-09-28;10:16:00;-03:00;18,510000228881836;18,530000686645508;18,510000228881836;18,530000686645508;1200
2026-09-28;10:17:00;-03:00;18,510000228881836;18,520000457763672;18,469999313354492;18,489999771118164;14800
2026-09-28;10:18:00;-03:00;18,479999542236328;18,489999771118164;18,479999542236328;18,489999771118164;600
2026-09-28;10:19:00;-03:00;18,479999542236328;18,489999771118164;18,469999313354492;18,479999542236328;6300
2026-09-28;10:20:00;-03:00;18,469999313354492;18,479999542236328;18,469999313354492;18,479999542236328;0
2026-09-28;10:21:00;-03:00;18,469999313354492;18,5;18,469999313354492;18,479999542236328;9400
2026-09-28;10:22:00;-03:00;18,469999313354492;18,489999771118164;18,469999313354492;18,479999542236328;0
2026-09-28;10:23:00;-03:00;18,489999771118164;18,540000915527344;18,489999771118164;18,520000457763672;12000
2026-09-28;10:24:00;-03:00;18,520000457763672;18,520000457763672;18,5;18,510000228881836;7600
2026-09-28;10:25:00;-03:00;18,510000228881836;18,520000457763672;18,459999084472656;18,459999084472656;9200
2026-09-28;10:26:00;-03:00;18,450000762939453;18,469999313354492;18,450000762939453;18,469999313354492;7000
2026-09-28;10:27:00;-03:00;18,469999313354492;18,5;18,469999313354492;18,489999771118164;5600
2026-09-28;10:28:00;-03:00;18,489999771118164;18,5;18,489999771118164;18,489999771118164;300
2026-09-28;10:29:00;-03:00;18,479999542236328;18,489999771118164;18,469999313354492;18,479999542236328;1900
2026-09-28;10:30:00;-03:00;18,469999313354492;18,5;18,469999313354492;18,489999771118164;13600
2026-09-28;10:31:00;-03:00;18,5;18,510000228881836;18,479999542236328;18,5;11800
2026-09-28;10:32:00;-03:00;18,5;18,510000228881836;18,489999771118164;18,510000228881836;8800
2026-09-28;10:33:00;-03:00;18,5;18,510000228881836;18,5;18,510000228881836;3800
2026-09-28;10:34:00;-03:00;18,5;18,530000686645508;18,5;18,530000686645508;6900
2026-09-28;10:35:00;-03:00;18,540000915527344;18,549999237060547;18,530000686645508;18,530000686645508;12100
2026-09-28;10:36:00;-03:00;18,530000686645508;18,530000686645508;18,479999542236328;18,479999542236328;26300
2026-09-28;10:37:00;-03:00;18,489999771118164;18,5;18,43000030517578;18,43000030517578;39200
2026-09-28;10:38:00;-03:00;18,440000534057617;18,450000762939453;18,43000030517578;18,450000762939453;13100
2026-09-28;10:39:00;-03:00;18,440000534057617;18,450000762939453;18,440000534057617;18,450000762939453;1800
2026-09-28;10:40:00;-03:00;18,450000762939453;18,450000762939453;18,440000534057617;18,440000534057617;800
2026-09-28;10:41:00;-03:00;18,43000030517578;18,43000030517578;18,399999618530273;18,420000076293945;34100
2026-09-28;10:42:00;-03:00;18,420000076293945;18,440000534057617;18,399999618530273;18,399999618530273;2500
2026-09-28;10:43:00;-03:00;18,399999618530273;18,420000076293945;18,399999618530273;18,40999984741211;9400
2026-09-28;10:44:00;-03:00;18,399999618530273;18,420000076293945;18,399999618530273;18,420000076293945;5000
2026-09-28;10:45:00;-03:00;18,43000030517578;18,440000534057617;18,420000076293945;18,440000534057617;6500
2026-09-28;10:46:00;-03:00;18,440000534057617;18,450000762939453;18,43000030517578;18,440000534057617;2600
2026-09-28;10:47:00;-03:00;18,43000030517578;18,450000762939453;18,43000030517578;18,450000762939453;1300
2026-09-28;10:48:00;-03:00;18,459999084472656;18,459999084472656;18,450000762939453;18,459999084472656;2800
2026-09-28;10:49:00;-03:00;18,440000534057617;18,440000534057617;18,43000030517578;18,43000030517578;5000
2026-09-28;10:50:00;-03:00;18,420000076293945;18,440000534057617;18,420000076293945;18,440000534057617;900
2026-09-28;10:51:00;-03:00;18,43000030517578;18,440000534057617;18,43000030517578;18,440000534057617;1200
2026-09-28;10:52:00;-03:00;18,450000762939453;18,479999542236328;18,450000762939453;18,479999542236328;11700
2026-09-28;10:53:00;-03:00;18,459999084472656;18,469999313354492;18,450000762939453;18,450000762939453;10500
2026-09-28;10:54:00;-03:00;18,450000762939453;18,459999084472656;18,440000534057617;18,459999084472656;2700
2026-09-28;10:55:00;-03:00;18,440000534057617;18,450000762939453;18,420000076293945;18,43000030517578;6300
2026-09-28;10:56:00;-03:00;18,43000030517578;18,43000030517578;18,40999984741211;18,40999984741211;8300
2026-09-28;10:57:00;-03:00;18,40999984741211;18,420000076293945;18,40999984741211;18,420000076293945;4400
2026-09-28;10:58:00;-03:00;18,420000076293945;18,43000030517578;18,40999984741211;18,40999984741211;10000
2026-09-28;10:59:00;-03:00;18,420000076293945;18,440000534057617;18,420000076293945;18,440000534057617;5800
2026-09-28;11:00:00;-03:00;18,440000534057617;18,450000762939453;18,440000534057617;18,440000534057617;7200
2026-09-28;11:01:00;-03:00;18,43000030517578;18,440000534057617;18,40999984741211;18,420000076293945;8100
2026-09-28;11:02:00;-03:00;18,40999984741211;18,420000076293945;18,40999984741211;18,420000076293945;1300
2026-09-28;11:03:00;-03:00;18,40999984741211;18,420000076293945;18,40999984741211;18,420000076293945;7200
2026-09-28;11:04:00;-03:00;18,40999984741211;18,40999984741211;18,399999618530273;18,399999618530273;6000
2026-09-28;11:05:00;-03:00;18,399999618530273;18,40999984741211;18,399999618530273;18,40999984741211;3100
2026-09-28;11:06:00;-03:00;18,420000076293945;18,43000030517578;18,420000076293945;18,43000030517578;1000
2026-09-28;11:07:00;-03:00;18,43000030517578;18,440000534057617;18,43000030517578;18,43000030517578;1500
2026-09-28;11:08:00;-03:00;18,440000534057617;18,450000762939453;18,43000030517578;18,43000030517578;3200
2026-09-28;11:09:00;-03:00;18,43000030517578;18,450000762939453;18,43000030517578;18,450000762939453;3400
2026-09-28;11:10:00;-03:00;18,450000762939453;18,479999542236328;18,450000762939453;18,469999313354492;14500
2026-09-28;11:11:00;-03:00;18,469999313354492;18,479999542236328;18,459999084472656;18,459999084472656;9700
2026-09-28;11:12:00;-03:00;18,459999084472656;18,479999542236328;18,459999084472656;18,469999313354492;2400
2026-09-28;11:13:00;-03:00;18,469999313354492;18,489999771118164;18,459999084472656;18,489999771118164;20200
2026-09-28;11:14:00;-03:00;18,489999771118164;18,489999771118164;18,389999389648438;18,389999389648438;136400
2026-09-28;11:15:00;-03:00;18,399999618530273;18,399999618530273;18,3700008392334;18,3700008392334;13400
2026-09-28;11:16:00;-03:00;18,3700008392334;18,389999389648438;18,3700008392334;18,389999389648438;8400
2026-09-28;11:17:00;-03:00;18,389999389648438;18,399999618530273;18,389999389648438;18,399999618530273;5500
2026-09-28;11:18:00;-03:00;18,399999618530273;18,399999618530273;18,389999389648438;18,389999389648438;5500
2026-09-28;11:19:00;-03:00;18,389999389648438;18,389999389648438;18,350000381469727;18,3799991607666;77400
2026-09-28;11:20:00;-03:00;18,3700008392334;18,399999618530273;18,3700008392334;18,389999389648438;52500
2026-09-28;11:21:00;-03:00;18,3799991607666;18,3799991607666;18,360000610351562;18,3700008392334;63600
2026-09-28;11:22:00;-03:00;18,3799991607666;18,40999984741211;18,3799991607666;18,3799991607666;14900
2026-09-28;11:23:00;-03:00;18,3799991607666;18,399999618530273;18,3799991607666;18,389999389648438;4800
2026-09-28;11:24:00;-03:00;18,389999389648438;18,43000030517578;18,389999389648438;18,420000076293945;14100
2026-09-28;11:25:00;-03:00;18,420000076293945;18,440000534057617;18,420000076293945;18,43000030517578;7700
2026-09-28;11:26:00;-03:00;18,43000030517578;18,440000534057617;18,420000076293945;18,440000534057617;1000
2026-09-28;11:27:00;-03:00;18,440000534057617;18,450000762939453;18,440000534057617;18,450000762939453;7600
2026-09-28;11:28:00;-03:00;18,440000534057617;18,450000762939453;18,43000030517578;18,450000762939453;5300
2026-09-28;11:29:00;-03:00;18,450000762939453;18,459999084472656;18,450000762939453;18,459999084472656;2600
2026-09-28;11:30:00;-03:00;18,459999084472656;18,459999084472656;18,450000762939453;18,459999084472656;700
2026-09-28;11:31:00;-03:00;18,450000762939453;18,459999084472656;18,450000762939453;18,450000762939453;8800
2026-09-28;11:32:00;-03:00;18,450000762939453;18,450000762939453;18,440000534057617;18,440000534057617;2300
2026-09-28;11:33:00;-03:00;18,440000534057617;18,479999542236328;18,440000534057617;18,479999542236328;9000
2026-09-28;11:34:00;-03:00;18,479999542236328;18,479999542236328;18,479999542236328;18,479999542236328;1900
2026-09-28;11:35:00;-03:00;18,479999542236328;18,489999771118164;18,450000762939453;18,450000762939453;3000
2026-09-28;11:36:00;-03:00;18,469999313354492;18,510000228881836;18,450000762939453;18,510000228881836;8800
2026-09-28;11:37:00;-03:00;18,510000228881836;18,520000457763672;18,440000534057617;18,520000457763672;226800
2026-09-28;11:38:00;-03:00;18,520000457763672;18,540000915527344;18,510000228881836;18,530000686645508;29300
2026-09-28;11:39:00;-03:00;18,530000686645508;18,559999465942383;18,5;18,559999465942383;136800
2026-09-28;11:40:00;-03:00;18,559999465942383;18,56999969482422;18,549999237060547;18,549999237060547;22200
2026-09-28;11:41:00;-03:00;18,559999465942383;18,559999465942383;18,520000457763672;18,520000457763672;76000
2026-09-28;11:42:00;-03:00;18,520000457763672;18,520000457763672;18,479999542236328;18,5;168400
2026-09-28;11:43:00;-03:00;18,5;18,520000457763672;18,489999771118164;18,510000228881836;9200
2026-09-28;11:44:00;-03:00;18,510000228881836;18,510000228881836;18,489999771118164;18,489999771118164;4500
2026-09-28;11:45:00;-03:00;18,479999542236328;18,489999771118164;18,479999542236328;18,489999771118164;2800
2026-09-28;11:46:00;-03:00;18,479999542236328;18,479999542236328;18,469999313354492;18,469999313354492;5700
2026-09-28;11:47:00;-03:00;18,459999084472656;18,469999313354492;18,440000534057617;18,450000762939453;9100
2026-09-28;11:48:00;-03:00;18,43000030517578;18,440000534057617;18,43000030517578;18,440000534057617;500
2026-09-28;11:49:00;-03:00;18,440000534057617;18,5;18,43000030517578;18,479999542236328;140300
2026-09-28;11:50:00;-03:00;18,479999542236328;18,530000686645508;18,479999542236328;18,530000686645508;98200
2026-09-28;11:51:00;-03:00;18,540000915527344;18,540000915527344;18,510000228881836;18,510000228881836;7000
2026-09-28;11:52:00;-03:00;18,520000457763672;18,520000457763672;18,5;18,5;11200
2026-09-28;11:53:00;-03:00;18,489999771118164;18,5;18,489999771118164;18,5;10000
2026-09-28;11:54:00;-03:00;18,5;18,510000228881836;18,489999771118164;18,510000228881836;28700
2026-09-28;11:55:00;-03:00;18,510000228881836;18,510000228881836;18,5;18,5;16400
2026-09-28;11:56:00;-03:00;18,5;18,520000457763672;18,489999771118164;18,520000457763672;3100
2026-09-28;11:57:00;-03:00;18,520000457763672;18,520000457763672;18,479999542236328;18,5;18000
2026-09-28;11:58:00;-03:00;18,5;18,5;18,479999542236328;18,5;2300
2026-09-28;11:59:00;-03:00;18,5;18,510000228881836;18,489999771118164;18,510000228881836;1800
2026-09-28;12:00:00;-03:00;18,510000228881836;18,510000228881836;18,489999771118164;18,510000228881836;1400
2026-09-28;12:01:00;-03:00;18,510000228881836;18,510000228881836;18,489999771118164;18,5;9800
2026-09-28;12:02:00;-03:00;18,479999542236328;18,479999542236328;18,469999313354492;18,479999542236328;1400
2026-09-28;12:03:00;-03:00;18,479999542236328;18,489999771118164;18,450000762939453;18,469999313354492;15400
2026-09-28;12:04:00;-03:00;18,469999313354492;18,469999313354492;18,459999084472656;18,469999313354492;2200
2026-09-28;12:05:00;-03:00;18,459999084472656;18,459999084472656;18,440000534057617;18,440000534057617;3600
2026-09-28;12:06:00;-03:00;18,43000030517578;18,43000030517578;18,420000076293945;18,43000030517578;1100
2026-09-28;12:07:00;-03:00;18,43000030517578;18,43000030517578;18,399999618530273;18,399999618530273;4300
2026-09-28;12:08:00;-03:00;18,40999984741211;18,420000076293945;18,40999984741211;18,420000076293945;800
2026-09-28;12:09:00;-03:00;18,420000076293945;18,479999542236328;18,40999984741211;18,479999542236328;155800
2026-09-28;12:10:00;-03:00;18,469999313354492;18,469999313354492;18,450000762939453;18,459999084472656;4000
2026-09-28;12:11:00;-03:00;18,450000762939453;18,450000762939453;18,43000030517578;18,440000534057617;20700
2026-09-28;12:12:00;-03:00;18,450000762939453;18,450000762939453;18,450000762939453;18,450000762939453;400
2026-09-28;12:13:00;-03:00;18,43000030517578;18,450000762939453;18,43000030517578;18,440000534057617;8500
2026-09-28;12:14:00;-03:00;18,440000534057617;18,479999542236328;18,440000534057617;18,469999313354492;25100
2026-09-28;12:15:00;-03:00;18,459999084472656;18,459999084472656;18,440000534057617;18,459999084472656;20200
2026-09-28;12:16:00;-03:00;18,459999084472656;18,459999084472656;18,459999084472656;18,459999084472656;300
2026-09-28;12:17:00;-03:00;18,450000762939453;18,450000762939453;18,43000030517578;18,450000762939453;13500
2026-09-28;12:18:00;-03:00;18,450000762939453;18,469999313354492;18,450000762939453;18,459999084472656;10300
2026-09-28;12:19:00;-03:00;18,459999084472656;18,469999313354492;18,450000762939453;18,459999084472656;1300
2026-09-28;12:20:00;-03:00;18,459999084472656;18,469999313354492;18,459999084472656;18,469999313354492;5500
2026-09-28;12:21:00;-03:00;18,469999313354492;18,479999542236328;18,469999313354492;18,479999542236328;5000
2026-09-28;12:22:00;-03:00;18,479999542236328;18,479999542236328;18,459999084472656;18,459999084472656;5700
2026-09-28;12:23:00;-03:00;18,459999084472656;18,479999542236328;18,459999084472656;18,479999542236328;2700
2026-09-28;12:24:00;-03:00;18,479999542236328;18,479999542236328;18,469999313354492;18,469999313354492;1900
2026-09-28;12:25:00;-03:00;18,469999313354492;18,479999542236328;18,440000534057617;18,459999084472656;11300
2026-09-28;12:26:00;-03:00;18,459999084472656;18,469999313354492;18,459999084472656;18,469999313354492;6000
2026-09-28;12:27:00;-03:00;18,459999084472656;18,469999313354492;18,459999084472656;18,469999313354492;700
2026-09-28;12:28:00;-03:00;18,469999313354492;18,469999313354492;18,450000762939453;18,459999084472656;2500
2026-09-28;12:29:00;-03:00;18,459999084472656;18,459999084472656;18,459999084472656;18,459999084472656;6700
2026-09-28;12:30:00;-03:00;18,469999313354492;18,469999313354492;18,469999313354492;18,469999313354492;1200
2026-09-28;12:31:00;-03:00;18,450000762939453;18,459999084472656;18,450000762939453;18,459999084472656;1400
2026-09-28;12:32:00;-03:00;18,450000762939453;18,450000762939453;18,450000762939453;18,450000762939453;2900
2026-09-28;12:33:00;-03:00;18,450000762939453;18,450000762939453;18,440000534057617;18,440000534057617;400
2026-09-28;12:34:00;-03:00;18,450000762939453;18,450000762939453;18,40999984741211;18,420000076293945;41800
2026-09-28;12:35:00;-03:00;18,420000076293945;18,420000076293945;18,40999984741211;18,420000076293945;900
2026-09-28;12:36:00;-03:00;18,420000076293945;18,43000030517578;18,40999984741211;18,43000030517578;7000
2026-09-28;12:37:00;-03:00;18,420000076293945;18,43000030517578;18,420000076293945;18,43000030517578;3800
2026-09-28;12:38:00;-03:00;18,440000534057617;18,440000534057617;18,43000030517578;18,43000030517578;2300
2026-09-28;12:39:00;-03:00;18,420000076293945;18,440000534057617;18,420000076293945;18,440000534057617;400
2026-09-28;12:40:00;-03:00;18,440000534057617;18,440000534057617;18,40999984741211;18,43000030517578;1900
2026-09-28;12:41:00;-03:00;18,420000076293945;18,43000030517578;18,420000076293945;18,420000076293945;3300
2026-09-28;12:42:00;-03:00;18,43000030517578;18,440000534057617;18,43000030517578;18,440000534057617;4200
2026-09-28;12:43:00;-03:00;18,43000030517578;18,43000030517578;18,40999984741211;18,420000076293945;14100
2026-09-28;12:44:00;-03:00;18,420000076293945;18,420000076293945;18,40999984741211;18,40999984741211;5400
2026-09-28;12:45:00;-03:00;18,40999984741211;18,420000076293945;18,40999984741211;18,420000076293945;6300
2026-09-28;12:46:00;-03:00;18,420000076293945;18,420000076293945;18,420000076293945;18,420000076293945;3300
2026-09-28;12:47:00;-03:00;18,420000076293945;18,43000030517578;18,40999984741211;18,40999984741211;5300
2026-09-28;12:48:00;-03:00;18,40999984741211;18,420000076293945;18,40999984741211;18,40999984741211;1000
2026-09-28;12:49:00;-03:00;18,40999984741211;18,420000076293945;18,40999984741211;18,40999984741211;4000
2026-09-28;12:50:00;-03:00;18,40999984741211;18,40999984741211;18,399999618530273;18,399999618530273;700
2026-09-28;12:51:00;-03:00;18,399999618530273;18,40999984741211;18,399999618530273;18,399999618530273;4800
2026-09-28;12:52:00;-03:00;18,399999618530273;18,40999984741211;18,399999618530273;18,40999984741211;1500
2026-09-28;12:53:00;-03:00;18,399999618530273;18,40999984741211;18,399999618530273;18,40999984741211;200
2026-09-28;12:54:00;-03:00;18,399999618530273;18,420000076293945;18,399999618530273;18,420000076293945;5200
2026-09-28;12:55:00;-03:00;18,420000076293945;18,420000076293945;18,40999984741211;18,420000076293945;2000
2026-09-28;12:56:00;-03:00;18,420000076293945;18,43000030517578;18,420000076293945;18,43000030517578;4600
2026-09-28;12:57:00;-03:00;18,440000534057617;18,440000534057617;18,420000076293945;18,420000076293945;4100
2026-09-28;12:58:00;-03:00;18,43000030517578;18,440000534057617;18,43000030517578;18,43000030517578;1700
2026-09-28;12:59:00;-03:00;18,43000030517578;18,43000030517578;18,43000030517578;18,43000030517578;700
2026-09-28;13:00:00;-03:00;18,420000076293945;18,43000030517578;18,420000076293945;18,420000076293945;400
2026-09-28;13:01:00;-03:00;18,43000030517578;18,43000030517578;18,43000030517578;18,43000030517578;500
2026-09-28;13:02:00;-03:00;18,420000076293945;18,43000030517578;18,420000076293945;18,420000076293945;700
2026-09-28;13:03:00;-03:00;18,420000076293945;18,420000076293945;18,399999618530273;18,420000076293945;22000
2026-09-28;13:04:00;-03:00;18,40999984741211;18,420000076293945;18,40999984741211;18,420000076293945;2200
2026-09-28;13:05:00;-03:00;18,420000076293945;18,440000534057617;18,420000076293945;18,440000534057617;8900
2026-09-28;13:06:00;-03:00;18,43000030517578;18,43000030517578;18,43000030517578;18,43000030517578;400
2026-09-28;13:07:00;-03:00;18,420000076293945;18,43000030517578;18,420000076293945;18,420000076293945;8600
2026-09-28;13:08:00;-03:00;18,420000076293945;18,43000030517578;18,420000076293945;18,43000030517578;1200
2026-09-28;13:09:00;-03:00;18,43000030517578;18,43000030517578;18,420000076293945;18,420000076293945;2100
2026-09-28;13:10:00;-03:00;18,43000030517578;18,43000030517578;18,420000076293945;18,43000030517578;500
2026-09-28;13:11:00;-03:00;18,43000030517578;18,440000534057617;18,43000030517578;18,43000030517578;2100
2026-09-28;13:12:00;-03:00;18,43000030517578;18,43000030517578;18,40999984741211;18,420000076293945;10000
2026-09-28;13:13:00;-03:00;18,420000076293945;18,420000076293945;18,40999984741211;18,40999984741211;2200
2026-09-28;13:14:00;-03:00;18,420000076293945;18,420000076293945;18,420000076293945;18,420000076293945;600
2026-09-28;13:15:00;-03:00;18,420000076293945;18,420000076293945;18,40999984741211;18,40999984741211;2200
2026-09-28;13:16:00;-03:00;18,40999984741211;18,440000534057617;18,399999618530273;18,440000534057617;3100
2026-09-28;13:17:00;-03:00;18,450000762939453;18,450000762939453;18,420000076293945;18,43000030517578;28800
2026-09-28;13:18:00;-03:00;18,420000076293945;18,43000030517578;18,420000076293945;18,43000030517578;1200
2026-09-28;13:19:00;-03:00;18,43000030517578;18,43000030517578;18,420000076293945;18,420000076293945;400
2026-09-28;13:20:00;-03:00;18,43000030517578;18,469999313354492;18,43000030517578;18,469999313354492;6500
2026-09-28;13:21:00;-03:00;18,450000762939453;18,469999313354492;18,450000762939453;18,459999084472656;1100
2026-09-28;13:22:00;-03:00;18,450000762939453;18,459999084472656;18,40999984741211;18,40999984741211;20800
2026-09-28;13:23:00;-03:00;18,43000030517578;18,43000030517578;18,40999984741211;18,40999984741211;1300
2026-09-28;13:24:00;-03:00;18,420000076293945;18,459999084472656;18,420000076293945;18,459999084472656;15900
2026-09-28;13:25:00;-03:00;18,450000762939453;18,459999084472656;18,440000534057617;18,450000762939453;3700
2026-09-28;13:26:00;-03:00;18,450000762939453;18,510000228881836;18,440000534057617;18,510000228881836;13700
2026-09-28;13:27:00;-03:00;18,5;18,5;18,469999313354492;18,479999542236328;7900
2026-09-28;13:28:00;-03:00;18,479999542236328;18,479999542236328;18,469999313354492;18,479999542236328;4300
2026-09-28;13:29:00;-03:00;18,479999542236328;18,479999542236328;18,450000762939453;18,459999084472656;11700
2026-09-28;13:30:00;-03:00;18,459999084472656;18,459999084472656;18,440000534057617;18,459999084472656;8000
2026-09-28;13:31:00;-03:00;18,450000762939453;18,450000762939453;18,420000076293945;18,420000076293945;9900
2026-09-28;13:32:00;-03:00;18,420000076293945;18,43000030517578;18,420000076293945;18,420000076293945;4800
2026-09-28;13:33:00;-03:00;18,40999984741211;18,43000030517578;18,399999618530273;18,43000030517578;6800
2026-09-28;13:34:00;-03:00;18,43000030517578;18,450000762939453;18,43000030517578;18,440000534057617;33000
2026-09-28;13:35:00;-03:00;18,43000030517578;18,43000030517578;18,399999618530273;18,399999618530273;12700
2026-09-28;13:36:00;-03:00;18,40999984741211;18,420000076293945;18,399999618530273;18,420000076293945;8600
2026-09-28;13:37:00;-03:00;18,440000534057617;18,440000534057617;18,420000076293945;18,43000030517578;3100
2026-09-28;13:38:00;-03:00;18,420000076293945;18,420000076293945;18,40999984741211;18,40999984741211;1600
2026-09-28;13:39:00;-03:00;18,40999984741211;18,40999984741211;18,40999984741211;18,40999984741211;3900
2026-09-28;13:40:00;-03:00;18,40999984741211;18,40999984741211;18,399999618530273;18,399999618530273;6000
2026-09-28;13:41:00;-03:00;18,399999618530273;18,40999984741211;18,389999389648438;18,40999984741211;2100
2026-09-28;13:42:00;-03:00;18,40999984741211;18,40999984741211;18,399999618530273;18,399999618530273;700
2026-09-28;13:43:00;-03:00;18,399999618530273;18,40999984741211;18,389999389648438;18,40999984741211;5400
2026-09-28;13:44:00;-03:00;18,40999984741211;18,40999984741211;18,40999984741211;18,40999984741211;600
2026-09-28;13:45:00;-03:00;18,40999984741211;18,420000076293945;18,40999984741211;18,40999984741211;1700
2026-09-28;13:46:00;-03:00;18,40999984741211;18,40999984741211;18,399999618530273;18,399999618530273;400
2026-09-28;13:47:00;-03:00;18,40999984741211;18,420000076293945;18,399999618530273;18,420000076293945;12200
2026-09-28;13:48:00;-03:00;18,40999984741211;18,40999984741211;18,399999618530273;18,399999618530273;900
2026-09-28;13:49:00;-03:00;18,40999984741211;18,40999984741211;18,399999618530273;18,40999984741211;700
2026-09-28;13:50:00;-03:00;18,40999984741211;18,40999984741211;18,40999984741211;18,40999984741211;200
2026-09-28;13:51:00;-03:00;18,40999984741211;18,40999984741211;18,399999618530273;18,399999618530273;400
2026-09-28;13:52:00;-03:00;18,40999984741211;18,420000076293945;18,40999984741211;18,40999984741211;2000
2026-09-28;13:53:00;-03:00;18,40999984741211;18,420000076293945;18,399999618530273;18,420000076293945;2700
2026-09-28;13:54:00;-03:00;18,420000076293945;18,420000076293945;18,40999984741211;18,420000076293945;2800
2026-09-28;13:55:00;-03:00;18,420000076293945;18,43000030517578;18,420000076293945;18,43000030517578;700
2026-09-28;13:56:00;-03:00;18,420000076293945;18,43000030517578;18,40999984741211;18,40999984741211;9100
2026-09-28;13:57:00;-03:00;18,420000076293945;18,43000030517578;18,420000076293945;18,43000030517578;1000
2026-09-28;13:58:00;-03:00;18,40999984741211;18,43000030517578;18,40999984741211;18,43000030517578;1400
2026-09-28;13:59:00;-03:00;18,40999984741211;18,440000534057617;18,40999984741211;18,420000076293945;8700
2026-09-28;14:00:00;-03:00;18,420000076293945;18,43000030517578;18,420000076293945;18,420000076293945;21500
2026-09-28;14:01:00;-03:00;18,420000076293945;18,420000076293945;18,389999389648438;18,40999984741211;7200
2026-09-28;14:02:00;-03:00;18,399999618530273;18,399999618530273;18,399999618530273;18,399999618530273;100
2026-09-28;14:03:00;-03:00;18,399999618530273;18,40999984741211;18,399999618530273;18,399999618530273;400
2026-09-28;14:04:00;-03:00;18,399999618530273;18,40999984741211;18,399999618530273;18,399999618530273;400
2026-09-28;14:05:00;-03:00;18,399999618530273;18,40999984741211;18,389999389648438;18,399999618530273;4000
2026-09-28;14:06:00;-03:00;18,399999618530273;18,399999618530273;18,399999618530273;18,399999618530273;1800
2026-09-28;14:07:00;-03:00;18,399999618530273;18,399999618530273;18,399999618530273;18,399999618530273;4900
2026-09-28;14:08:00;-03:00;18,40999984741211;18,420000076293945;18,399999618530273;18,420000076293945;14200
2026-09-28;14:09:00;-03:00;18,420000076293945;18,420000076293945;18,399999618530273;18,420000076293945;1400
2026-09-28;14:10:00;-03:00;18,420000076293945;18,420000076293945;18,40999984741211;18,420000076293945;1900
2026-09-28;14:11:00;-03:00;18,420000076293945;18,489999771118164;18,420000076293945;18,489999771118164;15100
2026-09-28;14:12:00;-03:00;18,489999771118164;18,489999771118164;18,459999084472656;18,479999542236328;22500
2026-09-28;14:13:00;-03:00;18,489999771118164;18,489999771118164;18,479999542236328;18,489999771118164;4800
2026-09-28;14:14:00;-03:00;18,479999542236328;18,489999771118164;18,440000534057617;18,450000762939453;63400
2026-09-28;14:15:00;-03:00;18,440000534057617;18,450000762939453;18,420000076293945;18,43000030517578;5700
2026-09-28;14:16:00;-03:00;18,420000076293945;18,440000534057617;18,420000076293945;18,440000534057617;9600
2026-09-28;14:17:00;-03:00;18,420000076293945;18,440000534057617;18,40999984741211;18,420000076293945;11800
2026-09-28;14:18:00;-03:00;18,420000076293945;18,420000076293945;18,40999984741211;18,40999984741211;1600
2026-09-28;14:19:00;-03:00;18,40999984741211;18,420000076293945;18,389999389648438;18,40999984741211;21400
2026-09-28;14:20:00;-03:00;18,420000076293945;18,420000076293945;18,399999618530273;18,40999984741211;3000
2026-09-28;14:21:00;-03:00;18,40999984741211;18,420000076293945;18,40999984741211;18,40999984741211;1400
2026-09-28;14:22:00;-03:00;18,420000076293945;18,420000076293945;18,399999618530273;18,399999618530273;6800
2026-09-28;14:23:00;-03:00;18,399999618530273;18,420000076293945;18,399999618530273;18,420000076293945;9400
2026-09-28;14:24:00;-03:00;18,40999984741211;18,420000076293945;18,399999618530273;18,40999984741211;1900
2026-09-28;14:25:00;-03:00;18,40999984741211;18,420000076293945;18,399999618530273;18,40999984741211;1900
2026-09-28;14:26:00;-03:00;18,420000076293945;18,420000076293945;18,399999618530273;18,40999984741211;5200
2026-09-28;14:27:00;-03:00;18,399999618530273;18,40999984741211;18,399999618530273;18,399999618530273;1000
2026-09-28;14:28:00;-03:00;18,399999618530273;18,40999984741211;18,399999618530273;18,40999984741211;1600
2026-09-28;14:29:00;-03:00;18,399999618530273;18,40999984741211;18,389999389648438;18,389999389648438;2500
2026-09-28;14:30:00;-03:00;18,399999618530273;18,43000030517578;18,399999618530273;18,43000030517578;9100
2026-09-28;14:31:00;-03:00;18,43000030517578;18,43000030517578;18,420000076293945;18,43000030517578;9000
2026-09-28;14:32:00;-03:00;18,43000030517578;18,43000030517578;18,420000076293945;18,420000076293945;4900
2026-09-28;14:33:00;-03:00;18,40999984741211;18,420000076293945;18,40999984741211;18,40999984741211;1500
2026-09-28;14:34:00;-03:00;18,40999984741211;18,40999984741211;18,399999618530273;18,40999984741211;3700
2026-09-28;14:35:00;-03:00;18,40999984741211;18,40999984741211;18,399999618530273;18,40999984741211;1200
2026-09-28;14:36:00;-03:00;18,399999618530273;18,420000076293945;18,399999618530273;18,420000076293945;4000
2026-09-28;14:37:00;-03:00;18,40999984741211;18,420000076293945;18,40999984741211;18,420000076293945;500
2026-09-28;14:38:00;-03:00;18,420000076293945;18,43000030517578;18,420000076293945;18,43000030517578;2900
2026-09-28;14:39:00;-03:00;18,43000030517578;18,43000030517578;18,43000030517578;18,43000030517578;800
2026-09-28;14:40:00;-03:00;18,420000076293945;18,43000030517578;18,420000076293945;18,420000076293945;1600
2026-09-28;14:41:00;-03:00;18,420000076293945;18,43000030517578;18,420000076293945;18,43000030517578;2500
2026-09-28;14:42:00;-03:00;18,420000076293945;18,43000030517578;18,420000076293945;18,43000030517578;800
2026-09-28;14:43:00;-03:00;18,420000076293945;18,440000534057617;18,420000076293945;18,440000534057617;1600
2026-09-28;14:44:00;-03:00;18,43000030517578;18,440000534057617;18,43000030517578;18,440000534057617;1700
2026-09-28;14:45:00;-03:00;18,43000030517578;18,440000534057617;18,43000030517578;18,440000534057617;15800
2026-09-28;14:46:00;-03:00;18,440000534057617;18,450000762939453;18,440000534057617;18,450000762939453;600
2026-09-28;14:47:00;-03:00;18,450000762939453;18,459999084472656;18,450000762939453;18,450000762939453;2800
2026-09-28;14:48:00;-03:00;18,450000762939453;18,450000762939453;18,450000762939453;18,450000762939453;1000
2026-09-28;14:49:00;-03:00;18,440000534057617;18,440000534057617;18,440000534057617;18,440000534057617;200
2026-09-28;14:50:00;-03:00;18,459999084472656;18,459999084472656;18,440000534057617;18,459999084472656;2900
2026-09-28;14:51:00;-03:00;18,440000534057617;18,440000534057617;18,420000076293945;18,420000076293945;33300
2026-09-28;14:52:00;-03:00;18,43000030517578;18,43000030517578;18,420000076293945;18,420000076293945;4000
2026-09-28;14:53:00;-03:00;18,420000076293945;18,43000030517578;18,420000076293945;18,420000076293945;1500
2026-09-28;14:54:00;-03:00;18,420000076293945;18,43000030517578;18,420000076293945;18,420000076293945;5400
2026-09-28;14:55:00;-03:00;18,43000030517578;18,43000030517578;18,420000076293945;18,43000030517578;5700
2026-09-28;14:56:00;-03:00;18,43000030517578;18,459999084472656;18,43000030517578;18,440000534057617;27700
2026-09-28;14:57:00;-03:00;18,450000762939453;18,450000762939453;18,450000762939453;18,450000762939453;5600
2026-09-28;14:58:00;-03:00;18,440000534057617;18,450000762939453;18,43000030517578;18,440000534057617;8500
2026-09-28;14:59:00;-03:00;18,43000030517578;18,440000534057617;18,43000030517578;18,440000534057617;2300
2026-09-28;15:00:00;-03:00;18,43000030517578;18,440000534057617;18,43000030517578;18,43000030517578;12000
2026-09-28;15:01:00;-03:00;18,440000534057617;18,450000762939453;18,440000534057617;18,450000762939453;700
2026-09-28;15:02:00;-03:00;18,440000534057617;18,450000762939453;18,43000030517578;18,450000762939453;12900
2026-09-28;15:03:00;-03:00;18,440000534057617;18,450000762939453;18,43000030517578;18,450000762939453;2300
2026-09-28;15:04:00;-03:00;18,43000030517578;18,450000762939453;18,43000030517578;18,450000762939453;10000
2026-09-28;15:05:00;-03:00;18,450000762939453;18,459999084472656;18,440000534057617;18,450000762939453;27500
2026-09-28;15:06:00;-03:00;18,450000762939453;18,459999084472656;18,440000534057617;18,459999084472656;9700
2026-09-28;15:07:00;-03:00;18,450000762939453;18,459999084472656;18,450000762939453;18,459999084472656;8200
2026-09-28;15:08:00;-03:00;18,450000762939453;18,450000762939453;18,440000534057617;18,450000762939453;6400
2026-09-28;15:09:00;-03:00;18,450000762939453;18,450000762939453;18,440000534057617;18,450000762939453;500
2026-09-28;15:10:00;-03:00;18,440000534057617;18,450000762939453;18,440000534057617;18,450000762939453;3800
2026-09-28;15:11:00;-03:00;18,440000534057617;18,450000762939453;18,440000534057617;18,450000762939453;7600
2026-09-28;15:12:00;-03:00;18,440000534057617;18,450000762939453;18,440000534057617;18,450000762939453;400
2026-09-28;15:13:00;-03:00;18,440000534057617;18,450000762939453;18,440000534057617;18,450000762939453;2800
2026-09-28;15:14:00;-03:00;18,450000762939453;18,459999084472656;18,450000762939453;18,450000762939453;9500
2026-09-28;15:15:00;-03:00;18,440000534057617;18,459999084472656;18,440000534057617;18,459999084472656;800
2026-09-28;15:16:00;-03:00;18,440000534057617;18,459999084472656;18,440000534057617;18,440000534057617;400
2026-09-28;15:17:00;-03:00;18,440000534057617;18,459999084472656;18,440000534057617;18,440000534057617;1400
2026-09-28;15:18:00;-03:00;18,440000534057617;18,440000534057617;18,440000534057617;18,440000534057617;200
2026-09-28;15:19:00;-03:00;18,450000762939453;18,450000762939453;18,440000534057617;18,440000534057617;1300
2026-09-28;15:20:00;-03:00;18,440000534057617;18,450000762939453;18,440000534057617;18,450000762939453;12700
2026-09-28;15:21:00;-03:00;18,440000534057617;18,450000762939453;18,440000534057617;18,450000762939453;7100
2026-09-28;15:22:00;-03:00;18,440000534057617;18,459999084472656;18,440000534057617;18,459999084472656;1400
2026-09-28;15:23:00;-03:00;18,440000534057617;18,450000762939453;18,440000534057617;18,440000534057617;2000
2026-09-28;15:24:00;-03:00;18,440000534057617;18,450000762939453;18,440000534057617;18,450000762939453;2900
2026-09-28;15:25:00;-03:00;18,440000534057617;18,450000762939453;18,440000534057617;18,450000762939453;800
2026-09-28;15:26:00;-03:00;18,440000534057617;18,450000762939453;18,440000534057617;18,440000534057617;8000
2026-09-28;15:27:00;-03:00;18,43000030517578;18,440000534057617;18,43000030517578;18,43000030517578;8500
2026-09-28;15:28:00;-03:00;18,43000030517578;18,43000030517578;18,420000076293945;18,420000076293945;6700
2026-09-28;15:29:00;-03:00;18,440000534057617;18,440000534057617;18,43000030517578;18,43000030517578;1200
2026-09-28;15:30:00;-03:00;18,43000030517578;18,440000534057617;18,43000030517578;18,43000030517578;4200
2026-09-28;15:31:00;-03:00;18,43000030517578;18,450000762939453;18,43000030517578;18,440000534057617;8500
2026-09-28;15:32:00;-03:00;18,450000762939453;18,450000762939453;18,43000030517578;18,440000534057617;2300
2026-09-28;15:33:00;-03:00;18,440000534057617;18,440000534057617;18,43000030517578;18,440000534057617;700
2026-09-28;15:34:00;-03:00;18,440000534057617;18,440000534057617;18,43000030517578;18,43000030517578;500
2026-09-28;15:35:00;-03:00;18,43000030517578;18,440000534057617;18,43000030517578;18,43000030517578;1400
2026-09-28;15:36:00;-03:00;18,43000030517578;18,43000030517578;18,420000076293945;18,420000076293945;4500
2026-09-28;15:37:00;-03:00;18,420000076293945;18,440000534057617;18,420000076293945;18,440000534057617;4100
2026-09-28;15:38:00;-03:00;18,440000534057617;18,440000534057617;18,420000076293945;18,420000076293945;800
2026-09-28;15:39:00;-03:00;18,420000076293945;18,43000030517578;18,420000076293945;18,420000076293945;6600
2026-09-28;15:40:00;-03:00;18,420000076293945;18,420000076293945;18,40999984741211;18,40999984741211;10600
2026-09-28;15:41:00;-03:00;18,420000076293945;18,420000076293945;18,40999984741211;18,40999984741211;1400
2026-09-28;15:42:00;-03:00;18,40999984741211;18,40999984741211;18,399999618530273;18,399999618530273;7100
2026-09-28;15:43:00;-03:00;18,389999389648438;18,399999618530273;18,389999389648438;18,389999389648438;1800
2026-09-28;15:44:00;-03:00;18,389999389648438;18,399999618530273;18,389999389648438;18,389999389648438;3600
2026-09-28;15:45:00;-03:00;18,389999389648438;18,399999618530273;18,3799991607666;18,389999389648438;13800
2026-09-28;15:46:00;-03:00;18,389999389648438;18,399999618530273;18,3799991607666;18,3799991607666;12400
2026-09-28;15:47:00;-03:00;18,389999389648438;18,40999984741211;18,389999389648438;18,40999984741211;8700
2026-09-28;15:48:00;-03:00;18,399999618530273;18,420000076293945;18,399999618530273;18,40999984741211;7600
2026-09-28;15:49:00;-03:00;18,40999984741211;18,40999984741211;18,399999618530273;18,399999618530273;2300
2026-09-28;15:50:00;-03:00;18,399999618530273;18,40999984741211;18,399999618530273;18,40999984741211;2200
2026-09-28;15:51:00;-03:00;18,399999618530273;18,40999984741211;18,399999618530273;18,40999984741211;2700
2026-09-28;15:52:00;-03:00;18,399999618530273;18,40999984741211;18,399999618530273;18,399999618530273;3600
2026-09-28;15:53:00;-03:00;18,399999618530273;18,43000030517578;18,399999618530273;18,420000076293945;41800
2026-09-28;15:54:00;-03:00;18,420000076293945;18,420000076293945;18,399999618530273;18,40999984741211;1200
2026-09-28;15:55:00;-03:00;18,420000076293945;18,420000076293945;18,40999984741211;18,420000076293945;12300
2026-09-28;15:56:00;-03:00;18,399999618530273;18,420000076293945;18,399999618530273;18,420000076293945;4900
2026-09-28;15:57:00;-03:00;18,420000076293945;18,420000076293945;18,399999618530273;18,399999618530273;3800
2026-09-28;15:58:00;-03:00;18,420000076293945;18,420000076293945;18,399999618530273;18,40999984741211;3300
2026-09-28;15:59:00;-03:00;18,399999618530273;18,40999984741211;18,399999618530273;18,40999984741211;3000
2026-09-28;16:00:00;-03:00;18,399999618530273;18,399999618530273;18,3799991607666;18,3799991607666;15200
2026-09-28;16:01:00;-03:00;18,399999618530273;18,40999984741211;18,3799991607666;18,40999984741211;21000
2026-09-28;16:02:00;-03:00;18,399999618530273;18,420000076293945;18,399999618530273;18,420000076293945;6500
2026-09-28;16:03:00;-03:00;18,420000076293945;18,420000076293945;18,399999618530273;18,399999618530273;1100
2026-09-28;16:04:00;-03:00;18,40999984741211;18,40999984741211;18,399999618530273;18,399999618530273;6100
2026-09-28;16:05:00;-03:00;18,399999618530273;18,40999984741211;18,399999618530273;18,399999618530273;6200
2026-09-28;16:06:00;-03:00;18,389999389648438;18,420000076293945;18,389999389648438;18,420000076293945;23500
2026-09-28;16:07:00;-03:00;18,420000076293945;18,43000030517578;18,40999984741211;18,420000076293945;21800
2026-09-28;16:08:00;-03:00;18,420000076293945;18,43000030517578;18,40999984741211;18,43000030517578;800
2026-09-28;16:09:00;-03:00;18,40999984741211;18,420000076293945;18,399999618530273;18,399999618530273;30500
2026-09-28;16:10:00;-03:00;18,40999984741211;18,40999984741211;18,399999618530273;18,40999984741211;1500
2026-09-28;16:11:00;-03:00;18,399999618530273;18,40999984741211;18,399999618530273;18,399999618530273;5000
2026-09-28;16:12:00;-03:00;18,389999389648438;18,399999618530273;18,389999389648438;18,399999618530273;2900
2026-09-28;16:13:00;-03:00;18,399999618530273;18,399999618530273;18,389999389648438;18,389999389648438;8900
2026-09-28;16:14:00;-03:00;18,389999389648438;18,399999618530273;18,389999389648438;18,399999618530273;2200
2026-09-28;16:15:00;-03:00;18,389999389648438;18,399999618530273;18,389999389648438;18,389999389648438;5000
2026-09-28;16:16:00;-03:00;18,389999389648438;18,420000076293945;18,389999389648438;18,40999984741211;27000
2026-09-28;16:17:00;-03:00;18,40999984741211;18,43000030517578;18,40999984741211;18,420000076293945;29300
2026-09-28;16:18:00;-03:00;18,420000076293945;18,420000076293945;18,40999984741211;18,40999984741211;1000
2026-09-28;16:19:00;-03:00;18,420000076293945;18,420000076293945;18,40999984741211;18,420000076293945;2800
2026-09-28;16:20:00;-03:00;18,40999984741211;18,420000076293945;18,40999984741211;18,420000076293945;3000
2026-09-28;16:21:00;-03:00;18,420000076293945;18,43000030517578;18,399999618530273;18,399999618530273;32200
2026-09-28;16:22:00;-03:00;18,399999618530273;18,420000076293945;18,399999618530273;18,40999984741211;7400
2026-09-28;16:23:00;-03:00;18,40999984741211;18,420000076293945;18,40999984741211;18,420000076293945;14900
2026-09-28;16:24:00;-03:00;18,420000076293945;18,43000030517578;18,40999984741211;18,420000076293945;38600
2026-09-28;16:25:00;-03:00;18,43000030517578;18,43000030517578;18,40999984741211;18,40999984741211;1700
2026-09-28;16:26:00;-03:00;18,40999984741211;18,43000030517578;18,40999984741211;18,40999984741211;9500
2026-09-28;16:27:00;-03:00;18,40999984741211;18,420000076293945;18,40999984741211;18,420000076293945;5400
2026-09-28;16:28:00;-03:00;18,40999984741211;18,420000076293945;18,40999984741211;18,420000076293945;2600
2026-09-28;16:29:00;-03:00;18,40999984741211;18,420000076293945;18,40999984741211;18,40999984741211;3500
2026-09-28;16:30:00;-03:00;18,40999984741211;18,420000076293945;18,399999618530273;18,399999618530273;5300
2026-09-28;16:31:00;-03:00;18,40999984741211;18,420000076293945;18,399999618530273;18,420000076293945;4300
2026-09-28;16:32:00;-03:00;18,420000076293945;18,420000076293945;18,399999618530273;18,40999984741211;10100
2026-09-28;16:33:00;-03:00;18,399999618530273;18,40999984741211;18,399999618530273;18,399999618530273;3300
2026-09-28;16:34:00;-03:00;18,399999618530273;18,420000076293945;18,399999618530273;18,420000076293945;20300
2026-09-28;16:35:00;-03:00;18,40999984741211;18,420000076293945;18,399999618530273;18,420000076293945;23600
2026-09-28;16:36:00;-03:00;18,43000030517578;18,43000030517578;18,40999984741211;18,43000030517578;16400
2026-09-28;16:37:00;-03:00;18,420000076293945;18,43000030517578;18,420000076293945;18,43000030517578;24100
2026-09-28;16:38:00;-03:00;18,420000076293945;18,43000030517578;18,420000076293945;18,43000030517578;16400
2026-09-28;16:39:00;-03:00;18,43000030517578;18,43000030517578;18,40999984741211;18,420000076293945;27100
2026-09-28;16:40:00;-03:00;18,420000076293945;18,420000076293945;18,40999984741211;18,420000076293945;16600
2026-09-28;16:41:00;-03:00;18,420000076293945;18,43000030517578;18,40999984741211;18,43000030517578;16100
2026-09-28;16:42:00;-03:00;18,420000076293945;18,43000030517578;18,40999984741211;18,420000076293945;16300
2026-09-28;16:43:00;-03:00;18,420000076293945;18,43000030517578;18,420000076293945;18,43000030517578;15400
2026-09-28;16:44:00;-03:00;18,40999984741211;18,420000076293945;18,399999618530273;18,420000076293945;32900
2026-09-28;16:45:00;-03:00;18,40999984741211;18,420000076293945;18,40999984741211;18,420000076293945;16000
2026-09-28;16:46:00;-03:00;18,420000076293945;18,43000030517578;18,420000076293945;18,420000076293945;16800
2026-09-28;16:47:00;-03:00;18,420000076293945;18,43000030517578;18,40999984741211;18,40999984741211;41900
2026-09-28;16:48:00;-03:00;18,399999618530273;18,420000076293945;18,399999618530273;18,420000076293945;25600
2026-09-28;16:49:00;-03:00;18,420000076293945;18,420000076293945;18,399999618530273;18,40999984741211;24500
2026-09-28;16:50:00;-03:00;18,40999984741211;18,420000076293945;18,399999618530273;18,420000076293945;18900
2026-09-28;16:51:00;-03:00;18,399999618530273;18,420000076293945;18,399999618530273;18,40999984741211;21600
2026-09-28;16:52:00;-03:00;18,420000076293945;18,420000076293945;18,40999984741211;18,420000076293945;16400
2026-09-28;16:53:00;-03:00;18,420000076293945;18,43000030517578;18,40999984741211;18,40999984741211;30700
2026-09-28;16:54:00;-03:00;18,420000076293945;18,450000762939453;18,399999618530273;18,450000762939453;23600
2026-09-29;10:03:00;-03:00;18,440000534057617;18,559999465942383;18,40999984741211;18,40999984741211;0
2026-09-29;10:04:00;-03:00;18,40999984741211;18,43000030517578;18,350000381469727;18,3799991607666;20800
2026-09-29;10:05:00;-03:00;18,3799991607666;18,420000076293945;18,3799991607666;18,40999984741211;16500
2026-09-29;10:06:00;-03:00;18,399999618530273;18,399999618530273;18,389999389648438;18,399999618530273;5600
2026-09-29;10:07:00;-03:00;18,40999984741211;18,40999984741211;18,389999389648438;18,40999984741211;1000
2026-09-29;10:08:00;-03:00;18,399999618530273;18,43000030517578;18,399999618530273;18,420000076293945;13900
2026-09-29;10:09:00;-03:00;18,420000076293945;18,43000030517578;18,40999984741211;18,420000076293945;6100
2026-09-29;10:10:00;-03:00;18,40999984741211;18,420000076293945;18,389999389648438;18,399999618530273;4800
2026-09-29;10:11:00;-03:00;18,40999984741211;18,40999984741211;18,399999618530273;18,399999618530273;10100
2026-09-29;10:12:00;-03:00;18,389999389648438;18,389999389648438;18,3799991607666;18,3799991607666;13400
2026-09-29;10:13:00;-03:00;18,389999389648438;18,389999389648438;18,3700008392334;18,3799991607666;3700
2026-09-29;10:14:00;-03:00;18,3700008392334;18,40999984741211;18,3700008392334;18,389999389648438;18700
2026-09-29;10:15:00;-03:00;18,389999389648438;18,389999389648438;18,3700008392334;18,3700008392334;7600
2026-09-29;10:16:00;-03:00;18,3799991607666;18,389999389648438;18,3799991607666;18,3799991607666;9400
2026-09-29;10:17:00;-03:00;18,389999389648438;18,389999389648438;18,3799991607666;18,389999389648438;300
2026-09-29;10:18:00;-03:00;18,389999389648438;18,389999389648438;18,3700008392334;18,3700008392334;5400
2026-09-29;10:19:00;-03:00;18,3700008392334;18,3799991607666;18,3700008392334;18,3799991607666;1000
2026-09-29;10:20:00;-03:00;18,3799991607666;18,399999618530273;18,3700008392334;18,389999389648438;11900
2026-09-29;10:21:00;-03:00;18,389999389648438;18,389999389648438;18,3799991607666;18,3799991607666;3800
2026-09-29;10:22:00;-03:00;18,389999389648438;18,389999389648438;18,360000610351562;18,3700008392334;5100
2026-09-29;10:23:00;-03:00;18,3700008392334;18,3799991607666;18,3700008392334;18,3799991607666;500
2026-09-29;10:24:00;-03:00;18,3799991607666;18,389999389648438;18,3700008392334;18,389999389648438;8200
2026-09-29;10:25:00;-03:00;18,389999389648438;18,389999389648438;18,360000610351562;18,360000610351562;22600
2026-09-29;10:26:00;-03:00;18,360000610351562;18,3799991607666;18,360000610351562;18,3700008392334;19800
2026-09-29;10:27:00;-03:00;18,360000610351562;18,3700008392334;18,360000610351562;18,360000610351562;800
2026-09-29;10:28:00;-03:00;18,3700008392334;18,389999389648438;18,360000610351562;18,389999389648438;22100
2026-09-29;10:29:00;-03:00;18,389999389648438;18,399999618530273;18,3799991607666;18,3799991607666;16400
2026-09-29;10:30:00;-03:00;18,389999389648438;18,40999984741211;18,3799991607666;18,40999984741211;13100
2026-09-29;10:31:00;-03:00;18,40999984741211;18,40999984741211;18,3700008392334;18,3799991607666;21000
2026-09-29;10:32:00;-03:00;18,3799991607666;18,440000534057617;18,3799991607666;18,440000534057617;19900
2026-09-29;10:33:00;-03:00;18,440000534057617;18,440000534057617;18,40999984741211;18,40999984741211;10700
2026-09-29;10:34:00;-03:00;18,40999984741211;18,459999084472656;18,399999618530273;18,43000030517578;13500
2026-09-29;10:35:00;-03:00;18,43000030517578;18,440000534057617;18,420000076293945;18,440000534057617;10300
2026-09-29;10:36:00;-03:00;18,440000534057617;18,440000534057617;18,399999618530273;18,399999618530273;35000
2026-09-29;10:37:00;-03:00;18,40999984741211;18,40999984741211;18,3799991607666;18,389999389648438;27200
2026-09-29;10:38:00;-03:00;18,389999389648438;18,40999984741211;18,389999389648438;18,399999618530273;18000
2026-09-29;10:39:00;-03:00;18,399999618530273;18,399999618530273;18,399999618530273;18,399999618530273;10400
2026-09-29;10:40:00;-03:00;18,399999618530273;18,40999984741211;18,389999389648438;18,40999984741211;11600
2026-09-29;10:41:00;-03:00;18,40999984741211;18,440000534057617;18,40999984741211;18,420000076293945;24000
2026-09-29;10:42:00;-03:00;18,420000076293945;18,420000076293945;18,420000076293945;18,420000076293945;5700
2026-09-29;10:43:00;-03:00;18,420000076293945;18,43000030517578;18,420000076293945;18,43000030517578;18800
2026-09-29;10:44:00;-03:00;18,43000030517578;18,43000030517578;18,420000076293945;18,43000030517578;14800
2026-09-29;10:45:00;-03:00;18,43000030517578;18,459999084472656;18,43000030517578;18,459999084472656;14700
2026-09-29;10:46:00;-03:00;18,459999084472656;18,479999542236328;18,459999084472656;18,479999542236328;12500
2026-09-29;10:47:00;-03:00;18,479999542236328;18,479999542236328;18,440000534057617;18,450000762939453;13500
2026-09-29;10:48:00;-03:00;18,459999084472656;18,459999084472656;18,459999084472656;18,459999084472656;1400
2026-09-29;10:49:00;-03:00;18,450000762939453;18,469999313354492;18,450000762939453;18,459999084472656;22500
2026-09-29;10:50:00;-03:00;18,459999084472656;18,469999313354492;18,450000762939453;18,459999084472656;6400
2026-09-29;10:51:00;-03:00;18,459999084472656;18,469999313354492;18,450000762939453;18,459999084472656;5800
2026-09-29;10:52:00;-03:00;18,459999084472656;18,469999313354492;18,450000762939453;18,459999084472656;15100
2026-09-29;10:53:00;-03:00;18,469999313354492;18,469999313354492;18,440000534057617;18,440000534057617;11100
2026-09-29;10:54:00;-03:00;18,440000534057617;18,450000762939453;18,440000534057617;18,450000762939453;1800
2026-09-29;10:55:00;-03:00;18,450000762939453;18,450000762939453;18,440000534057617;18,450000762939453;2000
2026-09-29;10:56:00;-03:00;18,440000534057617;18,450000762939453;18,440000534057617;18,450000762939453;1900
2026-09-29;10:57:00;-03:00;18,450000762939453;18,450000762939453;18,440000534057617;18,450000762939453;1600
2026-09-29;10:58:00;-03:00;18,440000534057617;18,459999084472656;18,43000030517578;18,459999084472656;25500
2026-09-29;10:59:00;-03:00;18,450000762939453;18,450000762939453;18,440000534057617;18,450000762939453;6100
2026-09-29;11:00:00;-03:00;18,450000762939453;18,489999771118164;18,450000762939453;18,489999771118164;64300
2026-09-29;11:01:00;-03:00;18,479999542236328;18,510000228881836;18,479999542236328;18,489999771118164;82600
2026-09-29;11:02:00;-03:00;18,5;18,5;18,479999542236328;18,479999542236328;11600
2026-09-29;11:03:00;-03:00;18,479999542236328;18,489999771118164;18,459999084472656;18,479999542236328;17000
2026-09-29;11:04:00;-03:00;18,489999771118164;18,5;18,469999313354492;18,5;11700
2026-09-29;11:05:00;-03:00;18,5;18,5;18,489999771118164;18,5;5700
2026-09-29;11:06:00;-03:00;18,5;18,520000457763672;18,5;18,520000457763672;22100
2026-09-29;11:07:00;-03:00;18,520000457763672;18,520000457763672;18,489999771118164;18,520000457763672;24300
2026-09-29;11:08:00;-03:00;18,520000457763672;18,530000686645508;18,520000457763672;18,530000686645508;5000
2026-09-29;11:09:00;-03:00;18,530000686645508;18,530000686645508;18,520000457763672;18,520000457763672;13100
2026-09-29;11:10:00;-03:00;18,520000457763672;18,530000686645508;18,520000457763672;18,520000457763672;6400
2026-09-29;11:11:00;-03:00;18,520000457763672;18,520000457763672;18,520000457763672;18,520000457763672;900
2026-09-29;11:12:00;-03:00;18,520000457763672;18,520000457763672;18,510000228881836;18,520000457763672;11700
2026-09-29;11:13:00;-03:00;18,520000457763672;18,530000686645508;18,5;18,520000457763672;14900
2026-09-29;11:14:00;-03:00;18,520000457763672;18,520000457763672;18,520000457763672;18,520000457763672;1800
2026-09-29;11:15:00;-03:00;18,520000457763672;18,520000457763672;18,469999313354492;18,469999313354492;39200
2026-09-29;11:16:00;-03:00;18,469999313354492;18,479999542236328;18,469999313354492;18,469999313354492;3200
2026-09-29;11:17:00;-03:00;18,479999542236328;18,5;18,469999313354492;18,5;7400
2026-09-29;11:18:00;-03:00;18,5;18,5;18,479999542236328;18,479999542236328;6600
2026-09-29;11:19:00;-03:00;18,489999771118164;18,489999771118164;18,479999542236328;18,489999771118164;6500
2026-09-29;11:20:00;-03:00;18,5;18,5;18,479999542236328;18,489999771118164;2400
2026-09-29;11:21:00;-03:00;18,479999542236328;18,489999771118164;18,479999542236328;18,489999771118164;1800
2026-09-29;11:22:00;-03:00;18,489999771118164;18,489999771118164;18,479999542236328;18,489999771118164;1800
2026-09-29;11:23:00;-03:00;18,479999542236328;18,489999771118164;18,479999542236328;18,489999771118164;2600
2026-09-29;11:24:00;-03:00;18,479999542236328;18,489999771118164;18,479999542236328;18,489999771118164;1600
2026-09-29;11:25:00;-03:00;18,489999771118164;18,489999771118164;18,469999313354492;18,489999771118164;8200
2026-09-29;11:26:00;-03:00;18,489999771118164;18,489999771118164;18,469999313354492;18,469999313354492;4000
2026-09-29;11:27:00;-03:00;18,479999542236328;18,479999542236328;18,469999313354492;18,469999313354492;2900
2026-09-29;11:28:00;-03:00;18,479999542236328;18,479999542236328;18,459999084472656;18,469999313354492;7300
2026-09-29;11:29:00;-03:00;18,469999313354492;18,479999542236328;18,459999084472656;18,469999313354492;13600
2026-09-29;11:30:00;-03:00;18,469999313354492;18,469999313354492;18,43000030517578;18,440000534057617;12400
2026-09-29;11:31:00;-03:00;18,440000534057617;18,440000534057617;18,43000030517578;18,440000534057617;4600
2026-09-29;11:32:00;-03:00;18,43000030517578;18,440000534057617;18,43000030517578;18,440000534057617;6500
2026-09-29;11:33:00;-03:00;18,43000030517578;18,440000534057617;18,420000076293945;18,440000534057617;5500
2026-09-29;11:34:00;-03:00;18,440000534057617;18,440000534057617;18,40999984741211;18,420000076293945;18600
2026-09-29;11:35:00;-03:00;18,43000030517578;18,43000030517578;18,420000076293945;18,43000030517578;3000
2026-09-29;11:36:00;-03:00;18,43000030517578;18,450000762939453;18,420000076293945;18,450000762939453;9900
2026-09-29;11:37:00;-03:00;18,440000534057617;18,440000534057617;18,43000030517578;18,440000534057617;9800
2026-09-29;11:38:00;-03:00;18,440000534057617;18,440000534057617;18,420000076293945;18,43000030517578;6600
2026-09-29;11:39:00;-03:00;18,43000030517578;18,440000534057617;18,420000076293945;18,43000030517578;14500
2026-09-29;11:40:00;-03:00;18,43000030517578;18,450000762939453;18,43000030517578;18,450000762939453;11600
2026-09-29;11:41:00;-03:00;18,450000762939453;18,450000762939453;18,43000030517578;18,43000030517578;10600
2026-09-29;11:42:00;-03:00;18,43000030517578;18,450000762939453;18,43000030517578;18,450000762939453;8300
2026-09-29;11:43:00;-03:00;18,450000762939453;18,459999084472656;18,450000762939453;18,450000762939453;9700
2026-09-29;11:44:00;-03:00;18,450000762939453;18,450000762939453;18,440000534057617;18,450000762939453;1600
2026-09-29;11:45:00;-03:00;18,450000762939453;18,450000762939453;18,43000030517578;18,440000534057617;12200
2026-09-29;11:46:00;-03:00;18,440000534057617;18,440000534057617;18,43000030517578;18,440000534057617;1800
2026-09-29;11:47:00;-03:00;18,43000030517578;18,450000762939453;18,43000030517578;18,450000762939453;8900
2026-09-29;11:48:00;-03:00;18,450000762939453;18,459999084472656;18,450000762939453;18,450000762939453;16000
2026-09-29;11:49:00;-03:00;18,450000762939453;18,450000762939453;18,450000762939453;18,450000762939453;600
2026-09-29;11:50:00;-03:00;18,450000762939453;18,450000762939453;18,440000534057617;18,450000762939453;2000
2026-09-29;11:51:00;-03:00;18,450000762939453;18,450000762939453;18,440000534057617;18,450000762939453;1700
2026-09-29;11:52:00;-03:00;18,440000534057617;18,450000762939453;18,440000534057617;18,440000534057617;12600
2026-09-29;11:53:00;-03:00;18,450000762939453;18,450000762939453;18,43000030517578;18,43000030517578;7900
2026-09-29;11:54:00;-03:00;18,440000534057617;18,440000534057617;18,43000030517578;18,440000534057617;3100
2026-09-29;11:55:00;-03:00;18,440000534057617;18,440000534057617;18,43000030517578;18,440000534057617;1900
2026-09-29;11:56:00;-03:00;18,440000534057617;18,450000762939453;18,440000534057617;18,440000534057617;20000
2026-09-29;11:57:00;-03:00;18,440000534057617;18,440000534057617;18,43000030517578;18,440000534057617;1900
2026-09-29;11:58:00;-03:00;18,440000534057617;18,440000534057617;18,420000076293945;18,43000030517578;8500
2026-09-29;11:59:00;-03:00;18,43000030517578;18,440000534057617;18,43000030517578;18,43000030517578;18600
2026-09-29;12:00:00;-03:00;18,43000030517578;18,440000534057617;18,420000076293945;18,43000030517578;10200
2026-09-29;12:01:00;-03:00;18,43000030517578;18,43000030517578;18,420000076293945;18,43000030517578;1800
2026-09-29;12:02:00;-03:00;18,43000030517578;18,440000534057617;18,420000076293945;18,43000030517578;10300
2026-09-29;12:03:00;-03:00;18,420000076293945;18,43000030517578;18,40999984741211;18,420000076293945;7300
2026-09-29;12:04:00;-03:00;18,420000076293945;18,420000076293945;18,40999984741211;18,420000076293945;2400
2026-09-29;12:05:00;-03:00;18,420000076293945;18,420000076293945;18,40999984741211;18,40999984741211;8200
2026-09-29;12:06:00;-03:00;18,40999984741211;18,420000076293945;18,40999984741211;18,420000076293945;1700
2026-09-29;12:07:00;-03:00;18,420000076293945;18,43000030517578;18,40999984741211;18,420000076293945;17300
2026-09-29;12:08:00;-03:00;18,420000076293945;18,420000076293945;18,40999984741211;18,420000076293945;2400
2026-09-29;12:09:00;-03:00;18,420000076293945;18,420000076293945;18,40999984741211;18,40999984741211;2000
2026-09-29;12:10:00;-03:00;18,420000076293945;18,420000076293945;18,40999984741211;18,420000076293945;2800
2026-09-29;12:11:00;-03:00;18,420000076293945;18,420000076293945;18,40999984741211;18,420000076293945;2800
2026-09-29;12:12:00;-03:00;18,40999984741211;18,43000030517578;18,40999984741211;18,420000076293945;12600
2026-09-29;12:13:00;-03:00;18,43000030517578;18,43000030517578;18,420000076293945;18,43000030517578;3400
2026-09-29;12:14:00;-03:00;18,43000030517578;18,43000030517578;18,399999618530273;18,40999984741211;12500
2026-09-29;12:15:00;-03:00;18,40999984741211;18,40999984741211;18,399999618530273;18,40999984741211;2300
2026-09-29;12:16:00;-03:00;18,40999984741211;18,40999984741211;18,399999618530273;18,40999984741211;2400
2026-09-29;12:17:00;-03:00;18,40999984741211;18,40999984741211;18,399999618530273;18,40999984741211;2300
2026-09-29;12:18:00;-03:00;18,399999618530273;18,40999984741211;18,399999618530273;18,40999984741211;2700
2026-09-29;12:19:00;-03:00;18,40999984741211;18,40999984741211;18,399999618530273;18,399999618530273;3700
2026-09-29;12:20:00;-03:00;18,40999984741211;18,40999984741211;18,399999618530273;18,40999984741211;3200
2026-09-29;12:21:00;-03:00;18,399999618530273;18,40999984741211;18,389999389648438;18,399999618530273;35400
2026-09-29;12:22:00;-03:00;18,399999618530273;18,40999984741211;18,389999389648438;18,40999984741211;21100
2026-09-29;12:23:00;-03:00;18,40999984741211;18,40999984741211;18,389999389648438;18,399999618530273;6800
2026-09-29;12:24:00;-03:00;18,399999618530273;18,40999984741211;18,389999389648438;18,40999984741211;13600
2026-09-29;12:25:00;-03:00;18,40999984741211;18,40999984741211;18,389999389648438;18,389999389648438;7300
2026-09-29;12:26:00;-03:00;18,399999618530273;18,40999984741211;18,399999618530273;18,40999984741211;5000
2026-09-29;12:27:00;-03:00;18,40999984741211;18,40999984741211;18,399999618530273;18,40999984741211;13900
2026-09-29;12:28:00;-03:00;18,399999618530273;18,40999984741211;18,399999618530273;18,399999618530273;12700
2026-09-29;12:29:00;-03:00;18,389999389648438;18,399999618530273;18,389999389648438;18,399999618530273;1700
2026-09-29;12:30:00;-03:00;18,399999618530273;18,399999618530273;18,389999389648438;18,399999618530273;2400
2026-09-29;12:31:00;-03:00;18,399999618530273;18,399999618530273;18,389999389648438;18,399999618530273;2100
2026-09-29;12:32:00;-03:00;18,389999389648438;18,40999984741211;18,389999389648438;18,40999984741211;10900
2026-09-29;12:33:00;-03:00;18,40999984741211;18,420000076293945;18,399999618530273;18,420000076293945;10700
2026-09-29;12:34:00;-03:00;18,420000076293945;18,420000076293945;18,40999984741211;18,420000076293945;3100
2026-09-29;12:35:00;-03:00;18,420000076293945;18,420000076293945;18,40999984741211;18,420000076293945;2700
2026-09-29;12:36:00;-03:00;18,420000076293945;18,420000076293945;18,40999984741211;18,420000076293945;31000
2026-09-29;12:37:00;-03:00;18,420000076293945;18,420000076293945;18,420000076293945;18,420000076293945;2300
2026-09-29;12:38:00;-03:00;18,420000076293945;18,420000076293945;18,40999984741211;18,420000076293945;22400
2026-09-29;12:39:00;-03:00;18,420000076293945;18,420000076293945;18,40999984741211;18,420000076293945;6300
2026-09-29;12:40:00;-03:00;18,420000076293945;18,43000030517578;18,40999984741211;18,420000076293945;12200
2026-09-29;12:41:00;-03:00;18,420000076293945;18,420000076293945;18,40999984741211;18,420000076293945;3600
2026-09-29;12:42:00;-03:00;18,40999984741211;18,420000076293945;18,40999984741211;18,420000076293945;6600
2026-09-29;12:43:00;-03:00;18,420000076293945;18,420000076293945;18,399999618530273;18,40999984741211;14900
2026-09-29;12:44:00;-03:00;18,40999984741211;18,40999984741211;18,399999618530273;18,40999984741211;2700
2026-09-29;12:45:00;-03:00;18,40999984741211;18,40999984741211;18,399999618530273;18,40999984741211;3100
2026-09-29;12:46:00;-03:00;18,40999984741211;18,40999984741211;18,399999618530273;18,40999984741211;4900
2026-09-29;12:47:00;-03:00;18,40999984741211;18,420000076293945;18,399999618530273;18,420000076293945;59200
2026-09-29;12:48:00;-03:00;18,40999984741211;18,420000076293945;18,40999984741211;18,420000076293945;23800
2026-09-29;12:49:00;-03:00;18,40999984741211;18,420000076293945;18,399999618530273;18,420000076293945;12400
2026-09-29;12:50:00;-03:00;18,420000076293945;18,420000076293945;18,40999984741211;18,40999984741211;2100
2026-09-29;12:51:00;-03:00;18,420000076293945;18,420000076293945;18,399999618530273;18,40999984741211;6800
2026-09-29;12:52:00;-03:00;18,40999984741211;18,420000076293945;18,399999618530273;18,40999984741211;12900
2026-09-29;12:53:00;-03:00;18,399999618530273;18,399999618530273;18,389999389648438;18,399999618530273;11700
2026-09-29;12:54:00;-03:00;18,399999618530273;18,399999618530273;18,389999389648438;18,399999618530273;1700
2026-09-29;12:55:00;-03:00;18,399999618530273;18,399999618530273;18,3700008392334;18,3799991607666;17600
2026-09-29;12:56:00;-03:00;18,3799991607666;18,389999389648438;18,3799991607666;18,389999389648438;11400
2026-09-29;12:57:00;-03:00;18,389999389648438;18,389999389648438;18,3799991607666;18,389999389648438;2100
2026-09-29;12:58:00;-03:00;18,389999389648438;18,389999389648438;18,3799991607666;18,3799991607666;3300
2026-09-29;12:59:00;-03:00;18,389999389648438;18,389999389648438;18,3799991607666;18,389999389648438;2600
2026-09-29;13:00:00;-03:00;18,3799991607666;18,389999389648438;18,3799991607666;18,389999389648438;3400
2026-09-29;13:01:00;-03:00;18,3799991607666;18,389999389648438;18,3799991607666;18,389999389648438;2100
2026-09-29;13:02:00;-03:00;18,389999389648438;18,399999618530273;18,3799991607666;18,3799991607666;20500
2026-09-29;13:03:00;-03:00;18,389999389648438;18,389999389648438;18,3799991607666;18,3799991607666;1700
2026-09-29;13:04:00;-03:00;18,389999389648438;18,389999389648438;18,389999389648438;18,389999389648438;1800
2026-09-29;13:05:00;-03:00;18,389999389648438;18,389999389648438;18,3799991607666;18,389999389648438;7900
2026-09-29;13:06:00;-03:00;18,389999389648438;18,389999389648438;18,3799991607666;18,389999389648438;2500
2026-09-29;13:07:00;-03:00;18,389999389648438;18,389999389648438;18,3799991607666;18,389999389648438;4500
2026-09-29;13:08:00;-03:00;18,389999389648438;18,389999389648438;18,389999389648438;18,389999389648438;1900
2026-09-29;13:09:00;-03:00;18,389999389648438;18,399999618530273;18,389999389648438;18,399999618530273;5800
2026-09-29;13:10:00;-03:00;18,399999618530273;18,399999618530273;18,389999389648438;18,399999618530273;3800
2026-09-29;13:11:00;-03:00;18,399999618530273;18,399999618530273;18,389999389648438;18,389999389648438;4400
2026-09-29;13:12:00;-03:00;18,399999618530273;18,399999618530273;18,389999389648438;18,399999618530273;6300
2026-09-29;13:13:00;-03:00;18,399999618530273;18,399999618530273;18,389999389648438;18,399999618530273;1900
2026-09-29;13:14:00;-03:00;18,399999618530273;18,399999618530273;18,389999389648438;18,399999618530273;3300
2026-09-29;13:15:00;-03:00;18,399999618530273;18,399999618530273;18,389999389648438;18,389999389648438;4600
2026-09-29;13:16:00;-03:00;18,399999618530273;18,40999984741211;18,399999618530273;18,40999984741211;6500
2026-09-29;13:17:00;-03:00;18,40999984741211;18,40999984741211;18,399999618530273;18,40999984741211;3200
2026-09-29;13:18:00;-03:00;18,40999984741211;18,40999984741211;18,399999618530273;18,40999984741211;2000
2026-09-29;13:19:00;-03:00;18,40999984741211;18,40999984741211;18,399999618530273;18,40999984741211;4400
2026-09-29;13:20:00;-03:00;18,40999984741211;18,420000076293945;18,40999984741211;18,40999984741211;9600
2026-09-29;13:21:00;-03:00;18,40999984741211;18,420000076293945;18,399999618530273;18,40999984741211;21400
2026-09-29;13:22:00;-03:00;18,399999618530273;18,420000076293945;18,399999618530273;18,40999984741211;9900
2026-09-29;13:23:00;-03:00;18,40999984741211;18,420000076293945;18,399999618530273;18,40999984741211;4600
2026-09-29;13:24:00;-03:00;18,420000076293945;18,420000076293945;18,420000076293945;18,420000076293945;8900
2026-09-29;13:25:00;-03:00;18,420000076293945;18,420000076293945;18,40999984741211;18,420000076293945;7100
2026-09-29;13:26:00;-03:00;18,420000076293945;18,420000076293945;18,40999984741211;18,420000076293945;2000
2026-09-29;13:27:00;-03:00;18,420000076293945;18,420000076293945;18,420000076293945;18,420000076293945;1900
2026-09-29;13:28:00;-03:00;18,420000076293945;18,420000076293945;18,40999984741211;18,420000076293945;2200
2026-09-29;13:29:00;-03:00;18,420000076293945;18,420000076293945;18,420000076293945;18,420000076293945;53200
2026-09-29;13:30:00;-03:00;18,420000076293945;18,420000076293945;18,40999984741211;18,420000076293945;2700
2026-09-29;13:31:00;-03:00;18,420000076293945;18,420000076293945;18,420000076293945;18,420000076293945;3300
2026-09-29;13:32:00;-03:00;18,420000076293945;18,420000076293945;18,40999984741211;18,420000076293945;2500
2026-09-29;13:33:00;-03:00;18,420000076293945;18,420000076293945;18,40999984741211;18,420000076293945;2900
2026-09-29;13:34:00;-03:00;18,420000076293945;18,420000076293945;18,40999984741211;18,420000076293945;2100
2026-09-29;13:35:00;-03:00;18,420000076293945;18,420000076293945;18,40999984741211;18,420000076293945;2900
2026-09-29;13:36:00;-03:00;18,420000076293945;18,420000076293945;18,40999984741211;18,420000076293945;2400
2026-09-29;13:37:00;-03:00;18,40999984741211;18,420000076293945;18,40999984741211;18,420000076293945;2800
2026-09-29;13:38:00;-03:00;18,420000076293945;18,43000030517578;18,420000076293945;18,43000030517578;14600
2026-09-29;13:39:00;-03:00;18,43000030517578;18,43000030517578;18,43000030517578;18,43000030517578;57100
2026-09-29;13:40:00;-03:00;18,43000030517578;18,43000030517578;18,43000030517578;18,43000030517578;3200
2026-09-29;13:41:00;-03:00;18,43000030517578;18,43000030517578;18,420000076293945;18,43000030517578;3100
2026-09-29;13:42:00;-03:00;18,43000030517578;18,43000030517578;18,420000076293945;18,43000030517578;2400
2026-09-29;13:43:00;-03:00;18,43000030517578;18,43000030517578;18,420000076293945;18,43000030517578;3500
2026-09-29;13:44:00;-03:00;18,43000030517578;18,43000030517578;18,420000076293945;18,43000030517578;1900
2026-09-29;13:45:00;-03:00;18,43000030517578;18,43000030517578;18,40999984741211;18,40999984741211;17300
2026-09-29;13:46:00;-03:00;18,420000076293945;18,43000030517578;18,40999984741211;18,420000076293945;12800
2026-09-29;13:47:00;-03:00;18,420000076293945;18,420000076293945;18,40999984741211;18,420000076293945;2900
2026-09-29;13:48:00;-03:00;18,420000076293945;18,420000076293945;18,40999984741211;18,420000076293945;1800
2026-09-29;13:49:00;-03:00;18,420000076293945;18,420000076293945;18,399999618530273;18,40999984741211;14400
2026-09-29;13:50:00;-03:00;18,40999984741211;18,40999984741211;18,399999618530273;18,40999984741211;1200
2026-09-29;13:51:00;-03:00;18,40999984741211;18,40999984741211;18,399999618530273;18,40999984741211;5900
2026-09-29;13:52:00;-03:00;18,399999618530273;18,420000076293945;18,399999618530273;18,40999984741211;18200
2026-09-29;13:53:00;-03:00;18,420000076293945;18,420000076293945;18,40999984741211;18,420000076293945;2700
2026-09-29;13:54:00;-03:00;18,420000076293945;18,420000076293945;18,420000076293945;18,420000076293945;1500
2026-09-29;13:55:00;-03:00;18,420000076293945;18,43000030517578;18,40999984741211;18,420000076293945;13200
2026-09-29;13:56:00;-03:00;18,43000030517578;18,43000030517578;18,420000076293945;18,43000030517578;2600
2026-09-29;13:57:00;-03:00;18,43000030517578;18,43000030517578;18,420000076293945;18,43000030517578;21400
2026-09-29;13:58:00;-03:00;18,43000030517578;18,43000030517578;18,420000076293945;18,43000030517578;9600
2026-09-29;13:59:00;-03:00;18,43000030517578;18,43000030517578;18,420000076293945;18,43000030517578;3100
2026-09-29;14:00:00;-03:00;18,43000030517578;18,43000030517578;18,420000076293945;18,43000030517578;28100
2026-09-29;14:01:00;-03:00;18,420000076293945;18,420000076293945;18,40999984741211;18,420000076293945;9900
2026-09-29;14:02:00;-03:00;18,420000076293945;18,420000076293945;18,40999984741211;18,420000076293945;2300
2026-09-29;14:03:00;-03:00;18,420000076293945;18,420000076293945;18,40999984741211;18,420000076293945;1700
2026-09-29;14:04:00;-03:00;18,420000076293945;18,420000076293945;18,40999984741211;18,40999984741211;3100
2026-09-29;14:05:00;-03:00;18,420000076293945;18,420000076293945;18,40999984741211;18,420000076293945;3100
2026-09-29;14:06:00;-03:00;18,420000076293945;18,420000076293945;18,40999984741211;18,420000076293945;2100
2026-09-29;14:07:00;-03:00;18,420000076293945;18,43000030517578;18,40999984741211;18,43000030517578;20300
2026-09-29;14:08:00;-03:00;18,43000030517578;18,43000030517578;18,420000076293945;18,420000076293945;2500
2026-09-29;14:09:00;-03:00;18,43000030517578;18,43000030517578;18,420000076293945;18,43000030517578;25900
2026-09-29;14:10:00;-03:00;18,43000030517578;18,43000030517578;18,420000076293945;18,43000030517578;2500
2026-09-29;14:11:00;-03:00;18,43000030517578;18,43000030517578;18,420000076293945;18,43000030517578;2300
2026-09-29;14:12:00;-03:00;18,43000030517578;18,43000030517578;18,420000076293945;18,43000030517578;6800
2026-09-29;14:13:00;-03:00;18,43000030517578;18,43000030517578;18,420000076293945;18,43000030517578;2000
2026-09-29;14:14:00;-03:00;18,420000076293945;18,43000030517578;18,420000076293945;18,43000030517578;4000
2026-09-29;14:15:00;-03:00;18,43000030517578;18,43000030517578;18,420000076293945;18,420000076293945;2100
2026-09-29;14:16:00;-03:00;18,43000030517578;18,43000030517578;18,420000076293945;18,420000076293945;3100
2026-09-29;14:17:00;-03:00;18,43000030517578;18,43000030517578;18,420000076293945;18,43000030517578;2900
2026-09-29;14:18:00;-03:00;18,43000030517578;18,43000030517578;18,420000076293945;18,43000030517578;3700
2026-09-29;14:19:00;-03:00;18,43000030517578;18,43000030517578;18,420000076293945;18,43000030517578;2500
2026-09-29;14:20:00;-03:00;18,43000030517578;18,43000030517578;18,420000076293945;18,420000076293945;2800
2026-09-29;14:21:00;-03:00;18,43000030517578;18,43000030517578;18,420000076293945;18,43000030517578;3300
2026-09-29;14:22:00;-03:00;18,43000030517578;18,43000030517578;18,420000076293945;18,43000030517578;3200
2026-09-29;14:23:00;-03:00;18,43000030517578;18,43000030517578;18,420000076293945;18,420000076293945;2300
2026-09-29;14:24:00;-03:00;18,43000030517578;18,43000030517578;18,420000076293945;18,43000030517578;4100
2026-09-29;14:25:00;-03:00;18,43000030517578;18,43000030517578;18,420000076293945;18,43000030517578;2600
2026-09-29;14:26:00;-03:00;18,43000030517578;18,43000030517578;18,420000076293945;18,43000030517578;3100
2026-09-29;14:27:00;-03:00;18,43000030517578;18,43000030517578;18,420000076293945;18,43000030517578;7100
2026-09-29;14:28:00;-03:00;18,420000076293945;18,43000030517578;18,420000076293945;18,43000030517578;15200
2026-09-29;14:29:00;-03:00;18,43000030517578;18,43000030517578;18,420000076293945;18,43000030517578;76200
2026-09-29;14:30:00;-03:00;18,420000076293945;18,43000030517578;18,420000076293945;18,43000030517578;2900
2026-09-29;14:31:00;-03:00;18,43000030517578;18,43000030517578;18,420000076293945;18,420000076293945;199700
2026-09-29;14:32:00;-03:00;18,420000076293945;18,420000076293945;18,40999984741211;18,420000076293945;3000
2026-09-29;14:33:00;-03:00;18,420000076293945;18,420000076293945;18,40999984741211;18,420000076293945;19500
2026-09-29;14:34:00;-03:00;18,420000076293945;18,420000076293945;18,40999984741211;18,420000076293945;4300
2026-09-29;14:35:00;-03:00;18,420000076293945;18,420000076293945;18,40999984741211;18,420000076293945;3600
2026-09-29;14:36:00;-03:00;18,40999984741211;18,420000076293945;18,40999984741211;18,40999984741211;5300
2026-09-29;14:37:00;-03:00;18,420000076293945;18,43000030517578;18,40999984741211;18,43000030517578;16900
2026-09-29;14:38:00;-03:00;18,43000030517578;18,43000030517578;18,420000076293945;18,43000030517578;6100
2026-09-29;14:39:00;-03:00;18,43000030517578;18,43000030517578;18,43000030517578;18,43000030517578;1800
2026-09-29;14:40:00;-03:00;18,420000076293945;18,43000030517578;18,40999984741211;18,420000076293945;21600
2026-09-29;14:41:00;-03:00;18,420000076293945;18,420000076293945;18,40999984741211;18,40999984741211;10800
2026-09-29;14:42:00;-03:00;18,420000076293945;18,43000030517578;18,40999984741211;18,43000030517578;16100
2026-09-29;14:43:00;-03:00;18,43000030517578;18,43000030517578;18,420000076293945;18,43000030517578;8500
2026-09-29;14:44:00;-03:00;18,43000030517578;18,43000030517578;18,420000076293945;18,43000030517578;4300
2026-09-29;14:45:00;-03:00;18,420000076293945;18,43000030517578;18,40999984741211;18,420000076293945;13700
2026-09-29;14:46:00;-03:00;18,420000076293945;18,43000030517578;18,40999984741211;18,420000076293945;13500
2026-09-29;14:47:00;-03:00;18,420000076293945;18,420000076293945;18,40999984741211;18,420000076293945;13300
2026-09-29;14:48:00;-03:00;18,420000076293945;18,420000076293945;18,40999984741211;18,420000076293945;9800
2026-09-29;14:49:00;-03:00;18,420000076293945;18,420000076293945;18,40999984741211;18,420000076293945;12600
2026-09-29;14:50:00;-03:00;18,43000030517578;18,43000030517578;18,420000076293945;18,43000030517578;11200
2026-09-29;14:51:00;-03:00;18,43000030517578;18,43000030517578;18,420000076293945;18,420000076293945;7200
2026-09-29;14:52:00;-03:00;18,43000030517578;18,43000030517578;18,420000076293945;18,43000030517578;7500
2026-09-29;14:53:00;-03:00;18,43000030517578;18,43000030517578;18,420000076293945;18,420000076293945;24000
2026-09-29;14:54:00;-03:00;18,43000030517578;18,43000030517578;18,40999984741211;18,420000076293945;6100
2026-09-29;14:55:00;-03:00;18,43000030517578;18,43000030517578;18,40999984741211;18,40999984741211;9100
2026-09-29;14:56:00;-03:00;18,40999984741211;18,420000076293945;18,40999984741211;18,420000076293945;5400
2026-09-29;14:57:00;-03:00;18,420000076293945;18,420000076293945;18,399999618530273;18,399999618530273;7100
2026-09-29;14:58:00;-03:00;18,420000076293945;18,420000076293945;18,40999984741211;18,420000076293945;6100
2026-09-29;14:59:00;-03:00;18,420000076293945;18,43000030517578;18,40999984741211;18,40999984741211;18200
2026-09-29;15:00:00;-03:00;18,420000076293945;18,440000534057617;18,40999984741211;18,440000534057617;206000
2026-09-29;15:01:00;-03:00;18,440000534057617;18,440000534057617;18,399999618530273;18,40999984741211;81100
2026-09-29;15:02:00;-03:00;18,399999618530273;18,40999984741211;18,399999618530273;18,40999984741211;10100
2026-09-29;15:03:00;-03:00;18,40999984741211;18,40999984741211;18,399999618530273;18,40999984741211;9100
2026-09-29;15:04:00;-03:00;18,40999984741211;18,40999984741211;18,389999389648438;18,40999984741211;18700
2026-09-29;15:05:00;-03:00;18,40999984741211;18,40999984741211;18,399999618530273;18,399999618530273;5400
2026-09-29;15:06:00;-03:00;18,40999984741211;18,40999984741211;18,389999389648438;18,40999984741211;14000
2026-09-29;15:07:00;-03:00;18,399999618530273;18,40999984741211;18,399999618530273;18,40999984741211;7300
2026-09-29;15:08:00;-03:00;18,40999984741211;18,40999984741211;18,399999618530273;18,40999984741211;14200
2026-09-29;15:09:00;-03:00;18,40999984741211;18,40999984741211;18,399999618530273;18,40999984741211;3000
2026-09-29;15:10:00;-03:00;18,399999618530273;18,40999984741211;18,399999618530273;18,40999984741211;6600
2026-09-29;15:11:00;-03:00;18,399999618530273;18,40999984741211;18,399999618530273;18,40999984741211;8400
2026-09-29;15:12:00;-03:00;18,399999618530273;18,40999984741211;18,399999618530273;18,40999984741211;8600
2026-09-29;15:13:00;-03:00;18,399999618530273;18,40999984741211;18,389999389648438;18,40999984741211;8600
2026-09-29;15:14:00;-03:00;18,40999984741211;18,420000076293945;18,399999618530273;18,40999984741211;15700
2026-09-29;15:15:00;-03:00;18,40999984741211;18,420000076293945;18,399999618530273;18,40999984741211;4600
2026-09-29;15:16:00;-03:00;18,399999618530273;18,420000076293945;18,399999618530273;18,399999618530273;9300
2026-09-29;15:17:00;-03:00;18,420000076293945;18,420000076293945;18,399999618530273;18,40999984741211;5200
2026-09-29;15:18:00;-03:00;18,399999618530273;18,420000076293945;18,399999618530273;18,420000076293945;24100
2026-09-29;15:19:00;-03:00;18,420000076293945;18,420000076293945;18,420000076293945;18,420000076293945;1700
2026-09-29;15:20:00;-03:00;18,40999984741211;18,420000076293945;18,40999984741211;18,420000076293945;13700
2026-09-29;15:21:00;-03:00;18,40999984741211;18,420000076293945;18,40999984741211;18,420000076293945;12600
2026-09-29;15:22:00;-03:00;18,420000076293945;18,420000076293945;18,40999984741211;18,420000076293945;9000
2026-09-29;15:23:00;-03:00;18,420000076293945;18,43000030517578;18,420000076293945;18,43000030517578;5000
2026-09-29;15:24:00;-03:00;18,43000030517578;18,43000030517578;18,420000076293945;18,43000030517578;2400
2026-09-29;15:25:00;-03:00;18,43000030517578;18,43000030517578;18,420000076293945;18,43000030517578;5500
2026-09-29;15:26:00;-03:00;18,43000030517578;18,43000030517578;18,420000076293945;18,43000030517578;8800
2026-09-29;15:27:00;-03:00;18,43000030517578;18,43000030517578;18,420000076293945;18,43000030517578;3700
2026-09-29;15:28:00;-03:00;18,43000030517578;18,43000030517578;18,43000030517578;18,43000030517578;5100
2026-09-29;15:29:00;-03:00;18,43000030517578;18,440000534057617;18,43000030517578;18,43000030517578;4100
2026-09-29;15:30:00;-03:00;18,420000076293945;18,440000534057617;18,420000076293945;18,440000534057617;18300
2026-09-29;15:31:00;-03:00;18,440000534057617;18,440000534057617;18,43000030517578;18,43000030517578;8300
2026-09-29;15:32:00;-03:00;18,420000076293945;18,43000030517578;18,420000076293945;18,43000030517578;1700
2026-09-29;15:33:00;-03:00;18,420000076293945;18,43000030517578;18,420000076293945;18,420000076293945;1500
2026-09-29;15:34:00;-03:00;18,43000030517578;18,440000534057617;18,420000076293945;18,440000534057617;14100
2026-09-29;15:35:00;-03:00;18,440000534057617;18,440000534057617;18,420000076293945;18,43000030517578;9400
2026-09-29;15:36:00;-03:00;18,420000076293945;18,43000030517578;18,420000076293945;18,420000076293945;6900
2026-09-29;15:37:00;-03:00;18,43000030517578;18,440000534057617;18,420000076293945;18,440000534057617;8700
2026-09-29;15:38:00;-03:00;18,440000534057617;18,440000534057617;18,43000030517578;18,43000030517578;18900
2026-09-29;15:39:00;-03:00;18,440000534057617;18,440000534057617;18,43000030517578;18,440000534057617;6000
2026-09-29;15:40:00;-03:00;18,440000534057617;18,440000534057617;18,43000030517578;18,440000534057617;39000
2026-09-29;15:41:00;-03:00;18,440000534057617;18,440000534057617;18,43000030517578;18,440000534057617;8400
2026-09-29;15:42:00;-03:00;18,440000534057617;18,489999771118164;18,43000030517578;18,479999542236328;431500
2026-09-29;15:43:00;-03:00;18,489999771118164;18,489999771118164;18,479999542236328;18,489999771118164;5400
2026-09-29;15:44:00;-03:00;18,489999771118164;18,510000228881836;18,479999542236328;18,510000228881836;18100
2026-09-29;15:45:00;-03:00;18,510000228881836;18,510000228881836;18,489999771118164;18,5;15200
2026-09-29;15:46:00;-03:00;18,510000228881836;18,510000228881836;18,5;18,5;18800
2026-09-29;15:47:00;-03:00;18,510000228881836;18,510000228881836;18,5;18,510000228881836;28500
2026-09-29;15:48:00;-03:00;18,510000228881836;18,510000228881836;18,489999771118164;18,5;11600
2026-09-29;15:49:00;-03:00;18,5;18,510000228881836;18,5;18,510000228881836;12000
2026-09-29;15:50:00;-03:00;18,510000228881836;18,520000457763672;18,5;18,520000457763672;18800
2026-09-29;15:51:00;-03:00;18,520000457763672;18,520000457763672;18,489999771118164;18,5;21800
2026-09-29;15:52:00;-03:00;18,5;18,5;18,489999771118164;18,489999771118164;2600
2026-09-29;15:53:00;-03:00;18,489999771118164;18,5;18,479999542236328;18,489999771118164;20700
2026-09-29;15:54:00;-03:00;18,489999771118164;18,489999771118164;18,479999542236328;18,479999542236328;2300
2026-09-29;15:55:00;-03:00;18,479999542236328;18,489999771118164;18,469999313354492;18,479999542236328;25000
2026-09-29;15:56:00;-03:00;18,479999542236328;18,479999542236328;18,469999313354492;18,469999313354492;4100
2026-09-29;15:57:00;-03:00;18,469999313354492;18,479999542236328;18,469999313354492;18,469999313354492;2900
2026-09-29;15:58:00;-03:00;18,479999542236328;18,479999542236328;18,459999084472656;18,469999313354492;25300
2026-09-29;15:59:00;-03:00;18,459999084472656;18,469999313354492;18,459999084472656;18,459999084472656;16100
2026-09-29;16:00:00;-03:00;18,450000762939453;18,459999084472656;18,450000762939453;18,459999084472656;9500
2026-09-29;16:01:00;-03:00;18,459999084472656;18,469999313354492;18,450000762939453;18,469999313354492;15900
2026-09-29;16:02:00;-03:00;18,459999084472656;18,469999313354492;18,459999084472656;18,469999313354492;11400
2026-09-29;16:03:00;-03:00;18,459999084472656;18,469999313354492;18,459999084472656;18,469999313354492;19100
2026-09-29;16:04:00;-03:00;18,459999084472656;18,469999313354492;18,459999084472656;18,469999313354492;8600
2026-09-29;16:05:00;-03:00;18,469999313354492;18,469999313354492;18,459999084472656;18,459999084472656;8500
2026-09-29;16:06:00;-03:00;18,469999313354492;18,479999542236328;18,459999084472656;18,469999313354492;15700
2026-09-29;16:07:00;-03:00;18,469999313354492;18,469999313354492;18,450000762939453;18,469999313354492;12500
2026-09-29;16:08:00;-03:00;18,469999313354492;18,469999313354492;18,459999084472656;18,469999313354492;10500
2026-09-29;16:09:00;-03:00;18,469999313354492;18,469999313354492;18,459999084472656;18,469999313354492;20700
2026-09-29;16:10:00;-03:00;18,469999313354492;18,469999313354492;18,459999084472656;18,469999313354492;5500
2026-09-29;16:11:00;-03:00;18,469999313354492;18,469999313354492;18,450000762939453;18,469999313354492;17800
2026-09-29;16:12:00;-03:00;18,459999084472656;18,469999313354492;18,459999084472656;18,469999313354492;14500
2026-09-29;16:13:00;-03:00;18,469999313354492;18,469999313354492;18,459999084472656;18,469999313354492;14900
2026-09-29;16:14:00;-03:00;18,469999313354492;18,469999313354492;18,459999084472656;18,469999313354492;25700
2026-09-29;16:15:00;-03:00;18,459999084472656;18,469999313354492;18,450000762939453;18,459999084472656;5800
2026-09-29;16:16:00;-03:00;18,450000762939453;18,459999084472656;18,450000762939453;18,459999084472656;13100
2026-09-29;16:17:00;-03:00;18,450000762939453;18,459999084472656;18,450000762939453;18,450000762939453;9400
2026-09-29;16:18:00;-03:00;18,459999084472656;18,459999084472656;18,450000762939453;18,459999084472656;8900
2026-09-29;16:19:00;-03:00;18,450000762939453;18,459999084472656;18,450000762939453;18,459999084472656;2100
2026-09-29;16:20:00;-03:00;18,450000762939453;18,459999084472656;18,450000762939453;18,459999084472656;1900
2026-09-29;16:21:00;-03:00;18,459999084472656;18,469999313354492;18,450000762939453;18,469999313354492;27500
2026-09-29;16:22:00;-03:00;18,469999313354492;18,469999313354492;18,459999084472656;18,469999313354492;2500
2026-09-29;16:23:00;-03:00;18,459999084472656;18,469999313354492;18,459999084472656;18,469999313354492;8100
2026-09-29;16:24:00;-03:00;18,469999313354492;18,469999313354492;18,459999084472656;18,469999313354492;4200
2026-09-29;16:25:00;-03:00;18,469999313354492;18,489999771118164;18,469999313354492;18,489999771118164;28500
2026-09-29;16:26:00;-03:00;18,489999771118164;18,5;18,489999771118164;18,5;20400
2026-09-29;16:27:00;-03:00;18,489999771118164;18,5;18,489999771118164;18,489999771118164;5900
2026-09-29;16:28:00;-03:00;18,489999771118164;18,510000228881836;18,489999771118164;18,5;654700
2026-09-29;16:29:00;-03:00;18,5;18,510000228881836;18,489999771118164;18,489999771118164;19200
2026-09-29;16:30:00;-03:00;18,5;18,530000686645508;18,489999771118164;18,530000686645508;304700
2026-09-29;16:31:00;-03:00;18,530000686645508;18,530000686645508;18,520000457763672;18,530000686645508;8200
2026-09-29;16:32:00;-03:00;18,530000686645508;18,56999969482422;18,530000686645508;18,559999465942383;57500
2026-09-29;16:33:00;-03:00;18,56999969482422;18,579999923706055;18,549999237060547;18,549999237060547;28700
2026-09-29;16:34:00;-03:00;18,559999465942383;18,579999923706055;18,559999465942383;18,579999923706055;28700
2026-09-29;16:35:00;-03:00;18,579999923706055;18,59000015258789;18,559999465942383;18,59000015258789;59800
2026-09-29;16:36:00;-03:00;18,59000015258789;18,600000381469727;18,579999923706055;18,579999923706055;23600
2026-09-29;16:37:00;-03:00;18,59000015258789;18,59000015258789;18,579999923706055;18,579999923706055;20700
2026-09-29;16:38:00;-03:00;18,59000015258789;18,59000015258789;18,579999923706055;18,579999923706055;10400
2026-09-29;16:39:00;-03:00;18,59000015258789;18,600000381469727;18,56999969482422;18,56999969482422;45200
2026-09-29;16:40:00;-03:00;18,579999923706055;18,579999923706055;18,56999969482422;18,56999969482422;14100
2026-09-29;16:41:00;-03:00;18,579999923706055;18,579999923706055;18,56999969482422;18,56999969482422;27600
2026-09-29;16:42:00;-03:00;18,579999923706055;18,59000015258789;18,56999969482422;18,59000015258789;13600
2026-09-29;16:43:00;-03:00;18,579999923706055;18,600000381469727;18,579999923706055;18,59000015258789;12500
2026-09-29;16:44:00;-03:00;18,600000381469727;18,600000381469727;18,59000015258789;18,600000381469727;11500
2026-09-29;16:45:00;-03:00;18,600000381469727;18,610000610351562;18,59000015258789;18,600000381469727;54700
2026-09-29;16:46:00;-03:00;18,610000610351562;18,6200008392334;18,600000381469727;18,6200008392334;21700
2026-09-29;16:47:00;-03:00;18,6200008392334;18,6200008392334;18,59000015258789;18,59000015258789;28600
2026-09-29;16:48:00;-03:00;18,600000381469727;18,600000381469727;18,59000015258789;18,600000381469727;10000
2026-09-29;16:49:00;-03:00;18,600000381469727;18,600000381469727;18,59000015258789;18,600000381469727;14000
2026-09-29;16:50:00;-03:00;18,59000015258789;18,600000381469727;18,59000015258789;18,600000381469727;5500
2026-09-29;16:51:00;-03:00;18,59000015258789;18,600000381469727;18,59000015258789;18,600000381469727;12800
2026-09-29;16:52:00;-03:00;18,600000381469727;18,600000381469727;18,579999923706055;18,579999923706055;211900
2026-09-29;16:53:00;-03:00;18,56999969482422;18,600000381469727;18,56999969482422;18,59000015258789;79500
2026-09-29;16:54:00;-03:00;18,600000381469727;18,6200008392334;18,579999923706055;18,59000015258789;15400
2026-09-30;10:09:00;-03:00;19,010000228881836;19,079999923706055;18,6299991607666;18,760000228881836;0
2026-09-30;10:10:00;-03:00;18,760000228881836;18,889999389648438;18,760000228881836;18,889999389648438;23500
2026-09-30;10:11:00;-03:00;18,8700008392334;18,8700008392334;18,809999465942383;18,829999923706055;12200
2026-09-30;10:12:00;-03:00;18,81999969482422;18,829999923706055;18,75;18,75;6000
2026-09-30;10:13:00;-03:00;18,770000457763672;18,850000381469727;18,75;18,850000381469727;31600
2026-09-30;10:14:00;-03:00;18,84000015258789;18,8700008392334;18,799999237060547;18,8700008392334;12500
2026-09-30;10:15:00;-03:00;18,8799991607666;18,920000076293945;18,829999923706055;18,920000076293945;27600
2026-09-30;10:16:00;-03:00;18,920000076293945;18,940000534057617;18,899999618530273;18,899999618530273;9500
2026-09-30;10:17:00;-03:00;18,90999984741211;18,90999984741211;18,8799991607666;18,8799991607666;5800
2026-09-30;10:18:00;-03:00;18,8700008392334;18,8700008392334;18,799999237060547;18,799999237060547;9800
2026-09-30;10:19:00;-03:00;18,799999237060547;18,799999237060547;18,75;18,75;27600
2026-09-30;10:20:00;-03:00;18,75;18,760000228881836;18,719999313354492;18,729999542236328;33000
2026-09-30;10:21:00;-03:00;18,729999542236328;18,75;18,729999542236328;18,739999771118164;14700
2026-09-30;10:22:00;-03:00;18,739999771118164;18,75;18,739999771118164;18,739999771118164;9800
2026-09-30;10:23:00;-03:00;18,739999771118164;18,739999771118164;18,729999542236328;18,729999542236328;7200
2026-09-30;10:24:00;-03:00;18,729999542236328;18,760000228881836;18,719999313354492;18,760000228881836;21400
2026-09-30;10:25:00;-03:00;18,760000228881836;18,780000686645508;18,760000228881836;18,760000228881836;7200
2026-09-30;10:26:00;-03:00;18,770000457763672;18,770000457763672;18,739999771118164;18,739999771118164;9400
2026-09-30;10:27:00;-03:00;18,739999771118164;18,739999771118164;18,709999084472656;18,719999313354492;2900
2026-09-30;10:28:00;-03:00;18,709999084472656;18,709999084472656;18,68000030517578;18,709999084472656;17700
2026-09-30;10:29:00;-03:00;18,709999084472656;18,780000686645508;18,68000030517578;18,75;34300
2026-09-30;10:30:00;-03:00;18,760000228881836;18,780000686645508;18,760000228881836;18,770000457763672;12500
2026-09-30;10:31:00;-03:00;18,75;18,799999237060547;18,729999542236328;18,780000686645508;21800
2026-09-30;10:32:00;-03:00;18,780000686645508;18,799999237060547;18,760000228881836;18,799999237060547;29400
2026-09-30;10:33:00;-03:00;18,799999237060547;18,829999923706055;18,790000915527344;18,799999237060547;16900
2026-09-30;10:34:00;-03:00;18,790000915527344;18,799999237060547;18,780000686645508;18,780000686645508;15300
2026-09-30;10:35:00;-03:00;18,790000915527344;18,799999237060547;18,770000457763672;18,780000686645508;11900
2026-09-30;10:36:00;-03:00;18,780000686645508;18,780000686645508;18,75;18,760000228881836;21700
2026-09-30;10:37:00;-03:00;18,75;18,75;18,75;18,75;7800
2026-09-30;10:38:00;-03:00;18,75;18,75;18,719999313354492;18,719999313354492;12400
2026-09-30;10:39:00;-03:00;18,719999313354492;18,719999313354492;18,709999084472656;18,709999084472656;5100
2026-09-30;10:40:00;-03:00;18,709999084472656;18,719999313354492;18,709999084472656;18,719999313354492;8500
2026-09-30;10:41:00;-03:00;18,719999313354492;18,719999313354492;18,700000762939453;18,700000762939453;7200
2026-09-30;10:42:00;-03:00;18,700000762939453;18,709999084472656;18,690000534057617;18,709999084472656;15000
2026-09-30;10:43:00;-03:00;18,709999084472656;18,709999084472656;18,700000762939453;18,709999084472656;17400
2026-09-30;10:44:00;-03:00;18,709999084472656;18,709999084472656;18,690000534057617;18,690000534057617;12100
2026-09-30;10:45:00;-03:00;18,700000762939453;18,719999313354492;18,700000762939453;18,709999084472656;13500
2026-09-30;10:46:00;-03:00;18,709999084472656;18,780000686645508;18,709999084472656;18,739999771118164;97400
2026-09-30;10:47:00;-03:00;18,739999771118164;18,739999771118164;18,719999313354492;18,719999313354492;9100
2026-09-30;10:48:00;-03:00;18,719999313354492;18,719999313354492;18,68000030517578;18,68000030517578;5300
2026-09-30;10:49:00;-03:00;18,690000534057617;18,700000762939453;18,690000534057617;18,700000762939453;10100
2026-09-30;10:50:00;-03:00;18,700000762939453;18,700000762939453;18,690000534057617;18,690000534057617;6000
2026-09-30;10:51:00;-03:00;18,690000534057617;18,690000534057617;18,670000076293945;18,690000534057617;24400
2026-09-30;10:52:00;-03:00;18,700000762939453;18,700000762939453;18,690000534057617;18,690000534057617;13200
2026-09-30;10:53:00;-03:00;18,690000534057617;18,690000534057617;18,68000030517578;18,68000030517578;2400
2026-09-30;10:54:00;-03:00;18,68000030517578;18,68000030517578;18,670000076293945;18,670000076293945;26200
2026-09-30;10:55:00;-03:00;18,68000030517578;18,68000030517578;18,670000076293945;18,670000076293945;18900
2026-09-30;10:56:00;-03:00;18,65999984741211;18,68000030517578;18,649999618530273;18,65999984741211;19900
2026-09-30;10:57:00;-03:00;18,65999984741211;18,670000076293945;18,649999618530273;18,649999618530273;7600
2026-09-30;10:58:00;-03:00;18,649999618530273;18,670000076293945;18,649999618530273;18,65999984741211;11000
2026-09-30;10:59:00;-03:00;18,670000076293945;18,670000076293945;18,65999984741211;18,670000076293945;13300
2026-09-30;11:00:00;-03:00;18,670000076293945;18,68000030517578;18,65999984741211;18,65999984741211;26700
2026-09-30;11:01:00;-03:00;18,649999618530273;18,649999618530273;18,639999389648438;18,639999389648438;9800
2026-09-30;11:02:00;-03:00;18,6299991607666;18,639999389648438;18,6299991607666;18,6299991607666;9600
2026-09-30;11:03:00;-03:00;18,6299991607666;18,639999389648438;18,6299991607666;18,639999389648438;25800
2026-09-30;11:04:00;-03:00;18,6299991607666;18,639999389648438;18,6299991607666;18,639999389648438;7300
2026-09-30;11:05:00;-03:00;18,639999389648438;18,649999618530273;18,639999389648438;18,639999389648438;19200
2026-09-30;11:06:00;-03:00;18,639999389648438;18,649999618530273;18,6299991607666;18,639999389648438;17200
2026-09-30;11:07:00;-03:00;18,649999618530273;18,68000030517578;18,649999618530273;18,65999984741211;11600
2026-09-30;11:08:00;-03:00;18,65999984741211;18,670000076293945;18,65999984741211;18,65999984741211;16500
2026-09-30;11:09:00;-03:00;18,670000076293945;18,670000076293945;18,65999984741211;18,670000076293945;13400
2026-09-30;11:10:00;-03:00;18,68000030517578;18,68000030517578;18,65999984741211;18,670000076293945;6000
2026-09-30;11:11:00;-03:00;18,65999984741211;18,68000030517578;18,65999984741211;18,670000076293945;11500
2026-09-30;11:12:00;-03:00;18,68000030517578;18,700000762939453;18,68000030517578;18,690000534057617;16300
2026-09-30;11:13:00;-03:00;18,700000762939453;18,709999084472656;18,690000534057617;18,690000534057617;11200
2026-09-30;11:14:00;-03:00;18,700000762939453;18,700000762939453;18,690000534057617;18,690000534057617;12200
2026-09-30;11:15:00;-03:00;18,690000534057617;18,700000762939453;18,690000534057617;18,690000534057617;14000
2026-09-30;11:16:00;-03:00;18,690000534057617;18,700000762939453;18,68000030517578;18,690000534057617;18700
2026-09-30;11:17:00;-03:00;18,690000534057617;18,709999084472656;18,690000534057617;18,700000762939453;17000
2026-09-30;11:18:00;-03:00;18,700000762939453;18,719999313354492;18,700000762939453;18,719999313354492;14000
2026-09-30;11:19:00;-03:00;18,719999313354492;18,719999313354492;18,68000030517578;18,68000030517578;27000
2026-09-30;11:20:00;-03:00;18,690000534057617;18,700000762939453;18,68000030517578;18,68000030517578;28700
2026-09-30;11:21:00;-03:00;18,68000030517578;18,690000534057617;18,68000030517578;18,690000534057617;3100
2026-09-30;11:22:00;-03:00;18,68000030517578;18,709999084472656;18,68000030517578;18,709999084472656;28700
2026-09-30;11:23:00;-03:00;18,700000762939453;18,709999084472656;18,700000762939453;18,709999084472656;20700
2026-09-30;11:24:00;-03:00;18,709999084472656;18,739999771118164;18,709999084472656;18,729999542236328;17900
2026-09-30;11:25:00;-03:00;18,719999313354492;18,739999771118164;18,719999313354492;18,719999313354492;35400
2026-09-30;11:26:00;-03:00;18,729999542236328;18,729999542236328;18,670000076293945;18,68000030517578;15900
2026-09-30;11:27:00;-03:00;18,670000076293945;18,68000030517578;18,65999984741211;18,670000076293945;13000
2026-09-30;11:28:00;-03:00;18,65999984741211;18,65999984741211;18,6299991607666;18,6299991607666;13000
2026-09-30;11:29:00;-03:00;18,6299991607666;18,639999389648438;18,6299991607666;18,6299991607666;4100
2026-09-30;11:30:00;-03:00;18,6299991607666;18,6299991607666;18,6200008392334;18,6299991607666;32100
2026-09-30;11:31:00;-03:00;18,6299991607666;18,639999389648438;18,6299991607666;18,639999389648438;17700
2026-09-30;11:32:00;-03:00;18,6299991607666;18,639999389648438;18,6200008392334;18,6299991607666;11700
2026-09-30;11:33:00;-03:00;18,6299991607666;18,639999389648438;18,6200008392334;18,639999389648438;19900
2026-09-30;11:34:00;-03:00;18,639999389648438;18,65999984741211;18,639999389648438;18,65999984741211;24300
2026-09-30;11:35:00;-03:00;18,65999984741211;18,65999984741211;18,649999618530273;18,65999984741211;14700
2026-09-30;11:36:00;-03:00;18,649999618530273;18,649999618530273;18,639999389648438;18,639999389648438;11100
2026-09-30;11:37:00;-03:00;18,639999389648438;18,649999618530273;18,6200008392334;18,6200008392334;24100
2026-09-30;11:38:00;-03:00;18,610000610351562;18,610000610351562;18,59000015258789;18,610000610351562;31000
2026-09-30;11:39:00;-03:00;18,610000610351562;18,610000610351562;18,59000015258789;18,600000381469727;19000
2026-09-30;11:40:00;-03:00;18,59000015258789;18,59000015258789;18,59000015258789;18,59000015258789;22400
2026-09-30;11:41:00;-03:00;18,59000015258789;18,600000381469727;18,579999923706055;18,59000015258789;12200
2026-09-30;11:42:00;-03:00;18,600000381469727;18,6200008392334;18,600000381469727;18,610000610351562;29400
2026-09-30;11:43:00;-03:00;18,610000610351562;18,610000610351562;18,540000915527344;18,56999969482422;165900
2026-09-30;11:44:00;-03:00;18,56999969482422;18,59000015258789;18,549999237060547;18,549999237060547;26600
2026-09-30;11:45:00;-03:00;18,549999237060547;18,559999465942383;18,5;18,530000686645508;151300
2026-09-30;11:46:00;-03:00;18,510000228881836;18,530000686645508;18,469999313354492;18,469999313354492;51500
2026-09-30;11:47:00;-03:00;18,469999313354492;18,479999542236328;18,459999084472656;18,469999313354492;15500
2026-09-30;11:48:00;-03:00;18,459999084472656;18,459999084472656;18,420000076293945;18,440000534057617;44900
2026-09-30;11:49:00;-03:00;18,450000762939453;18,469999313354492;18,440000534057617;18,450000762939453;51600
2026-09-30;11:50:00;-03:00;18,450000762939453;18,479999542236328;18,450000762939453;18,469999313354492;29800
2026-09-30;11:51:00;-03:00;18,469999313354492;18,469999313354492;18,459999084472656;18,459999084472656;15400
2026-09-30;11:52:00;-03:00;18,459999084472656;18,469999313354492;18,440000534057617;18,459999084472656;44200
2026-09-30;11:53:00;-03:00;18,459999084472656;18,469999313354492;18,450000762939453;18,450000762939453;15100
2026-09-30;11:54:00;-03:00;18,450000762939453;18,459999084472656;18,440000534057617;18,440000534057617;33100
2026-09-30;11:55:00;-03:00;18,440000534057617;18,5;18,440000534057617;18,5;1192800
2026-09-30;11:56:00;-03:00;18,5;18,5;18,469999313354492;18,469999313354492;37200
2026-09-30;11:57:00;-03:00;18,459999084472656;18,479999542236328;18,459999084472656;18,469999313354492;15300
2026-09-30;11:58:00;-03:00;18,459999084472656;18,469999313354492;18,450000762939453;18,450000762939453;9600
2026-09-30;11:59:00;-03:00;18,450000762939453;18,459999084472656;18,450000762939453;18,450000762939453;17400
2026-09-30;12:00:00;-03:00;18,450000762939453;18,530000686645508;18,440000534057617;18,520000457763672;192900
2026-09-30;12:01:00;-03:00;18,510000228881836;18,520000457763672;18,5;18,510000228881836;14100
2026-09-30;12:02:00;-03:00;18,510000228881836;18,510000228881836;18,489999771118164;18,510000228881836;4800
2026-09-30;12:03:00;-03:00;18,510000228881836;18,530000686645508;18,489999771118164;18,489999771118164;43900
2026-09-30;12:04:00;-03:00;18,489999771118164;18,5;18,489999771118164;18,489999771118164;2700
2026-09-30;12:05:00;-03:00;18,5;18,5;18,489999771118164;18,489999771118164;9900
2026-09-30;12:06:00;-03:00;18,5;18,5;18,479999542236328;18,489999771118164;16500
2026-09-30;12:07:00;-03:00;18,489999771118164;18,489999771118164;18,479999542236328;18,479999542236328;10900
2026-09-30;12:08:00;-03:00;18,489999771118164;18,5;18,479999542236328;18,5;3200
2026-09-30;12:09:00;-03:00;18,489999771118164;18,510000228881836;18,489999771118164;18,510000228881836;712900
2026-09-30;12:10:00;-03:00;18,5;18,559999465942383;18,5;18,549999237060547;176700
2026-09-30;12:11:00;-03:00;18,549999237060547;18,579999923706055;18,549999237060547;18,579999923706055;27400
2026-09-30;12:12:00;-03:00;18,579999923706055;18,579999923706055;18,549999237060547;18,549999237060547;20900
2026-09-30;12:13:00;-03:00;18,549999237060547;18,56999969482422;18,549999237060547;18,559999465942383;42200
2026-09-30;12:14:00;-03:00;18,549999237060547;18,559999465942383;18,549999237060547;18,559999465942383;5600
2026-09-30;12:15:00;-03:00;18,559999465942383;18,59000015258789;18,549999237060547;18,59000015258789;50300
2026-09-30;12:16:00;-03:00;18,59000015258789;18,59000015258789;18,579999923706055;18,59000015258789;10300
2026-09-30;12:17:00;-03:00;18,579999923706055;18,59000015258789;18,56999969482422;18,579999923706055;20600
2026-09-30;12:18:00;-03:00;18,579999923706055;18,579999923706055;18,549999237060547;18,549999237060547;14600
2026-09-30;12:19:00;-03:00;18,559999465942383;18,559999465942383;18,540000915527344;18,540000915527344;6800
2026-09-30;12:20:00;-03:00;18,540000915527344;18,540000915527344;18,530000686645508;18,530000686645508;10800
2026-09-30;12:21:00;-03:00;18,530000686645508;18,530000686645508;18,510000228881836;18,510000228881836;15600
2026-09-30;12:22:00;-03:00;18,510000228881836;18,520000457763672;18,5;18,510000228881836;18900
2026-09-30;12:23:00;-03:00;18,510000228881836;18,510000228881836;18,5;18,5;49200
2026-09-30;12:24:00;-03:00;18,489999771118164;18,489999771118164;18,479999542236328;18,479999542236328;2700
2026-09-30;12:25:00;-03:00;18,479999542236328;18,5;18,479999542236328;18,5;31000
2026-09-30;12:26:00;-03:00;18,489999771118164;18,489999771118164;18,479999542236328;18,479999542236328;3400
2026-09-30;12:27:00;-03:00;18,479999542236328;18,479999542236328;18,469999313354492;18,469999313354492;7900
2026-09-30;12:28:00;-03:00;18,479999542236328;18,479999542236328;18,459999084472656;18,459999084472656;24100
2026-09-30;12:29:00;-03:00;18,459999084472656;18,469999313354492;18,420000076293945;18,420000076293945;16400
2026-09-30;12:30:00;-03:00;18,420000076293945;18,440000534057617;18,420000076293945;18,43000030517578;37100
2026-09-30;12:31:00;-03:00;18,420000076293945;18,450000762939453;18,420000076293945;18,450000762939453;32200
2026-09-30;12:32:00;-03:00;18,450000762939453;18,469999313354492;18,450000762939453;18,469999313354492;15600
2026-09-30;12:33:00;-03:00;18,479999542236328;18,479999542236328;18,459999084472656;18,459999084472656;31100
2026-09-30;12:34:00;-03:00;18,459999084472656;18,459999084472656;18,450000762939453;18,450000762939453;12700
2026-09-30;12:35:00;-03:00;18,440000534057617;18,440000534057617;18,420000076293945;18,420000076293945;17200
2026-09-30;12:36:00;-03:00;18,43000030517578;18,440000534057617;18,43000030517578;18,43000030517578;12300
2026-09-30;12:37:00;-03:00;18,43000030517578;18,450000762939453;18,420000076293945;18,440000534057617;23800
2026-09-30;12:38:00;-03:00;18,450000762939453;18,450000762939453;18,43000030517578;18,440000534057617;8500
2026-09-30;12:39:00;-03:00;18,43000030517578;18,440000534057617;18,43000030517578;18,440000534057617;12900
2026-09-30;12:40:00;-03:00;18,440000534057617;18,440000534057617;18,40999984741211;18,40999984741211;10500
2026-09-30;12:41:00;-03:00;18,40999984741211;18,420000076293945;18,40999984741211;18,40999984741211;2600
2026-09-30;12:42:00;-03:00;18,420000076293945;18,420000076293945;18,40999984741211;18,40999984741211;15200
2026-09-30;12:43:00;-03:00;18,40999984741211;18,40999984741211;18,389999389648438;18,389999389648438;53000
2026-09-30;12:44:00;-03:00;18,389999389648438;18,389999389648438;18,3700008392334;18,3700008392334;13000
2026-09-30;12:45:00;-03:00;18,3700008392334;18,389999389648438;18,3700008392334;18,3799991607666;30400
2026-09-30;12:46:00;-03:00;18,3799991607666;18,40999984741211;18,3799991607666;18,40999984741211;15900
2026-09-30;12:47:00;-03:00;18,399999618530273;18,399999618530273;18,389999389648438;18,399999618530273;7800
2026-09-30;12:48:00;-03:00;18,399999618530273;18,40999984741211;18,399999618530273;18,399999618530273;2600
2026-09-30;12:49:00;-03:00;18,399999618530273;18,40999984741211;18,399999618530273;18,399999618530273;5500
2026-09-30;12:50:00;-03:00;18,40999984741211;18,40999984741211;18,399999618530273;18,40999984741211;18800
2026-09-30;12:51:00;-03:00;18,399999618530273;18,420000076293945;18,399999618530273;18,40999984741211;9200
2026-09-30;12:52:00;-03:00;18,40999984741211;18,40999984741211;18,399999618530273;18,40999984741211;6200
2026-09-30;12:53:00;-03:00;18,399999618530273;18,40999984741211;18,399999618530273;18,399999618530273;9500
2026-09-30;12:54:00;-03:00;18,389999389648438;18,399999618530273;18,3799991607666;18,389999389648438;7800
2026-09-30;12:55:00;-03:00;18,3799991607666;18,399999618530273;18,3799991607666;18,389999389648438;19400
2026-09-30;12:56:00;-03:00;18,3799991607666;18,389999389648438;18,3799991607666;18,3799991607666;1000
2026-09-30;12:57:00;-03:00;18,3799991607666;18,389999389648438;18,3799991607666;18,389999389648438;3900
2026-09-30;12:58:00;-03:00;18,3799991607666;18,389999389648438;18,3799991607666;18,389999389648438;4400
2026-09-30;12:59:00;-03:00;18,389999389648438;18,40999984741211;18,3799991607666;18,399999618530273;21300
2026-09-30;13:00:00;-03:00;18,399999618530273;18,399999618530273;18,389999389648438;18,389999389648438;2700
2026-09-30;13:01:00;-03:00;18,399999618530273;18,399999618530273;18,389999389648438;18,399999618530273;16300
2026-09-30;13:02:00;-03:00;18,399999618530273;18,40999984741211;18,389999389648438;18,389999389648438;14600
2026-09-30;13:03:00;-03:00;18,399999618530273;18,40999984741211;18,399999618530273;18,399999618530273;21000
2026-09-30;13:04:00;-03:00;18,399999618530273;18,399999618530273;18,389999389648438;18,399999618530273;5300
2026-09-30;13:05:00;-03:00;18,399999618530273;18,40999984741211;18,399999618530273;18,40999984741211;15000
2026-09-30;13:06:00;-03:00;18,399999618530273;18,40999984741211;18,399999618530273;18,399999618530273;1200
2026-09-30;13:07:00;-03:00;18,399999618530273;18,40999984741211;18,399999618530273;18,399999618530273;2900
2026-09-30;13:08:00;-03:00;18,40999984741211;18,40999984741211;18,399999618530273;18,399999618530273;4900
2026-09-30;13:09:00;-03:00;18,40999984741211;18,40999984741211;18,399999618530273;18,399999618530273;5100
2026-09-30;13:10:00;-03:00;18,40999984741211;18,420000076293945;18,40999984741211;18,40999984741211;14100
2026-09-30;13:11:00;-03:00;18,420000076293945;18,43000030517578;18,40999984741211;18,43000030517578;17500
2026-09-30;13:12:00;-03:00;18,43000030517578;18,43000030517578;18,40999984741211;18,420000076293945;11400
2026-09-30;13:13:00;-03:00;18,40999984741211;18,40999984741211;18,399999618530273;18,399999618530273;7700
2026-09-30;13:14:00;-03:00;18,399999618530273;18,40999984741211;18,399999618530273;18,40999984741211;15100
2026-09-30;13:15:00;-03:00;18,40999984741211;18,420000076293945;18,40999984741211;18,40999984741211;3900
2026-09-30;13:16:00;-03:00;18,40999984741211;18,420000076293945;18,40999984741211;18,40999984741211;2600
2026-09-30;13:17:00;-03:00;18,40999984741211;18,420000076293945;18,399999618530273;18,40999984741211;18800
2026-09-30;13:18:00;-03:00;18,40999984741211;18,40999984741211;18,399999618530273;18,399999618530273;5200
2026-09-30;13:19:00;-03:00;18,399999618530273;18,420000076293945;18,399999618530273;18,40999984741211;23700
2026-09-30;13:20:00;-03:00;18,420000076293945;18,420000076293945;18,40999984741211;18,40999984741211;1800
2026-09-30;13:21:00;-03:00;18,420000076293945;18,440000534057617;18,420000076293945;18,440000534057617;17600
2026-09-30;13:22:00;-03:00;18,440000534057617;18,450000762939453;18,43000030517578;18,440000534057617;17200
2026-09-30;13:23:00;-03:00;18,440000534057617;18,450000762939453;18,43000030517578;18,440000534057617;13700
2026-09-30;13:24:00;-03:00;18,450000762939453;18,450000762939453;18,43000030517578;18,43000030517578;6900
2026-09-30;13:25:00;-03:00;18,43000030517578;18,440000534057617;18,43000030517578;18,43000030517578;1900
2026-09-30;13:26:00;-03:00;18,43000030517578;18,440000534057617;18,43000030517578;18,43000030517578;3300
2026-09-30;13:27:00;-03:00;18,43000030517578;18,440000534057617;18,43000030517578;18,43000030517578;15100
2026-09-30;13:28:00;-03:00;18,450000762939453;18,450000762939453;18,43000030517578;18,43000030517578;9700
2026-09-30;13:29:00;-03:00;18,43000030517578;18,450000762939453;18,43000030517578;18,440000534057617;14300
2026-09-30;13:30:00;-03:00;18,440000534057617;18,440000534057617;18,440000534057617;18,440000534057617;700
2026-09-30;13:31:00;-03:00;18,440000534057617;18,479999542236328;18,440000534057617;18,459999084472656;36300
2026-09-30;13:32:00;-03:00;18,469999313354492;18,469999313354492;18,459999084472656;18,469999313354492;8200
2026-09-30;13:33:00;-03:00;18,469999313354492;18,489999771118164;18,469999313354492;18,479999542236328;3900
2026-09-30;13:34:00;-03:00;18,479999542236328;18,5;18,479999542236328;18,489999771118164;11100
2026-09-30;13:35:00;-03:00;18,5;18,5;18,489999771118164;18,5;6000
2026-09-30;13:36:00;-03:00;18,5;18,520000457763672;18,479999542236328;18,5;44700
2026-09-30;13:37:00;-03:00;18,489999771118164;18,489999771118164;18,479999542236328;18,479999542236328;4300
2026-09-30;13:38:00;-03:00;18,489999771118164;18,489999771118164;18,479999542236328;18,489999771118164;11400
2026-09-30;13:39:00;-03:00;18,479999542236328;18,5;18,479999542236328;18,5;22900
2026-09-30;13:40:00;-03:00;18,5;18,5;18,489999771118164;18,489999771118164;2800
2026-09-30;13:41:00;-03:00;18,5;18,5;18,489999771118164;18,5;12300
2026-09-30;13:42:00;-03:00;18,489999771118164;18,5;18,469999313354492;18,479999542236328;57100
2026-09-30;13:43:00;-03:00;18,469999313354492;18,489999771118164;18,469999313354492;18,479999542236328;3000
2026-09-30;13:44:00;-03:00;18,479999542236328;18,489999771118164;18,479999542236328;18,479999542236328;3800
2026-09-30;13:45:00;-03:00;18,479999542236328;18,489999771118164;18,469999313354492;18,469999313354492;9900
2026-09-30;13:46:00;-03:00;18,469999313354492;18,479999542236328;18,469999313354492;18,469999313354492;5500
2026-09-30;13:47:00;-03:00;18,469999313354492;18,489999771118164;18,469999313354492;18,479999542236328;31200
2026-09-30;13:48:00;-03:00;18,489999771118164;18,489999771118164;18,469999313354492;18,469999313354492;11000
2026-09-30;13:49:00;-03:00;18,469999313354492;18,479999542236328;18,459999084472656;18,459999084472656;4700
2026-09-30;13:50:00;-03:00;18,459999084472656;18,469999313354492;18,450000762939453;18,459999084472656;44600
2026-09-30;13:51:00;-03:00;18,459999084472656;18,469999313354492;18,440000534057617;18,450000762939453;25100
2026-09-30;13:52:00;-03:00;18,440000534057617;18,450000762939453;18,440000534057617;18,450000762939453;6300
2026-09-30;13:53:00;-03:00;18,450000762939453;18,450000762939453;18,43000030517578;18,43000030517578;10700
2026-09-30;13:54:00;-03:00;18,440000534057617;18,440000534057617;18,43000030517578;18,440000534057617;7300
2026-09-30;13:55:00;-03:00;18,43000030517578;18,440000534057617;18,43000030517578;18,43000030517578;7500
2026-09-30;13:56:00;-03:00;18,43000030517578;18,450000762939453;18,420000076293945;18,440000534057617;19500
2026-09-30;13:57:00;-03:00;18,440000534057617;18,450000762939453;18,440000534057617;18,440000534057617;2400
2026-09-30;13:58:00;-03:00;18,440000534057617;18,450000762939453;18,43000030517578;18,440000534057617;15900
2026-09-30;13:59:00;-03:00;18,440000534057617;18,459999084472656;18,440000534057617;18,450000762939453;31900
2026-09-30;14:00:00;-03:00;18,450000762939453;18,469999313354492;18,450000762939453;18,459999084472656;14100
2026-09-30;14:01:00;-03:00;18,459999084472656;18,469999313354492;18,459999084472656;18,469999313354492;8200
2026-09-30;14:02:00;-03:00;18,459999084472656;18,479999542236328;18,459999084472656;18,459999084472656;26700
2026-09-30;14:03:00;-03:00;18,459999084472656;18,469999313354492;18,459999084472656;18,469999313354492;4200
2026-09-30;14:04:00;-03:00;18,459999084472656;18,469999313354492;18,459999084472656;18,459999084472656;3200
2026-09-30;14:05:00;-03:00;18,459999084472656;18,469999313354492;18,459999084472656;18,459999084472656;5200
2026-09-30;14:06:00;-03:00;18,469999313354492;18,469999313354492;18,459999084472656;18,469999313354492;6600
2026-09-30;14:07:00;-03:00;18,459999084472656;18,469999313354492;18,459999084472656;18,459999084472656;7800
2026-09-30;14:08:00;-03:00;18,459999084472656;18,469999313354492;18,440000534057617;18,440000534057617;13900
2026-09-30;14:09:00;-03:00;18,440000534057617;18,459999084472656;18,440000534057617;18,450000762939453;59000
2026-09-30;14:10:00;-03:00;18,450000762939453;18,479999542236328;18,450000762939453;18,469999313354492;12200
2026-09-30;14:11:00;-03:00;18,459999084472656;18,469999313354492;18,450000762939453;18,469999313354492;5800
2026-09-30;14:12:00;-03:00;18,459999084472656;18,479999542236328;18,459999084472656;18,469999313354492;13100
2026-09-30;14:13:00;-03:00;18,469999313354492;18,479999542236328;18,459999084472656;18,469999313354492;3200
2026-09-30;14:14:00;-03:00;18,469999313354492;18,469999313354492;18,459999084472656;18,459999084472656;4200
2026-09-30;14:15:00;-03:00;18,459999084472656;18,469999313354492;18,450000762939453;18,459999084472656;48000
2026-09-30;14:16:00;-03:00;18,459999084472656;18,469999313354492;18,450000762939453;18,469999313354492;14900
2026-09-30;14:17:00;-03:00;18,459999084472656;18,469999313354492;18,459999084472656;18,459999084472656;5000
2026-09-30;14:18:00;-03:00;18,459999084472656;18,469999313354492;18,450000762939453;18,450000762939453;4400
2026-09-30;14:19:00;-03:00;18,450000762939453;18,459999084472656;18,440000534057617;18,440000534057617;26700
2026-09-30;14:20:00;-03:00;18,440000534057617;18,459999084472656;18,440000534057617;18,450000762939453;12900
2026-09-30;14:21:00;-03:00;18,440000534057617;18,450000762939453;18,440000534057617;18,440000534057617;2900
2026-09-30;14:22:00;-03:00;18,450000762939453;18,450000762939453;18,440000534057617;18,440000534057617;4300
2026-09-30;14:23:00;-03:00;18,450000762939453;18,469999313354492;18,450000762939453;18,450000762939453;32400
2026-09-30;14:24:00;-03:00;18,459999084472656;18,459999084472656;18,450000762939453;18,459999084472656;3700
2026-09-30;14:25:00;-03:00;18,450000762939453;18,459999084472656;18,450000762939453;18,450000762939453;5200
2026-09-30;14:26:00;-03:00;18,440000534057617;18,450000762939453;18,440000534057617;18,440000534057617;5600
2026-09-30;14:27:00;-03:00;18,440000534057617;18,459999084472656;18,440000534057617;18,450000762939453;34300
2026-09-30;14:28:00;-03:00;18,450000762939453;18,459999084472656;18,450000762939453;18,459999084472656;5100
2026-09-30;14:29:00;-03:00;18,459999084472656;18,469999313354492;18,450000762939453;18,459999084472656;31800
2026-09-30;14:30:00;-03:00;18,459999084472656;18,469999313354492;18,450000762939453;18,450000762939453;19600
2026-09-30;14:31:00;-03:00;18,450000762939453;18,459999084472656;18,450000762939453;18,450000762939453;3800
2026-09-30;14:32:00;-03:00;18,450000762939453;18,459999084472656;18,450000762939453;18,450000762939453;13700
2026-09-30;14:33:00;-03:00;18,450000762939453;18,459999084472656;18,450000762939453;18,459999084472656;5400
2026-09-30;14:34:00;-03:00;18,450000762939453;18,469999313354492;18,450000762939453;18,469999313354492;16100
2026-09-30;14:35:00;-03:00;18,459999084472656;18,479999542236328;18,459999084472656;18,469999313354492;9200
2026-09-30;14:36:00;-03:00;18,479999542236328;18,479999542236328;18,459999084472656;18,479999542236328;18300
2026-09-30;14:37:00;-03:00;18,479999542236328;18,489999771118164;18,469999313354492;18,489999771118164;12800
2026-09-30;14:38:00;-03:00;18,479999542236328;18,489999771118164;18,479999542236328;18,489999771118164;5800
2026-09-30;14:39:00;-03:00;18,489999771118164;18,5;18,479999542236328;18,489999771118164;14600
2026-09-30;14:40:00;-03:00;18,5;18,559999465942383;18,5;18,559999465942383;1558200
2026-09-30;14:41:00;-03:00;18,549999237060547;18,56999969482422;18,549999237060547;18,559999465942383;23100
2026-09-30;14:42:00;-03:00;18,559999465942383;18,559999465942383;18,540000915527344;18,549999237060547;15100
2026-09-30;14:43:00;-03:00;18,549999237060547;18,559999465942383;18,549999237060547;18,549999237060547;9900
2026-09-30;14:44:00;-03:00;18,549999237060547;18,600000381469727;18,549999237060547;18,600000381469727;30800
2026-09-30;14:45:00;-03:00;18,600000381469727;18,610000610351562;18,600000381469727;18,600000381469727;7800
2026-09-30;14:46:00;-03:00;18,610000610351562;18,610000610351562;18,59000015258789;18,59000015258789;17800
2026-09-30;14:47:00;-03:00;18,600000381469727;18,610000610351562;18,59000015258789;18,600000381469727;22200
2026-09-30;14:48:00;-03:00;18,600000381469727;18,610000610351562;18,59000015258789;18,600000381469727;11100
2026-09-30;14:49:00;-03:00;18,600000381469727;18,610000610351562;18,59000015258789;18,600000381469727;12100
2026-09-30;14:50:00;-03:00;18,6200008392334;18,6200008392334;18,600000381469727;18,610000610351562;8400
2026-09-30;14:51:00;-03:00;18,6200008392334;18,6200008392334;18,600000381469727;18,610000610351562;15100
2026-09-30;14:52:00;-03:00;18,610000610351562;18,6200008392334;18,600000381469727;18,6200008392334;16400
2026-09-30;14:53:00;-03:00;18,6200008392334;18,6200008392334;18,610000610351562;18,6200008392334;3300
2026-09-30;14:54:00;-03:00;18,610000610351562;18,6200008392334;18,59000015258789;18,600000381469727;8400
2026-09-30;14:55:00;-03:00;18,59000015258789;18,610000610351562;18,59000015258789;18,59000015258789;18200
2026-09-30;14:56:00;-03:00;18,600000381469727;18,610000610351562;18,59000015258789;18,600000381469727;12300
2026-09-30;14:57:00;-03:00;18,600000381469727;18,610000610351562;18,600000381469727;18,610000610351562;8200
2026-09-30;14:58:00;-03:00;18,610000610351562;18,6200008392334;18,600000381469727;18,6200008392334;15300
2026-09-30;14:59:00;-03:00;18,6200008392334;18,6200008392334;18,600000381469727;18,600000381469727;9100
2026-09-30;15:00:00;-03:00;18,610000610351562;18,6200008392334;18,600000381469727;18,600000381469727;27000
2026-09-30;15:01:00;-03:00;18,610000610351562;18,6200008392334;18,600000381469727;18,600000381469727;19400
2026-09-30;15:02:00;-03:00;18,600000381469727;18,610000610351562;18,59000015258789;18,59000015258789;6000
2026-09-30;15:03:00;-03:00;18,59000015258789;18,600000381469727;18,59000015258789;18,59000015258789;5100
2026-09-30;15:04:00;-03:00;18,59000015258789;18,600000381469727;18,59000015258789;18,59000015258789;4700
2026-09-30;15:05:00;-03:00;18,59000015258789;18,610000610351562;18,59000015258789;18,59000015258789;24500
2026-09-30;15:06:00;-03:00;18,600000381469727;18,600000381469727;18,59000015258789;18,59000015258789;4500
2026-09-30;15:07:00;-03:00;18,600000381469727;18,600000381469727;18,59000015258789;18,59000015258789;15400
2026-09-30;15:08:00;-03:00;18,600000381469727;18,600000381469727;18,59000015258789;18,600000381469727;6700
2026-09-30;15:09:00;-03:00;18,59000015258789;18,610000610351562;18,59000015258789;18,600000381469727;22300
2026-09-30;15:10:00;-03:00;18,610000610351562;18,610000610351562;18,59000015258789;18,59000015258789;14900
2026-09-30;15:11:00;-03:00;18,600000381469727;18,600000381469727;18,59000015258789;18,59000015258789;6400
2026-09-30;15:12:00;-03:00;18,59000015258789;18,600000381469727;18,59000015258789;18,59000015258789;7000
2026-09-30;15:13:00;-03:00;18,59000015258789;18,600000381469727;18,56999969482422;18,59000015258789;38600
2026-09-30;15:14:00;-03:00;18,59000015258789;18,600000381469727;18,579999923706055;18,579999923706055;15500
2026-09-30;15:15:00;-03:00;18,579999923706055;18,59000015258789;18,56999969482422;18,56999969482422;5100
2026-09-30;15:16:00;-03:00;18,56999969482422;18,56999969482422;18,559999465942383;18,559999465942383;7900
2026-09-30;15:17:00;-03:00;18,56999969482422;18,56999969482422;18,549999237060547;18,549999237060547;6300
2026-09-30;15:18:00;-03:00;18,549999237060547;18,56999969482422;18,549999237060547;18,559999465942383;24300
2026-09-30;15:19:00;-03:00;18,559999465942383;18,56999969482422;18,549999237060547;18,559999465942383;5400
2026-09-30;15:20:00;-03:00;18,56999969482422;18,579999923706055;18,559999465942383;18,579999923706055;28300
2026-09-30;15:21:00;-03:00;18,56999969482422;18,579999923706055;18,56999969482422;18,56999969482422;5000
2026-09-30;15:22:00;-03:00;18,579999923706055;18,59000015258789;18,579999923706055;18,579999923706055;17800
2026-09-30;15:23:00;-03:00;18,579999923706055;18,600000381469727;18,579999923706055;18,59000015258789;14100
2026-09-30;15:24:00;-03:00;18,600000381469727;18,600000381469727;18,56999969482422;18,56999969482422;26100
2026-09-30;15:25:00;-03:00;18,56999969482422;18,579999923706055;18,56999969482422;18,56999969482422;14600
2026-09-30;15:26:00;-03:00;18,56999969482422;18,579999923706055;18,56999969482422;18,579999923706055;15800
2026-09-30;15:27:00;-03:00;18,59000015258789;18,59000015258789;18,559999465942383;18,559999465942383;6600
2026-09-30;15:28:00;-03:00;18,56999969482422;18,579999923706055;18,559999465942383;18,56999969482422;21900
2026-09-30;15:29:00;-03:00;18,56999969482422;18,579999923706055;18,549999237060547;18,559999465942383;15300
2026-09-30;15:30:00;-03:00;18,559999465942383;18,56999969482422;18,549999237060547;18,56999969482422;18800
2026-09-30;15:31:00;-03:00;18,56999969482422;18,56999969482422;18,549999237060547;18,549999237060547;2800
2026-09-30;15:32:00;-03:00;18,559999465942383;18,559999465942383;18,540000915527344;18,549999237060547;8900
2026-09-30;15:33:00;-03:00;18,549999237060547;18,549999237060547;18,540000915527344;18,549999237060547;16200
2026-09-30;15:34:00;-03:00;18,549999237060547;18,559999465942383;18,540000915527344;18,540000915527344;7500
2026-09-30;15:35:00;-03:00;18,540000915527344;18,549999237060547;18,530000686645508;18,530000686645508;7400
2026-09-30;15:36:00;-03:00;18,530000686645508;18,549999237060547;18,530000686645508;18,540000915527344;19700
2026-09-30;15:37:00;-03:00;18,540000915527344;18,540000915527344;18,530000686645508;18,530000686645508;4900
2026-09-30;15:38:00;-03:00;18,540000915527344;18,540000915527344;18,530000686645508;18,530000686645508;4500
2026-09-30;15:39:00;-03:00;18,530000686645508;18,549999237060547;18,530000686645508;18,549999237060547;22300
2026-09-30;15:40:00;-03:00;18,559999465942383;18,56999969482422;18,549999237060547;18,559999465942383;14000
2026-09-30;15:41:00;-03:00;18,559999465942383;18,559999465942383;18,549999237060547;18,549999237060547;5400
2026-09-30;15:42:00;-03:00;18,549999237060547;18,549999237060547;18,530000686645508;18,530000686645508;14800
2026-09-30;15:43:00;-03:00;18,530000686645508;18,540000915527344;18,530000686645508;18,530000686645508;5500
2026-09-30;15:44:00;-03:00;18,530000686645508;18,540000915527344;18,530000686645508;18,540000915527344;20600
2026-09-30;15:45:00;-03:00;18,549999237060547;18,559999465942383;18,510000228881836;18,510000228881836;29200
2026-09-30;15:46:00;-03:00;18,520000457763672;18,520000457763672;18,510000228881836;18,520000457763672;6200
2026-09-30;15:47:00;-03:00;18,510000228881836;18,520000457763672;18,5;18,5;15700
2026-09-30;15:48:00;-03:00;18,5;18,520000457763672;18,489999771118164;18,5;26100
2026-09-30;15:49:00;-03:00;18,489999771118164;18,510000228881836;18,489999771118164;18,5;16200
2026-09-30;15:50:00;-03:00;18,5;18,520000457763672;18,5;18,5;15800
2026-09-30;15:51:00;-03:00;18,510000228881836;18,510000228881836;18,5;18,5;4900
2026-09-30;15:52:00;-03:00;18,5;18,510000228881836;18,5;18,510000228881836;29400
2026-09-30;15:53:00;-03:00;18,510000228881836;18,520000457763672;18,5;18,520000457763672;27100
2026-09-30;15:54:00;-03:00;18,530000686645508;18,530000686645508;18,510000228881836;18,510000228881836;8600
2026-09-30;15:55:00;-03:00;18,510000228881836;18,520000457763672;18,510000228881836;18,510000228881836;10200
2026-09-30;15:56:00;-03:00;18,510000228881836;18,520000457763672;18,510000228881836;18,510000228881836;4500
2026-09-30;15:57:00;-03:00;18,520000457763672;18,540000915527344;18,510000228881836;18,520000457763672;38600
2026-09-30;15:58:00;-03:00;18,530000686645508;18,540000915527344;18,520000457763672;18,530000686645508;14200
2026-09-30;15:59:00;-03:00;18,540000915527344;18,540000915527344;18,520000457763672;18,520000457763672;6000
2026-09-30;16:00:00;-03:00;18,530000686645508;18,530000686645508;18,520000457763672;18,530000686645508;11200
2026-09-30;16:01:00;-03:00;18,520000457763672;18,520000457763672;18,510000228881836;18,510000228881836;28900
2026-09-30;16:02:00;-03:00;18,520000457763672;18,520000457763672;18,5;18,510000228881836;9400
2026-09-30;16:03:00;-03:00;18,510000228881836;18,530000686645508;18,510000228881836;18,530000686645508;27900
2026-09-30;16:04:00;-03:00;18,520000457763672;18,530000686645508;18,510000228881836;18,510000228881836;8100
2026-09-30;16:05:00;-03:00;18,520000457763672;18,520000457763672;18,510000228881836;18,510000228881836;8000
2026-09-30;16:06:00;-03:00;18,520000457763672;18,520000457763672;18,5;18,510000228881836;10600
2026-09-30;16:07:00;-03:00;18,5;18,510000228881836;18,489999771118164;18,5;14800
2026-09-30;16:08:00;-03:00;18,489999771118164;18,510000228881836;18,489999771118164;18,5;10400
2026-09-30;16:09:00;-03:00;18,5;18,510000228881836;18,489999771118164;18,5;13400
2026-09-30;16:10:00;-03:00;18,5;18,510000228881836;18,489999771118164;18,5;18700
2026-09-30;16:11:00;-03:00;18,5;18,510000228881836;18,5;18,5;5900
2026-09-30;16:12:00;-03:00;18,5;18,510000228881836;18,489999771118164;18,489999771118164;8700
2026-09-30;16:13:00;-03:00;18,489999771118164;18,5;18,479999542236328;18,479999542236328;14800
2026-09-30;16:14:00;-03:00;18,489999771118164;18,5;18,479999542236328;18,489999771118164;12900
2026-09-30;16:15:00;-03:00;18,489999771118164;18,5;18,479999542236328;18,479999542236328;10200
2026-09-30;16:16:00;-03:00;18,479999542236328;18,489999771118164;18,469999313354492;18,479999542236328;11400
2026-09-30;16:17:00;-03:00;18,479999542236328;18,489999771118164;18,469999313354492;18,479999542236328;29200
2026-09-30;16:18:00;-03:00;18,479999542236328;18,489999771118164;18,469999313354492;18,489999771118164;17000
2026-09-30;16:19:00;-03:00;18,479999542236328;18,489999771118164;18,469999313354492;18,489999771118164;10600
2026-09-30;16:20:00;-03:00;18,469999313354492;18,489999771118164;18,469999313354492;18,479999542236328;7500
2026-09-30;16:21:00;-03:00;18,469999313354492;18,489999771118164;18,469999313354492;18,489999771118164;27100
2026-09-30;16:22:00;-03:00;18,469999313354492;18,489999771118164;18,469999313354492;18,479999542236328;11500
2026-09-30;16:23:00;-03:00;18,489999771118164;18,489999771118164;18,479999542236328;18,479999542236328;8500
2026-09-30;16:24:00;-03:00;18,479999542236328;18,489999771118164;18,479999542236328;18,479999542236328;9000
2026-09-30;16:25:00;-03:00;18,479999542236328;18,489999771118164;18,469999313354492;18,469999313354492;9100
2026-09-30;16:26:00;-03:00;18,469999313354492;18,479999542236328;18,469999313354492;18,469999313354492;35600
2026-09-30;16:27:00;-03:00;18,479999542236328;18,489999771118164;18,469999313354492;18,479999542236328;10100
2026-09-30;16:28:00;-03:00;18,469999313354492;18,479999542236328;18,459999084472656;18,459999084472656;13700
2026-09-30;16:29:00;-03:00;18,459999084472656;18,479999542236328;18,459999084472656;18,459999084472656;27100
2026-09-30;16:30:00;-03:00;18,469999313354492;18,469999313354492;18,450000762939453;18,450000762939453;17600
2026-09-30;16:31:00;-03:00;18,469999313354492;18,469999313354492;18,450000762939453;18,450000762939453;14800
2026-09-30;16:32:00;-03:00;18,469999313354492;18,479999542236328;18,450000762939453;18,479999542236328;20600
2026-09-30;16:33:00;-03:00;18,479999542236328;18,479999542236328;18,469999313354492;18,469999313354492;16400
2026-09-30;16:34:00;-03:00;18,479999542236328;18,479999542236328;18,469999313354492;18,469999313354492;12000
2026-09-30;16:35:00;-03:00;18,479999542236328;18,479999542236328;18,459999084472656;18,459999084472656;17300
2026-09-30;16:36:00;-03:00;18,469999313354492;18,469999313354492;18,469999313354492;18,469999313354492;7400
2026-09-30;16:37:00;-03:00;18,469999313354492;18,469999313354492;18,450000762939453;18,450000762939453;11500
2026-09-30;16:38:00;-03:00;18,459999084472656;18,469999313354492;18,450000762939453;18,459999084472656;26400
2026-09-30;16:39:00;-03:00;18,450000762939453;18,469999313354492;18,450000762939453;18,450000762939453;14800
2026-09-30;16:40:00;-03:00;18,440000534057617;18,450000762939453;18,43000030517578;18,43000030517578;35700
2026-09-30;16:41:00;-03:00;18,43000030517578;18,450000762939453;18,43000030517578;18,450000762939453;11000
2026-09-30;16:42:00;-03:00;18,43000030517578;18,440000534057617;18,43000030517578;18,43000030517578;9000
2026-09-30;16:43:00;-03:00;18,43000030517578;18,450000762939453;18,43000030517578;18,440000534057617;12100
2026-09-30;16:44:00;-03:00;18,440000534057617;18,440000534057617;18,420000076293945;18,420000076293945;28300
2026-09-30;16:45:00;-03:00;18,420000076293945;18,440000534057617;18,420000076293945;18,420000076293945;14000
2026-09-30;16:46:00;-03:00;18,420000076293945;18,43000030517578;18,420000076293945;18,420000076293945;14700
2026-09-30;16:47:00;-03:00;18,420000076293945;18,43000030517578;18,420000076293945;18,420000076293945;13000
2026-09-30;16:48:00;-03:00;18,420000076293945;18,43000030517578;18,40999984741211;18,43000030517578;31000
2026-09-30;16:49:00;-03:00;18,43000030517578;18,440000534057617;18,420000076293945;18,420000076293945;27900
2026-09-30;16:50:00;-03:00;18,420000076293945;18,43000030517578;18,420000076293945;18,420000076293945;12300
2026-09-30;16:51:00;-03:00;18,420000076293945;18,450000762939453;18,420000076293945;18,43000030517578;33000
2026-09-30;16:52:00;-03:00;18,450000762939453;18,459999084472656;18,43000030517578;18,459999084472656;21700
2026-09-30;16:53:00;-03:00;18,459999084472656;18,479999542236328;18,43000030517578;18,459999084472656;41600
2026-09-30;16:54:00;-03:00;18,459999084472656;18,469999313354492;18,43000030517578;18,469999313354492;16300
2026-10-01;10:03:00;-03:00;18,479999542236328;18,489999771118164;18,399999618530273;18,450000762939453;0
2026-10-01;10:04:00;-03:00;18,420000076293945;18,420000076293945;18,3700008392334;18,3700008392334;17200
2026-10-01;10:05:00;-03:00;18,3700008392334;18,389999389648438;18,3700008392334;18,3799991607666;5700
2026-10-01;10:06:00;-03:00;18,389999389648438;18,389999389648438;18,3799991607666;18,3799991607666;7600
2026-10-01;10:07:00;-03:00;18,3799991607666;18,3799991607666;18,25;18,280000686645508;30900
2026-10-01;10:08:00;-03:00;18,290000915527344;18,34000015258789;18,290000915527344;18,34000015258789;8700
2026-10-01;10:09:00;-03:00;18,329999923706055;18,329999923706055;18,280000686645508;18,290000915527344;18000
2026-10-01;10:10:00;-03:00;18,290000915527344;18,290000915527344;18,280000686645508;18,290000915527344;8600
2026-10-01;10:11:00;-03:00;18,290000915527344;18,31999969482422;18,290000915527344;18,309999465942383;1500
2026-10-01;10:12:00;-03:00;18,309999465942383;18,31999969482422;18,309999465942383;18,309999465942383;5600
2026-10-01;10:13:00;-03:00;18,309999465942383;18,360000610351562;18,309999465942383;18,360000610351562;5400
2026-10-01;10:14:00;-03:00;18,360000610351562;18,389999389648438;18,360000610351562;18,389999389648438;4700
2026-10-01;10:15:00;-03:00;18,399999618530273;18,399999618530273;18,3700008392334;18,389999389648438;9100
2026-10-01;10:16:00;-03:00;18,389999389648438;18,389999389648438;18,3799991607666;18,389999389648438;4200
2026-10-01;10:17:00;-03:00;18,3799991607666;18,399999618530273;18,3700008392334;18,389999389648438;10100
2026-10-01;10:18:00;-03:00;18,389999389648438;18,43000030517578;18,3799991607666;18,43000030517578;10100
2026-10-01;10:19:00;-03:00;18,43000030517578;18,440000534057617;18,420000076293945;18,420000076293945;3200
2026-10-01;10:20:00;-03:00;18,43000030517578;18,450000762939453;18,43000030517578;18,440000534057617;3500
2026-10-01;10:21:00;-03:00;18,43000030517578;18,450000762939453;18,40999984741211;18,40999984741211;11000
2026-10-01;10:22:00;-03:00;18,40999984741211;18,40999984741211;18,389999389648438;18,389999389648438;5100
2026-10-01;10:23:00;-03:00;18,399999618530273;18,399999618530273;18,3799991607666;18,3799991607666;2800
2026-10-01;10:24:00;-03:00;18,3799991607666;18,399999618530273;18,3700008392334;18,389999389648438;10000
2026-10-01;10:25:00;-03:00;18,3799991607666;18,3799991607666;18,360000610351562;18,3700008392334;8800
2026-10-01;10:26:00;-03:00;18,3700008392334;18,3799991607666;18,34000015258789;18,350000381469727;15000
2026-10-01;10:27:00;-03:00;18,350000381469727;18,3700008392334;18,350000381469727;18,350000381469727;11100
2026-10-01;10:28:00;-03:00;18,350000381469727;18,360000610351562;18,350000381469727;18,350000381469727;11700
2026-10-01;10:29:00;-03:00;18,350000381469727;18,350000381469727;18,34000015258789;18,350000381469727;1500
2026-10-01;10:30:00;-03:00;18,350000381469727;18,459999084472656;18,350000381469727;18,450000762939453;42200
2026-10-01;10:31:00;-03:00;18,440000534057617;18,440000534057617;18,420000076293945;18,420000076293945;4100
2026-10-01;10:32:00;-03:00;18,43000030517578;18,479999542236328;18,420000076293945;18,479999542236328;25600
2026-10-01;10:33:00;-03:00;18,489999771118164;18,530000686645508;18,479999542236328;18,530000686645508;28400
2026-10-01;10:34:00;-03:00;18,520000457763672;18,520000457763672;18,5;18,520000457763672;9200
2026-10-01;10:35:00;-03:00;18,5;18,5;18,43000030517578;18,440000534057617;23900
2026-10-01;10:36:00;-03:00;18,450000762939453;18,450000762939453;18,440000534057617;18,440000534057617;14700
2026-10-01;10:37:00;-03:00;18,43000030517578;18,43000030517578;18,40999984741211;18,40999984741211;5200
2026-10-01;10:38:00;-03:00;18,399999618530273;18,399999618530273;18,3799991607666;18,389999389648438;2500
2026-10-01;10:39:00;-03:00;18,3799991607666;18,389999389648438;18,3799991607666;18,389999389648438;2600
2026-10-01;10:40:00;-03:00;18,389999389648438;18,389999389648438;18,360000610351562;18,3799991607666;47400
2026-10-01;10:41:00;-03:00;18,3799991607666;18,40999984741211;18,3799991607666;18,389999389648438;23800
2026-10-01;10:42:00;-03:00;18,389999389648438;18,459999084472656;18,389999389648438;18,459999084472656;28800
2026-10-01;10:43:00;-03:00;18,459999084472656;18,459999084472656;18,450000762939453;18,459999084472656;19300
2026-10-01;10:44:00;-03:00;18,459999084472656;18,469999313354492;18,459999084472656;18,459999084472656;7000
2026-10-01;10:45:00;-03:00;18,459999084472656;18,5;18,459999084472656;18,489999771118164;19300
2026-10-01;10:46:00;-03:00;18,489999771118164;18,510000228881836;18,479999542236328;18,5;8500
2026-10-01;10:47:00;-03:00;18,5;18,510000228881836;18,479999542236328;18,489999771118164;25400
2026-10-01;10:48:00;-03:00;18,5;18,5;18,479999542236328;18,489999771118164;9600
2026-10-01;10:49:00;-03:00;18,489999771118164;18,489999771118164;18,399999618530273;18,399999618530273;128300
2026-10-01;10:50:00;-03:00;18,40999984741211;18,420000076293945;18,389999389648438;18,40999984741211;50700
2026-10-01;10:51:00;-03:00;18,40999984741211;18,43000030517578;18,389999389648438;18,399999618530273;23100
2026-10-01;10:52:00;-03:00;18,40999984741211;18,43000030517578;18,399999618530273;18,420000076293945;25100
2026-10-01;10:53:00;-03:00;18,43000030517578;18,440000534057617;18,40999984741211;18,440000534057617;16500
2026-10-01;10:54:00;-03:00;18,43000030517578;18,43000030517578;18,40999984741211;18,420000076293945;39400
2026-10-01;10:55:00;-03:00;18,40999984741211;18,40999984741211;18,389999389648438;18,399999618530273;10100
2026-10-01;10:56:00;-03:00;18,389999389648438;18,389999389648438;18,3799991607666;18,389999389648438;25800
2026-10-01;10:57:00;-03:00;18,3799991607666;18,389999389648438;18,3700008392334;18,3799991607666;10600
2026-10-01;10:58:00;-03:00;18,3799991607666;18,3799991607666;18,3700008392334;18,3799991607666;7200
2026-10-01;10:59:00;-03:00;18,3700008392334;18,3700008392334;18,360000610351562;18,360000610351562;6000
2026-10-01;11:00:00;-03:00;18,3700008392334;18,3799991607666;18,350000381469727;18,360000610351562;36100
2026-10-01;11:01:00;-03:00;18,360000610351562;18,3799991607666;18,34000015258789;18,3700008392334;54300
2026-10-01;11:02:00;-03:00;18,3700008392334;18,3799991607666;18,350000381469727;18,3799991607666;51700
2026-10-01;11:03:00;-03:00;18,3700008392334;18,399999618530273;18,3700008392334;18,399999618530273;18200
2026-10-01;11:04:00;-03:00;18,399999618530273;18,420000076293945;18,399999618530273;18,40999984741211;12800
2026-10-01;11:05:00;-03:00;18,40999984741211;18,420000076293945;18,40999984741211;18,40999984741211;2200
2026-10-01;11:06:00;-03:00;18,40999984741211;18,43000030517578;18,40999984741211;18,43000030517578;10400
2026-10-01;11:07:00;-03:00;18,43000030517578;18,440000534057617;18,43000030517578;18,440000534057617;3800
2026-10-01;11:08:00;-03:00;18,440000534057617;18,479999542236328;18,440000534057617;18,459999084472656;39300
2026-10-01;11:09:00;-03:00;18,450000762939453;18,459999084472656;18,450000762939453;18,450000762939453;15200
2026-10-01;11:10:00;-03:00;18,440000534057617;18,440000534057617;18,43000030517578;18,440000534057617;4900
2026-10-01;11:11:00;-03:00;18,43000030517578;18,440000534057617;18,420000076293945;18,43000030517578;17900
2026-10-01;11:12:00;-03:00;18,43000030517578;18,43000030517578;18,420000076293945;18,420000076293945;22600
2026-10-01;11:13:00;-03:00;18,420000076293945;18,450000762939453;18,420000076293945;18,440000534057617;48300
2026-10-01;11:14:00;-03:00;18,440000534057617;18,440000534057617;18,40999984741211;18,40999984741211;15800
2026-10-01;11:15:00;-03:00;18,420000076293945;18,420000076293945;18,40999984741211;18,40999984741211;16000
2026-10-01;11:16:00;-03:00;18,399999618530273;18,40999984741211;18,399999618530273;18,40999984741211;2300
2026-10-01;11:17:00;-03:00;18,40999984741211;18,420000076293945;18,399999618530273;18,399999618530273;15200
2026-10-01;11:18:00;-03:00;18,399999618530273;18,40999984741211;18,399999618530273;18,40999984741211;1700
2026-10-01;11:19:00;-03:00;18,40999984741211;18,40999984741211;18,389999389648438;18,399999618530273;8900
2026-10-01;11:20:00;-03:00;18,399999618530273;18,420000076293945;18,389999389648438;18,420000076293945;28200
2026-10-01;11:21:00;-03:00;18,420000076293945;18,43000030517578;18,360000610351562;18,360000610351562;120800
2026-10-01;11:22:00;-03:00;18,360000610351562;18,3799991607666;18,360000610351562;18,360000610351562;25200
2026-10-01;11:23:00;-03:00;18,360000610351562;18,3700008392334;18,350000381469727;18,350000381469727;15100
2026-10-01;11:24:00;-03:00;18,360000610351562;18,3700008392334;18,350000381469727;18,3700008392334;46100
2026-10-01;11:25:00;-03:00;18,360000610351562;18,360000610351562;18,34000015258789;18,34000015258789;10300
2026-10-01;11:26:00;-03:00;18,329999923706055;18,329999923706055;18,299999237060547;18,299999237060547;20000
2026-10-01;11:27:00;-03:00;18,299999237060547;18,299999237060547;18,270000457763672;18,270000457763672;13200
2026-10-01;11:28:00;-03:00;18,270000457763672;18,270000457763672;18,239999771118164;18,239999771118164;25600
2026-10-01;11:29:00;-03:00;18,239999771118164;18,25;18,239999771118164;18,239999771118164;29900
2026-10-01;11:30:00;-03:00;18,239999771118164;18,260000228881836;18,239999771118164;18,239999771118164;15000
2026-10-01;11:31:00;-03:00;18,239999771118164;18,260000228881836;18,239999771118164;18,239999771118164;22100
2026-10-01;11:32:00;-03:00;18,239999771118164;18,260000228881836;18,239999771118164;18,239999771118164;16800
2026-10-01;11:33:00;-03:00;18,239999771118164;18,239999771118164;18,209999084472656;18,209999084472656;10100
2026-10-01;11:34:00;-03:00;18,209999084472656;18,219999313354492;18,200000762939453;18,209999084472656;4100
2026-10-01;11:35:00;-03:00;18,200000762939453;18,209999084472656;18,190000534057617;18,200000762939453;10900
2026-10-01;11:36:00;-03:00;18,200000762939453;18,209999084472656;18,18000030517578;18,190000534057617;24400
2026-10-01;11:37:00;-03:00;18,190000534057617;18,190000534057617;18,170000076293945;18,170000076293945;7500
2026-10-01;11:38:00;-03:00;18,170000076293945;18,170000076293945;18,149999618530273;18,149999618530273;6500
2026-10-01;11:39:00;-03:00;18,149999618530273;18,190000534057617;18,149999618530273;18,190000534057617;45500
2026-10-01;11:40:00;-03:00;18,190000534057617;18,200000762939453;18,170000076293945;18,170000076293945;10000
2026-10-01;11:41:00;-03:00;18,18000030517578;18,18000030517578;18,170000076293945;18,18000030517578;15600
2026-10-01;11:42:00;-03:00;18,170000076293945;18,170000076293945;18,15999984741211;18,15999984741211;2400
2026-10-01;11:43:00;-03:00;18,170000076293945;18,170000076293945;18,1200008392334;18,139999389648438;56000
2026-10-01;11:44:00;-03:00;18,149999618530273;18,15999984741211;18,139999389648438;18,15999984741211;13700
2026-10-01;11:45:00;-03:00;18,15999984741211;18,190000534057617;18,15999984741211;18,18000030517578;16800
2026-10-01;11:46:00;-03:00;18,18000030517578;18,18000030517578;18,139999389648438;18,139999389648438;16200
2026-10-01;11:47:00;-03:00;18,139999389648438;18,139999389648438;18,1200008392334;18,1200008392334;17400
2026-10-01;11:48:00;-03:00;18,110000610351562;18,139999389648438;18,110000610351562;18,139999389648438;31900
2026-10-01;11:49:00;-03:00;18,139999389648438;18,139999389648438;18,1200008392334;18,1299991607666;4500
2026-10-01;11:50:00;-03:00;18,1299991607666;18,1299991607666;18,100000381469727;18,100000381469727;11100
2026-10-01;11:51:00;-03:00;18,100000381469727;18,1200008392334;18,100000381469727;18,1200008392334;34800
2026-10-01;11:52:00;-03:00;18,1200008392334;18,1200008392334;18,100000381469727;18,100000381469727;13800
2026-10-01;11:53:00;-03:00;18,110000610351562;18,1200008392334;18,09000015258789;18,09000015258789;32200
2026-10-01;11:54:00;-03:00;18,100000381469727;18,100000381469727;18,059999465942383;18,09000015258789;31200
2026-10-01;11:55:00;-03:00;18,079999923706055;18,09000015258789;18,079999923706055;18,09000015258789;6500
2026-10-01;11:56:00;-03:00;18,079999923706055;18,09000015258789;18,06999969482422;18,079999923706055;36200
2026-10-01;11:57:00;-03:00;18,079999923706055;18,09000015258789;18,06999969482422;18,09000015258789;7700
2026-10-01;11:58:00;-03:00;18,09000015258789;18,110000610351562;18,06999969482422;18,06999969482422;49500
2026-10-01;11:59:00;-03:00;18,09000015258789;18,100000381469727;18,079999923706055;18,100000381469727;11600
2026-10-01;12:00:00;-03:00;18,09000015258789;18,09000015258789;18,06999969482422;18,079999923706055;5100
2026-10-01;12:01:00;-03:00;18,06999969482422;18,079999923706055;18,049999237060547;18,059999465942383;33100
2026-10-01;12:02:00;-03:00;18,06999969482422;18,06999969482422;18,049999237060547;18,049999237060547;10100
2026-10-01;12:03:00;-03:00;18,059999465942383;18,059999465942383;18,049999237060547;18,049999237060547;5600
2026-10-01;12:04:00;-03:00;18,049999237060547;18,06999969482422;18,040000915527344;18,06999969482422;30000
2026-10-01;12:05:00;-03:00;18,06999969482422;18,06999969482422;18,059999465942383;18,059999465942383;2700
2026-10-01;12:06:00;-03:00;18,059999465942383;18,06999969482422;18,049999237060547;18,059999465942383;5800
2026-10-01;12:07:00;-03:00;18,049999237060547;18,059999465942383;18,049999237060547;18,049999237060547;6100
2026-10-01;12:08:00;-03:00;18,049999237060547;18,049999237060547;18,030000686645508;18,030000686645508;11200
2026-10-01;12:09:00;-03:00;18,030000686645508;18,030000686645508;18,020000457763672;18,020000457763672;13800
2026-10-01;12:10:00;-03:00;18,020000457763672;18,020000457763672;18,010000228881836;18,020000457763672;35400
2026-10-01;12:11:00;-03:00;18,030000686645508;18,040000915527344;18,030000686645508;18,030000686645508;11200
2026-10-01;12:12:00;-03:00;18,040000915527344;18,040000915527344;18,0;18,020000457763672;55200
2026-10-01;12:13:00;-03:00;18,020000457763672;18,030000686645508;18,010000228881836;18,020000457763672;20800
2026-10-01;12:14:00;-03:00;18,020000457763672;18,020000457763672;18,010000228881836;18,020000457763672;10700
2026-10-01;12:15:00;-03:00;18,020000457763672;18,020000457763672;18,010000228881836;18,010000228881836;18500
2026-10-01;12:16:00;-03:00;18,010000228881836;18,049999237060547;18,010000228881836;18,040000915527344;24700
2026-10-01;12:17:00;-03:00;18,040000915527344;18,059999465942383;18,030000686645508;18,059999465942383;18400
2026-10-01;12:18:00;-03:00;18,049999237060547;18,079999923706055;18,049999237060547;18,079999923706055;33500
2026-10-01;12:19:00;-03:00;18,06999969482422;18,09000015258789;18,06999969482422;18,079999923706055;6700
2026-10-01;12:20:00;-03:00;18,079999923706055;18,079999923706055;18,049999237060547;18,049999237060547;16100
2026-10-01;12:21:00;-03:00;18,059999465942383;18,06999969482422;18,049999237060547;18,06999969482422;15800
2026-10-01;12:22:00;-03:00;18,059999465942383;18,06999969482422;18,059999465942383;18,059999465942383;14300
2026-10-01;12:23:00;-03:00;18,059999465942383;18,100000381469727;18,059999465942383;18,100000381469727;25400
2026-10-01;12:24:00;-03:00;18,09000015258789;18,110000610351562;18,09000015258789;18,100000381469727;5300
2026-10-01;12:25:00;-03:00;18,09000015258789;18,110000610351562;18,09000015258789;18,100000381469727;13000
2026-10-01;12:26:00;-03:00;18,09000015258789;18,100000381469727;18,09000015258789;18,09000015258789;14700
2026-10-01;12:27:00;-03:00;18,09000015258789;18,110000610351562;18,09000015258789;18,100000381469727;10600
2026-10-01;12:28:00;-03:00;18,09000015258789;18,1200008392334;18,09000015258789;18,1200008392334;13400
2026-10-01;12:29:00;-03:00;18,110000610351562;18,1299991607666;18,110000610351562;18,110000610351562;19100
2026-10-01;12:30:00;-03:00;18,110000610351562;18,1200008392334;18,100000381469727;18,1200008392334;21200
2026-10-01;12:31:00;-03:00;18,110000610351562;18,1200008392334;18,100000381469727;18,1200008392334;9500
2026-10-01;12:32:00;-03:00;18,110000610351562;18,1200008392334;18,100000381469727;18,100000381469727;13600
2026-10-01;12:33:00;-03:00;18,110000610351562;18,1200008392334;18,100000381469727;18,110000610351562;28600
2026-10-01;12:34:00;-03:00;18,110000610351562;18,110000610351562;18,09000015258789;18,09000015258789;10800
2026-10-01;12:35:00;-03:00;18,09000015258789;18,100000381469727;18,09000015258789;18,100000381469727;24800
2026-10-01;12:36:00;-03:00;18,110000610351562;18,110000610351562;18,09000015258789;18,110000610351562;0
2026-10-01;12:37:00;-03:00;18,1200008392334;18,149999618530273;18,1200008392334;18,149999618530273;6600
2026-10-01;12:38:00;-03:00;18,149999618530273;18,18000030517578;18,149999618530273;18,170000076293945;15800
2026-10-01;12:39:00;-03:00;18,170000076293945;18,170000076293945;18,15999984741211;18,170000076293945;10400
2026-10-01;12:40:00;-03:00;18,18000030517578;18,18000030517578;18,170000076293945;18,18000030517578;6600
2026-10-01;12:41:00;-03:00;18,18000030517578;18,18000030517578;18,15999984741211;18,15999984741211;20100
2026-10-01;12:42:00;-03:00;18,170000076293945;18,18000030517578;18,170000076293945;18,170000076293945;12200
2026-10-01;12:43:00;-03:00;18,170000076293945;18,170000076293945;18,139999389648438;18,139999389648438;25900
2026-10-01;12:44:00;-03:00;18,139999389648438;18,149999618530273;18,1299991607666;18,139999389648438;5700
2026-10-01;12:45:00;-03:00;18,139999389648438;18,139999389648438;18,1299991607666;18,139999389648438;4300
2026-10-01;12:46:00;-03:00;18,139999389648438;18,149999618530273;18,139999389648438;18,149999618530273;10900
2026-10-01;12:47:00;-03:00;18,139999389648438;18,149999618530273;18,139999389648438;18,149999618530273;13600
2026-10-01;12:48:00;-03:00;18,149999618530273;18,170000076293945;18,149999618530273;18,170000076293945;21500
2026-10-01;12:49:00;-03:00;18,15999984741211;18,170000076293945;18,15999984741211;18,15999984741211;4500
2026-10-01;12:50:00;-03:00;18,149999618530273;18,15999984741211;18,139999389648438;18,139999389648438;9100
2026-10-01;12:51:00;-03:00;18,139999389648438;18,149999618530273;18,139999389648438;18,149999618530273;2700
2026-10-01;12:52:00;-03:00;18,139999389648438;18,15999984741211;18,139999389648438;18,15999984741211;19200
2026-10-01;12:53:00;-03:00;18,149999618530273;18,15999984741211;18,139999389648438;18,149999618530273;8900
2026-10-01;12:54:00;-03:00;18,139999389648438;18,15999984741211;18,139999389648438;18,15999984741211;15100
2026-10-01;12:55:00;-03:00;18,149999618530273;18,15999984741211;18,139999389648438;18,15999984741211;13400
2026-10-01;12:56:00;-03:00;18,15999984741211;18,170000076293945;18,15999984741211;18,15999984741211;13400
2026-10-01;12:57:00;-03:00;18,15999984741211;18,170000076293945;18,149999618530273;18,15999984741211;9000
2026-10-01;12:58:00;-03:00;18,15999984741211;18,15999984741211;18,149999618530273;18,149999618530273;900
2026-10-01;12:59:00;-03:00;18,15999984741211;18,15999984741211;18,15999984741211;18,15999984741211;8000
2026-10-01;13:00:00;-03:00;18,15999984741211;18,15999984741211;18,149999618530273;18,149999618530273;13900
2026-10-01;13:01:00;-03:00;18,15999984741211;18,170000076293945;18,149999618530273;18,170000076293945;6700
2026-10-01;13:02:00;-03:00;18,15999984741211;18,170000076293945;18,15999984741211;18,170000076293945;1200
2026-10-01;13:03:00;-03:00;18,170000076293945;18,170000076293945;18,149999618530273;18,149999618530273;9600
2026-10-01;13:04:00;-03:00;18,15999984741211;18,170000076293945;18,149999618530273;18,149999618530273;13600
2026-10-01;13:05:00;-03:00;18,15999984741211;18,190000534057617;18,15999984741211;18,190000534057617;38100
2026-10-01;13:06:00;-03:00;18,190000534057617;18,190000534057617;18,18000030517578;18,190000534057617;1700
2026-10-01;13:07:00;-03:00;18,18000030517578;18,190000534057617;18,18000030517578;18,18000030517578;6500
2026-10-01;13:08:00;-03:00;18,18000030517578;18,18000030517578;18,170000076293945;18,170000076293945;2500
2026-10-01;13:09:00;-03:00;18,18000030517578;18,18000030517578;18,170000076293945;18,170000076293945;3800
2026-10-01;13:10:00;-03:00;18,170000076293945;18,18000030517578;18,170000076293945;18,170000076293945;4300
2026-10-01;13:11:00;-03:00;18,170000076293945;18,190000534057617;18,15999984741211;18,18000030517578;51300
2026-10-01;13:12:00;-03:00;18,190000534057617;18,190000534057617;18,190000534057617;18,190000534057617;5300
2026-10-01;13:13:00;-03:00;18,200000762939453;18,200000762939453;18,190000534057617;18,190000534057617;1900
2026-10-01;13:14:00;-03:00;18,190000534057617;18,190000534057617;18,18000030517578;18,18000030517578;9200
2026-10-01;13:15:00;-03:00;18,18000030517578;18,190000534057617;18,18000030517578;18,18000030517578;2300
2026-10-01;13:16:00;-03:00;18,190000534057617;18,209999084472656;18,18000030517578;18,209999084472656;28500
2026-10-01;13:17:00;-03:00;18,219999313354492;18,219999313354492;18,209999084472656;18,209999084472656;11800
2026-10-01;13:18:00;-03:00;18,200000762939453;18,200000762939453;18,200000762939453;18,200000762939453;300
2026-10-01;13:19:00;-03:00;18,200000762939453;18,219999313354492;18,200000762939453;18,200000762939453;18500
2026-10-01;13:20:00;-03:00;18,209999084472656;18,229999542236328;18,200000762939453;18,229999542236328;18600
2026-10-01;13:21:00;-03:00;18,229999542236328;18,239999771118164;18,229999542236328;18,239999771118164;3600
2026-10-01;13:22:00;-03:00;18,239999771118164;18,260000228881836;18,239999771118164;18,260000228881836;35100
2026-10-01;13:23:00;-03:00;18,260000228881836;18,260000228881836;18,25;18,25;2500
2026-10-01;13:24:00;-03:00;18,260000228881836;18,280000686645508;18,260000228881836;18,280000686645508;18400
2026-10-01;13:25:00;-03:00;18,280000686645508;18,290000915527344;18,280000686645508;18,280000686645508;9800
2026-10-01;13:26:00;-03:00;18,280000686645508;18,290000915527344;18,280000686645508;18,290000915527344;25100
2026-10-01;13:27:00;-03:00;18,280000686645508;18,280000686645508;18,270000457763672;18,280000686645508;22000
2026-10-01;13:28:00;-03:00;18,290000915527344;18,290000915527344;18,280000686645508;18,290000915527344;5500
2026-10-01;13:29:00;-03:00;18,290000915527344;18,309999465942383;18,290000915527344;18,309999465942383;43800
2026-10-01;13:30:00;-03:00;18,309999465942383;18,329999923706055;18,299999237060547;18,329999923706055;9700
2026-10-01;13:31:00;-03:00;18,329999923706055;18,329999923706055;18,31999969482422;18,31999969482422;2600
2026-10-01;13:32:00;-03:00;18,329999923706055;18,329999923706055;18,309999465942383;18,309999465942383;19300
2026-10-01;13:33:00;-03:00;18,31999969482422;18,329999923706055;18,31999969482422;18,329999923706055;21100
2026-10-01;13:34:00;-03:00;18,31999969482422;18,329999923706055;18,31999969482422;18,329999923706055;4100
2026-10-01;13:35:00;-03:00;18,31999969482422;18,31999969482422;18,309999465942383;18,309999465942383;20400
2026-10-01;13:36:00;-03:00;18,309999465942383;18,309999465942383;18,299999237060547;18,299999237060547;9300
2026-10-01;13:37:00;-03:00;18,299999237060547;18,299999237060547;18,270000457763672;18,270000457763672;21200
2026-10-01;13:38:00;-03:00;18,270000457763672;18,280000686645508;18,270000457763672;18,280000686645508;5200
2026-10-01;13:39:00;-03:00;18,270000457763672;18,280000686645508;18,260000228881836;18,260000228881836;18000
2026-10-01;13:40:00;-03:00;18,260000228881836;18,290000915527344;18,260000228881836;18,280000686645508;30700
2026-10-01;13:41:00;-03:00;18,280000686645508;18,280000686645508;18,209999084472656;18,209999084472656;115300
2026-10-01;13:42:00;-03:00;18,209999084472656;18,209999084472656;18,200000762939453;18,209999084472656;21400
2026-10-01;13:43:00;-03:00;18,209999084472656;18,209999084472656;18,200000762939453;18,200000762939453;1900
2026-10-01;13:44:00;-03:00;18,200000762939453;18,209999084472656;18,200000762939453;18,209999084472656;26000
2026-10-01;13:45:00;-03:00;18,209999084472656;18,219999313354492;18,200000762939453;18,209999084472656;9500
2026-10-01;13:46:00;-03:00;18,209999084472656;18,219999313354492;18,190000534057617;18,209999084472656;50600
2026-10-01;13:47:00;-03:00;18,219999313354492;18,219999313354492;18,200000762939453;18,209999084472656;9900
2026-10-01;13:48:00;-03:00;18,219999313354492;18,219999313354492;18,209999084472656;18,209999084472656;4900
2026-10-01;13:49:00;-03:00;18,209999084472656;18,229999542236328;18,209999084472656;18,219999313354492;12600
2026-10-01;13:50:00;-03:00;18,209999084472656;18,209999084472656;18,190000534057617;18,190000534057617;13000
2026-10-01;13:51:00;-03:00;18,190000534057617;18,190000534057617;18,18000030517578;18,18000030517578;3700
2026-10-01;13:52:00;-03:00;18,18000030517578;18,190000534057617;18,18000030517578;18,18000030517578;2700
2026-10-01;13:53:00;-03:00;18,18000030517578;18,200000762939453;18,18000030517578;18,190000534057617;15200
2026-10-01;13:54:00;-03:00;18,200000762939453;18,200000762939453;18,18000030517578;18,18000030517578;2300
2026-10-01;13:55:00;-03:00;18,18000030517578;18,190000534057617;18,170000076293945;18,18000030517578;7100
2026-10-01;13:56:00;-03:00;18,170000076293945;18,18000030517578;18,170000076293945;18,170000076293945;4200
2026-10-01;13:57:00;-03:00;18,170000076293945;18,18000030517578;18,15999984741211;18,15999984741211;13900
2026-10-01;13:58:00;-03:00;18,15999984741211;18,18000030517578;18,15999984741211;18,170000076293945;16600
2026-10-01;13:59:00;-03:00;18,18000030517578;18,18000030517578;18,170000076293945;18,170000076293945;3300
2026-10-01;14:00:00;-03:00;18,170000076293945;18,200000762939453;18,170000076293945;18,190000534057617;33100
2026-10-01;14:01:00;-03:00;18,190000534057617;18,190000534057617;18,170000076293945;18,170000076293945;20200
2026-10-01;14:02:00;-03:00;18,18000030517578;18,200000762939453;18,18000030517578;18,190000534057617;4700
2026-10-01;14:03:00;-03:00;18,190000534057617;18,200000762939453;18,190000534057617;18,190000534057617;7000
2026-10-01;14:04:00;-03:00;18,190000534057617;18,200000762939453;18,190000534057617;18,190000534057617;16000
2026-10-01;14:05:00;-03:00;18,190000534057617;18,200000762939453;18,190000534057617;18,190000534057617;2000
2026-10-01;14:06:00;-03:00;18,190000534057617;18,200000762939453;18,190000534057617;18,190000534057617;2300
2026-10-01;14:07:00;-03:00;18,190000534057617;18,200000762939453;18,190000534057617;18,190000534057617;5200
2026-10-01;14:08:00;-03:00;18,200000762939453;18,209999084472656;18,190000534057617;18,200000762939453;12200
2026-10-01;14:09:00;-03:00;18,200000762939453;18,209999084472656;18,200000762939453;18,209999084472656;4900
2026-10-01;14:10:00;-03:00;18,200000762939453;18,209999084472656;18,200000762939453;18,200000762939453;7900
2026-10-01;14:11:00;-03:00;18,190000534057617;18,200000762939453;18,18000030517578;18,18000030517578;13500
2026-10-01;14:12:00;-03:00;18,190000534057617;18,190000534057617;18,18000030517578;18,18000030517578;4900
2026-10-01;14:13:00;-03:00;18,18000030517578;18,190000534057617;18,18000030517578;18,18000030517578;4500
2026-10-01;14:14:00;-03:00;18,18000030517578;18,190000534057617;18,18000030517578;18,190000534057617;33700
2026-10-01;14:15:00;-03:00;18,18000030517578;18,190000534057617;18,18000030517578;18,190000534057617;9000
2026-10-01;14:16:00;-03:00;18,190000534057617;18,200000762939453;18,190000534057617;18,190000534057617;2900
2026-10-01;14:17:00;-03:00;18,190000534057617;18,200000762939453;18,190000534057617;18,190000534057617;3700
2026-10-01;14:18:00;-03:00;18,190000534057617;18,200000762939453;18,190000534057617;18,190000534057617;2700
2026-10-01;14:19:00;-03:00;18,200000762939453;18,209999084472656;18,190000534057617;18,209999084472656;30700
2026-10-01;14:20:00;-03:00;18,209999084472656;18,239999771118164;18,209999084472656;18,219999313354492;40700
2026-10-01;14:21:00;-03:00;18,209999084472656;18,219999313354492;18,200000762939453;18,200000762939453;5800
2026-10-01;14:22:00;-03:00;18,200000762939453;18,209999084472656;18,190000534057617;18,200000762939453;18800
2026-10-01;14:23:00;-03:00;18,209999084472656;18,209999084472656;18,200000762939453;18,209999084472656;2600
2026-10-01;14:24:00;-03:00;18,200000762939453;18,219999313354492;18,200000762939453;18,209999084472656;18100
2026-10-01;14:25:00;-03:00;18,219999313354492;18,229999542236328;18,209999084472656;18,229999542236328;26500
2026-10-01;14:26:00;-03:00;18,229999542236328;18,229999542236328;18,219999313354492;18,219999313354492;8000
2026-10-01;14:27:00;-03:00;18,219999313354492;18,229999542236328;18,219999313354492;18,219999313354492;18300
2026-10-01;14:28:00;-03:00;18,209999084472656;18,219999313354492;18,190000534057617;18,209999084472656;23000
2026-10-01;14:29:00;-03:00;18,200000762939453;18,219999313354492;18,200000762939453;18,209999084472656;2900
2026-10-01;14:30:00;-03:00;18,209999084472656;18,25;18,209999084472656;18,229999542236328;22800
2026-10-01;14:31:00;-03:00;18,229999542236328;18,229999542236328;18,219999313354492;18,219999313354492;4300
2026-10-01;14:32:00;-03:00;18,219999313354492;18,229999542236328;18,209999084472656;18,209999084472656;9000
2026-10-01;14:33:00;-03:00;18,200000762939453;18,200000762939453;18,170000076293945;18,170000076293945;26100
2026-10-01;14:34:00;-03:00;18,170000076293945;18,18000030517578;18,170000076293945;18,170000076293945;4200
2026-10-01;14:35:00;-03:00;18,170000076293945;18,18000030517578;18,15999984741211;18,15999984741211;26700
2026-10-01;14:36:00;-03:00;18,15999984741211;18,190000534057617;18,15999984741211;18,190000534057617;39300
2026-10-01;14:37:00;-03:00;18,190000534057617;18,200000762939453;18,18000030517578;18,18000030517578;14500
2026-10-01;14:38:00;-03:00;18,18000030517578;18,18000030517578;18,15999984741211;18,170000076293945;31000
2026-10-01;14:39:00;-03:00;18,170000076293945;18,18000030517578;18,170000076293945;18,170000076293945;2200
2026-10-01;14:40:00;-03:00;18,18000030517578;18,18000030517578;18,170000076293945;18,170000076293945;3000
2026-10-01;14:41:00;-03:00;18,170000076293945;18,170000076293945;18,15999984741211;18,15999984741211;7600
2026-10-01;14:42:00;-03:00;18,15999984741211;18,170000076293945;18,15999984741211;18,15999984741211;4500
2026-10-01;14:43:00;-03:00;18,170000076293945;18,190000534057617;18,170000076293945;18,18000030517578;34300
2026-10-01;14:44:00;-03:00;18,170000076293945;18,18000030517578;18,170000076293945;18,170000076293945;2600
2026-10-01;14:45:00;-03:00;18,170000076293945;18,18000030517578;18,170000076293945;18,170000076293945;3100
2026-10-01;14:46:00;-03:00;18,170000076293945;18,170000076293945;18,15999984741211;18,15999984741211;11800
2026-10-01;14:47:00;-03:00;18,170000076293945;18,170000076293945;18,149999618530273;18,149999618530273;12900
2026-10-01;14:48:00;-03:00;18,149999618530273;18,15999984741211;18,1299991607666;18,1299991607666;35100
2026-10-01;14:49:00;-03:00;18,1299991607666;18,139999389648438;18,1200008392334;18,1299991607666;17400
2026-10-01;14:50:00;-03:00;18,1299991607666;18,139999389648438;18,1299991607666;18,1299991607666;13400
2026-10-01;14:51:00;-03:00;18,139999389648438;18,170000076293945;18,1299991607666;18,15999984741211;77500
2026-10-01;14:52:00;-03:00;18,170000076293945;18,18000030517578;18,170000076293945;18,18000030517578;5800
2026-10-01;14:53:00;-03:00;18,18000030517578;18,190000534057617;18,170000076293945;18,18000030517578;21400
2026-10-01;14:54:00;-03:00;18,170000076293945;18,170000076293945;18,149999618530273;18,170000076293945;15500
2026-10-01;14:55:00;-03:00;18,15999984741211;18,18000030517578;18,149999618530273;18,18000030517578;151300
2026-10-01;14:56:00;-03:00;18,170000076293945;18,190000534057617;18,170000076293945;18,18000030517578;7300
2026-10-01;14:57:00;-03:00;18,18000030517578;18,18000030517578;18,170000076293945;18,170000076293945;14900
2026-10-01;14:58:00;-03:00;18,170000076293945;18,18000030517578;18,149999618530273;18,170000076293945;75700
2026-10-01;14:59:00;-03:00;18,170000076293945;18,18000030517578;18,170000076293945;18,18000030517578;16600
2026-10-01;15:00:00;-03:00;18,18000030517578;18,190000534057617;18,149999618530273;18,149999618530273;15200
2026-10-01;15:01:00;-03:00;18,15999984741211;18,170000076293945;18,139999389648438;18,15999984741211;68100
2026-10-01;15:02:00;-03:00;18,170000076293945;18,18000030517578;18,15999984741211;18,170000076293945;6400
2026-10-01;15:03:00;-03:00;18,170000076293945;18,170000076293945;18,15999984741211;18,170000076293945;4600
2026-10-01;15:04:00;-03:00;18,15999984741211;18,170000076293945;18,149999618530273;18,170000076293945;15700
2026-10-01;15:05:00;-03:00;18,15999984741211;18,170000076293945;18,15999984741211;18,170000076293945;7500
2026-10-01;15:06:00;-03:00;18,15999984741211;18,170000076293945;18,149999618530273;18,15999984741211;18600
2026-10-01;15:07:00;-03:00;18,170000076293945;18,170000076293945;18,15999984741211;18,170000076293945;10100
2026-10-01;15:08:00;-03:00;18,15999984741211;18,170000076293945;18,149999618530273;18,15999984741211;14600
2026-10-01;15:09:00;-03:00;18,149999618530273;18,170000076293945;18,139999389648438;18,170000076293945;70900
2026-10-01;15:10:00;-03:00;18,170000076293945;18,170000076293945;18,15999984741211;18,15999984741211;4600
2026-10-01;15:11:00;-03:00;18,170000076293945;18,18000030517578;18,15999984741211;18,170000076293945;41600
2026-10-01;15:12:00;-03:00;18,15999984741211;18,170000076293945;18,149999618530273;18,149999618530273;6000
2026-10-01;15:13:00;-03:00;18,149999618530273;18,170000076293945;18,149999618530273;18,15999984741211;37600
2026-10-01;15:14:00;-03:00;18,15999984741211;18,15999984741211;18,149999618530273;18,149999618530273;5200
2026-10-01;15:15:00;-03:00;18,149999618530273;18,15999984741211;18,149999618530273;18,149999618530273;15200
2026-10-01;15:16:00;-03:00;18,139999389648438;18,149999618530273;18,139999389648438;18,149999618530273;8700
2026-10-01;15:17:00;-03:00;18,139999389648438;18,149999618530273;18,1299991607666;18,1299991607666;55800
2026-10-01;15:18:00;-03:00;18,1299991607666;18,139999389648438;18,1299991607666;18,1299991607666;5400
2026-10-01;15:19:00;-03:00;18,1299991607666;18,139999389648438;18,1200008392334;18,1200008392334;18900
2026-10-01;15:20:00;-03:00;18,1200008392334;18,1299991607666;18,110000610351562;18,110000610351562;9200
2026-10-01;15:21:00;-03:00;18,110000610351562;18,1299991607666;18,110000610351562;18,1299991607666;38400
2026-10-01;15:22:00;-03:00;18,1200008392334;18,1299991607666;18,110000610351562;18,1200008392334;34900
2026-10-01;15:23:00;-03:00;18,1299991607666;18,139999389648438;18,1200008392334;18,1299991607666;38400
2026-10-01;15:24:00;-03:00;18,139999389648438;18,149999618530273;18,1299991607666;18,139999389648438;34500
2026-10-01;15:25:00;-03:00;18,139999389648438;18,139999389648438;18,110000610351562;18,110000610351562;20200
2026-10-01;15:26:00;-03:00;18,110000610351562;18,110000610351562;18,100000381469727;18,100000381469727;10400
2026-10-01;15:27:00;-03:00;18,100000381469727;18,110000610351562;18,100000381469727;18,110000610351562;10300
2026-10-01;15:28:00;-03:00;18,100000381469727;18,110000610351562;18,09000015258789;18,09000015258789;12000
2026-10-01;15:29:00;-03:00;18,09000015258789;18,100000381469727;18,09000015258789;18,09000015258789;15900
2026-10-01;15:30:00;-03:00;18,09000015258789;18,1200008392334;18,09000015258789;18,1200008392334;61500
2026-10-01;15:31:00;-03:00;18,1200008392334;18,1200008392334;18,100000381469727;18,110000610351562;16100
2026-10-01;15:32:00;-03:00;18,100000381469727;18,110000610351562;18,100000381469727;18,110000610351562;9700
2026-10-01;15:33:00;-03:00;18,100000381469727;18,110000610351562;18,100000381469727;18,100000381469727;4800
2026-10-01;15:34:00;-03:00;18,100000381469727;18,1200008392334;18,100000381469727;18,1200008392334;54900
2026-10-01;15:35:00;-03:00;18,110000610351562;18,1200008392334;18,110000610351562;18,110000610351562;27300
2026-10-01;15:36:00;-03:00;18,110000610351562;18,1200008392334;18,100000381469727;18,110000610351562;10000
2026-10-01;15:37:00;-03:00;18,100000381469727;18,110000610351562;18,100000381469727;18,100000381469727;4000
2026-10-01;15:38:00;-03:00;18,110000610351562;18,110000610351562;18,100000381469727;18,100000381469727;6900
2026-10-01;15:39:00;-03:00;18,110000610351562;18,110000610351562;18,09000015258789;18,100000381469727;12400
2026-10-01;15:40:00;-03:00;18,100000381469727;18,110000610351562;18,059999465942383;18,059999465942383;20100
2026-10-01;15:41:00;-03:00;18,06999969482422;18,06999969482422;18,059999465942383;18,06999969482422;12200
2026-10-01;15:42:00;-03:00;18,059999465942383;18,06999969482422;18,059999465942383;18,06999969482422;14100
2026-10-01;15:43:00;-03:00;18,059999465942383;18,06999969482422;18,049999237060547;18,059999465942383;13000
2026-10-01;15:44:00;-03:00;18,049999237060547;18,06999969482422;18,049999237060547;18,059999465942383;55500
2026-10-01;15:45:00;-03:00;18,06999969482422;18,06999969482422;18,059999465942383;18,06999969482422;4200
2026-10-01;15:46:00;-03:00;18,06999969482422;18,06999969482422;18,049999237060547;18,049999237060547;11900
2026-10-01;15:47:00;-03:00;18,049999237060547;18,059999465942383;18,049999237060547;18,049999237060547;5100
2026-10-01;15:48:00;-03:00;18,049999237060547;18,059999465942383;18,040000915527344;18,059999465942383;42200
2026-10-01;15:49:00;-03:00;18,049999237060547;18,1299991607666;18,049999237060547;18,1200008392334;321100
2026-10-01;15:50:00;-03:00;18,1299991607666;18,1299991607666;18,09000015258789;18,100000381469727;19600
2026-10-01;15:51:00;-03:00;18,100000381469727;18,100000381469727;18,09000015258789;18,09000015258789;3000
2026-10-01;15:52:00;-03:00;18,100000381469727;18,100000381469727;18,079999923706055;18,09000015258789;8700
2026-10-01;15:53:00;-03:00;18,09000015258789;18,100000381469727;18,079999923706055;18,09000015258789;28400
2026-10-01;15:54:00;-03:00;18,09000015258789;18,110000610351562;18,09000015258789;18,09000015258789;32400
2026-10-01;15:55:00;-03:00;18,09000015258789;18,100000381469727;18,079999923706055;18,100000381469727;8800
2026-10-01;15:56:00;-03:00;18,09000015258789;18,100000381469727;18,09000015258789;18,09000015258789;9900
2026-10-01;15:57:00;-03:00;18,100000381469727;18,100000381469727;18,079999923706055;18,079999923706055;25900
2026-10-01;15:58:00;-03:00;18,079999923706055;18,110000610351562;18,079999923706055;18,09000015258789;28600
2026-10-01;15:59:00;-03:00;18,100000381469727;18,110000610351562;18,09000015258789;18,09000015258789;29900
2026-10-01;16:00:00;-03:00;18,09000015258789;18,1200008392334;18,09000015258789;18,1200008392334;28200
2026-10-01;16:01:00;-03:00;18,1200008392334;18,1200008392334;18,100000381469727;18,110000610351562;25300
2026-10-01;16:02:00;-03:00;18,110000610351562;18,170000076293945;18,110000610351562;18,15999984741211;70000
2026-10-01;16:03:00;-03:00;18,170000076293945;18,18000030517578;18,15999984741211;18,170000076293945;12800
2026-10-01;16:04:00;-03:00;18,170000076293945;18,18000030517578;18,15999984741211;18,15999984741211;7300
2026-10-01;16:05:00;-03:00;18,15999984741211;18,170000076293945;18,139999389648438;18,139999389648438;22500
2026-10-01;16:06:00;-03:00;18,139999389648438;18,149999618530273;18,139999389648438;18,139999389648438;9000
2026-10-01;16:07:00;-03:00;18,139999389648438;18,18000030517578;18,139999389648438;18,18000030517578;69900
2026-10-01;16:08:00;-03:00;18,18000030517578;18,190000534057617;18,170000076293945;18,18000030517578;23900
2026-10-01;16:09:00;-03:00;18,170000076293945;18,190000534057617;18,170000076293945;18,18000030517578;4200
2026-10-01;16:10:00;-03:00;18,18000030517578;18,190000534057617;18,18000030517578;18,190000534057617;5900
2026-10-01;16:11:00;-03:00;18,18000030517578;18,18000030517578;18,170000076293945;18,170000076293945;15100
2026-10-01;16:12:00;-03:00;18,170000076293945;18,18000030517578;18,170000076293945;18,170000076293945;9800
2026-10-01;16:13:00;-03:00;18,170000076293945;18,200000762939453;18,170000076293945;18,190000534057617;227200
2026-10-01;16:14:00;-03:00;18,190000534057617;18,200000762939453;18,190000534057617;18,190000534057617;4700
2026-10-01;16:15:00;-03:00;18,190000534057617;18,200000762939453;18,18000030517578;18,200000762939453;35400
2026-10-01;16:16:00;-03:00;18,190000534057617;18,190000534057617;18,18000030517578;18,18000030517578;6600
2026-10-01;16:17:00;-03:00;18,18000030517578;18,190000534057617;18,170000076293945;18,18000030517578;6400
2026-10-01;16:18:00;-03:00;18,18000030517578;18,190000534057617;18,18000030517578;18,18000030517578;4300
2026-10-01;16:19:00;-03:00;18,18000030517578;18,190000534057617;18,170000076293945;18,170000076293945;36500
2026-10-01;16:20:00;-03:00;18,170000076293945;18,18000030517578;18,15999984741211;18,170000076293945;7200
2026-10-01;16:21:00;-03:00;18,170000076293945;18,18000030517578;18,170000076293945;18,170000076293945;8500
2026-10-01;16:22:00;-03:00;18,170000076293945;18,190000534057617;18,170000076293945;18,18000030517578;39200
2026-10-01;16:23:00;-03:00;18,18000030517578;18,18000030517578;18,170000076293945;18,170000076293945;4600
2026-10-01;16:24:00;-03:00;18,170000076293945;18,18000030517578;18,170000076293945;18,170000076293945;4900
2026-10-01;16:25:00;-03:00;18,170000076293945;18,18000030517578;18,170000076293945;18,170000076293945;7200
2026-10-01;16:26:00;-03:00;18,170000076293945;18,18000030517578;18,170000076293945;18,170000076293945;7800
2026-10-01;16:27:00;-03:00;18,18000030517578;18,18000030517578;18,170000076293945;18,170000076293945;26600
2026-10-01;16:28:00;-03:00;18,170000076293945;18,209999084472656;18,170000076293945;18,209999084472656;35300
2026-10-01;16:29:00;-03:00;18,209999084472656;18,209999084472656;18,18000030517578;18,18000030517578;10100
2026-10-01;16:30:00;-03:00;18,190000534057617;18,190000534057617;18,15999984741211;18,18000030517578;23700
2026-10-01;16:31:00;-03:00;18,18000030517578;18,18000030517578;18,170000076293945;18,170000076293945;10900
2026-10-01;16:32:00;-03:00;18,18000030517578;18,18000030517578;18,170000076293945;18,170000076293945;7500
2026-10-01;16:33:00;-03:00;18,18000030517578;18,200000762939453;18,170000076293945;18,190000534057617;48700
2026-10-01;16:34:00;-03:00;18,190000534057617;18,200000762939453;18,190000534057617;18,190000534057617;5000
2026-10-01;16:35:00;-03:00;18,200000762939453;18,219999313354492;18,190000534057617;18,209999084472656;25200
2026-10-01;16:36:00;-03:00;18,200000762939453;18,200000762939453;18,190000534057617;18,200000762939453;17600
2026-10-01;16:37:00;-03:00;18,190000534057617;18,200000762939453;18,18000030517578;18,190000534057617;7100
2026-10-01;16:38:00;-03:00;18,190000534057617;18,200000762939453;18,170000076293945;18,170000076293945;11100
2026-10-01;16:39:00;-03:00;18,170000076293945;18,18000030517578;18,170000076293945;18,170000076293945;9600
2026-10-01;16:40:00;-03:00;18,170000076293945;18,18000030517578;18,170000076293945;18,170000076293945;12100
2026-10-01;16:41:00;-03:00;18,18000030517578;18,18000030517578;18,170000076293945;18,170000076293945;17600
2026-10-01;16:42:00;-03:00;18,18000030517578;18,190000534057617;18,170000076293945;18,190000534057617;40600
2026-10-01;16:43:00;-03:00;18,18000030517578;18,18000030517578;18,170000076293945;18,170000076293945;10100
2026-10-01;16:44:00;-03:00;18,170000076293945;18,18000030517578;18,170000076293945;18,170000076293945;7200
2026-10-01;16:45:00;-03:00;18,170000076293945;18,18000030517578;18,170000076293945;18,170000076293945;6600
2026-10-01;16:46:00;-03:00;18,18000030517578;18,190000534057617;18,170000076293945;18,190000534057617;42500
2026-10-01;16:47:00;-03:00;18,18000030517578;18,190000534057617;18,18000030517578;18,18000030517578;14700
2026-10-01;16:48:00;-03:00;18,190000534057617;18,190000534057617;18,18000030517578;18,18000030517578;16100
2026-10-01;16:49:00;-03:00;18,190000534057617;18,190000534057617;18,18000030517578;18,190000534057617;6700
2026-10-01;16:50:00;-03:00;18,18000030517578;18,190000534057617;18,18000030517578;18,190000534057617;27800
2026-10-01;16:51:00;-03:00;18,190000534057617;18,190000534057617;18,18000030517578;18,18000030517578;19200
2026-10-01;16:52:00;-03:00;18,18000030517578;18,190000534057617;18,18000030517578;18,190000534057617;9600
2026-10-01;16:53:00;-03:00;18,18000030517578;18,190000534057617;18,18000030517578;18,190000534057617;17800
2026-10-01;16:54:00;-03:00;18,190000534057617;18,190000534057617;18,18000030517578;18,190000534057617;6300
2026-10-02;10:09:00;-03:00;18,59000015258789;18,59000015258789;18,479999542236328;18,479999542236328;0
2026-10-02;10:10:00;-03:00;18,479999542236328;18,5;18,389999389648438;18,389999389648438;19700
2026-10-02;10:11:00;-03:00;18,399999618530273;18,43000030517578;18,3700008392334;18,43000030517578;18900
2026-10-02;10:12:00;-03:00;18,43000030517578;18,459999084472656;18,420000076293945;18,450000762939453;3700
2026-10-02;10:13:00;-03:00;18,459999084472656;18,459999084472656;18,440000534057617;18,450000762939453;1200
2026-10-02;10:14:00;-03:00;18,450000762939453;18,459999084472656;18,450000762939453;18,459999084472656;3600
2026-10-02;10:15:00;-03:00;18,450000762939453;18,459999084472656;18,420000076293945;18,420000076293945;6700
2026-10-02;10:16:00;-03:00;18,420000076293945;18,440000534057617;18,420000076293945;18,43000030517578;2000
2026-10-02;10:17:00;-03:00;18,43000030517578;18,440000534057617;18,420000076293945;18,43000030517578;2000
2026-10-02;10:18:00;-03:00;18,420000076293945;18,440000534057617;18,389999389648438;18,440000534057617;12200
2026-10-02;10:19:00;-03:00;18,43000030517578;18,450000762939453;18,420000076293945;18,450000762939453;5200
2026-10-02;10:20:00;-03:00;18,450000762939453;18,450000762939453;18,389999389648438;18,389999389648438;8400
2026-10-02;10:21:00;-03:00;18,389999389648438;18,40999984741211;18,389999389648438;18,40999984741211;2100
2026-10-02;10:22:00;-03:00;18,40999984741211;18,40999984741211;18,399999618530273;18,40999984741211;4300
2026-10-02;10:23:00;-03:00;18,40999984741211;18,440000534057617;18,40999984741211;18,43000030517578;1800
2026-10-02;10:24:00;-03:00;18,420000076293945;18,420000076293945;18,40999984741211;18,420000076293945;2400
2026-10-02;10:25:00;-03:00;18,43000030517578;18,43000030517578;18,43000030517578;18,43000030517578;1500
2026-10-02;10:26:00;-03:00;18,43000030517578;18,450000762939453;18,420000076293945;18,420000076293945;3000
2026-10-02;10:27:00;-03:00;18,420000076293945;18,420000076293945;18,3700008392334;18,3700008392334;5300
2026-10-02;10:28:00;-03:00;18,3700008392334;18,40999984741211;18,3700008392334;18,40999984741211;15700
2026-10-02;10:29:00;-03:00;18,40999984741211;18,420000076293945;18,360000610351562;18,3700008392334;7900
2026-10-02;10:30:00;-03:00;18,3700008392334;18,3700008392334;18,299999237060547;18,31999969482422;19300
2026-10-02;10:31:00;-03:00;18,31999969482422;18,350000381469727;18,280000686645508;18,280000686645508;15200
2026-10-02;10:32:00;-03:00;18,290000915527344;18,299999237060547;18,270000457763672;18,270000457763672;11700
2026-10-02;10:33:00;-03:00;18,270000457763672;18,270000457763672;18,190000534057617;18,200000762939453;42400
2026-10-02;10:34:00;-03:00;18,190000534057617;18,200000762939453;18,149999618530273;18,149999618530273;20300
2026-10-02;10:35:00;-03:00;18,149999618530273;18,170000076293945;18,149999618530273;18,170000076293945;30600
2026-10-02;10:36:00;-03:00;18,170000076293945;18,170000076293945;18,1299991607666;18,139999389648438;5100
2026-10-02;10:37:00;-03:00;18,139999389648438;18,219999313354492;18,139999389648438;18,209999084472656;30200
2026-10-02;10:38:00;-03:00;18,200000762939453;18,219999313354492;18,200000762939453;18,219999313354492;9400
2026-10-02;10:39:00;-03:00;18,219999313354492;18,229999542236328;18,219999313354492;18,219999313354492;5100
2026-10-02;10:40:00;-03:00;18,209999084472656;18,229999542236328;18,190000534057617;18,229999542236328;10600
2026-10-02;10:41:00;-03:00;18,229999542236328;18,25;18,219999313354492;18,25;12100
2026-10-02;10:42:00;-03:00;18,25;18,270000457763672;18,25;18,270000457763672;10500
2026-10-02;10:43:00;-03:00;18,260000228881836;18,270000457763672;18,239999771118164;18,239999771118164;4600
2026-10-02;10:44:00;-03:00;18,239999771118164;18,260000228881836;18,239999771118164;18,239999771118164;17600
2026-10-02;10:45:00;-03:00;18,25;18,270000457763672;18,239999771118164;18,239999771118164;4700
2026-10-02;10:46:00;-03:00;18,25;18,270000457763672;18,25;18,25;9200
2026-10-02;10:47:00;-03:00;18,260000228881836;18,260000228881836;18,239999771118164;18,25;6500
2026-10-02;10:48:00;-03:00;18,25;18,260000228881836;18,25;18,260000228881836;12700
2026-10-02;10:49:00;-03:00;18,260000228881836;18,270000457763672;18,239999771118164;18,239999771118164;20000
2026-10-02;10:50:00;-03:00;18,25;18,270000457763672;18,25;18,260000228881836;11000
2026-10-02;10:51:00;-03:00;18,25;18,25;18,239999771118164;18,239999771118164;29800
2026-10-02;10:52:00;-03:00;18,229999542236328;18,25;18,219999313354492;18,25;16400
2026-10-02;10:53:00;-03:00;18,239999771118164;18,239999771118164;18,209999084472656;18,209999084472656;4700
2026-10-02;10:54:00;-03:00;18,209999084472656;18,209999084472656;18,200000762939453;18,200000762939453;16000
2026-10-02;10:55:00;-03:00;18,209999084472656;18,229999542236328;18,200000762939453;18,209999084472656;12200
2026-10-02;10:56:00;-03:00;18,200000762939453;18,200000762939453;18,18000030517578;18,18000030517578;13900
2026-10-02;10:57:00;-03:00;18,200000762939453;18,219999313354492;18,190000534057617;18,209999084472656;15300
2026-10-02;10:58:00;-03:00;18,209999084472656;18,229999542236328;18,200000762939453;18,229999542236328;9800
2026-10-02;10:59:00;-03:00;18,229999542236328;18,239999771118164;18,219999313354492;18,229999542236328;5400
2026-10-02;11:00:00;-03:00;18,229999542236328;18,25;18,209999084472656;18,25;14900
2026-10-02;11:01:00;-03:00;18,25;18,25;18,219999313354492;18,229999542236328;13900
2026-10-02;11:02:00;-03:00;18,229999542236328;18,25;18,229999542236328;18,239999771118164;23700
2026-10-02;11:03:00;-03:00;18,239999771118164;18,270000457763672;18,229999542236328;18,270000457763672;19400
2026-10-02;11:04:00;-03:00;18,270000457763672;18,270000457763672;18,239999771118164;18,25;18600
2026-10-02;11:05:00;-03:00;18,25;18,260000228881836;18,229999542236328;18,239999771118164;12400
2026-10-02;11:06:00;-03:00;18,229999542236328;18,260000228881836;18,229999542236328;18,239999771118164;17800
2026-10-02;11:07:00;-03:00;18,239999771118164;18,239999771118164;18,219999313354492;18,219999313354492;5100
2026-10-02;11:08:00;-03:00;18,229999542236328;18,270000457763672;18,209999084472656;18,25;36800
2026-10-02;11:09:00;-03:00;18,260000228881836;18,260000228881836;18,239999771118164;18,25;15300
2026-10-02;11:10:00;-03:00;18,25;18,260000228881836;18,25;18,25;10700
2026-10-02;11:11:00;-03:00;18,25;18,25;18,229999542236328;18,239999771118164;12800
2026-10-02;11:12:00;-03:00;18,229999542236328;18,239999771118164;18,229999542236328;18,229999542236328;20900
2026-10-02;11:13:00;-03:00;18,229999542236328;18,239999771118164;18,219999313354492;18,219999313354492;10400
2026-10-02;11:14:00;-03:00;18,219999313354492;18,229999542236328;18,219999313354492;18,229999542236328;2500
2026-10-02;11:15:00;-03:00;18,239999771118164;18,270000457763672;18,239999771118164;18,260000228881836;45300
2026-10-02;11:16:00;-03:00;18,260000228881836;18,299999237060547;18,260000228881836;18,299999237060547;35400
2026-10-02;11:17:00;-03:00;18,290000915527344;18,309999465942383;18,280000686645508;18,309999465942383;11200
2026-10-02;11:18:00;-03:00;18,309999465942383;18,309999465942383;18,280000686645508;18,290000915527344;126500
2026-10-02;11:19:00;-03:00;18,299999237060547;18,299999237060547;18,280000686645508;18,299999237060547;15900
2026-10-02;11:20:00;-03:00;18,299999237060547;18,299999237060547;18,280000686645508;18,299999237060547;13000
2026-10-02;11:21:00;-03:00;18,290000915527344;18,299999237060547;18,270000457763672;18,270000457763672;4200
2026-10-02;11:22:00;-03:00;18,270000457763672;18,280000686645508;18,270000457763672;18,270000457763672;1600
2026-10-02;11:23:00;-03:00;18,280000686645508;18,280000686645508;18,25;18,270000457763672;45500
2026-10-02;11:24:00;-03:00;18,260000228881836;18,270000457763672;18,25;18,25;19300
2026-10-02;11:25:00;-03:00;18,25;18,25;18,239999771118164;18,25;1300
2026-10-02;11:26:00;-03:00;18,25;18,260000228881836;18,239999771118164;18,25;24100
2026-10-02;11:27:00;-03:00;18,25;18,270000457763672;18,25;18,270000457763672;8800
2026-10-02;11:28:00;-03:00;18,270000457763672;18,290000915527344;18,25;18,25;15400
2026-10-02;11:29:00;-03:00;18,25;18,309999465942383;18,25;18,290000915527344;35700
2026-10-02;11:30:00;-03:00;18,299999237060547;18,299999237060547;18,290000915527344;18,299999237060547;6100
2026-10-02;11:31:00;-03:00;18,299999237060547;18,309999465942383;18,299999237060547;18,299999237060547;9400
2026-10-02;11:32:00;-03:00;18,309999465942383;18,309999465942383;18,299999237060547;18,309999465942383;0
2026-10-02;11:33:00;-03:00;18,299999237060547;18,31999969482422;18,290000915527344;18,31999969482422;26500
2026-10-02;11:34:00;-03:00;18,309999465942383;18,31999969482422;18,299999237060547;18,31999969482422;13800
2026-10-02;11:35:00;-03:00;18,31999969482422;18,329999923706055;18,309999465942383;18,329999923706055;11800
2026-10-02;11:36:00;-03:00;18,329999923706055;18,329999923706055;18,31999969482422;18,31999969482422;5100
2026-10-02;11:37:00;-03:00;18,329999923706055;18,350000381469727;18,329999923706055;18,34000015258789;10700
2026-10-02;11:38:00;-03:00;18,329999923706055;18,350000381469727;18,329999923706055;18,350000381469727;10300
2026-10-02;11:39:00;-03:00;18,350000381469727;18,360000610351562;18,329999923706055;18,34000015258789;19900
2026-10-02;11:40:00;-03:00;18,350000381469727;18,350000381469727;18,329999923706055;18,329999923706055;7800
2026-10-02;11:41:00;-03:00;18,34000015258789;18,350000381469727;18,329999923706055;18,329999923706055;14900
2026-10-02;11:42:00;-03:00;18,329999923706055;18,350000381469727;18,329999923706055;18,350000381469727;10200
2026-10-02;11:43:00;-03:00;18,34000015258789;18,350000381469727;18,329999923706055;18,329999923706055;5400
2026-10-02;11:44:00;-03:00;18,31999969482422;18,31999969482422;18,299999237060547;18,309999465942383;3600
2026-10-02;11:45:00;-03:00;18,299999237060547;18,309999465942383;18,299999237060547;18,299999237060547;2200
2026-10-02;11:46:00;-03:00;18,299999237060547;18,309999465942383;18,299999237060547;18,309999465942383;15900
2026-10-02;11:47:00;-03:00;18,31999969482422;18,31999969482422;18,309999465942383;18,31999969482422;1100
2026-10-02;11:48:00;-03:00;18,31999969482422;18,31999969482422;18,299999237060547;18,309999465942383;10200
2026-10-02;11:49:00;-03:00;18,299999237060547;18,299999237060547;18,280000686645508;18,299999237060547;6400
2026-10-02;11:50:00;-03:00;18,299999237060547;18,299999237060547;18,290000915527344;18,290000915527344;21200
2026-10-02;11:51:00;-03:00;18,280000686645508;18,290000915527344;18,270000457763672;18,290000915527344;7800
2026-10-02;11:52:00;-03:00;18,280000686645508;18,280000686645508;18,270000457763672;18,270000457763672;2100
2026-10-02;11:53:00;-03:00;18,280000686645508;18,280000686645508;18,270000457763672;18,270000457763672;13800
2026-10-02;11:54:00;-03:00;18,260000228881836;18,270000457763672;18,25;18,25;25400
2026-10-02;11:55:00;-03:00;18,239999771118164;18,25;18,219999313354492;18,219999313354492;17700
2026-10-02;11:56:00;-03:00;18,219999313354492;18,229999542236328;18,209999084472656;18,229999542236328;19200
2026-10-02;11:57:00;-03:00;18,229999542236328;18,239999771118164;18,209999084472656;18,219999313354492;10600
2026-10-02;11:58:00;-03:00;18,219999313354492;18,229999542236328;18,200000762939453;18,200000762939453;9400
2026-10-02;11:59:00;-03:00;18,209999084472656;18,229999542236328;18,209999084472656;18,229999542236328;9500
2026-10-02;12:00:00;-03:00;18,229999542236328;18,229999542236328;18,18000030517578;18,200000762939453;25500
2026-10-02;12:01:00;-03:00;18,190000534057617;18,190000534057617;18,170000076293945;18,190000534057617;40300
2026-10-02;12:02:00;-03:00;18,200000762939453;18,200000762939453;18,170000076293945;18,18000030517578;11300
2026-10-02;12:03:00;-03:00;18,18000030517578;18,18000030517578;18,149999618530273;18,15999984741211;18300
2026-10-02;12:04:00;-03:00;18,170000076293945;18,18000030517578;18,15999984741211;18,15999984741211;8200
2026-10-02;12:05:00;-03:00;18,170000076293945;18,190000534057617;18,15999984741211;18,15999984741211;21400
2026-10-02;12:06:00;-03:00;18,170000076293945;18,170000076293945;18,139999389648438;18,139999389648438;6500
2026-10-02;12:07:00;-03:00;18,149999618530273;18,149999618530273;18,139999389648438;18,149999618530273;4800
2026-10-02;12:08:00;-03:00;18,139999389648438;18,149999618530273;18,139999389648438;18,149999618530273;2200
2026-10-02;12:09:00;-03:00;18,149999618530273;18,170000076293945;18,139999389648438;18,15999984741211;28000
2026-10-02;12:10:00;-03:00;18,18000030517578;18,18000030517578;18,15999984741211;18,15999984741211;3500
2026-10-02;12:11:00;-03:00;18,15999984741211;18,170000076293945;18,15999984741211;18,15999984741211;1900
2026-10-02;12:12:00;-03:00;18,15999984741211;18,170000076293945;18,15999984741211;18,15999984741211;4500
2026-10-02;12:13:00;-03:00;18,15999984741211;18,170000076293945;18,149999618530273;18,149999618530273;12500
2026-10-02;12:14:00;-03:00;18,15999984741211;18,170000076293945;18,149999618530273;18,170000076293945;11400
2026-10-02;12:15:00;-03:00;18,170000076293945;18,18000030517578;18,15999984741211;18,15999984741211;19100
2026-10-02;12:16:00;-03:00;18,170000076293945;18,170000076293945;18,15999984741211;18,170000076293945;1700
2026-10-02;12:17:00;-03:00;18,15999984741211;18,170000076293945;18,149999618530273;18,149999618530273;11100
2026-10-02;12:18:00;-03:00;18,15999984741211;18,170000076293945;18,149999618530273;18,15999984741211;10400
2026-10-02;12:19:00;-03:00;18,170000076293945;18,18000030517578;18,15999984741211;18,170000076293945;15200
2026-10-02;12:20:00;-03:00;18,170000076293945;18,170000076293945;18,15999984741211;18,15999984741211;1700
2026-10-02;12:21:00;-03:00;18,170000076293945;18,190000534057617;18,170000076293945;18,18000030517578;15700
2026-10-02;12:22:00;-03:00;18,18000030517578;18,18000030517578;18,15999984741211;18,170000076293945;5900
2026-10-02;12:23:00;-03:00;18,15999984741211;18,170000076293945;18,139999389648438;18,149999618530273;25000
2026-10-02;12:24:00;-03:00;18,149999618530273;18,15999984741211;18,139999389648438;18,149999618530273;11500
2026-10-02;12:25:00;-03:00;18,149999618530273;18,15999984741211;18,1299991607666;18,149999618530273;29900
2026-10-02;12:26:00;-03:00;18,149999618530273;18,15999984741211;18,139999389648438;18,15999984741211;6500
2026-10-02;12:27:00;-03:00;18,149999618530273;18,170000076293945;18,139999389648438;18,170000076293945;8500
2026-10-02;12:28:00;-03:00;18,15999984741211;18,15999984741211;18,149999618530273;18,149999618530273;9400
2026-10-02;12:29:00;-03:00;18,149999618530273;18,15999984741211;18,149999618530273;18,149999618530273;2900
2026-10-02;12:30:00;-03:00;18,15999984741211;18,15999984741211;18,149999618530273;18,15999984741211;2500
2026-10-02;12:31:00;-03:00;18,15999984741211;18,15999984741211;18,149999618530273;18,149999618530273;4400
2026-10-02;12:32:00;-03:00;18,15999984741211;18,15999984741211;18,149999618530273;18,15999984741211;6100
2026-10-02;12:33:00;-03:00;18,15999984741211;18,15999984741211;18,149999618530273;18,15999984741211;4700
2026-10-02;12:34:00;-03:00;18,149999618530273;18,15999984741211;18,149999618530273;18,15999984741211;6000
2026-10-02;12:35:00;-03:00;18,149999618530273;18,15999984741211;18,149999618530273;18,149999618530273;4200
2026-10-02;12:36:00;-03:00;18,149999618530273;18,15999984741211;18,149999618530273;18,15999984741211;12500
2026-10-02;12:37:00;-03:00;18,149999618530273;18,15999984741211;18,149999618530273;18,149999618530273;5400
2026-10-02;12:38:00;-03:00;18,149999618530273;18,149999618530273;18,139999389648438;18,149999618530273;7100
2026-10-02;12:39:00;-03:00;18,139999389648438;18,170000076293945;18,139999389648438;18,170000076293945;22600
2026-10-02;12:40:00;-03:00;18,15999984741211;18,170000076293945;18,149999618530273;18,170000076293945;6400
2026-10-02;12:41:00;-03:00;18,15999984741211;18,170000076293945;18,15999984741211;18,15999984741211;2900
2026-10-02;12:42:00;-03:00;18,170000076293945;18,170000076293945;18,15999984741211;18,15999984741211;4300
2026-10-02;12:43:00;-03:00;18,170000076293945;18,170000076293945;18,15999984741211;18,15999984741211;3900
2026-10-02;12:44:00;-03:00;18,15999984741211;18,18000030517578;18,15999984741211;18,15999984741211;28700
2026-10-02;12:45:00;-03:00;18,170000076293945;18,170000076293945;18,149999618530273;18,15999984741211;7100
2026-10-02;12:46:00;-03:00;18,149999618530273;18,15999984741211;18,149999618530273;18,15999984741211;2600
2026-10-02;12:47:00;-03:00;18,15999984741211;18,15999984741211;18,149999618530273;18,149999618530273;6500
2026-10-02;12:48:00;-03:00;18,15999984741211;18,18000030517578;18,15999984741211;18,15999984741211;34400
2026-10-02;12:49:00;-03:00;18,170000076293945;18,170000076293945;18,149999618530273;18,149999618530273;6900
2026-10-02;12:50:00;-03:00;18,170000076293945;18,170000076293945;18,15999984741211;18,15999984741211;1500
2026-10-02;12:51:00;-03:00;18,170000076293945;18,170000076293945;18,149999618530273;18,149999618530273;3300
2026-10-02;12:52:00;-03:00;18,15999984741211;18,15999984741211;18,149999618530273;18,149999618530273;12200
2026-10-02;12:53:00;-03:00;18,15999984741211;18,15999984741211;18,149999618530273;18,15999984741211;5200
2026-10-02;12:54:00;-03:00;18,15999984741211;18,170000076293945;18,149999618530273;18,149999618530273;25600
2026-10-02;12:55:00;-03:00;18,15999984741211;18,170000076293945;18,149999618530273;18,170000076293945;3600
2026-10-02;12:56:00;-03:00;18,15999984741211;18,170000076293945;18,15999984741211;18,170000076293945;2500
2026-10-02;12:57:00;-03:00;18,15999984741211;18,170000076293945;18,149999618530273;18,149999618530273;22000
2026-10-02;12:58:00;-03:00;18,15999984741211;18,18000030517578;18,149999618530273;18,170000076293945;15500
2026-10-02;12:59:00;-03:00;18,15999984741211;18,18000030517578;18,15999984741211;18,15999984741211;4500
2026-10-02;13:00:00;-03:00;18,170000076293945;18,18000030517578;18,15999984741211;18,15999984741211;17500
2026-10-02;13:01:00;-03:00;18,170000076293945;18,200000762939453;18,170000076293945;18,200000762939453;27000
2026-10-02;13:02:00;-03:00;18,190000534057617;18,200000762939453;18,18000030517578;18,200000762939453;14400
2026-10-02;13:03:00;-03:00;18,190000534057617;18,200000762939453;18,190000534057617;18,200000762939453;30200
2026-10-02;13:04:00;-03:00;18,200000762939453;18,209999084472656;18,190000534057617;18,209999084472656;8100
2026-10-02;13:05:00;-03:00;18,200000762939453;18,229999542236328;18,200000762939453;18,219999313354492;11900
2026-10-02;13:06:00;-03:00;18,219999313354492;18,229999542236328;18,219999313354492;18,219999313354492;4300
2026-10-02;13:07:00;-03:00;18,229999542236328;18,229999542236328;18,219999313354492;18,229999542236328;1600
2026-10-02;13:08:00;-03:00;18,219999313354492;18,229999542236328;18,209999084472656;18,219999313354492;7200
2026-10-02;13:09:00;-03:00;18,219999313354492;18,229999542236328;18,219999313354492;18,219999313354492;3700
2026-10-02;13:10:00;-03:00;18,229999542236328;18,229999542236328;18,219999313354492;18,219999313354492;6300
2026-10-02;13:11:00;-03:00;18,219999313354492;18,229999542236328;18,209999084472656;18,209999084472656;7000
2026-10-02;13:12:00;-03:00;18,219999313354492;18,219999313354492;18,209999084472656;18,209999084472656;9500
2026-10-02;13:13:00;-03:00;18,219999313354492;18,229999542236328;18,209999084472656;18,209999084472656;21100
2026-10-02;13:14:00;-03:00;18,219999313354492;18,229999542236328;18,219999313354492;18,229999542236328;5800
2026-10-02;13:15:00;-03:00;18,229999542236328;18,229999542236328;18,219999313354492;18,219999313354492;1700
2026-10-02;13:16:00;-03:00;18,219999313354492;18,229999542236328;18,219999313354492;18,229999542236328;1800
2026-10-02;13:17:00;-03:00;18,229999542236328;18,229999542236328;18,219999313354492;18,229999542236328;3000
2026-10-02;13:18:00;-03:00;18,219999313354492;18,229999542236328;18,219999313354492;18,229999542236328;3800
2026-10-02;13:19:00;-03:00;18,219999313354492;18,229999542236328;18,219999313354492;18,229999542236328;12500
2026-10-02;13:20:00;-03:00;18,219999313354492;18,229999542236328;18,219999313354492;18,219999313354492;4500
2026-10-02;13:21:00;-03:00;18,219999313354492;18,229999542236328;18,219999313354492;18,219999313354492;4800
2026-10-02;13:22:00;-03:00;18,229999542236328;18,229999542236328;18,209999084472656;18,219999313354492;13100
2026-10-02;13:23:00;-03:00;18,209999084472656;18,219999313354492;18,209999084472656;18,209999084472656;5200
2026-10-02;13:24:00;-03:00;18,219999313354492;18,219999313354492;18,200000762939453;18,209999084472656;17300
2026-10-02;13:25:00;-03:00;18,219999313354492;18,219999313354492;18,209999084472656;18,219999313354492;4300
2026-10-02;13:26:00;-03:00;18,209999084472656;18,219999313354492;18,209999084472656;18,219999313354492;4400
2026-10-02;13:27:00;-03:00;18,209999084472656;18,239999771118164;18,209999084472656;18,229999542236328;24500
2026-10-02;13:28:00;-03:00;18,229999542236328;18,239999771118164;18,229999542236328;18,239999771118164;7800
2026-10-02;13:29:00;-03:00;18,239999771118164;18,239999771118164;18,229999542236328;18,229999542236328;1300
2026-10-02;13:30:00;-03:00;18,239999771118164;18,25;18,229999542236328;18,239999771118164;19500
2026-10-02;13:31:00;-03:00;18,239999771118164;18,25;18,229999542236328;18,239999771118164;15900
2026-10-02;13:32:00;-03:00;18,239999771118164;18,260000228881836;18,239999771118164;18,25;11000
2026-10-02;13:33:00;-03:00;18,260000228881836;18,260000228881836;18,239999771118164;18,260000228881836;6700
2026-10-02;13:34:00;-03:00;18,260000228881836;18,260000228881836;18,25;18,25;4500
2026-10-02;13:35:00;-03:00;18,260000228881836;18,280000686645508;18,25;18,270000457763672;41000
2026-10-02;13:36:00;-03:00;18,260000228881836;18,270000457763672;18,25;18,260000228881836;3100
2026-10-02;13:37:00;-03:00;18,25;18,25;18,239999771118164;18,239999771118164;4400
2026-10-02;13:38:00;-03:00;18,25;18,270000457763672;18,239999771118164;18,260000228881836;18500
2026-10-02;13:39:00;-03:00;18,270000457763672;18,280000686645508;18,260000228881836;18,270000457763672;14100
2026-10-02;13:40:00;-03:00;18,280000686645508;18,280000686645508;18,270000457763672;18,270000457763672;2200
2026-10-02;13:41:00;-03:00;18,280000686645508;18,280000686645508;18,270000457763672;18,270000457763672;7200
2026-10-02;13:42:00;-03:00;18,270000457763672;18,309999465942383;18,260000228881836;18,309999465942383;38100
2026-10-02;13:43:00;-03:00;18,309999465942383;18,309999465942383;18,299999237060547;18,299999237060547;3400
2026-10-02;13:44:00;-03:00;18,309999465942383;18,329999923706055;18,299999237060547;18,309999465942383;17300
2026-10-02;13:45:00;-03:00;18,31999969482422;18,31999969482422;18,309999465942383;18,309999465942383;10000
2026-10-02;13:46:00;-03:00;18,31999969482422;18,34000015258789;18,31999969482422;18,34000015258789;12400
2026-10-02;13:47:00;-03:00;18,34000015258789;18,34000015258789;18,31999969482422;18,329999923706055;5900
2026-10-02;13:48:00;-03:00;18,31999969482422;18,34000015258789;18,31999969482422;18,329999923706055;17000
2026-10-02;13:49:00;-03:00;18,34000015258789;18,34000015258789;18,31999969482422;18,31999969482422;7300
2026-10-02;13:50:00;-03:00;18,31999969482422;18,329999923706055;18,309999465942383;18,31999969482422;27100
2026-10-02;13:51:00;-03:00;18,329999923706055;18,329999923706055;18,270000457763672;18,280000686645508;130500
2026-10-02;13:52:00;-03:00;18,280000686645508;18,280000686645508;18,270000457763672;18,270000457763672;33100
2026-10-02;13:53:00;-03:00;18,280000686645508;18,290000915527344;18,270000457763672;18,280000686645508;19500
2026-10-02;13:54:00;-03:00;18,280000686645508;18,290000915527344;18,280000686645508;18,280000686645508;2700
2026-10-02;13:55:00;-03:00;18,290000915527344;18,290000915527344;18,280000686645508;18,290000915527344;2200
2026-10-02;13:56:00;-03:00;18,290000915527344;18,309999465942383;18,280000686645508;18,299999237060547;40100
2026-10-02;13:57:00;-03:00;18,309999465942383;18,31999969482422;18,299999237060547;18,299999237060547;6300
2026-10-02;13:58:00;-03:00;18,309999465942383;18,309999465942383;18,290000915527344;18,299999237060547;18000
2026-10-02;13:59:00;-03:00;18,309999465942383;18,309999465942383;18,290000915527344;18,299999237060547;5900
2026-10-02;14:00:00;-03:00;18,299999237060547;18,309999465942383;18,299999237060547;18,299999237060547;6400
2026-10-02;14:01:00;-03:00;18,299999237060547;18,329999923706055;18,299999237060547;18,329999923706055;7300
2026-10-02;14:02:00;-03:00;18,329999923706055;18,360000610351562;18,31999969482422;18,350000381469727;13400
2026-10-02;14:03:00;-03:00;18,34000015258789;18,360000610351562;18,34000015258789;18,360000610351562;4100
2026-10-02;14:04:00;-03:00;18,350000381469727;18,3700008392334;18,350000381469727;18,3700008392334;4700
2026-10-02;14:05:00;-03:00;18,3700008392334;18,3799991607666;18,360000610351562;18,3799991607666;6200
2026-10-02;14:06:00;-03:00;18,3799991607666;18,3799991607666;18,3700008392334;18,3799991607666;4100
2026-10-02;14:07:00;-03:00;18,3700008392334;18,389999389648438;18,3700008392334;18,3799991607666;13400
2026-10-02;14:08:00;-03:00;18,389999389648438;18,399999618530273;18,389999389648438;18,389999389648438;23300
2026-10-02;14:09:00;-03:00;18,389999389648438;18,40999984741211;18,389999389648438;18,40999984741211;11400
2026-10-02;14:10:00;-03:00;18,40999984741211;18,40999984741211;18,399999618530273;18,399999618530273;6300
2026-10-02;14:11:00;-03:00;18,40999984741211;18,40999984741211;18,399999618530273;18,40999984741211;11300
2026-10-02;14:12:00;-03:00;18,40999984741211;18,420000076293945;18,399999618530273;18,420000076293945;15500
2026-10-02;14:13:00;-03:00;18,420000076293945;18,43000030517578;18,40999984741211;18,43000030517578;6600
2026-10-02;14:14:00;-03:00;18,43000030517578;18,440000534057617;18,43000030517578;18,440000534057617;39600
2026-10-02;14:15:00;-03:00;18,440000534057617;18,450000762939453;18,440000534057617;18,440000534057617;16400
2026-10-02;14:16:00;-03:00;18,440000534057617;18,459999084472656;18,43000030517578;18,459999084472656;30100
2026-10-02;14:17:00;-03:00;18,450000762939453;18,459999084472656;18,450000762939453;18,450000762939453;9000
2026-10-02;14:18:00;-03:00;18,459999084472656;18,469999313354492;18,440000534057617;18,459999084472656;16300
2026-10-02;14:19:00;-03:00;18,459999084472656;18,469999313354492;18,450000762939453;18,469999313354492;14600
2026-10-02;14:20:00;-03:00;18,469999313354492;18,469999313354492;18,450000762939453;18,469999313354492;20700
2026-10-02;14:21:00;-03:00;18,469999313354492;18,469999313354492;18,440000534057617;18,450000762939453;9400
2026-10-02;14:22:00;-03:00;18,450000762939453;18,450000762939453;18,43000030517578;18,450000762939453;11300
2026-10-02;14:23:00;-03:00;18,450000762939453;18,450000762939453;18,43000030517578;18,43000030517578;8600
2026-10-02;14:24:00;-03:00;18,440000534057617;18,440000534057617;18,43000030517578;18,440000534057617;15800
2026-10-02;14:25:00;-03:00;18,440000534057617;18,440000534057617;18,43000030517578;18,43000030517578;4900
2026-10-02;14:26:00;-03:00;18,440000534057617;18,459999084472656;18,440000534057617;18,440000534057617;25500
2026-10-02;14:27:00;-03:00;18,450000762939453;18,450000762939453;18,420000076293945;18,43000030517578;3800
2026-10-02;14:28:00;-03:00;18,420000076293945;18,440000534057617;18,40999984741211;18,440000534057617;19700
2026-10-02;14:29:00;-03:00;18,440000534057617;18,440000534057617;18,43000030517578;18,440000534057617;2100
2026-10-02;14:30:00;-03:00;18,440000534057617;18,440000534057617;18,420000076293945;18,420000076293945;20900
2026-10-02;14:31:00;-03:00;18,43000030517578;18,440000534057617;18,420000076293945;18,440000534057617;9200
2026-10-02;14:32:00;-03:00;18,43000030517578;18,450000762939453;18,43000030517578;18,440000534057617;11700
2026-10-02;14:33:00;-03:00;18,440000534057617;18,450000762939453;18,43000030517578;18,43000030517578;13900
2026-10-02;14:34:00;-03:00;18,440000534057617;18,440000534057617;18,43000030517578;18,440000534057617;2700
2026-10-02;14:35:00;-03:00;18,440000534057617;18,469999313354492;18,440000534057617;18,459999084472656;34400
2026-10-02;14:36:00;-03:00;18,459999084472656;18,459999084472656;18,450000762939453;18,459999084472656;7800
2026-10-02;14:37:00;-03:00;18,459999084472656;18,479999542236328;18,459999084472656;18,469999313354492;19800
2026-10-02;14:38:00;-03:00;18,479999542236328;18,479999542236328;18,459999084472656;18,469999313354492;12500
2026-10-02;14:39:00;-03:00;18,469999313354492;18,489999771118164;18,469999313354492;18,489999771118164;15100
2026-10-02;14:40:00;-03:00;18,489999771118164;18,5;18,479999542236328;18,5;17500
2026-10-02;14:41:00;-03:00;18,5;18,520000457763672;18,489999771118164;18,510000228881836;32900
2026-10-02;14:42:00;-03:00;18,5;18,5;18,479999542236328;18,489999771118164;19000
2026-10-02;14:43:00;-03:00;18,489999771118164;18,489999771118164;18,479999542236328;18,489999771118164;3700
2026-10-02;14:44:00;-03:00;18,479999542236328;18,489999771118164;18,469999313354492;18,489999771118164;21200
2026-10-02;14:45:00;-03:00;18,5;18,5;18,469999313354492;18,489999771118164;24000
2026-10-02;14:46:00;-03:00;18,479999542236328;18,489999771118164;18,469999313354492;18,489999771118164;11300
2026-10-02;14:47:00;-03:00;18,489999771118164;18,489999771118164;18,479999542236328;18,489999771118164;4200
2026-10-02;14:48:00;-03:00;18,489999771118164;18,510000228881836;18,479999542236328;18,5;15700
2026-10-02;14:49:00;-03:00;18,5;18,5;18,489999771118164;18,489999771118164;7500
2026-10-02;14:50:00;-03:00;18,489999771118164;18,489999771118164;18,459999084472656;18,479999542236328;29700
2026-10-02;14:51:00;-03:00;18,479999542236328;18,489999771118164;18,469999313354492;18,489999771118164;18700
2026-10-02;14:52:00;-03:00;18,489999771118164;18,489999771118164;18,469999313354492;18,479999542236328;12800
2026-10-02;14:53:00;-03:00;18,479999542236328;18,479999542236328;18,459999084472656;18,469999313354492;4200
2026-10-02;14:54:00;-03:00;18,469999313354492;18,489999771118164;18,469999313354492;18,479999542236328;14800
2026-10-02;14:55:00;-03:00;18,469999313354492;18,479999542236328;18,469999313354492;18,469999313354492;1100
2026-10-02;14:56:00;-03:00;18,479999542236328;18,479999542236328;18,469999313354492;18,479999542236328;3700
2026-10-02;14:57:00;-03:00;18,469999313354492;18,479999542236328;18,469999313354492;18,479999542236328;17200
2026-10-02;14:58:00;-03:00;18,479999542236328;18,489999771118164;18,459999084472656;18,489999771118164;13100
2026-10-02;14:59:00;-03:00;18,489999771118164;18,5;18,479999542236328;18,5;8100
2026-10-02;15:00:00;-03:00;18,5;18,510000228881836;18,479999542236328;18,479999542236328;24600
2026-10-02;15:01:00;-03:00;18,489999771118164;18,5;18,479999542236328;18,489999771118164;16800
2026-10-02;15:02:00;-03:00;18,5;18,5;18,479999542236328;18,489999771118164;3900
2026-10-02;15:03:00;-03:00;18,479999542236328;18,479999542236328;18,459999084472656;18,469999313354492;25300
2026-10-02;15:04:00;-03:00;18,469999313354492;18,479999542236328;18,459999084472656;18,479999542236328;20600
2026-10-02;15:05:00;-03:00;18,479999542236328;18,489999771118164;18,479999542236328;18,489999771118164;13800
2026-10-02;15:06:00;-03:00;18,489999771118164;18,5;18,489999771118164;18,489999771118164;21100
2026-10-02;15:07:00;-03:00;18,489999771118164;18,5;18,479999542236328;18,489999771118164;16100
2026-10-02;15:08:00;-03:00;18,489999771118164;18,5;18,489999771118164;18,5;300
2026-10-02;15:09:00;-03:00;18,5;18,5;18,469999313354492;18,489999771118164;15700
2026-10-02;15:10:00;-03:00;18,5;18,5;18,489999771118164;18,5;12100
2026-10-02;15:11:00;-03:00;18,510000228881836;18,510000228881836;18,5;18,510000228881836;17500
2026-10-02;15:12:00;-03:00;18,5;18,510000228881836;18,489999771118164;18,489999771118164;15100
2026-10-02;15:13:00;-03:00;18,5;18,5;18,489999771118164;18,5;11000
2026-10-02;15:14:00;-03:00;18,510000228881836;18,510000228881836;18,5;18,510000228881836;9000
2026-10-02;15:15:00;-03:00;18,510000228881836;18,510000228881836;18,5;18,510000228881836;10000
2026-10-02;15:16:00;-03:00;18,510000228881836;18,520000457763672;18,5;18,510000228881836;8900
2026-10-02;15:17:00;-03:00;18,5;18,510000228881836;18,489999771118164;18,489999771118164;10000
2026-10-02;15:18:00;-03:00;18,5;18,5;18,479999542236328;18,479999542236328;5700
2026-10-02;15:19:00;-03:00;18,489999771118164;18,510000228881836;18,489999771118164;18,510000228881836;12700
2026-10-02;15:20:00;-03:00;18,5;18,510000228881836;18,489999771118164;18,5;4100
2026-10-02;15:21:00;-03:00;18,5;18,520000457763672;18,489999771118164;18,510000228881836;16800
2026-10-02;15:22:00;-03:00;18,5;18,510000228881836;18,5;18,510000228881836;2400
2026-10-02;15:23:00;-03:00;18,510000228881836;18,520000457763672;18,5;18,520000457763672;18900
2026-10-02;15:24:00;-03:00;18,520000457763672;18,520000457763672;18,510000228881836;18,520000457763672;4300
2026-10-02;15:25:00;-03:00;18,520000457763672;18,530000686645508;18,520000457763672;18,530000686645508;7500
2026-10-02;15:26:00;-03:00;18,520000457763672;18,530000686645508;18,520000457763672;18,530000686645508;4700
2026-10-02;15:27:00;-03:00;18,530000686645508;18,530000686645508;18,510000228881836;18,510000228881836;12300
2026-10-02;15:28:00;-03:00;18,510000228881836;18,520000457763672;18,510000228881836;18,510000228881836;4500
2026-10-02;15:29:00;-03:00;18,510000228881836;18,520000457763672;18,489999771118164;18,489999771118164;18100
2026-10-02;15:30:00;-03:00;18,489999771118164;18,510000228881836;18,489999771118164;18,510000228881836;26000
2026-10-02;15:31:00;-03:00;18,5;18,520000457763672;18,5;18,510000228881836;12000
2026-10-02;15:32:00;-03:00;18,5;18,5;18,489999771118164;18,489999771118164;15000
2026-10-02;15:33:00;-03:00;18,5;18,5;18,469999313354492;18,469999313354492;24500
2026-10-02;15:34:00;-03:00;18,469999313354492;18,479999542236328;18,469999313354492;18,469999313354492;1900
2026-10-02;15:35:00;-03:00;18,479999542236328;18,510000228881836;18,469999313354492;18,489999771118164;13300
2026-10-02;15:36:00;-03:00;18,5;18,510000228881836;18,489999771118164;18,510000228881836;15300
2026-10-02;15:37:00;-03:00;18,510000228881836;18,510000228881836;18,5;18,510000228881836;19100
2026-10-02;15:38:00;-03:00;18,510000228881836;18,520000457763672;18,510000228881836;18,520000457763672;8000
2026-10-02;15:39:00;-03:00;18,520000457763672;18,56999969482422;18,510000228881836;18,56999969482422;104400
2026-10-02;15:40:00;-03:00;18,559999465942383;18,56999969482422;18,530000686645508;18,530000686645508;82800
2026-10-02;15:41:00;-03:00;18,520000457763672;18,530000686645508;18,510000228881836;18,520000457763672;19200
2026-10-02;15:42:00;-03:00;18,510000228881836;18,520000457763672;18,510000228881836;18,510000228881836;3600
2026-10-02;15:43:00;-03:00;18,510000228881836;18,530000686645508;18,510000228881836;18,530000686645508;20600
2026-10-02;15:44:00;-03:00;18,520000457763672;18,530000686645508;18,520000457763672;18,530000686645508;4200
2026-10-02;15:45:00;-03:00;18,520000457763672;18,530000686645508;18,520000457763672;18,530000686645508;14300
2026-10-02;15:46:00;-03:00;18,520000457763672;18,549999237060547;18,520000457763672;18,540000915527344;24200
2026-10-02;15:47:00;-03:00;18,540000915527344;18,549999237060547;18,530000686645508;18,540000915527344;7200
2026-10-02;15:48:00;-03:00;18,540000915527344;18,549999237060547;18,530000686645508;18,530000686645508;21100
2026-10-02;15:49:00;-03:00;18,540000915527344;18,540000915527344;18,520000457763672;18,520000457763672;11100
2026-10-02;15:50:00;-03:00;18,520000457763672;18,530000686645508;18,520000457763672;18,530000686645508;9500
2026-10-02;15:51:00;-03:00;18,530000686645508;18,540000915527344;18,520000457763672;18,540000915527344;5800
2026-10-02;15:52:00;-03:00;18,530000686645508;18,540000915527344;18,520000457763672;18,520000457763672;13600
2026-10-02;15:53:00;-03:00;18,540000915527344;18,559999465942383;18,530000686645508;18,549999237060547;14800
2026-10-02;15:54:00;-03:00;18,559999465942383;18,559999465942383;18,530000686645508;18,530000686645508;12300
2026-10-02;15:55:00;-03:00;18,530000686645508;18,540000915527344;18,530000686645508;18,540000915527344;8400
2026-10-02;15:56:00;-03:00;18,530000686645508;18,540000915527344;18,520000457763672;18,540000915527344;9500
2026-10-02;15:57:00;-03:00;18,540000915527344;18,540000915527344;18,520000457763672;18,540000915527344;9900
2026-10-02;15:58:00;-03:00;18,540000915527344;18,549999237060547;18,530000686645508;18,540000915527344;18600
2026-10-02;15:59:00;-03:00;18,549999237060547;18,549999237060547;18,540000915527344;18,549999237060547;5400
2026-10-02;16:00:00;-03:00;18,549999237060547;18,559999465942383;18,549999237060547;18,549999237060547;12100
2026-10-02;16:01:00;-03:00;18,559999465942383;18,559999465942383;18,540000915527344;18,540000915527344;13300
2026-10-02;16:02:00;-03:00;18,549999237060547;18,559999465942383;18,540000915527344;18,540000915527344;7000
2026-10-02;16:03:00;-03:00;18,549999237060547;18,559999465942383;18,540000915527344;18,549999237060547;7600
2026-10-02;16:04:00;-03:00;18,559999465942383;18,579999923706055;18,549999237060547;18,56999969482422;30100
2026-10-02;16:05:00;-03:00;18,579999923706055;18,59000015258789;18,56999969482422;18,579999923706055;20200
2026-10-02;16:06:00;-03:00;18,579999923706055;18,59000015258789;18,579999923706055;18,59000015258789;4200
2026-10-02;16:07:00;-03:00;18,579999923706055;18,59000015258789;18,56999969482422;18,579999923706055;12900
2026-10-02;16:08:00;-03:00;18,56999969482422;18,59000015258789;18,56999969482422;18,579999923706055;10200
2026-10-02;16:09:00;-03:00;18,579999923706055;18,610000610351562;18,579999923706055;18,59000015258789;15400
2026-10-02;16:10:00;-03:00;18,600000381469727;18,610000610351562;18,59000015258789;18,600000381469727;23400
2026-10-02;16:11:00;-03:00;18,59000015258789;18,6200008392334;18,59000015258789;18,6200008392334;35400
2026-10-02;16:12:00;-03:00;18,6200008392334;18,6299991607666;18,610000610351562;18,6299991607666;22400
2026-10-02;16:13:00;-03:00;18,6299991607666;18,6299991607666;18,6200008392334;18,6299991607666;7300
2026-10-02;16:14:00;-03:00;18,6299991607666;18,6299991607666;18,6200008392334;18,6200008392334;30000
2026-10-02;16:15:00;-03:00;18,6299991607666;18,6299991607666;18,610000610351562;18,610000610351562;12200
2026-10-02;16:16:00;-03:00;18,6200008392334;18,639999389648438;18,6200008392334;18,639999389648438;28900
2026-10-02;16:17:00;-03:00;18,6299991607666;18,639999389648438;18,6200008392334;18,639999389648438;22700
2026-10-02;16:18:00;-03:00;18,639999389648438;18,649999618530273;18,6200008392334;18,639999389648438;24600
2026-10-02;16:19:00;-03:00;18,649999618530273;18,65999984741211;18,649999618530273;18,649999618530273;11100
2026-10-02;16:20:00;-03:00;18,649999618530273;18,65999984741211;18,649999618530273;18,65999984741211;13600
2026-10-02;16:21:00;-03:00;18,65999984741211;18,670000076293945;18,649999618530273;18,670000076293945;34000
2026-10-02;16:22:00;-03:00;18,65999984741211;18,65999984741211;18,649999618530273;18,649999618530273;13200
2026-10-02;16:23:00;-03:00;18,65999984741211;18,65999984741211;18,6200008392334;18,6200008392334;21400
2026-10-02;16:24:00;-03:00;18,6200008392334;18,639999389648438;18,6200008392334;18,639999389648438;17500
2026-10-02;16:25:00;-03:00;18,639999389648438;18,649999618530273;18,6299991607666;18,649999618530273;21100
2026-10-02;16:26:00;-03:00;18,649999618530273;18,649999618530273;18,6299991607666;18,639999389648438;25500
2026-10-02;16:27:00;-03:00;18,639999389648438;18,649999618530273;18,6299991607666;18,639999389648438;14900
2026-10-02;16:28:00;-03:00;18,639999389648438;18,639999389648438;18,6299991607666;18,639999389648438;7000
2026-10-02;16:29:00;-03:00;18,639999389648438;18,639999389648438;18,6299991607666;18,639999389648438;21500
2026-10-02;16:30:00;-03:00;18,639999389648438;18,649999618530273;18,6299991607666;18,639999389648438;32900
2026-10-02;16:31:00;-03:00;18,6299991607666;18,639999389648438;18,610000610351562;18,6200008392334;36300
2026-10-02;16:32:00;-03:00;18,6200008392334;18,65999984741211;18,610000610351562;18,649999618530273;66600
2026-10-02;16:33:00;-03:00;18,670000076293945;18,670000076293945;18,639999389648438;18,649999618530273;27400
2026-10-02;16:34:00;-03:00;18,649999618530273;18,65999984741211;18,610000610351562;18,6299991607666;117100
2026-10-02;16:35:00;-03:00;18,6200008392334;18,6200008392334;18,600000381469727;18,600000381469727;31300
2026-10-02;16:36:00;-03:00;18,610000610351562;18,6200008392334;18,600000381469727;18,610000610351562;13000
2026-10-02;16:37:00;-03:00;18,610000610351562;18,6200008392334;18,600000381469727;18,600000381469727;15100
2026-10-02;16:38:00;-03:00;18,600000381469727;18,610000610351562;18,59000015258789;18,600000381469727;18600
2026-10-02;16:39:00;-03:00;18,59000015258789;18,59000015258789;18,56999969482422;18,579999923706055;21300
2026-10-02;16:40:00;-03:00;18,579999923706055;18,59000015258789;18,56999969482422;18,579999923706055;13400
2026-10-02;16:41:00;-03:00;18,59000015258789;18,600000381469727;18,579999923706055;18,579999923706055;20600
2026-10-02;16:42:00;-03:00;18,59000015258789;18,59000015258789;18,559999465942383;18,579999923706055;38900
2026-10-02;16:43:00;-03:00;18,579999923706055;18,59000015258789;18,56999969482422;18,56999969482422;28900
2026-10-02;16:44:00;-03:00;18,56999969482422;18,600000381469727;18,549999237060547;18,579999923706055;135000
2026-10-02;16:45:00;-03:00;18,579999923706055;18,579999923706055;18,559999465942383;18,56999969482422;12000
2026-10-02;16:46:00;-03:00;18,56999969482422;18,600000381469727;18,559999465942383;18,579999923706055;44200
2026-10-02;16:47:00;-03:00;18,59000015258789;18,59000015258789;18,579999923706055;18,59000015258789;11700
2026-10-02;16:48:00;-03:00;18,579999923706055;18,59000015258789;18,579999923706055;18,59000015258789;14900
2026-10-02;16:49:00;-03:00;18,59000015258789;18,600000381469727;18,579999923706055;18,600000381469727;43200
2026-10-02;16:50:00;-03:00;18,59000015258789;18,600000381469727;18,549999237060547;18,56999969482422;113600
2026-10-02;16:51:00;-03:00;18,559999465942383;18,56999969482422;18,559999465942383;18,56999969482422;24800
2026-10-02;16:52:00;-03:00;18,559999465942383;18,56999969482422;18,559999465942383;18,56999969482422;28200
2026-10-02;16:53:00;-03:00;18,56999969482422;18,56999969482422;18,549999237060547;18,559999465942383;52700
2026-10-02;16:54:00;-03:00;18,549999237060547;18,579999923706055;18,549999237060547;18,579999923706055;7000
2026-10-05;10:13:00;-03:00;19,34000015258789;19,600000381469727;19,299999237060547;19,479999542236328;0
2026-10-05;10:14:00;-03:00;19,479999542236328;19,610000610351562;19,469999313354492;19,579999923706055;35500
2026-10-05;10:15:00;-03:00;19,579999923706055;19,75;19,579999923706055;19,719999313354492;48100
2026-10-05;10:16:00;-03:00;19,709999084472656;19,770000457763672;19,670000076293945;19,709999084472656;24100
2026-10-05;10:17:00;-03:00;19,709999084472656;19,739999771118164;19,690000534057617;19,709999084472656;17500
2026-10-05;10:18:00;-03:00;19,709999084472656;19,790000915527344;19,68000030517578;19,780000686645508;16300
2026-10-05;10:19:00;-03:00;19,780000686645508;19,790000915527344;19,729999542236328;19,760000228881836;10200
2026-10-05;10:20:00;-03:00;19,760000228881836;19,889999389648438;19,760000228881836;19,8700008392334;34900
2026-10-05;10:21:00;-03:00;19,860000610351562;19,8799991607666;19,790000915527344;19,8799991607666;28100
2026-10-05;10:22:00;-03:00;19,8799991607666;19,8799991607666;19,809999465942383;19,809999465942383;8700
2026-10-05;10:23:00;-03:00;19,809999465942383;19,809999465942383;19,700000762939453;19,719999313354492;19700
2026-10-05;10:24:00;-03:00;19,739999771118164;19,75;19,709999084472656;19,709999084472656;7800
2026-10-05;10:25:00;-03:00;19,709999084472656;19,790000915527344;19,700000762939453;19,700000762939453;18600
2026-10-05;10:26:00;-03:00;19,700000762939453;19,729999542236328;19,639999389648438;19,700000762939453;27100
2026-10-05;10:27:00;-03:00;19,700000762939453;19,739999771118164;19,68000030517578;19,700000762939453;23300
2026-10-05;10:28:00;-03:00;19,709999084472656;19,709999084472656;19,670000076293945;19,670000076293945;13500
2026-10-05;10:29:00;-03:00;19,690000534057617;19,739999771118164;19,670000076293945;19,719999313354492;36600
2026-10-05;10:30:00;-03:00;19,709999084472656;19,739999771118164;19,649999618530273;19,649999618530273;52100
2026-10-05;10:31:00;-03:00;19,65999984741211;19,84000015258789;19,649999618530273;19,809999465942383;89200
2026-10-05;10:32:00;-03:00;19,850000381469727;19,8700008392334;19,81999969482422;19,850000381469727;30900
2026-10-05;10:33:00;-03:00;19,8700008392334;19,8700008392334;19,799999237060547;19,809999465942383;37200
2026-10-05;10:34:00;-03:00;19,809999465942383;19,889999389648438;19,809999465942383;19,889999389648438;42000
2026-10-05;10:35:00;-03:00;19,889999389648438;19,950000762939453;19,8799991607666;19,90999984741211;68800
2026-10-05;10:36:00;-03:00;19,899999618530273;19,93000030517578;19,84000015258789;19,920000076293945;73400
2026-10-05;10:37:00;-03:00;19,90999984741211;19,920000076293945;19,889999389648438;19,899999618530273;50100
2026-10-05;10:38:00;-03:00;19,90999984741211;20,0;19,90999984741211;19,989999771118164;93500
2026-10-05;10:39:00;-03:00;20,0;20,0;19,959999084472656;19,979999542236328;91300
2026-10-05;10:40:00;-03:00;19,989999771118164;20,020000457763672;19,959999084472656;20,0;200200
2026-10-05;10:41:00;-03:00;19,989999771118164;19,989999771118164;19,8700008392334;19,8700008392334;105300
2026-10-05;10:42:00;-03:00;19,860000610351562;20,049999237060547;19,860000610351562;19,969999313354492;678800
2026-10-05;10:43:00;-03:00;19,969999313354492;20,049999237060547;19,959999084472656;20,0;133900
2026-10-05;10:44:00;-03:00;19,989999771118164;20,020000457763672;19,969999313354492;19,989999771118164;105800
2026-10-05;10:45:00;-03:00;20,0;20,0;19,889999389648438;19,90999984741211;78400
2026-10-05;10:46:00;-03:00;19,899999618530273;19,90999984741211;19,850000381469727;19,8700008392334;130600
2026-10-05;10:47:00;-03:00;19,8799991607666;19,889999389648438;19,75;19,760000228881836;174200
2026-10-05;10:48:00;-03:00;19,760000228881836;19,93000030517578;19,739999771118164;19,799999237060547;298100
2026-10-05;10:49:00;-03:00;19,790000915527344;19,84000015258789;19,790000915527344;19,790000915527344;68900
2026-10-05;10:50:00;-03:00;19,809999465942383;19,84000015258789;19,809999465942383;19,829999923706055;48000
2026-10-05;10:51:00;-03:00;19,81999969482422;19,850000381469727;19,81999969482422;19,84000015258789;27200
2026-10-05;10:52:00;-03:00;19,829999923706055;19,889999389648438;19,829999923706055;19,889999389648438;40500
2026-10-05;10:53:00;-03:00;19,8799991607666;19,8799991607666;19,829999923706055;19,860000610351562;72500
2026-10-05;10:54:00;-03:00;19,860000610351562;19,8700008392334;19,81999969482422;19,829999923706055;47400
2026-10-05;10:55:00;-03:00;19,81999969482422;19,899999618530273;19,81999969482422;19,889999389648438;75200
2026-10-05;10:56:00;-03:00;19,889999389648438;19,899999618530273;19,84000015258789;19,860000610351562;113000
2026-10-05;10:57:00;-03:00;19,860000610351562;19,8799991607666;19,729999542236328;19,729999542236328;107200
2026-10-05;10:58:00;-03:00;19,719999313354492;19,81999969482422;19,690000534057617;19,809999465942383;176000
2026-10-05;10:59:00;-03:00;19,799999237060547;19,84000015258789;19,799999237060547;19,829999923706055;94500
2026-10-05;11:00:00;-03:00;19,81999969482422;19,8700008392334;19,799999237060547;19,829999923706055;97000
2026-10-05;11:01:00;-03:00;19,84000015258789;19,8700008392334;19,829999923706055;19,829999923706055;55200
2026-10-05;11:02:00;-03:00;19,829999923706055;19,860000610351562;19,81999969482422;19,81999969482422;209800
2026-10-05;11:03:00;-03:00;19,809999465942383;19,809999465942383;19,770000457763672;19,790000915527344;46600
2026-10-05;11:04:00;-03:00;19,790000915527344;19,829999923706055;19,780000686645508;19,780000686645508;98600
2026-10-05;11:05:00;-03:00;19,790000915527344;19,790000915527344;19,739999771118164;19,780000686645508;72300
2026-10-05;11:06:00;-03:00;19,780000686645508;19,809999465942383;19,760000228881836;19,809999465942383;75700
2026-10-05;11:07:00;-03:00;19,799999237060547;19,8799991607666;19,790000915527344;19,84000015258789;81000
2026-10-05;11:08:00;-03:00;19,850000381469727;19,8799991607666;19,829999923706055;19,8799991607666;55000
2026-10-05;11:09:00;-03:00;19,8799991607666;19,899999618530273;19,8700008392334;19,899999618530273;42800
2026-10-05;11:10:00;-03:00;19,899999618530273;19,920000076293945;19,8700008392334;19,920000076293945;44700
2026-10-05;11:11:00;-03:00;19,920000076293945;19,950000762939453;19,920000076293945;19,940000534057617;42300
2026-10-05;11:12:00;-03:00;19,93000030517578;19,940000534057617;19,8799991607666;19,899999618530273;56600
2026-10-05;11:13:00;-03:00;19,90999984741211;19,920000076293945;19,84000015258789;19,860000610351562;45100
2026-10-05;11:14:00;-03:00;19,850000381469727;19,8799991607666;19,829999923706055;19,8799991607666;43200
2026-10-05;11:15:00;-03:00;19,889999389648438;19,889999389648438;19,850000381469727;19,8799991607666;28100
2026-10-05;11:16:00;-03:00;19,8700008392334;19,889999389648438;19,850000381469727;19,8700008392334;47500
2026-10-05;11:17:00;-03:00;19,8700008392334;19,8700008392334;19,760000228881836;19,780000686645508;49000
2026-10-05;11:18:00;-03:00;19,780000686645508;19,790000915527344;19,709999084472656;19,719999313354492;60900
2026-10-05;11:19:00;-03:00;19,709999084472656;19,719999313354492;19,649999618530273;19,670000076293945;81000
2026-10-05;11:20:00;-03:00;19,670000076293945;19,709999084472656;19,65999984741211;19,68000030517578;45800
2026-10-05;11:21:00;-03:00;19,68000030517578;19,700000762939453;19,65999984741211;19,670000076293945;30900
2026-10-05;11:22:00;-03:00;19,670000076293945;19,670000076293945;19,610000610351562;19,639999389648438;56500
2026-10-05;11:23:00;-03:00;19,6299991607666;19,68000030517578;19,6299991607666;19,65999984741211;39400
2026-10-05;11:24:00;-03:00;19,65999984741211;19,670000076293945;19,6200008392334;19,6299991607666;29200
2026-10-05;11:25:00;-03:00;19,6299991607666;19,65999984741211;19,6299991607666;19,65999984741211;24500
2026-10-05;11:26:00;-03:00;19,649999618530273;19,690000534057617;19,639999389648438;19,639999389648438;23900
2026-10-05;11:27:00;-03:00;19,639999389648438;19,649999618530273;19,610000610351562;19,6200008392334;38500
2026-10-05;11:28:00;-03:00;19,610000610351562;19,6200008392334;19,56999969482422;19,56999969482422;54800
2026-10-05;11:29:00;-03:00;19,56999969482422;19,610000610351562;19,559999465942383;19,59000015258789;38900
2026-10-05;11:30:00;-03:00;19,59000015258789;19,639999389648438;19,579999923706055;19,59000015258789;37800
2026-10-05;11:31:00;-03:00;19,59000015258789;19,59000015258789;19,540000915527344;19,56999969482422;39900
2026-10-05;11:32:00;-03:00;19,559999465942383;19,56999969482422;19,530000686645508;19,549999237060547;32100
2026-10-05;11:33:00;-03:00;19,549999237060547;19,549999237060547;19,520000457763672;19,540000915527344;45300
2026-10-05;11:34:00;-03:00;19,549999237060547;19,56999969482422;19,530000686645508;19,540000915527344;41100
2026-10-05;11:35:00;-03:00;19,540000915527344;19,559999465942383;19,510000228881836;19,530000686645508;60400
2026-10-05;11:36:00;-03:00;19,530000686645508;19,559999465942383;19,479999542236328;19,5;41600
2026-10-05;11:37:00;-03:00;19,5;19,520000457763672;19,479999542236328;19,520000457763672;25400
2026-10-05;11:38:00;-03:00;19,510000228881836;19,540000915527344;19,510000228881836;19,520000457763672;29900
2026-10-05;11:39:00;-03:00;19,530000686645508;19,56999969482422;19,520000457763672;19,56999969482422;45600
2026-10-05;11:40:00;-03:00;19,559999465942383;19,59000015258789;19,549999237060547;19,59000015258789;46000
2026-10-05;11:41:00;-03:00;19,59000015258789;19,600000381469727;19,559999465942383;19,579999923706055;47100
2026-10-05;11:42:00;-03:00;19,59000015258789;19,59000015258789;19,540000915527344;19,549999237060547;40000
2026-10-05;11:43:00;-03:00;19,549999237060547;19,56999969482422;19,530000686645508;19,540000915527344;36800
2026-10-05;11:44:00;-03:00;19,530000686645508;19,549999237060547;19,5;19,510000228881836;72600
2026-10-05;11:45:00;-03:00;19,5;19,530000686645508;19,489999771118164;19,520000457763672;31400
2026-10-05;11:46:00;-03:00;19,520000457763672;19,579999923706055;19,510000228881836;19,56999969482422;34900
2026-10-05;11:47:00;-03:00;19,56999969482422;19,59000015258789;19,559999465942383;19,559999465942383;45200
2026-10-05;11:48:00;-03:00;19,579999923706055;19,59000015258789;19,549999237060547;19,56999969482422;41700
2026-10-05;11:49:00;-03:00;19,56999969482422;19,6200008392334;19,56999969482422;19,610000610351562;29500
2026-10-05;11:50:00;-03:00;19,600000381469727;19,639999389648438;19,600000381469727;19,639999389648438;37900
2026-10-05;11:51:00;-03:00;19,639999389648438;19,690000534057617;19,6200008392334;19,639999389648438;55600
2026-10-05;11:52:00;-03:00;19,639999389648438;19,649999618530273;19,610000610351562;19,6200008392334;22300
2026-10-05;11:53:00;-03:00;19,6200008392334;19,639999389648438;19,610000610351562;19,610000610351562;49000
2026-10-05;11:54:00;-03:00;19,610000610351562;19,610000610351562;19,579999923706055;19,579999923706055;19000
2026-10-05;11:55:00;-03:00;19,579999923706055;19,6200008392334;19,579999923706055;19,6200008392334;33900
2026-10-05;11:56:00;-03:00;19,6200008392334;19,639999389648438;19,610000610351562;19,6200008392334;19100
2026-10-05;11:57:00;-03:00;19,6200008392334;19,6200008392334;19,579999923706055;19,579999923706055;9000
2026-10-05;11:58:00;-03:00;19,59000015258789;19,600000381469727;19,56999969482422;19,56999969482422;27300
2026-10-05;11:59:00;-03:00;19,56999969482422;19,59000015258789;19,549999237060547;19,579999923706055;61900
2026-10-05;12:00:00;-03:00;19,579999923706055;19,59000015258789;19,5;19,5;189100
2026-10-05;12:01:00;-03:00;19,5;19,5;19,479999542236328;19,5;65800
2026-10-05;12:02:00;-03:00;19,5;19,530000686645508;19,489999771118164;19,520000457763672;41700
2026-10-05;12:03:00;-03:00;19,510000228881836;19,549999237060547;19,510000228881836;19,530000686645508;26800
2026-10-05;12:04:00;-03:00;19,540000915527344;19,559999465942383;19,520000457763672;19,530000686645508;54700
2026-10-05;12:05:00;-03:00;19,540000915527344;19,549999237060547;19,520000457763672;19,530000686645508;56100
2026-10-05;12:06:00;-03:00;19,520000457763672;19,520000457763672;19,479999542236328;19,479999542236328;27500
2026-10-05;12:07:00;-03:00;19,479999542236328;19,5;19,479999542236328;19,5;18400
2026-10-05;12:08:00;-03:00;19,489999771118164;19,489999771118164;19,440000534057617;19,450000762939453;23100
2026-10-05;12:09:00;-03:00;19,459999084472656;19,459999084472656;19,43000030517578;19,459999084472656;32800
2026-10-05;12:10:00;-03:00;19,459999084472656;19,479999542236328;19,450000762939453;19,479999542236328;21700
2026-10-05;12:11:00;-03:00;19,489999771118164;19,540000915527344;19,489999771118164;19,530000686645508;27400
2026-10-05;12:12:00;-03:00;19,530000686645508;19,549999237060547;19,510000228881836;19,520000457763672;31200
2026-10-05;12:13:00;-03:00;19,510000228881836;19,530000686645508;19,489999771118164;19,489999771118164;44600
2026-10-05;12:14:00;-03:00;19,479999542236328;19,489999771118164;19,479999542236328;19,479999542236328;7800
2026-10-05;12:15:00;-03:00;19,479999542236328;19,489999771118164;19,469999313354492;19,479999542236328;30000
2026-10-05;12:16:00;-03:00;19,469999313354492;19,469999313354492;19,43000030517578;19,459999084472656;44300
2026-10-05;12:17:00;-03:00;19,459999084472656;19,459999084472656;19,399999618530273;19,40999984741211;36700
2026-10-05;12:18:00;-03:00;19,40999984741211;19,420000076293945;19,399999618530273;19,40999984741211;25600
2026-10-05;12:19:00;-03:00;19,40999984741211;19,420000076293945;19,399999618530273;19,40999984741211;18300
2026-10-05;12:20:00;-03:00;19,40999984741211;19,40999984741211;19,3799991607666;19,3799991607666;14500
2026-10-05;12:21:00;-03:00;19,3799991607666;19,389999389648438;19,360000610351562;19,3700008392334;50000
2026-10-05;12:22:00;-03:00;19,3700008392334;19,3799991607666;19,360000610351562;19,3700008392334;23000
2026-10-05;12:23:00;-03:00;19,3700008392334;19,420000076293945;19,3700008392334;19,3799991607666;52700
2026-10-05;12:24:00;-03:00;19,3799991607666;19,389999389648438;19,360000610351562;19,3799991607666;13000
2026-10-05;12:25:00;-03:00;19,3799991607666;19,40999984741211;19,3700008392334;19,40999984741211;36300
2026-10-05;12:26:00;-03:00;19,399999618530273;19,440000534057617;19,399999618530273;19,420000076293945;41900
2026-10-05;12:27:00;-03:00;19,420000076293945;19,450000762939453;19,420000076293945;19,43000030517578;35300
2026-10-05;12:28:00;-03:00;19,420000076293945;19,459999084472656;19,420000076293945;19,450000762939453;27700
2026-10-05;12:29:00;-03:00;19,450000762939453;19,489999771118164;19,440000534057617;19,489999771118164;21000
2026-10-05;12:30:00;-03:00;19,489999771118164;19,530000686645508;19,489999771118164;19,510000228881836;33900
2026-10-05;12:31:00;-03:00;19,5;19,510000228881836;19,43000030517578;19,440000534057617;31300
2026-10-05;12:32:00;-03:00;19,440000534057617;19,469999313354492;19,440000534057617;19,469999313354492;31400
2026-10-05;12:33:00;-03:00;19,469999313354492;19,510000228881836;19,459999084472656;19,5;18500
2026-10-05;12:34:00;-03:00;19,489999771118164;19,510000228881836;19,479999542236328;19,5;16800
2026-10-05;12:35:00;-03:00;19,5;19,5;19,43000030517578;19,43000030517578;25600
2026-10-05;12:36:00;-03:00;19,43000030517578;19,469999313354492;19,43000030517578;19,459999084472656;28800
2026-10-05;12:37:00;-03:00;19,469999313354492;19,489999771118164;19,459999084472656;19,479999542236328;19200
2026-10-05;12:38:00;-03:00;19,489999771118164;19,489999771118164;19,450000762939453;19,459999084472656;14600
2026-10-05;12:39:00;-03:00;19,459999084472656;19,469999313354492;19,450000762939453;19,459999084472656;23800
2026-10-05;12:40:00;-03:00;19,469999313354492;19,469999313354492;19,459999084472656;19,469999313354492;11100
2026-10-05;12:41:00;-03:00;19,479999542236328;19,5;19,440000534057617;19,479999542236328;208600
2026-10-05;12:42:00;-03:00;19,489999771118164;19,489999771118164;19,469999313354492;19,469999313354492;6800
2026-10-05;12:43:00;-03:00;19,469999313354492;19,510000228881836;19,469999313354492;19,510000228881836;26300
2026-10-05;12:44:00;-03:00;19,510000228881836;19,540000915527344;19,5;19,530000686645508;12700
2026-10-05;12:45:00;-03:00;19,540000915527344;19,559999465942383;19,510000228881836;19,520000457763672;28600
2026-10-05;12:46:00;-03:00;19,530000686645508;19,540000915527344;19,489999771118164;19,520000457763672;34800
2026-10-05;12:47:00;-03:00;19,510000228881836;19,540000915527344;19,5;19,540000915527344;28800
2026-10-05;12:48:00;-03:00;19,540000915527344;19,559999465942383;19,530000686645508;19,549999237060547;25000
2026-10-05;12:49:00;-03:00;19,549999237060547;19,559999465942383;19,540000915527344;19,540000915527344;21700
2026-10-05;12:50:00;-03:00;19,549999237060547;19,549999237060547;19,530000686645508;19,540000915527344;15600
2026-10-05;12:51:00;-03:00;19,540000915527344;19,559999465942383;19,530000686645508;19,549999237060547;11800
2026-10-05;12:52:00;-03:00;19,559999465942383;19,559999465942383;19,520000457763672;19,530000686645508;15000
2026-10-05;12:53:00;-03:00;19,520000457763672;19,559999465942383;19,520000457763672;19,559999465942383;23400
2026-10-05;12:54:00;-03:00;19,559999465942383;19,600000381469727;19,559999465942383;19,600000381469727;24900
2026-10-05;12:55:00;-03:00;19,600000381469727;19,6200008392334;19,59000015258789;19,600000381469727;44100
2026-10-05;12:56:00;-03:00;19,59000015258789;19,6299991607666;19,579999923706055;19,610000610351562;72600
2026-10-05;12:57:00;-03:00;19,610000610351562;19,6299991607666;19,59000015258789;19,6299991607666;27400
2026-10-05;12:58:00;-03:00;19,6299991607666;19,6299991607666;19,610000610351562;19,6200008392334;19600
2026-10-05;12:59:00;-03:00;19,6200008392334;19,65999984741211;19,6200008392334;19,649999618530273;12200
2026-10-05;13:00:00;-03:00;19,649999618530273;19,65999984741211;19,639999389648438;19,639999389648438;19500
2026-10-05;13:01:00;-03:00;19,649999618530273;19,65999984741211;19,639999389648438;19,65999984741211;19900
2026-10-05;13:02:00;-03:00;19,65999984741211;19,65999984741211;19,6200008392334;19,6200008392334;13200
2026-10-05;13:03:00;-03:00;19,6200008392334;19,6299991607666;19,59000015258789;19,6200008392334;30900
2026-10-05;13:04:00;-03:00;19,6299991607666;19,639999389648438;19,610000610351562;19,6200008392334;16400
2026-10-05;13:05:00;-03:00;19,6299991607666;19,6299991607666;19,610000610351562;19,6200008392334;22000
2026-10-05;13:06:00;-03:00;19,6299991607666;19,649999618530273;19,6299991607666;19,649999618530273;13600
2026-10-05;13:07:00;-03:00;19,649999618530273;19,65999984741211;19,639999389648438;19,65999984741211;13100
2026-10-05;13:08:00;-03:00;19,649999618530273;19,670000076293945;19,639999389648438;19,639999389648438;15500
2026-10-05;13:09:00;-03:00;19,639999389648438;19,649999618530273;19,6299991607666;19,639999389648438;16300
2026-10-05;13:10:00;-03:00;19,649999618530273;19,68000030517578;19,639999389648438;19,68000030517578;20400
2026-10-05;13:11:00;-03:00;19,65999984741211;19,700000762939453;19,65999984741211;19,700000762939453;12700
2026-10-05;13:12:00;-03:00;19,700000762939453;19,719999313354492;19,690000534057617;19,719999313354492;29800
2026-10-05;13:13:00;-03:00;19,709999084472656;19,719999313354492;19,68000030517578;19,700000762939453;31000
2026-10-05;13:14:00;-03:00;19,709999084472656;19,709999084472656;19,670000076293945;19,700000762939453;49200
2026-10-05;13:15:00;-03:00;19,690000534057617;19,690000534057617;19,670000076293945;19,690000534057617;15600
2026-10-05;13:16:00;-03:00;19,68000030517578;19,68000030517578;19,649999618530273;19,670000076293945;10300
2026-10-05;13:17:00;-03:00;19,670000076293945;19,690000534057617;19,670000076293945;19,670000076293945;26100
2026-10-05;13:18:00;-03:00;19,65999984741211;19,670000076293945;19,6200008392334;19,6299991607666;17100
2026-10-05;13:19:00;-03:00;19,6200008392334;19,6200008392334;19,549999237060547;19,549999237060547;37200
2026-10-05;13:20:00;-03:00;19,559999465942383;19,579999923706055;19,549999237060547;19,579999923706055;27000
2026-10-05;13:21:00;-03:00;19,56999969482422;19,59000015258789;19,559999465942383;19,59000015258789;15100
2026-10-05;13:22:00;-03:00;19,59000015258789;19,600000381469727;19,56999969482422;19,56999969482422;13700
2026-10-05;13:23:00;-03:00;19,579999923706055;19,610000610351562;19,56999969482422;19,600000381469727;20100
2026-10-05;13:24:00;-03:00;19,610000610351562;19,610000610351562;19,59000015258789;19,610000610351562;17400
2026-10-05;13:25:00;-03:00;19,59000015258789;19,600000381469727;19,56999969482422;19,56999969482422;12200
2026-10-05;13:26:00;-03:00;19,56999969482422;19,579999923706055;19,530000686645508;19,530000686645508;18200
2026-10-05;13:27:00;-03:00;19,530000686645508;19,530000686645508;19,469999313354492;19,479999542236328;16900
2026-10-05;13:28:00;-03:00;19,489999771118164;19,520000457763672;19,489999771118164;19,5;16600
2026-10-05;13:29:00;-03:00;19,5;19,520000457763672;19,5;19,5;19800
2026-10-05;13:30:00;-03:00;19,489999771118164;19,520000457763672;19,489999771118164;19,520000457763672;14400
2026-10-05;13:31:00;-03:00;19,510000228881836;19,520000457763672;19,489999771118164;19,510000228881836;18900
2026-10-05;13:32:00;-03:00;19,510000228881836;19,510000228881836;19,489999771118164;19,489999771118164;12100
2026-10-05;13:33:00;-03:00;19,489999771118164;19,5;19,489999771118164;19,489999771118164;8700
2026-10-05;13:34:00;-03:00;19,489999771118164;19,489999771118164;19,469999313354492;19,469999313354492;16900
2026-10-05;13:35:00;-03:00;19,469999313354492;19,5;19,469999313354492;19,479999542236328;19600
2026-10-05;13:36:00;-03:00;19,479999542236328;19,489999771118164;19,479999542236328;19,479999542236328;8200
2026-10-05;13:37:00;-03:00;19,479999542236328;19,520000457763672;19,479999542236328;19,510000228881836;14800
2026-10-05;13:38:00;-03:00;19,520000457763672;19,549999237060547;19,5;19,5;31100
2026-10-05;13:39:00;-03:00;19,5;19,540000915527344;19,479999542236328;19,479999542236328;31100
2026-10-05;13:40:00;-03:00;19,489999771118164;19,489999771118164;19,450000762939453;19,469999313354492;23800
2026-10-05;13:41:00;-03:00;19,469999313354492;19,469999313354492;19,440000534057617;19,440000534057617;29000
2026-10-05;13:42:00;-03:00;19,440000534057617;19,450000762939453;19,420000076293945;19,43000030517578;22300
2026-10-05;13:43:00;-03:00;19,420000076293945;19,43000030517578;19,389999389648438;19,389999389648438;14800
2026-10-05;13:44:00;-03:00;19,399999618530273;19,399999618530273;19,360000610351562;19,399999618530273;60000
2026-10-05;13:45:00;-03:00;19,399999618530273;19,399999618530273;19,389999389648438;19,399999618530273;22200
2026-10-05;13:46:00;-03:00;19,40999984741211;19,420000076293945;19,399999618530273;19,40999984741211;21400
2026-10-05;13:47:00;-03:00;19,40999984741211;19,420000076293945;19,389999389648438;19,399999618530273;30400
2026-10-05;13:48:00;-03:00;19,399999618530273;19,40999984741211;19,3799991607666;19,399999618530273;36300
2026-10-05;13:49:00;-03:00;19,389999389648438;19,40999984741211;19,360000610351562;19,3799991607666;15400
2026-10-05;13:50:00;-03:00;19,389999389648438;19,420000076293945;19,389999389648438;19,40999984741211;20000
2026-10-05;13:51:00;-03:00;19,399999618530273;19,440000534057617;19,399999618530273;19,43000030517578;14300
2026-10-05;13:52:00;-03:00;19,43000030517578;19,440000534057617;19,420000076293945;19,420000076293945;22300
2026-10-05;13:53:00;-03:00;19,43000030517578;19,43000030517578;19,40999984741211;19,420000076293945;8600
2026-10-05;13:54:00;-03:00;19,420000076293945;19,420000076293945;19,389999389648438;19,389999389648438;12500
2026-10-05;13:55:00;-03:00;19,389999389648438;19,40999984741211;19,3799991607666;19,40999984741211;14600
2026-10-05;13:56:00;-03:00;19,420000076293945;19,469999313354492;19,389999389648438;19,450000762939453;27400
2026-10-05;13:57:00;-03:00;19,450000762939453;19,459999084472656;19,440000534057617;19,440000534057617;23200
2026-10-05;13:58:00;-03:00;19,440000534057617;19,450000762939453;19,399999618530273;19,40999984741211;26400
2026-10-05;13:59:00;-03:00;19,420000076293945;19,420000076293945;19,389999389648438;19,420000076293945;22900
2026-10-05;14:00:00;-03:00;19,420000076293945;19,420000076293945;19,399999618530273;19,420000076293945;19500
2026-10-05;14:01:00;-03:00;19,420000076293945;19,43000030517578;19,399999618530273;19,399999618530273;27200
2026-10-05;14:02:00;-03:00;19,399999618530273;19,420000076293945;19,399999618530273;19,40999984741211;24400
2026-10-05;14:03:00;-03:00;19,399999618530273;19,399999618530273;19,3799991607666;19,389999389648438;17500
2026-10-05;14:04:00;-03:00;19,389999389648438;19,399999618530273;19,389999389648438;19,399999618530273;21400
2026-10-05;14:05:00;-03:00;19,40999984741211;19,43000030517578;19,3799991607666;19,3799991607666;20400
2026-10-05;14:06:00;-03:00;19,3799991607666;19,389999389648438;19,3799991607666;19,389999389648438;14800
2026-10-05;14:07:00;-03:00;19,3799991607666;19,399999618530273;19,3700008392334;19,3799991607666;24800
2026-10-05;14:08:00;-03:00;19,389999389648438;19,389999389648438;19,360000610351562;19,360000610351562;12800
2026-10-05;14:09:00;-03:00;19,360000610351562;19,3700008392334;19,34000015258789;19,3700008392334;36700
2026-10-05;14:10:00;-03:00;19,360000610351562;19,3700008392334;19,350000381469727;19,360000610351562;23100
2026-10-05;14:11:00;-03:00;19,360000610351562;19,360000610351562;19,329999923706055;19,350000381469727;25100
2026-10-05;14:12:00;-03:00;19,350000381469727;19,360000610351562;19,34000015258789;19,360000610351562;13800
2026-10-05;14:13:00;-03:00;19,360000610351562;19,360000610351562;19,34000015258789;19,350000381469727;23000
2026-10-05;14:14:00;-03:00;19,360000610351562;19,3700008392334;19,350000381469727;19,350000381469727;21600
2026-10-05;14:15:00;-03:00;19,350000381469727;19,389999389648438;19,350000381469727;19,3799991607666;14800
2026-10-05;14:16:00;-03:00;19,3799991607666;19,3799991607666;19,350000381469727;19,360000610351562;22500
2026-10-05;14:17:00;-03:00;19,360000610351562;19,3700008392334;19,360000610351562;19,360000610351562;13700
2026-10-05;14:18:00;-03:00;19,3700008392334;19,3799991607666;19,360000610351562;19,360000610351562;30400
2026-10-05;14:19:00;-03:00;19,350000381469727;19,360000610351562;19,34000015258789;19,350000381469727;28500
2026-10-05;14:20:00;-03:00;19,350000381469727;19,3700008392334;19,350000381469727;19,350000381469727;24200
2026-10-05;14:21:00;-03:00;19,350000381469727;19,350000381469727;19,34000015258789;19,350000381469727;33700
2026-10-05;14:22:00;-03:00;19,350000381469727;19,420000076293945;19,34000015258789;19,420000076293945;69800
2026-10-05;14:23:00;-03:00;19,43000030517578;19,43000030517578;19,399999618530273;19,420000076293945;28100
2026-10-05;14:24:00;-03:00;19,420000076293945;19,450000762939453;19,40999984741211;19,440000534057617;45200
2026-10-05;14:25:00;-03:00;19,43000030517578;19,43000030517578;19,399999618530273;19,40999984741211;17000
2026-10-05;14:26:00;-03:00;19,40999984741211;19,420000076293945;19,3799991607666;19,3799991607666;12500
2026-10-05;14:27:00;-03:00;19,389999389648438;19,399999618530273;19,3799991607666;19,3799991607666;37500
2026-10-05;14:28:00;-03:00;19,389999389648438;19,389999389648438;19,3700008392334;19,3700008392334;16900
2026-10-05;14:29:00;-03:00;19,3700008392334;19,399999618530273;19,3700008392334;19,399999618530273;19200
2026-10-05;14:30:00;-03:00;19,389999389648438;19,40999984741211;19,389999389648438;19,40999984741211;23200
2026-10-05;14:31:00;-03:00;19,40999984741211;19,469999313354492;19,40999984741211;19,450000762939453;62000
2026-10-05;14:32:00;-03:00;19,459999084472656;19,459999084472656;19,43000030517578;19,440000534057617;35700
2026-10-05;14:33:00;-03:00;19,43000030517578;19,440000534057617;19,420000076293945;19,420000076293945;11500
2026-10-05;14:34:00;-03:00;19,420000076293945;19,459999084472656;19,420000076293945;19,450000762939453;25100
2026-10-05;14:35:00;-03:00;19,450000762939453;19,450000762939453;19,43000030517578;19,43000030517578;26800
2026-10-05;14:36:00;-03:00;19,440000534057617;19,440000534057617;19,40999984741211;19,43000030517578;38000
2026-10-05;14:37:00;-03:00;19,43000030517578;19,43000030517578;19,40999984741211;19,40999984741211;19800
2026-10-05;14:38:00;-03:00;19,420000076293945;19,43000030517578;19,40999984741211;19,40999984741211;19200
2026-10-05;14:39:00;-03:00;19,420000076293945;19,420000076293945;19,389999389648438;19,420000076293945;29200
2026-10-05;14:40:00;-03:00;19,420000076293945;19,420000076293945;19,40999984741211;19,40999984741211;16100
2026-10-05;14:41:00;-03:00;19,420000076293945;19,43000030517578;19,40999984741211;19,43000030517578;32500
2026-10-05;14:42:00;-03:00;19,43000030517578;19,450000762939453;19,43000030517578;19,440000534057617;28100
2026-10-05;14:43:00;-03:00;19,440000534057617;19,440000534057617;19,399999618530273;19,40999984741211;27000
2026-10-05;14:44:00;-03:00;19,399999618530273;19,40999984741211;19,389999389648438;19,40999984741211;28500
2026-10-05;14:45:00;-03:00;19,40999984741211;19,420000076293945;19,3799991607666;19,399999618530273;26600
2026-10-05;14:46:00;-03:00;19,399999618530273;19,420000076293945;19,389999389648438;19,389999389648438;29500
2026-10-05;14:47:00;-03:00;19,399999618530273;19,399999618530273;19,3700008392334;19,389999389648438;33100
2026-10-05;14:48:00;-03:00;19,389999389648438;19,399999618530273;19,3700008392334;19,389999389648438;20800
2026-10-05;14:49:00;-03:00;19,3799991607666;19,399999618530273;19,3700008392334;19,399999618530273;24600
2026-10-05;14:50:00;-03:00;19,399999618530273;19,399999618530273;19,389999389648438;19,399999618530273;7000
2026-10-05;14:51:00;-03:00;19,389999389648438;19,399999618530273;19,389999389648438;19,389999389648438;7800
2026-10-05;14:52:00;-03:00;19,389999389648438;19,420000076293945;19,389999389648438;19,40999984741211;29300
2026-10-05;14:53:00;-03:00;19,40999984741211;19,420000076293945;19,399999618530273;19,420000076293945;20400
2026-10-05;14:54:00;-03:00;19,420000076293945;19,440000534057617;19,399999618530273;19,43000030517578;34500
2026-10-05;14:55:00;-03:00;19,43000030517578;19,440000534057617;19,420000076293945;19,420000076293945;25500
2026-10-05;14:56:00;-03:00;19,43000030517578;19,43000030517578;19,40999984741211;19,40999984741211;17900
2026-10-05;14:57:00;-03:00;19,40999984741211;19,440000534057617;19,40999984741211;19,43000030517578;23800
2026-10-05;14:58:00;-03:00;19,420000076293945;19,43000030517578;19,40999984741211;19,420000076293945;20300
2026-10-05;14:59:00;-03:00;19,43000030517578;19,450000762939453;19,420000076293945;19,43000030517578;30200
2026-10-05;15:00:00;-03:00;19,43000030517578;19,450000762939453;19,420000076293945;19,420000076293945;27000
2026-10-05;15:01:00;-03:00;19,420000076293945;19,459999084472656;19,420000076293945;19,450000762939453;28000
2026-10-05;15:02:00;-03:00;19,459999084472656;19,469999313354492;19,450000762939453;19,469999313354492;26900
2026-10-05;15:03:00;-03:00;19,459999084472656;19,459999084472656;19,450000762939453;19,450000762939453;14500
2026-10-05;15:04:00;-03:00;19,450000762939453;19,469999313354492;19,450000762939453;19,450000762939453;29600
2026-10-05;15:05:00;-03:00;19,459999084472656;19,479999542236328;19,440000534057617;19,479999542236328;34900
2026-10-05;15:06:00;-03:00;19,469999313354492;19,5;19,469999313354492;19,479999542236328;42400
2026-10-05;15:07:00;-03:00;19,479999542236328;19,510000228881836;19,469999313354492;19,479999542236328;39100
2026-10-05;15:08:00;-03:00;19,479999542236328;19,479999542236328;19,459999084472656;19,459999084472656;17200
2026-10-05;15:09:00;-03:00;19,459999084472656;19,469999313354492;19,450000762939453;19,469999313354492;18900
2026-10-05;15:10:00;-03:00;19,450000762939453;19,459999084472656;19,440000534057617;19,440000534057617;27200
2026-10-05;15:11:00;-03:00;19,450000762939453;19,459999084472656;19,43000030517578;19,450000762939453;33300
2026-10-05;15:12:00;-03:00;19,450000762939453;19,459999084472656;19,450000762939453;19,459999084472656;6600
2026-10-05;15:13:00;-03:00;19,450000762939453;19,459999084472656;19,440000534057617;19,440000534057617;14500
2026-10-05;15:14:00;-03:00;19,440000534057617;19,450000762939453;19,43000030517578;19,440000534057617;23300
2026-10-05;15:15:00;-03:00;19,440000534057617;19,459999084472656;19,440000534057617;19,450000762939453;22400
2026-10-05;15:16:00;-03:00;19,450000762939453;19,469999313354492;19,450000762939453;19,459999084472656;17800
2026-10-05;15:17:00;-03:00;19,469999313354492;19,469999313354492;19,459999084472656;19,459999084472656;8500
2026-10-05;15:18:00;-03:00;19,459999084472656;19,469999313354492;19,450000762939453;19,459999084472656;20000
2026-10-05;15:19:00;-03:00;19,459999084472656;19,469999313354492;19,450000762939453;19,469999313354492;29200
2026-10-05;15:20:00;-03:00;19,469999313354492;19,479999542236328;19,459999084472656;19,479999542236328;18300
2026-10-05;15:21:00;-03:00;19,479999542236328;19,489999771118164;19,459999084472656;19,459999084472656;29200
2026-10-05;15:22:00;-03:00;19,459999084472656;19,489999771118164;19,450000762939453;19,489999771118164;24200
2026-10-05;15:23:00;-03:00;19,489999771118164;19,5;19,479999542236328;19,479999542236328;35800
2026-10-05;15:24:00;-03:00;19,479999542236328;19,479999542236328;19,469999313354492;19,469999313354492;7300
2026-10-05;15:25:00;-03:00;19,469999313354492;19,479999542236328;19,469999313354492;19,479999542236328;11200
2026-10-05;15:26:00;-03:00;19,479999542236328;19,479999542236328;19,469999313354492;19,479999542236328;11300
2026-10-05;15:27:00;-03:00;19,469999313354492;19,479999542236328;19,469999313354492;19,469999313354492;11200
2026-10-05;15:28:00;-03:00;19,479999542236328;19,5;19,469999313354492;19,479999542236328;50800
2026-10-05;15:29:00;-03:00;19,489999771118164;19,5;19,469999313354492;19,479999542236328;25800
2026-10-05;15:30:00;-03:00;19,489999771118164;19,489999771118164;19,450000762939453;19,450000762939453;21100
2026-10-05;15:31:00;-03:00;19,450000762939453;19,450000762939453;19,399999618530273;19,399999618530273;54000
2026-10-05;15:32:00;-03:00;19,389999389648438;19,420000076293945;19,3799991607666;19,389999389648438;47700
2026-10-05;15:33:00;-03:00;19,399999618530273;19,420000076293945;19,389999389648438;19,420000076293945;22800
2026-10-05;15:34:00;-03:00;19,420000076293945;19,420000076293945;19,40999984741211;19,40999984741211;34300
2026-10-05;15:35:00;-03:00;19,420000076293945;19,43000030517578;19,399999618530273;19,40999984741211;20900
2026-10-05;15:36:00;-03:00;19,420000076293945;19,440000534057617;19,40999984741211;19,40999984741211;31500
2026-10-05;15:37:00;-03:00;19,420000076293945;19,440000534057617;19,420000076293945;19,440000534057617;21700
2026-10-05;15:38:00;-03:00;19,43000030517578;19,459999084472656;19,43000030517578;19,450000762939453;23800
2026-10-05;15:39:00;-03:00;19,450000762939453;19,459999084472656;19,440000534057617;19,450000762939453;18900
2026-10-05;15:40:00;-03:00;19,450000762939453;19,479999542236328;19,440000534057617;19,459999084472656;31100
2026-10-05;15:41:00;-03:00;19,459999084472656;19,479999542236328;19,459999084472656;19,459999084472656;19100
2026-10-05;15:42:00;-03:00;19,469999313354492;19,489999771118164;19,469999313354492;19,479999542236328;30400
2026-10-05;15:43:00;-03:00;19,479999542236328;19,479999542236328;19,469999313354492;19,469999313354492;14300
2026-10-05;15:44:00;-03:00;19,469999313354492;19,489999771118164;19,469999313354492;19,469999313354492;26300
2026-10-05;15:45:00;-03:00;19,469999313354492;19,479999542236328;19,450000762939453;19,459999084472656;28900
2026-10-05;15:46:00;-03:00;19,450000762939453;19,459999084472656;19,440000534057617;19,450000762939453;21300
2026-10-05;15:47:00;-03:00;19,440000534057617;19,479999542236328;19,440000534057617;19,469999313354492;21000
2026-10-05;15:48:00;-03:00;19,469999313354492;19,479999542236328;19,459999084472656;19,459999084472656;18400
2026-10-05;15:49:00;-03:00;19,459999084472656;19,469999313354492;19,440000534057617;19,440000534057617;21100
2026-10-05;15:50:00;-03:00;19,440000534057617;19,450000762939453;19,43000030517578;19,43000030517578;18100
2026-10-05;15:51:00;-03:00;19,43000030517578;19,459999084472656;19,43000030517578;19,459999084472656;113900
2026-10-05;15:52:00;-03:00;19,450000762939453;19,469999313354492;19,440000534057617;19,469999313354492;26400
2026-10-05;15:53:00;-03:00;19,459999084472656;19,469999313354492;19,450000762939453;19,459999084472656;20800
2026-10-05;15:54:00;-03:00;19,459999084472656;19,489999771118164;19,459999084472656;19,479999542236328;21700
2026-10-05;15:55:00;-03:00;19,479999542236328;19,5;19,479999542236328;19,489999771118164;35200
2026-10-05;15:56:00;-03:00;19,5;19,530000686645508;19,5;19,530000686645508;50900
2026-10-05;15:57:00;-03:00;19,520000457763672;19,530000686645508;19,510000228881836;19,520000457763672;20500
2026-10-05;15:58:00;-03:00;19,530000686645508;19,540000915527344;19,520000457763672;19,540000915527344;10500
2026-10-05;15:59:00;-03:00;19,540000915527344;19,549999237060547;19,520000457763672;19,520000457763672;36800
2026-10-05;16:00:00;-03:00;19,520000457763672;19,520000457763672;19,5;19,520000457763672;27900
2026-10-05;16:01:00;-03:00;19,520000457763672;19,520000457763672;19,5;19,5;21500
2026-10-05;16:02:00;-03:00;19,5;19,520000457763672;19,489999771118164;19,489999771118164;21900
2026-10-05;16:03:00;-03:00;19,489999771118164;19,5;19,489999771118164;19,5;8400
2026-10-05;16:04:00;-03:00;19,489999771118164;19,510000228881836;19,489999771118164;19,5;18800
2026-10-05;16:05:00;-03:00;19,510000228881836;19,520000457763672;19,5;19,510000228881836;23800
2026-10-05;16:06:00;-03:00;19,510000228881836;19,530000686645508;19,510000228881836;19,510000228881836;32100
2026-10-05;16:07:00;-03:00;19,510000228881836;19,520000457763672;19,5;19,5;28300
2026-10-05;16:08:00;-03:00;19,5;19,540000915527344;19,5;19,540000915527344;26600
2026-10-05;16:09:00;-03:00;19,540000915527344;19,540000915527344;19,530000686645508;19,530000686645508;11200
2026-10-05;16:10:00;-03:00;19,530000686645508;19,540000915527344;19,5;19,520000457763672;61800
2026-10-05;16:11:00;-03:00;19,520000457763672;19,559999465942383;19,510000228881836;19,559999465942383;44000
2026-10-05;16:12:00;-03:00;19,559999465942383;19,559999465942383;19,520000457763672;19,520000457763672;36000
2026-10-05;16:13:00;-03:00;19,530000686645508;19,540000915527344;19,520000457763672;19,520000457763672;29700
2026-10-05;16:14:00;-03:00;19,530000686645508;19,549999237060547;19,520000457763672;19,540000915527344;25900
2026-10-05;16:15:00;-03:00;19,540000915527344;19,559999465942383;19,530000686645508;19,540000915527344;36600
2026-10-05;16:16:00;-03:00;19,549999237060547;19,549999237060547;19,520000457763672;19,520000457763672;27100
2026-10-05;16:17:00;-03:00;19,530000686645508;19,549999237060547;19,510000228881836;19,520000457763672;23700
2026-10-05;16:18:00;-03:00;19,530000686645508;19,530000686645508;19,510000228881836;19,520000457763672;27300
2026-10-05;16:19:00;-03:00;19,520000457763672;19,540000915527344;19,510000228881836;19,520000457763672;30100
2026-10-05;16:20:00;-03:00;19,530000686645508;19,540000915527344;19,510000228881836;19,540000915527344;33500
2026-10-05;16:21:00;-03:00;19,530000686645508;19,549999237060547;19,520000457763672;19,530000686645508;34100
2026-10-05;16:22:00;-03:00;19,540000915527344;19,540000915527344;19,5;19,510000228881836;28800
2026-10-05;16:23:00;-03:00;19,510000228881836;19,530000686645508;19,510000228881836;19,530000686645508;30300
2026-10-05;16:24:00;-03:00;19,520000457763672;19,530000686645508;19,520000457763672;19,520000457763672;11300
2026-10-05;16:25:00;-03:00;19,520000457763672;19,530000686645508;19,5;19,510000228881836;29500
2026-10-05;16:26:00;-03:00;19,520000457763672;19,520000457763672;19,469999313354492;19,489999771118164;30600
2026-10-05;16:27:00;-03:00;19,489999771118164;19,489999771118164;19,440000534057617;19,440000534057617;47100
2026-10-05;16:28:00;-03:00;19,440000534057617;19,459999084472656;19,440000534057617;19,459999084472656;28200
2026-10-05;16:29:00;-03:00;19,459999084472656;19,459999084472656;19,420000076293945;19,420000076293945;40700
2026-10-05;16:30:00;-03:00;19,43000030517578;19,43000030517578;19,389999389648438;19,389999389648438;70600
2026-10-05;16:31:00;-03:00;19,389999389648438;19,399999618530273;19,3799991607666;19,389999389648438;30900
2026-10-05;16:32:00;-03:00;19,389999389648438;19,399999618530273;19,360000610351562;19,389999389648438;46800
2026-10-05;16:33:00;-03:00;19,399999618530273;19,440000534057617;19,399999618530273;19,440000534057617;29700
2026-10-05;16:34:00;-03:00;19,440000534057617;19,440000534057617;19,420000076293945;19,440000534057617;43300
2026-10-05;16:35:00;-03:00;19,43000030517578;19,43000030517578;19,40999984741211;19,40999984741211;89200
2026-10-05;16:36:00;-03:00;19,40999984741211;19,420000076293945;19,3799991607666;19,389999389648438;45700
2026-10-05;16:37:00;-03:00;19,389999389648438;19,40999984741211;19,3700008392334;19,40999984741211;55000
2026-10-05;16:38:00;-03:00;19,40999984741211;19,40999984741211;19,389999389648438;19,40999984741211;44700
2026-10-05;16:39:00;-03:00;19,40999984741211;19,40999984741211;19,399999618530273;19,40999984741211;23500
2026-10-05;16:40:00;-03:00;19,40999984741211;19,440000534057617;19,389999389648438;19,399999618530273;68700
2026-10-05;16:41:00;-03:00;19,40999984741211;19,40999984741211;19,399999618530273;19,40999984741211;46100
2026-10-05;16:42:00;-03:00;19,40999984741211;19,40999984741211;19,399999618530273;19,40999984741211;17400
2026-10-05;16:43:00;-03:00;19,40999984741211;19,43000030517578;19,399999618530273;19,43000030517578;58800
2026-10-05;16:44:00;-03:00;19,43000030517578;19,43000030517578;19,40999984741211;19,43000030517578;52500
2026-10-05;16:45:00;-03:00;19,43000030517578;19,43000030517578;19,399999618530273;19,40999984741211;74900
2026-10-05;16:46:00;-03:00;19,420000076293945;19,43000030517578;19,389999389648438;19,399999618530273;56900
2026-10-05;16:47:00;-03:00;19,399999618530273;19,399999618530273;19,3799991607666;19,389999389648438;43900
2026-10-05;16:48:00;-03:00;19,389999389648438;19,389999389648438;19,3799991607666;19,389999389648438;49300
2026-10-05;16:49:00;-03:00;19,389999389648438;19,389999389648438;19,3700008392334;19,3799991607666;45400
2026-10-05;16:50:00;-03:00;19,3799991607666;19,389999389648438;19,350000381469727;19,389999389648438;101500
2026-10-05;16:51:00;-03:00;19,389999389648438;19,389999389648438;19,360000610351562;19,360000610351562;78400
2026-10-05;16:52:00;-03:00;19,3700008392334;19,3799991607666;19,350000381469727;19,3700008392334;75000
2026-10-05;16:53:00;-03:00;19,3700008392334;19,389999389648438;19,350000381469727;19,360000610351562;56800
2026-10-05;16:54:00;-03:00;19,3700008392334;19,3700008392334;19,350000381469727;19,3700008392334;64200
2026-10-06;10:03:00;-03:00;19,420000076293945;19,549999237060547;19,360000610351562;19,399999618530273;0
2026-10-06;10:04:00;-03:00;19,389999389648438;19,43000030517578;19,329999923706055;19,3700008392334;14400
2026-10-06;10:05:00;-03:00;19,350000381469727;19,360000610351562;19,299999237060547;19,299999237060547;8100
2026-10-06;10:06:00;-03:00;19,31999969482422;19,350000381469727;19,270000457763672;19,280000686645508;9600
2026-10-06;10:07:00;-03:00;19,280000686645508;19,360000610351562;19,280000686645508;19,360000610351562;9300
2026-10-06;10:08:00;-03:00;19,360000610351562;19,399999618530273;19,329999923706055;19,3700008392334;22400
2026-10-06;10:09:00;-03:00;19,389999389648438;19,40999984741211;19,3700008392334;19,399999618530273;14900
2026-10-06;10:10:00;-03:00;19,40999984741211;19,450000762939453;19,399999618530273;19,440000534057617;14900
2026-10-06;10:11:00;-03:00;19,440000534057617;19,520000457763672;19,43000030517578;19,5;12000
2026-10-06;10:12:00;-03:00;19,510000228881836;19,510000228881836;19,40999984741211;19,43000030517578;22400
2026-10-06;10:13:00;-03:00;19,420000076293945;19,489999771118164;19,40999984741211;19,469999313354492;17500
2026-10-06;10:14:00;-03:00;19,479999542236328;19,510000228881836;19,450000762939453;19,5;17900
2026-10-06;10:15:00;-03:00;19,510000228881836;19,540000915527344;19,489999771118164;19,540000915527344;19800
2026-10-06;10:16:00;-03:00;19,540000915527344;19,549999237060547;19,510000228881836;19,520000457763672;18800
2026-10-06;10:17:00;-03:00;19,530000686645508;19,530000686645508;19,489999771118164;19,489999771118164;11700
2026-10-06;10:18:00;-03:00;19,489999771118164;19,489999771118164;19,450000762939453;19,459999084472656;2700
2026-10-06;10:19:00;-03:00;19,450000762939453;19,450000762939453;19,420000076293945;19,440000534057617;12900
2026-10-06;10:20:00;-03:00;19,43000030517578;19,440000534057617;19,399999618530273;19,43000030517578;14200
2026-10-06;10:21:00;-03:00;19,43000030517578;19,450000762939453;19,43000030517578;19,450000762939453;23800
2026-10-06;10:22:00;-03:00;19,440000534057617;19,510000228881836;19,420000076293945;19,510000228881836;29200
2026-10-06;10:23:00;-03:00;19,510000228881836;19,56999969482422;19,510000228881836;19,549999237060547;63800
2026-10-06;10:24:00;-03:00;19,540000915527344;19,56999969482422;19,530000686645508;19,540000915527344;29900
2026-10-06;10:25:00;-03:00;19,530000686645508;19,549999237060547;19,520000457763672;19,520000457763672;20100
2026-10-06;10:26:00;-03:00;19,510000228881836;19,59000015258789;19,510000228881836;19,59000015258789;16600
2026-10-06;10:27:00;-03:00;19,59000015258789;19,639999389648438;19,59000015258789;19,6299991607666;24000
2026-10-06;10:28:00;-03:00;19,6200008392334;19,6299991607666;19,59000015258789;19,6200008392334;15300
2026-10-06;10:29:00;-03:00;19,6200008392334;19,6299991607666;19,6200008392334;19,6200008392334;20500
2026-10-06;10:30:00;-03:00;19,6299991607666;19,6299991607666;19,489999771118164;19,489999771118164;105800
2026-10-06;10:31:00;-03:00;19,5;19,510000228881836;19,469999313354492;19,489999771118164;28500
2026-10-06;10:32:00;-03:00;19,489999771118164;19,530000686645508;19,450000762939453;19,469999313354492;270700
2026-10-06;10:33:00;-03:00;19,469999313354492;19,56999969482422;19,469999313354492;19,56999969482422;112200
2026-10-06;10:34:00;-03:00;19,56999969482422;19,59000015258789;19,520000457763672;19,540000915527344;57100
2026-10-06;10:35:00;-03:00;19,540000915527344;19,559999465942383;19,520000457763672;19,540000915527344;47500
2026-10-06;10:36:00;-03:00;19,549999237060547;19,56999969482422;19,520000457763672;19,520000457763672;31200
2026-10-06;10:37:00;-03:00;19,530000686645508;19,549999237060547;19,520000457763672;19,530000686645508;25900
2026-10-06;10:38:00;-03:00;19,540000915527344;19,540000915527344;19,520000457763672;19,530000686645508;16100
2026-10-06;10:39:00;-03:00;19,520000457763672;19,520000457763672;19,5;19,520000457763672;20700
2026-10-06;10:40:00;-03:00;19,520000457763672;19,549999237060547;19,510000228881836;19,549999237060547;23300
2026-10-06;10:41:00;-03:00;19,540000915527344;19,540000915527344;19,510000228881836;19,520000457763672;38500
2026-10-06;10:42:00;-03:00;19,520000457763672;19,520000457763672;19,450000762939453;19,459999084472656;87800
2026-10-06;10:43:00;-03:00;19,450000762939453;19,450000762939453;19,43000030517578;19,43000030517578;17400
2026-10-06;10:44:00;-03:00;19,43000030517578;19,440000534057617;19,40999984741211;19,40999984741211;28200
2026-10-06;10:45:00;-03:00;19,399999618530273;19,399999618530273;19,360000610351562;19,360000610351562;41600
2026-10-06;10:46:00;-03:00;19,360000610351562;19,360000610351562;19,309999465942383;19,31999969482422;40300
2026-10-06;10:47:00;-03:00;19,309999465942383;19,309999465942383;19,290000915527344;19,290000915527344;15700
2026-10-06;10:48:00;-03:00;19,280000686645508;19,309999465942383;19,280000686645508;19,290000915527344;11800
2026-10-06;10:49:00;-03:00;19,290000915527344;19,299999237060547;19,280000686645508;19,290000915527344;10800
2026-10-06;10:50:00;-03:00;19,290000915527344;19,299999237060547;19,280000686645508;19,290000915527344;25900
2026-10-06;10:51:00;-03:00;19,290000915527344;19,309999465942383;19,280000686645508;19,280000686645508;43700
2026-10-06;10:52:00;-03:00;19,280000686645508;19,299999237060547;19,280000686645508;19,299999237060547;18100
2026-10-06;10:53:00;-03:00;19,309999465942383;19,309999465942383;19,280000686645508;19,290000915527344;13800
2026-10-06;10:54:00;-03:00;19,290000915527344;19,299999237060547;19,25;19,260000228881836;21000
2026-10-06;10:55:00;-03:00;19,25;19,25;19,219999313354492;19,229999542236328;27900
2026-10-06;10:56:00;-03:00;19,219999313354492;19,299999237060547;19,219999313354492;19,229999542236328;57800
2026-10-06;10:57:00;-03:00;19,239999771118164;19,260000228881836;19,239999771118164;19,25;29700
2026-10-06;10:58:00;-03:00;19,25;19,299999237060547;19,25;19,280000686645508;46700
2026-10-06;10:59:00;-03:00;19,280000686645508;19,309999465942383;19,280000686645508;19,290000915527344;28800
2026-10-06;11:00:00;-03:00;19,290000915527344;19,299999237060547;19,290000915527344;19,299999237060547;31900
2026-10-06;11:01:00;-03:00;19,309999465942383;19,329999923706055;19,309999465942383;19,309999465942383;27900
2026-10-06;11:02:00;-03:00;19,309999465942383;19,309999465942383;19,270000457763672;19,280000686645508;51800
2026-10-06;11:03:00;-03:00;19,280000686645508;19,329999923706055;19,280000686645508;19,329999923706055;32700
2026-10-06;11:04:00;-03:00;19,31999969482422;19,31999969482422;19,299999237060547;19,31999969482422;28500
2026-10-06;11:05:00;-03:00;19,31999969482422;19,329999923706055;19,309999465942383;19,31999969482422;18100
2026-10-06;11:06:00;-03:00;19,31999969482422;19,34000015258789;19,309999465942383;19,329999923706055;31500
2026-10-06;11:07:00;-03:00;19,329999923706055;19,360000610351562;19,329999923706055;19,360000610351562;31700
2026-10-06;11:08:00;-03:00;19,360000610351562;19,3700008392334;19,34000015258789;19,360000610351562;24300
2026-10-06;11:09:00;-03:00;19,360000610351562;19,360000610351562;19,329999923706055;19,34000015258789;19600
2026-10-06;11:10:00;-03:00;19,34000015258789;19,34000015258789;19,299999237060547;19,309999465942383;17200
2026-10-06;11:11:00;-03:00;19,299999237060547;19,299999237060547;19,280000686645508;19,290000915527344;25500
2026-10-06;11:12:00;-03:00;19,299999237060547;19,309999465942383;19,299999237060547;19,309999465942383;22000
2026-10-06;11:13:00;-03:00;19,309999465942383;19,34000015258789;19,309999465942383;19,34000015258789;7000
2026-10-06;11:14:00;-03:00;19,34000015258789;19,350000381469727;19,329999923706055;19,329999923706055;21300
2026-10-06;11:15:00;-03:00;19,34000015258789;19,34000015258789;19,31999969482422;19,31999969482422;9700
2026-10-06;11:16:00;-03:00;19,31999969482422;19,329999923706055;19,31999969482422;19,329999923706055;18700
2026-10-06;11:17:00;-03:00;19,31999969482422;19,34000015258789;19,299999237060547;19,299999237060547;25000
2026-10-06;11:18:00;-03:00;19,309999465942383;19,309999465942383;19,25;19,270000457763672;27700
2026-10-06;11:19:00;-03:00;19,270000457763672;19,270000457763672;19,260000228881836;19,270000457763672;7500
2026-10-06;11:20:00;-03:00;19,280000686645508;19,280000686645508;19,270000457763672;19,270000457763672;10300
2026-10-06;11:21:00;-03:00;19,270000457763672;19,270000457763672;19,260000228881836;19,270000457763672;28500
2026-10-06;11:22:00;-03:00;19,270000457763672;19,270000457763672;19,229999542236328;19,229999542236328;38900
2026-10-06;11:23:00;-03:00;19,229999542236328;19,280000686645508;19,229999542236328;19,270000457763672;26500
2026-10-06;11:24:00;-03:00;19,280000686645508;19,299999237060547;19,260000228881836;19,280000686645508;24200
2026-10-06;11:25:00;-03:00;19,260000228881836;19,270000457763672;19,239999771118164;19,239999771118164;14700
2026-10-06;11:26:00;-03:00;19,239999771118164;19,25;19,190000534057617;19,190000534057617;42900
2026-10-06;11:27:00;-03:00;19,190000534057617;19,209999084472656;19,190000534057617;19,190000534057617;18700
2026-10-06;11:28:00;-03:00;19,200000762939453;19,200000762939453;19,190000534057617;19,190000534057617;22700
2026-10-06;11:29:00;-03:00;19,190000534057617;19,219999313354492;19,170000076293945;19,200000762939453;29700
2026-10-06;11:30:00;-03:00;19,209999084472656;19,219999313354492;19,209999084472656;19,209999084472656;8700
2026-10-06;11:31:00;-03:00;19,229999542236328;19,229999542236328;19,209999084472656;19,219999313354492;24700
2026-10-06;11:32:00;-03:00;19,209999084472656;19,260000228881836;19,200000762939453;19,239999771118164;41700
2026-10-06;11:33:00;-03:00;19,25;19,280000686645508;19,239999771118164;19,260000228881836;24000
2026-10-06;11:34:00;-03:00;19,280000686645508;19,309999465942383;19,270000457763672;19,299999237060547;26100
2026-10-06;11:35:00;-03:00;19,299999237060547;19,31999969482422;19,290000915527344;19,309999465942383;35800
2026-10-06;11:36:00;-03:00;19,31999969482422;19,31999969482422;19,290000915527344;19,309999465942383;14800
2026-10-06;11:37:00;-03:00;19,299999237060547;19,299999237060547;19,25;19,260000228881836;35000
2026-10-06;11:38:00;-03:00;19,25;19,25;19,239999771118164;19,25;18100
2026-10-06;11:39:00;-03:00;19,25;19,260000228881836;19,229999542236328;19,260000228881836;29300
2026-10-06;11:40:00;-03:00;19,270000457763672;19,280000686645508;19,260000228881836;19,270000457763672;22100
2026-10-06;11:41:00;-03:00;19,270000457763672;19,270000457763672;19,219999313354492;19,229999542236328;56100
2026-10-06;11:42:00;-03:00;19,229999542236328;19,239999771118164;19,219999313354492;19,229999542236328;34100
2026-10-06;11:43:00;-03:00;19,229999542236328;19,229999542236328;19,219999313354492;19,229999542236328;13200
2026-10-06;11:44:00;-03:00;19,229999542236328;19,229999542236328;19,190000534057617;19,190000534057617;30200
2026-10-06;11:45:00;-03:00;19,190000534057617;19,209999084472656;19,190000534057617;19,200000762939453;27800
2026-10-06;11:46:00;-03:00;19,200000762939453;19,209999084472656;19,18000030517578;19,200000762939453;21400
2026-10-06;11:47:00;-03:00;19,200000762939453;19,229999542236328;19,190000534057617;19,200000762939453;27500
2026-10-06;11:48:00;-03:00;19,190000534057617;19,200000762939453;19,170000076293945;19,170000076293945;36100
2026-10-06;11:49:00;-03:00;19,170000076293945;19,18000030517578;19,15999984741211;19,170000076293945;21500
2026-10-06;11:50:00;-03:00;19,170000076293945;19,190000534057617;19,149999618530273;19,15999984741211;27800
2026-10-06;11:51:00;-03:00;19,170000076293945;19,18000030517578;19,149999618530273;19,170000076293945;18200
2026-10-06;11:52:00;-03:00;19,170000076293945;19,200000762939453;19,149999618530273;19,15999984741211;59200
2026-10-06;11:53:00;-03:00;19,15999984741211;19,170000076293945;19,139999389648438;19,15999984741211;30600
2026-10-06;11:54:00;-03:00;19,15999984741211;19,15999984741211;19,139999389648438;19,15999984741211;23600
2026-10-06;11:55:00;-03:00;19,15999984741211;19,18000030517578;19,149999618530273;19,18000030517578;28700
2026-10-06;11:56:00;-03:00;19,170000076293945;19,18000030517578;19,110000610351562;19,1200008392334;22600
2026-10-06;11:57:00;-03:00;19,1200008392334;19,1299991607666;19,110000610351562;19,1299991607666;25900
2026-10-06;11:58:00;-03:00;19,1299991607666;19,149999618530273;19,1200008392334;19,149999618530273;20700
2026-10-06;11:59:00;-03:00;19,139999389648438;19,15999984741211;19,139999389648438;19,149999618530273;31700
2026-10-06;12:00:00;-03:00;19,149999618530273;19,18000030517578;19,149999618530273;19,18000030517578;26700
2026-10-06;12:01:00;-03:00;19,170000076293945;19,229999542236328;19,170000076293945;19,219999313354492;45900
2026-10-06;12:02:00;-03:00;19,209999084472656;19,219999313354492;19,200000762939453;19,219999313354492;33700
2026-10-06;12:03:00;-03:00;19,229999542236328;19,239999771118164;19,209999084472656;19,239999771118164;15900
2026-10-06;12:04:00;-03:00;19,239999771118164;19,25;19,219999313354492;19,229999542236328;27400
2026-10-06;12:05:00;-03:00;19,229999542236328;19,25;19,229999542236328;19,229999542236328;30100
2026-10-06;12:06:00;-03:00;19,239999771118164;19,260000228881836;19,229999542236328;19,25;17300
2026-10-06;12:07:00;-03:00;19,260000228881836;19,260000228881836;19,219999313354492;19,229999542236328;40400
2026-10-06;12:08:00;-03:00;19,219999313354492;19,239999771118164;19,209999084472656;19,209999084472656;30500
2026-10-06;12:09:00;-03:00;19,209999084472656;19,219999313354492;19,200000762939453;19,200000762939453;21200
2026-10-06;12:10:00;-03:00;19,209999084472656;19,219999313354492;19,200000762939453;19,219999313354492;34700
2026-10-06;12:11:00;-03:00;19,209999084472656;19,219999313354492;19,200000762939453;19,209999084472656;16400
2026-10-06;12:12:00;-03:00;19,200000762939453;19,219999313354492;19,200000762939453;19,200000762939453;28700
2026-10-06;12:13:00;-03:00;19,209999084472656;19,219999313354492;19,200000762939453;19,219999313354492;16300
2026-10-06;12:14:00;-03:00;19,219999313354492;19,229999542236328;19,209999084472656;19,229999542236328;30400
2026-10-06;12:15:00;-03:00;19,229999542236328;19,25;19,229999542236328;19,239999771118164;33700
2026-10-06;12:16:00;-03:00;19,229999542236328;19,239999771118164;19,219999313354492;19,239999771118164;17400
2026-10-06;12:17:00;-03:00;19,239999771118164;19,25;19,229999542236328;19,229999542236328;10900
2026-10-06;12:18:00;-03:00;19,239999771118164;19,25;19,229999542236328;19,239999771118164;21000
2026-10-06;12:19:00;-03:00;19,229999542236328;19,239999771118164;19,209999084472656;19,219999313354492;27700
2026-10-06;12:20:00;-03:00;19,219999313354492;19,25;19,209999084472656;19,239999771118164;39600
2026-10-06;12:21:00;-03:00;19,25;19,25;19,209999084472656;19,219999313354492;28700
2026-10-06;12:22:00;-03:00;19,229999542236328;19,229999542236328;19,200000762939453;19,209999084472656;28600
2026-10-06;12:23:00;-03:00;19,209999084472656;19,209999084472656;19,200000762939453;19,200000762939453;65900
2026-10-06;12:24:00;-03:00;19,219999313354492;19,239999771118164;19,200000762939453;19,239999771118164;24400
2026-10-06;12:25:00;-03:00;19,239999771118164;19,239999771118164;19,219999313354492;19,239999771118164;19700
2026-10-06;12:26:00;-03:00;19,239999771118164;19,239999771118164;19,219999313354492;19,239999771118164;19100
2026-10-06;12:27:00;-03:00;19,239999771118164;19,239999771118164;19,219999313354492;19,229999542236328;40500
2026-10-06;12:28:00;-03:00;19,219999313354492;19,229999542236328;19,209999084472656;19,219999313354492;19000
2026-10-06;12:29:00;-03:00;19,209999084472656;19,219999313354492;19,200000762939453;19,209999084472656;27000
2026-10-06;12:30:00;-03:00;19,209999084472656;19,209999084472656;19,149999618530273;19,149999618530273;113000
2026-10-06;12:31:00;-03:00;19,149999618530273;19,170000076293945;19,139999389648438;19,170000076293945;36000
2026-10-06;12:32:00;-03:00;19,170000076293945;19,170000076293945;19,149999618530273;19,15999984741211;15200
2026-10-06;12:33:00;-03:00;19,149999618530273;19,170000076293945;19,149999618530273;19,170000076293945;20400
2026-10-06;12:34:00;-03:00;19,15999984741211;19,170000076293945;19,15999984741211;19,15999984741211;11900
2026-10-06;12:35:00;-03:00;19,170000076293945;19,190000534057617;19,15999984741211;19,18000030517578;36500
2026-10-06;12:36:00;-03:00;19,170000076293945;19,18000030517578;19,15999984741211;19,170000076293945;23000
2026-10-06;12:37:00;-03:00;19,15999984741211;19,170000076293945;19,139999389648438;19,149999618530273;23400
2026-10-06;12:38:00;-03:00;19,139999389648438;19,149999618530273;19,1299991607666;19,139999389648438;14600
2026-10-06;12:39:00;-03:00;19,139999389648438;19,149999618530273;19,1299991607666;19,139999389648438;32000
2026-10-06;12:40:00;-03:00;19,139999389648438;19,15999984741211;19,139999389648438;19,15999984741211;32200
2026-10-06;12:41:00;-03:00;19,139999389648438;19,139999389648438;19,139999389648438;19,139999389648438;0
